bundle,target,seed,n,degree,kappa,count,last_step,last_loss_discrepancy,last_sample_gradient_error,last_fraction_preactivation_above_radius,last_coarse_discrete_derivative_error,last_tanh_at_reference_slope_gradient_defect,max_abs_loss_discrepancy,max_abs_sample_gradient_error,max_abs_fraction_preactivation_above_radius,max_abs_coarse_discrete_derivative_error,pointwise_p2_checks,pointwise_p2_violations,pointwise_p2_max_error_bound_ratio,pointwise_p4_checks,pointwise_p4_violations,pointwise_p4_max_error_bound_ratio,pointwise_p6_checks,pointwise_p6_violations,pointwise_p6_max_error_bound_ratio,pointwise_p8_checks,pointwise_p8_violations,pointwise_p8_max_error_bound_ratio,max_abs_tanh_at_reference_slope_gradient_defect
core_N128_s0,sine,0,128,0,0.0001,76,599980,-2.7755575615628914e-17,1.9686910785234423e-16,0.0,1.7121957832389636e-12,,1.1102230246251565e-16,1.290564584400913e-15,0.0,4.102861900415252e-06,76,0,0.19180118750338174,76,0,0.10198169622602356,76,0,0.06082466599615305,76,0,0.03947202995610766,
core_N128_s0,sine,0,128,0,0.001,76,599980,0.0,1.9706962790168396e-16,0.0,1.6548465106611847e-12,,1.1102230246251565e-16,1.2581766417469688e-15,0.0,3.950987224953126e-06,76,0,0.19180118750338174,76,0,0.10198169622602356,76,0,0.06082466599615305,76,0,0.03947202995610766,
core_N128_s0,sine,0,128,0,0.01,76,599980,0.0,1.79008237864387e-16,0.0,1.3335676632989038e-12,,5.551115123125783e-17,1.258220031138441e-15,0.0,2.5038253357986544e-06,76,0,0.19180118750338174,76,0,0.10198169622602356,76,0,0.06082466599615305,76,0,0.03947202995610766,
core_N128_s0,sine,0,128,0,0.1,76,599980,2.7755575615628914e-17,1.9435170919722875e-16,0.0,3.663954178985595e-12,,5.551115123125783e-17,1.2500602226680112e-15,0.0,1.4209725200861253e-05,76,0,0.19180118750338174,76,0,0.10198169622602356,76,0,0.06082466599615305,76,0,0.03947202995610766,
core_N128_s0,sine,0,128,0,1.0,76,599980,2.7755575615628914e-17,2.6091491440884404e-16,0.0,2.3452485325074076e-08,,1.1102230246251565e-16,1.2431790410803511e-15,0.0,0.00017625056681835514,76,0,0.19210623888395054,76,0,0.10198871627620086,76,0,0.06082466599615305,76,0,0.03947202995610766,
core_N128_s0,sine,0,128,0,10.0,76,599980,-6.938893903907228e-18,6.078836774499255e-16,0.003933836511299435,1.1480725720674607e-08,,5.551115123125783e-17,1.2180445578231826e-15,0.004099355579096045,0.0017972966284809106,76,0,0.19299615465088346,76,0,0.10232924861910503,76,0,0.060848001602655646,76,0,0.03947202995610766,
core_N128_s0,sine,0,128,0,100.0,76,599980,-4.336808689942018e-19,1.0063904579123245e-14,0.0024993379237288134,4.154332148308321e-07,,5.551115123125783e-17,1.0063904579123245e-14,0.0037490068855932203,0.018007807448477197,76,0,0.19319479006243426,76,0,0.10198169622602356,76,0,0.06082466599615305,76,0,0.03947202995610766,
core_N128_s0,runge,0,128,0,0.0001,76,599980,0.0,5.41438013065457e-17,0.008212504413841809,8.686024101982522e-11,,5.551115123125783e-17,1.824619441948811e-15,0.008212504413841809,7.422613550661857e-06,76,0,0.11773110936882743,76,0,0.06367682740672771,76,0,0.03929797617219136,76,0,0.026174585541202826,
core_N128_s0,runge,0,128,0,0.001,76,599980,0.0,5.804769237500168e-17,0.008058019950564972,8.282242589824289e-11,,2.7755575615628914e-17,1.847680490149992e-15,0.008058019950564972,7.176905344461035e-06,76,0,0.11775234126241159,76,0,0.06368811608994801,76,0,0.03930472446090324,76,0,0.026179960105378458,
core_N128_s0,runge,0,128,0,0.01,76,599980,0.0,5.2729482018254777e-17,0.0077352577683615815,5.47663063829458e-11,,5.551115123125783e-17,1.8354723302413703e-15,0.0077352577683615815,5.031205216861741e-06,76,0,0.11796024073066731,76,0,0.06379867778297886,76,0,0.039370820405768586,76,0,0.026233029547566754,
core_N128_s0,runge,0,128,0,0.1,76,599980,2.6020852139652106e-18,4.236929349217021e-17,0.00662352136299435,2.122705663246245e-10,,2.7755575615628914e-17,1.8308141186813956e-15,0.00662352136299435,2.7038681344811233e-05,76,0,0.11960635367888453,76,0,0.06468553571777572,76,0,0.04004648350999569,76,0,0.026695599221815136,
core_N128_s0,runge,0,128,0,1.0,76,599980,1.734723475976807e-18,3.1995400069406785e-17,0.003939353813559322,5.041931216029036e-10,,5.551115123125783e-17,1.7014754525305098e-15,0.003939353813559322,0.0003233597593474436,76,0,0.1272940851997859,76,0,0.06925688220138167,76,0,0.04326076704855879,76,0,0.02913390434686104,
core_N128_s0,runge,0,128,0,10.0,76,599980,-8.673617379884035e-19,1.3238141293400365e-16,0.003406934145480226,5.655639316937382e-10,,2.7755575615628914e-17,1.7014754525305098e-15,0.003406934145480226,0.003289397068753115,76,0,0.1338420677093559,76,0,0.07330720527362242,76,0,0.04628379095940879,76,0,0.031600274256084346,
core_N128_s0,runge,0,128,0,100.0,76,599980,-1.5178830414797062e-18,9.876888496384995e-17,0.0038372837217514125,9.492229861763591e-10,,1.3877787807814457e-17,1.7014754525305098e-15,0.0038372837217514125,0.0329500008957716,76,0,0.14398701783818,76,0,0.07891412356658675,76,0,0.0498410968847395,76,0,0.03402314944823142,
core_N128_s0,moment3,0,128,0,0.0001,76,599980,-2.7755575615628914e-17,5.088462908997536e-16,0.028494107521186442,1.0424838256198396e-09,,2.220446049250313e-16,1.1796131354963602e-15,0.028494107521186442,5.4714805184639105e-06,76,0,0.14838125355401674,76,0,0.11617679374219776,76,0,0.08724829750594434,76,0,0.06597801800359197,
core_N128_s0,moment3,0,128,0,0.001,76,599980,-2.7755575615628914e-17,3.2000260204984204e-16,0.026952021539548024,6.421787880327625e-10,,1.1102230246251565e-16,1.2011194360871905e-15,0.026952021539548024,5.309201667885511e-06,76,0,0.14838688974208467,76,0,0.1161815857426202,76,0,0.08725325325683353,76,0,0.06598280072482973,
core_N128_s0,moment3,0,128,0,0.01,76,599980,0.0,1.5487876413937582e-16,0.0184912385240113,1.8051244616576886e-09,,1.1102230246251565e-16,1.1662016107331585e-15,0.0184912385240113,3.938864189303252e-06,76,0,0.14844181961213182,76,0,0.11622835479592973,76,0,0.08730193315765243,76,0,0.06602994194716012,
core_N128_s0,moment3,0,128,0,0.1,76,599980,1.0408340855860843e-17,1.623404352500695e-16,0.008604232874293785,5.272551531958513e-10,,2.220446049250313e-16,1.192301996146836e-15,0.008604232874293785,1.926044846225975e-05,76,0,0.14885742067564997,76,0,0.11659023870772796,76,0,0.08770765019907378,76,0,0.06644361098272861,
core_N128_s0,moment3,0,128,0,1.0,76,599980,5.204170427930421e-18,2.159061387583176e-16,0.0041793564618644065,1.3898068110860423e-10,,1.1102230246251565e-16,1.130095848044215e-15,0.0041793564618644065,0.00022834942615317883,76,0,0.151250095739807,76,0,0.11843712577953547,76,0,0.08952192837524701,76,0,0.06838694124536412,
core_N128_s0,moment3,0,128,0,10.0,76,599980,1.1275702593849246e-17,1.7956679629215505e-15,0.0,3.742781844236227e-10,,1.1102230246251565e-16,1.7956679629215505e-15,0.0015393273305084746,0.002321996499453022,76,0,0.15381936837846,76,0,0.12027096098116959,76,0,0.09093180851640861,76,0,0.06957706823990874,
core_N128_s0,moment3,0,128,0,100.0,76,599980,9.540979117872439e-18,6.001411899255871e-15,0.0,0.0301329240563288,,1.1102230246251565e-16,7.854930019313508e-15,2.758651129943503e-06,0.08638320075162653,76,0,0.156152003774597,76,0,0.12202373143163442,76,0,0.09216047928670584,76,0,0.07111228442467622,
core_N128_s0,moment5,0,128,0,0.0001,76,599980,0.0,2.247950016918505e-16,0.0,7.755932173841403e-14,,1.1102230246251565e-16,1.4037947186273181e-15,0.0,5.45386172872816e-06,76,0,0.04017776314573118,76,0,0.04184310951876699,76,0,0.04091801937380648,76,0,0.03703910562646406,
core_N128_s0,moment5,0,128,0,0.001,76,599980,-5.551115123125783e-17,2.1233098237269854e-16,0.0,8.60421229230057e-15,,2.220446049250313e-16,1.3803145259884442e-15,0.0,5.292048086830321e-06,76,0,0.04017776314573118,76,0,0.04184515243128784,76,0,0.0409204744453579,76,0,0.03704184522016527,
core_N128_s0,moment5,0,128,0,0.01,76,599980,-5.551115123125783e-17,2.1096642516462828e-16,0.0,4.832466896736649e-14,,1.1102230246251565e-16,1.4395991429346171e-15,0.0,3.9271284452476985e-06,76,0,0.04017776314573118,76,0,0.04186540284357591,76,0,0.04094471273679525,76,0,0.03706892423915309,
core_N128_s0,moment5,0,128,0,0.1,76,599980,0.0,2.353638533733778e-16,0.0,6.728449717661265e-14,,1.1102230246251565e-16,1.4181760032127357e-15,0.0,1.9237433056234958e-05,76,0,0.04018593066998177,76,0,0.042050352205576756,76,0,0.04115703295037101,76,0,0.03730914236903934,
core_N128_s0,moment5,0,128,0,1.0,76,599980,0.0,2.0989181047183547e-16,0.0,1.4068814091724413e-13,,1.1102230246251565e-16,1.3605656729182565e-15,0.0,0.00022795992812662467,76,0,0.04055242130647929,76,0,0.04300710744820232,76,0,0.04218841789031007,76,0,0.03844916372070248,
core_N128_s0,moment5,0,128,0,10.0,76,599980,0.0,2.1835352886642817e-16,0.0,1.3095268744852583e-13,,1.1102230246251565e-16,1.3605656729182565e-15,0.0,0.002317936740838368,76,0,0.04130941712808247,76,0,0.04408182069806419,76,0,0.04323348066497052,76,0,0.03937567338523907,
core_N128_s0,moment5,0,128,0,100.0,76,599980,0.0,2.283436835178951e-16,0.0,8.556175680401006e-13,,5.551115123125783e-17,1.3605656729182565e-15,0.0,0.023217931246098382,76,0,0.04230956447620061,76,0,0.04540077098687689,76,0,0.044057385223227746,76,0,0.039916404913751764,
core_N128_s0,moment9,0,128,0,0.0001,76,599980,0.0,1.0803343785528642e-16,0.0,4.2991898684945243e-14,,1.1102230246251565e-16,1.2690454339057478e-15,0.0,5.453920261103036e-06,76,0,0.040526587380074974,76,0,0.02235529698872783,76,0,0.014195133741206288,76,0,0.010551427527768518,
core_N128_s0,moment9,0,128,0,0.001,76,599980,5.551115123125783e-17,1.1624743685878103e-16,0.0,1.1383647913482331e-14,,1.1102230246251565e-16,1.2312568039316423e-15,0.0,5.292105090214822e-06,76,0,0.040526587380074974,76,0,0.02235529698872783,76,0,0.014195133741206288,76,0,0.010551427527768518,
core_N128_s0,moment9,0,128,0,0.01,76,599980,-5.551115123125783e-17,1.1941548182093687e-16,0.0,1.871576939862708e-14,,1.1102230246251565e-16,1.2546428928723677e-15,0.0,3.92716540230842e-06,76,0,0.040526587380074974,76,0,0.02235529698872783,76,0,0.014195133741206288,76,0,0.010551427527768518,
core_N128_s0,moment9,0,128,0,0.1,76,599980,0.0,1.166852795462655e-16,0.0,7.93272107693783e-14,,2.220446049250313e-16,1.2665623024394486e-15,0.0,1.9237462251108568e-05,76,0,0.04053953971625288,76,0,0.02235529698872783,76,0,0.014195133741206288,76,0,0.010551427527768518,
core_N128_s0,moment9,0,128,0,1.0,76,599980,0.0,1.3063257940661362e-16,0.0,5.950004976848688e-14,,1.1102230246251565e-16,1.325791870948363e-15,0.0,0.0002279608171123325,76,0,0.04092734081441289,76,0,0.02251875427602235,76,0,0.01426017363382705,76,0,0.010611550165570386,
core_N128_s0,moment9,0,128,0,10.0,76,599980,0.0,1.2209585225949286e-16,0.0,7.589343117372517e-14,,1.1102230246251565e-16,1.1565711603519789e-15,0.0,0.002317946238394063,76,0,0.04170439228318747,76,0,0.022951908701813645,76,0,0.014543186501185856,76,0,0.010864218291541073,
core_N128_s0,moment9,0,128,0,100.0,76,599980,-5.551115123125783e-17,1.1839372973267654e-16,0.0,7.70869229117187e-14,,1.1102230246251565e-16,1.1565711603519789e-15,0.0,0.023218026830302742,76,0,0.04273808963812048,76,0,0.023506832744672912,76,0,0.014894022801335003,76,0,0.011170772585740367,
core_N128_s0,sine,0,128,1,0.0001,76,599980,5.551115123125783e-17,1.479633616693596e-16,0.0,3.256409344184845e-15,0.005090799188192887,1.1102230246251565e-16,2.6831189594561122e-15,0.0,1.9444610043268668e-08,,,,,,,,,,,,,0.012725960046008932
core_N128_s0,sine,0,128,1,0.001,76,599980,5.551115123125783e-17,1.45414456758059e-16,0.0,3.2633870159565752e-15,0.0050909076791458155,1.1102230246251565e-16,2.834477829810943e-15,0.0,1.9444624069665674e-07,,,,,,,,,,,,,0.012725960046008932
core_N128_s0,sine,0,128,1,0.01,76,599980,8.326672684688674e-17,1.6624897820676304e-16,0.0,3.29753074433834e-15,0.005091823643935655,1.1102230246251565e-16,2.4817207037904635e-15,0.0,1.9444624618722316e-06,,,,,,,,,,,,,0.012725960046008932
core_N128_s0,sine,0,128,1,0.1,76,599980,5.551115123125783e-17,1.5880408900688665e-16,0.0,1.8534784418255825e-15,0.005087071519742843,1.1102230246251565e-16,1.737248725875218e-15,0.0,1.944462450305026e-05,,,,,,,,,,,,,0.012725960046008932
core_N128_s0,sine,0,128,1,1.0,76,599980,5.551115123125783e-17,1.1378397393039032e-16,0.0,3.0151306655620334e-16,0.004743392475253449,1.1102230246251565e-16,1.8104961300318e-15,0.0,0.0001944462449929995,,,,,,,,,,,,,0.012725960046008932
core_N128_s0,sine,0,128,1,10.0,76,599980,5.551115123125783e-17,1.7149180106807632e-16,0.0,8.35566010308473e-16,0.004105896552432324,8.326672684688674e-17,1.9957483988088126e-15,0.0,0.0019444624503447382,,,,,,,,,,,,,0.012725960046008932
core_N128_s0,sine,0,128,1,100.0,76,599980,5.551115123125783e-17,1.703029118142981e-16,0.0,2.4192654481417518e-14,0.003982826937480642,5.551115123125783e-17,1.304329156970811e-15,0.0,0.019444624503237824,,,,,,,,,,,,,0.012725960046008932
core_N128_s0,runge,0,128,1,0.0001,76,599980,-6.938893903907228e-18,1.0993618136159866e-16,0.0,4.803012491331064e-16,0.0026533564474342883,5.551115123125783e-17,3.4788644204931287e-15,0.0,3.501988192131789e-08,,,,,,,,,,,,,0.008172119595279373
core_N128_s0,runge,0,128,1,0.001,76,599980,0.0,1.238219985543913e-16,0.0,4.843007180059013e-16,0.0026539134861367194,5.551115123125783e-17,4.615809623570808e-15,0.0,3.5019868077019533e-07,,,,,,,,,,,,,0.008172119595279373
core_N128_s0,runge,0,128,1,0.01,76,599980,6.938893903907228e-18,1.251836176623609e-16,0.0,1.1007425222609238e-15,0.0026592968422789317,1.1102230246251565e-16,2.862907076694306e-15,0.0,3.5019868330706363e-06,,,,,,,,,,,,,0.008172119595279373
core_N128_s0,runge,0,128,1,0.1,76,599980,0.0,1.1515725185761657e-16,0.0,7.616725984952206e-16,0.002697557178940803,8.326672684688674e-17,3.9585963936044916e-15,0.0,3.5019868769553135e-05,,,,,,,,,,,,,0.008172119595279373
core_N128_s0,runge,0,128,1,1.0,76,599980,-6.938893903907228e-18,1.1337435597367828e-16,0.0,7.080578781304464e-16,0.002654205377253432,8.326672684688674e-17,3.172942456463634e-15,0.0,0.00035019868731722367,,,,,,,,,,,,,0.008172119595279373
core_N128_s0,runge,0,128,1,10.0,76,599980,0.0,1.3403645132384453e-16,0.0,2.0222254000435082e-15,0.002397583217480376,2.7755575615628914e-17,1.5317281506020826e-15,0.0,0.0035019868732620077,,,,,,,,,,,,,0.008172119595279373
core_N128_s0,runge,0,128,1,100.0,76,599980,6.938893903907228e-18,1.2206445690261175e-16,0.0,3.677331191262043e-16,0.0023394199258325284,1.3877787807814457e-17,9.829532813606276e-16,0.0,0.03501986873284176,,,,,,,,,,,,,0.008172119595279373
core_N128_s0,moment3,0,128,1,0.0001,76,599980,0.0,3.0561769143063514e-16,0.0,3.5951662439741473e-16,0.002747825752159703,1.1102230246251565e-16,1.8937731135335536e-15,0.0,2.4697308691582286e-08,,,,,,,,,,,,,0.006925933495954547
core_N128_s0,moment3,0,128,1,0.001,76,599980,0.0,2.530368762937191e-16,0.0,3.5999603054892877e-16,0.0027475778512117497,2.220446049250313e-16,2.2181337070260174e-15,0.0,2.469732708890953e-07,,,,,,,,,,,,,0.006925933495954547
core_N128_s0,moment3,0,128,1,0.01,76,599980,0.0,2.845962728484911e-16,0.0,1.2646350103925568e-16,0.0027451183505830187,2.220446049250313e-16,1.605889665191036e-15,0.0,2.4697333241565787e-06,,,,,,,,,,,,,0.006925933495954547
core_N128_s0,moment3,0,128,1,0.1,76,599980,5.551115123125783e-17,2.3998689070311365e-16,0.0,2.7708827303739616e-16,0.0027223962287527595,2.220446049250313e-16,1.8944997926117035e-15,0.0,2.4697333481082197e-05,,,,,,,,,,,,,0.006925933495954547
core_N128_s0,moment3,0,128,1,1.0,76,599980,5.551115123125783e-17,2.8838063156443813e-16,0.0,1.9837465618978288e-16,0.002606956229474384,2.220446049250313e-16,2.0342865201569983e-15,0.0,0.000246973334868332,,,,,,,,,,,,,0.006925933495954547
core_N128_s0,moment3,0,128,1,10.0,76,599980,1.1102230246251565e-16,2.8295076841961194e-16,0.0,4.060649779142592e-15,0.0025139650085355585,1.1102230246251565e-16,1.2699785177090531e-15,0.0,0.0024697333489849655,,,,,,,,,,,,,0.006925933495954547
core_N128_s0,moment3,0,128,1,100.0,76,599980,5.551115123125783e-17,2.498113166080593e-16,0.0,0.0,0.0025008113346616213,1.1102230246251565e-16,7.768063425910308e-16,0.0,0.024697333490111557,,,,,,,,,,,,,0.006925933495954547
core_N128_s0,moment5,0,128,1,0.0001,76,599980,-1.1102230246251565e-16,4.05710590234889e-16,0.0,3.6117653849892225e-16,0.004126921487721806,2.220446049250313e-16,3.6405176915458264e-15,0.0,2.4697363580227137e-08,,,,,,,,,,,,,0.006455370267654208
core_N128_s0,moment5,0,128,1,0.001,76,599980,-1.1102230246251565e-16,4.0021240061142465e-16,0.0,3.6165205544357145e-16,0.004126704864349942,1.6653345369377348e-16,2.52967021246516e-15,0.0,2.4697332577774844e-07,,,,,,,,,,,,,0.006455370267654208
core_N128_s0,moment5,0,128,1,0.01,76,599980,-1.1102230246251565e-16,3.8994027869541707e-16,0.0,1.4014375077476649e-16,0.004124544208033057,2.220446049250313e-16,2.5590879980260806e-15,0.0,2.469733379045232e-06,,,,,,,,,,,,,0.006455370267654208
core_N128_s0,moment5,0,128,1,0.1,76,599980,-1.1102230246251565e-16,3.909432730364274e-16,0.0,2.7708827303739616e-16,0.004103717057608014,2.220446049250313e-16,3.1617025803911062e-15,0.0,2.469733353597085e-05,,,,,,,,,,,,,0.006455370267654208
core_N128_s0,moment5,0,128,1,1.0,76,599980,-1.1102230246251565e-16,5.171933984532808e-16,0.0,1.9837465618978285e-16,0.003984636385999992,1.1102230246251565e-16,2.0353957091449784e-15,0.0,0.00024697333492233313,,,,,,,,,,,,,0.006455370267654208
core_N128_s0,moment5,0,128,1,10.0,76,599980,-1.1102230246251565e-16,4.0953891709270524e-16,0.0,4.213405356409062e-15,0.003884168046225825,1.1102230246251565e-16,1.905485501863868e-15,0.0,0.0024697333490340816,,,,,,,,,,,,,0.006455370267654208
core_N128_s0,moment5,0,128,1,100.0,76,599980,-1.1102230246251565e-16,4.664377447069365e-16,0.0,4.5085902679734646e-14,0.0038702203315435202,1.6653345369377348e-16,1.1759679319664899e-15,0.0,0.024697333490142852,,,,,,,,,,,,,0.006455370267654208
core_N128_s0,moment9,0,128,1,0.0001,76,599980,0.0,1.958455222380901e-16,0.0,4.804082672803542e-14,0.004118708516371805,1.1102230246251565e-16,1.877277787390324e-15,0.0,2.4697308475794588e-08,,,,,,,,,,,,,0.006455365104758731
core_N128_s0,moment9,0,128,1,0.001,76,599980,0.0,2.358101710349347e-16,0.0,4.804078534496207e-14,0.0041184922082993635,2.220446049250313e-16,2.682254614433211e-15,0.0,2.469733260068474e-07,,,,,,,,,,,,,0.006455365104758731
core_N128_s0,moment9,0,128,1,0.01,76,599980,-5.551115123125783e-17,3.2378153918016647e-16,0.0,1.4014375077476649e-16,0.004116334689444538,1.1102230246251565e-16,2.2106487124952435e-15,0.0,2.4697333239407907e-06,,,,,,,,,,,,,0.006455365104758731
core_N128_s0,moment9,0,128,1,0.1,76,599980,0.0,2.344741200645219e-16,0.0,2.7708827303739616e-16,0.004095537650178222,2.220446049250313e-16,2.5086825268137043e-15,0.0,2.4697333480867518e-05,,,,,,,,,,,,,0.006455365104758731
core_N128_s0,moment9,0,128,1,1.0,76,599980,-5.551115123125783e-17,1.444601147533658e-16,0.0,1.9837465618978288e-16,0.003976686419247896,2.220446049250313e-16,2.1775234922439934e-15,0.0,0.0002469733348681207,,,,,,,,,,,,,0.006455365104758731
core_N128_s0,moment9,0,128,1,10.0,76,599980,-5.551115123125783e-17,2.975025397299144e-16,0.0,4.213405356409062e-15,0.0038766581680511254,1.1102230246251565e-16,1.5761343707024777e-15,0.0,0.0024697333490414555,,,,,,,,,,,,,0.006455365104758731
core_N128_s0,moment9,0,128,1,100.0,76,599980,0.0,4.3831678566433377e-16,0.0,4.5085902679734646e-14,0.0038628317500677034,5.551115123125783e-17,5.898594054318619e-16,0.0,0.024697333490198606,,,,,,,,,,,,,0.006455365104758731
core_N128_s0,sine,0,128,3,0.0001,76,599980,5.551115123125783e-17,2.636642646955906e-16,0.0,2.2292477654157962e-12,4.2273463867929785e-05,1.1102230246251565e-16,1.3449661489345883e-15,0.0,4.2670510050605775e-06,,,,,,,,,,,,,0.0004910447810061683
core_N128_s0,sine,0,128,3,0.001,76,599980,5.551115123125783e-17,2.5057183490504823e-16,0.0,2.2170650083452345e-12,4.226418553755004e-05,1.1102230246251565e-16,1.2560047837371398e-15,0.0,4.115571292860433e-06,,,,,,,,,,,,,0.0004910447810061683
core_N128_s0,sine,0,128,3,0.01,76,599980,0.0,2.2241515703461235e-16,0.0,1.733183104062567e-12,4.2172609198595245e-05,8.326672684688674e-17,1.3205222118544404e-15,0.0,2.6683472233996723e-06,,,,,,,,,,,,,0.0004910447810061683
core_N128_s0,sine,0,128,3,0.1,76,599980,5.551115123125783e-17,2.6836921257761775e-16,0.0,3.954977235830769e-12,4.16769077029884e-05,1.1102230246251565e-16,1.3706033576272946e-15,0.0,1.4034027359787692e-05,,,,,,,,,,,,,0.0004910447810061683
core_N128_s0,sine,0,128,3,1.0,76,599980,-1.6653345369377348e-16,5.159583823576199e-16,0.0005903513418079096,4.0373578604974174e-14,0.2536818636306555,1.6653345369377348e-16,1.2906352002534672e-15,0.0005903513418079096,0.0001757740798927181,,,,,,,,,,,,,0.2536818636306555
core_N128_s0,sine,0,128,3,10.0,76,599980,-1.942890293094024e-16,7.721692250717278e-16,0.0,5.1036003673359775e-14,0.29087724836890305,2.220446049250313e-16,1.2214454635062189e-15,0.0,0.0017938828667007829,,,,,,,,,,,,,0.29087724836890305
core_N128_s0,sine,0,128,3,100.0,76,599980,-2.220446049250313e-16,3.32415281915498e-15,0.0,1.343073922660858e-13,0.42578039938690015,2.498001805406602e-16,3.32415281915498e-15,0.0,0.017975025892510488,,,,,,,,,,,,,0.42578039938690015
core_N128_s0,runge,0,128,3,0.0001,76,599980,1.3877787807814457e-17,2.5202607021780015e-16,0.004433152365819209,2.36667716051409e-11,0.13816372080379388,1.1102230246251565e-16,1.7721571137439689e-15,0.004433152365819209,7.710226358992208e-06,,,,,,,,,,,,,0.1701689326175322
core_N128_s0,runge,0,128,3,0.001,76,599980,-2.7755575615628914e-17,2.920176893922683e-16,0.004400048552259887,2.493502198260011e-11,0.13972597560581776,5.551115123125783e-17,1.8317996382817734e-15,0.004400048552259887,7.465260443542045e-06,,,,,,,,,,,,,0.171129907494734
core_N128_s0,runge,0,128,3,0.01,76,599980,-2.42861286636753e-17,2.3059554305776583e-16,0.004091079625706214,3.804080756895475e-11,0.1531367716031542,5.551115123125783e-17,1.7663129779336514e-15,0.004091079625706214,5.311103001281761e-06,,,,,,,,,,,,,0.17829684394171139
core_N128_s0,runge,0,128,3,0.1,76,599980,-2.7755575615628914e-17,1.6419497576036474e-16,0.0028910663841807908,1.0453130570343453e-10,0.22042298338523636,5.551115123125783e-17,1.790296666166697e-15,0.0028910663841807908,2.6799852788328708e-05,,,,,,,,,,,,,0.2224235944941017
core_N128_s0,runge,0,128,3,1.0,76,599980,-2.0816681711721685e-17,1.7647764355361048e-16,0.0015282927259887005,6.859344191100249e-11,0.3226018069748816,5.551115123125783e-17,1.7728861956745652e-15,0.0015282927259887005,0.00032271226053843936,,,,,,,,,,,,,0.3226018069748816
core_N128_s0,runge,0,128,3,10.0,76,599980,-2.7755575615628914e-17,4.961310574083601e-16,0.0,1.439664163314216e-13,0.22553390696651485,5.551115123125783e-17,1.6631800345905989e-15,0.0,0.003284945314525341,,,,,,,,,,,,,0.23592106642218594
core_N128_s0,runge,0,128,3,100.0,76,599980,0.0,2.117166727615242e-15,0.0,2.458591056206708e-13,0.1748653754831059,5.551115123125783e-17,2.5825332802951685e-15,0.0,0.03290752758096756,,,,,,,,,,,,,0.21239510926591673
core_N128_s0,moment3,0,128,3,0.0001,76,599980,-4.996003609778652e-16,6.34505721774472e-15,0.005605579096045198,2.3926656032703494e-13,1.3141825083632446,6.344748284427477e-16,8.704450713149221e-15,0.005605579096045198,5.673646275632969e-06,,,,,,,,,,,,,1.3141825083632446
core_N128_s0,moment3,0,128,3,0.001,76,599980,-7.216449659125365e-16,1.0819367109179867e-14,0.005373852401129944,2.6027659792124356e-13,1.3006698088696043,8.326672683726157e-16,1.0819367109179867e-14,0.005373852401129944,5.511874251226446e-06,,,,,,,,,,,,,1.3006698088696043
core_N128_s0,moment3,0,128,3,0.01,76,599980,-7.771561172214391e-16,8.13247853382753e-15,0.0043090130649717515,1.6117684289354623e-13,1.2388394647952772,7.847455324450081e-16,8.13247853382753e-15,0.0043090130649717515,4.134752312791414e-06,,,,,,,,,,,,,1.2388394647952772
core_N128_s0,moment3,0,128,3,0.1,76,599980,-5.551115123039433e-16,1.3638669679055727e-15,0.0026262358757062148,1.937008471460634e-13,1.1193581060357234,8.881784196913885e-16,3.713753098254167e-15,0.0026262358757062148,1.911271478055363e-05,,,,,,,,,,,,,1.1193581060357234
core_N128_s0,moment3,0,128,3,1.0,76,599980,-4.440892098455204e-16,1.026760288105922e-15,0.0017379502118644067,1.8933992749737844e-13,1.0358306656792273,8.326672684641729e-16,1.6064499645435926e-15,0.0017379502118644067,0.0002279294698843779,,,,,,,,,,,,,1.0358306656792273
core_N128_s0,moment3,0,128,3,10.0,76,599980,-6.661338147743381e-16,2.3147728934583203e-15,0.0006979387358757062,4.949344904039409e-14,1.425296210053787,7.216449660055958e-16,2.3147728934583203e-15,0.0006979387358757062,0.0023191102534417347,,,,,,,,,,,,,1.4252962100537871
core_N128_s0,moment3,0,128,3,100.0,76,599980,-6.106226635436458e-16,4.849539019798086e-15,0.0,1.05328639982472e-13,2.6578614095891564,7.216449660061378e-16,4.849539019798086e-15,0.0,0.02323116404065626,,,,,,,,,,,,,2.6578614095891564
core_N128_s0,moment5,0,128,3,0.0001,76,599980,-1.6653345369377348e-16,4.908054077105808e-16,0.0,5.916679811551194e-14,6.909457940103464e-05,1.6653345369377348e-16,1.5129166737106378e-15,0.0,5.653543568986431e-06,,,,,,,,,,,,,0.0002683174977853091
core_N128_s0,moment5,0,128,3,0.001,76,599980,-1.1102230246251565e-16,5.997070489224934e-16,0.0,5.2628506211174274e-14,6.908780683220948e-05,2.220446049250313e-16,1.5511916620839855e-15,0.0,5.492264172696941e-06,,,,,,,,,,,,,0.0002683174977853091
core_N128_s0,moment5,0,128,3,0.01,76,599980,-1.6653345369377348e-16,7.210909332734126e-16,0.0,6.97317244215223e-14,6.902136864646245e-05,2.220446049250313e-16,1.6025227959168383e-15,0.0,4.120880088842803e-06,,,,,,,,,,,,,0.0002683174977853091
core_N128_s0,moment5,0,128,3,0.1,76,599980,-1.1102230246251565e-16,5.492280544893277e-16,0.0,4.2854695154766516e-14,6.846507974621231e-05,2.220446049250313e-16,1.5098708934743066e-15,0.0,1.9089425226456904e-05,,,,,,,,,,,,,0.0002683174977853091
core_N128_s0,moment5,0,128,3,1.0,76,599980,-5.551115123125783e-17,4.733495795584124e-16,0.0,3.0498481400485665e-14,6.664857464593438e-05,1.6653345369377348e-16,1.436742986019707e-15,0.0,0.00022751794266736197,,,,,,,,,,,,,0.0002683174977853091
core_N128_s0,moment5,0,128,3,10.0,76,599980,-1.1102230246251565e-16,4.941336539050756e-16,0.0,5.3908292568364663e-14,6.66389858197841e-05,1.6653345369377348e-16,1.435607030351822e-15,0.0,0.0023148090198477824,,,,,,,,,,,,,0.0002683174977853091
core_N128_s0,moment5,0,128,3,100.0,76,599980,-1.1102230246251565e-16,4.791102241899073e-16,0.0,3.616383087701351e-14,6.641207586571811e-05,1.6653345369377348e-16,1.3685299112198704e-15,0.0,0.023187965305643887,,,,,,,,,,,,,0.0002683174977853091
core_N128_s0,moment9,0,128,3,0.0001,76,599980,-5.551115123125783e-17,2.509828434246305e-16,0.0,2.8289283168418157e-14,7.624955782742011e-05,1.6653345369377348e-16,1.3962023356575434e-15,0.0,5.653543476405737e-06,,,,,,,,,,,,,0.0002683132882734628
core_N128_s0,moment9,0,128,3,0.001,76,599980,-5.551115123125783e-17,3.1108123068421135e-16,0.0,8.309588595385357e-14,7.6242669031136e-05,1.1102230246251565e-16,1.29120190046697e-15,0.0,5.4922640815994295e-06,,,,,,,,,,,,,0.0002683132882734628
core_N128_s0,moment9,0,128,3,0.01,76,599980,-1.1102230246251565e-16,4.004246614018058e-16,0.0,4.475645451250843e-14,7.617507342933172e-05,1.1102230246251565e-16,1.301276685789892e-15,0.0,4.120880088977227e-06,,,,,,,,,,,,,0.0002683132882734628
core_N128_s0,moment9,0,128,3,0.1,76,599980,0.0,2.349099991583491e-16,0.0,1.8376197811402416e-14,7.560749854799683e-05,1.1102230246251565e-16,1.372439837232224e-15,0.0,1.908942527986682e-05,,,,,,,,,,,,,0.0002683132882734628
core_N128_s0,moment9,0,128,3,1.0,76,599980,0.0,2.3361764452685313e-16,0.0,3.049504965069879e-14,7.36819505512997e-05,1.1102230246251565e-16,1.3233733189308184e-15,0.0,0.00022751794266739344,,,,,,,,,,,,,0.0002683132882734628
core_N128_s0,moment9,0,128,3,10.0,76,599980,-5.551115123125783e-17,2.0349462387763199e-16,0.0,3.159219389664276e-14,7.335902516412069e-05,1.1102230246251565e-16,1.270439272441849e-15,0.0,0.0023148090199575787,,,,,,,,,,,,,0.0002683132882734628
core_N128_s0,moment9,0,128,3,100.0,76,599980,0.0,2.82181181729213e-16,0.0,2.7701605868696847e-14,7.280944575717939e-05,1.1102230246251565e-16,1.270439272441849e-15,0.0,0.023187965305727812,,,,,,,,,,,,,0.0002683132882734628
core_N128_s0,sine,0,128,5,0.0001,76,599980,5.551115123125783e-17,2.6123377521594837e-16,0.0,1.6770763710738368e-12,2.0659855705170985e-06,8.326672684688674e-17,1.3117501393903023e-15,0.0,4.096455771070801e-06,,,,,,,,,,,,,2.1721223804232797e-05
core_N128_s0,sine,0,128,5,0.001,76,599980,2.7755575615628914e-17,2.4857184433431497e-16,0.0,1.690793775058908e-12,2.0655784385692473e-06,1.1102230246251565e-16,1.3310906002854109e-15,0.0,3.944565165993801e-06,,,,,,,,,,,,,2.1721223804232797e-05
core_N128_s0,sine,0,128,5,0.01,76,599980,2.7755575615628914e-17,2.4760947737901895e-16,0.0,1.306235842896773e-12,2.061533219470136e-06,8.326672684688674e-17,1.285988352439129e-15,0.0,2.497381508262986e-06,,,,,,,,,,,,,2.1721223804232797e-05
core_N128_s0,sine,0,128,5,0.1,76,599980,5.551115123125783e-17,2.458308978714356e-16,0.0,3.713557052675455e-12,2.0279587951765547e-06,1.1102230246251565e-16,1.3015512827529338e-15,0.0,1.421611166854295e-05,,,,,,,,,,,,,2.1721223804232797e-05
core_N128_s0,sine,0,128,5,1.0,76,599980,-2.7755575615628914e-17,3.385812330224564e-16,0.0,1.9897757361801333e-07,0.025406614638290276,8.326672684688674e-17,1.2761250962182497e-15,0.0,0.0001762653643622849,,,,,,,,,,,,,0.025406614638290276
core_N128_s0,sine,0,128,5,10.0,76,599980,-1.1345091532888318e-14,6.388205508898182e-14,0.0,6.6387361480461354e-12,8.194088018234375,1.1345091532888318e-14,7.898815968638267e-14,0.0,0.0017973926823872173,,,,,,,,,,,,,8.194088018234375
core_N128_s0,sine,0,128,5,100.0,76,599980,-8.916478666520788e-15,6.03863221692995e-14,0.0,7.222470467139811e-13,10.941566739614993,1.1258355359089478e-14,7.143420948597801e-14,0.0,0.018008715861292053,,,,,,,,,,,,,10.941567690648343
core_N128_s0,runge,0,128,5,0.0001,76,599980,1.3877787807814457e-17,4.1561364403389565e-16,0.0,1.1336348892219186e-10,0.010092078111537964,5.551115123125783e-17,1.790383105975815e-15,0.0,7.411885796314781e-06,,,,,,,,,,,,,0.013551106876990151
core_N128_s0,runge,0,128,5,0.001,76,599980,2.7755575615628914e-17,3.4555806424195855e-16,0.0,1.0494226739343697e-10,0.010625094223948322,5.551115123125783e-17,1.864162109130002e-15,0.0,7.166143907724327e-06,,,,,,,,,,,,,0.013835467938070257
core_N128_s0,runge,0,128,5,0.01,76,599980,-1.734723475976807e-18,1.081039872066922e-16,0.0,4.353625265212339e-11,0.015796694811483027,5.551115123125783e-17,1.83666954518608e-15,0.0,5.0206763779049906e-06,,,,,,,,,,,,,0.01648156034674554
core_N128_s0,runge,0,128,5,0.1,76,599980,3.8163916471489756e-17,5.787443479501042e-16,0.0,9.84267784990747e-11,0.05476047964917098,1.1102230246251565e-16,1.7539124485676511e-15,0.0,2.7046874242001473e-05,,,,,,,,,,,,,0.05476047964917098
core_N128_s0,runge,0,128,5,1.0,76,599980,5.551115123125783e-17,1.3657641776066325e-15,0.0,1.5445609350132652e-12,0.11976404390376698,7.979727989493313e-17,1.7940258662098997e-15,0.0,0.00032337879264136436,,,,,,,,,,,,,0.12055920856908268
core_N128_s0,runge,0,128,5,10.0,76,599980,4.336808689942018e-17,9.345349573100602e-16,0.0,5.16178593947388e-12,0.2357665026102244,1.1449174941446927e-16,2.2829773290944204e-15,0.0,0.0032895139073114456,,,,,,,,,,,,,0.46788910948481804
core_N128_s0,runge,0,128,5,100.0,76,599980,5.204170427930421e-17,7.658569347029419e-15,0.0,7.304790117718529e-11,0.9313613376666325,1.3183898417423734e-16,7.658569347029419e-15,0.0,0.03295109498807073,,,,,,,,,,,,,0.9313613376666325
core_N128_s0,moment3,0,128,5,0.0001,76,599980,-1.1102230246251565e-16,4.3159021933333344e-16,0.0,7.86761700441841e-11,0.04036030454693703,1.1102230246251565e-16,1.2322179593789942e-15,0.0,5.464286351304377e-06,,,,,,,,,,,,,0.04036030454693703
core_N128_s0,moment3,0,128,5,0.001,76,599980,0.0,3.692543724003706e-16,0.0,1.6494653283958028e-10,0.04360614013570101,1.6653345369377348e-16,1.2841247401151488e-15,0.0,5.301989211529923e-06,,,,,,,,,,,,,0.04360614013570101
core_N128_s0,moment3,0,128,5,0.01,76,599980,-1.1102230246251565e-16,5.49423246463326e-16,0.0,9.735300025754905e-11,0.07384418905292037,2.220446049250313e-16,1.193008948119801e-15,0.0,3.931896339570971e-06,,,,,,,,,,,,,0.07384418905292037
core_N128_s0,moment3,0,128,5,0.1,76,599980,-4.440892098500626e-16,1.4519128689604003e-15,0.0,2.1529272938141518e-09,0.30495716761375635,4.440892098500626e-16,1.4519128689604003e-15,0.0,1.9265380361436283e-05,,,,,,,,,,,,,0.30495716761375635
core_N128_s0,moment3,0,128,5,1.0,76,599980,-1.7277845820728999e-15,4.353578838874057e-15,0.0,5.344470801006191e-10,1.6702504736431338,1.7277845820728999e-15,8.908348311707504e-15,0.0,0.00022836132281926194,,,,,,,,,,,,,1.6702504736431338
core_N128_s0,moment3,0,128,5,10.0,76,599980,-1.9160020792163834e-15,2.6762635221579438e-14,0.0,2.0318692930358485e-10,1.5918804896105128,2.1649348980190553e-15,3.461696793295177e-14,0.0,0.0023220691419117406,,,,,,,,,,,,,2.0293651210668564
core_N128_s0,moment3,0,128,5,100.0,76,599980,-1.8110513089197866e-15,2.8494538421894964e-14,0.0,0.257506950354573,2.2752460752632477,2.060851489460447e-15,5.822398251754843e-14,0.0,0.257506950354573,,,,,,,,,,,,,2.741349330881561
core_N128_s0,moment5,0,128,5,0.0001,76,599980,-1.1102230246251565e-16,3.2311002781907553e-16,0.0,8.501629959296668e-14,2.1410874882272446e-06,2.220446049250313e-16,1.5678619114405863e-15,0.0,5.446779851975416e-06,,,,,,,,,,,,,1.0579662320267243e-05
core_N128_s0,moment5,0,128,5,0.001,76,599980,-5.551115123125783e-17,4.936737568388462e-16,0.0,4.432678947225649e-14,2.14038595512383e-06,2.220446049250313e-16,1.582429498500086e-15,0.0,5.284947095952043e-06,,,,,,,,,,,,,1.0579662320267243e-05
core_N128_s0,moment5,0,128,5,0.01,76,599980,-1.1102230246251565e-16,4.885963825208708e-16,0.0,5.587001743823316e-14,2.1334842512335225e-06,2.220446049250313e-16,1.4775160168013656e-15,0.0,3.9202617028098115e-06,,,,,,,,,,,,,1.0579662320267243e-05
core_N128_s0,moment5,0,128,5,0.1,76,599980,-1.1102230246251565e-16,4.1040910937749523e-16,0.0,6.397372655738942e-14,2.0742651503786345e-06,2.220446049250313e-16,1.4844238768755015e-15,0.0,1.924238100343605e-05,,,,,,,,,,,,,1.0579662320267243e-05
core_N128_s0,moment5,0,128,5,1.0,76,599980,0.0,5.669321773903268e-16,0.0,2.0152166831339452e-14,1.8604478305484313e-06,2.220446049250313e-16,1.4967590682555361e-15,0.0,0.00022797273608738677,,,,,,,,,,,,,1.0579662320267243e-05
core_N128_s0,moment5,0,128,5,10.0,76,599980,0.0,6.229694221082827e-16,0.0,5.2130541868164724e-14,1.8116544484235538e-06,1.6653345369377348e-16,1.2984489746893068e-15,0.0,0.00231801934948448,,,,,,,,,,,,,1.0579662320267243e-05
core_N128_s0,moment5,0,128,5,100.0,76,599980,-5.551115123125783e-17,4.722686889145252e-16,0.0,1.1663607664010723e-12,2.3387715628268256e-06,1.6653345369377348e-16,1.2984489746893068e-15,0.0,0.02321871119350149,,,,,,,,,,,,,1.0579662320267243e-05
core_N128_s0,moment9,0,128,5,0.0001,76,599980,-5.551115123125783e-17,1.3548750531703382e-16,0.0,7.032562840042545e-14,1.635956617708073e-06,1.1102230246251565e-16,1.380458965803244e-15,0.0,5.446846626097758e-06,,,,,,,,,,,,,1.0871696177079016e-05
core_N128_s0,moment9,0,128,5,0.001,76,599980,0.0,2.85384665706012e-16,0.0,4.1901258937378206e-14,1.6356932722974365e-06,2.220446049250313e-16,1.4087432632921882e-15,0.0,5.285012184246976e-06,,,,,,,,,,,,,1.0871696177079016e-05
core_N128_s0,moment9,0,128,5,0.01,76,599980,-5.551115123125783e-17,2.49939369513325e-16,0.0,5.3822296356670686e-14,1.6331488830443662e-06,1.1102230246251565e-16,1.3783529992312523e-15,0.0,3.920304378126853e-06,,,,,,,,,,,,,1.0871696177079016e-05
core_N128_s0,moment9,0,128,5,0.1,76,599980,-1.1102230246251565e-16,4.1103410819929344e-16,0.0,5.433752371060826e-14,1.6147901206542816e-06,1.1102230246251565e-16,1.2699215880380239e-15,0.0,1.924241388750452e-05,,,,,,,,,,,,,1.0871696177079016e-05
core_N128_s0,moment9,0,128,5,1.0,76,599980,-5.551115123125783e-17,3.5804716511796876e-16,0.0,1.7168038128510705e-14,1.603075809275575e-06,1.1102230246251565e-16,1.2699215880380239e-15,0.0,0.0002279737396256165,,,,,,,,,,,,,1.0871696177079016e-05
core_N128_s0,moment9,0,128,5,10.0,76,599980,-5.551115123125783e-17,2.526014255385766e-16,0.0,5.153833624964487e-14,1.666187935710048e-06,1.1102230246251565e-16,1.2699215880380239e-15,0.0,0.00231803007324065,,,,,,,,,,,,,1.0871696177079016e-05
core_N128_s0,moment9,0,128,5,100.0,76,599980,0.0,2.642579740241987e-16,0.0,4.7269890765915104e-14,1.6940668502500922e-06,1.1102230246251565e-16,1.2699215880380239e-15,0.0,0.023218819120733338,,,,,,,,,,,,,1.0871696177079016e-05
core_N128_s0,sine,0,128,7,0.0001,76,599980,2.7755575615628914e-17,2.482075442326378e-16,0.0,1.6897576418034935e-12,8.282667189966682e-08,1.1102230246251565e-16,1.3272239226500749e-15,0.0,4.103118456349481e-06,,,,,,,,,,,,,9.893879085008016e-07
core_N128_s0,sine,0,128,7,0.001,76,599980,5.551115123125783e-17,2.30433622731311e-16,0.0,1.6409853826197027e-12,8.281613608185861e-08,1.1102230246251565e-16,1.2837814911944078e-15,0.0,3.95124456155765e-06,,,,,,,,,,,,,9.893879085008016e-07
core_N128_s0,sine,0,128,7,0.01,76,599980,5.551115123125783e-17,2.6773071138792817e-16,0.0,1.2877670091239073e-12,8.271926324867845e-08,1.1102230246251565e-16,1.3810182422514556e-15,0.0,2.5040844173508012e-06,,,,,,,,,,,,,9.893879085008016e-07
core_N128_s0,sine,0,128,7,0.1,76,599980,2.7755575615628914e-17,2.0735694299409296e-16,0.0,3.663348465184315e-12,8.286485686900709e-08,1.1102230246251565e-16,1.2943045857296868e-15,0.0,1.4209481671835998e-05,,,,,,,,,,,,,9.893879085008016e-07
core_N128_s0,sine,0,128,7,1.0,76,599980,-1.3877787807814457e-16,8.543377992215299e-16,0.0,2.97142598845564e-07,0.026657231705805393,1.3877787807814457e-16,1.334046664009288e-15,0.0,0.00017625006836985863,,,,,,,,,,,,,0.026657231705805393
core_N128_s0,sine,0,128,7,10.0,76,599980,-4.996003610813204e-16,2.466059852807742e-15,0.0,2.541357085758235e-10,0.04583251554400787,4.996003610813204e-16,4.197298094035735e-15,0.0,0.0017972937022436124,,,,,,,,,,,,,0.07113487662064535
core_N128_s0,sine,0,128,7,100.0,76,599980,-5.828670879282072e-16,2.9810610182291956e-15,0.0,5.153383442165529e-09,0.05690150032917545,5.828670879282072e-16,8.697721973057044e-15,0.0,0.018007780252330814,,,,,,,,,,,,,0.0798230306160038
core_N128_s0,runge,0,128,7,0.0001,76,599980,-1.3877787807814457e-17,1.1500411564025247e-15,0.005497991701977401,9.131350473837857e-10,0.3144542727159465,5.551115123125783e-17,1.832676190054145e-15,0.005497991701977401,7.42302741717699e-06,,,,,,,,,,,,,0.3144542727159465
core_N128_s0,runge,0,128,7,0.001,76,599980,-1.3877787807814457e-17,5.525425734315779e-16,0.0054235081214689266,9.420930209944039e-10,0.3107771440281647,8.326672684688674e-17,1.8587836123372327e-15,0.0054235081214689266,7.17732059057516e-06,,,,,,,,,,,,,0.3107771440281647
core_N128_s0,runge,0,128,7,0.01,76,599980,-2.0816681711721685e-17,5.249390446843794e-16,0.00433935822740113,1.6251887277098208e-09,0.24856646131653384,5.551115123125783e-17,1.8018168367234764e-15,0.00433935822740113,5.031611883481252e-06,,,,,,,,,,,,,0.24856646131653384
core_N128_s0,runge,0,128,7,0.1,76,599980,-3.469446951953614e-18,3.6023328549880123e-16,0.0,2.570360253782964e-10,0.00919817733256433,5.551115123125783e-17,1.8434154688340193e-15,0.0005793167372881356,2.7038377380133474e-05,,,,,,,,,,,,,0.06831931436890173
core_N128_s0,runge,0,128,7,1.0,76,599980,-1.3877787807814457e-17,3.155354214734823e-16,0.0,2.3851151396875544e-10,0.009308071238719098,5.551115123125783e-17,1.8081700918078435e-15,0.0,0.00032335913060420893,,,,,,,,,,,,,0.057333953775218965
core_N128_s0,runge,0,128,7,10.0,76,599980,-3.469446951953614e-17,4.516765510082221e-16,0.0,4.733262152214385e-11,0.00845637009119337,5.551115123125783e-17,1.823426801959033e-15,0.0,0.0032893936029208047,,,,,,,,,,,,,0.03588665433816798
core_N128_s0,runge,0,128,7,100.0,76,599980,0.0,5.164129694217823e-15,0.0,1.176746802232309e-09,0.012592840162386487,5.551115123125783e-17,5.164129694217823e-15,0.0,0.032949969090074596,,,,,,,,,,,,,0.025551595956960767
core_N128_s0,moment3,0,128,7,0.0001,76,599980,-3.2873009869760494e-16,6.365700031297053e-15,0.004777983757062147,5.561093111030405e-09,1.473920542909705,9.228728892196614e-16,1.0222938147665634e-14,0.004777983757062147,5.471748250735699e-06,,,,,,,,,,,,,1.473920542909705
core_N128_s0,moment3,0,128,7,0.001,76,599980,-3.7296554733501353e-16,3.835402631097136e-15,0.004766949152542373,5.104850687017022e-09,1.4941672715951388,8.465450562766819e-16,9.794675738882472e-15,0.004766949152542373,5.309469587392613e-06,,,,,,,,,,,,,1.4941672715951388
core_N128_s0,moment3,0,128,7,0.01,76,599980,-2.411265631607762e-16,4.506317288275872e-15,0.004598671433615819,3.139208371483352e-09,1.6147453453073504,9.159339953157541e-16,1.0035924107863193e-14,0.004598671433615819,3.939117486551595e-06,,,,,,,,,,,,,1.6147453453073504
core_N128_s0,moment3,0,128,7,0.1,76,599980,-2.458970527197124e-16,4.486024783083398e-15,0.0033434851694915256,2.7139697481140863e-09,1.8290289755371547,2.1510571102112408e-15,1.0389803849116919e-14,0.0033434851694915256,1.9260258466672024e-05,,,,,,,,,,,,,1.8290289755371547
core_N128_s0,moment3,0,128,7,1.0,76,599980,-3.7686867515596134e-15,1.57793891982414e-14,0.0,5.194103400621819e-10,0.678745925901525,3.7686867515596134e-15,1.57793891982414e-14,0.0010620806850282485,0.00022834902820729284,,,,,,,,,,,,,0.6809102874522166
core_N128_s0,moment3,0,128,7,10.0,76,599980,-2.4236255363740966e-15,1.582138755825232e-14,0.0,1.3643561040425938e-10,0.8972862393764724,3.3497510321112145e-15,2.1755744013154587e-14,0.0003779352048022599,0.002321994334768345,,,,,,,,,,,,,0.992481816587485
core_N128_s0,moment3,0,128,7,100.0,76,599980,-2.6317923534913135e-15,2.175967057536172e-14,0.0,1.876528581015628e-12,1.0391370140488971,3.3003114130458755e-15,2.554231688026822e-14,0.0,0.023258674121702187,,,,,,,,,,,,,1.3210490596173474
core_N128_s0,moment5,0,128,7,0.0001,76,599980,-2.220446049250313e-16,4.470130424048507e-16,0.0,2.272746922708324e-14,1.9569785580480178e-07,2.220446049250313e-16,1.5110300003530748e-15,0.0,5.4541249166427466e-06,,,,,,,,,,,,,4.1991891207009837e-07
core_N128_s0,moment5,0,128,7,0.001,76,599980,-1.6653345369377348e-16,4.984351914987676e-16,0.0,1.5229105282812938e-14,1.9559382231374393e-07,1.6653345369377348e-16,1.534218438818426e-15,0.0,5.292311621823766e-06,,,,,,,,,,,,,4.1991891207009837e-07
core_N128_s0,moment5,0,128,7,0.01,76,599980,-1.1102230246251565e-16,5.172882204963932e-16,0.0,4.910307636868759e-14,1.945703121210281e-07,2.220446049250313e-16,1.5862106098342087e-15,0.0,3.927377334079629e-06,,,,,,,,,,,,,4.1991891207009837e-07
core_N128_s0,moment5,0,128,7,0.1,76,599980,0.0,6.425463696888912e-16,0.0,4.184703980755536e-14,1.8580030615661584e-07,2.220446049250313e-16,1.5619466107545248e-15,0.0,1.9237242296527798e-05,,,,,,,,,,,,,4.1991891207009837e-07
core_N128_s0,moment5,0,128,7,1.0,76,599980,-5.551115123125783e-17,6.520584309046644e-16,0.0,3.648158953306223e-14,1.5463251319941851e-07,2.220446049250313e-16,1.5061687747195002e-15,0.0,0.00022795949830115364,,,,,,,,,,,,,4.1991891207009837e-07
core_N128_s0,moment5,0,128,7,10.0,76,599980,-1.1102230246251565e-16,5.538323669060705e-16,0.0,1.5916716848306836e-14,1.3786221543539043e-07,1.6653345369377348e-16,1.4372704895480867e-15,0.0,0.0023179342277216642,,,,,,,,,,,,,4.1991891207009837e-07
core_N128_s0,moment5,0,128,7,100.0,76,599980,-1.1102230246251565e-16,4.384428285408079e-16,0.0,8.469054596719031e-13,1.3694578660891569e-07,2.220446049250313e-16,1.4372704895480867e-15,0.0,0.023217907923680642,,,,,,,,,,,,,4.1991891207009837e-07
core_N128_s0,moment9,0,128,7,0.0001,76,599980,-5.551115123125783e-17,2.547075841261947e-16,0.0,1.8323904030686852e-14,3.564673543826629e-08,2.220446049250313e-16,1.291544407599785e-15,0.0,5.45418285327278e-06,,,,,,,,,,,,,4.5554374593400507e-07
core_N128_s0,moment9,0,128,7,0.001,76,599980,-1.1102230246251565e-16,5.22030187093521e-16,0.0,5.290605795377959e-14,3.563769267514987e-08,2.220446049250313e-16,1.2945570389374766e-15,0.0,5.292367967230848e-06,,,,,,,,,,,,,4.5554374593400507e-07
core_N128_s0,moment9,0,128,7,0.01,76,599980,-5.551115123125783e-17,3.256279257599365e-16,0.0,2.77947138608205e-14,3.555196738403272e-08,1.1102230246251565e-16,1.29109711915519e-15,0.0,3.927413867531264e-06,,,,,,,,,,,,,4.5554374593400507e-07
core_N128_s0,moment9,0,128,7,0.1,76,599980,-5.551115123125783e-17,2.6095842268975156e-16,0.0,2.2289004423187896e-14,3.5058561052862114e-08,1.1102230246251565e-16,1.3438119091438286e-15,0.0,1.9237271277775477e-05,,,,,,,,,,,,,4.5554374593400507e-07
core_N128_s0,moment9,0,128,7,1.0,76,599980,-5.551115123125783e-17,1.9072228726954053e-16,0.0,6.179438952417912e-14,3.707719063949418e-08,1.6653345369377348e-16,1.312665516660004e-15,0.0,0.00022796037959695037,,,,,,,,,,,,,4.5554374593400507e-07
core_N128_s0,moment9,0,128,7,10.0,76,599980,-5.551115123125783e-17,2.7253869248538036e-16,0.0,1.4973874716202002e-14,4.200230515955202e-08,1.1102230246251565e-16,1.2614549502824486e-15,0.0,0.0023179436432372675,,,,,,,,,,,,,4.5554374593400507e-07
core_N128_s0,moment9,0,128,7,100.0,76,599980,0.0,2.0779638285882463e-16,0.0,4.94712725235063e-14,4.33169001130158e-08,1.6653345369377348e-16,1.2614549502824486e-15,0.0,0.023218002681498796,,,,,,,,,,,,,4.5554374593400507e-07
core_N128_s2,sine,2,128,0,0.0001,76,599980,0.0,2.294572447558307e-16,0.0,2.8613681912991432e-11,,5.551115123125783e-17,5.531767612712181e-16,0.0,4.666390594104224e-08,76,0,0.1587627189526147,76,0,0.08348667608133015,76,0,0.04790408009902026,76,0,0.029471070579076733,
core_N128_s2,sine,2,128,0,0.001,76,599980,0.0,1.9853141636374616e-16,0.0,2.8300125125806516e-11,,1.1102230246251565e-16,5.400098893413217e-16,0.0,4.537674047436928e-08,76,0,0.1587627189526147,76,0,0.08348667608133015,76,0,0.04790408009902026,76,0,0.029471070579076733,
core_N128_s2,sine,2,128,0,0.01,76,599980,0.0,1.9141512512671803e-16,0.0,2.4683457803734625e-11,,5.551115123125783e-17,5.628748551047715e-16,0.0,3.9158107987054855e-08,76,0,0.1587627189526147,76,0,0.08348667608133015,76,0,0.04790408009902026,76,0,0.029471070579076733,
core_N128_s2,sine,2,128,0,0.1,76,599980,0.0,2.1067436537014267e-16,0.0,5.7892940095770975e-11,,5.551115123125783e-17,5.373407650234046e-16,0.0,3.089536752438576e-07,76,0,0.1587627189526147,76,0,0.08348667608133015,76,0,0.04790408009902026,76,0,0.029471070579076733,
core_N128_s2,sine,2,128,0,1.0,76,599980,0.0,2.060148226995527e-16,0.005255230402542373,2.537924637726731e-08,,5.551115123125783e-17,5.352983821570712e-16,0.005255230402542373,3.0800039837773923e-06,76,0,0.1587627189526147,76,0,0.08348667608133015,76,0,0.04790408009902026,76,0,0.029471070579076733,
core_N128_s2,sine,2,128,0,10.0,76,599980,-3.469446951953614e-18,6.138816613174367e-16,0.0036690060028248587,1.1889649850008956e-09,,5.551115123125783e-17,6.138816613174367e-16,0.004253840042372881,3.0793141903481046e-05,76,0,0.1587627189526147,76,0,0.08348667608133015,76,0,0.04790408009902026,76,0,0.029471070579076733,
core_N128_s2,sine,2,128,0,100.0,76,599980,-1.0842021724855044e-17,7.807948422688816e-15,0.002573821504237288,4.280985503906106e-09,,5.551115123125783e-17,7.807948422688816e-15,0.003955905720338983,0.00030792478599019725,76,0,0.1587627189526147,76,0,0.08348667608133015,76,0,0.04790408009902026,76,0,0.029471070579076733,
core_N128_s2,runge,2,128,0,0.0001,76,599980,0.0,4.730884286677079e-17,0.008394575388418079,9.356817958665113e-11,,2.7755575615628914e-17,8.33911437027566e-16,0.008394575388418079,3.7565857134883953e-07,76,0,0.04175636582606157,76,0,0.0213795786536004,76,0,0.01200118345533114,76,0,0.0072873913927745055,
core_N128_s2,runge,2,128,0,0.001,76,599980,0.0,5.783063977279725e-17,0.00826216013418079,8.979388446115722e-11,,2.7755575615628914e-17,9.157945599985544e-16,0.00826216013418079,3.635342688514471e-07,76,0,0.04175118241693102,76,0,0.02138905508125825,76,0,0.01200341584093016,76,0,0.007288195615298144,
core_N128_s2,runge,2,128,0,0.01,76,599980,1.734723475976807e-18,4.2259416485952144e-17,0.007009732521186441,6.348576825183406e-11,,2.7755575615628914e-17,8.421683468121628e-16,0.007009732521186441,2.6698844325361596e-07,76,0,0.0416023436303409,76,0,0.021480363273665596,76,0,0.01202514241944909,76,0,0.007296086978054385,
core_N128_s2,runge,2,128,0,0.1,76,599980,8.673617379884035e-19,3.7889237186254505e-17,0.005189022775423728,2.529652448065332e-11,,1.3877787807814457e-17,8.490680862067475e-16,0.005189022775423728,1.528823335036269e-06,76,0,0.04351893551837999,76,0,0.022033445463617903,76,0,0.01218457589472365,76,0,0.007361128050034067,
core_N128_s2,runge,2,128,0,1.0,76,599980,1.0842021724855044e-18,3.5530481255769206e-17,0.005073159427966102,4.771217867355735e-11,,1.3877787807814457e-17,8.051239350731801e-16,0.005073159427966102,1.7676923299386743e-05,76,0,0.04081710724515155,76,0,0.01953542492779678,76,0,0.012107457730122182,76,0,0.007301422278408384,
core_N128_s2,runge,2,128,0,10.0,76,599980,2.6020852139652106e-18,7.904102934650665e-17,0.0042759092514124296,3.664612950233428e-10,,1.3877787807814457e-17,7.552859368064475e-16,0.0042759092514124296,0.00017933613797774372,76,0,0.026625489906824097,76,0,0.020537753354311735,76,0,0.012297386870646161,76,0,0.0065865487886165325,
core_N128_s2,runge,2,128,0,100.0,76,599980,6.505213034913027e-19,1.7204558639569742e-16,0.003754524187853107,8.114356199721532e-10,,1.3877787807814457e-17,7.150897614521808e-16,0.003754524187853107,0.001795943367110479,76,0,0.01924606078020146,76,0,0.019527880083695624,76,0,0.012587425868731426,76,0,0.006795451364348649,
core_N128_s2,moment3,2,128,0,0.0001,76,599980,-2.7755575615628914e-17,4.697026762328605e-16,0.018027785134180793,4.129171483640504e-10,,1.1102230246251565e-16,5.900658993702922e-16,0.018027785134180793,8.157164820374588e-07,76,0,0.20470610723711005,76,0,0.1461556195826157,76,0,0.10674241184855696,76,0,0.08010743884318863,
core_N128_s2,moment3,2,128,0,0.001,76,599980,-2.7755575615628914e-17,4.783729176511104e-16,0.0181298552259887,1.3857004081975087e-10,,1.1102230246251565e-16,5.772569868334446e-16,0.0181298552259887,8.037453670439408e-07,76,0,0.2047071008416347,76,0,0.14615767791342557,76,0,0.10674379493901048,76,0,0.08010743884318863,
core_N128_s2,moment3,2,128,0,0.01,76,599980,-1.3877787807814457e-17,1.8087137848892039e-16,0.014800163312146893,1.745954616202736e-10,,1.1102230246251565e-16,5.741514138862523e-16,0.014800163312146893,6.868467381515652e-07,76,0,0.20471716303791795,76,0,0.1461781425752415,76,0,0.10675758371959869,76,0,0.08010743884318863,
core_N128_s2,moment3,2,128,0,0.1,76,599980,3.469446951953614e-18,1.1901003643318216e-16,0.0069049037782485875,4.354027313890259e-10,,1.1102230246251565e-16,5.716639152089615e-16,0.0069049037782485875,1.5959390832327221e-06,76,0,0.20482896250461372,76,0,0.1463711189052106,76,0,0.10689130721765282,76,0,0.08010743884318863,
core_N128_s2,moment3,2,128,0,1.0,76,599980,1.5612511283791264e-17,2.6592424749394684e-16,0.0009075962217514125,8.268984966027371e-09,,1.1102230246251565e-16,5.556082535554211e-16,0.0028717558262711866,1.5009475939911358e-05,76,0,0.2057571291591593,76,0,0.1474860514531758,76,0,0.10785383372152262,76,0,0.08054605266592246,
core_N128_s2,moment3,2,128,0,10.0,76,599980,3.469446951953614e-18,1.3241664284714392e-15,0.0,1.8820078154579172e-10,,1.1102230246251565e-16,1.955018967944403e-15,0.0016331214689265536,0.000147662309547004,76,0,0.2072764258346066,76,0,0.14878851337271495,76,0,0.10909479657309644,76,0,0.08181977249634588,
core_N128_s2,moment3,2,128,0,100.0,76,599980,2.7755575615628914e-17,6.876159362978084e-15,0.0,0.024126753326333572,,1.1102230246251565e-16,6.890999036245232e-15,0.0,0.10158093791399449,76,0,0.20926725948000216,76,0,0.15039605787126906,76,0,0.11025434477556575,76,0,0.0827391475143884,
core_N128_s2,moment5,2,128,0,0.0001,76,599980,-5.551115123125783e-17,2.0922327502053398e-16,0.0,8.093294542519484e-14,,1.1102230246251565e-16,6.327919466429146e-16,0.0,8.177334284187458e-07,76,0,0.10198273839880058,76,0,0.0769545336610543,76,0,0.06346394009198313,76,0,0.05273303728381913,
core_N128_s2,moment5,2,128,0,0.001,76,599980,0.0,2.1415534726521477e-16,0.0,3.3716329041339535e-14,,1.1102230246251565e-16,6.064601846006586e-16,0.0,8.057643951939376e-07,76,0,0.10198273839880058,76,0,0.0769545336610543,76,0,0.06346394009198313,76,0,0.05273303728381913,
core_N128_s2,moment5,2,128,0,0.01,76,599980,0.0,2.0884837412195204e-16,0.0,1.3969555177701176e-13,,1.1102230246251565e-16,6.350440390271881e-16,0.0,6.888792856848376e-07,76,0,0.10198273839880058,76,0,0.0769545336610543,76,0,0.06346394009198313,76,0,0.05273303728381913,
core_N128_s2,moment5,2,128,0,0.1,76,599980,0.0,1.9827576613070958e-16,0.0,6.492180846711091e-14,,1.1102230246251565e-16,6.484728543315555e-16,0.0,1.6064586860819554e-06,76,0,0.10198273839880058,76,0,0.0769545336610543,76,0,0.06346394009198313,76,0,0.05273303728381913,
core_N128_s2,moment5,2,128,0,1.0,76,599980,0.0,2.1752835451935704e-16,0.0,1.4308182367032493e-14,,2.220446049250313e-16,6.3262240651626735e-16,0.0,1.5127917873373782e-05,76,0,0.10198273839880058,76,0,0.0769545336610543,76,0,0.06346966741322196,76,0,0.05273341859344435,
core_N128_s2,moment5,2,128,0,10.0,76,599980,5.551115123125783e-17,2.1252792351097816e-16,0.0,5.482194383483761e-14,,1.1102230246251565e-16,5.850240687152229e-16,0.0,0.00014764040591392177,76,0,0.10198273839880058,76,0,0.07705524143406868,76,0,0.06380693456467476,76,0,0.053139135657786836,
core_N128_s2,moment5,2,128,0,100.0,76,599980,0.0,2.1030950013106167e-16,0.0,8.691395116795532e-13,,1.1102230246251565e-16,5.850240687152229e-16,0.0,0.0014830213067098135,76,0,0.10198273839880058,76,0,0.0769545336610543,76,0,0.06408769384807855,76,0,0.05355640835052421,
core_N128_s2,moment9,2,128,0,0.0001,76,599980,0.0,1.1785294422544365e-16,0.0,4.7472183111476014e-14,,2.220446049250313e-16,5.87685571430225e-16,0.0,8.177361682341834e-07,76,0,0.10239022631078375,76,0,0.05693027536901375,76,0,0.03654775147547589,76,0,0.026206146299572183,
core_N128_s2,moment9,2,128,0,0.001,76,599980,0.0,1.0891970446541334e-16,0.0,5.283414192726645e-14,,1.1102230246251565e-16,5.673616236080392e-16,0.0,8.057669713267772e-07,76,0,0.10239022631078375,76,0,0.05693027536901375,76,0,0.03654775147547589,76,0,0.026206146299572183,
core_N128_s2,moment9,2,128,0,0.01,76,599980,0.0,1.2208844384309548e-16,0.0,4.837969127530715e-15,,1.1102230246251565e-16,5.668802840043861e-16,0.0,6.888803047188951e-07,76,0,0.10239022631078375,76,0,0.05693027536901375,76,0,0.03654775147547589,76,0,0.026206146299572183,
core_N128_s2,moment9,2,128,0,0.1,76,599980,-5.551115123125783e-17,1.145682902608396e-16,0.0,6.785383745071982e-14,,1.1102230246251565e-16,5.543393713830652e-16,0.0,1.6064255914987344e-06,76,0,0.10239022631078375,76,0,0.05693027536901375,76,0,0.03654775147547589,76,0,0.026206146299572183,
core_N128_s2,moment9,2,128,0,1.0,76,599980,-5.551115123125783e-17,1.252790142703558e-16,0.0,2.3404236248338302e-14,,1.1102230246251565e-16,5.753987767954318e-16,0.0,1.51274656538254e-05,76,0,0.10239022631078375,76,0,0.05693027536901375,76,0,0.03654775147547589,76,0,0.026206146299572183,
core_N128_s2,moment9,2,128,0,10.0,76,599980,0.0,1.1155808028398868e-16,0.0,9.142923989633058e-14,,5.551115123125783e-17,5.215624272681923e-16,0.0,0.00014764112425259547,76,0,0.10239022631078375,76,0,0.05693027536901375,76,0,0.03654775147547589,76,0,0.026206146299572183,
core_N128_s2,moment9,2,128,0,100.0,76,599980,0.0,1.155641256015581e-16,0.0,2.8297180436126898e-14,,1.1102230246251565e-16,5.032042525325212e-16,0.0,0.0014830285657602012,76,0,0.10239022631078375,76,0,0.05693027536901375,76,0,0.03654775147547589,76,0,0.026206146299572183,
core_N128_s2,sine,2,128,1,0.0001,76,599980,2.7755575615628914e-17,1.1399728114130717e-16,0.0,1.2524424382237634e-15,0.003349876035960822,8.326672684688674e-17,8.255047928681883e-16,0.0,3.177095583194915e-10,,,,,,,,,,,,,0.005716621012702157
core_N128_s2,sine,2,128,1,0.001,76,599980,2.7755575615628914e-17,1.191515259877803e-16,0.0,1.2748209735331081e-15,0.0033493708718791626,5.551115123125783e-17,1.0368004401754313e-15,0.0,3.1771312599931476e-09,,,,,,,,,,,,,0.005716621012702157
core_N128_s2,sine,2,128,1,0.01,76,599980,5.551115123125783e-17,1.3869895232148677e-16,0.0,1.2638173990878967e-15,0.003344358303949247,5.551115123125783e-17,1.2268890339696065e-15,0.0,3.177145302234187e-08,,,,,,,,,,,,,0.005716621012702157
core_N128_s2,sine,2,128,1,0.1,76,599980,5.551115123125783e-17,1.3660977233689498e-16,0.0,1.0139807902350597e-15,0.0032979446480244238,8.326672684688674e-17,1.000974650387625e-15,0.0,3.177147771860454e-07,,,,,,,,,,,,,0.005716621012702157
core_N128_s2,sine,2,128,1,1.0,76,599980,5.551115123125783e-17,1.5059108794233218e-16,0.0,1.084441916602536e-15,0.0030517867759863857,8.326672684688674e-17,1.0132167496551158e-15,0.0,3.1771478478118227e-06,,,,,,,,,,,,,0.005716621012702157
core_N128_s2,sine,2,128,1,10.0,76,599980,5.551115123125783e-17,1.0614801590602776e-16,0.0,8.76585374373216e-16,0.0028181890959425647,5.551115123125783e-17,6.044414951638843e-16,0.0,3.17714787343627e-05,,,,,,,,,,,,,0.005716621012702157
core_N128_s2,sine,2,128,1,100.0,76,599980,5.551115123125783e-17,1.3338026628462595e-16,0.0,1.1031169254987367e-14,0.0027780477713914105,5.551115123125783e-17,6.044414951638843e-16,0.0,0.0003177147874701385,,,,,,,,,,,,,0.005716621012702157
core_N128_s2,runge,2,128,1,0.0001,76,599980,0.0,1.9781161151952314e-16,0.0,3.7525809684664046e-16,0.0017797626043781717,2.7755575615628914e-17,1.453480855485286e-15,0.0,1.8416143872479353e-09,,,,,,,,,,,,,0.0017797626043781717
core_N128_s2,runge,2,128,1,0.001,76,599980,0.0,1.4090347655019347e-16,0.0,3.588168028111195e-16,0.0017796405076550667,2.7755575615628914e-17,1.4487401286807306e-15,0.0,1.8416523529716755e-08,,,,,,,,,,,,,0.0017796405076550704
core_N128_s2,runge,2,128,1,0.01,76,599980,0.0,1.1640108111365841e-16,0.0,3.7863371580496735e-16,0.0017784388515726809,1.3877787807814457e-17,1.3721398335811994e-15,0.0,1.8416539384565906e-07,,,,,,,,,,,,,0.0017784388515726824
core_N128_s2,runge,2,128,1,0.1,76,599980,-6.938893903907228e-18,2.1715419206131677e-16,0.0,7.445269975910389e-16,0.001768089320386875,1.3877787807814457e-17,1.2929708007980642e-15,0.0,1.8416541547084795e-06,,,,,,,,,,,,,0.0017680893203868761
core_N128_s2,runge,2,128,1,1.0,76,599980,-6.938893903907228e-18,9.271465409792076e-17,0.0,1.9597260998518554e-15,0.001728409797491016,2.7755575615628914e-17,2.375287828024138e-15,0.0,1.841654173520436e-05,,,,,,,,,,,,,0.0017284097974910198
core_N128_s2,runge,2,128,1,10.0,76,599980,6.938893903907228e-18,9.041281673962894e-17,0.0,1.7509516907993657e-16,0.0017021484571591592,1.3877787807814457e-17,8.021659801826107e-16,0.0,0.00018416541765037646,,,,,,,,,,,,,0.0017021484571591596
core_N128_s2,runge,2,128,1,100.0,76,599980,-6.938893903907228e-18,9.847940670697686e-17,0.0,1.1839985418604377e-16,0.0016979191965043122,1.3877787807814457e-17,3.268634335193866e-16,0.0,0.001841654176559253,,,,,,,,,,,,,0.0016979191965043122
core_N128_s2,moment3,2,128,1,0.0001,76,599980,0.0,5.199668783972661e-16,0.0,1.0223017499423393e-15,0.0038965597466130023,2.220446049250313e-16,8.665616058421324e-16,0.0,2.1959833345746333e-09,,,,,,,,,,,,,0.008427347804900657
core_N128_s2,moment3,2,128,1,0.001,76,599980,0.0,4.819000537381734e-16,0.0,1.0237703855536865e-15,0.0038963507210910834,1.1102230246251565e-16,1.4283527659772838e-15,0.0,2.194900078839963e-08,,,,,,,,,,,,,0.008427347804900657
core_N128_s2,moment3,2,128,1,0.01,76,599980,0.0,3.232480264697547e-16,0.0,4.607586751319741e-16,0.0038942145135444296,1.1102230246251565e-16,1.1237227955902911e-15,0.0,2.183923524820138e-07,,,,,,,,,,,,,0.008427347804900657
core_N128_s2,moment3,2,128,1,0.1,76,599980,0.0,3.1741170451878e-16,0.0,8.565056465903852e-16,0.003869580183748886,1.1102230246251565e-16,1.0605804657869979e-15,0.0,2.0995864135534127e-06,,,,,,,,,,,,,0.008427347804900657
core_N128_s2,moment3,2,128,1,1.0,76,599980,0.0,2.230140336087518e-16,0.0,1.291052273924603e-15,0.0036461152596333492,1.1102230246251565e-16,8.3620336015522105e-16,0.0,1.7122949818168188e-05,,,,,,,,,,,,,0.008427347804900657
core_N128_s2,moment3,2,128,1,10.0,76,599980,-5.551115123125783e-17,2.514020570204372e-16,0.0,1.7634616831446916e-15,0.003368621238843874,1.1102230246251565e-16,9.085034630928998e-16,0.0,0.00014635244294920136,,,,,,,,,,,,,0.008427347804900657
core_N128_s2,moment3,2,128,1,100.0,76,599980,0.0,2.824520747550888e-16,0.0,0.0,0.0033214402030432464,1.1102230246251565e-16,6.530327867690148e-16,0.0,0.0014635244296359465,,,,,,,,,,,,,0.008427347804900657
core_N128_s2,moment5,2,128,1,0.0001,76,599980,-1.1102230246251565e-16,6.866140163863261e-16,0.0,1.0223017499423393e-15,0.005273025614580808,1.6653345369377348e-16,1.0526809699945764e-15,0.0,2.19600958637867e-09,,,,,,,,,,,,,0.006373652960985752
core_N128_s2,moment5,2,128,1,0.001,76,599980,-1.1102230246251565e-16,5.060366954125539e-16,0.0,1.0237703855536865e-15,0.005273296870836234,1.6653345369377348e-16,1.5464631278381104e-15,0.0,2.1948965303948968e-08,,,,,,,,,,,,,0.006373652960985752
core_N128_s2,moment5,2,128,1,0.01,76,599980,-1.1102230246251565e-16,6.682269054917258e-16,0.0,3.5146256101405794e-16,0.005275890212089303,1.6653345369377348e-16,1.3765132564557276e-15,0.0,2.1839235264269373e-07,,,,,,,,,,,,,0.006373652960985752
core_N128_s2,moment5,2,128,1,0.1,76,599980,-1.1102230246251565e-16,5.624821993822219e-16,0.0,8.226005469214857e-16,0.005292119814080396,1.1102230246251565e-16,1.4514081783625648e-15,0.0,2.0995864260204934e-06,,,,,,,,,,,,,0.006373652960985752
core_N128_s2,moment5,2,128,1,1.0,76,599980,-1.1102230246251565e-16,4.1842000875666154e-16,0.0,1.5346723587686042e-15,0.0052138846054926935,1.1102230246251565e-16,1.1682516173566272e-15,0.0,1.7122949795054966e-05,,,,,,,,,,,,,0.006373652960985752
core_N128_s2,moment5,2,128,1,10.0,76,599980,-5.551115123125783e-17,7.448672651437933e-16,0.0,7.181820634940757e-14,0.004967952337136374,1.6653345369377348e-16,7.741949934615477e-16,0.0,0.00014635244292014377,,,,,,,,,,,,,0.006373652960985752
core_N128_s2,moment5,2,128,1,100.0,76,599980,-1.1102230246251565e-16,4.225889092820166e-16,0.0,4.5156045770403105e-14,0.004911386579300429,1.1102230246251565e-16,7.90017932481991e-16,0.0,0.0014635244295930535,,,,,,,,,,,,,0.006373652960985752
core_N128_s2,moment9,2,128,1,0.0001,76,599980,-5.551115123125783e-17,3.656626980950544e-16,0.0,1.0223017499423393e-15,0.005263237861233331,1.1102230246251565e-16,1.0612419351491986e-15,0.0,2.1960080280346593e-09,,,,,,,,,,,,,0.006380197356880682
core_N128_s2,moment9,2,128,1,0.001,76,599980,-5.551115123125783e-17,2.695532720055192e-16,0.0,1.0237703855536865e-15,0.005263507979873695,1.1102230246251565e-16,1.2156530911191585e-15,0.0,2.194898979513615e-08,,,,,,,,,,,,,0.006380197356880682
core_N128_s2,moment9,2,128,1,0.01,76,599980,-5.551115123125783e-17,3.345824313070488e-16,0.0,4.607586751319741e-16,0.0052660902561366945,1.1102230246251565e-16,9.135860289764017e-16,0.0,2.183923415293482e-07,,,,,,,,,,,,,0.006380197356880682
core_N128_s2,moment9,2,128,1,0.1,76,599980,0.0,2.632703403370355e-16,0.0,8.226005469214855e-16,0.005282236518132317,1.1102230246251565e-16,1.1479792014985436e-15,0.0,2.099586413651952e-06,,,,,,,,,,,,,0.006380197356880682
core_N128_s2,moment9,2,128,1,1.0,76,599980,-1.1102230246251565e-16,2.538030273128608e-16,0.0,1.2910522739246032e-15,0.00520415627321983,1.1102230246251565e-16,1.3504869019935678e-15,0.0,1.712294981832067e-05,,,,,,,,,,,,,0.006380197356880682
core_N128_s2,moment9,2,128,1,10.0,76,599980,0.0,3.2489499833891776e-16,0.0,4.774611273234558e-14,0.00495960860398026,1.1102230246251565e-16,8.581659551180904e-16,0.0,0.0001463524429224613,,,,,,,,,,,,,0.006380197356880682
core_N128_s2,moment9,2,128,1,100.0,76,599980,0.0,3.495258331136066e-16,0.0,4.5156045770403105e-14,0.004903489016852614,5.551115123125783e-17,6.609814519775488e-16,0.0,0.001463524429583313,,,,,,,,,,,,,0.006380197356880682
core_N128_s2,sine,2,128,3,0.0001,76,599980,5.551115123125783e-17,2.561475321314684e-16,0.0,6.74951105304903e-11,0.00021334217076160537,8.326672684688674e-17,5.541443120824242e-16,0.0,5.034799874541709e-08,,,,,,,,,,,,,0.00021334217076160537
core_N128_s2,sine,2,128,3,0.001,76,599980,2.7755575615628914e-17,2.5386546109033746e-16,0.0,6.695639213974372e-11,0.0002144997661478989,8.326672684688674e-17,5.467972041507145e-16,0.0,4.9071443203364566e-08,,,,,,,,,,,,,0.0002144997661478989
core_N128_s2,sine,2,128,3,0.01,76,599980,2.7755575615628914e-17,2.422684079311282e-16,0.0,6.12801504412755e-11,0.0002264932179818362,5.551115123125783e-17,5.476743907837048e-16,0.0,4.2648080881324075e-08,,,,,,,,,,,,,0.0002264932179818362
core_N128_s2,sine,2,128,3,0.1,76,599980,2.7755575615628914e-17,2.7203145222027346e-16,0.0,1.0378212132501005e-10,0.0004042809870144025,8.326672684688674e-17,5.510136415256562e-16,0.0,3.116595640535013e-07,,,,,,,,,,,,,0.0004042809870144025
core_N128_s2,sine,2,128,3,1.0,76,599980,-1.6653345369377348e-16,7.291451938296609e-16,0.0,6.91711543092266e-14,0.22660193592162645,1.6653345369377348e-16,7.291451938296609e-16,0.0,3.0908036989932967e-06,,,,,,,,,,,,,0.22660193592162645
core_N128_s2,sine,2,128,3,10.0,76,599980,-1.942890293094024e-16,8.045713606192468e-16,0.0,5.075775726105319e-14,0.2999355550527969,2.220446049250313e-16,9.396036378330822e-16,0.0,3.088498581647031e-05,,,,,,,,,,,,,0.2999355550527969
core_N128_s2,sine,2,128,3,100.0,76,599980,-2.220446049250313e-16,1.3036806517007632e-15,0.0,1.2978717021628967e-13,0.42377874253857767,2.220446049250313e-16,3.0359979683016866e-15,0.0,0.00030882708334566204,,,,,,,,,,,,,0.42377874253857817
core_N128_s2,runge,2,128,3,0.0001,76,599980,-2.7755575615628914e-17,1.6308745029464077e-16,0.0028662385240112993,3.477367158377481e-11,0.17264666326702463,4.163336342344337e-17,8.524479875934787e-16,0.0028662385240112993,3.838876419672645e-07,,,,,,,,,,,,,0.18366733545217098
core_N128_s2,runge,2,128,3,0.001,76,599980,-3.469446951953614e-18,3.177861277444046e-16,0.0028441693149717515,3.5321510023567455e-11,0.1736050414156711,3.469446951953614e-17,8.515655545974463e-16,0.0028441693149717515,3.719657862763534e-07,,,,,,,,,,,,,0.18436430842721888
core_N128_s2,runge,2,128,3,0.01,76,599980,0.0,3.5355714806447745e-16,0.0026620983403954804,3.962591130771853e-11,0.18101178175869326,2.7755575615628914e-17,8.613427088990326e-16,0.0026620983403954804,2.774967883206492e-07,,,,,,,,,,,,,0.19025352023622502
core_N128_s2,runge,2,128,3,0.1,76,599980,-3.122502256758253e-17,8.221266458024119e-17,0.0021600238347457626,4.906752742324528e-11,0.20299733768727454,3.469446951953614e-17,8.258064470010716e-16,0.0021600238347457626,1.5294613233914975e-06,,,,,,,,,,,,,0.21138971266697135
core_N128_s2,runge,2,128,3,1.0,76,599980,0.0,2.2423495305190404e-16,0.000948975988700565,2.3143000996796133e-12,0.19365830456711097,4.163336342344337e-17,8.559495401243406e-16,0.000998631709039548,1.7678816208118134e-05,,,,,,,,,,,,,0.21313234226128483
core_N128_s2,runge,2,128,3,10.0,76,599980,-2.7755575615628914e-17,3.7914580682704763e-16,0.0,1.1209092736004954e-13,0.1063650825484345,3.469446951953614e-17,1.107599743623695e-15,0.0,0.0001793667611051475,,,,,,,,,,,,,0.1314682784660892
core_N128_s2,runge,2,128,3,100.0,76,599980,6.938893903907228e-18,2.4054257491873397e-15,0.0,1.8218724723337197e-13,0.13940665079199144,4.5102810375396984e-17,2.769185394263335e-15,0.0,0.0017962626574371788,,,,,,,,,,,,,0.17187768349753105
core_N128_s2,moment3,2,128,3,0.0001,76,599980,-4.440892097682279e-16,3.5407151522887306e-15,0.0036717646539548023,2.574294542794416e-13,1.266738009453869,6.1062266343383615e-16,1.0318441325792088e-14,0.0036717646539548023,8.320106223070031e-07,,,,,,,,,,,,,1.266738009453869
core_N128_s2,moment3,2,128,3,0.001,76,599980,-6.661338146975352e-16,5.922952670834477e-15,0.003616591631355932,2.7622892440227124e-13,1.2570449248292768,9.842350264131967e-16,1.2225104416644984e-14,0.003616591631355932,8.200564673170918e-07,,,,,,,,,,,,,1.2570449248292768
core_N128_s2,moment3,2,128,3,0.01,76,599980,-4.996003610664892e-16,3.421141221198532e-15,0.003313140007062147,1.670397257536665e-13,1.2073198501691889,7.830442204483335e-16,6.184142769351978e-15,0.003313140007062147,1.960466767508078e-06,,,,,,,,,,,,,1.2073198501691889
core_N128_s2,moment3,2,128,3,0.1,76,599980,-7.216449659982009e-16,1.4498728557029982e-15,0.0026152012711864406,1.979534810918741e-13,1.0941553409254543,7.216449659982009e-16,2.1589625927840686e-15,0.0026152012711864406,1.5626079935937533e-06,,,,,,,,,,,,,1.0941553409254543
core_N128_s2,moment3,2,128,3,1.0,76,599980,-4.4408920984547046e-16,1.8483977511052827e-15,0.0017296742584745762,1.9241223547052914e-13,1.0200186825335766,7.771561172330037e-16,2.5426700022888787e-15,0.0017296742584745762,1.4916758537668816e-05,,,,,,,,,,,,,1.0200186825335766
core_N128_s2,moment3,2,128,3,10.0,76,599980,-4.996003610805706e-16,1.3789936561397406e-15,0.0006924214336158192,4.91401838161259e-14,1.3896653311851954,4.996003610805706e-16,1.3789936561397406e-15,0.0006924214336158192,0.00014775039812722134,,,,,,,,,,,,,1.3896653311851954
core_N128_s2,moment3,2,128,3,100.0,76,599980,-3.330669073873827e-16,1.765435503459789e-15,0.0,1.7925241571259845e-13,2.541866558543248,8.881784196999552e-16,3.3878656916306173e-15,0.0,0.0014842225724152106,,,,,,,,,,,,,2.5418665585432483
core_N128_s2,moment5,2,128,3,0.0001,76,599980,-1.1102230246251565e-16,5.13022227291493e-16,0.0,7.136477370743871e-14,0.00011590327925430408,1.6653345369377348e-16,8.197369000491163e-16,0.0,8.341610039733186e-07,,,,,,,,,,,,,0.00023102311806943779
core_N128_s2,moment5,2,128,3,0.001,76,599980,-1.1102230246251565e-16,5.419253271796164e-16,0.0,2.1144591930833413e-14,0.00011589209807500933,1.6653345369377348e-16,7.749014241913124e-16,0.0,8.222063700836325e-07,,,,,,,,,,,,,0.00023102311806943779
core_N128_s2,moment5,2,128,3,0.01,76,599980,-1.1102230246251565e-16,5.16143146555674e-16,0.0,1.2346581408813079e-14,0.00011577910837027803,1.6653345369377348e-16,8.287902127629565e-16,0.0,7.054421186633034e-07,,,,,,,,,,,,,0.00023102311806943779
core_N128_s2,moment5,2,128,3,0.1,76,599980,-1.1102230246251565e-16,3.879097660352446e-16,0.0,6.094734415486659e-14,0.00011457270850090822,1.6653345369377348e-16,7.925864229824162e-16,0.0,1.5739528229014818e-06,,,,,,,,,,,,,0.00023102311806943779
core_N128_s2,moment5,2,128,3,1.0,76,599980,-1.1102230246251565e-16,5.918587688304761e-16,0.0,3.1727270491253536e-14,0.00010503207007622804,1.6653345369377348e-16,8.350719049101863e-16,0.0,1.5049117256642842e-05,,,,,,,,,,,,,0.00023102311806943779
core_N128_s2,moment5,2,128,3,10.0,76,599980,-1.1102230246251565e-16,5.273299865557992e-16,0.0,5.733870022063911e-14,9.336648725785879e-05,1.6653345369377348e-16,6.749149479173232e-16,0.0,0.00014770856591244245,,,,,,,,,,,,,0.00023102311806943779
core_N128_s2,moment5,2,128,3,100.0,76,599980,-1.1102230246251565e-16,5.985063624115964e-16,0.0,3.847097672401025e-14,8.880434896652649e-05,1.6653345369377348e-16,6.590011231292961e-16,0.0,0.0014838235499300791,,,,,,,,,,,,,0.00023102311806943779
core_N128_s2,moment9,2,128,3,0.0001,76,599980,-5.551115123125783e-17,1.9587047351586776e-16,0.0,6.982951550785226e-14,0.00012409989805666809,1.1102230246251565e-16,6.457340998190403e-16,0.0,8.341610037387706e-07,,,,,,,,,,,,,0.00022472450173480684
core_N128_s2,moment9,2,128,3,0.001,76,599980,5.551115123125783e-17,2.0757181183649304e-16,0.0,2.848290722958346e-14,0.00012409034357675804,1.1102230246251565e-16,6.245930273968566e-16,0.0,8.222063698496767e-07,,,,,,,,,,,,,0.00022472450173480684
core_N128_s2,moment9,2,128,3,0.01,76,599980,-5.551115123125783e-17,2.681551296647508e-16,0.0,2.496689633933001e-14,0.0001239933014802875,1.1102230246251565e-16,6.290658794451056e-16,0.0,7.054421183673935e-07,,,,,,,,,,,,,0.00022472450173480684
core_N128_s2,moment9,2,128,3,0.1,76,599980,-5.551115123125783e-17,2.411286328091077e-16,0.0,5.206681734612695e-14,0.00012291799850027641,1.1102230246251565e-16,6.679216571018042e-16,0.0,1.5739528070581127e-06,,,,,,,,,,,,,0.00022472450173480684
core_N128_s2,moment9,2,128,3,1.0,76,599980,0.0,2.1113513708234438e-16,0.0,8.571346424286299e-14,0.00011354363480553814,1.1102230246251565e-16,6.425712888303378e-16,0.0,1.5049117232377322e-05,,,,,,,,,,,,,0.00022472450173480684
core_N128_s2,moment9,2,128,3,10.0,76,599980,0.0,3.191080894361715e-16,0.0,5.716946351781572e-14,0.00010080450717930907,1.1102230246251565e-16,6.228138753546237e-16,0.0,0.00014770856588971888,,,,,,,,,,,,,0.00022472450173480684
core_N128_s2,moment9,2,128,3,100.0,76,599980,-1.1102230246251565e-16,2.2198260467196465e-16,0.0,4.494099631181338e-14,9.548798699869945e-05,1.1102230246251565e-16,5.755383509061773e-16,0.0,0.0014838235499279703,,,,,,,,,,,,,0.00022472450173480684
core_N128_s2,sine,2,128,5,0.0001,76,599980,8.326672684688674e-17,2.6371293551625125e-16,0.0,2.7637869857613946e-11,7.295136141970911e-06,8.326672684688674e-17,5.714742994049921e-16,0.0,4.641073482689933e-08,,,,,,,,,,,,,7.295136141970911e-06
core_N128_s2,sine,2,128,5,0.001,76,599980,2.7755575615628914e-17,2.315264545607964e-16,0.0,2.7322100133831186e-11,7.331708504142755e-06,5.551115123125783e-17,5.714742994049921e-16,0.0,4.512330212680924e-08,,,,,,,,,,,,,7.331708504142755e-06
core_N128_s2,sine,2,128,5,0.01,76,599980,5.551115123125783e-17,2.723474286805815e-16,0.0,2.3729701134354818e-11,7.709802097042016e-06,8.326672684688674e-17,5.714742994049921e-16,0.0,3.8893969727156256e-08,,,,,,,,,,,,,7.709802097042016e-06
core_N128_s2,sine,2,128,5,0.1,76,599980,2.7755575615628914e-17,2.5621590559013e-16,0.0,5.752170361645017e-11,1.3115232144435996e-05,5.551115123125783e-17,5.714742994049921e-16,0.0,3.086846526130567e-07,,,,,,,,,,,,,1.3115232144435996e-05
core_N128_s2,sine,2,128,5,1.0,76,599980,-8.049116928532385e-16,2.135820386990074e-15,0.0,7.128248125967751e-08,0.5780177470390738,8.049116928532385e-16,2.135820386990074e-15,0.0,3.079085444272412e-06,,,,,,,,,,,,,0.5780177470390738
core_N128_s2,sine,2,128,5,10.0,76,599980,-1.0332013022917863e-14,3.3182581052322846e-14,0.0,1.0263500171958583e-12,7.89110567839773,1.1150802503578916e-14,7.996740647525756e-14,0.0,3.078572289978392e-05,,,,,,,,,,,,,7.89110567839773
core_N128_s2,sine,2,128,5,100.0,76,599980,-1.058875209736243e-14,6.367620017651376e-14,0.0,7.548212493267534e-14,10.92106294570425,1.1012024625500771e-14,8.091146629833618e-14,0.0,0.0003078523610548088,,,,,,,,,,,,,10.92106294570425
core_N128_s2,runge,2,128,5,0.0001,76,599980,0.0,3.964208068575746e-16,0.0,7.748452813562429e-11,0.010716861262730058,2.7755575615628914e-17,8.522896851663092e-16,0.0,3.752215240154766e-07,,,,,,,,,,,,,0.010716861262730058
core_N128_s2,runge,2,128,5,0.001,76,599980,-6.938893903907228e-18,1.2403657020662115e-16,0.0,7.005726728892358e-11,0.01100073239129522,2.7755575615628914e-17,8.687462969065005e-16,0.0,3.6307678170481227e-07,,,,,,,,,,,,,0.01100073239129522
core_N128_s2,runge,2,128,5,0.01,76,599980,-2.2551405187698492e-17,3.760993453414593e-16,0.0,3.27225283347671e-11,0.01413056962725331,2.7755575615628914e-17,8.449388291103628e-16,0.0,2.6628240474814906e-07,,,,,,,,,,,,,0.01413056962725331
core_N128_s2,runge,2,128,5,0.1,76,599980,-1.3877787807814457e-17,5.804455483011548e-16,0.0,1.887626789675025e-11,0.0467346012599104,2.7755575615628914e-17,8.856539157736103e-16,0.0,1.5284988720537555e-06,,,,,,,,,,,,,0.0467346012599104
core_N128_s2,runge,2,128,5,1.0,76,599980,7.806255641895632e-17,7.500403093602027e-16,0.0,2.4874612860317543e-13,0.11406565300005089,7.806255641895632e-17,1.6155844646127548e-15,0.0,1.7676227902260125e-05,,,,,,,,,,,,,0.11406565300005089
core_N128_s2,runge,2,128,5,10.0,76,599980,7.632783294297951e-17,7.876442153707696e-16,0.0,3.3333246342880434e-13,0.21557006235723258,9.71445146547012e-17,3.04377985611555e-15,0.0,0.00017933054971573973,,,,,,,,,,,,,0.21557006235723258
core_N128_s2,runge,2,128,5,100.0,76,599980,-2.42861286636753e-17,5.060747986590685e-15,0.0,1.5281038899025886e-10,0.8708068859536573,8.153200337090993e-17,7.42667633220979e-15,0.0,0.001795888748282227,,,,,,,,,,,,,0.8708068859536573
core_N128_s2,moment3,2,128,5,0.0001,76,599980,5.551115123125783e-17,5.002879591791486e-16,0.0,4.82720064931218e-10,0.033099970637825306,2.220446049250313e-16,5.721499045711967e-16,0.0,8.148112140173528e-07,,,,,,,,,,,,,0.033099970637825306
core_N128_s2,moment3,2,128,5,0.001,76,599980,-5.551115123125783e-17,4.167323048169237e-16,0.0,3.7367843918216723e-10,0.03552642439695967,2.220446049250313e-16,5.962099084220925e-16,0.0,8.02837827814574e-07,,,,,,,,,,,,,0.03552642439695967
core_N128_s2,moment3,2,128,5,0.01,76,599980,-1.1102230246251565e-16,5.021494475871616e-16,0.0,8.665745548517292e-10,0.05626772755007981,2.220446049250313e-16,5.911438549315992e-16,0.0,6.859164454902101e-07,,,,,,,,,,,,,0.05626772755007981
core_N128_s2,moment3,2,128,5,0.1,76,599980,-3.3306690738754696e-16,7.857069444922943e-16,0.0,2.0191563341224033e-09,0.25236981556473365,3.3306690738754696e-16,1.0762849224337025e-15,0.0,1.597380784146184e-06,,,,,,,,,,,,,0.25236981556473365
core_N128_s2,moment3,2,128,5,1.0,76,599980,-1.4016565685892601e-15,4.1414779414364155e-15,0.0,5.614108413118083e-10,1.6561067155715803,1.6930901125533637e-15,1.279241518517039e-14,0.0,1.501340432236559e-05,,,,,,,,,,,,,1.6561067155715803
core_N128_s2,moment3,2,128,5,10.0,76,599980,-1.663599813461758e-15,3.252069718154453e-14,0.0,2.0789496133061241e-10,1.5876929490116354,1.979319486089537e-15,4.747185552284667e-14,0.0,0.0001476582327777483,,,,,,,,,,,,,2.019692331355484
core_N128_s2,moment3,2,128,5,100.0,76,599980,-1.2420620087993939e-15,7.077168192105345e-15,0.0,0.08205675535271324,1.5013537727122146,2.112893193739751e-15,5.3703146183692525e-14,0.0,0.100558464346184,,,,,,,,,,,,,2.5207518162621527
core_N128_s2,moment5,2,128,5,0.0001,76,599980,-1.1102230246251565e-16,5.268659059158652e-16,0.0,4.264883384962088e-14,3.850005967021357e-06,1.6653345369377348e-16,8.085101663891925e-16,0.0,8.168120409378863e-07,,,,,,,,,,,,,9.860723925325871e-06
core_N128_s2,moment5,2,128,5,0.001,76,599980,-5.551115123125783e-17,5.203497908211861e-16,0.0,3.637200305379173e-14,3.848653266739586e-06,2.220446049250313e-16,8.238627739098009e-16,0.0,8.048410774746578e-07,,,,,,,,,,,,,9.860723925325871e-06
core_N128_s2,moment5,2,128,5,0.01,76,599980,-1.1102230246251565e-16,3.638496786318724e-16,0.0,2.0472635342055114e-14,3.835207417869784e-06,1.6653345369377348e-16,7.935249055988388e-16,0.0,6.879360622948906e-07,,,,,,,,,,,,,9.860723925325871e-06
core_N128_s2,moment5,2,128,5,0.1,76,599980,-1.1102230246251565e-16,5.070097769673204e-16,0.0,6.206708593848636e-14,3.7089754493494864e-06,2.220446049250313e-16,7.348698102836292e-16,0.0,1.6078439129145937e-06,,,,,,,,,,,,,9.860723925325871e-06
core_N128_s2,moment5,2,128,5,1.0,76,599980,-5.551115123125783e-17,4.20075347555495e-16,0.0,3.4764786069986734e-14,3.0213258413239277e-06,1.6653345369377348e-16,7.692539931093761e-16,0.0,1.5131053734318417e-05,,,,,,,,,,,,,9.860723925325871e-06
core_N128_s2,moment5,2,128,5,10.0,76,599980,-5.551115123125783e-17,4.295703403855027e-16,0.0,6.315542543877525e-14,2.4233328665407367e-06,1.6653345369377348e-16,7.097749442916771e-16,0.0,0.0001476360075103077,,,,,,,,,,,,,9.860723925325871e-06
core_N128_s2,moment5,2,128,5,100.0,76,599980,-5.551115123125783e-17,5.696091404798481e-16,0.0,1.203979302888842e-12,2.823730597896283e-06,2.220446049250313e-16,7.195439144197233e-16,0.0,0.0014829711686322675,,,,,,,,,,,,,9.860723925325871e-06
core_N128_s2,moment9,2,128,5,0.0001,76,599980,-5.551115123125783e-17,1.5572994194704448e-16,0.0,4.2854239439688143e-14,3.608191681081439e-06,1.1102230246251565e-16,6.509590283516384e-16,0.0,8.168160981754127e-07,,,,,,,,,,,,,8.896021147237587e-06
core_N128_s2,moment9,2,128,5,0.001,76,599980,-5.551115123125783e-17,2.2179710695127218e-16,0.0,6.252773493651695e-14,3.6073944820782884e-06,1.1102230246251565e-16,6.583119578904116e-16,0.0,8.048449757835897e-07,,,,,,,,,,,,,8.896021147237587e-06
core_N128_s2,moment9,2,128,5,0.01,76,599980,0.0,2.1562953455925422e-16,0.0,5.006345218789191e-14,3.5994509680072045e-06,1.1102230246251565e-16,6.44664201215849e-16,0.0,6.879380078753074e-07,,,,,,,,,,,,,8.896021147237587e-06
core_N128_s2,moment9,2,128,5,0.1,76,599980,-5.551115123125783e-17,2.8254704235114753e-16,0.0,9.2892411470448e-15,3.5232137419802223e-06,1.1102230246251565e-16,6.300685377826713e-16,0.0,1.6078009157229694e-06,,,,,,,,,,,,,8.896021147237587e-06
core_N128_s2,moment9,2,128,5,1.0,76,599980,-5.551115123125783e-17,3.28667005321969e-16,0.0,6.731388697739206e-15,3.056125817908598e-06,1.1102230246251565e-16,5.843228229477773e-16,0.0,1.5130483023965812e-05,,,,,,,,,,,,,8.896021147237587e-06
core_N128_s2,moment9,2,128,5,10.0,76,599980,0.0,3.302819192785585e-16,0.0,7.893006353000416e-14,2.529943269935434e-06,1.1102230246251565e-16,6.281375254241423e-16,0.0,0.00014763715501761145,,,,,,,,,,,,,8.896021147237587e-06
core_N128_s2,moment9,2,128,5,100.0,76,599980,0.0,2.544426816886684e-16,0.0,5.6409249138253054e-14,2.3351862612184127e-06,1.1102230246251565e-16,5.604549433915687e-16,0.0,0.0014829827254825476,,,,,,,,,,,,,8.896021147237587e-06
core_N128_s2,sine,2,128,7,0.0001,76,599980,5.551115123125783e-17,2.3562089913508576e-16,0.0,2.8625059724400413e-11,4.3655185435983096e-07,8.326672684688674e-17,5.691015475957012e-16,0.0,4.6678279923757174e-08,,,,,,,,,,,,,4.3655185435983096e-07
core_N128_s2,sine,2,128,7,0.001,76,599980,2.7755575615628914e-17,2.5020259031098837e-16,0.0,2.8347557375899666e-11,4.3914824942890817e-07,8.326672684688674e-17,5.53199090788775e-16,0.0,4.5391224254886386e-08,,,,,,,,,,,,,4.3914824942890817e-07
core_N128_s2,sine,2,128,7,0.01,76,599980,5.551115123125783e-17,2.5216663951925784e-16,0.0,2.47487219987858e-11,4.661628853672232e-07,8.326672684688674e-17,5.635910760490137e-16,0.0,3.917404042315256e-08,,,,,,,,,,,,,4.661628853672232e-07
core_N128_s2,sine,2,128,7,0.1,76,599980,5.551115123125783e-17,2.242113016734965e-16,0.0,5.784533940578065e-11,8.815158477645089e-07,8.326672684688674e-17,5.562167352929164e-16,0.0,3.089714151767427e-07,,,,,,,,,,,,,8.815158477645089e-07
core_N128_s2,sine,2,128,7,1.0,76,599980,-4.440892098500626e-16,1.4248624154223914e-15,0.0,8.871391235836795e-09,0.05668707608996277,4.440892098500626e-16,1.4248624154223914e-15,0.0,3.080056460019571e-06,,,,,,,,,,,,,0.05668707608996277
core_N128_s2,sine,2,128,7,10.0,76,599980,-5.273559366969494e-16,5.783597195789642e-15,0.0,2.4408359440535815e-10,0.04553989060075087,5.273559366969494e-16,5.783597195789642e-15,0.0,3.079354231433441e-05,,,,,,,,,,,,,0.07267592969094473
core_N128_s2,sine,2,128,7,100.0,76,599980,-5.273559366969494e-16,5.306922125009677e-15,0.0,6.082239739742037e-09,0.0446715481673035,5.273559366969494e-16,6.599175971147363e-15,0.0,0.0003079286652696547,,,,,,,,,,,,,0.07894663217894753
core_N128_s2,runge,2,128,7,0.0001,76,599980,-2.7755575615628914e-17,5.312068187380709e-16,0.005649717514124294,3.8995277061726246e-10,0.3540591238926939,4.85722573273506e-17,9.07926494111812e-16,0.005649717514124294,3.7568294823800857e-07,,,,,,,,,,,,,0.3540591238926939
core_N128_s2,runge,2,128,7,0.001,76,599980,-2.7755575615628914e-17,1.6296748134467332e-16,0.005649717514124294,3.9107415265112483e-10,0.3538226229433071,3.469446951953614e-17,8.471925437067086e-16,0.005649717514124294,3.6356000702076346e-07,,,,,,,,,,,,,0.3538226229433071
core_N128_s2,runge,2,128,7,0.01,76,599980,-1.3877787807814457e-17,7.27411070095824e-16,0.005649717514124294,4.015379430207992e-10,0.3509189951073753,2.7755575615628914e-17,8.859388724295792e-16,0.005649717514124294,2.6703098785124245e-07,,,,,,,,,,,,,0.3509189951073753
core_N128_s2,runge,2,128,7,0.1,76,599980,2.7755575615628914e-17,6.238287347739863e-16,0.0037214203742937852,7.549345329557094e-10,0.2699178377765873,4.85722573273506e-17,8.402918522405062e-16,0.0037214203742937852,1.528847432492908e-06,,,,,,,,,,,,,0.2699178377765873
core_N128_s2,runge,2,128,7,1.0,76,599980,2.7755575615628914e-17,7.611624068595802e-16,0.0,2.4357400554000767e-10,0.007907150356181166,4.163336342344337e-17,8.766414395499727e-16,0.0,1.767697044768156e-05,,,,,,,,,,,,,0.05569890115508244
core_N128_s2,runge,2,128,7,10.0,76,599980,-1.734723475976807e-17,8.828888004954635e-16,0.0,3.0911983848640166e-11,0.00896699922308282,4.163336342344337e-17,1.479830958124227e-15,0.0,0.00017933648945629826,,,,,,,,,,,,,0.03850442527320485
core_N128_s2,runge,2,128,7,100.0,76,599980,-3.469446951953614e-18,2.974276413137128e-15,0.0,1.6183703614447648e-10,0.01036937557736562,3.122502256758253e-17,5.478253622679323e-15,0.0,0.00179594676853959,,,,,,,,,,,,,0.02553743008950199
core_N128_s2,moment3,2,128,7,0.0001,76,599980,-1.5959455978986625e-16,7.706567381940605e-15,0.0046428098516949155,4.5026670367262075e-09,1.4599476526609814,9.853229343548264e-16,9.891614898753062e-15,0.0046428098516949155,8.157676122792259e-07,,,,,,,,,,,,,1.4599476526609814
core_N128_s2,moment3,2,128,7,0.001,76,599980,-4.822531263215524e-16,4.178812980545526e-15,0.004631775247175141,4.230365789692153e-09,1.473636882826632,1.124100812432971e-15,8.281623006397662e-15,0.004631775247175141,8.037965199967329e-07,,,,,,,,,,,,,1.473636882826632
core_N128_s2,moment3,2,128,7,0.01,76,599980,-3.5128150388530344e-16,4.3721981800419736e-15,0.004502118644067797,2.805839083379778e-09,1.571230965676755,1.1032841307212493e-15,1.06730281430114e-14,0.004502118644067797,6.868992822380953e-07,,,,,,,,,,,,,1.571230965676755
core_N128_s2,moment3,2,128,7,0.1,76,599980,-1.9992688060632702e-16,3.267522834102172e-15,0.003445555261299435,1.7858306448776992e-09,1.8448499801309466,1.8318679906315083e-15,7.386633056775836e-15,0.003445555261299435,1.5958801656769519e-06,,,,,,,,,,,,,1.8448499801309466
core_N128_s2,moment3,2,128,7,1.0,76,599980,-3.1676050671336498e-15,1.293781479098362e-14,0.0,6.384081071079384e-10,0.6844587177345637,3.507610868425104e-15,1.600965999010657e-14,0.0008827683615819209,1.5009297877435513e-05,,,,,,,,,,,,,0.685827596537679
core_N128_s2,moment3,2,128,7,10.0,76,599980,-2.9276711263626076e-15,1.816822195504811e-14,0.0,1.3750827336042953e-10,0.8985854409348557,3.507394027990607e-15,2.1279651253691396e-14,0.00036138329802259885,0.00014766269503652422,,,,,,,,,,,,,0.996273894640392
core_N128_s2,moment3,2,128,7,100.0,76,599980,-2.8171909249863347e-15,1.569369076248385e-14,0.0,3.3428026327716116e-12,1.0623207007582627,3.4913478358378214e-15,2.1481274630721886e-14,0.0,0.0014832285724357564,,,,,,,,,,,,,1.3867219799626267
core_N128_s2,moment5,2,128,7,0.0001,76,599980,-1.1102230246251565e-16,4.722908846735338e-16,0.0,4.09207019843897e-14,2.3705355350674134e-07,1.6653345369377348e-16,8.650050103464136e-16,0.0,8.177855840044657e-07,,,,,,,,,,,,,4.611449699331034e-07
core_N128_s2,moment5,2,128,7,0.001,76,599980,-1.6653345369377348e-16,4.091397766887928e-16,0.0,5.0586596736490843e-14,2.3692754957685908e-07,2.220446049250313e-16,7.598031389067758e-16,0.0,8.058166349722692e-07,,,,,,,,,,,,,4.611449699331034e-07
core_N128_s2,moment5,2,128,7,0.01,76,599980,-1.1102230246251565e-16,5.128972196892699e-16,0.0,5.151262071858875e-14,2.356822524523705e-07,1.6653345369377348e-16,8.108911882230999e-16,0.0,6.889328684255906e-07,,,,,,,,,,,,,4.611449699331034e-07
core_N128_s2,moment5,2,128,7,0.1,76,599980,-5.551115123125783e-17,5.271224201294223e-16,0.0,3.656602396430657e-14,2.2457545550546648e-07,2.220446049250313e-16,8.06565879768995e-16,0.0,1.6064030762243269e-06,,,,,,,,,,,,,4.611449699331034e-07
core_N128_s2,moment5,2,128,7,1.0,76,599980,0.0,4.791965260816131e-16,0.0,5.0081853646213145e-14,1.7686418044065466e-07,1.6653345369377348e-16,7.513817905785111e-16,0.0,1.512778173150193e-05,,,,,,,,,,,,,4.611449699331034e-07
core_N128_s2,moment5,2,128,7,10.0,76,599980,-1.6653345369377348e-16,5.876787648678934e-16,0.0,8.986496764237971e-14,1.3826795366360756e-07,2.220446049250313e-16,7.513817905785111e-16,0.0,0.00014764078495273147,,,,,,,,,,,,,4.611449699331034e-07
core_N128_s2,moment5,2,128,7,100.0,76,599980,-5.551115123125783e-17,5.568077530757486e-16,0.0,8.432309479641987e-13,1.3550774224672102e-07,2.220446049250313e-16,7.513817905785111e-16,0.0,0.0014830254351336518,,,,,,,,,,,,,4.611449699331034e-07
core_N128_s2,moment9,2,128,7,0.0001,76,599980,0.0,2.795783037198208e-16,0.0,2.281958062665809e-14,1.189532831618147e-07,1.1102230246251565e-16,6.550588406368904e-16,0.0,8.177884884208737e-07,,,,,,,,,,,,,3.797859474852791e-07
core_N128_s2,moment9,2,128,7,0.001,76,599980,-1.1102230246251565e-16,2.8782289178759e-16,0.0,2.664433092955981e-14,1.1891574297063207e-07,1.1102230246251565e-16,6.701594151426287e-16,0.0,8.058194099004591e-07,,,,,,,,,,,,,3.797859474852791e-07
core_N128_s2,moment9,2,128,7,0.01,76,599980,-5.551115123125783e-17,2.2412281071323125e-16,0.0,4.964525667477661e-14,1.1854345381222644e-07,1.1102230246251565e-16,6.5083723898851135e-16,0.0,6.889339079895534e-07,,,,,,,,,,,,,3.797859474852791e-07
core_N128_s2,moment9,2,128,7,0.1,76,599980,5.551115123125783e-17,2.384530649395362e-16,0.0,2.953079645112153e-14,1.1510514647382724e-07,1.1102230246251565e-16,6.462458974025184e-16,0.0,1.6063709346474275e-06,,,,,,,,,,,,,3.797859474852791e-07
core_N128_s2,moment9,2,128,7,1.0,76,599980,-5.551115123125783e-17,3.045766097864484e-16,0.0,1.2297160245674567e-14,9.621922945057613e-08,1.1102230246251565e-16,6.207941845582379e-16,0.0,1.5127340249795613e-05,,,,,,,,,,,,,3.797859474852791e-07
core_N128_s2,moment9,2,128,7,10.0,76,599980,-5.551115123125783e-17,4.459638509050812e-16,0.0,5.637186165735802e-14,7.569699573683698e-08,1.1102230246251565e-16,5.709356660381646e-16,0.0,0.0001476414788987613,,,,,,,,,,,,,3.797859474852791e-07
core_N128_s2,moment9,2,128,7,100.0,76,599980,-1.1102230246251565e-16,3.5165073963599214e-16,0.0,2.2450910037802223e-14,6.726767867355197e-08,1.1102230246251565e-16,5.626341019958637e-16,0.0,0.0014830324516882033,,,,,,,,,,,,,3.797859474852791e-07
core_N128_s4,sine,4,128,0,0.0001,76,599980,0.0,2.086731388206763e-16,0.0,1.2625900180831276e-12,,1.1102230246251565e-16,3.6917691275833713e-16,0.0,3.961253639582537e-07,76,0,0.17310602675431264,76,0,0.09004403163236652,76,0,0.051596851358124626,76,0,0.0319736194189398,
core_N128_s4,sine,4,128,0,0.001,76,599980,0.0,2.0504315696236343e-16,0.0,1.2656579514989033e-12,,1.1102230246251565e-16,3.7229665064864366e-16,0.0,3.7783408377386463e-07,76,0,0.17310602675431264,76,0,0.09004403163236652,76,0,0.051596851358124626,76,0,0.0319736194189398,
core_N128_s4,sine,4,128,0,0.01,76,599980,-2.7755575615628914e-17,1.9884263673519493e-16,0.0,1.1237121084224676e-12,,1.1102230246251565e-16,3.7285920787216214e-16,0.0,1.9712314835913593e-07,76,0,0.17310602675431264,76,0,0.09004403163236652,76,0,0.051596851358124626,76,0,0.0319736194189398,
core_N128_s4,sine,4,128,0,0.1,76,599980,0.0,1.9141551791673715e-16,0.0,2.4709929144615157e-12,,1.1102230246251565e-16,3.7760195141148895e-16,0.0,1.6632856171378305e-06,76,0,0.17310602675431264,76,0,0.09004403163236652,76,0,0.051596851358124626,76,0,0.0319736194189398,
core_N128_s4,sine,4,128,0,1.0,76,599980,2.7755575615628914e-17,2.6996575711965436e-16,0.0,1.1013103095253868e-08,,5.551115123125783e-17,3.795811054592235e-16,0.0,2.0167059812168905e-05,76,0,0.17310602675431264,76,0,0.09004403163236652,76,0,0.051596851358124626,76,0,0.0319736194189398,
core_N128_s4,sine,4,128,0,10.0,76,599980,0.0,8.928065308889609e-16,0.003616591631355932,1.5111973502386268e-09,,5.551115123125783e-17,8.928065308889609e-16,0.0045931541313559325,0.00020521419237100224,76,0,0.17310602675431264,76,0,0.09004403163236652,76,0,0.051596851358124626,76,0,0.0319736194189398,
core_N128_s4,sine,4,128,0,100.0,76,599980,6.938893903907228e-18,7.511143789550266e-15,0.0024110610875706213,0.06375333519806067,,5.551115123125783e-17,7.511143789550266e-15,0.0035365907485875704,0.06375333519806067,76,0,0.17310602675431264,76,0,0.09004403163236652,76,0,0.051596851358124626,76,0,0.0319736194189398,
core_N128_s4,runge,4,128,0,0.0001,76,599980,0.0,5.779359947779559e-17,0.00896285752118644,1.209487500405269e-10,,1.3877787807814457e-17,4.3871977327328223e-16,0.00896285752118644,6.001299170480022e-08,76,0,0.08083414527037372,76,0,0.04400649400412547,76,0,0.027689714066945273,76,0,0.018931443702592126,
core_N128_s4,runge,4,128,0,0.001,76,599980,1.734723475976807e-18,6.329184143839951e-17,0.008838718220338984,1.1824370104948903e-10,,1.3877787807814457e-17,4.189773609870076e-16,0.008838718220338984,5.816727166388218e-08,76,0,0.08083414527037372,76,0,0.04400649400412547,76,0,0.027689714066945273,76,0,0.018931443702592126,
core_N128_s4,runge,4,128,0,0.01,76,599980,-1.734723475976807e-18,5.696473706065155e-17,0.0077518096751412425,1.0021528986107182e-10,,1.3877787807814457e-17,4.3034568594201955e-16,0.0077518096751412425,4.135354040613872e-08,76,0,0.08083414527037372,76,0,0.04400649400412547,76,0,0.027689714066945273,76,0,0.018931443702592126,
core_N128_s4,runge,4,128,0,0.1,76,599980,1.734723475976807e-18,4.009583220976015e-17,0.004863501942090395,1.499077496049605e-10,,6.938893903907228e-18,4.201794186999897e-16,0.004863501942090395,1.89146325671101e-07,76,0,0.08083414527037372,76,0,0.04400649400412547,76,0,0.027689714066945273,76,0,0.018931443702592126,
core_N128_s4,runge,4,128,0,1.0,76,599980,1.951563910473908e-18,3.992594959688422e-17,0.005346265889830508,3.926005835921619e-11,,1.3877787807814457e-17,4.216939561034744e-16,0.005346265889830508,2.3358883929980384e-06,76,0,0.08083414527037372,76,0,0.04400649400412547,76,0,0.027689714066945273,76,0,0.018931443702592126,
core_N128_s4,runge,4,128,0,10.0,76,599980,-2.168404344971009e-19,7.733953486146001e-17,0.004590395480225989,4.0121367824815565e-10,,1.3877787807814457e-17,3.8851509692337127e-16,0.004590395480225989,2.382553161779762e-05,76,0,0.08083414527037372,76,0,0.04400649400412547,76,0,0.027689714066945273,76,0,0.018931443702592126,
core_N128_s4,runge,4,128,0,100.0,76,599980,0.0,2.8064972114015584e-16,0.0035531426553672314,1.2356460029672225e-09,,1.3877787807814457e-17,8.430649935798149e-16,0.0035531426553672314,0.00023872371431065507,76,0,0.08083414527037372,76,0,0.04400649400412547,76,0,0.027689714066945273,76,0,0.018931443702592126,
core_N128_s4,moment3,4,128,0,0.0001,76,599980,0.0,3.7201987950322786e-16,0.017859507415254237,6.74451626758174e-10,,1.1102230246251565e-16,4.3424658264828325e-16,0.017859507415254237,3.299496001770314e-07,76,0,0.19865189361941293,76,0,0.1420901936192072,76,0,0.10301191239167473,76,0,0.0767618193701123,
core_N128_s4,moment3,4,128,0,0.001,76,599980,-2.7755575615628914e-17,2.648127514970722e-16,0.017969853460451976,1.142042491562964e-10,,1.1102230246251565e-16,3.807628694617551e-16,0.017969853460451976,3.152417767767707e-07,76,0,0.19865189361941293,76,0,0.1420901936192072,76,0,0.10301191239167473,76,0,0.0767618193701123,
core_N128_s4,moment3,4,128,0,0.01,76,599980,0.0,1.743217586362666e-16,0.013622219279661016,3.846501311491192e-10,,1.1102230246251565e-16,3.8096903917071306e-16,0.013784979696327684,1.7262594402904104e-07,76,0,0.19865189361941293,76,0,0.1420901936192072,76,0,0.10301191239167473,76,0,0.0767618193701123,
core_N128_s4,moment3,4,128,0,0.1,76,599980,6.938893903907228e-18,1.144029516623654e-16,0.009575278072033898,5.636751889142506e-10,,1.1102230246251565e-16,3.947862449124878e-16,0.009575278072033898,1.3658989792323097e-06,76,0,0.19865189361941293,76,0,0.1420901936192072,76,0,0.10301191239167473,76,0,0.0767618193701123,
core_N128_s4,moment3,4,128,0,1.0,76,599980,3.903127820947816e-18,1.8299151149600123e-16,0.0055697166313559325,2.488659319438881e-10,,1.1102230246251565e-16,4.3640997058765343e-16,0.0055697166313559325,1.6534513902797674e-05,76,0,0.19865189361941293,76,0,0.1420901936192072,76,0,0.10301191239167473,76,0,0.0767618193701123,
core_N128_s4,moment3,4,128,0,10.0,76,599980,7.806255641895632e-18,2.4551460241257268e-15,0.0,1.5915987211526365e-09,,1.1102230246251565e-16,2.4719679516330523e-15,0.0015889830508474577,0.00016824149820115805,76,0,0.19865189361941293,76,0,0.1420901936192072,76,0,0.10301191239167473,76,0,0.0767618193701123,
core_N128_s4,moment3,4,128,0,100.0,76,599980,2.2551405187698492e-17,8.118292276368104e-15,0.0,0.018261345882064843,,1.1102230246251565e-16,9.446283587206251e-15,0.0,0.018261345882064843,76,0,0.19865189361941293,76,0,0.1420901936192072,76,0,0.10301191239167473,76,0,0.0767618193701123,
core_N128_s4,moment5,4,128,0,0.0001,76,599980,0.0,2.0267051340826837e-16,0.0,5.047825688123734e-14,,1.1102230246251565e-16,3.4946955736454116e-16,0.0,3.3126303206286017e-07,76,0,0.08819415799363584,76,0,0.06949812601225044,76,0,0.05832473277320923,76,0,0.04880216533816486,
core_N128_s4,moment5,4,128,0,0.001,76,599980,0.0,2.1638575017028874e-16,0.0,2.3201049083005704e-14,,5.551115123125783e-17,3.454978535255749e-16,0.0,3.164769858281309e-07,76,0,0.08819415799363584,76,0,0.06949812601225044,76,0,0.05832473277320923,76,0,0.04880216533816486,
core_N128_s4,moment5,4,128,0,0.01,76,599980,0.0,1.9705183072072922e-16,0.0,3.601695998066894e-14,,5.551115123125783e-17,3.4336510025646996e-16,0.0,1.7296439121313467e-07,76,0,0.08819415799363584,76,0,0.06949812601225044,76,0,0.05832473277320923,76,0,0.04880216533816486,
core_N128_s4,moment5,4,128,0,0.1,76,599980,0.0,1.9314107785183312e-16,0.0,7.847530831135619e-14,,1.1102230246251565e-16,3.4336510025646996e-16,0.0,1.3714817354941853e-06,76,0,0.08819415799363584,76,0,0.06949812601225044,76,0,0.05832473277320923,76,0,0.04880216533816486,
core_N128_s4,moment5,4,128,0,1.0,76,599980,5.551115123125783e-17,2.1137633118732603e-16,0.0,3.371267678262058e-14,,1.1102230246251565e-16,3.4336510025646996e-16,0.0,1.660532935212501e-05,76,0,0.08819415799363584,76,0,0.06949812601225044,76,0,0.05832473277320923,76,0,0.04880216533816486,
core_N128_s4,moment5,4,128,0,10.0,76,599980,5.551115123125783e-17,1.958660139270203e-16,0.0,6.846584465958181e-14,,1.1102230246251565e-16,3.464926823098741e-16,0.0,0.00016896405388826954,76,0,0.08819415799363584,76,0,0.06949812601225044,76,0,0.05832473277320923,76,0,0.04880216533816486,
core_N128_s4,moment5,4,128,0,100.0,76,599980,0.0,2.1976989626565836e-16,0.0,4.788059750190282e-13,,5.551115123125783e-17,3.4336510025646996e-16,0.0,0.0016925529389591317,76,0,0.08819415799363584,76,0,0.06949812601225044,76,0,0.05832473277320923,76,0,0.04880216533816486,
core_N128_s4,moment9,4,128,0,0.0001,76,599980,0.0,1.065375207699613e-16,0.0,7.090165805273984e-14,,1.1102230246251565e-16,2.890112853510978e-16,0.0,3.312662127231016e-07,76,0,0.08862701591542263,76,0,0.04832939284182096,76,0,0.030420124672856944,76,0,0.021692517956373204,
core_N128_s4,moment9,4,128,0,0.001,76,599980,0.0,1.282880222711773e-16,0.0,5.5135273194840576e-14,,1.1102230246251565e-16,2.93404519499678e-16,0.0,3.16480222782612e-07,76,0,0.08862701591542263,76,0,0.04832939284182096,76,0,0.030420124672856944,76,0,0.021692517956373204,
core_N128_s4,moment9,4,128,0,0.01,76,599980,5.551115123125783e-17,1.0543352355012629e-16,0.0,2.5894052288051566e-14,,1.1102230246251565e-16,2.960435684666599e-16,0.0,1.7296924556224264e-07,76,0,0.08862701591542263,76,0,0.04832939284182096,76,0,0.030420124672856944,76,0,0.021692517956373204,
core_N128_s4,moment9,4,128,0,0.1,76,599980,-5.551115123125783e-17,1.0701866555943876e-16,0.0,2.8605721595296046e-14,,1.1102230246251565e-16,2.89021797848196e-16,0.0,1.3714689202327118e-06,76,0,0.08862701591542263,76,0,0.04832939284182096,76,0,0.030420124672856944,76,0,0.021692517956373204,
core_N128_s4,moment9,4,128,0,1.0,76,599980,0.0,1.189936131654424e-16,0.0,1.8627724910560432e-14,,1.1102230246251565e-16,2.834423287517036e-16,0.0,1.6605217409778173e-05,76,0,0.08862701591542263,76,0,0.04832939284182096,76,0,0.030420124672856944,76,0,0.021692517956373204,
core_N128_s4,moment9,4,128,0,10.0,76,599980,5.551115123125783e-17,1.2645213101486706e-16,0.0,4.324232660435964e-14,,1.1102230246251565e-16,2.8328626651948553e-16,0.0,0.00016896295398499724,76,0,0.08862701591542263,76,0,0.04832939284182096,76,0,0.030420124672856944,76,0,0.021692517956373204,
core_N128_s4,moment9,4,128,0,100.0,76,599980,0.0,1.3266366360080952e-16,0.0,3.6410301809310366e-14,,1.1102230246251565e-16,2.9095330893043405e-16,0.0,0.0016925419585773346,76,0,0.08862701591542263,76,0,0.04832939284182096,76,0,0.030420124672856944,76,0,0.021692517956373204,
core_N128_s4,sine,4,128,1,0.0001,76,599980,5.551115123125783e-17,1.8111189645346796e-16,0.0,4.627240813254081e-16,0.0029299500385620513,8.326672684688674e-17,6.5174710629444e-16,0.0,2.3736767970114922e-09,,,,,,,,,,,,,0.009301234372801908
core_N128_s4,sine,4,128,1,0.001,76,599980,2.7755575615628914e-17,1.9805585839597618e-16,0.0,4.631541736847642e-16,0.0029289202027546857,5.551115123125783e-17,6.60756700833445e-16,0.0,2.3736671746413652e-08,,,,,,,,,,,,,0.009301234372801908
core_N128_s4,sine,4,128,1,0.01,76,599980,5.551115123125783e-17,1.2054997552986812e-16,0.0,9.66249154445691e-16,0.002918706370002505,8.326672684688674e-17,7.692643972404998e-16,0.0,2.373667314002051e-07,,,,,,,,,,,,,0.009301234372801908
core_N128_s4,sine,4,128,1,0.1,76,599980,0.0,1.3840160380260556e-16,0.0,4.953600324963482e-16,0.002824820836556755,5.551115123125783e-17,7.301849239492608e-16,0.0,2.3736675116452166e-06,,,,,,,,,,,,,0.009301234372801908
core_N128_s4,sine,4,128,1,1.0,76,599980,5.551115123125783e-17,1.5694408960138952e-16,0.0,8.167605125988961e-16,0.0023753443614151094,5.551115123125783e-17,6.656774960828367e-16,0.0,2.373667507364118e-05,,,,,,,,,,,,,0.009301234372801908
core_N128_s4,sine,4,128,1,10.0,76,599980,5.551115123125783e-17,1.342058738639329e-16,0.0,3.969360106298733e-16,0.0020568664472029835,5.551115123125783e-17,6.097799146324255e-16,0.0,0.00023736675096201984,,,,,,,,,,,,,0.009301234372801908
core_N128_s4,sine,4,128,1,100.0,76,599980,5.551115123125783e-17,1.789654603098915e-16,0.0,2.4267603803865645e-14,0.0020141625651311735,5.551115123125783e-17,4.1730521427547415e-16,0.0,0.0023736675093784616,,,,,,,,,,,,,0.009301234372801908
core_N128_s4,runge,4,128,1,0.0001,76,599980,0.0,1.7992507411365718e-16,0.0,5.250766774019827e-16,0.002136376213339569,1.3877787807814457e-17,7.038939298520662e-16,0.0,2.2300863987261897e-10,,,,,,,,,,,,,0.003656893840978251
core_N128_s4,runge,4,128,1,0.001,76,599980,-6.938893903907228e-18,1.5933354996743042e-16,0.0,5.258085623313207e-16,0.002136438634899863,1.3877787807814457e-17,8.76915678693409e-16,0.0,2.23002344661185e-09,,,,,,,,,,,,,0.003656893840978251
core_N128_s4,runge,4,128,1,0.01,76,599980,-6.938893903907228e-18,1.3561139184573838e-16,0.0,5.348080919506551e-16,0.0021370541947090707,1.3877787807814457e-17,8.573324244323538e-16,0.0,2.2300053924911974e-08,,,,,,,,,,,,,0.003656893840978251
core_N128_s4,runge,4,128,1,0.1,76,599980,0.0,9.094491548412359e-17,0.0,1.161569807000328e-15,0.002142449375935071,1.3877787807814457e-17,5.507380420104347e-16,0.0,2.230004359325994e-07,,,,,,,,,,,,,0.003656893840978251
core_N128_s4,runge,4,128,1,1.0,76,599980,-6.938893903907228e-18,1.4477350049282258e-16,0.0,1.9196138743470974e-15,0.0021646742442851257,1.3877787807814457e-17,7.686189963676151e-16,0.0,2.230004407289375e-06,,,,,,,,,,,,,0.003656893840978251
core_N128_s4,runge,4,128,1,10.0,76,599980,0.0,1.1192837510546777e-16,0.0,2.0781264853148296e-15,0.002180001644441767,1.3877787807814457e-17,4.811489425725265e-16,0.0,2.2300043925280666e-05,,,,,,,,,,,,,0.003656893840978251
core_N128_s4,runge,4,128,1,100.0,76,599980,0.0,9.864708254260898e-17,0.0,7.462800527240722e-16,0.0021823517197917634,1.3877787807814457e-17,4.3543892192730274e-16,0.0,0.00022300043922921382,,,,,,,,,,,,,0.003656893840978251
core_N128_s4,moment3,4,128,1,0.0001,76,599980,5.551115123125783e-17,3.059646489438062e-16,0.0,8.250995885998993e-16,0.004557810686070094,1.1102230246251565e-16,9.81664403335676e-16,0.0,1.8746044045140634e-09,,,,,,,,,,,,,0.006633385857471321
core_N128_s4,moment3,4,128,1,0.001,76,599980,5.551115123125783e-17,2.198860491221355e-16,0.0,8.26239253849163e-16,0.0045569145849744105,1.1102230246251565e-16,5.857256042080545e-16,0.0,1.8745905617121243e-08,,,,,,,,,,,,,0.006633385857471321
core_N128_s4,moment3,4,128,1,0.01,76,599980,0.0,2.686747097512563e-16,0.0,1.2783407293922362e-15,0.0045480718970315,1.1102230246251565e-16,8.676667212621206e-16,0.0,1.8745893878985902e-07,,,,,,,,,,,,,0.006633385857471321
core_N128_s4,moment3,4,128,1,0.1,76,599980,5.551115123125783e-17,4.2230590786463833e-16,0.0,2.682604358325846e-16,0.004470220211368764,1.1102230246251565e-16,5.577185538987097e-16,0.0,1.8745893609503663e-06,,,,,,,,,,,,,0.006633385857471321
core_N128_s4,moment3,4,128,1,1.0,76,599980,0.0,3.4069124497029795e-16,0.0,1.1232442406644066e-15,0.004152225556320903,1.1102230246251565e-16,7.21693129328846e-16,0.0,1.874589383771424e-05,,,,,,,,,,,,,0.006633385857471321
core_N128_s4,moment3,4,128,1,10.0,76,599980,0.0,3.690038035129398e-16,0.0,1.8027001827471e-15,0.003952884052619206,1.1102230246251565e-16,8.639798768246514e-16,0.0,0.00018745893823823588,,,,,,,,,,,,,0.006633385857471321
core_N128_s4,moment3,4,128,1,100.0,76,599980,0.0,2.8582742395585456e-16,0.0,0.0,0.003926191850578865,1.1102230246251565e-16,5.784926222936551e-16,0.0,0.0018745893823119038,,,,,,,,,,,,,0.006633385857471321
core_N128_s4,moment5,4,128,1,0.0001,76,599980,-1.1102230246251565e-16,5.710054145200064e-16,0.0,8.487015791787274e-16,0.0065759799714584085,1.1102230246251565e-16,8.2382377137323275e-16,0.0,1.8746047575465404e-09,,,,,,,,,,,,,0.0065759799714584085
core_N128_s4,moment5,4,128,1,0.001,76,599980,-1.1102230246251565e-16,4.19843155041008e-16,0.0,8.498688030595623e-16,0.006575452366508793,1.1102230246251565e-16,9.566909464535943e-16,0.0,1.874590597015306e-08,,,,,,,,,,,,,0.006575452366508793
core_N128_s4,moment5,4,128,1,0.01,76,599980,-1.1102230246251565e-16,4.83846717812358e-16,0.0,1.3086632652446588e-15,0.006570198063629023,1.1102230246251565e-16,9.828843753189427e-16,0.0,1.8745892764471842e-07,,,,,,,,,,,,,0.006570198063629037
core_N128_s4,moment5,4,128,1,0.1,76,599980,-1.1102230246251565e-16,5.765497241908817e-16,0.0,2.6826043583258457e-16,0.006520213333913831,1.6653345369377348e-16,1.0396489623568196e-15,0.0,1.874589361349391e-06,,,,,,,,,,,,,0.006520213333913831
core_N128_s4,moment5,4,128,1,1.0,76,599980,-1.1102230246251565e-16,5.016882579066455e-16,0.0,4.8019704457506505e-14,0.006240267122203835,1.6653345369377348e-16,8.428179050428875e-16,0.0,1.8745893838435214e-05,,,,,,,,,,,,,0.006240267122203911
core_N128_s4,moment5,4,128,1,10.0,76,599980,-5.551115123125783e-17,5.225291985951834e-16,0.0,4.770898640179955e-14,0.005963100619290288,1.6653345369377348e-16,8.703529414852802e-16,0.0,0.0001874589382422683,,,,,,,,,,,,,0.0059631006192903705
core_N128_s4,moment5,4,128,1,100.0,76,599980,-1.1102230246251565e-16,4.625000790009634e-16,0.0,4.445748166092192e-14,0.0059114176500795835,1.1102230246251565e-16,8.186541277541107e-16,0.0,0.0018745893822865575,,,,,,,,,,,,,0.005911417650079603
core_N128_s4,moment9,4,128,1,0.0001,76,599980,-5.551115123125783e-17,3.5726899085572157e-16,0.0,8.487015791787274e-16,0.006565054916185563,1.1102230246251565e-16,7.058628238015203e-16,0.0,1.874604465416653e-09,,,,,,,,,,,,,0.006565054916185576
core_N128_s4,moment9,4,128,1,0.001,76,599980,0.0,1.9090318167278031e-16,0.0,8.498688030595623e-16,0.006564528537869828,1.1102230246251565e-16,5.244282448031931e-16,0.0,1.874590567802342e-08,,,,,,,,,,,,,0.00656452853786983
core_N128_s4,moment9,4,128,1,0.01,76,599980,0.0,3.4708851797977007e-16,0.0,1.3086632652446588e-15,0.006559286554694553,1.1102230246251565e-16,4.912572357025062e-16,0.0,1.874589388507613e-07,,,,,,,,,,,,,0.006559286554694553
core_N128_s4,moment9,4,128,1,0.1,76,599980,-5.551115123125783e-17,3.879215995375393e-16,0.0,1.617400624208257e-16,0.006509427628936422,1.1102230246251565e-16,5.796217348573824e-16,0.0,1.8745893610112686e-06,,,,,,,,,,,,,0.006509427628936422
core_N128_s4,moment9,4,128,1,1.0,76,599980,0.0,3.711206722271743e-16,0.0,4.802764334133334e-14,0.006230404621729333,1.1102230246251565e-16,6.20992870184164e-16,0.0,1.8745893837804964e-05,,,,,,,,,,,,,0.006230404621729381
core_N128_s4,moment9,4,128,1,10.0,76,599980,0.0,3.0619683410626364e-16,0.0,4.767958587489029e-14,0.005954477250352346,5.551115123125783e-17,5.581278660635683e-16,0.0,0.00018745893823853533,,,,,,,,,,,,,0.005954477250352439
core_N128_s4,moment9,4,128,1,100.0,76,599980,0.0,3.4380626245705273e-16,0.0,4.445748166092192e-14,0.0059030655468614605,1.1102230246251565e-16,4.101735935272835e-16,0.0,0.0018745893823040073,,,,,,,,,,,,,0.0059030655468614605
core_N128_s4,sine,4,128,3,0.0001,76,599980,2.7755575615628914e-17,2.496551318447458e-16,0.0,4.593798057442862e-12,0.00010013664173222415,5.551115123125783e-17,4.2137747667319766e-16,0.0,4.2813809893960666e-07,,,,,,,,,,,,,0.00039121167308675835
core_N128_s4,sine,4,128,3,0.001,76,599980,2.7755575615628914e-17,2.1594674391116947e-16,0.0,4.554210360821715e-12,0.00010048480230461616,8.326672684688674e-17,4.1640170894212196e-16,0.0,4.0995428941687704e-07,,,,,,,,,,,,,0.00039121167308675835
core_N128_s4,sine,4,128,3,0.01,76,599980,2.7755575615628914e-17,2.208805636793642e-16,0.0,4.210482264965812e-12,0.00010403977258388662,5.551115123125783e-17,4.0798055948524047e-16,0.0,2.30058274559122e-07,,,,,,,,,,,,,0.00039121167308675835
core_N128_s4,sine,4,128,3,0.1,76,599980,5.551115123125783e-17,2.8662393268622067e-16,0.0,6.885433595467256e-12,0.00014789853161741726,5.551115123125783e-17,4.189696590170103e-16,0.0,1.6210245370510657e-06,,,,,,,,,,,,,0.00039121167308675835
core_N128_s4,sine,4,128,3,1.0,76,599980,-1.942890293094024e-16,5.565642043963633e-16,0.00043586687853107344,6.029080231467527e-14,0.24623191355725482,1.942890293094024e-16,5.565642043963633e-16,0.00043586687853107344,2.002475335601781e-05,,,,,,,,,,,,,0.24623191355725482
core_N128_s4,sine,4,128,3,10.0,76,599980,-2.220446049250313e-16,7.157022741782055e-16,0.0,5.508195019963916e-14,0.32750210819856107,2.220446049250313e-16,8.091886587719282e-16,0.0,0.0002040738343798025,,,,,,,,,,,,,0.32750210819856107
core_N128_s4,sine,4,128,3,100.0,76,599980,-1.942890293094024e-16,2.266752348909882e-15,0.0,1.795902362924193e-13,0.5855023359418918,2.220446049250313e-16,3.4021037460567284e-15,0.0,0.0020445655791162263,,,,,,,,,,,,,0.5855023359418922
core_N128_s4,runge,4,128,3,0.0001,76,599980,-2.7755575615628914e-17,8.505369986758694e-17,0.0024386475988700564,9.159268444494552e-13,0.04269091846510497,2.7755575615628914e-17,4.409751565224435e-16,0.0024386475988700564,6.282552291692986e-08,,,,,,,,,,,,,0.06636103397135225
core_N128_s4,runge,4,128,3,0.001,76,599980,-2.0816681711721685e-17,3.39889691737966e-16,0.002424854343220339,8.791381570429813e-13,0.043231848623289354,3.8163916471489756e-17,4.15219543249737e-16,0.002424854343220339,6.103800833577372e-08,,,,,,,,,,,,,0.06741902599669702
core_N128_s4,runge,4,128,3,0.01,76,599980,-4.163336342344337e-17,2.0211537839602814e-16,0.002308990995762712,1.1346652695166076e-12,0.04810417944394575,4.85722573273506e-17,4.36387439416815e-16,0.002308990995762712,4.4975781631119205e-08,,,,,,,,,,,,,0.0759904387534995
core_N128_s4,runge,4,128,3,0.1,76,599980,-2.0816681711721685e-17,9.567482687228622e-17,0.001663466631355932,7.187009047320676e-13,0.07448919670158534,2.7755575615628914e-17,4.59975184504143e-16,0.001663466631355932,1.9006114004569761e-07,,,,,,,,,,,,,0.11271286623127305
core_N128_s4,runge,4,128,3,1.0,76,599980,-2.7755575615628914e-17,2.876353910429412e-16,0.00035586599576271184,4.7030027524168825e-14,0.08999990158948117,2.7755575615628914e-17,4.069962929138518e-16,0.000515867761299435,2.3430713196732306e-06,,,,,,,,,,,,,0.12339386211007872
core_N128_s4,runge,4,128,3,10.0,76,599980,-2.0816681711721685e-17,2.659240248406004e-16,0.0,5.198021332621371e-14,0.03746809954743127,4.163336342344337e-17,8.493372433215399e-16,0.0,2.390217938404529e-05,,,,,,,,,,,,,0.05863397376043499
core_N128_s4,runge,4,128,3,100.0,76,599980,-2.0816681711721685e-17,2.7371244053924605e-15,0.0,1.3234456267767814e-14,0.15495145039925337,3.469446951953614e-17,5.129165431605713e-15,0.0,0.0002394955440218652,,,,,,,,,,,,,0.19182014748158444
core_N128_s4,moment3,4,128,3,0.0001,76,599980,-9.436895708337592e-16,9.059334164089496e-15,0.0038317664194915256,2.401135847979841e-13,1.232111624237862,9.436895708337592e-16,9.059334164089496e-15,0.0038317664194915256,3.9642979153689765e-06,,,,,,,,,,,,,1.232111624237862
core_N128_s4,moment3,4,128,3,0.001,76,599980,-7.771561171502906e-16,4.397494014475672e-15,0.0036993511652542374,2.6614416879031415e-13,1.2203215280528052,8.08070713810552e-16,1.2723572206454413e-14,0.0036993511652542374,4.294834052343195e-06,,,,,,,,,,,,,1.2203215280528052
core_N128_s4,moment3,4,128,3,0.01,76,599980,-5.551115122973263e-16,3.5407991064514394e-15,0.003340726518361582,1.6610249102742397e-13,1.1667539654383021,7.973619361078349e-16,6.433459979882005e-15,0.003340726518361582,5.024089581115226e-07,,,,,,,,,,,,,1.1667539654383021
core_N128_s4,moment3,4,128,3,0.1,76,599980,-5.551115123037626e-16,2.67086447610678e-15,0.002623477224576271,1.936960866122353e-13,1.0532757985015155,8.053649147141082e-16,3.526997925862979e-15,0.002623477224576271,1.3325107305949876e-06,,,,,,,,,,,,,1.0532757985015155
core_N128_s4,moment3,4,128,3,1.0,76,599980,-5.551115123081711e-16,1.790291624687932e-15,0.0017572607697740113,1.7091916463111335e-13,1.0752408279660446,7.409418832542905e-16,2.9847751172296412e-15,0.0017572607697740113,1.642047664084809e-05,,,,,,,,,,,,,1.0752408279660446
core_N128_s4,moment3,4,128,3,10.0,76,599980,-8.326672684680912e-16,3.509771625713978e-15,0.0006786281779661017,2.4150847023476267e-13,1.5039395705949317,8.326672684680912e-16,3.778313783617174e-15,0.0006786281779661017,0.0001673260457355295,,,,,,,,,,,,,1.5039395705949326
core_N128_s4,moment3,4,128,3,100.0,76,599980,-8.326672684686859e-16,5.125232824475883e-15,0.0,8.763759874450582e-14,2.5137522952669022,8.326672684686859e-16,5.125232824475883e-15,0.0,0.001676383794665332,,,,,,,,,,,,,2.5137522952669022
core_N128_s4,moment5,4,128,3,0.0001,76,599980,-1.1102230246251565e-16,5.35587940151228e-16,0.0,2.5701311783567126e-14,0.00019118956542044143,1.6653345369377348e-16,6.519005901116362e-16,0.0,3.5831864312235454e-07,,,,,,,,,,,,,0.0002266970139241522
core_N128_s4,moment5,4,128,3,0.001,76,599980,-5.551115123125783e-17,5.213809268497058e-16,0.0,3.221418682412942e-14,0.00019114050621698187,1.6653345369377348e-16,6.982179035337093e-16,0.0,3.436090017591406e-07,,,,,,,,,,,,,0.0002266970139241522
core_N128_s4,moment5,4,128,3,0.01,76,599980,-1.1102230246251565e-16,6.012309824725149e-16,0.0,6.290233645033859e-14,0.00019065479338659894,1.6653345369377348e-16,6.465370735706325e-16,0.0,2.0034580971352278e-07,,,,,,,,,,,,,0.0002266970139241522
core_N128_s4,moment5,4,128,3,0.1,76,599980,-5.551115123125783e-17,4.939414008931542e-16,0.0,4.541787105406605e-14,0.00018624916650813097,1.6653345369377348e-16,6.611660745764836e-16,0.0,1.3390592297679148e-06,,,,,,,,,,,,,0.0002266970139241522
core_N128_s4,moment5,4,128,3,1.0,76,599980,-5.551115123125783e-17,5.467632781807681e-16,0.0,2.7791463851462767e-14,0.0001651394386284153,1.6653345369377348e-16,7.053509172856008e-16,0.0,1.650894655807932e-05,,,,,,,,,,,,,0.0002266970139241522
core_N128_s4,moment5,4,128,3,10.0,76,599980,-1.1102230246251565e-16,4.525315157807517e-16,0.0,6.499857747463177e-14,0.00014644006602450462,1.1102230246251565e-16,6.575074015094493e-16,0.0,0.00016823302337175885,,,,,,,,,,,,,0.0002266970139241522
core_N128_s4,moment5,4,128,3,100.0,76,599980,-5.551115123125783e-17,4.2147191476638577e-16,0.0,2.905015092117528e-14,0.00014018288306283738,1.6653345369377348e-16,6.882147554582611e-16,0.0,0.0016854757920934365,,,,,,,,,,,,,0.0002266970139241522
core_N128_s4,moment9,4,128,3,0.0001,76,599980,0.0,1.85043910008664e-16,0.0,2.970613160340666e-14,0.0002014808627870166,1.1102230246251565e-16,4.644351517206506e-16,0.0,3.5831864335338553e-07,,,,,,,,,,,,,0.00021982843078506524
core_N128_s4,moment9,4,128,3,0.001,76,599980,0.0,1.878534571147628e-16,0.0,2.4161951218622343e-14,0.0002014311110235992,1.1102230246251565e-16,4.559100626766729e-16,0.0,3.4360900198919575e-07,,,,,,,,,,,,,0.00021982843078506524
core_N128_s4,moment9,4,128,3,0.01,76,599980,0.0,3.191800899255368e-16,0.0,7.646645729549462e-15,0.0002009383238402862,5.551115123125783e-17,4.2931054472582875e-16,0.0,2.0034580992172326e-07,,,,,,,,,,,,,0.00021982843078506524
core_N128_s4,moment9,4,128,3,0.1,76,599980,0.0,3.8018642947408135e-16,0.0,1.7833155444085304e-14,0.0001964511496107933,1.1102230246251565e-16,4.334223528742143e-16,0.0,1.3390592294583158e-06,,,,,,,,,,,,,0.00021982843078506524
core_N128_s4,moment9,4,128,3,1.0,76,599980,-5.551115123125783e-17,3.085314517399738e-16,0.0,4.404057618754023e-15,0.00017456165233888915,1.1102230246251565e-16,4.567787404927987e-16,0.0,1.6508946557463963e-05,,,,,,,,,,,,,0.00021982843078506524
core_N128_s4,moment9,4,128,3,10.0,76,599980,0.0,2.926036424803548e-16,0.0,6.434888215348676e-14,0.00015465674851366693,1.1102230246251565e-16,4.737764077819522e-16,0.0,0.00016823302336758703,,,,,,,,,,,,,0.00021982843078506524
core_N128_s4,moment9,4,128,3,100.0,76,599980,0.0,3.5811979189076916e-16,0.0,3.295095590047646e-14,0.0001480287058497321,1.1102230246251565e-16,4.980599695325949e-16,0.0,0.001685475792079637,,,,,,,,,,,,,0.00021982843078506524
core_N128_s4,sine,4,128,5,0.0001,76,599980,2.7755575615628914e-17,2.9642572215608913e-16,0.0,1.2397502174925267e-12,3.1413579342003256e-06,8.326672684688674e-17,4.0686575435502216e-16,0.0,3.944309424272194e-07,,,,,,,,,,,,,1.7638128970947836e-05
core_N128_s4,sine,4,128,5,0.001,76,599980,2.7755575615628914e-17,2.4672583060272245e-16,0.0,1.1759548936452632e-12,3.149356023946469e-06,8.326672684688674e-17,4.1230801692381116e-16,0.0,3.7613495868824683e-07,,,,,,,,,,,,,1.7638128970947836e-05
core_N128_s4,sine,4,128,5,0.01,76,599980,5.551115123125783e-17,2.3234486710209714e-16,0.0,1.052172798106688e-12,3.231130061097962e-06,8.326672684688674e-17,4.0164430082979023e-16,0.0,1.9538840113018076e-07,,,,,,,,,,,,,1.7638128970947836e-05
core_N128_s4,sine,4,128,5,0.1,76,599980,0.0,2.0649263413716373e-16,0.0,2.4444732756131115e-12,4.23532058152508e-06,5.551115123125783e-17,4.188598478879623e-16,0.0,1.6653307946769833e-06,,,,,,,,,,,,,1.7638128970947836e-05
core_N128_s4,sine,4,128,5,1.0,76,599980,2.7755575615628914e-17,2.8976965291654137e-16,0.0,8.746565833111091e-09,0.00029555102858837984,8.326672684688674e-17,4.2538723381086604e-16,0.0,2.0172771919096306e-05,,,,,,,,,,,,,0.00029555102858837984
core_N128_s4,sine,4,128,5,10.0,76,599980,-8.389122729823839e-15,3.155330560920932e-14,0.0,1.9593971073226623e-12,7.261459318822821,1.0942635686461699e-14,4.2174742078921075e-14,0.0,0.00020525643650621145,,,,,,,,,,,,,7.261459318822821
core_N128_s4,sine,4,128,5,100.0,76,599980,-8.902600878712974e-15,6.099650585956475e-14,0.0,3.039611219297148e-13,10.389344067347226,1.0699774399824946e-14,6.099650585956475e-14,0.0,0.0020560938315889762,,,,,,,,,,,,,10.389835165435235
core_N128_s4,runge,4,128,5,0.0001,76,599980,-6.938893903907228e-18,2.2861966407162235e-16,0.0,3.6817956165449995e-11,0.010396631324554624,2.0816681711721685e-17,4.4375278407507484e-16,0.0,5.993057416191512e-08,,,,,,,,,,,,,0.010396631324554624
core_N128_s4,runge,4,128,5,0.001,76,599980,1.3877787807814457e-17,2.327552542022678e-16,0.0,4.079977830414119e-11,0.010650758680548428,2.0816681711721685e-17,4.2894303082345095e-16,0.0,5.808097178898355e-08,,,,,,,,,,,,,0.010650758680548428
core_N128_s4,runge,4,128,5,0.01,76,599980,-3.469446951953614e-18,2.0730219395073121e-16,0.0,9.272170258352535e-11,0.01323397478809794,2.0816681711721685e-17,4.409202646649911e-16,0.0,4.121280321061797e-08,,,,,,,,,,,,,0.01323397478809794
core_N128_s4,runge,4,128,5,0.1,76,599980,3.8163916471489756e-17,8.263803832694299e-16,0.0,5.364256931241028e-11,0.04440235210977562,3.8163916471489756e-17,8.263803832694299e-16,0.0,1.8903633417664924e-07,,,,,,,,,,,,,0.04440235210977562
core_N128_s4,runge,4,128,5,1.0,76,599980,9.540979117872439e-17,3.974758193703848e-16,0.0,4.42975244282028e-13,0.1100925042350038,1.1622647289044608e-16,1.5578097055423095e-15,0.0,2.3355135103226446e-06,,,,,,,,,,,,,0.1100925042350038
core_N128_s4,runge,4,128,5,10.0,76,599980,3.8163916471489756e-17,2.7712622481851813e-15,0.0,4.375265595484777e-13,0.19442454474210172,7.979727989493313e-17,2.7712622481851813e-15,0.0,2.3822176979242608e-05,,,,,,,,,,,,,0.19648129237894546
core_N128_s4,runge,4,128,5,100.0,76,599980,-3.469446951953614e-18,1.0021159768679713e-15,0.0,2.643944945042002e-10,0.953718511086807,7.806255641895632e-17,8.417704035781928e-15,0.0,0.00023869053601444006,,,,,,,,,,,,,0.953718511086807
core_N128_s4,moment3,4,128,5,0.0001,76,599980,0.0,3.631077372230304e-16,0.0,1.1962494311425596e-10,0.03042605870155772,1.6653345369377348e-16,5.112480369130242e-16,0.0,3.2859201741886543e-07,,,,,,,,,,,,,0.03042605870155772
core_N128_s4,moment3,4,128,5,0.001,76,599980,0.0,4.0142641378943013e-16,0.0,5.295716931042109e-11,0.03302669203755201,1.1102230246251565e-16,5.470697025092345e-16,0.0,3.1387910137847017e-07,,,,,,,,,,,,,0.03302669203755201
core_N128_s4,moment3,4,128,5,0.01,76,599980,-1.1102230246251565e-16,5.213369998612586e-16,0.0,2.680516060348968e-10,0.05716005605952081,1.1102230246251565e-16,5.213369998612586e-16,0.0,1.7123728395525973e-07,,,,,,,,,,,,,0.05716005605952081
core_N128_s4,moment3,4,128,5,0.1,76,599980,-1.6653345369377348e-16,2.121268604294779e-15,0.0,1.966022491591729e-09,0.2707367510910085,2.7755575615628914e-16,2.121268604294779e-15,0.0,1.3675422199609324e-06,,,,,,,,,,,,,0.2707367510910085
core_N128_s4,moment3,4,128,5,1.0,76,599980,-2.2690183065776637e-15,6.051974173810249e-15,0.0,5.051753868670643e-10,1.4465641469224513,2.2690183065776637e-15,8.89464475531836e-15,0.0,1.6539695298226928e-05,,,,,,,,,,,,,1.4465641469224513
core_N128_s4,moment3,4,128,5,10.0,76,599980,-1.5508427875232655e-15,5.135177459902034e-14,0.0,2.1435797876618463e-10,1.3156529544320659,1.8370721610594387e-15,5.135177459902034e-14,0.0,0.00016828178869665665,,,,,,,,,,,,,1.7847976384542064
core_N128_s4,moment3,4,128,5,100.0,76,599980,-1.3895135042574225e-15,9.242521122662017e-15,0.0,0.0494401262307471,1.2167866243549443,2.0088097851811426e-15,6.178343371078605e-14,0.0,0.8855417304859498,,,,,,,,,,,,,2.45673397847029
core_N128_s4,moment5,4,128,5,0.0001,76,599980,0.0,6.439264755617778e-16,0.0,2.017458988743996e-14,7.196019192727552e-06,2.220446049250313e-16,7.135281270042635e-16,0.0,3.2985505592830647e-07,,,,,,,,,,,,,1.2435928270343327e-05
core_N128_s4,moment5,4,128,5,0.001,76,599980,0.0,3.201680627068349e-16,0.0,4.868515547681531e-14,7.192058901989029e-06,1.6653345369377348e-16,6.500819640333492e-16,0.0,3.150650457807714e-07,,,,,,,,,,,,,1.2435928270343327e-05
core_N128_s4,moment5,4,128,5,0.01,76,599980,-1.1102230246251565e-16,5.795003076585276e-16,0.0,4.245372037553507e-14,7.152970403888219e-06,1.1102230246251565e-16,6.85222109832418e-16,0.0,1.7153751548811912e-07,,,,,,,,,,,,,1.2435928270343327e-05
core_N128_s4,moment5,4,128,5,0.1,76,599980,-1.6653345369377348e-16,2.6830042541252965e-16,0.0,9.236840101023831e-14,6.807610248079667e-06,2.220446049250313e-16,7.562279236338378e-16,0.0,1.3730601442351383e-06,,,,,,,,,,,,,1.2435928270343327e-05
core_N128_s4,moment5,4,128,5,1.0,76,599980,-1.1102230246251565e-16,4.3910555930224677e-16,0.0,5.711579514634441e-14,5.3194903239209546e-06,1.6653345369377348e-16,6.992506990904022e-16,0.0,1.660938751101175e-05,,,,,,,,,,,,,1.2435928270343327e-05
core_N128_s4,moment5,4,128,5,10.0,76,599980,-1.1102230246251565e-16,4.475564927683447e-16,0.0,5.474200407969254e-14,4.2037703716818095e-06,1.6653345369377348e-16,7.092275567269664e-16,0.0,0.0001689926424806993,,,,,,,,,,,,,1.2435928270343327e-05
core_N128_s4,moment5,4,128,5,100.0,76,599980,-1.6653345369377348e-16,4.848343123499268e-16,0.0,7.997266414275376e-13,4.380097785063316e-06,2.220446049250313e-16,6.97716647767319e-16,0.0,0.0016928268118803936,,,,,,,,,,,,,1.2435928270343327e-05
core_N128_s4,moment9,4,128,5,0.0001,76,599980,0.0,3.647199486278947e-16,0.0,4.559982209469928e-14,7.5387300755285836e-06,1.1102230246251565e-16,4.485857696611403e-16,0.0,3.298556358579655e-07,,,,,,,,,,,,,1.0725127757377702e-05
core_N128_s4,moment9,4,128,5,0.001,76,599980,-5.551115123125783e-17,2.8220652736427253e-16,0.0,4.5635306412818776e-14,7.5352530461555794e-06,1.1102230246251565e-16,4.845365603112674e-16,0.0,3.1506586954239117e-07,,,,,,,,,,,,,1.0725127757377702e-05
core_N128_s4,moment9,4,128,5,0.01,76,599980,5.551115123125783e-17,2.1624741586208621e-16,0.0,3.0145740729179576e-14,7.500891247967603e-06,1.1102230246251565e-16,4.955009724038812e-16,0.0,1.7154118219145963e-07,,,,,,,,,,,,,1.0725127757377702e-05
core_N128_s4,moment9,4,128,5,0.1,76,599980,-5.551115123125783e-17,2.8208499252267426e-16,0.0,1.2014204159771986e-14,7.1938804276898635e-06,1.1102230246251565e-16,4.738465250355367e-16,0.0,1.3730386684792609e-06,,,,,,,,,,,,,1.0725127757377702e-05
core_N128_s4,moment9,4,128,5,1.0,76,599980,5.551115123125783e-17,3.0313892853039836e-16,0.0,6.047826274066702e-14,5.796931192030504e-06,1.1102230246251565e-16,5.380870034663024e-16,0.0,1.6609164077728553e-05,,,,,,,,,,,,,1.0725127757377702e-05
core_N128_s4,moment9,4,128,5,10.0,76,599980,-5.551115123125783e-17,2.0998527199675765e-16,0.0,6.549771335790374e-14,4.618922041451332e-06,1.6653345369377348e-16,4.326396883847023e-16,0.0,0.00016899040232617283,,,,,,,,,,,,,1.0725127757377702e-05
core_N128_s4,moment9,4,128,5,100.0,76,599980,-5.551115123125783e-17,2.854464797408923e-16,0.0,6.174112289587563e-14,4.321700933136101e-06,1.1102230246251565e-16,4.696730034637835e-16,0.0,0.0016928044046286346,,,,,,,,,,,,,1.0725127757377702e-05
core_N128_s4,sine,4,128,7,0.0001,76,599980,2.7755575615628914e-17,2.1101540833359673e-16,0.0,1.2528478549221058e-12,1.582751130491961e-07,8.326672684688674e-17,4.035133140610833e-16,0.0,3.961998443095216e-07,,,,,,,,,,,,,7.906085684977324e-07
core_N128_s4,sine,4,128,7,0.001,76,599980,2.7755575615628914e-17,2.1895657220055753e-16,0.0,1.2445528329822434e-12,1.5875226985296712e-07,8.326672684688674e-17,4.1730276134930634e-16,0.0,3.779086756989271e-07,,,,,,,,,,,,,7.906085684977324e-07
core_N128_s4,sine,4,128,7,0.01,76,599980,5.551115123125783e-17,2.597015959671864e-16,0.0,1.1698146095080892e-12,1.6365402365455365e-07,8.326672684688674e-17,4.084640170531752e-16,0.0,1.971994143724128e-07,,,,,,,,,,,,,7.906085684977324e-07
core_N128_s4,sine,4,128,7,0.1,76,599980,5.551115123125783e-17,2.5474792191318997e-16,0.0,2.516103784897673e-12,2.273401327659456e-07,5.551115123125783e-17,4.0721291358465025e-16,0.0,1.6631989254466117e-06,,,,,,,,,,,,,7.906085684977324e-07
core_N128_s4,sine,4,128,7,1.0,76,599980,2.7755575615628914e-17,3.0054619645861823e-16,0.0,1.0994788906187045e-08,7.134732911916083e-05,5.551115123125783e-17,4.2102025656308813e-16,0.0,2.0166836929571615e-05,,,,,,,,,,,,,7.134732911916083e-05
core_N128_s4,sine,4,128,7,10.0,76,599980,-4.718447854656915e-16,2.46454645745881e-15,0.0,2.12404714450833e-10,0.04021081211065778,4.996003610813204e-16,2.5949688858741204e-15,0.0,0.00020521261496250442,,,,,,,,,,,,,0.0568419852564896
core_N128_s4,sine,4,128,7,100.0,76,599980,-5.551115123125783e-16,3.685938543282278e-15,0.0,4.701481541094029e-09,0.063043946462659,5.551115123125783e-16,5.052942477639403e-15,0.0,0.0020556711551795535,,,,,,,,,,,,,0.063043946462659
core_N128_s4,runge,4,128,7,0.0001,76,599980,-3.469446951953614e-18,5.141746575144397e-16,0.0,1.9986975145423377e-10,0.007782687438524126,2.7755575615628914e-17,5.141746575144397e-16,0.0010400114759887005,6.001482187426958e-08,,,,,,,,,,,,,0.04133958838967941
core_N128_s4,runge,4,128,7,0.001,76,599980,-1.3877787807814457e-17,3.83752738321976e-16,0.0,1.9865489920897893e-10,0.00772079881686439,3.469446951953614e-17,4.279542270773864e-16,0.001020700918079096,5.8169278834720654e-08,,,,,,,,,,,,,0.04120442859305807
core_N128_s4,runge,4,128,7,0.01,76,599980,0.0,2.986102873121655e-16,0.0,1.8693572580876337e-10,0.007558322217396006,4.85722573273506e-17,4.313573439709823e-16,0.0008358712923728814,4.135868843544847e-08,,,,,,,,,,,,,0.039609589235195315
core_N128_s4,runge,4,128,7,0.1,76,599980,1.0408340855860843e-17,3.452592025656817e-16,0.0,1.958836619492092e-10,0.007729748234632876,3.122502256758253e-17,4.457500116383706e-16,0.0005627648305084746,1.8915393837689775e-07,,,,,,,,,,,,,0.049881436371144575
core_N128_s4,runge,4,128,7,1.0,76,599980,-4.163336342344337e-17,4.38298606036259e-16,0.0,2.3643138344425623e-10,0.006725617074266554,4.163336342344337e-17,7.825118694754854e-16,0.0,2.335906335155119e-06,,,,,,,,,,,,,0.04440179578591731
core_N128_s4,runge,4,128,7,10.0,76,599980,6.938893903907228e-18,6.097192870265869e-16,0.0,5.612758516215316e-11,0.009319916337109298,5.551115123125783e-17,1.4116612520852671e-15,0.0,2.3825669194039354e-05,,,,,,,,,,,,,0.011301607516051299
core_N128_s4,runge,4,128,7,100.0,76,599980,1.3877787807814457e-17,3.784022597335009e-15,0.0,1.8169526564163642e-09,0.01271007927976014,5.204170427930421e-17,4.931803414940273e-15,0.0,0.00023872504937078726,,,,,,,,,,,,,0.019453768220894858
core_N128_s4,moment3,4,128,7,0.0001,76,599980,-2.8449465006019636e-16,4.6392799606346464e-15,0.004320047669491525,9.951650214001661e-09,1.2356851936369835,1.1379786002407855e-15,1.4033246532897949e-14,0.004320047669491525,3.300085396800683e-07,,,,,,,,,,,,,1.2356851936369835
core_N128_s4,moment3,4,128,7,0.001,76,599980,-3.408731630294426e-16,6.768889038041832e-15,0.004336599576271186,8.819869835775234e-09,1.2599632606520996,1.1934897514720433e-15,1.0176182957664129e-14,0.004336599576271186,4.6898623549320825e-07,,,,,,,,,,,,,1.2599632606520996
core_N128_s4,moment3,4,128,7,0.01,76,599980,-3.7903707950093235e-16,3.873231279012406e-15,0.004314530367231639,4.38120793136044e-09,1.4023238452156714,1.1657341758564144e-15,8.023679657248952e-15,0.004314530367231639,3.9193143982476336e-07,,,,,,,,,,,,,1.4023238452156714
core_N128_s4,moment3,4,128,7,0.1,76,599980,-1.8127860323957634e-16,4.884997773549683e-15,0.003451072563559322,1.885449921017896e-09,1.6765994624964082,1.6653345369377348e-15,1.023976200962578e-14,0.003451072563559322,1.3658285103001156e-06,,,,,,,,,,,,,1.6765994624964082
core_N128_s4,moment3,4,128,7,1.0,76,599980,-3.2873009869760494e-15,1.3126363233646052e-14,0.0,5.334509379714322e-10,0.6427656044170111,3.3775066077268434e-15,1.4615991597607408e-14,0.0008965616172316385,1.6534293038283663e-05,,,,,,,,,,,,,0.6720922866217757
core_N128_s4,moment3,4,128,7,10.0,76,599980,-2.9670276652238314e-15,1.7476696804418782e-14,0.0,2.5065032802615754e-11,0.8618999853264482,3.363628819919029e-15,2.1601465582839895e-14,0.00035862464689265537,0.00016823978587778197,,,,,,,,,,,,,0.995519418513523
core_N128_s4,moment3,4,128,7,100.0,76,599980,-2.446935883082535e-15,1.5119594254040973e-14,0.0,6.518656439836364e-12,1.035414160720097,3.172375556692586e-15,2.1181993614908848e-14,0.0,0.001685296402421885,,,,,,,,,,,,,1.3387737048828625
core_N128_s4,moment5,4,128,7,0.0001,76,599980,-1.1102230246251565e-16,3.3971084050051666e-16,0.0,4.659556298230043e-14,4.060966972119072e-07,1.6653345369377348e-16,7.023151548492447e-16,0.0,3.3132427933647943e-07,,,,,,,,,,,,,6.775982384041054e-07
core_N128_s4,moment5,4,128,7,0.001,76,599980,-1.1102230246251565e-16,4.680905812091946e-16,0.0,5.105156274727117e-14,4.057979931215177e-07,2.220446049250313e-16,7.203715072819452e-16,0.0,3.165383521766481e-07,,,,,,,,,,,,,6.775982384041054e-07
core_N128_s4,moment5,4,128,7,0.01,76,599980,0.0,5.330395795138647e-16,0.0,4.3871761776674233e-14,4.028541604795645e-07,1.6653345369377348e-16,6.333157697549123e-16,0.0,1.7302663905845032e-07,,,,,,,,,,,,,6.775982384041054e-07
core_N128_s4,moment5,4,128,7,0.1,76,599980,-5.551115123125783e-17,4.723427178236554e-16,0.0,8.853747178261666e-14,3.771828587849825e-07,1.6653345369377348e-16,7.330695918471251e-16,0.0,1.3714143919329228e-06,,,,,,,,,,,,,6.775982384041054e-07
core_N128_s4,moment5,4,128,7,1.0,76,599980,0.0,4.0907597038575394e-16,0.0,1.8694009142806333e-14,2.7316775038049206e-07,1.6653345369377348e-16,6.666433974029615e-16,0.0,1.660516130643154e-05,,,,,,,,,,,,,6.775982384041054e-07
core_N128_s4,moment5,4,128,7,10.0,76,599980,0.0,5.947409121150331e-16,0.0,6.963762361179084e-14,2.022829817592141e-07,2.220446049250313e-16,7.524030450179142e-16,0.0,0.00016896289178381003,,,,,,,,,,,,,6.775982384041054e-07
core_N128_s4,moment5,4,128,7,100.0,76,599980,-1.1102230246251565e-16,5.959098858885178e-16,0.0,4.664608910563016e-13,1.9894814781209344e-07,2.220446049250313e-16,7.2465256527143785e-16,0.0,0.0016925418369302236,,,,,,,,,,,,,6.775982384041054e-07
core_N128_s4,moment9,4,128,7,0.0001,76,599980,0.0,1.5345869390626925e-16,0.0,7.6998486728674e-14,3.0340804764691e-07,1.1102230246251565e-16,5.803228479528925e-16,0.0,3.31327700930912e-07,,,,,,,,,,,,,5.100226143770678e-07
core_N128_s4,moment9,4,128,7,0.001,76,599980,-5.551115123125783e-17,2.8884739902652466e-16,0.0,2.7716844739140622e-14,3.032089102197366e-07,1.1102230246251565e-16,4.5586852981930275e-16,0.0,3.1654191484373016e-07,,,,,,,,,,,,,5.100226143770678e-07
core_N128_s4,moment9,4,128,7,0.01,76,599980,5.551115123125783e-17,3.3277121133849665e-16,0.0,1.5072786422355014e-14,3.012440077134183e-07,1.1102230246251565e-16,4.85408003055005e-16,0.0,1.7303173327980124e-07,,,,,,,,,,,,,5.100226143770678e-07
core_N128_s4,moment9,4,128,7,0.1,76,599980,-5.551115123125783e-17,2.0381431629540335e-16,0.0,1.0307558750653117e-14,2.8392039752220897e-07,1.1102230246251565e-16,4.608051411862966e-16,0.0,1.371402484256721e-06,,,,,,,,,,,,,5.100226143770678e-07
core_N128_s4,moment9,4,128,7,1.0,76,599980,0.0,3.0496539598413193e-16,0.0,1.6183727411957646e-14,2.0909983550639436e-07,1.6653345369377348e-16,5.268606316477758e-16,0.0,1.660506130152563e-05,,,,,,,,,,,,,5.100226143770678e-07
core_N128_s4,moment9,4,128,7,10.0,76,599980,0.0,1.8990880249294932e-16,0.0,8.048341972263887e-14,1.4955199831649768e-07,1.1102230246251565e-16,4.3098449056260656e-16,0.0,0.0001689619130136607,,,,,,,,,,,,,5.100226143770678e-07
core_N128_s4,moment9,4,128,7,100.0,76,599980,0.0,2.434748129254163e-16,0.0,3.2635013458281096e-14,1.3485347317251056e-07,1.6653345369377348e-16,4.451070767201499e-16,0.0,0.001692532071038466,,,,,,,,,,,,,5.100226143770678e-07
core_N128_s1,sine,1,128,0,0.0001,76,599980,-2.7755575615628914e-17,2.11994975491439e-16,0.0,1.9364443618789246e-09,,5.551115123125783e-17,2.5827810772964946e-16,0.0,7.535938215419224e-08,76,0,0.12961163760197447,76,0,0.06551397626551161,76,0,0.03521113867045324,76,0,0.01998700220668421,
core_N128_s1,sine,1,128,0,0.001,76,599980,2.7755575615628914e-17,1.9875922501958112e-16,0.0,1.929046019869314e-09,,5.551115123125783e-17,2.579082329722195e-16,0.0,7.456561628325852e-08,76,0,0.12961163760197447,76,0,0.06551397626551161,76,0,0.03521113867045324,76,0,0.01998700220668421,
core_N128_s1,sine,1,128,0,0.01,76,599980,0.0,2.0565857101213964e-16,0.0,1.8327230188308845e-09,,5.551115123125783e-17,2.6400621560062757e-16,0.0,6.662898905294158e-08,76,0,0.12961163760197447,76,0,0.06551397626551161,76,0,0.03521113867045324,76,0,0.01998700220668421,
core_N128_s1,sine,1,128,0,0.1,76,599980,0.0,1.6855265921686274e-16,0.0026786502471751413,3.86558737222539e-09,,5.551115123125783e-17,2.5451384364700254e-16,0.0026786502471751413,1.754313500043696e-07,76,0,0.12961163760197447,76,0,0.06551397626551161,76,0,0.03521113867045324,76,0,0.01998700220668421,
core_N128_s1,sine,1,128,0,1.0,76,599980,0.0,1.367853747345537e-16,0.004157287252824859,9.973298207716034e-12,,5.551115123125783e-17,2.493616996416698e-16,0.004157287252824859,1.8056615630749323e-06,76,0,0.12961163760197447,76,0,0.06551397626551161,76,0,0.03521113867045324,76,0,0.01998700220668421,
core_N128_s1,sine,1,128,0,10.0,76,599980,-1.3877787807814457e-17,3.549804511740098e-16,0.004022113347457627,2.47659277472322e-09,,5.551115123125783e-17,3.5827160045193024e-16,0.004736603990112994,1.7989932721983365e-05,76,0,0.12961163760197447,76,0,0.06551397626551161,76,0,0.03521113867045324,76,0,0.01998700220668421,
core_N128_s1,sine,1,128,0,100.0,76,599980,2.0383000842727483e-17,9.345338028844574e-15,0.0032276218220338984,2.850190042224855e-08,,5.551115123125783e-17,9.345338028844574e-15,0.00406349311440678,0.00017991771924734105,76,0,0.12961163760197447,76,0,0.06551397626551161,76,0,0.03521113867045324,76,0,0.01998700220668421,
core_N128_s1,runge,1,128,0,0.0001,76,599980,3.469446951953614e-18,6.260126241419188e-17,0.008154572740112994,9.888516301297687e-11,,1.3877787807814457e-17,4.0392198467212313e-16,0.008154572740112994,1.0518172891237834e-07,76,0,0.04636991158748838,76,0,0.025298435008747646,76,0,0.015847470938593324,76,0,0.010675017913895784,
core_N128_s1,runge,1,128,0,0.001,76,599980,0.0,4.8275326639278e-17,0.00815181408898305,9.461998336628524e-11,,1.3877787807814457e-17,4.2448863349171385e-16,0.00815181408898305,1.012446357871656e-07,76,0,0.04636991158748838,76,0,0.025298435008747646,76,0,0.015847470938593324,76,0,0.010675018113206439,
core_N128_s1,runge,1,128,0,0.01,76,599980,0.0,4.646612271079695e-17,0.007696636652542373,5.9393762278953e-11,,1.3877787807814457e-17,4.241699948396644e-16,0.007696636652542373,6.447525234256698e-08,76,0,0.04636991158748838,76,0,0.025298435008747646,76,0,0.015847470938593324,76,0,0.010675025760192724,
core_N128_s1,runge,1,128,0,0.1,76,599980,8.673617379884035e-19,2.547657689639665e-17,0.005445577330508475,4.0996593792045184e-11,,1.3877787807814457e-17,4.075183340160934e-16,0.005445577330508475,3.8289346843307497e-07,76,0,0.047312381854764884,76,0,0.025298435008747646,76,0,0.015847470938593324,76,0,0.010675081421866463,
core_N128_s1,runge,1,128,0,1.0,76,599980,6.505213034913027e-19,5.693080690645035e-17,0.005710407838983051,1.2445378092450013e-11,,1.3877787807814457e-17,4.1677841566782586e-16,0.005710407838983051,4.680764633038001e-06,76,0,0.04636991158748838,76,0,0.025298435008747646,76,0,0.015847470938593324,76,0,0.01067542592434562,
core_N128_s1,runge,1,128,0,10.0,76,599980,1.0842021724855044e-18,5.622563883338929e-17,0.004932468220338983,2.19587972862155e-10,,1.3877787807814457e-17,3.6663331550663985e-16,0.004932468220338983,4.768001365855576e-05,76,0,0.04636991158748838,76,0,0.025298435008747646,76,0,0.019657456074481158,76,0,0.014596651339791152,
core_N128_s1,runge,1,128,0,100.0,76,599980,-2.168404344971009e-19,1.064890117648477e-16,0.004397289901129944,4.623525706247932e-10,,1.0408340855860843e-17,8.054318732922443e-16,0.004397289901129944,0.0004776741462064773,76,0,0.04636991158748838,76,0,0.025298435008747646,76,0,0.0170113071010435,76,0,0.015069280391534047,
core_N128_s1,moment3,1,128,0,0.0001,76,599980,0.0,4.1734960246626376e-16,0.02018505031779661,7.917856704698398e-10,,1.1102230246251565e-16,4.1734960246626376e-16,0.02018505031779661,3.3625689869183295e-07,76,0,0.22621169541256164,76,0,0.15386734123002807,76,0,0.10858591767133738,76,0,0.08020922905995966,
core_N128_s1,moment3,1,128,0,0.001,76,599980,-2.7755575615628914e-17,4.68398830612992e-16,0.020546433615819207,2.9409394026079804e-10,,1.1102230246251565e-16,4.68398830612992e-16,0.020546433615819207,3.2907654131840014e-07,76,0,0.22621169541256164,76,0,0.15386734123002807,76,0,0.10858502610624549,76,0,0.08020700342361116,
core_N128_s1,moment3,1,128,0,0.01,76,599980,-2.7755575615628914e-17,1.732107830885157e-16,0.01889400158898305,1.9519483539318457e-10,,1.1102230246251565e-16,4.053837718377937e-16,0.01889400158898305,2.6464613049058245e-07,76,0,0.22621169541256164,76,0,0.15386734123002807,76,0,0.1085760667393199,76,0,0.08018467189940595,
core_N128_s1,moment3,1,128,0,0.1,76,599980,0.0,1.2667113186910545e-16,0.010750463453389831,7.603901868226634e-10,,1.1102230246251565e-16,4.266388239343438e-16,0.010750463453389831,6.483627633644117e-07,76,0,0.22621169541256164,76,0,0.15386734123002807,76,0,0.10848222638017631,76,0,0.07996308134767423,
core_N128_s1,moment3,1,128,0,1.0,76,599980,1.3877787807814457e-17,3.552810302421441e-16,0.0007062146892655367,5.744764610955011e-10,,1.1102230246251565e-16,4.58241605878379e-16,0.002640029131355932,7.5514053506504006e-06,76,0,0.22621169541256164,76,0,0.15386734123002807,76,0,0.10815388852415851,76,0,0.07867947974129137,
core_N128_s1,moment3,1,128,0,10.0,76,599980,2.6020852139652106e-18,2.0903242702389567e-15,0.0,5.7487986958986e-10,,1.1102230246251565e-16,2.0903242702389567e-15,0.0016082936087570621,6.706922940647929e-05,76,0,0.22621169541256164,76,0,0.15386734123002807,76,0,0.10803451253492272,76,0,0.07783169468954906,
core_N128_s1,moment3,1,128,0,100.0,76,599980,4.336808689942018e-18,7.875932900539124e-15,0.0,0.02863971701096549,,1.1102230246251565e-16,7.875932900539124e-15,2.4827860169491527e-05,0.06790650530735642,76,0,0.22621169541256164,76,0,0.15386734123002807,76,0,0.1080205839854828,76,0,0.07770217457957883,
core_N128_s1,moment5,1,128,0,0.0001,76,599980,0.0,2.1479323403339332e-16,0.0,8.22984448777752e-14,,1.1102230246251565e-16,4.441835273754397e-16,0.0,3.362234016008873e-07,76,0,0.12346363419853916,76,0,0.08670911102716486,76,0,0.0671812328801627,76,0,0.053074168022997276,
core_N128_s1,moment5,1,128,0,0.001,76,599980,0.0,1.95607587539156e-16,0.0,8.199696846908124e-14,,1.1102230246251565e-16,4.5155166816563295e-16,0.0,3.289879410614008e-07,76,0,0.12346363419853916,76,0,0.08670911102716486,76,0,0.0671812328801627,76,0,0.05307304569552582,
core_N128_s1,moment5,1,128,0,0.01,76,599980,5.551115123125783e-17,1.9286043050552915e-16,0.0,7.701884197999594e-15,,1.1102230246251565e-16,4.510249606094003e-16,0.0,2.632683257227906e-07,76,0,0.12346363419853916,76,0,0.08670911102716486,76,0,0.0671812328801627,76,0,0.05306180408016442,
core_N128_s1,moment5,1,128,0,0.1,76,599980,5.551115123125783e-17,1.911454774122465e-16,0.0,3.2791914415929217e-14,,1.1102230246251565e-16,4.775048879766211e-16,0.0,6.64743165425226e-07,76,0,0.12346363419853916,76,0,0.08670911102716486,76,0,0.0671812328801627,76,0,0.052977570100374904,
core_N128_s1,moment5,1,128,0,1.0,76,599980,-5.551115123125783e-17,2.065259889236493e-16,0.0,7.619132083929929e-14,,1.1102230246251565e-16,4.55840836267332e-16,0.0,7.665289611879729e-06,76,0,0.12346363419853916,76,0,0.08670911102716486,76,0,0.0671812328801627,76,0,0.05274289157721837,
core_N128_s1,moment5,1,128,0,10.0,76,599980,5.551115123125783e-17,2.129057569561535e-16,0.0,5.193955754846423e-14,,1.1102230246251565e-16,4.3200842622678957e-16,0.0,6.802025006770063e-05,76,0,0.12346363419853916,76,0,0.08670911102716486,76,0,0.0671812328801627,76,0,0.05274260610312425,
core_N128_s1,moment5,1,128,0,100.0,76,599980,-5.551115123125783e-17,2.0473216549329369e-16,0.0,9.787006262620537e-13,,1.1102230246251565e-16,4.178078789654542e-16,0.0,0.0005882228680400959,76,0,0.12346363419853916,76,0,0.08670911102716486,76,0,0.0671812328801627,76,0,0.05274260610312425,
core_N128_s1,moment9,1,128,0,0.0001,76,599980,5.551115123125783e-17,1.1336140508825687e-16,0.0,1.7255059909456344e-14,,1.1102230246251565e-16,4.252659373481082e-16,0.0,3.362198843826141e-07,76,0,0.12389806797904811,76,0,0.0671515223321609,76,0,0.04169881048696743,76,0,0.028557662566058663,
core_N128_s1,moment9,1,128,0,0.001,76,599980,0.0,1.1121886518870405e-16,0.0,2.784857869946242e-14,,1.1102230246251565e-16,4.442125371938916e-16,0.0,3.289847432615509e-07,76,0,0.12389806797904811,76,0,0.0671515223321609,76,0,0.04169881048696743,76,0,0.028557662566058663,
core_N128_s1,moment9,1,128,0,0.01,76,599980,0.0,1.2196842824701398e-16,0.0,3.1448242266565063e-14,,1.1102230246251565e-16,4.2970976268520337e-16,0.0,2.632723952989976e-07,76,0,0.12389806797904811,76,0,0.0671515223321609,76,0,0.04169881048696743,76,0,0.028557662566058663,
core_N128_s1,moment9,1,128,0,0.1,76,599980,0.0,1.1831930471497516e-16,0.0,3.425588817341475e-14,,1.1102230246251565e-16,4.296011197194524e-16,0.0,6.646586642551357e-07,76,0,0.12389806797904811,76,0,0.0671515223321609,76,0,0.04169881048696743,76,0,0.028557662566058663,
core_N128_s1,moment9,1,128,0,1.0,76,599980,-5.551115123125783e-17,1.2011306185241098e-16,0.0,5.578534558351587e-14,,1.1102230246251565e-16,4.455323003163788e-16,0.0,7.664769998178943e-06,76,0,0.12389806797904811,76,0,0.0671515223321609,76,0,0.04169881048696743,76,0,0.028557662566058663,
core_N128_s1,moment9,1,128,0,10.0,76,599980,1.1102230246251565e-16,1.204445981765333e-16,0.0,7.852391646114288e-14,,1.1102230246251565e-16,4.2701524681750294e-16,0.0,6.801697418802052e-05,76,0,0.12389806797904811,76,0,0.0671515223321609,76,0,0.04169881048696743,76,0,0.028557662566058663,
core_N128_s1,moment9,1,128,0,100.0,76,599980,0.0,1.1627879306380866e-16,0.0,1.6412292887146316e-15,,1.1102230246251565e-16,4.186405605708357e-16,0.0,0.0005881733430817609,76,0,0.12389806797904811,76,0,0.0671515223321609,76,0,0.04169881048696743,76,0,0.028557662566058663,
core_N128_s1,sine,1,128,1,0.0001,76,599980,5.551115123125783e-17,1.7014152877135854e-16,0.0,3.7714713107485536e-15,0.004427981825022201,5.551115123125783e-17,4.812720826295637e-16,0.0,2.35989267489989e-10,,,,,,,,,,,,,0.004427981825022208
core_N128_s1,sine,1,128,1,0.001,76,599980,2.7755575615628914e-17,1.3923593973474765e-16,0.0,3.3967895250970624e-15,0.004427589583848047,5.551115123125783e-17,4.826472747989798e-16,0.0,2.359690587841095e-09,,,,,,,,,,,,,0.004427589583848055
core_N128_s1,sine,1,128,1,0.01,76,599980,5.551115123125783e-17,1.2496661949673842e-16,0.0,3.84406177139273e-15,0.004423698768651525,5.551115123125783e-17,6.323005216226613e-16,0.0,2.3569315845353276e-08,,,,,,,,,,,,,0.0044236987686515385
core_N128_s1,sine,1,128,1,0.1,76,599980,2.7755575615628914e-17,1.3422966821194312e-16,0.0,4.403330342177164e-15,0.004387802922742235,5.551115123125783e-17,5.15010365222687e-16,0.0,2.3302157941930607e-07,,,,,,,,,,,,,0.004387802922742235
core_N128_s1,sine,1,128,1,1.0,76,599980,5.551115123125783e-17,1.310763463945093e-16,0.0,8.876730866714592e-16,0.004201719929087728,5.551115123125783e-17,4.132668098178857e-16,0.0,2.223941638848422e-06,,,,,,,,,,,,,0.004201719929087728
core_N128_s1,sine,1,128,1,10.0,76,599980,5.551115123125783e-17,1.5262137702168933e-16,0.0,1.4559980040066858e-15,0.004022320818722245,8.326672684688674e-17,4.496542494324341e-16,0.0,2.1464216587440308e-05,,,,,,,,,,,,,0.004022320818722253
core_N128_s1,sine,1,128,1,100.0,76,599980,5.551115123125783e-17,1.056097567065405e-16,0.0,1.7620592017578324e-15,0.003988628051938023,5.551115123125783e-17,4.266885074111453e-16,0.0,0.0002078953594098264,,,,,,,,,,,,,0.003988628051938037
core_N128_s1,runge,1,128,1,0.0001,76,599980,-6.938893903907228e-18,1.4645430895505114e-16,0.0,8.94243791385559e-16,0.0018681359227897298,1.3877787807814457e-17,7.246782358826231e-16,0.0,4.803431214691665e-10,,,,,,,,,,,,,0.002485392235005181
core_N128_s1,runge,1,128,1,0.001,76,599980,-6.938893903907228e-18,1.2952853666456524e-16,0.0,8.950991047701493e-16,0.0018682457762767407,1.3877787807814457e-17,1.029729998012562e-15,0.0,4.803054671137899e-09,,,,,,,,,,,,,0.002485392235005181
core_N128_s1,runge,1,128,1,0.01,76,599980,-6.938893903907228e-18,1.0932009206594125e-16,0.0,9.057615705505437e-16,0.0018693338599854942,1.3877787807814457e-17,6.101944900667143e-16,0.0,4.803029052842434e-08,,,,,,,,,,,,,0.002485392235005181
core_N128_s1,runge,1,128,1,0.1,76,599980,0.0,1.548180345699615e-16,0.0,5.5377638174494886e-14,0.0018792409377240025,1.3877787807814457e-17,8.012723093277847e-16,0.0,4.803024933295348e-07,,,,,,,,,,,,,0.002485392235005181
core_N128_s1,runge,1,128,1,1.0,76,599980,-6.938893903907228e-18,1.121915437284359e-16,0.0,1.4671702394685037e-15,0.0019273903492171933,1.3877787807814457e-17,6.098835912301219e-16,0.0,4.803024618158181e-06,,,,,,,,,,,,,0.002485392235005181
core_N128_s1,runge,1,128,1,10.0,76,599980,0.0,8.746658822098406e-17,0.0,1.70019072788924e-16,0.001969787613326816,1.3877787807814457e-17,5.895221195525256e-16,0.0,4.8030245946743046e-05,,,,,,,,,,,,,0.002485392235005181
core_N128_s1,runge,1,128,1,100.0,76,599980,-6.938893903907228e-18,9.051691856300048e-17,0.0,3.746376813629827e-15,0.0019774146293426564,1.3877787807814457e-17,3.4970470207340264e-16,0.0,0.00048030245918627906,,,,,,,,,,,,,0.002485392235005181
core_N128_s1,moment3,1,128,1,0.0001,76,599980,0.0,2.0484400330404461e-16,0.0,1.7717234358647893e-15,0.004241703494166089,1.1102230246251565e-16,1.1757093476455362e-15,0.0,1.0138886909531994e-09,,,,,,,,,,,,,0.012332492050170469
core_N128_s1,moment3,1,128,1,0.001,76,599980,0.0,2.1037088654425325e-16,0.0,1.7736450023082445e-15,0.004240329742799753,1.6653345369377348e-16,7.732727773649978e-16,0.0,1.0134678022251853e-08,,,,,,,,,,,,,0.012332492050170469
core_N128_s1,moment3,1,128,1,0.01,76,599980,0.0,2.2472728349880026e-16,0.0,1.792834016743202e-15,0.004226754706088071,1.6653345369377348e-16,7.413399954435272e-16,0.0,1.0093056784560658e-07,,,,,,,,,,,,,0.012332492050170469
core_N128_s1,moment3,1,128,1,0.1,76,599980,0.0,1.8614897402701592e-16,0.0,6.45625961255059e-16,0.004105668824772931,1.1102230246251565e-16,1.0721218285818673e-15,0.0,9.69121191841707e-07,,,,,,,,,,,,,0.012332492050170469
core_N128_s1,moment3,1,128,1,1.0,76,599980,0.0,3.7005502532156105e-16,0.0,8.507618541394082e-16,0.003571329527326357,1.6653345369377348e-16,7.640166195481277e-16,0.0,8.135478580472607e-06,,,,,,,,,,,,,0.012332492050170469
core_N128_s1,moment3,1,128,1,10.0,76,599980,0.0,3.5148548303169673e-16,0.0,0.0,0.003193932585299074,1.1102230246251565e-16,1.0321248502134618e-15,0.0,6.906253211028334e-05,,,,,,,,,,,,,0.012332492050170469
core_N128_s1,moment3,1,128,1,100.0,76,599980,0.0,2.712913236934987e-16,0.0,0.0,0.0031467321130892235,1.1102230246251565e-16,7.83917013301339e-16,0.0,0.0006045321448768963,,,,,,,,,,,,,0.012332492050170469
core_N128_s1,moment5,1,128,1,0.0001,76,599980,-1.1102230246251565e-16,3.4563576758128586e-16,0.0,1.7717234358647893e-15,0.005549890749853978,1.1102230246251565e-16,1.391997375739349e-15,0.0,1.0138965769636984e-09,,,,,,,,,,,,,0.010046521320191624
core_N128_s1,moment5,1,128,1,0.001,76,599980,-1.1102230246251565e-16,3.2426671362782126e-16,0.0,1.7736450023082445e-15,0.005548759518886618,1.1102230246251565e-16,9.487866589372734e-16,0.0,1.0134678153058178e-08,,,,,,,,,,,,,0.010046521320191624
core_N128_s1,moment5,1,128,1,0.01,76,599980,-1.1102230246251565e-16,3.932511070285203e-16,0.0,1.792834016743202e-15,0.0055375563214882335,1.1102230246251565e-16,1.1143827436511597e-15,0.0,1.0093056798375642e-07,,,,,,,,,,,,,0.010046521320191624
core_N128_s1,moment5,1,128,1,0.1,76,599980,-1.1102230246251565e-16,4.601664825323032e-16,0.0,6.45625961255059e-16,0.005435725562992538,1.1102230246251565e-16,1.1748927858299311e-15,0.0,9.691211924959966e-07,,,,,,,,,,,,,0.010046521320191624
core_N128_s1,moment5,1,128,1,1.0,76,599980,-1.1102230246251565e-16,6.975769851291344e-16,0.0,2.9909732373888727e-16,0.004954343192435658,1.1102230246251565e-16,9.365789254541187e-16,0.0,8.135478635860414e-06,,,,,,,,,,,,,0.010046521320191624
core_N128_s1,moment5,1,128,1,10.0,76,599980,-1.1102230246251565e-16,4.382461003739023e-16,0.0,4.7731868815983546e-14,0.004601814329103838,1.1102230246251565e-16,1.1426487399559433e-15,0.0,6.906253211949011e-05,,,,,,,,,,,,,0.010046521320191624
core_N128_s1,moment5,1,128,1,100.0,76,599980,-1.1102230246251565e-16,4.712245156203806e-16,0.0,4.5008609710787474e-14,0.004557674236652035,1.1102230246251565e-16,8.90410638815904e-16,0.0,0.0006045321448571296,,,,,,,,,,,,,0.010046521320191624
core_N128_s1,moment9,1,128,1,0.0001,76,599980,-5.551115123125783e-17,2.2496160475749653e-16,0.0,1.7717234358647893e-15,0.005538524245981553,1.1102230246251565e-16,7.932060420691765e-16,0.0,1.0138886989102161e-09,,,,,,,,,,,,,0.010054774015253976
core_N128_s1,moment9,1,128,1,0.001,76,599980,-5.551115123125783e-17,1.594997586381752e-16,0.0,1.7736450023082445e-15,0.005537391829227903,1.1102230246251565e-16,7.344225211587615e-16,0.0,1.0134678006830213e-08,,,,,,,,,,,,,0.010054774015253976
core_N128_s1,moment9,1,128,1,0.01,76,599980,-1.1102230246251565e-16,2.405233591116894e-16,0.0,1.792834016743202e-15,0.0055261773430765136,1.1102230246251565e-16,7.919145038819476e-16,0.0,1.0093054007951755e-07,,,,,,,,,,,,,0.010054774015253976
core_N128_s1,moment9,1,128,1,0.1,76,599980,0.0,1.9909743368252016e-16,0.0,6.45625961255059e-16,0.005424281598403355,1.1102230246251565e-16,6.876057466072674e-16,0.0,9.691211711407396e-07,,,,,,,,,,,,,0.010054774015253976
core_N128_s1,moment9,1,128,1,1.0,76,599980,0.0,3.557027226768225e-16,0.0,5.981946474777745e-16,0.004943592099368436,1.1102230246251565e-16,7.136935833914529e-16,0.0,8.135478624959523e-06,,,,,,,,,,,,,0.010054774015253976
core_N128_s1,moment9,1,128,1,10.0,76,599980,-5.551115123125783e-17,4.763871516973711e-16,0.0,5.368734360281757e-14,0.004593300272426562,1.1102230246251565e-16,9.197365972765761e-16,0.0,6.906253210940244e-05,,,,,,,,,,,,,0.010054774015253976
core_N128_s1,moment9,1,128,1,100.0,76,599980,-5.551115123125783e-17,2.247543646369117e-16,0.0,5.871268053170102e-14,0.004549746380500411,5.551115123125783e-17,5.297557381174828e-16,0.0,0.0006045321448713723,,,,,,,,,,,,,0.010054774015253976
core_N128_s1,sine,1,128,3,0.0001,76,599980,-1.1102230246251565e-16,8.939102704911386e-16,0.0022620939265536725,7.300391699195834e-08,0.18449549073747348,1.1102230246251565e-16,8.939102704911386e-16,0.0022620939265536725,7.300391699195834e-08,,,,,,,,,,,,,0.18449549073747348
core_N128_s1,sine,1,128,3,0.001,76,599980,-1.1102230246251565e-16,9.4448290992038e-16,0.002286921786723164,7.036813722750983e-08,0.19554648308911643,1.1102230246251565e-16,9.4448290992038e-16,0.002286921786723164,7.036813722750983e-08,,,,,,,,,,,,,0.19554648308911643
core_N128_s1,sine,1,128,3,0.01,76,599980,-1.942890293094024e-16,1.2108219143345279e-15,0.0023420948093220337,1.5526985927517918e-08,0.2700605635114982,1.942890293094024e-16,1.2108219143345279e-15,0.0023420948093220337,5.626790470268105e-08,,,,,,,,,,,,,0.2700605635114982
core_N128_s1,sine,1,128,3,0.1,76,599980,-2.220446049250313e-16,6.407307274601541e-16,0.0016993290960451977,6.411377147771131e-14,0.2712928433145489,2.220446049250313e-16,6.407307274601541e-16,0.0016993290960451977,1.6645894814303326e-07,,,,,,,,,,,,,0.2712928433145489
core_N128_s1,sine,1,128,3,1.0,76,599980,-1.942890293094024e-16,6.167345365734623e-16,0.000587592690677966,1.2298908289759479e-14,0.24710482593709582,2.220446049250313e-16,6.167345365734623e-16,0.000587592690677966,1.7798533645580364e-06,,,,,,,,,,,,,0.24710482593709582
core_N128_s1,sine,1,128,3,10.0,76,599980,-1.942890293094024e-16,7.695759127943122e-16,0.0,4.936768057364088e-14,0.28068301915854593,2.220446049250313e-16,1.0855083023451822e-15,0.0,1.782899866864504e-05,,,,,,,,,,,,,0.28068301915854593
core_N128_s1,sine,1,128,3,100.0,76,599980,-1.942890293094024e-16,2.7281082796045665e-15,0.0,1.3662352555808758e-13,0.4295487471344041,1.942890293094024e-16,3.4997744803641264e-15,0.0,0.00017892020184524004,,,,,,,,,,,,,0.4295487471344041
core_N128_s1,runge,1,128,3,0.0001,76,599980,-1.3877787807814457e-17,1.4123406290947537e-16,0.0035034869350282485,2.7785536260293757e-11,0.18060268248322486,3.469446951953614e-17,5.820852344159258e-16,0.0035034869350282485,1.068115400231666e-07,,,,,,,,,,,,,0.19324324331369602
core_N128_s1,runge,1,128,3,0.001,76,599980,-2.0816681711721685e-17,1.1311456357289907e-16,0.0034814177259887007,2.8236625266298185e-11,0.1810568303429469,3.469446951953614e-17,4.3577135150414247e-16,0.0034814177259887007,1.0310594737410199e-07,,,,,,,,,,,,,0.19373197151782973
core_N128_s1,runge,1,128,3,0.01,76,599980,-1.734723475976807e-17,3.110954106888361e-16,0.003296588100282486,2.948952396078368e-11,0.18239439369558302,3.469446951953614e-17,4.2454396890561175e-16,0.003296588100282486,1.0947236459132389e-07,,,,,,,,,,,,,0.1963925876054055
core_N128_s1,runge,1,128,3,0.1,76,599980,-3.122502256758253e-17,2.622196901382733e-16,0.0023779572740112993,4.786050981320991e-12,0.1563077512754598,4.163336342344337e-17,4.138556622775006e-16,0.0023779572740112993,3.88912495758162e-07,,,,,,,,,,,,,0.18554915353219606
core_N128_s1,runge,1,128,3,1.0,76,599980,-3.469446951953614e-18,4.525049822307303e-16,0.00032276218220338984,3.056229541928856e-14,0.07263891576601329,4.163336342344337e-17,4.744063945885048e-16,0.0005131091101694916,4.689583627854305e-06,,,,,,,,,,,,,0.11361742492355704
core_N128_s1,runge,1,128,3,10.0,76,599980,-1.734723475976807e-17,2.6108304815325906e-16,0.0,4.687936740776509e-14,0.04257676735712464,3.8163916471489756e-17,9.23499324967356e-16,0.0,4.772978836839279e-05,,,,,,,,,,,,,0.04349220156490955
core_N128_s1,runge,1,128,3,100.0,76,599980,-2.7755575615628914e-17,2.182799479858342e-15,0.0,1.2852964082360888e-13,0.03938148716453608,5.551115123125783e-17,6.189698756297825e-15,0.0,0.00047813454850502294,,,,,,,,,,,,,0.04658762763393308
core_N128_s1,moment3,1,128,3,0.0001,76,599980,-6.106226634438299e-16,5.5533963623614975e-15,0.003779352048022599,2.3826510435293554e-13,1.2572984250044428,8.326672683634227e-16,1.003679976614126e-14,0.003779352048022599,2.9201555388509834e-06,,,,,,,,,,,,,1.2572984250044428
core_N128_s1,moment3,1,128,3,0.001,76,599980,-6.106226634540702e-16,2.086196119479361e-15,0.0036965925141242938,2.610241303507037e-13,1.2450770046160398,8.326611325807745e-16,8.191471232816618e-15,0.0036965925141242938,3.949545297348606e-06,,,,,,,,,,,,,1.2450770046160398
core_N128_s1,moment3,1,128,3,0.01,76,599980,-6.661338147596496e-16,6.009099267283182e-15,0.0033434851694915256,1.647427188685619e-13,1.1897899163971764,6.661338147596496e-16,6.009099267283182e-15,0.0033434851694915256,1.3016133788817175e-06,,,,,,,,,,,,,1.1897899163971764
core_N128_s1,moment3,1,128,3,0.1,76,599980,-6.661338147631464e-16,2.977633095875398e-15,0.003633143538135593,1.7301255205247857e-13,1.0214583745501133,8.326672684557077e-16,2.977633095875398e-15,0.003633143538135593,6.404799719783519e-07,,,,,,,,,,,,,1.0214583745501133
core_N128_s1,moment3,1,128,3,1.0,76,599980,-7.216449660018681e-16,1.996257361500297e-15,0.0017434675141242938,1.8584371393240835e-13,1.0551201993075194,8.326672684638223e-16,1.996257361500297e-15,0.0017434675141242938,7.545712258802928e-06,,,,,,,,,,,,,1.0551201993075194
core_N128_s1,moment3,1,128,3,10.0,76,599980,-7.771561172368274e-16,3.209495027211522e-15,0.0006924214336158192,4.2836122607342384e-14,1.4681666849448445,8.393781913470181e-16,3.209495027211522e-15,0.0006924214336158192,6.710532443296368e-05,,,,,,,,,,,,,1.4681666849448445
core_N128_s1,moment3,1,128,3,100.0,76,599980,-4.996003610811622e-16,2.789521578134197e-15,0.0,2.583252684402786e-13,2.6927903337057524,8.881784196999469e-16,4.214583719015387e-15,0.0,0.000573459215483863,,,,,,,,,,,,,2.6927903337057524
core_N128_s1,moment5,1,128,3,0.0001,76,599980,-1.6653345369377348e-16,4.2584204373174823e-16,0.0,1.7213677333425246e-14,0.00014424017367937024,1.6653345369377348e-16,7.609985825741612e-16,0.0,3.310434849768436e-07,,,,,,,,,,,,,0.0003975532347246498
core_N128_s1,moment5,1,128,3,0.001,76,599980,-5.551115123125783e-17,4.600777343078179e-16,0.0,2.039066060453931e-14,0.00014419028697034675,1.6653345369377348e-16,6.979684312035457e-16,0.0,3.232302258461636e-07,,,,,,,,,,,,,0.0003975532347246498
core_N128_s1,moment5,1,128,3,0.01,76,599980,-5.551115123125783e-17,4.798348935488662e-16,0.0,7.174198093764694e-15,0.00014369576695395168,1.1102230246251565e-16,7.521185059612349e-16,0.0,2.503974511873873e-07,,,,,,,,,,,,,0.0003975532347246498
core_N128_s1,moment5,1,128,3,0.1,76,599980,-1.1102230246251565e-16,5.858866917306777e-16,0.0,5.5984263991133236e-14,0.0001391625242640245,1.1102230246251565e-16,6.98638039059993e-16,0.0,6.574330440369324e-07,,,,,,,,,,,,,0.0003975532347246498
core_N128_s1,moment5,1,128,3,1.0,76,599980,-1.1102230246251565e-16,5.159755079478814e-16,0.0,4.447355818171862e-14,0.00011681193240506057,1.6653345369377348e-16,6.962931601753225e-16,0.0,7.660053441622663e-06,,,,,,,,,,,,,0.0003975532347246498
core_N128_s1,moment5,1,128,3,10.0,76,599980,-1.1102230246251565e-16,4.355133598286602e-16,0.0,5.154369319778829e-14,9.860233696914535e-05,1.6653345369377348e-16,6.93995431871781e-16,0.0,6.804648120630208e-05,,,,,,,,,,,,,0.0003975532347246498
core_N128_s1,moment5,1,128,3,100.0,76,599980,-1.1102230246251565e-16,5.481271800060604e-16,0.0,2.462225340383872e-14,9.150827029191609e-05,1.6653345369377348e-16,7.077349316170739e-16,0.0,0.0005877789494771087,,,,,,,,,,,,,0.0003975532347246498
core_N128_s1,moment9,1,128,3,0.0001,76,599980,-5.551115123125783e-17,2.7118490515802546e-16,0.0,6.504278610267902e-14,0.00015352096760532115,1.1102230246251565e-16,5.50195468443803e-16,0.0,3.310435119897001e-07,,,,,,,,,,,,,0.00038913560927250363
core_N128_s1,moment9,1,128,3,0.001,76,599980,5.551115123125783e-17,3.662863109516573e-16,0.0,1.6528899298098712e-14,0.00015347312681502961,1.1102230246251565e-16,5.327345220423086e-16,0.0,3.232302064258703e-07,,,,,,,,,,,,,0.00038913560927250363
core_N128_s1,moment9,1,128,3,0.01,76,599980,-5.551115123125783e-17,2.47772562249409e-16,0.0,7.176919469442977e-15,0.00015299848452819862,1.1102230246251565e-16,5.840506308230605e-16,0.0,2.5039744471127475e-07,,,,,,,,,,,,,0.00038913560927250363
core_N128_s1,moment9,1,128,3,0.1,76,599980,-5.551115123125783e-17,3.460004900844576e-16,0.0,1.108260704733685e-14,0.00014861423454481796,1.1102230246251565e-16,5.40297764081825e-16,0.0,6.574330605907739e-07,,,,,,,,,,,,,0.00038913560927250363
core_N128_s1,moment9,1,128,3,1.0,76,599980,0.0,1.426287888272516e-16,0.0,4.3712373610552327e-14,0.00012612438793699367,1.1102230246251565e-16,5.352757208077916e-16,0.0,7.660053468467353e-06,,,,,,,,,,,,,0.00038913560927250363
core_N128_s1,moment9,1,128,3,10.0,76,599980,0.0,3.1976525060613443e-16,0.0,5.289951421077702e-15,0.00010629535559670896,1.1102230246251565e-16,5.405353286427941e-16,0.0,6.804648120506427e-05,,,,,,,,,,,,,0.00038913560927250363
core_N128_s1,moment9,1,128,3,100.0,76,599980,-5.551115123125783e-17,2.642696644577115e-16,0.0,4.811311843341457e-14,9.853703781034757e-05,1.1102230246251565e-16,5.22286771985899e-16,0.0,0.0005877789494863744,,,,,,,,,,,,,0.00038913560927250363
core_N128_s1,sine,1,128,5,0.0001,76,599980,5.551115123125783e-17,3.563423283942086e-16,0.0,1.1050825516280272e-09,0.004966552159472042,5.551115123125783e-17,3.563423283942086e-16,0.0,7.625524834280698e-08,,,,,,,,,,,,,0.004966552159472042
core_N128_s1,sine,1,128,5,0.001,76,599980,2.7755575615628914e-17,2.5913435690507067e-16,0.0,1.2157074709315832e-09,0.005129491869386974,8.326672684688674e-17,3.061995153510581e-16,0.0,7.546311997861818e-08,,,,,,,,,,,,,0.005129491869386974
core_N128_s1,sine,1,128,5,0.01,76,599980,2.7755575615628914e-17,3.302728819057559e-16,0.0,2.483297980190939e-09,0.007081498829902131,8.326672684688674e-17,3.302728819057559e-16,0.0,6.7541970870744e-08,,,,,,,,,,,,,0.007081498829902131
core_N128_s1,sine,1,128,5,0.1,76,599980,-5.551115123125783e-17,3.184972616732722e-16,0.0,1.6622094806359946e-10,0.05187258158333151,8.326672684688674e-17,3.184972616732722e-16,0.0,1.7606335948555895e-07,,,,,,,,,,,,,0.05187258158333151
core_N128_s1,sine,1,128,5,1.0,76,599980,-1.9290125052862095e-15,7.306516933917378e-15,0.0,8.801857816782041e-08,1.1911312123529334,1.9290125052862095e-15,7.306516933917378e-15,0.0,1.8070066627676027e-06,,,,,,,,,,,,,1.1911312123529334
core_N128_s1,sine,1,128,5,10.0,76,599980,-9.867107131356079e-15,5.894845958879969e-14,0.0,2.4091793474479983e-13,8.20932096812625,1.0484668688803822e-14,6.219817365268236e-14,0.0,1.799706084889794e-05,,,,,,,,,,,,,8.20932096812625
core_N128_s1,sine,1,128,5,100.0,76,599980,-9.8879238130678e-15,8.487786571556151e-14,0.0,4.682305579527641e-13,10.846646554014004,1.0574874309554616e-14,9.727209803280029e-14,0.0,0.00017996128083878286,,,,,,,,,,,,,10.846659847344117
core_N128_s1,runge,1,128,5,0.0001,76,599980,-6.938893903907228e-18,2.261896406568411e-16,0.0,1.0408791622413756e-10,0.008343349711918413,3.469446951953614e-17,4.1710104433869906e-16,0.0,1.0525248820148637e-07,,,,,,,,,,,,,0.008343349711918413
core_N128_s1,runge,1,128,5,0.001,76,599980,-1.3877787807814457e-17,3.1852938220694644e-16,0.0,9.76282244655928e-11,0.008519936664211823,2.7755575615628914e-17,4.1000670764786397e-16,0.0,1.0130042939598393e-07,,,,,,,,,,,,,0.008519936664211823
core_N128_s1,runge,1,128,5,0.01,76,599980,-6.938893903907228e-18,2.724185786182471e-16,0.0,5.74321478254352e-11,0.010718452390493993,2.7755575615628914e-17,4.063587155315199e-16,0.0,6.42830238035319e-08,,,,,,,,,,,,,0.010718452390493993
core_N128_s1,runge,1,128,5,0.1,76,599980,2.42861286636753e-17,6.152309302856418e-16,0.0,1.3903125066063637e-10,0.04306829182112849,2.42861286636753e-17,7.32757573170619e-16,0.0,3.823610290594138e-07,,,,,,,,,,,,,0.04306829182112849
core_N128_s1,runge,1,128,5,1.0,76,599980,7.806255641895632e-17,6.965514220677411e-16,0.0,2.307348554184166e-13,0.12949367805318374,7.806255641895632e-17,1.103822665304282e-15,0.0,4.680076131389142e-06,,,,,,,,,,,,,0.12949367805318374
core_N128_s1,runge,1,128,5,10.0,76,599980,6.245004513516506e-17,2.8430777019075107e-15,0.0,4.684421633153222e-13,0.20743941154612558,9.367506770274758e-17,4.725824165871727e-15,0.0,4.7676995024802484e-05,,,,,,,,,,,,,0.20743941154612558
core_N128_s1,runge,1,128,5,100.0,76,599980,2.6020852139652106e-17,8.73960377871213e-16,0.0,3.032050394699026e-14,0.41674302968245797,1.0581813203458523e-16,6.447033680202274e-15,0.0,0.0004776477618838298,,,,,,,,,,,,,0.41693771469232344
core_N128_s1,moment3,1,128,5,0.0001,76,599980,1.1102230246251565e-16,3.7709687911625887e-16,0.0,2.2425983734237325e-10,0.02960778979648108,1.6653345369377348e-16,5.165986164081996e-16,0.0,3.3716904133802455e-07,,,,,,,,,,,,,0.02960778979648108
core_N128_s1,moment3,1,128,5,0.001,76,599980,0.0,4.3130072850848125e-16,0.0,8.149921066028462e-11,0.032113574753818576,1.1102230246251565e-16,4.866942615177085e-16,0.0,3.299879438823692e-07,,,,,,,,,,,,,0.032113574753818576
core_N128_s1,moment3,1,128,5,0.01,76,599980,0.0,4.991914775052827e-16,0.0,4.299688703779018e-10,0.05527483347464559,1.1102230246251565e-16,4.991914775052827e-16,0.0,2.6618254366783654e-07,,,,,,,,,,,,,0.05527483347464559
core_N128_s1,moment3,1,128,5,0.1,76,599980,-3.3306690738754696e-16,9.289353010714724e-16,0.0,2.415006154690991e-09,0.2590476143172215,3.3306690738754696e-16,1.3043974727735424e-15,0.0,6.486596955248229e-07,,,,,,,,,,,,,0.2590476143172215
core_N128_s1,moment3,1,128,5,1.0,76,599980,-1.880440247958859e-15,3.9780470602898075e-15,0.0,5.712002852075378e-10,1.5031538876177828,1.880440247958859e-15,1.080356647840743e-14,0.0,7.551669689170234e-06,,,,,,,,,,,,,1.5031538876177828
core_N128_s1,moment3,1,128,5,10.0,76,599980,-1.0564465968698755e-15,4.8589804350058915e-14,0.0,2.3374884068785046e-10,1.6221639333767428,2.3071822230491534e-15,6.565288459987207e-14,0.0,6.706716686607911e-05,,,,,,,,,,,,,2.0941009780306854
core_N128_s1,moment3,1,128,5,100.0,76,599980,-9.783840404509192e-16,1.48658028250146e-14,0.0,0.0506272791004752,1.244060129445726,1.9186041644303486e-15,4.763758102345412e-14,0.0,0.3091763437269365,,,,,,,,,,,,,2.7358686279333995
core_N128_s1,moment5,1,128,5,0.0001,76,599980,-1.1102230246251565e-16,6.508195535470528e-16,0.0,2.5786275862583126e-14,6.338977497057173e-06,1.6653345369377348e-16,6.939758766270317e-16,0.0,3.3717977460424835e-07,,,,,,,,,,,,,1.9064399992458005e-05
core_N128_s1,moment5,1,128,5,0.001,76,599980,-1.1102230246251565e-16,4.680458201523338e-16,0.0,4.2763368875405666e-14,6.336372955169077e-06,1.6653345369377348e-16,7.481486575962607e-16,0.0,3.299431433648145e-07,,,,,,,,,,,,,1.9064399992458005e-05
core_N128_s1,moment5,1,128,5,0.01,76,599980,-1.1102230246251565e-16,4.575905108977582e-16,0.0,5.475810660276286e-14,6.310465551419736e-06,1.6653345369377348e-16,6.984023884097572e-16,0.0,2.6487015735892757e-07,,,,,,,,,,,,,1.9064399992458005e-05
core_N128_s1,moment5,1,128,5,0.1,76,599980,-1.1102230246251565e-16,4.502135101299955e-16,0.0,3.9733078103883596e-14,6.065843235868639e-06,2.220446049250313e-16,7.496707869045526e-16,0.0,6.649995928702344e-07,,,,,,,,,,,,,1.9064399992458005e-05
core_N128_s1,moment5,1,128,5,1.0,76,599980,-5.551115123125783e-17,5.253033888979019e-16,0.0,3.423812965639888e-14,4.703942469547616e-06,1.6653345369377348e-16,7.245874743481922e-16,0.0,7.665482439384822e-06,,,,,,,,,,,,,1.9064399992458005e-05
core_N128_s1,moment5,1,128,5,10.0,76,599980,-1.1102230246251565e-16,6.14439941272162e-16,0.0,1.316609695991044e-13,3.4466869013162095e-06,1.1102230246251565e-16,6.955101952420064e-16,0.0,6.801907306387986e-05,,,,,,,,,,,,,1.9064399992458005e-05
core_N128_s1,moment5,1,128,5,100.0,76,599980,-1.1102230246251565e-16,5.615491929851691e-16,0.0,1.4514275242015047e-12,3.91784681856523e-06,1.6653345369377348e-16,7.249610801284225e-16,0.0,0.00058824153192685,,,,,,,,,,,,,1.9064399992458005e-05
core_N128_s1,moment9,1,128,5,0.0001,76,599980,-1.1102230246251565e-16,2.618768191474037e-16,0.0,9.741171042073616e-15,5.638831003778036e-06,1.1102230246251565e-16,5.231738528078437e-16,0.0,3.371788822860242e-07,,,,,,,,,,,,,1.7271711191640072e-05
core_N128_s1,moment9,1,128,5,0.001,76,599980,5.551115123125783e-17,1.7439768320954844e-16,0.0,1.685494171701897e-14,5.6369376345706115e-06,1.1102230246251565e-16,5.943051509299986e-16,0.0,3.2994252314871844e-07,,,,,,,,,,,,,1.7271711191640072e-05
core_N128_s1,moment9,1,128,5,0.01,76,599980,-5.551115123125783e-17,3.657057837555544e-16,0.0,4.4391352551925494e-14,5.618090740924317e-06,1.1102230246251565e-16,5.089119834087696e-16,0.0,2.648783814568273e-07,,,,,,,,,,,,,1.7271711191640072e-05
core_N128_s1,moment9,1,128,5,0.1,76,599980,-5.551115123125783e-17,2.655588571305815e-16,0.0,4.036819864130591e-14,5.438769817751274e-06,1.1102230246251565e-16,5.580731194611435e-16,0.0,6.649044583443484e-07,,,,,,,,,,,,,1.7271711191640072e-05
core_N128_s1,moment9,1,128,5,1.0,76,599980,-1.1102230246251565e-16,3.571208879159177e-16,0.0,5.844583227275579e-14,4.380970849875739e-06,1.1102230246251565e-16,5.60908470474182e-16,0.0,7.664925831340034e-06,,,,,,,,,,,,,1.7271711191640072e-05
core_N128_s1,moment9,1,128,5,10.0,76,599980,0.0,2.115195091597968e-16,0.0,3.5154258669522233e-14,3.257685062410666e-06,1.1102230246251565e-16,5.506394394037588e-16,0.0,6.801578120791776e-05,,,,,,,,,,,,,1.7271711191640072e-05
core_N128_s1,moment9,1,128,5,100.0,76,599980,0.0,2.1977335268264608e-16,0.0,7.180174676887201e-15,2.9251436095080866e-06,1.1102230246251565e-16,5.164086685955962e-16,0.0,0.0005881882476431192,,,,,,,,,,,,,1.7271711191640072e-05
core_N128_s1,sine,1,128,7,0.0001,76,599980,0.0,2.5009101551676227e-16,0.0,1.129240548347078e-08,0.005170967204059781,5.551115123125783e-17,3.1272535801024756e-16,0.0,7.530977966558722e-08,,,,,,,,,,,,,0.005170967204059781
core_N128_s1,sine,1,128,7,0.001,76,599980,-2.7755575615628914e-17,4.301556075214581e-16,0.0,1.2007704005493117e-08,0.005476176968887293,8.326672684688674e-17,4.301556075214581e-16,0.0,7.45160580375104e-08,,,,,,,,,,,,,0.005476176968887293
core_N128_s1,sine,1,128,7,0.01,76,599980,0.0,3.9477209339015436e-16,0.0,2.1969045567095544e-08,0.009817745304552084,8.326672684688674e-17,3.9477209339015436e-16,0.0,6.65788797507422e-08,,,,,,,,,,,,,0.009817745304552084
core_N128_s1,sine,1,128,7,0.1,76,599980,-1.6653345369377348e-16,1.1341697629824865e-15,5.793167372881356e-05,1.12919644129368e-10,0.04687470673050155,1.6653345369377348e-16,1.1341697629824865e-15,5.793167372881356e-05,1.7539634767424244e-07,,,,,,,,,,,,,0.04687470673050155
core_N128_s1,sine,1,128,7,1.0,76,599980,-4.163336342344337e-16,2.7411799595472058e-15,0.0,1.22855539045988e-09,0.058350594844385886,4.163336342344337e-16,2.7411799595472058e-15,0.0,1.8056005895619153e-06,,,,,,,,,,,,,0.06046829894471828
core_N128_s1,sine,1,128,7,10.0,76,599980,-4.440892098500626e-16,3.0516635549963083e-15,0.0,2.058175776777509e-10,0.044205692199899074,5.273559366969494e-16,5.125472447383462e-15,0.0,1.7989659072357474e-05,,,,,,,,,,,,,0.07006033913085037
core_N128_s1,sine,1,128,7,100.0,76,599980,-4.440892098500626e-16,7.169770592754314e-15,0.0,4.204407434422901e-09,0.0426617398159929,5.273559366969494e-16,7.564541480965098e-15,0.0,0.00017991607417447618,,,,,,,,,,,,,0.07146767464370347
core_N128_s1,runge,1,128,7,0.0001,76,599980,-6.938893903907228e-18,3.3199359967836634e-15,0.005649717514124294,3.641977400141563e-10,0.44016949480146716,5.898059818321144e-17,3.3199359967836634e-15,0.005649717514124294,1.8252449720034757e-07,,,,,,,,,,,,,0.44016949480146716
core_N128_s1,runge,1,128,7,0.001,76,599980,-4.85722573273506e-17,3.903043108931702e-15,0.005649717514124294,3.640920922862848e-10,0.4404228710491827,4.85722573273506e-17,3.903043108931702e-15,0.005649717514124294,2.001317696292615e-07,,,,,,,,,,,,,0.4404228710491827
core_N128_s1,runge,1,128,7,0.01,76,599980,-6.938893903907228e-18,2.698366467371301e-16,0.005649717514124294,3.6911096680790615e-10,0.44212826372272135,2.7755575615628914e-17,6.8866738681585425e-16,0.005649717514124294,4.871353684709173e-07,,,,,,,,,,,,,0.44212826372272135
core_N128_s1,runge,1,128,7,0.1,76,599980,-1.3877787807814457e-17,1.2181695338185618e-15,0.004891088453389831,5.108965480001105e-10,0.42805428841163384,2.0816681711721685e-17,1.4716453848427747e-15,0.004891088453389831,3.82922005016544e-07,,,,,,,,,,,,,0.42805428841163384
core_N128_s1,runge,1,128,7,1.0,76,599980,-6.938893903907228e-18,7.47800482663424e-16,0.0,2.489243062918553e-10,0.012550054537980493,4.163336342344337e-17,7.47800482663424e-16,6.896627824858757e-05,4.68079796814877e-06,,,,,,,,,,,,,0.05624630060179033
core_N128_s1,runge,1,128,7,10.0,76,599980,1.3877787807814457e-17,3.2887915241655083e-16,0.0,3.450482332893062e-11,0.012466200162832996,4.85722573273506e-17,1.2363451989032334e-15,0.0,4.7680136373781047e-05,,,,,,,,,,,,,0.017886406051696307
core_N128_s1,runge,1,128,7,100.0,76,599980,-3.469446951953614e-17,2.68612785497396e-15,0.0,8.955289268928122e-10,0.01261036979277175,4.163336342344337e-17,4.025154429895088e-15,0.0,0.00047767516592849327,,,,,,,,,,,,,0.01261036979277175
core_N128_s1,moment3,1,128,7,0.0001,76,599980,-2.177077962350893e-16,2.664499166776143e-15,0.004896605755649717,3.0495773269388515e-09,1.4936376625147947,9.298117831235686e-16,8.785144552916663e-15,0.004896605755649717,3.3621017137144274e-07,,,,,,,,,,,,,1.4936376625147947
core_N128_s1,moment3,1,128,7,0.001,76,599980,-2.8622937353617317e-16,1.076953600273799e-14,0.004902123057909605,2.7682502645241996e-09,1.5126652399079719,9.228728892196614e-16,1.076953600273799e-14,0.004902123057909605,3.2902999189091476e-07,,,,,,,,,,,,,1.5126652399079719
core_N128_s1,moment3,1,128,7,0.01,76,599980,-1.717376241217039e-16,5.3950502223285146e-15,0.004979365289548022,1.2253270154688966e-09,1.681405865955486,1.1657341758564144e-15,8.640055103647767e-15,0.004979365289548022,3.6565944059912624e-07,,,,,,,,,,,,,1.681405865955486
core_N128_s1,moment3,1,128,7,0.1,76,599980,-4.631711680858075e-16,2.9073617384856794e-15,0.00374073093220339,1.256538487429849e-09,1.842156619179216,1.366962099069724e-15,6.006248084626317e-15,0.00374073093220339,6.483415700461107e-07,,,,,,,,,,,,,1.842156619179216
core_N128_s1,moment3,1,128,7,1.0,76,599980,-2.869232629265639e-15,1.5647857710126887e-14,0.0,4.6319039172340833e-10,0.717806190210056,3.2942398808799567e-15,1.972727834460694e-14,0.001042770127118644,7.551360815980052e-06,,,,,,,,,,,,,0.717806190210056
core_N128_s1,moment3,1,128,7,10.0,76,599980,-2.476100921522395e-15,2.1742993716496036e-14,0.0,1.3905579322622152e-10,0.8972045156483065,3.5284275501368256e-15,2.1742993716496036e-14,0.0002124161370056497,6.706916322650828e-05,,,,,,,,,,,,,0.9933776880881429
core_N128_s1,moment3,1,128,7,100.0,76,599980,-2.2455453295433525e-15,1.5788895639624292e-14,0.0,1.7103048617705078e-12,1.0746110376546862,3.39496226270386e-15,2.179960270835549e-14,0.0,0.0005743195425172917,,,,,,,,,,,,,1.4641819368907327
core_N128_s1,moment5,1,128,7,0.0001,76,599980,-5.551115123125783e-17,5.712252068459654e-16,0.0,5.918838441826204e-14,4.6798593638634816e-07,1.6653345369377348e-16,7.908422336228025e-16,0.0,3.361751967577918e-07,,,,,,,,,,,,,9.89164405700044e-07
core_N128_s1,moment5,1,128,7,0.001,76,599980,-1.1102230246251565e-16,4.2592227187501377e-16,0.0,6.824663407287082e-14,4.678283624340606e-07,2.220446049250313e-16,7.114746713667703e-16,0.0,3.289397959443438e-07,,,,,,,,,,,,,9.89164405700044e-07
core_N128_s1,moment5,1,128,7,0.01,76,599980,-1.1102230246251565e-16,4.650804826935197e-16,0.0,1.0734521998007723e-13,4.6625324619101726e-07,1.6653345369377348e-16,7.915233661344809e-16,0.0,2.6318440935582346e-07,,,,,,,,,,,,,9.89164405700044e-07
core_N128_s1,moment5,1,128,7,0.1,76,599980,0.0,7.28942682868974e-16,0.0,5.941992589714488e-14,4.507811220659061e-07,1.6653345369377348e-16,7.463313005913428e-16,0.0,6.647244035283354e-07,,,,,,,,,,,,,9.89164405700044e-07
core_N128_s1,moment5,1,128,7,1.0,76,599980,-1.1102230246251565e-16,4.354298899334742e-16,0.0,4.1187987263475575e-14,3.529963604889338e-07,2.220446049250313e-16,7.530973367535888e-16,0.0,7.665259454487526e-06,,,,,,,,,,,,,9.89164405700044e-07
core_N128_s1,moment5,1,128,7,10.0,76,599980,5.551115123125783e-17,6.898504275035141e-16,0.0,1.3390139795693398e-13,2.473302970108019e-07,2.220446049250313e-16,7.468231327213637e-16,0.0,6.802020183319701e-05,,,,,,,,,,,,,9.89164405700044e-07
core_N128_s1,moment5,1,128,7,100.0,76,599980,-1.6653345369377348e-16,5.518208166384645e-16,0.0,1.0116148442006514e-12,2.4214236012086663e-07,2.220446049250313e-16,7.598790516418622e-16,0.0,0.0005882217656336108,,,,,,,,,,,,,9.89164405700044e-07
core_N128_s1,moment9,1,128,7,0.0001,76,599980,-5.551115123125783e-17,2.0066039291184625e-16,0.0,4.692188051413589e-14,2.3635096820737266e-07,1.6653345369377348e-16,5.878616072299457e-16,0.0,3.36171463475637e-07,,,,,,,,,,,,,8.110700345012808e-07
core_N128_s1,moment9,1,128,7,0.001,76,599980,0.0,2.5553771518538815e-16,0.0,2.268884888680861e-14,2.3626730379778457e-07,1.1102230246251565e-16,5.403822378157662e-16,0.0,3.289363480445353e-07,,,,,,,,,,,,,8.110700345012808e-07
core_N128_s1,moment9,1,128,7,0.01,76,599980,-5.551115123125783e-17,4.587121812970664e-16,0.0,4.154416864025458e-14,2.354330570188802e-07,1.1102230246251565e-16,5.716290501479439e-16,0.0,2.6318810718351147e-07,,,,,,,,,,,,,8.110700345012808e-07
core_N128_s1,moment9,1,128,7,0.1,76,599980,-5.551115123125783e-17,4.2877918040887517e-16,0.0,4.639860882966677e-14,2.273740579818662e-07,1.6653345369377348e-16,5.166970559123211e-16,0.0,6.646410785603652e-07,,,,,,,,,,,,,8.110700345012808e-07
core_N128_s1,moment9,1,128,7,1.0,76,599980,-5.551115123125783e-17,2.5981739688521094e-16,0.0,4.104400552602182e-14,1.7648913992697755e-07,1.1102230246251565e-16,5.500094394563278e-16,0.0,7.66474438485197e-06,,,,,,,,,,,,,8.110700345012808e-07
core_N128_s1,moment9,1,128,7,10.0,76,599980,0.0,1.5443927863364273e-16,0.0,6.042370441672005e-14,1.1775229552487138e-07,1.1102230246251565e-16,5.668030958835084e-16,0.0,6.801693168162467e-05,,,,,,,,,,,,,8.110700345012808e-07
core_N128_s1,moment9,1,128,7,100.0,76,599980,0.0,2.2572510143769995e-16,0.0,4.009915718334694e-14,1.0126809323480584e-07,1.1102230246251565e-16,4.886724110047939e-16,0.0,0.000588172524099165,,,,,,,,,,,,,8.110700345012808e-07
core_N128_s3,sine,3,128,0,0.0001,76,599980,0.0,1.7312246228540682e-16,0.0,9.071650825223704e-12,,5.551115123125783e-17,4.0566254130769276e-16,0.0,1.5901746036475865e-07,76,0,0.17137957873984103,76,0,0.08855423954661701,76,0,0.0499087714953218,76,0,0.030058094594565432,
core_N128_s3,sine,3,128,0,0.001,76,599980,0.0,2.069455899161245e-16,0.0,8.955725930065158e-12,,5.551115123125783e-17,4.1582505817790707e-16,0.0,1.5175011783298853e-07,76,0,0.17137957873984103,76,0,0.08855423954661701,76,0,0.0499087714953218,76,0,0.030058094594565432,
core_N128_s3,sine,3,128,0,0.01,76,599980,0.0,1.8561754655574855e-16,0.0,7.741788502119415e-12,,5.551115123125783e-17,4.2223798286722304e-16,0.0,8.027222699389896e-08,76,0,0.17137957873984103,76,0,0.08855423954661701,76,0,0.0499087714953218,76,0,0.030058094594565432,
core_N128_s3,sine,3,128,0,0.1,76,599980,-2.7755575615628914e-17,1.832152384259553e-16,0.0,2.2272331592195172e-11,,5.551115123125783e-17,4.0566254130769276e-16,0.0,6.637909294160595e-07,76,0,0.17137957873984103,76,0,0.08855423954661701,76,0,0.0499087714953218,76,0,0.030058094594565432,
core_N128_s3,sine,3,128,0,1.0,76,599980,0.0,1.3532741779469824e-16,0.0035172801906779663,4.952677028177943e-09,,5.551115123125783e-17,4.0566254130769276e-16,0.0035172801906779663,8.048870089749068e-06,76,0,0.17137957873984103,76,0,0.08855423954661701,76,0,0.0499087714953218,76,0,0.030058094594565432,
core_N128_s3,sine,3,128,0,10.0,76,599980,-6.938893903907228e-18,8.444324282441707e-16,0.0037214203742937852,1.308470401250141e-09,,5.551115123125783e-17,8.444324282441707e-16,0.0047641905014124296,8.190491825675853e-05,76,0,0.17137957873984103,76,0,0.08855423954661701,76,0,0.0499087714953218,76,0,0.030058094594565432,
core_N128_s3,sine,3,128,0,100.0,76,599980,1.0408340855860843e-17,9.790858528096444e-15,0.0024027851341807908,0.052087509938672144,,5.551115123125783e-17,1.0127564324171768e-14,0.00325244968220339,0.052087509938672144,76,0,0.17137957873984103,76,0,0.08855423954661701,76,0,0.0499087714953218,76,0,0.030058094594565432,
core_N128_s3,runge,3,128,0,0.0001,76,599980,0.0,7.043364936978736e-17,0.008369747528248588,8.636212567775208e-11,,1.3877787807814457e-17,4.81660866043529e-16,0.008369747528248588,1.5427082084475816e-07,76,0,0.05814320130637354,76,0,0.031581321895750004,76,0,0.01965061520583333,76,0,0.013109562444555186,
core_N128_s3,runge,3,128,0,0.001,76,599980,-1.734723475976807e-18,5.89859700021237e-17,0.008286987994350282,8.217500098301205e-11,,1.3877787807814457e-17,4.779850263188477e-16,0.008286987994350282,1.5190517091134796e-07,76,0,0.05814379989504697,76,0,0.031581712161547454,76,0,0.01965088412005656,76,0,0.013109751144772275,
core_N128_s3,runge,3,128,0,0.01,76,599980,0.0,4.5268708796369816e-17,0.007020767125706214,5.268235052896145e-11,,1.3877787807814457e-17,5.085567430434289e-16,0.007020767125706214,1.295623007359958e-07,76,0,0.05814989263246609,76,0,0.031585607569801694,76,0,0.019653568757117497,76,0,0.013111708515409383,
core_N128_s3,runge,3,128,0,0.1,76,599980,1.734723475976807e-18,2.4547688566205374e-17,0.005282816913841808,1.0394859438675824e-10,,1.3877787807814457e-17,4.812343569555583e-16,0.005282816913841808,2.870372283542128e-07,76,0,0.05821290190726648,76,0,0.03162383742831641,76,0,0.019680538008213025,76,0,0.013131025722377617,
core_N128_s3,runge,3,128,0,1.0,76,599980,4.336808689942018e-19,4.1738754642035016e-17,0.0043255649717514125,2.798296733633289e-10,,1.3877787807814457e-17,4.88664418654727e-16,0.0043255649717514125,3.5927701312733307e-06,76,0,0.05871373695422305,76,0,0.031934664921979564,76,0,0.019909939808286314,76,0,0.013313506482798195,
core_N128_s3,runge,3,128,0,10.0,76,599980,8.673617379884035e-19,9.584829781658415e-17,0.003434520656779661,3.898459702313631e-10,,1.3877787807814457e-17,4.569208891237209e-16,0.003434520656779661,3.4867970868781016e-05,76,0,0.059456265608945465,76,0,0.03241527821256391,76,0,0.020265271742694272,76,0,0.013590164877330332,
core_N128_s3,runge,3,128,0,100.0,76,599980,-3.686287386450715e-18,2.0477641332463217e-16,0.00390625,8.520713546622717e-10,,1.3877787807814457e-17,8.29851236311535e-16,0.00390625,0.00032712999900398674,76,0,0.060572637427233164,76,0,0.033176275346324856,76,0,0.020835119457475782,76,0,0.014032208503983436,
core_N128_s3,moment3,3,128,0,0.0001,76,599980,0.0,3.827622983952855e-16,0.014154638947740113,2.538634270463351e-10,,1.1102230246251565e-16,3.827622983952855e-16,0.014154638947740113,5.20149032112657e-07,76,0,0.200040438788752,76,0,0.14140314009804186,76,0,0.10256742945758358,76,0,0.07670178800294222,
core_N128_s3,moment3,3,128,0,0.001,76,599980,-2.7755575615628914e-17,2.7900915802035334e-16,0.014402917549435028,1.232839986300451e-10,,1.1102230246251565e-16,3.8365411704912234e-16,0.014402917549435028,5.02404597366286e-07,76,0,0.200040438788752,76,0,0.14140322824570972,76,0,0.10256657853318477,76,0,0.07670050987538779,
core_N128_s3,moment3,3,128,0,0.01,76,599980,-2.7755575615628914e-17,1.6018151890180821e-16,0.013823600812146893,1.6054321422771484e-10,,1.1102230246251565e-16,3.8137757050343145e-16,0.013823600812146893,3.3247238916940717e-07,76,0,0.200040438788752,76,0,0.14140411673331096,76,0,0.10255793816876922,76,0,0.07668756882192397,
core_N128_s3,moment3,3,128,0,0.1,76,599980,0.0,1.666739117010393e-16,0.009282861052259887,5.051296401496866e-09,,1.1102230246251565e-16,3.671204982047912e-16,0.009282861052259887,1.617316595783221e-06,76,0,0.200040438788752,76,0,0.1414129853652586,76,0,0.10246682622083876,76,0,0.07659260159774707,
core_N128_s3,moment3,3,128,0,1.0,76,599980,1.734723475976807e-17,3.6037065843801617e-16,0.0006675935734463277,8.495052730719421e-10,,1.1102230246251565e-16,4.4190175159374256e-16,0.0027448578742937852,2.0127197887659952e-05,76,0,0.200040438788752,76,0,0.14146954618183064,76,0,0.10196501520785596,76,0,0.07570513520140569,
core_N128_s3,moment3,3,128,0,10.0,76,599980,1.3010426069826053e-18,2.0616518233315378e-16,0.002568304201977401,6.504938028076392e-11,,1.1102230246251565e-16,1.2458100720223572e-15,0.0025986493644067797,0.00020450713621864467,76,0,0.200040438788752,76,0,0.1415461152009216,76,0,0.10154665091113137,76,0,0.07439494995275915,
core_N128_s3,moment3,3,128,0,100.0,76,599980,-3.0086610286472748e-18,2.1718698277789585e-15,0.0008993202683615819,5.2286644361716865e-09,,1.1102230246251565e-16,6.4095471893844975e-15,0.0008993202683615819,0.002049381075513224,76,0,0.200040438788752,76,0,0.1413872249890073,76,0,0.10169691309069806,76,0,0.07445525729761769,
core_N128_s3,moment5,3,128,0,0.0001,76,599980,5.551115123125783e-17,1.9171664345789832e-16,0.0,9.789355557768747e-14,,1.1102230246251565e-16,3.924967799597441e-16,0.0,5.24255435515535e-07,76,0,0.09220130342699327,76,0,0.07095068994230912,76,0,0.058132928649148964,76,0,0.04800130363156653,
core_N128_s3,moment5,3,128,0,0.001,76,599980,5.551115123125783e-17,1.978719081719939e-16,0.0,7.871326825263802e-14,,1.1102230246251565e-16,3.9566333396512754e-16,0.0,5.063721295017658e-07,76,0,0.09220130342699327,76,0,0.07095068994230912,76,0,0.058132928649148964,76,0,0.04800060661214628,
core_N128_s3,moment5,3,128,0,0.01,76,599980,0.0,1.922951002377227e-16,0.0,5.1446385033131854e-14,,1.1102230246251565e-16,3.8277871900728463e-16,0.0,3.3486655341513876e-07,76,0,0.09220130342699327,76,0,0.07095068994230912,76,0,0.058132928649148964,76,0,0.047993598544980524,
core_N128_s3,moment5,3,128,0,0.1,76,599980,0.0,1.9314824228688037e-16,0.0,3.5070459277183554e-14,,5.551115123125783e-17,3.9255504918600906e-16,0.0,1.6254732830390128e-06,76,0,0.09220130342699327,76,0,0.07095068994230912,76,0,0.058132928649148964,76,0,0.04791953157434138,
core_N128_s3,moment5,3,128,0,1.0,76,599980,0.0,2.160831473871698e-16,0.0,8.088409559031664e-14,,1.1102230246251565e-16,3.7978066143823405e-16,0.0,2.0243811746070907e-05,76,0,0.09220130342699327,76,0,0.07095068994230912,76,0,0.058132928649148964,76,0,0.04750952868610282,
core_N128_s3,moment5,3,128,0,10.0,76,599980,0.0,1.9505665318168761e-16,0.0,1.9856744675813827e-13,,1.1102230246251565e-16,3.6650514912563944e-16,0.0,0.0002056470879492996,76,0,0.09220130342699327,76,0,0.07095068994230912,76,0,0.058132928649148964,76,0,0.04723144393724146,
core_N128_s3,moment5,3,128,0,100.0,76,599980,0.0,2.1612285997406588e-16,0.0,1.1069010459522644e-12,,1.1102230246251565e-16,3.6650514912563944e-16,0.0,0.002060818401418611,76,0,0.09220130342699327,76,0,0.07095068994230912,76,0,0.058132928649148964,76,0,0.04718451195578904,
core_N128_s3,moment9,3,128,0,0.0001,76,599980,0.0,1.072206570627017e-16,0.0,6.391454295657403e-14,,1.1102230246251565e-16,3.2999354915482613e-16,0.0,5.242407944923129e-07,76,0,0.0925927138974524,76,0,0.050402492097435324,76,0,0.031418261206560695,76,0,0.021854410274850425,
core_N128_s3,moment9,3,128,0,0.001,76,599980,-5.551115123125783e-17,1.1269648004656718e-16,0.0,3.8658979885455544e-14,,1.1102230246251565e-16,3.3913141300659715e-16,0.0,5.063579808260712e-07,76,0,0.0925927138974524,76,0,0.050402492097435324,76,0,0.031418261206560695,76,0,0.021854410274850425,
core_N128_s3,moment9,3,128,0,0.01,76,599980,0.0,1.1380190265134987e-16,0.0,6.215770883553669e-14,,1.1102230246251565e-16,3.404006674953794e-16,0.0,3.348583757182941e-07,76,0,0.0925927138974524,76,0,0.050402492097435324,76,0,0.031418261206560695,76,0,0.021854410274850425,
core_N128_s3,moment9,3,128,0,0.1,76,599980,-5.551115123125783e-17,1.1241999521615224e-16,0.0,4.60045564503593e-14,,1.1102230246251565e-16,3.3416020968107256e-16,0.0,1.6254472860862048e-06,76,0,0.0925927138974524,76,0,0.050402492097435324,76,0,0.031418261206560695,76,0,0.021854410274850425,
core_N128_s3,moment9,3,128,0,1.0,76,599980,0.0,1.2039132170971027e-16,0.0,2.7695574400135255e-14,,1.1102230246251565e-16,3.3885870040870197e-16,0.0,2.0243417520247805e-05,76,0,0.0925927138974524,76,0,0.050402492097435324,76,0,0.031418261206560695,76,0,0.021854410274850425,
core_N128_s3,moment9,3,128,0,10.0,76,599980,0.0,1.1248517233030592e-16,0.0,4.2365056420002175e-14,,1.1102230246251565e-16,3.2999354915482613e-16,0.0,0.00020564321308194923,76,0,0.0925927138974524,76,0,0.050402492097435324,76,0,0.031418261206560695,76,0,0.021854410274850425,
core_N128_s3,moment9,3,128,0,100.0,76,599980,-5.551115123125783e-17,1.2938542543367577e-16,0.0,2.846437364583427e-14,,5.551115123125783e-17,3.2999354915482613e-16,0.0,0.0020607795113062204,76,0,0.0925927138974524,76,0,0.050402492097435324,76,0,0.031418261206560695,76,0,0.021854410274850425,
core_N128_s3,sine,3,128,1,0.0001,76,599980,5.551115123125783e-17,1.5811511898578516e-16,0.0,3.034128004100889e-16,0.004061424436484568,5.551115123125783e-17,6.889544626023908e-16,0.0,8.469480464242659e-10,,,,,,,,,,,,,0.006434236484008622
core_N128_s3,sine,3,128,1,0.001,76,599980,5.551115123125783e-17,1.6862601265722633e-16,0.0,3.0854013575713396e-16,0.004061059954381495,5.551115123125783e-17,8.836883388912909e-16,0.0,8.469333399245317e-09,,,,,,,,,,,,,0.006434236484008622
core_N128_s3,sine,3,128,1,0.01,76,599980,2.7755575615628914e-17,1.4554715313916938e-16,0.0,1.728754689471272e-16,0.0040574138159585925,8.326672684688674e-17,7.696379921297413e-16,0.0,8.469330380646374e-08,,,,,,,,,,,,,0.006434236484008622
core_N128_s3,sine,3,128,1,0.1,76,599980,5.551115123125783e-17,1.165099096653096e-16,0.0,2.274460206982246e-16,0.0040213115606897035,5.551115123125783e-17,5.536684959243304e-16,0.0,8.469328513500985e-07,,,,,,,,,,,,,0.006434236484008622
core_N128_s3,sine,3,128,1,1.0,76,599980,2.7755575615628914e-17,1.3546577654047651e-16,0.0,1.39887607478048e-15,0.0037822992080496455,8.326672684688674e-17,9.426252743101159e-16,0.0,8.469328312522937e-06,,,,,,,,,,,,,0.006434236484008622
core_N128_s3,sine,3,128,1,10.0,76,599980,5.551115123125783e-17,1.305766870681341e-16,0.0,1.45580844747714e-15,0.0035106173526231496,5.551115123125783e-17,6.796644888324115e-16,0.0,8.469328301509253e-05,,,,,,,,,,,,,0.006434236484008622
core_N128_s3,sine,3,128,1,100.0,76,599980,5.551115123125783e-17,1.492263009162963e-16,0.0,3.052485665312207e-16,0.0034591321514107678,5.551115123125783e-17,4.875961370072922e-16,0.0,0.0008469328300870949,,,,,,,,,,,,,0.006434236484008622
core_N128_s3,runge,3,128,1,0.0001,76,599980,6.938893903907228e-18,1.1282149328745775e-16,0.0,1.2878377718640387e-15,0.002037463401230451,1.3877787807814457e-17,7.78311809607284e-16,0.0,4.3381240073282413e-10,,,,,,,,,,,,,0.002037463401230451
core_N128_s3,runge,3,128,1,0.001,76,599980,6.938893903907228e-18,1.438110134230066e-16,0.0,1.2896289332030102e-15,0.002037495136960084,1.3877787807814457e-17,6.63361757307961e-16,0.0,4.3368812596241815e-09,,,,,,,,,,,,,0.002037495136960084
core_N128_s3,runge,3,128,1,0.01,76,599980,6.938893903907228e-18,1.526273258781172e-16,0.0,1.3075339367183024e-15,0.002037798226042161,1.3877787807814457e-17,1.0875966488863806e-15,0.0,4.32493539671544e-08,,,,,,,,,,,,,0.002037798226042161
core_N128_s3,runge,3,128,1,0.1,76,599980,0.0,1.2653698944949148e-16,0.0,7.237527940725147e-16,0.002039692512314188,1.3877787807814457e-17,7.937157073594105e-16,0.0,4.201288070494657e-07,,,,,,,,,,,,,0.0020396925123141907
core_N128_s3,runge,3,128,1,1.0,76,599980,6.938893903907228e-18,1.3694895465687112e-16,0.0,6.508075863929819e-16,0.002032841615048002,1.3877787807814457e-17,9.77123228261024e-16,0.0,3.803398332261197e-06,,,,,,,,,,,,,0.002032841615048003
core_N128_s3,runge,3,128,1,10.0,76,599980,6.938893903907228e-18,1.6014640125657487e-16,0.0,1.3486039353614891e-17,0.0020113901839564855,1.3877787807814457e-17,5.530175012716446e-16,0.0,3.542313308572743e-05,,,,,,,,,,,,,0.0020113901839564855
core_N128_s3,runge,3,128,1,100.0,76,599980,6.938893903907228e-18,1.128774045842701e-16,0.0,1.240215413398792e-16,0.002006231583043968,1.3877787807814457e-17,6.626966543471379e-16,0.0,0.00032504303332038477,,,,,,,,,,,,,0.002006231583043968
core_N128_s3,moment3,3,128,1,0.0001,76,599980,-5.551115123125783e-17,2.7157967966060184e-16,0.0,6.42591397159446e-16,0.003283693099571653,1.1102230246251565e-16,6.284398070544316e-16,0.0,2.189202976279318e-09,,,,,,,,,,,,,0.007679253346672296
core_N128_s3,moment3,3,128,1,0.001,76,599980,0.0,2.7282642144088564e-16,0.0,6.435579774922544e-16,0.0032826285354474165,1.1102230246251565e-16,8.892755305999326e-16,0.0,2.189005915134863e-08,,,,,,,,,,,,,0.007679253346672296
core_N128_s3,moment3,3,128,1,0.01,76,599980,0.0,2.598063070945522e-16,0.0,7.325668527900114e-16,0.003272120774133164,1.1102230246251565e-16,5.873770019159371e-16,0.0,2.1870705712890462e-07,,,,,,,,,,,,,0.007679253346672296
core_N128_s3,moment3,3,128,1,0.1,76,599980,0.0,2.8221587002609535e-16,0.0,1.3715092357807284e-15,0.0031793288551486194,1.1102230246251565e-16,7.477561784251469e-16,0.0,2.1670850659456775e-06,,,,,,,,,,,,,0.007679253346672296
core_N128_s3,moment3,3,128,1,1.0,76,599980,1.1102230246251565e-16,3.088647491676465e-16,0.0,1.3598677366857e-15,0.002791302797018789,1.1102230246251565e-16,7.14992782532744e-16,0.0,2.109296581493761e-05,,,,,,,,,,,,,0.007679253346672296
core_N128_s3,moment3,3,128,1,10.0,76,599980,0.0,2.4297367035226245e-16,0.0,0.0,0.002546260156629637,1.1102230246251565e-16,5.841937273125121e-16,0.0,0.00020799208545645007,,,,,,,,,,,,,0.007679253346672296
core_N128_s3,moment3,3,128,1,100.0,76,599980,0.0,2.9616204095829363e-16,0.0,0.0,0.002516721940781056,1.1102230246251565e-16,7.3002548985149e-16,0.0,0.0020779657061622213,,,,,,,,,,,,,0.007679253346672296
core_N128_s3,moment5,3,128,1,0.0001,76,599980,-1.1102230246251565e-16,4.156624220018692e-16,0.0,6.50278073852535e-16,0.004653287443945707,1.1102230246251565e-16,1.1250561058320975e-15,0.0,2.1892032733902065e-09,,,,,,,,,,,,,0.0057572105176148655
core_N128_s3,moment5,3,128,1,0.001,76,599980,-1.1102230246251565e-16,4.476354514499509e-16,0.0,6.512478439711033e-16,0.004652501887105792,1.1102230246251565e-16,8.167195835003008e-16,0.0,2.189003461607169e-08,,,,,,,,,,,,,0.0057572105176148655
core_N128_s3,moment5,3,128,1,0.01,76,599980,-5.551115123125783e-17,4.579869464836899e-16,0.0,7.179015952683677e-16,0.004644728800096363,1.6653345369377348e-16,9.775812479988709e-16,0.0,2.1870704507594617e-07,,,,,,,,,,,,,0.0057572105176148655
core_N128_s3,moment5,3,128,1,0.1,76,599980,-5.551115123125783e-17,3.2243801274354876e-16,0.0,1.3791187735190226e-15,0.004574550908134882,1.6653345369377348e-16,8.9658702785522e-16,0.0,2.1670851016818514e-06,,,,,,,,,,,,,0.0057572105176148655
core_N128_s3,moment5,3,128,1,1.0,76,599980,-1.1102230246251565e-16,4.280164384308062e-16,0.0,1.3930598308417397e-15,0.004245899777078485,1.1102230246251565e-16,9.122776167421673e-16,0.0,2.1092965815683984e-05,,,,,,,,,,,,,0.0057572105176148655
core_N128_s3,moment5,3,128,1,10.0,76,599980,-1.1102230246251565e-16,4.0117667254637876e-16,0.0,4.772997146713852e-14,0.003983654016588698,1.6653345369377348e-16,8.675549318489257e-16,0.0,0.00020799208544903876,,,,,,,,,,,,,0.0057572105176148655
core_N128_s3,moment5,3,128,1,100.0,76,599980,-1.1102230246251565e-16,4.936404134861869e-16,0.0,4.4968720445781025e-14,0.003942763576490072,1.6653345369377348e-16,8.214434730178203e-16,0.0,0.002077965706176845,,,,,,,,,,,,,0.0057572105176148655
core_N128_s3,moment9,3,128,1,0.0001,76,599980,-5.551115123125783e-17,2.3764421665667025e-16,0.0,6.50278073852535e-16,0.0046436529953526266,1.1102230246251565e-16,6.376422526681615e-16,0.0,2.189203000709795e-09,,,,,,,,,,,,,0.0057627051461162865
core_N128_s3,moment9,3,128,1,0.001,76,599980,-5.551115123125783e-17,3.3029649909737786e-16,0.0,6.512478439711033e-16,0.00464286866207753,5.551115123125783e-17,1.049144333279826e-15,0.0,2.1890046759584347e-08,,,,,,,,,,,,,0.0057627051461162865
core_N128_s3,moment9,3,128,1,0.01,76,599980,-1.1102230246251565e-16,2.608554492693205e-16,0.0,7.179015952683677e-16,0.004635107832958146,1.1102230246251565e-16,6.594764692475182e-16,0.0,2.1870705719021961e-07,,,,,,,,,,,,,0.0057627051461162865
core_N128_s3,moment9,3,128,1,0.1,76,599980,-5.551115123125783e-17,3.1008819789768027e-16,0.0,1.3791187735190226e-15,0.0045650529373090845,1.1102230246251565e-16,6.895694736748382e-16,0.0,2.167085066031617e-06,,,,,,,,,,,,,0.0057627051461162865
core_N128_s3,moment9,3,128,1,1.0,76,599980,-5.551115123125783e-17,1.6132129229599536e-16,0.0,1.3930598308417399e-15,0.00423729112363289,5.551115123125783e-17,6.526212950841332e-16,0.0,2.1092965815262615e-05,,,,,,,,,,,,,0.0057627051461162865
core_N128_s3,moment9,3,128,1,10.0,76,599980,0.0,3.271077879401652e-16,0.0,4.772997146713852e-14,0.003976302122564833,1.1102230246251565e-16,5.227341168692084e-16,0.0,0.00020799208544678067,,,,,,,,,,,,,0.0057627051461162865
core_N128_s3,moment9,3,128,1,100.0,76,599980,0.0,3.316451254825673e-16,0.0,4.4968720445781025e-14,0.003935700335301447,5.551115123125783e-17,4.746229411141481e-16,0.0,0.0020779657061593,,,,,,,,,,,,,0.0057627051461162865
core_N128_s3,sine,3,128,3,0.0001,76,599980,5.551115123125783e-17,2.446849350008417e-16,0.0,2.8266817159463782e-11,0.00014075999964980275,8.326672684688674e-17,4.398115733505307e-16,0.0,1.6269362572425558e-07,,,,,,,,,,,,,0.0002636956262697434
core_N128_s3,sine,3,128,3,0.001,76,599980,5.551115123125783e-17,2.4050448906387207e-16,0.0,2.8050384542447424e-11,0.00014153330136628154,5.551115123125783e-17,4.2600841541954077e-16,0.0,1.5541918102060335e-07,,,,,,,,,,,,,0.0002636956262697434
core_N128_s3,sine,3,128,3,0.01,76,599980,2.7755575615628914e-17,2.501422141523872e-16,0.0,2.581380201532825e-11,0.00014955380363624007,8.326672684688674e-17,4.3350813071578237e-16,0.0,8.380775050763927e-08,,,,,,,,,,,,,0.0002636956262697434
core_N128_s3,sine,3,128,3,0.1,76,599980,5.551115123125783e-17,2.1675930880548322e-16,0.0,6.21495388102928e-11,0.0002713579345141479,8.326672684688674e-17,4.2602946079806143e-16,0.0,6.608112215769526e-07,,,,,,,,,,,,,0.0002713579345141479
core_N128_s3,sine,3,128,3,1.0,76,599980,-1.6653345369377348e-16,5.771795491278119e-16,0.0005986272951977401,1.4186482220616816e-14,0.2437458878219921,1.6653345369377348e-16,6.014443745029756e-16,0.0005986272951977401,8.051664611786466e-06,,,,,,,,,,,,,0.2437458878219921
core_N128_s3,sine,3,128,3,10.0,76,599980,-1.942890293094024e-16,8.023168980441732e-16,0.0,4.948602744355869e-14,0.2794374554796519,2.220446049250313e-16,8.976626596663392e-16,0.0,8.196567001772787e-05,,,,,,,,,,,,,0.2794374554796519
core_N128_s3,sine,3,128,3,100.0,76,599980,-1.942890293094024e-16,1.2993437843940947e-15,0.0,1.409678026800402e-13,0.42544302639677944,2.220446049250313e-16,2.8306630479637378e-15,0.0,0.000821106164083348,,,,,,,,,,,,,0.42544302639677944
core_N128_s3,runge,3,128,3,0.0001,76,599980,-2.7755575615628914e-17,9.10394248813584e-17,0.0031945180084745764,6.82853018789888e-11,0.20370466349449878,3.8163916471489756e-17,5.022213484251947e-16,0.0031945180084745764,1.5638422537951497e-07,,,,,,,,,,,,,0.21406829651730086
core_N128_s3,runge,3,128,3,0.001,76,599980,-3.469446951953614e-18,1.7413666997694329e-16,0.0031641728460451977,7.037012975648801e-11,0.20546701354677038,4.163336342344337e-17,4.790725398463985e-16,0.0031641728460451977,1.540056018284578e-07,,,,,,,,,,,,,0.2152903899378618
core_N128_s3,runge,3,128,3,0.01,76,599980,-4.85722573273506e-17,2.22230234358493e-16,0.002880031779661017,8.591859027497844e-11,0.2194705882267716,4.85722573273506e-17,4.821160082711203e-16,0.002880031779661017,1.3148637772366234e-07,,,,,,,,,,,,,0.22486442252107314
core_N128_s3,runge,3,128,3,0.1,76,599980,-1.734723475976807e-17,1.5752707642431386e-16,0.0024717514124293787,9.811177650485804e-11,0.26958536321415305,2.7755575615628914e-17,4.792281471392638e-16,0.0024717514124293787,2.823401803806619e-07,,,,,,,,,,,,,0.26958536321415305
core_N128_s3,runge,3,128,3,1.0,76,599980,-1.3877787807814457e-17,1.1394973980581465e-16,0.0016220868644067797,6.661102085847263e-11,0.3289176977335575,3.469446951953614e-17,4.855254803471094e-16,0.0016220868644067797,3.585870547783471e-06,,,,,,,,,,,,,0.3289176977335575
core_N128_s3,runge,3,128,3,10.0,76,599980,-6.938893903907228e-18,5.728144074145897e-16,0.0,2.2104096402673925e-11,0.3958957487453688,2.7755575615628914e-17,8.342048849229613e-16,0.0,3.484391736220632e-05,,,,,,,,,,,,,0.3958957487453688
core_N128_s3,runge,3,128,3,100.0,76,599980,-1.0408340855860843e-17,1.4442057857569554e-15,0.0,2.3038457670757588e-14,0.10518769875139693,4.163336342344337e-17,4.31157820346408e-15,0.0,0.00032707266629007495,,,,,,,,,,,,,0.1571182890919498
core_N128_s3,moment3,3,128,3,0.0001,76,599980,-4.996003609688539e-16,9.124782498182239e-15,0.003911767302259887,2.3048623362653216e-13,1.2786780578650552,8.881769225394142e-16,2.2554903438067202e-14,0.003911767302259887,5.338207027407716e-07,,,,,,,,,,,,,1.2786780578650552
core_N128_s3,moment3,3,128,3,0.001,76,599980,-6.661338146799262e-16,8.323440712890637e-15,0.00379590395480226,2.6620975368267265e-13,1.2607453500900854,7.928228386300251e-16,1.4354689817556833e-14,0.00379590395480226,5.159035201355656e-07,,,,,,,,,,,,,1.2607453500900854
core_N128_s3,moment3,3,128,3,0.01,76,599980,-8.326672684528027e-16,5.20747226026514e-15,0.0033821062853107344,1.6806335243516538e-13,1.194915943012249,8.881784196832e-16,7.224722790904055e-15,0.0033821062853107344,3.4542315415447804e-07,,,,,,,,,,,,,1.194915943012249
core_N128_s3,moment3,3,128,3,0.1,76,599980,-5.551115123043462e-16,1.6020839536921537e-15,0.002628994526836158,1.9725381319360647e-13,1.062975325471037,8.326672684605365e-16,1.7115805747854054e-15,0.002628994526836158,1.6063081999041962e-06,,,,,,,,,,,,,1.062975325471037
core_N128_s3,moment3,3,128,3,1.0,76,599980,-8.881784196955234e-16,3.0934643839516547e-15,0.0017324329096045199,1.8960053645525014e-13,0.9904014618533711,8.881784196955234e-16,3.0934643839516547e-15,0.0017324329096045199,2.012977657782204e-05,,,,,,,,,,,,,0.9904014618533711
core_N128_s3,moment3,3,128,3,10.0,76,599980,-6.106226635430617e-16,2.8226598018841856e-15,0.0006951800847457627,3.312599764491764e-13,1.3867723216376415,6.746143516668314e-16,2.825306734162843e-15,0.0006951800847457627,0.000204717690452308,,,,,,,,,,,,,1.3867723216376415
core_N128_s3,moment3,3,128,3,100.0,76,599980,-5.551115123124018e-16,4.118058105205257e-15,0.0,8.507667805749574e-14,2.558795698105102,5.551115123124018e-16,4.118058105205257e-15,0.0,0.0020515705890898285,,,,,,,,,,,,,2.558795698105102
core_N128_s3,moment5,3,128,3,0.0001,76,599980,-1.1102230246251565e-16,5.206314142647167e-16,0.0,3.281700631765537e-14,0.00011305903704889684,1.6653345369377348e-16,6.431580229344833e-16,0.0,5.384135024744822e-07,,,,,,,,,,,,,0.00023901429606890294
core_N128_s3,moment5,3,128,3,0.001,76,599980,-1.1102230246251565e-16,4.877996582906805e-16,0.0,1.430275763001293e-14,0.00011300856898398676,1.6653345369377348e-16,6.637271683019663e-16,0.0,5.20345102903937e-07,,,,,,,,,,,,,0.00023901429606890294
core_N128_s3,moment5,3,128,3,0.01,76,599980,-5.551115123125783e-17,5.980532818592895e-16,0.0,2.8396165091064286e-14,0.00011250968700749637,1.6653345369377348e-16,6.40475744012579e-16,0.0,3.478778742156228e-07,,,,,,,,,,,,,0.00023901429606890294
core_N128_s3,moment5,3,128,3,0.1,76,599980,-5.551115123125783e-17,4.729898028562144e-16,0.0,2.0604492974834868e-14,0.00010804250467767276,2.220446049250313e-16,6.413400823315721e-16,0.0,1.6144405475935869e-06,,,,,,,,,,,,,0.00023901429606890294
core_N128_s3,moment5,3,128,3,1.0,76,599980,-5.551115123125783e-17,5.655559098615422e-16,0.0,3.007304615731406e-14,8.766270929366692e-05,1.6653345369377348e-16,6.378554713778709e-16,0.0,2.0245386793659656e-05,,,,,,,,,,,,,0.00023901429606890294
core_N128_s3,moment5,3,128,3,10.0,76,599980,0.0,4.902352830816128e-16,0.0,5.702839829315344e-14,7.147186738977564e-05,1.6653345369377348e-16,6.583990948497204e-16,0.0,0.00020583590431600193,,,,,,,,,,,,,0.00023901429606890294
core_N128_s3,moment5,3,128,3,100.0,76,599980,-1.1102230246251565e-16,6.022344091303059e-16,0.0,2.0367002658410372e-14,6.75209626079719e-05,2.220446049250313e-16,6.787938503558182e-16,0.0,0.0020627891391921446,,,,,,,,,,,,,0.00023901429606890294
core_N128_s3,moment9,3,128,3,0.0001,76,599980,-5.551115123125783e-17,1.7282645376709786e-16,0.0,3.907412966287929e-14,0.00012144176505113199,1.1102230246251565e-16,4.6929021075841545e-16,0.0,5.384135027289771e-07,,,,,,,,,,,,,0.00023361541677192134
core_N128_s3,moment9,3,128,3,0.001,76,599980,-5.551115123125783e-17,3.2393175532868797e-16,0.0,1.4331535554863037e-14,0.00012139072679447824,1.1102230246251565e-16,4.704179123662238e-16,0.0,5.20345112668029e-07,,,,,,,,,,,,,0.00023361541677192134
core_N128_s3,moment9,3,128,3,0.01,76,599980,0.0,4.462419848630591e-16,0.0,8.860646383595484e-14,0.0001208860529543339,1.1102230246251565e-16,4.52348098224607e-16,0.0,3.4787788190721544e-07,,,,,,,,,,,,,0.00023361541677192134
core_N128_s3,moment9,3,128,3,0.1,76,599980,-5.551115123125783e-17,2.806420768851484e-16,0.0,2.0606458046666607e-14,0.00011635439422557931,1.1102230246251565e-16,4.503398122507678e-16,0.0,1.6144405473383399e-06,,,,,,,,,,,,,0.00023361541677192134
core_N128_s3,moment9,3,128,3,1.0,76,599980,-5.551115123125783e-17,3.198068097350117e-16,0.0,8.171392920773357e-14,9.536750960524481e-05,1.1102230246251565e-16,4.729497431794394e-16,0.0,2.0245386793213808e-05,,,,,,,,,,,,,0.00023361541677192134
core_N128_s3,moment9,3,128,3,10.0,76,599980,-5.551115123125783e-17,2.4289996380747495e-16,0.0,5.617601459578128e-14,7.814755258294153e-05,1.1102230246251565e-16,4.3088570906215307e-16,0.0,0.00020583590431291917,,,,,,,,,,,,,0.00023361541677192134
core_N128_s3,moment9,3,128,3,100.0,76,599980,-1.1102230246251565e-16,1.7415446061236816e-16,0.0,5.209734409436314e-14,7.377050616529133e-05,1.1102230246251565e-16,3.9011896801011755e-16,0.0,0.0020627891392222338,,,,,,,,,,,,,0.00023361541677192134
core_N128_s3,sine,3,128,5,0.0001,76,599980,5.551115123125783e-17,2.4701565386840734e-16,0.0,8.812920605169661e-12,4.118926118882113e-06,8.326672684688674e-17,4.211446932779509e-16,0.0,1.5909641600590658e-07,,,,,,,,,,,,,1.1483699277965373e-05
core_N128_s3,sine,3,128,5,0.001,76,599980,2.7755575615628914e-17,2.672238131499155e-16,0.0,8.703684168171775e-12,4.13520238267312e-06,8.326672684688674e-17,4.3559839257125303e-16,0.0,1.5182945470242998e-07,,,,,,,,,,,,,1.1483699277965373e-05
core_N128_s3,sine,3,128,5,0.01,76,599980,2.7755575615628914e-17,2.2168032044127124e-16,0.0,7.46587830436403e-12,4.302078289204559e-06,8.326672684688674e-17,4.3980870039595057e-16,0.0,8.035253823400702e-08,,,,,,,,,,,,,1.1483699277965373e-05
core_N128_s3,sine,3,128,5,0.1,76,599980,5.551115123125783e-17,2.53149458925135e-16,0.0,2.1801316310624226e-11,6.494394262804032e-06,8.326672684688674e-17,4.54065297360391e-16,0.0,6.636423775980039e-07,,,,,,,,,,,,,1.1483699277965373e-05
core_N128_s3,sine,3,128,5,1.0,76,599980,-4.996003610813204e-16,1.4533111970693454e-15,0.0,4.347603264900161e-08,0.35020516694184106,4.996003610813204e-16,1.4533111970693454e-15,0.0,8.048116913498429e-06,,,,,,,,,,,,,0.35020516694184106
core_N128_s3,sine,3,128,5,10.0,76,599980,-1.0279971318638559e-14,3.462329670937838e-14,0.0,1.394902947305047e-12,7.450360542352605,1.0279971318638559e-14,5.4772924422940725e-14,0.0,8.18981174903251e-05,,,,,,,,,,,,,7.450360542352605
core_N128_s3,sine,3,128,5,100.0,76,599980,-1.0911410663894117e-14,3.7935979329944404e-14,0.0,5.054493842120959e-13,11.15043224075448,1.0911410663894117e-14,7.056487643547344e-14,0.0,0.0008203985479998157,,,,,,,,,,,,,11.15043224075448
core_N128_s3,runge,3,128,5,0.0001,76,599980,0.0,2.995033872065484e-16,0.0,4.2430433277425314e-11,0.0047241865617642905,2.0816681711721685e-17,4.847642479153598e-16,0.0,1.5434098548506834e-07,,,,,,,,,,,,,0.005457077347302969
core_N128_s3,runge,3,128,5,0.001,76,599980,-3.469446951953614e-18,1.5704021439210985e-16,0.0,3.329755232382789e-11,0.005010955823319965,2.7755575615628914e-17,4.703164106579685e-16,0.0,1.5197766278565506e-07,,,,,,,,,,,,,0.005525209080712029
core_N128_s3,runge,3,128,5,0.01,76,599980,-6.938893903907228e-18,5.689030023862721e-16,0.0,3.980108025100716e-11,0.008254117892156887,2.7755575615628914e-17,5.689030023862721e-16,0.0,1.2966176689124e-07,,,,,,,,,,,,,0.008254117892156887
core_N128_s3,runge,3,128,5,0.1,76,599980,2.7755575615628914e-17,2.6955729804842984e-16,0.0,3.040074215213184e-11,0.04350486480589236,2.7755575615628914e-17,4.696006852849626e-16,0.0,2.872669516922301e-07,,,,,,,,,,,,,0.04350486480589236
core_N128_s3,runge,3,128,5,1.0,76,599980,8.847089727481716e-17,1.2851546532460951e-15,0.0,1.4875237006840772e-12,0.12239232757970857,8.847089727481716e-17,1.484252754502878e-15,0.0,3.5930600563118033e-06,,,,,,,,,,,,,0.12239232757970857
core_N128_s3,runge,3,128,5,10.0,76,599980,6.591949208711867e-17,2.3450071982050566e-15,0.0,7.230908130219094e-13,0.26417368471734365,9.020562075079397e-17,2.6204746941307203e-15,0.0,3.486915357190547e-05,,,,,,,,,,,,,0.39409208030565696
core_N128_s3,runge,3,128,5,100.0,76,599980,7.112366251504909e-17,5.020984218551081e-15,0.0,2.3065657381213972e-10,0.9682474453391264,1.3010426069826053e-16,7.418710260262587e-15,0.0,0.000327136644299046,,,,,,,,,,,,,0.9682474453391264
core_N128_s3,moment3,3,128,5,0.0001,76,599980,-5.551115123125783e-17,3.9939098657346575e-16,0.0,3.5690346276485935e-10,0.0262870058483571,1.1102230246251565e-16,5.144413461925888e-16,0.0,5.201004572364787e-07,,,,,,,,,,,,,0.0262870058483571
core_N128_s3,moment3,3,128,5,0.001,76,599980,0.0,3.8474776255003183e-16,0.0,2.457647579998488e-10,0.02818800552205716,1.1102230246251565e-16,4.508562612268907e-16,0.0,5.023572503003708e-07,,,,,,,,,,,,,0.02818800552205716
core_N128_s3,moment3,3,128,5,0.01,76,599980,-5.551115123125783e-17,4.368522063874318e-16,0.0,3.5618582625892045e-10,0.04691400396646441,1.1102230246251565e-16,4.466142920125075e-16,0.0,3.324906858228146e-07,,,,,,,,,,,,,0.04691400396646441
core_N128_s3,moment3,3,128,5,0.1,76,599980,-2.7755575615628914e-16,1.0772938745927583e-15,0.0,2.1167948134589205e-09,0.225835819436067,2.7755575615628914e-16,1.0772938745927583e-15,0.0,1.617280239127805e-06,,,,,,,,,,,,,0.225835819436067
core_N128_s3,moment3,3,128,5,1.0,76,599980,-1.2836953722228372e-15,1.3607597648561998e-14,0.0,6.326427886607742e-10,1.5032278519030267,1.8735013540549517e-15,1.3607597648561998e-14,0.0,2.012561020981245e-05,,,,,,,,,,,,,1.5032278519030267
core_N128_s3,moment3,3,128,5,10.0,76,599980,-1.7034984534092246e-15,1.826496794087288e-14,0.0,1.9638517609677482e-10,1.578618609491491,2.2187113257743363e-15,2.8211367387854344e-14,0.0,0.00020448729722306465,,,,,,,,,,,,,1.9903609223055574
core_N128_s3,moment3,3,128,5,100.0,76,599980,-1.5508427875232655e-15,9.90975535089897e-14,0.0,0.07871092440974699,1.4904073444417152,2.060851489460447e-15,1.0430936673200124e-13,0.0,0.7485267409839192,,,,,,,,,,,,,2.3139593127062192
core_N128_s3,moment5,3,128,5,0.0001,76,599980,-5.551115123125783e-17,5.719175260665497e-16,0.0,1.7391219393830493e-14,4.0911346341448525e-06,2.220446049250313e-16,6.679111948981138e-16,0.0,5.242304488721099e-07,,,,,,,,,,,,,1.1001854764673067e-05
core_N128_s3,moment5,3,128,5,0.001,76,599980,-1.1102230246251565e-16,5.979297081241359e-16,0.0,7.189700625314002e-14,4.088184562461337e-06,1.6653345369377348e-16,6.71166448178702e-16,0.0,5.063479642359313e-07,,,,,,,,,,,,,1.1001854764673067e-05
core_N128_s3,moment5,3,128,5,0.01,76,599980,-1.6653345369377348e-16,3.6509586948273755e-16,0.0,1.8620859341597134e-14,4.059090632686472e-06,2.220446049250313e-16,6.678277765717084e-16,0.0,3.3489294389413183e-07,,,,,,,,,,,,,1.1001854764673067e-05
core_N128_s3,moment5,3,128,5,0.1,76,599980,-1.1102230246251565e-16,4.8444694512212195e-16,0.0,5.111544219394894e-14,3.8037740113920464e-06,1.6653345369377348e-16,6.683373398884332e-16,0.0,1.6254490094189134e-06,,,,,,,,,,,,,1.1001854764673067e-05
core_N128_s3,moment5,3,128,5,1.0,76,599980,-1.1102230246251565e-16,5.807114169356566e-16,0.0,1.934937890601595e-14,2.7364223511016275e-06,1.6653345369377348e-16,6.8281812835015605e-16,0.0,2.0242628473292187e-05,,,,,,,,,,,,,1.1001854764673067e-05
core_N128_s3,moment5,3,128,5,10.0,76,599980,0.0,5.068779348534652e-16,0.0,1.9079811816978074e-13,2.018127632559262e-06,2.220446049250313e-16,6.8936301973986175e-16,0.0,0.0002056324168696493,,,,,,,,,,,,,1.1001854764673067e-05
core_N128_s3,moment5,3,128,5,100.0,76,599980,-1.6653345369377348e-16,6.286706424554917e-16,0.0,1.4936452111124203e-12,2.266653274658931e-06,1.6653345369377348e-16,7.38121010594329e-16,0.0,0.002060673645668315,,,,,,,,,,,,,1.1001854764673067e-05
core_N128_s3,moment9,3,128,5,0.0001,76,599980,-5.551115123125783e-17,4.535774903345312e-16,0.0,6.065813126567807e-14,4.129085227442315e-06,2.220446049250313e-16,4.543768623918041e-16,0.0,5.242171206915813e-07,,,,,,,,,,,,,9.799376408139208e-06
core_N128_s3,moment9,3,128,5,0.001,76,599980,-5.551115123125783e-17,2.6474101926313134e-16,0.0,1.366492267617092e-14,4.126315480029751e-06,1.1102230246251565e-16,4.494971983627277e-16,0.0,5.06335147526671e-07,,,,,,,,,,,,,9.799376408139208e-06
core_N128_s3,moment9,3,128,5,0.01,76,599980,5.551115123125783e-17,3.021502889635881e-16,0.0,2.689197391516316e-14,4.098973482700253e-06,1.1102230246251565e-16,4.926792344169835e-16,0.0,3.3488624927821904e-07,,,,,,,,,,,,,9.799376408139208e-06
core_N128_s3,moment9,3,128,5,0.1,76,599980,-5.551115123125783e-17,3.3431878512427443e-16,0.0,2.1218779423815116e-14,3.856807224708145e-06,1.1102230246251565e-16,4.891340977907161e-16,0.0,1.6254223277265829e-06,,,,,,,,,,,,,9.799376408139208e-06
core_N128_s3,moment9,3,128,5,1.0,76,599980,-1.1102230246251565e-16,2.3737801588404953e-16,0.0,2.2430773670765946e-14,2.782350053668491e-06,1.1102230246251565e-16,4.288530739138136e-16,0.0,2.0242246513021422e-05,,,,,,,,,,,,,9.799376408139208e-06
core_N128_s3,moment9,3,128,5,10.0,76,599980,-5.551115123125783e-17,2.8279420596551535e-16,0.0,2.6193449965476185e-14,1.9162147954456846e-06,1.1102230246251565e-16,4.2809515676129017e-16,0.0,0.00020562875162957538,,,,,,,,,,,,,9.799376408139208e-06
core_N128_s3,moment9,3,128,5,100.0,76,599980,-5.551115123125783e-17,2.2223110580253173e-16,0.0,3.6371385287383496e-14,1.7328585901840606e-06,1.1102230246251565e-16,4.3972122336433784e-16,0.0,0.002060636870369678,,,,,,,,,,,,,9.799376408139208e-06
core_N128_s3,sine,3,128,7,0.0001,76,599980,0.0,2.2636399800878517e-16,0.0,9.091964179441322e-12,2.7404518256786326e-07,5.551115123125783e-17,4.256832586050613e-16,0.0,1.5900286953483994e-07,,,,,,,,,,,,,4.839764103057486e-07
core_N128_s3,sine,3,128,7,0.001,76,599980,5.551115123125783e-17,2.3508506033232254e-16,0.0,8.969533968743953e-12,2.7545544210036244e-07,8.326672684688674e-17,4.435972974920653e-16,0.0,1.517354796736266e-07,,,,,,,,,,,,,4.839764103057486e-07
core_N128_s3,sine,3,128,7,0.01,76,599980,5.551115123125783e-17,2.412596961716156e-16,0.0,7.7635446479799e-12,2.8992775402944097e-07,8.326672684688674e-17,4.3600179729852395e-16,0.0,8.025794380140845e-08,,,,,,,,,,,,,4.839764103057486e-07
core_N128_s3,sine,3,128,7,0.1,76,599980,0.0,1.9473988225109275e-16,0.0,2.23069532390629e-11,4.822494149936333e-07,8.326672684688674e-17,4.453244988358688e-16,0.0,6.638095176729865e-07,,,,,,,,,,,,,4.839764103057486e-07
core_N128_s3,sine,3,128,7,1.0,76,599980,-3.608224830031759e-16,1.7138541129133326e-15,0.0,3.7620851435271015e-09,0.05837574877874658,3.608224830031759e-16,1.7138541129133326e-15,0.0,8.048922864268482e-06,,,,,,,,,,,,,0.05837574877874658
core_N128_s3,sine,3,128,7,10.0,76,599980,-4.718447854656915e-16,3.3322781933448496e-15,0.0,1.6281087348473012e-10,0.04028030967976594,4.996003610813204e-16,4.889922960235707e-15,0.0,8.190531250087714e-05,,,,,,,,,,,,,0.06672243457195301
core_N128_s3,sine,3,128,7,100.0,76,599980,-4.996003610813204e-16,6.17849698902097e-15,0.0,7.163221296165668e-09,0.05940361688837885,5.273559366969494e-16,6.17849698902097e-15,0.0,0.000820469633767424,,,,,,,,,,,,,0.06988360562497116
core_N128_s3,runge,3,128,7,0.0001,76,599980,-6.938893903907228e-18,1.3688571350651925e-15,0.005649717514124294,3.4238893660806166e-10,0.4245487493042492,3.122502256758253e-17,1.3688571350651925e-15,0.005649717514124294,1.5426193696004865e-07,,,,,,,,,,,,,0.4245487493042492
core_N128_s3,runge,3,128,7,0.001,76,599980,-3.469446951953614e-17,5.745768020270483e-16,0.005649717514124294,3.4239537077878716e-10,0.42492303570894047,3.469446951953614e-17,1.866507427226724e-15,0.005649717514124294,1.518961338089339e-07,,,,,,,,,,,,,0.42492303570894047
core_N128_s3,runge,3,128,7,0.01,76,599980,-2.7755575615628914e-17,1.9432306535191705e-15,0.005649717514124294,3.437064611847838e-10,0.4280233968561904,4.85722573273506e-17,1.9432306535191705e-15,0.005649717514124294,1.2955139901661178e-07,,,,,,,,,,,,,0.4280233968561904
core_N128_s3,runge,3,128,7,0.1,76,599980,-2.7755575615628914e-17,2.040338831616668e-15,0.005288334216101695,3.998616592259842e-10,0.42837354986783505,3.469446951953614e-17,2.0922034527579103e-15,0.005288334216101695,3.2511948036211596e-07,,,,,,,,,,,,,0.42837354986783505
core_N128_s3,runge,3,128,7,1.0,76,599980,0.0,2.8987584618871857e-16,0.0,3.007638984919578e-10,0.01062792737246286,2.7755575615628914e-17,6.747008584658267e-16,0.00013517390536723164,3.592758771943389e-06,,,,,,,,,,,,,0.06555811263984224
core_N128_s3,runge,3,128,7,10.0,76,599980,-4.163336342344337e-17,5.533629844883024e-16,0.0,9.798150791108975e-11,0.00932250582956933,4.163336342344337e-17,2.718964909413659e-15,0.0,3.486792753718488e-05,,,,,,,,,,,,,0.05215751808155663
core_N128_s3,runge,3,128,7,100.0,76,599980,-6.938893903907228e-18,7.993085142440872e-16,0.0,9.140907671861928e-10,0.01224019005235143,4.163336342344337e-17,5.698900882133824e-15,0.0,0.0003271297649117901,,,,,,,,,,,,,0.01634867933569798
core_N128_s3,moment3,3,128,7,0.0001,76,599980,-9.71445146547012e-16,1.1338644427520478e-14,0.0029600326624293787,1.0890820558934963e-08,0.5965280516265612,9.71445146547012e-16,1.2198003448476526e-14,0.0029600326624293787,5.201287098750535e-07,,,,,,,,,,,,,0.6271668754806841
core_N128_s3,moment3,3,128,7,0.001,76,599980,-9.853229343548264e-16,1.2449840214773936e-14,0.002940722104519774,1.324800135686037e-08,0.5939308667815697,9.853229343548264e-16,1.2449840214773936e-14,0.002940722104519774,5.023840913978345e-07,,,,,,,,,,,,,0.6262113718530713
core_N128_s3,moment3,3,128,7,0.01,76,599980,-1.061650767297806e-15,5.291330990349011e-15,0.0028469279661016947,2.395402646233715e-07,0.5757965165207615,1.061650767297806e-15,9.011310643402587e-15,0.0028469279661016947,3.3244758293062166e-07,,,,,,,,,,,,,0.6187245557306494
core_N128_s3,moment3,3,128,7,0.1,76,599980,-4.3021142204224816e-16,1.8886609912103615e-15,0.0016441560734463277,1.837785386282342e-08,0.6765764892299955,1.7069679003611782e-15,6.862612795054685e-15,0.0016441560734463277,1.6173386203357068e-06,,,,,,,,,,,,,0.6765764892299955
core_N128_s3,moment3,3,128,7,1.0,76,599980,-3.2942398808799567e-15,1.6090984849516313e-14,0.0,8.417492946067998e-10,0.6903254147734895,3.3931191190106347e-15,1.6780789474386903e-14,0.0011007018008474577,2.0127318635000382e-05,,,,,,,,,,,,,0.6942114084033724
core_N128_s3,moment3,3,128,7,10.0,76,599980,-2.8309602925769006e-15,1.2662773107463065e-14,0.0,8.717419771839699e-11,0.7863555538843587,3.352786798194174e-15,1.7863950295631214e-14,0.00034207274011299434,0.00020450833999822586,,,,,,,,,,,,,1.0116393863133883
core_N128_s3,moment3,3,128,7,100.0,76,599980,-2.9682202876135655e-15,3.1250946529045514e-14,0.0,1.7601589657441786e-11,1.0696888842579866,3.4330177589581012e-15,3.1250946529045514e-14,0.0,0.0020493928189377663,,,,,,,,,,,,,1.4041109286623035
core_N128_s3,moment5,3,128,7,0.0001,76,599980,-5.551115123125783e-17,4.290539496129138e-16,0.0,4.959754130815378e-14,2.600994827230518e-07,1.6653345369377348e-16,7.143018823319401e-16,0.0,5.242332602892812e-07,,,,,,,,,,,,,5.261518059976714e-07
core_N128_s3,moment5,3,128,7,0.001,76,599980,-1.1102230246251565e-16,4.827396675338038e-16,0.0,8.630226352480645e-15,2.599016138500164e-07,2.220446049250313e-16,6.7903375237238935e-16,0.0,5.063497727607905e-07,,,,,,,,,,,,,5.261518059976714e-07
core_N128_s3,moment5,3,128,7,0.01,76,599980,-1.1102230246251565e-16,5.955921327852157e-16,0.0,3.05855352108041e-14,2.5795497901865115e-07,2.220446049250313e-16,7.506547787633235e-16,0.0,3.3484057991433324e-07,,,,,,,,,,,,,5.261518059976714e-07
core_N128_s3,moment5,3,128,7,0.1,76,599980,-1.1102230246251565e-16,5.758086565597829e-16,0.0,4.186831169358904e-14,2.412358843334324e-07,2.220446049250313e-16,6.515884401928317e-16,0.0,1.6254945367320017e-06,,,,,,,,,,,,,5.261518059976714e-07
core_N128_s3,moment5,3,128,7,1.0,76,599980,-1.1102230246251565e-16,4.843093934159631e-16,0.0,3.7100550121185206e-14,1.7785878595317268e-07,1.6653345369377348e-16,6.699647137784151e-16,0.0,2.0243903781064713e-05,,,,,,,,,,,,,5.261518059976714e-07
core_N128_s3,moment5,3,128,7,10.0,76,599980,-1.6653345369377348e-16,5.478049754104296e-16,0.0,1.5212359553816187e-13,1.4130878399505332e-07,2.220446049250313e-16,6.675895641816173e-16,0.0,0.0002056479354662944,,,,,,,,,,,,,5.261518059976714e-07
core_N128_s3,moment5,3,128,7,100.0,76,599980,-5.551115123125783e-17,6.369824345650468e-16,0.0,1.213795385601242e-12,1.5464054949408506e-07,2.220446049250313e-16,7.012706174003564e-16,0.0,0.002060826559201103,,,,,,,,,,,,,5.261518059976714e-07
core_N128_s3,moment9,3,128,7,0.0001,76,599980,0.0,2.450377959229016e-16,0.0,6.428665810344177e-14,1.5549766192139185e-07,1.1102230246251565e-16,4.764362877867618e-16,0.0,5.242182393448283e-07,,,,,,,,,,,,,4.130649112866191e-07
core_N128_s3,moment9,3,128,7,0.001,76,599980,-5.551115123125783e-17,3.0775485105086117e-16,0.0,7.756706930404318e-15,1.5535993082995464e-07,1.1102230246251565e-16,4.786746427812163e-16,0.0,5.063352344996043e-07,,,,,,,,,,,,,4.130649112866191e-07
core_N128_s3,moment9,3,128,7,0.01,76,599980,-5.551115123125783e-17,2.958494474523766e-16,0.0,4.7956034839344027e-14,1.5400296062784337e-07,1.1102230246251565e-16,5.26483451948362e-16,0.0,3.3483218705255446e-07,,,,,,,,,,,,,4.130649112866191e-07
core_N128_s3,moment9,3,128,7,0.1,76,599980,0.0,2.682121846401727e-16,0.0,1.2907525164322992e-14,1.421807087011712e-07,1.1102230246251565e-16,4.455162957233244e-16,0.0,1.6254684669467144e-06,,,,,,,,,,,,,4.130649112866191e-07
core_N128_s3,moment9,3,128,7,1.0,76,599980,-5.551115123125783e-17,2.5807148652444313e-16,0.0,3.592827529941418e-14,9.262771143965576e-08,1.6653345369377348e-16,4.33874275487596e-16,0.0,2.024350463928883e-05,,,,,,,,,,,,,4.130649112866191e-07
core_N128_s3,moment9,3,128,7,10.0,76,599980,-5.551115123125783e-17,2.444448871466854e-16,0.0,8.707061628948524e-14,5.4015394052437465e-08,1.1102230246251565e-16,4.713046384112243e-16,0.0,0.000205644000022373,,,,,,,,,,,,,4.130649112866191e-07
core_N128_s3,moment9,3,128,7,100.0,76,599980,-1.1102230246251565e-16,2.588416526740798e-16,0.0,3.694091362892662e-14,4.5582462231532683e-08,1.1102230246251565e-16,4.315288385164599e-16,0.0,0.0020607870592947294,,,,,,,,,,,,,4.130649112866191e-07
