bundle,target,seed,n,degree,kappa,count,last_step,last_gradient_absolute_error,last_gradient_relative_error,last_signed_change_actual,last_signed_change_reference,last_signed_change_absolute_error,last_slope_parameter_l2_error,last_signed_force_actual,last_signed_force_reference,last_residual_moment_l2_error,last_median_gamma_error,max_abs_gradient_absolute_error,max_abs_gradient_relative_error,max_abs_signed_change_actual,max_abs_signed_change_reference,max_abs_signed_change_absolute_error,max_abs_slope_parameter_l2_error,max_abs_signed_force_actual,max_abs_signed_force_reference,max_abs_residual_moment_l2_error,max_abs_median_gamma_error,first_gradient_error_above_5pct
core_N128_s0,sine,0,128,1,0.0001,76,599980,0.00045172020576293346,1.000000000000002,-0.009833560070040354,-0.0032287985000152147,0.006604761570025139,0.529128914355846,4.891516382152072e-06,7.7084861399332695e-19,0.0004167440127898728,-0.0029596677403048582,0.012725960046008932,1.0000050386633386,0.010335294433169162,0.0033935081736326117,0.007106495933153947,0.529128914355846,0.006613108593731057,0.006814621404901296,0.005099222235706933,0.0029596677403048582,1460
core_N128_s0,sine,0,128,1,0.001,76,599980,0.000452157998488852,1.000000000000002,-0.009818128976262705,-0.0032241393196794227,0.006593989656583282,0.5291530792072504,4.917366934484863e-06,7.751068448751349e-19,0.00041690034149813397,-0.0029251126301909347,0.012725960046008932,1.0000061194412457,0.010320783358388014,0.0033889382062781692,0.007096644038708591,0.5291530792072504,0.006613108593731057,0.006814621404901296,0.005098302183775018,0.0029251126301909347,1460
core_N128_s0,sine,0,128,1,0.01,76,599980,0.00045663565917995963,1.0000000000000058,-0.009664731236034549,-0.003178385177399448,0.006486346058635101,0.5294044737625947,5.177268585999964e-06,1.7982234627908766e-18,0.00041845141353252346,-0.002581478210710683,0.012725960046008932,1.0000159441759788,0.010176705574681547,0.003343670699168272,0.006998320397282098,0.5294044737625947,0.006613108593731057,0.006814621404901296,0.005089363281352041,0.003128897605060507,1460
core_N128_s0,sine,0,128,1,0.1,76,599980,0.0005120362868476882,1.0000000000000209,-0.008036173677626005,-0.002727167463721994,0.005309006213904011,0.5331764719171265,5.753058658504548e-06,1.5857026639667434e-18,0.00043296103614034033,-0.0032809470216558917,0.012725960046008932,1.0002441961125144,0.00904371628299186,0.003084053615600088,0.0063165488192698654,0.5331764719171265,0.006613108593731057,0.006814621404901296,0.005021308920919769,0.0032809470216558917,1460
core_N128_s0,sine,0,128,1,1.0,76,599980,0.026377365230983846,1.0,0.020463634790794508,-0.0010452708188499332,0.02150890560964444,1.4404921871882272,0.0005003269215255611,-0.0,0.013736743855752093,-0.015136644934489366,0.026377365230983846,1.012266367232741,0.020463634790794508,0.0016601302304399407,0.02150890560964444,1.4404921871882272,0.006613108593731057,0.006814621404901296,0.013736743855752093,0.015136644934489366,880
core_N128_s0,sine,0,128,1,10.0,76,599980,0.004313742062378527,1.0,0.06480095625284617,-0.00012659282507272718,0.0649275490779189,5.024135764889482,1.9661453058838676e-05,-0.0,0.06425058200653144,-0.024859822647549615,0.023266333621305663,1.0528547394339136,0.06480095625284617,0.00030103472485200344,0.0649275490779189,5.879264338233666,0.006613108593731057,0.006814621404901296,0.12484836119405579,0.026023275549788977,220
core_N128_s0,sine,0,128,1,100.0,76,599980,0.0011110624955581667,1.0,0.0407533737817171,-1.4792224729748282e-05,0.04076816600644685,2.8952313970143453,-9.80149148914182e-07,-0.0,0.050123578851479,-0.026625963464126254,0.025369491921957598,1.0848551844332992,0.0407533737817171,3.5040325303131725e-05,0.04076816600644685,4.679944222592968,0.006613108593731057,0.006814621404901296,0.1240655249229277,0.026625963464126254,19
core_N128_s0,runge,0,128,1,0.0001,76,599980,0.0023841157588256404,0.9999999999999998,0.09718347677939625,-0.0030291911353192286,0.10021266791471548,4.907019521420119,3.6261505818604426e-05,-2.2728032975993294e-19,0.10270612512316073,0.012094700133763236,0.008172119595279376,0.9999999999999999,0.09718347677939625,0.0030291911353192286,0.10021266791471548,4.907019521420119,0.003061020049382076,0.0031971951853914517,0.10270612512316073,0.012414523434539457,1240
core_N128_s0,runge,0,128,1,0.001,76,599980,0.0023963915551461516,0.9999999999999997,0.09601514305930049,-0.003026636004902661,0.09904177906420315,4.894336823104113,3.4733493899950934e-05,-4.867959566070579e-19,0.10297413536800312,0.012446890893987525,0.008172119595279376,0.9999999999999997,0.09601514305930049,0.003026636004902661,0.09904177906420315,4.894336823104113,0.003061020049382076,0.0031971951853914517,0.10297413536800312,0.012446890893987525,1240
core_N128_s0,runge,0,128,1,0.01,76,599980,0.0025325582496620548,1.0,0.08662860715850863,-0.0030013422278860336,0.08962994938639467,4.802802827881541,2.3731279939102878e-05,-9.490847487920842e-19,0.10420583470767031,0.009745683596897148,0.008172119595279376,1.0,0.08662860715850863,0.0030013422278860336,0.08962994938639467,4.802802827881541,0.003061020049382076,0.0031971951853914517,0.10420583470767031,0.011156250338631282,1240
core_N128_s0,runge,0,128,1,0.1,76,599980,0.0026136735513933368,0.9999999999999789,0.05819759018413996,-0.0027723814150819454,0.060969971599221906,4.3498973173821875,1.1400404202000242e-05,-2.0288831945927837e-18,0.10412022463492822,0.008804537035350515,0.009126759971776312,1.0000000000000082,0.05819759018413996,0.002772381415081987,0.060969971599221906,4.3498973173821875,0.003061020049382076,0.0031971951853914517,0.10823582405237665,0.010641568054945372,1040
core_N128_s0,runge,0,128,1,1.0,76,599980,0.0029809127328532387,0.9999999999999705,0.03750384093096713,-0.0015884643291401018,0.039092305260107235,3.7940857528791443,2.2950107411688707e-05,-2.023688363326252e-18,0.09638302575671533,0.004938394292277035,0.012107976229840422,1.0000000000000062,0.03750384093096713,0.0015884643291401018,0.039092305260107235,3.7940857528791443,0.003061020049382076,0.0031971951853914517,0.11142439300931545,0.008092083493587351,620
core_N128_s0,runge,0,128,1,10.0,76,599980,0.0009365252481532325,1.0000000000000058,0.04065649539315962,-0.00028827521847671345,0.04094477061163633,3.5762562398259883,4.1132498449322705e-06,-3.933560245115628e-19,0.0840296752751126,-0.00948367116212899,0.016544846789131953,1.0000000000000058,0.04065649539315962,0.00028827521847671345,0.04094477061163633,3.5762562398259883,0.003061020049382076,0.0031971951853914517,0.11079223455760948,0.00948367116212899,120
core_N128_s0,runge,0,128,1,100.0,76,599980,0.0012486372975258045,0.9999999999999998,0.031223466288667304,-3.090852550328982e-05,0.031254374814170593,3.245844198387745,1.2401254186955195e-05,-1.1420259769670693e-20,0.08527749045765316,-0.0017871519771749944,0.023930582963299783,1.0000000000000002,0.031223466288667304,3.090852550328982e-05,0.031254374814170593,3.245844198387745,0.003061020049382076,0.0031971951853914517,0.10946550879087959,0.004510977876321806,12
core_N128_s0,moment3,0,128,1,0.0001,76,599980,0.009345271827996594,1.0,0.26215523688696013,0.0032830625284667875,0.25887217435849336,11.279618715185334,0.0001993242981286476,-0.0,0.08330337553031429,-0.08944154709865108,0.021458620497126192,1.0000003418365602,0.26215523688696013,0.003283062528466857,0.25887217435849336,11.279618715185334,0.0020805995578162015,0.0020518242562539805,0.08330337553031429,0.08944154709865108,0
core_N128_s0,moment3,0,128,1,0.001,76,599980,0.007772065436003948,1.0,0.2767972970405743,0.003280655261106602,0.2735166417794677,11.18225452284614,0.0002075070146245742,-0.0,0.10643983205620393,-0.1204286359113176,0.02149106720949717,1.0000005670203327,0.2767972970405743,0.0032806552611066714,0.2735166417794677,11.18225452284614,0.0020805995578162015,0.0020518242562539805,0.10643983205620393,0.1204286359113176,0
core_N128_s0,moment3,0,128,1,0.01,76,599980,0.004218004202279576,0.9999999999999973,0.27734030340766896,0.003256786080765073,0.2740835173269039,8.70077674162112,6.82145817116565e-05,8.187847717561363e-19,0.17411478769840866,-0.20706658027384692,0.02183601198676386,1.000009808311635,0.27734030340766896,0.0032567860807651283,0.2740835173269039,8.797974026553275,0.0020805995578162015,0.0020518242562539805,0.17411478769840866,0.20706658027384692,0
core_N128_s0,moment3,0,128,1,0.1,76,599980,0.002200562365112424,0.9999999999999969,0.22355543469516526,0.0030373985377063067,0.22051803615745896,6.437395447251429,7.594691071207487e-05,8.200136183775815e-19,0.2270162394422486,-0.21594805816153673,0.03348908733695931,1.000658791305853,0.22355543469516526,0.0030373985377064594,0.22051803615745896,6.437395447251429,0.0020805995578162015,0.0020518242562539805,0.2270162394422486,0.21594805816153673,0
core_N128_s0,moment3,0,128,1,1.0,76,599980,0.0003132431408732997,0.9999999999998935,0.15454463133010982,0.0018787815781704659,0.15266584975193936,3.9944230665736886,1.5016576591738425e-05,2.7870637695799036e-18,0.26087249042914246,-0.16012514139107703,0.08050232149721828,1.0221163826251252,0.15454463133010982,0.0018787815781704659,0.15266584975193936,3.9944230665736886,0.0021803822481980765,0.0020518242562539805,0.26087249042914246,0.16012514139107703,0
core_N128_s0,moment3,0,128,1,10.0,76,599980,0.0004234703728987624,1.0000000000000173,0.07301634852447027,0.0003846412043478631,0.0726317073201224,1.510936617022884,7.626506184184259e-06,4.8375745183759444e-18,0.25620905609984634,-0.0887637579214686,0.061073426510942795,1.0916760570124096,0.07301634852447027,0.0003846412043478631,0.0726317073201224,2.0589714103359062,0.0020805995578162015,0.0020518242562539805,0.25620905609984634,0.0887637579214686,0
core_N128_s0,moment3,0,128,1,100.0,76,599980,0.006735162229159642,1.0,0.04022461117234692,4.3167740152560974e-05,0.04018144343219436,0.9437999458112072,5.8577916703215925e-05,-0.0,0.270262418576753,-0.053095129683083636,0.08148367025213919,1.1073184034726269,0.04022461117234692,4.3167740152560974e-05,0.04018144343219436,1.4235658759829917,0.0020805995578162015,0.0020518242562539805,0.28384537335458304,0.053095129683083636,0
core_N128_s0,moment5,0,128,1,0.0001,76,599980,1.3301595897046896e-05,0.9999999999999928,0.003477873827598593,0.0032830625284667875,0.00019481129913180573,0.01918372988242579,7.355767104837998e-08,8.1539896312825e-19,0.0006083186594578623,0.001472373516648931,0.006455370267654214,0.9999999999999931,0.003477873827598593,0.003283062528466857,0.00019481129913180573,0.01918372988242579,0.0021208317718772814,0.002051824256253979,0.006969436066506296,0.001482956733613039,1240
core_N128_s0,moment5,0,128,1,0.001,76,599980,1.3294499884074254e-05,0.999999999999992,0.0034754777964189354,0.003280655261106602,0.0001948225353123334,0.019170365517064955,7.369048367086257e-08,8.157099403261253e-19,0.0006078023010142469,0.0014407995027320292,0.006455370267654214,0.9999999999999921,0.0034754777964189354,0.0032806552611066714,0.0001948225353123334,0.019170365517064955,0.0021208317718772814,0.002051824256253979,0.006965414025545344,0.0014516046801247434,1240
core_N128_s0,moment5,0,128,1,0.01,76,599980,1.3224680222678791e-05,0.9999999999999684,0.0034518424140119047,0.003256786080765073,0.00019505633324683191,0.01903879431628944,7.950853699279026e-08,1.6375695435122726e-18,0.0006027148037841012,0.0011281548897274368,0.006455370267654214,0.9999999999999701,0.0034518424140119047,0.0032567860807651283,0.00019505633324683191,0.01903879431628944,0.0021208317718772814,0.002051824256253979,0.0069251303198023025,0.0011442014978018389,1240
core_N128_s0,moment5,0,128,1,0.1,76,599980,1.2626086716319034e-05,0.9999999999999045,0.0032402785041706073,0.0030373985377063067,0.0002028799664643005,0.017904312279753278,9.007079325625586e-08,8.200136183775815e-19,0.0005584483241868861,-0.0005173941590913556,0.006455370267654214,0.9999999999999061,0.0032402785041706073,0.0030373985377064455,0.0002028799664643005,0.017904312279753278,0.0021208317718772814,0.002051824256253979,0.006518480715854723,0.0005245435409833993,1040
core_N128_s0,moment5,0,128,1,1.0,76,599980,1.0520701082756283e-05,0.9999999999977317,0.00208982986907591,0.0018787815781704659,0.00021104829090544397,0.013743556941379955,1.2840888379383573e-07,2.7870637695799036e-18,0.0003800292178042285,-4.423358037317082e-05,0.006455370267654214,0.9999999999977712,0.00208982986907591,0.0018787815781704659,0.00021104829090544397,0.013743556941379955,0.0021208317718772814,0.002051824256253979,0.004696234250231226,0.0003803528933039174,740
core_N128_s0,moment5,0,128,1,10.0,76,599980,9.582575255823378e-06,0.9999999999895366,0.0005692331119630523,0.00038464120434783533,0.00018459190761521693,0.011516253925272195,1.5319311538668373e-07,5.805089422051133e-18,0.00025054977841577187,0.00027792070121032686,0.006455370267654214,0.9999999999895366,0.0005692331119630523,0.0003846412043478492,0.00018459190761521693,0.011516253925272195,0.0021208317718772814,0.002051824256253979,0.004031089949379793,0.00027792070121032686,140
core_N128_s0,moment5,0,128,1,100.0,76,599980,1.0478109976275225e-05,1.0000000000017089,0.00024224302739687953,4.3167740152560974e-05,0.00019907528724431856,0.011498719878667504,1.9140903156404858e-07,-1.0030434648740701e-18,0.0002385354285946562,2.9078664020548706e-05,0.006455370267654214,1.0000000000020317,0.00024224302739687953,4.3167740152560974e-05,0.00019907528724431856,0.011498719878667504,0.0021208317718772814,0.002051824256253979,0.00499262289747555,4.800443740497762e-05,14
core_N128_s0,moment9,0,128,1,0.0001,76,599980,1.031428516793041e-05,1.0000000000000047,0.0032546584613473567,0.0032830625284667875,2.8404067119430776e-05,0.0174137611113495,-1.15960272266411e-07,8.1539896312825e-19,0.0005994016835999422,0.0015583160763743692,0.006455365104758748,1.0000004949672858,0.003403201653330523,0.0032830625284668707,0.00012032552740619262,0.0174137611113495,0.0021206845365959754,0.0020518242562539814,0.0069700218708635174,0.0015583160763743692,1240
core_N128_s0,moment9,0,128,1,0.001,76,599980,1.030453162090555e-05,0.9999999999999948,0.0032523372179621007,0.003280655261106602,2.831804314450126e-05,0.01739568087758712,-1.157680400751384e-07,-8.157099403261253e-19,0.0005988841839655321,0.0015560991846501893,0.006455365104758748,1.0000005580319782,0.0034006362367616644,0.0032806552611066714,0.00012016715033645597,0.01739568087758712,0.0021206845365959754,0.0020518242562539814,0.006966000346280147,0.0015560991846501893,1240
core_N128_s0,moment9,0,128,1,0.01,76,599980,1.0208227073649005e-05,1.0000000000000193,0.0032292878871808817,0.003256786080765073,2.7498193584191144e-05,0.01721721684752048,-1.1388441781601438e-07,1.6375695435122726e-18,0.0005937855410676632,0.0014946565845885829,0.006455365104758748,1.0000010892453675,0.003375193069115351,0.0032567860807651283,0.00011859111772585806,0.01721721684752048,0.0021206845365959754,0.0020518242562539814,0.006925721828699237,0.0014946565845885829,1240
core_N128_s0,moment9,0,128,1,0.1,76,599980,9.354836197221345e-06,1.0000000000000546,0.003016479651144821,0.0030373985377063067,2.091888656148566e-05,0.015639558437854573,-1.0026601738351962e-07,8.200136183775815e-19,0.0005494311679181599,-0.0009399679683933793,0.006455365104758748,1.000022311645554,0.00314489459156142,0.0030373985377064594,0.00010768230424032521,0.015639558437854573,0.0021206845365959754,0.0020518242562539814,0.00651912662819347,0.001104285180466194,1040
core_N128_s0,moment9,0,128,1,1.0,76,599980,5.669126564429713e-06,1.0000000000019058,0.00187811717616497,0.0018787815781704659,6.644020054957789e-07,0.008860456055541277,-5.3241910508697137e-08,2.7870637695799036e-18,0.00037088936584037113,0.00033485593249070467,0.006455365104758748,1.0013844911883258,0.0019459384010482583,0.0018787815781704659,6.72109486694189e-05,0.008860456055541277,0.0021206845365959754,0.0020518242562539814,0.0046967549667972465,0.00044442628059268574,740
core_N128_s0,moment9,0,128,1,10.0,76,599980,2.709996917709118e-06,1.0000000000251363,0.0003551879689087656,0.0003846412043478631,2.9453235439097503e-05,0.003861577725689137,-3.297233522815702e-08,5.805089422051135e-18,0.00023963259948323607,0.00046204093240523325,0.006455365104758748,1.0078465723166572,0.0003975729700372438,0.0003846412043478631,2.9453235439097503e-05,0.003861577725689137,0.0021206845365959754,0.0020518242562539814,0.00403108994937987,0.00046204093240523325,140
core_N128_s0,moment9,0,128,1,100.0,76,599980,1.5146085045664753e-06,0.9999999999865766,1.11275054407306e-05,4.3167740152560974e-05,3.204023471183037e-05,0.002168126781376668,-2.507148040086747e-08,-1.0030434648740701e-18,0.00019586401271803623,-2.7154051321087724e-05,0.006455365104758748,1.0134786006425365,4.469836959818119e-05,4.3167740152560974e-05,3.204023471183037e-05,0.002168126781376668,0.0021206845365959754,0.0020518242562539814,0.0049926981157158625,3.167995753637631e-05,14
core_N128_s0,sine,0,128,3,0.0001,76,599980,6.947316003396226e-05,0.15379688388440715,-0.009833560070040354,-0.009855113176414729,2.155310637437513e-05,0.04198448819350879,4.891516382152072e-06,5.606904325286393e-06,2.3843608481949162e-05,3.0057956220255755e-05,0.0004910447810061517,0.15379688388440715,0.010335294433169162,0.010546315490949587,0.00031897107164442773,0.04198448819350879,0.006613108593731057,0.006608344937555624,0.0001698885480045006,0.0009014471140648961,4880
core_N128_s0,sine,0,128,3,0.001,76,599980,6.956925859728982e-05,0.15386050634909912,-0.009818128976262705,-0.009838607741135721,2.0478764873016475e-05,0.0420001280255772,4.917366934484863e-06,5.634785495332033e-06,2.3817796556370874e-05,4.969928106710042e-05,0.0004910447810061517,0.15386050634909912,0.010320783358388014,0.01053296380917429,0.0003185496443843805,0.0420001280255772,0.006613108593731057,0.006608344937555624,0.00016987097116339775,0.0009021411792636408,4880
core_N128_s0,sine,0,128,3,0.01,76,599980,7.05532271510824e-05,0.15450660878693628,-0.009664731236034549,-0.00967436797012966,9.636734095111454e-06,0.04215936610830478,5.177268585999964e-06,5.915465073041156e-06,2.3545172249973287e-05,0.0002442357651603333,0.0004910447810061517,0.15450660878693628,0.010176705574681547,0.010411359341420123,0.00031432462884806167,0.04215936610830478,0.006613108593731057,0.006608344937555624,0.0001696950040211911,0.0008801619401227756,4880
core_N128_s0,sine,0,128,3,0.1,76,599980,8.316810327020387e-05,0.1624261901089542,-0.008036173677626005,-0.008016840856943055,1.933282068294906e-05,0.04408823996011785,5.753058658504548e-06,7.505573578930986e-06,2.01956126023239e-05,-0.0011499395376397131,0.0004910447810061517,0.1624261901089542,0.00904371628299186,0.009285432397031848,0.00028316271507428104,0.04408823996011785,0.006613108593731057,0.006608344937555624,0.0001678859452236772,0.0011499395376397131,4120
core_N128_s0,sine,0,128,3,1.0,76,599980,0.026377223990912163,0.9999946454063761,0.020463634790794508,0.020218553505509787,0.0002450812852847206,0.3906691489850983,0.0005003269215255611,8.713610391859179e-11,0.06949287704952799,-0.004272210155886788,0.026377223990912163,0.9999946454063761,0.020463634790794508,0.020218553505509787,0.0008964791062662514,0.3906691489850983,0.006613108593731057,0.006608344937555624,0.06949287704952799,0.004272210155886788,2460
core_N128_s0,sine,0,128,3,10.0,76,599980,0.004313742062430814,1.000000000012121,0.06480095625284617,0.017768547040161856,0.04703240921268431,3.814789367658079,1.9661453058838676e-05,3.1778123404390545e-16,0.029089306211261403,-0.0069337239405842105,0.017772067939812602,1.000000000012121,0.06480095625284617,0.017768547040161856,0.04703240921268431,4.661115658571275,0.006613108593731057,0.006608344937555624,0.06615178504723492,0.00965797399300558,440
core_N128_s0,sine,0,128,3,100.0,76,599980,0.001111062495588815,1.0000000000275846,0.0407533737817171,0.013307995302260595,0.02744537847945651,2.0770626890283714,-9.80149148914182e-07,1.9775524588297265e-16,0.04704927625351256,-0.017354087777895724,0.025369491831369197,1.0000000000368092,0.0407533737817171,0.013307995302260678,0.02744537847945651,3.8344361382748615,0.006613108593731057,0.006608344937555624,0.04704927625351256,0.017354087777895724,60
core_N128_s0,runge,0,128,3,0.0001,76,599980,0.002330719030946889,0.9776031311897985,0.09718347677939625,0.026984996340358877,0.07019848043903737,3.1311126151063076,3.6261505818604426e-05,1.7662924892930794e-07,0.007239969226898352,0.004524654000249456,0.007573089134091749,1.3790013311848173,0.09718347677939625,0.026984996340358877,0.07019848043903737,3.1311126151063076,0.003061020049382076,0.0030577209449262686,0.0750309164684814,0.004842700764856406,4120
core_N128_s0,runge,0,128,3,0.001,76,599980,0.002339888065893511,0.9764214286553872,0.09601514305930049,0.026772983359829555,0.06924215969947094,3.119705761118772,3.4733493899950934e-05,1.9662206949381606e-07,0.007289226986877103,0.004852279250607869,0.007580934002681109,1.3765897197188302,0.09601514305930049,0.026772983359829555,0.06924215969947094,3.119705761118772,0.003061020049382076,0.0030577209449262686,0.07565404825604256,0.004852279250607869,4120
core_N128_s0,runge,0,128,3,0.01,76,599980,0.002447696277364728,0.9664916010091177,0.08662860715850863,0.02506293678611242,0.061565670372396214,3.071678418770643,2.3731279939102878e-05,4.0155100369728486e-07,0.008587735850944578,0.0019140981537370122,0.007587155959556886,1.2875513667562513,0.08662860715850863,0.02506293678611242,0.061565670372396214,3.071678418770643,0.003061020049382076,0.0030577209449262686,0.07922754043955385,0.003392187058597687,4120
core_N128_s0,runge,0,128,3,0.1,76,599980,0.00237111489090518,0.9071962677363056,0.05819759018413996,0.018222987051720305,0.039974603132419656,3.085242285524451,1.1400404202000242e-05,2.0583450425853467e-06,0.013017627795064506,0.00011262636791721514,0.009705140003486337,1.7177255180902913,0.05819759018413996,0.018222987051720305,0.039974603132419656,3.085242285524451,0.003061020049382076,0.0030577209449262686,0.08335480737106857,0.005314194367413053,3460
core_N128_s0,runge,0,128,3,1.0,76,599980,0.00282485152680057,0.9476465029208101,0.03750384093096713,0.01035042710511469,0.027153413825852443,3.1065250260272403,2.2950107411688707e-05,1.5119557470134299e-06,0.01689396631785307,-0.007801011239399885,0.01313168277366611,1.445180048101172,0.03750384093096713,0.011791480078834321,0.027153413825852443,3.1065250260272403,0.003061020049382076,0.0030577209449262686,0.0770467519448868,0.012322903737617408,2460
core_N128_s0,runge,0,128,3,10.0,76,599980,0.000928344189983357,0.991264455297919,0.04065649539315962,0.012503035304169866,0.02815346008898975,3.028590166839147,4.1132498449322705e-06,9.756022912475345e-08,0.03024961662829635,-0.01265375379226158,0.017543454670401692,1.3632162779201562,0.04065649539315962,0.012503035304169866,0.02815346008898975,3.028590166839147,0.003061020049382076,0.0030577209449262686,0.053687605832510685,0.01265375379226158,880
core_N128_s0,runge,0,128,3,100.0,76,599980,0.0012486372972358394,0.9999999997677745,0.031223466288667304,0.010010872718006533,0.02121259357066077,2.846613300004816,1.2401254186955195e-05,2.186638978941202e-15,0.028687746233745513,0.0012393286318729269,0.016141343965302764,1.6372917841654888,0.031223466288667304,0.010010872718006533,0.02121259357066077,2.846613300004816,0.003061020049382076,0.0030577209449262686,0.04389991421619809,0.0016788997649493653,260
core_N128_s0,moment3,0,128,3,0.0001,76,599980,0.009345271827949647,0.9999999999949765,0.26215523688696013,0.04763195440846095,0.21452328247849917,9.121578983552292,0.0001993242981286476,1.8188616951192365e-15,0.18913545041264487,-0.10982916323953208,0.04767219074191917,4.377312901901662,0.26215523688696013,0.04763195440846095,0.21452328247849917,9.121578983552292,0.0020805995578162015,0.0020811640090563055,0.2663147027559742,0.10982916323953208,2920
core_N128_s0,moment3,0,128,3,0.001,76,599980,0.007772065435959942,0.9999999999943379,0.2767972970405743,0.04350562562654238,0.23329167141403195,9.042727366996441,0.0002075070146245742,1.789510886739897e-15,0.16619989183034256,-0.14485185620081636,0.03822501634669201,3.475570170291432,0.2767972970405743,0.04350562562654238,0.23329167141403195,9.042727366996441,0.0020805995578162015,0.0020811640090563055,0.26607896178971097,0.14485185620081636,2920
core_N128_s0,moment3,0,128,3,0.01,76,599980,0.004218004202338917,1.0000000000140659,0.27734030340766896,0.025762382522574734,0.25157792088509423,7.065352390640957,6.82145817116565e-05,8.08790616114952e-16,0.09924076777297557,-0.24567061269439444,0.02183601198627305,2.6868276958630766,0.27734030340766896,0.02576238252257497,0.25157792088509423,7.065352390640957,0.0020805995578162015,0.0020811640090563055,0.2692993792606156,0.24567061269439444,2920
core_N128_s0,moment3,0,128,3,0.1,76,599980,0.002200562365039224,0.9999999999667327,0.22355543469516526,0.004797038587084662,0.2187583961080806,4.905710651367945,7.594691071207487e-05,6.929081098840107e-16,0.04603073230820814,-0.25798159589524494,0.1243488814944768,14.766764585039645,0.22355543469516526,0.01822457525873107,0.2187583961080806,4.905710651367945,0.0020805995578162015,0.0030664379104366393,0.26344869781408325,0.25798159589524494,2460
core_N128_s0,moment3,0,128,3,1.0,76,599980,0.0003132431408134939,0.999999999808969,0.15454463133010982,0.01505873038564319,0.1394859009444666,2.6781738004111246,1.5016576591738425e-05,5.93736763308428e-16,0.012282423524531886,-0.16085557805863815,0.08050232149720991,1.969586782826479,0.15454463133010982,0.015818301231041373,0.1394859009444666,3.0422092762303166,0.0021803822481980765,0.0020811640090563055,0.27098586499326605,0.16085557805863815,1460
core_N128_s0,moment3,0,128,3,10.0,76,599980,0.00042347037285447376,0.9999999998954323,0.07301634852447027,0.020961349813347477,0.05205499871112279,1.6300519829443245,7.626506184184259e-06,3.177599351540586e-16,0.01689668304456758,-0.07430422739309665,0.06107342651094224,3.8291853939942575,0.07301634852447027,0.020961349813347477,0.05205499871112279,2.1577406206464986,0.0020805995578162015,0.0020811640090563055,0.09654353488374859,0.07430422739309665,320
core_N128_s0,moment3,0,128,3,100.0,76,599980,0.006735162229160918,1.0000000000001894,0.04022461117234692,0.020899722034263782,0.01932488913808314,1.1792270331461685,5.8577916703215925e-05,2.2724194871478807e-16,0.06146534679570134,-0.037823080912531004,0.1863022646879075,2.286375467764555,0.04022461117234692,0.020899722034263782,0.01932488913808314,1.3984719265041956,0.0020805995578162015,0.0033879463378313364,0.10648998280036998,0.037823080912531004,40
core_N128_s0,moment5,0,128,3,0.0001,76,599980,1.2242059206312552e-05,0.920345145128814,0.003477873827598593,0.0032357544842605557,0.00024211934333803753,0.01463890611431192,7.355767104837998e-08,-1.3048351220343034e-07,2.2903520667915914e-05,-0.00020147492998393024,0.00026831749778530024,0.920345145128814,0.003477873827598593,0.003404651371902892,0.00024211934333803753,0.01463890611431192,0.0021208317718772814,0.002122760287917812,0.00016317486274662396,0.00037146842798543855,4880
core_N128_s0,moment5,0,128,3,0.001,76,599980,1.2240234381006392e-05,0.9206991227755107,0.0034754777964189354,0.0032334709209715096,0.00024200687544742583,0.014636394226531948,7.369048367086257e-08,-1.3026509141279893e-07,2.2872487567030526e-05,-0.0002129837041034699,0.00026831749778530024,0.9206991227755107,0.0034754777964189354,0.0034020870730380737,0.00024200687544742583,0.014636394226531948,0.0021208317718772814,0.002122760287917812,0.00016302246220243065,0.000371501276594674,4880
core_N128_s0,moment5,0,128,3,0.01,76,599980,1.2222307955931878e-05,0.9242044231036795,0.0034518424140119047,0.0032107910893495184,0.00024105132466238632,0.014611689282890748,7.950853699279026e-08,-1.28124550744888e-07,2.2566487900549904e-05,-0.0003271942713949094,0.00026831749778530024,0.9242044231036795,0.0034518424140119047,0.0033766546213135767,0.00024105132466238632,0.014611689282890748,0.0021208317718772814,0.002122760287917812,0.0001615028523143335,0.0003288926280630988,4880
core_N128_s0,moment5,0,128,3,0.1,76,599980,1.2069927508139116e-05,0.9559515770264556,0.0032402785041706073,0.003000683563299869,0.00023959494087073818,0.014399706097573826,9.007079325625586e-08,-1.1254023281866282e-07,1.9889655941631268e-05,0.00034118742962574444,0.00026831749778530024,0.9559515770264556,0.0032402785041706073,0.0031462819606826037,0.00023959494087073818,0.014399706097573826,0.0021208317718772814,0.002122760287917812,0.0001503296092496343,0.0005553038102200092,4880
core_N128_s0,moment5,0,128,3,1.0,76,599980,1.1485086315227299e-05,1.0916654911929413,0.00208982986907591,0.0018715607221885533,0.00021826914688735655,0.01357648502427343,1.2840888379383573e-07,-5.8756223793120705e-08,9.22791868920659e-06,-0.0003701778285905011,0.00026831749778530024,1.0916654911929413,0.00208982986907591,0.0019470589283255568,0.00021826914688735655,0.01357648502427343,0.0021208317718772814,0.002122760287917812,9.887618902681285e-05,0.0003701778285905011,2460
core_N128_s0,moment5,0,128,3,10.0,76,599980,1.1133898209690927e-05,1.1618899838859396,0.0005692331119630523,0.0003518827433218602,0.00021735036864119206,0.013083443059623565,1.5319311538668373e-07,-3.5467482309880437e-08,5.025139281915977e-06,-0.00021169961090197753,0.00026831749778530024,1.1618899838859396,0.0005692331119630523,0.00039780383134838115,0.00021735036864119206,0.013083443059623565,0.0021208317718772814,0.002122760287917812,6.795741378871248e-05,0.00021169961090197753,520
core_N128_s0,moment5,0,128,3,100.0,76,599980,1.1981197494732756e-05,1.143450252181102,0.00024224302739687953,8.841440513912557e-06,0.00023340158688296697,0.013410512205538981,1.9140903156404858e-07,-2.6607540182815175e-08,3.676874230665423e-05,6.088617484416303e-05,0.00026831749778530024,1.1745524069053135,0.00024224302739687953,4.472749576617252e-05,0.00023340158688296697,0.013410512205538981,0.0021208317718772814,0.002122760287917812,9.031091975464938e-05,8.271310806559629e-05,60
core_N128_s0,moment9,0,128,3,0.0001,76,599980,1.1123966282696735e-06,0.10785009432630262,0.0032546584613473567,0.003235754484260625,1.8903977086731638e-05,0.0017116225752672207,-1.15960272266411e-07,-1.304835122033677e-07,3.07117417810987e-05,-0.0001155323702583394,0.0002683132882734397,0.12810401651915448,0.003403201653330523,0.003404651371902892,1.8903977086731638e-05,0.0017116225752672207,0.0021206845365959754,0.002122760287917814,0.00016266011339619897,0.0001725818572855392,6880
core_N128_s0,moment9,0,128,3,0.001,76,599980,1.111157991547696e-06,0.10783197455509802,0.0032523372179621007,0.003233470920971579,1.886629699052178e-05,0.0017096875196604027,-1.157680400751384e-07,-1.3026509141190063e-07,3.0681264333117535e-05,-9.768402218547634e-05,0.0002683132882734397,0.12808336424463176,0.0034006362367616644,0.0034020870730380737,1.886629699052178e-05,0.0017096875196604027,0.0021206845365959754,0.002122760287917814,0.0001625069466917051,0.00017232660420403445,6880
core_N128_s0,moment9,0,128,3,0.01,76,599980,1.0989367166082499e-06,0.10765206423013551,0.0032292878871808817,0.003210791089349588,1.8496797831293876e-05,0.001690597691578532,-1.1388441781601438e-07,-1.281245507465038e-07,3.0380552125822418e-05,3.930742346607008e-05,0.0002683132882734397,0.12787790960884568,0.003375193069115351,0.0033766546213135767,1.8496797831293876e-05,0.001690597691578532,0.0021206845365959754,0.002122760287917814,0.00016097963058064204,0.00016981196799367715,6880
core_N128_s0,moment9,0,128,3,0.1,76,599980,9.913638111358743e-07,0.10597340137611304,0.003016479651144821,0.0030006835632999246,1.57960878448965e-05,0.0015227936027851574,-1.0026601738351962e-07,-1.1254023281861573e-07,2.773305359012199e-05,-8.138637967584905e-05,0.0002683132882734397,0.12594786537482922,0.00314489459156142,0.0031462819606826037,1.57960878448965e-05,0.0015227936027851574,0.0021206845365959754,0.002122760287917814,0.00014986568459366266,8.138637967584905e-05,5800
core_N128_s0,moment9,0,128,3,1.0,76,599980,5.441622457748003e-07,0.09598696370444809,0.00187811717616497,0.001871560722188581,6.556453976389043e-06,0.0008308021650226124,-5.3241910508697137e-08,-5.87562237930616e-08,1.6660354708999186e-05,8.911684272958076e-06,0.0002683132882734397,0.1155631727968976,0.0019459384010482583,0.0019470589283255568,6.556453976389043e-06,0.0008308021650226124,0.0021206845365959754,0.002122760287917814,9.846796648587988e-05,5.530798636185774e-05,3460
core_N128_s0,moment9,0,128,3,10.0,76,599980,2.0936412100542965e-07,0.0772562210837041,0.0003551879689087656,0.0003518827433218741,3.3052255868915026e-06,0.00033730458142987687,-3.297233522815702e-08,-3.5467482307919866e-08,8.329641388562513e-06,-2.757937970680746e-05,0.0002683132882734397,0.10335109888553988,0.0003975729700372438,0.00039780383134838115,3.3052255868915026e-06,0.00033730458142987687,0.0021206845365959754,0.002122760287917814,6.795741378872015e-05,2.757937970680746e-05,740
core_N128_s0,moment9,0,128,3,100.0,76,599980,1.5690863046622062e-07,0.10359682385979085,1.11275054407306e-05,8.841440513940313e-06,2.2860649267902877e-06,0.0001926724136591397,-2.507148040086747e-08,-2.6607540181739897e-08,6.579961371155358e-06,4.653459502498847e-06,0.0002683132882734397,0.10373529310378936,4.469836959818119e-05,4.472749576615864e-05,2.2860649267902877e-06,0.0001926724136591397,0.0021206845365959754,0.002122760287917814,9.024811952896732e-05,4.653459502498847e-06,80
core_N128_s0,sine,0,128,5,0.0001,76,599980,2.72318547975625e-06,0.006028478347912127,-0.009833560070040354,-0.009816451834491549,1.7108235548804474e-05,0.0022105495240028468,4.891516382152072e-06,4.884841689386298e-06,2.6118906578184717e-06,-3.617294436980556e-05,2.1721223804253868e-05,0.006761980192748097,0.010335294433169162,0.010313333661506469,2.2156570853901214e-05,0.0022105495240028468,0.006613108593731057,0.006613234617216208,7.023752157609298e-06,4.78667759325202e-05,
core_N128_s0,sine,0,128,5,0.001,76,599980,2.725488870176758e-06,0.006027735612961761,-0.009818128976262705,-0.009801052175269415,1.7076800993290342e-05,0.0022105747995471887,4.917366934484863e-06,4.910668249196698e-06,2.6114207650234577e-06,-3.619815146792271e-05,2.1721223804253868e-05,0.006762021476060813,0.010320783358388014,0.010298848974103686,2.213598915970505e-05,0.0022105747995471887,0.006613108593731057,0.006613234617216208,7.022795097876233e-06,4.7890172341538695e-05,
core_N128_s0,sine,0,128,5,0.01,76,599980,2.7489644083380927e-06,0.006020038849516884,-0.009664731236034549,-0.009647971331622027,1.6759904412522175e-05,0.002210895869241128,5.177268585999964e-06,5.170320628070141e-06,2.605721487806118e-06,-3.644952723538819e-05,2.1721223804253868e-05,0.006762171574603686,0.010176705574681547,0.010155036874522641,2.1929355265196127e-05,0.002210895869241128,0.006613108593731057,0.006613234617216208,7.0130955669780216e-06,6.140067484798617e-05,
core_N128_s0,sine,0,128,5,0.1,76,599980,3.0324715719142714e-06,0.005922376303803606,-0.008036173677626005,-0.008018083124402026,1.80905532239789e-05,0.002221325989266242,5.753058658504548e-06,5.745372016092315e-06,2.4424736846755238e-06,2.3507668171884877e-05,2.1721223804253868e-05,0.006761432116591791,0.00904371628299186,0.009023156586308062,2.0559696683797313e-05,0.002221325989266242,0.006613108593731057,0.006613234617216208,6.905163029958668e-06,9.0370594841932e-05,
core_N128_s0,sine,0,128,5,1.0,76,599980,0.009839510003738694,0.37302853858128465,0.020463634790794508,0.018751549406002238,0.0017120853847922696,0.1471474882875412,0.0005003269215255611,0.00039925031296632536,0.010383801252573599,-0.0006187031854570507,0.009839510003738694,0.37302853858128465,0.020463634790794508,0.018751549406002238,0.0017120853847922696,0.1471474882875412,0.006613108593731057,0.006613234617216208,0.010383801252573599,0.0006187031854570507,599980
core_N128_s0,sine,0,128,5,10.0,76,599980,0.004311509572851469,0.9994824703251204,0.06480095625284617,0.10173197484444439,0.036931018591598225,3.966582260125315,1.9661453058838676e-05,1.599302739321237e-06,0.029959692914599618,0.09805462910036102,0.018820322000519505,1.0589832350517614,0.06480095625284617,0.10173197484444439,0.049320757426986966,4.786824319534987,0.006613108593731057,0.006613234617216208,0.11917827017385556,0.11022448618066198,254120
core_N128_s0,sine,0,128,5,100.0,76,599980,0.0011110624955296044,0.9999999999742929,0.0407533737817171,0.04490159440649587,0.0041482206247787645,1.7057769047929725,-9.80149148914182e-07,1.3093319197540596e-15,0.010957446145667984,0.024701736295212842,0.026819881364289425,1.0571706144842616,0.0407533737817171,0.04490159440649587,0.023782937671924784,3.4508855926908177,0.006613108593731057,0.006613234617216208,0.09283766716967,0.048338404337175137,107640
core_N128_s0,runge,0,128,5,0.0001,76,599980,0.0034670931692291464,1.454246991319312,0.09718347677939625,0.10887373752878042,0.011690260749384174,3.0432064739315265,3.6261505818604426e-05,7.309370253369726e-05,0.05331401265754327,-0.014514498774457742,0.004077989840688134,1.454246991319312,0.09718347677939625,0.10887373752878042,0.011690260749384174,3.0432064739315265,0.003061020049382076,0.003061109391197586,0.05371077369636935,0.014514498774457742,107640
core_N128_s0,runge,0,128,5,0.001,76,599980,0.003469913867832322,1.4479745016547168,0.09601514305930049,0.10853883178553224,0.012523688726231746,3.076683101605197,3.4733493899950934e-05,7.142339070722505e-05,0.053054472322816654,-0.014453024001431336,0.004113294061664171,1.4479745016547168,0.09601514305930049,0.10853883178553224,0.012523688726231746,3.076683101605197,0.003061020049382076,0.003061109391197586,0.053796089648068965,0.014453024001431336,107640
core_N128_s0,runge,0,128,5,0.01,76,599980,0.0034830384553262575,1.3753043807742764,0.08662860715850863,0.10572556122828113,0.019096954069772493,3.3468159697212267,2.3731279939102878e-05,5.870808425575788e-05,0.049572620541603565,-0.018936593987194397,0.004403454121617102,1.4356700312954138,0.08662860715850863,0.10572556122828113,0.019096954069772493,3.3468159697212267,0.003061020049382076,0.003061109391197586,0.05433204099460663,0.018936593987194397,107640
core_N128_s0,runge,0,128,5,0.1,76,599980,0.0029200303854706694,1.1172131209400478,0.05819759018413996,0.09258031969025012,0.034382729506110155,3.6949220275271943,1.1400404202000242e-05,2.427502495692104e-05,0.03023408387622679,-0.01021193943982221,0.00601962277058722,1.7222424933744822,0.05819759018413996,0.09258031969025012,0.034382729506110155,3.6949220275271943,0.003061020049382076,0.003061109391197586,0.06180389157527092,0.012095098827367201,90640
core_N128_s0,runge,0,128,5,1.0,76,599980,0.002960688068251069,0.9932152778646093,0.03750384093096713,0.0462605254688732,0.008756684537906068,2.999276866627254,2.2950107411688707e-05,-5.6941398912597e-07,0.014298857130109447,-0.008511854243131584,0.00702220869405559,1.9195448034103055,0.03750384093096713,0.04651273230171095,0.016181596504920695,2.999276866627254,0.003061020049382076,0.003061109391197586,0.06604479674529959,0.013019392693958687,76340
core_N128_s0,runge,0,128,5,10.0,76,599980,0.0009153375058786888,0.9773762188298508,0.04065649539315962,0.0274404513823526,0.013216044010807018,2.4948225399083364,4.1132498449322705e-06,-8.421620015476429e-07,0.004696363055156915,-0.004664344163889583,0.008550294086169597,2.924477183293323,0.04065649539315962,0.03188584437595622,0.013611793955268695,2.4948225399083364,0.003061020049382076,0.003061109391197586,0.034246655210580096,0.012573475356417702,45580
core_N128_s0,runge,0,128,5,100.0,76,599980,0.0013339266393879786,1.0683059380263398,0.031223466288667304,0.012925503839987293,0.01829796244868001,2.6018874136646697,1.2401254186955195e-05,-1.7163337701282673e-06,0.004308989256993216,0.0053100333035801806,0.013530467007447618,7.598019265116691,0.031223466288667304,0.015922098360714024,0.01829796244868001,2.6018874136646697,0.003061020049382076,0.003061109391197586,0.028866194647374013,0.00539770718863232,22920
core_N128_s0,moment3,0,128,5,0.0001,76,599980,0.009821249343782383,1.0509324420462394,0.26215523688696013,0.11345620857553564,0.1486990283114245,8.158465620056832,0.0001993242981286476,5.030359008258364e-05,0.07265856944127475,-0.031512211455550526,0.018018150452813037,1.0509324420462394,0.26215523688696013,0.11345620857553564,0.1486990283114245,8.158465620056832,0.0020805995578162015,0.002080587251278946,0.07265856944127475,0.031512211455550526,180220
core_N128_s0,moment3,0,128,5,0.001,76,599980,0.008730519390924979,1.123320366099983,0.2767972970405743,0.11683998949239881,0.1599573075481755,8.160142659554957,0.0002075070146245742,5.900990865745471e-05,0.09513524977255391,-0.056612217036531826,0.01825983797025759,1.123320366099983,0.2767972970405743,0.11683998949239881,0.1599573075481755,8.160142659554957,0.0020805995578162015,0.002080587251278946,0.09513524977255391,0.056612217036531826,180220
core_N128_s0,moment3,0,128,5,0.01,76,599980,0.0041578408890575805,0.9857365449779562,0.27734030340766896,0.14984157696659173,0.12749872644107724,6.1446811160290675,6.82145817116565e-05,9.5972562472299e-05,0.15741541705397571,-0.0926670748402989,0.020808732497309967,1.292148381944256,0.27734030340766896,0.14984157696659173,0.13068708120478245,6.3016072273018615,0.0020805995578162015,0.002080587251278946,0.15741541705397571,0.0926670748402989,180220
core_N128_s0,moment3,0,128,5,0.1,76,599980,0.0023557198692037,1.0705081149033202,0.22355543469516526,0.20479914515917652,0.018756289535988735,4.677537943374718,7.594691071207487e-05,8.617894745508071e-05,0.17208729475069046,-0.02126742722452646,0.02915427922999083,1.7258186845729784,0.22355543469516526,0.20479914515917652,0.07632408984661922,4.677537943374718,0.0020805995578162015,0.002080587251278946,0.17208729475069046,0.05109150489210218,180220
core_N128_s0,moment3,0,128,5,1.0,76,599980,0.0005951875228698368,1.9000815826658894,0.15454463133010982,0.1358632428204083,0.018681388509701524,2.296098096440615,1.5016576591738425e-05,9.737632563697862e-07,0.09045929781688036,-0.03364123504360392,0.07376940162349069,1.9000815826658894,0.15454463133010982,0.1358632428204083,0.038855911990841596,2.296098096440615,0.0021803822481980765,0.002080587251278946,0.1743418890333093,0.03364123504360392,127820
core_N128_s0,moment3,0,128,5,10.0,76,599980,0.0004851085320964985,1.1455548325041387,0.07301634852447027,0.09269356138201611,0.01967721285754584,0.6872945316670653,7.626506184184259e-06,-6.211381091327441e-06,0.0035518935055670535,0.005079719167251362,0.05564486006058389,4.610593343298129,0.07301634852447027,0.09818423772075079,0.03668580687902365,1.0943169533919135,0.0020805995578162015,0.002080587251278946,0.1594591068765786,0.04563842796849163,76340
core_N128_s0,moment3,0,128,5,100.0,76,599980,0.006483307841672509,0.9626060399262933,0.04022461117234692,0.08548716782230485,0.04526255664995793,0.7628613685692884,5.8577916703215925e-05,-2.299301565110041e-05,0.13247657127150217,0.0375777660493829,0.019673249696580773,17.958681677840026,0.04022461117234692,0.08548716782230485,0.04526255664995793,0.7628613685692884,0.0020805995578162015,0.002080587251278946,0.1982558374683356,0.044213202296282256,27220
core_N128_s0,moment5,0,128,5,0.0001,76,599980,2.0401942863333526e-06,0.15337966226941865,0.003477873827598593,0.003497463977150561,1.9590149551967917e-05,0.0023780325174429075,7.355767104837998e-08,9.126155089630678e-08,8.472738993520323e-07,0.00012136524156196316,1.0579662320278098e-05,0.15337966226941865,0.003477873827598593,0.003497463977150561,1.9590149551967917e-05,0.0023780325174429075,0.0021208317718772814,0.0021207767344679405,4.790335397618819e-06,0.00012136524156196316,6880
core_N128_s0,moment5,0,128,5,0.001,76,599980,2.039586830928276e-06,0.1534158372795596,0.0034754777964189354,0.003495054047822993,1.957625140405761e-05,0.0023772238730440385,7.369048367086257e-08,9.138421964176286e-08,8.458600796531248e-07,0.00012129180706277332,1.0579662320278098e-05,0.1534158372795596,0.0034754777964189354,0.003495054047822993,1.957625140405761e-05,0.0023772238730440385,0.0021208317718772814,0.0021207767344679405,4.7856702414544126e-06,0.00012129180706277332,6880
core_N128_s0,moment5,0,128,5,0.01,76,599980,2.033578276115053e-06,0.1537714517004077,0.0034518424140119047,0.0034722079356003938,2.0365521588489033e-05,0.002369241850612301,7.950853699279026e-08,9.788515125217102e-08,8.32120689382945e-07,0.0001205617649066848,1.0579662320278098e-05,0.1537714517004077,0.0034518424140119047,0.0034722079356003938,2.0365521588489033e-05,0.002369241850612301,0.0021208317718772814,0.0021207767344679405,4.739190218830933e-06,0.0001205617649066848,6880
core_N128_s0,moment5,0,128,5,0.1,76,599980,1.9795440622470306e-06,0.1567820740283931,0.0032402785041706073,0.003260045359849237,1.976685567862957e-05,0.0022987832491323384,9.007079325625586e-08,1.1180285554643582e-07,7.313994561083551e-07,-9.3251156364757e-05,1.0579662320278098e-05,0.1567820740283931,0.0032402785041706073,0.003260045359849237,1.976685567862957e-05,0.0022987832491323384,0.0021208317718772814,0.0021207767344679405,4.328465119203273e-06,0.00010080029589604189,5800
core_N128_s0,moment5,0,128,5,1.0,76,599980,1.7379384115139781e-06,0.1651922621733417,0.00208982986907591,0.002105968067279279,1.613819820336926e-05,0.002010534393477723,1.2840888379383573e-07,1.437556516732738e-07,1.0070918855652644e-06,5.986587682801914e-05,1.0579662320278098e-05,0.1651922621733417,0.00208982986907591,0.002105968067279279,1.613819820336926e-05,0.002010534393477723,0.0021208317718772814,0.0021207767344679405,2.648321927455393e-06,5.986587682801914e-05,3460
core_N128_s0,moment5,0,128,5,10.0,76,599980,1.579781296479839e-06,0.16485978500437742,0.0005692331119630523,0.0005849420422047585,1.5708930241706276e-05,0.001835417052627363,1.5319311538668373e-07,1.6889762463998847e-07,3.2375157202795376e-06,-2.0082586719843976e-06,1.0579662320278098e-05,0.16485978500437742,0.0005692331119630523,0.0005849420422047585,1.5708930241706276e-05,0.001835417052627363,0.0021208317718772814,0.0021207767344679405,3.2375157202795376e-06,2.3678329929693875e-06,740
core_N128_s0,moment5,0,128,5,100.0,76,599980,1.968399235624391e-06,0.1878582339834807,0.00024224302739687953,0.00026492031656225046,2.267728916537093e-05,0.0019449038699291207,1.9140903156404858e-07,2.1870074698762324e-07,1.0073729981298236e-05,1.1053795994281357e-05,1.0579662320278098e-05,0.1878582339834807,0.00024224302739687953,0.00026492031656225046,2.267728916537093e-05,0.0019449038699291207,0.0021208317718772814,0.0021207767344679405,1.0073729981298236e-05,2.5414749913382773e-05,80
core_N128_s0,moment9,0,128,5,0.0001,76,599980,5.438792348113791e-08,0.005273067652835825,0.0032546584613473567,0.0032556472485453236,9.887871979669116e-07,8.227232802119278e-05,-1.15960272266411e-07,-1.152469271547395e-07,1.4959692484169399e-06,8.333688265693695e-06,1.0871696177104969e-05,0.006224027364847678,0.003403201653330523,0.0034031942299209,9.887871979669116e-07,8.227232802119278e-05,0.0021206845365959754,0.002120620343933546,4.758559081741786e-06,8.333688265693695e-06,
core_N128_s0,moment9,0,128,5,0.001,76,599980,5.431579993553824e-08,0.005271059562313688,0.0032523372179621007,0.003253323946477038,9.867285149373073e-07,8.21615315492757e-05,-1.157680400751384e-07,-1.15056107289618e-07,1.4942714006763955e-06,8.31950448230978e-06,1.0871696177104969e-05,0.006221560857165033,0.0034006362367616644,0.003400628717776799,9.867285149373073e-07,8.21615315492757e-05,0.0021206845365959754,0.002120620343933546,4.753821905302589e-06,8.31950448230978e-06,
core_N128_s0,moment9,0,128,5,0.01,76,599980,5.360578939156412e-08,0.0052512340296524546,0.0032292878871808817,0.003230254435542715,9.66548361833186e-07,8.107106034554973e-05,-1.1388441781601438e-07,-1.1318633194938567e-07,1.477528796198688e-06,-1.5876389760360876e-06,1.0871696177104969e-05,0.006197196216088255,0.003375193069115351,0.003375184619845664,9.66548361833186e-07,8.107106034554973e-05,0.0021206845365959754,0.002120620343933546,4.706616530919662e-06,7.085185828828444e-06,
core_N128_s0,moment9,0,128,5,0.1,76,599980,4.747921504482709e-08,0.00507536572996675,0.003016479651144821,0.003017291738673822,8.12087529000749e-07,7.168126372092766e-05,-1.0026601738351962e-07,-9.96758343257149e-08,1.3308917826938916e-06,3.1692645205277925e-06,1.0871696177104969e-05,0.005980946652908587,0.00314489459156142,0.0031448826859842433,8.12087529000749e-07,7.168126372092766e-05,0.0021206845365959754,0.002120620343933546,4.304606346022122e-06,3.1692645205277925e-06,
core_N128_s0,moment9,0,128,5,1.0,76,599980,2.4174854426454956e-08,0.004264299650352383,0.00187811717616497,0.0018784254670358574,3.082908708873511e-07,3.6327898356190036e-05,-5.3241910508697137e-08,-5.3005675744757614e-08,7.346778568539545e-07,-3.0128751146718535e-07,1.0871696177104969e-05,0.00503531204097513,0.0019459384010482583,0.0019459165886957647,3.082908708873511e-07,3.6327898356190036e-05,0.0021206845365959754,0.002120620343933546,2.6317438655582704e-06,2.1789475995181995e-06,
core_N128_s0,moment9,0,128,5,10.0,76,599980,9.57618425444394e-09,0.0035336513455446394,0.0003551879689087656,0.00035531251390283347,1.2454499406788777e-07,1.448927078700051e-05,-3.297233522815702e-08,-3.2882357556777653e-08,3.1232288641004443e-07,9.217505563541284e-07,1.0871696177104969e-05,0.004216858152666945,0.0003975729700372438,0.00039756787069245014,1.2454499406788777e-07,1.448927078700051e-05,0.0021206845365959754,0.002120620343933546,1.5602817528784456e-06,9.217505563541284e-07,
core_N128_s0,moment9,0,128,5,100.0,76,599980,8.241891991090614e-09,0.005441598912280667,1.11275054407306e-05,1.1205044008089082e-05,7.753856735848164e-08,9.756891596653081e-06,-2.507148040086747e-08,-2.502279035105824e-08,2.313017612437011e-07,-2.8124350610891913e-07,1.0871696177104969e-05,0.005441598912280667,4.469836959818119e-05,4.469767990197826e-05,7.753856735848164e-08,9.756891596653081e-06,0.0021206845365959754,0.002120620343933546,2.1635177129743073e-06,2.8124350610891913e-07,
core_N128_s0,sine,0,128,7,0.0001,76,599980,1.117774907490071e-07,0.0002474485075561775,-0.009833560070040354,-0.009834490434564178,9.30364523824001e-07,9.922074015127653e-05,4.891516382152072e-06,4.891606832196868e-06,1.4980758019503016e-07,1.2269830034911111e-06,9.893879084801472e-07,0.0004013222430725675,0.010335294433169162,0.010336377142728864,1.082709559702133e-06,9.922074015127653e-05,0.006613108593731057,0.006613104984361879,3.272028646370944e-07,1.873376084010614e-06,
core_N128_s0,sine,0,128,7,0.001,76,599980,1.1185481317763873e-07,0.0002473799281478303,-0.009818128976262705,-0.009819058101601955,9.291253392496035e-07,9.920117492590502e-05,4.917366934484863e-06,4.917457678547394e-06,1.4981144467400374e-07,1.2275699383945682e-06,9.893879084801472e-07,0.00040125059776591074,0.010320783358388014,0.010321864925907934,1.081567519919946e-06,9.920117492590502e-05,0.006613108593731057,0.006613104984361879,3.271352504713619e-07,1.8739633755870955e-06,
core_N128_s0,sine,0,128,7,0.01,76,599980,1.1264648291510417e-07,0.00024668788048090427,-0.009664731236034549,-0.009665647921554513,9.166855199638224e-07,9.901070940201302e-05,5.177268585999964e-06,5.1773624938037385e-06,1.4981845856026586e-07,1.2334029280830494e-06,9.893879084801472e-07,0.00040052351966481293,0.010176705574681547,0.010177775688049048,1.070113367501735e-06,9.901070940201302e-05,0.006613108593731057,0.006613104984361879,3.2644707506707277e-07,2.67025758453332e-06,
core_N128_s0,sine,0,128,7,0.1,76,599980,1.2240918869823627e-07,0.00023906350358846937,-0.008036173677626005,-0.008037127379444203,9.5370181819876e-07,9.761129015902899e-05,5.753058658504548e-06,5.753146297835206e-06,1.4629552742658247e-07,-8.232538267344269e-07,9.893879084801472e-07,0.0003942724234050293,0.00904371628299186,0.009044712488377488,9.962053856282793e-07,9.761129015902899e-05,0.006613108593731057,0.006613104984361879,3.185837614156445e-07,3.5304001460845225e-06,
core_N128_s0,sine,0,128,7,1.0,76,599980,0.009103380608224965,0.3451209219915487,0.020463634790794508,0.01946055244831567,0.0010030823424788393,0.03540662697427995,0.0005003269215255611,0.0003115201587057412,0.010046516927845438,-0.0004642299050728327,0.009103380608224965,0.3451209219915487,0.020463634790794508,0.01946055244831567,0.0010030823424788393,0.03540662697427995,0.006613108593731057,0.006613104984361879,0.010046516927845438,0.0004642299050728327,599980
core_N128_s0,sine,0,128,7,10.0,76,599980,0.0042167690030507285,0.9775199680635683,0.06480095625284617,0.04418498807754424,0.020615968175301924,4.168942972893524,1.9661453058838676e-05,1.435336585952424e-05,0.03309757228201937,0.029532262974939452,0.018843119023563223,1.0602659795877858,0.06480095625284617,0.04418498807754424,0.021184070738102995,5.001504223020477,0.006613108593731057,0.006613104984361879,0.0512268665942277,0.03943958969756113,301760
core_N128_s0,sine,0,128,7,100.0,76,599980,0.0013963359496053812,1.2567573428026666,0.0407533737817171,0.026569410812154734,0.01418396296956237,2.046875052827766,-9.80149148914182e-07,1.068351531610754e-05,0.053559201518061546,-0.010382536097215844,0.02729907054866026,1.3222207822753569,0.0407533737817171,0.026569410812154734,0.02147328735137552,3.89345462691517,0.006613108593731057,0.006613104984361879,0.053559201518061546,0.014238505912664678,107640
core_N128_s0,runge,0,128,7,0.0001,76,599980,0.0023994349177906024,1.006425509712879,0.09718347677939625,0.045916350202838754,0.05126712657655749,3.2622442924355153,3.6261505818604426e-05,2.0271722872231145e-05,0.006935893271380829,0.009001643701372908,0.0066366278752218715,1.1808989724323746,0.09718347677939625,0.045916350202838754,0.05126712657655749,3.2622442924355153,0.003061020049382076,0.0030610174275460013,0.046340379309063026,0.009001643701372908,151780
core_N128_s0,runge,0,128,7,0.001,76,599980,0.0024372643750389653,1.0170559856151389,0.09601514305930049,0.04585442143084857,0.05016072162845192,3.2677494682930632,3.4733493899950934e-05,2.0358104447180872e-05,0.007049947536371981,0.008570632479921042,0.006746048976987918,1.2058075519384144,0.09601514305930049,0.04585442143084857,0.05016072162845192,3.2677494682930632,0.003061020049382076,0.0030610174275460013,0.0461321971254418,0.008570632479921042,151780
core_N128_s0,runge,0,128,7,0.01,76,599980,0.0028063822212008468,1.1081214900290373,0.08662860715850863,0.04590649484003147,0.040722112318477166,3.3146572722556606,2.3731279939102878e-05,1.955971133464143e-05,0.00850165631624364,0.0066818572200831455,0.006672669634956168,1.3777271755760845,0.08662860715850863,0.04590649484003147,0.040722112318477166,3.3146572722556606,0.003061020049382076,0.0030610174275460013,0.04391341054058806,0.0066818572200831455,127820
core_N128_s0,runge,0,128,7,0.1,76,599980,0.003020086195662836,1.1554947992846234,0.05819759018413996,0.04832835114273752,0.009869239041402439,3.026828377379579,1.1400404202000242e-05,1.9113919523810713e-05,0.01548421750279716,-0.008310064973821044,0.008891819566006301,1.1995943984890143,0.05819759018413996,0.04832835114273752,0.01843159223071003,3.026828377379579,0.003061020049382076,0.0030610174275460013,0.04209113616593058,0.011857219401500432,127820
core_N128_s0,runge,0,128,7,1.0,76,599980,0.0030948587675978328,1.0382252165548762,0.03750384093096713,0.029981043711262367,0.007522797219704766,2.9130409895941756,2.2950107411688707e-05,5.287861392961329e-06,0.017096116143770705,-0.005730460846872468,0.010988718763345087,1.542828125391294,0.03750384093096713,0.029981043711262367,0.00884293398644502,2.9130409895941756,0.003061020049382076,0.0030610174275460013,0.024570054991007933,0.007608688574708047,90640
core_N128_s0,runge,0,128,7,10.0,76,599980,0.0009586031347094843,1.0235742566468908,0.04065649539315962,0.0240072918193851,0.016649203573774515,2.604244728400078,4.1132498449322705e-06,1.010439219327897e-06,0.031141997947551524,-0.009265441150877851,0.0044823488023363585,1.742108309073827,0.04065649539315962,0.0240072918193851,0.016649203573774515,2.604244728400078,0.003061020049382076,0.0030610174275460013,0.031141997947551524,0.009596949283440764,64280
core_N128_s0,runge,0,128,7,100.0,76,599980,0.001248501609468809,0.9998913310876868,0.031223466288667304,0.011907907506662416,0.019315558782004888,2.2492969337182127,1.2401254186955195e-05,2.1166282052612185e-06,0.02980552659084531,-0.0014618302588571275,0.005842209650123621,1.500716573019384,0.031223466288667304,0.01387331384206765,0.019315558782004888,2.2492969337182127,0.003061020049382076,0.0030610174275460013,0.03262703256768027,0.0020816786970993956,27220
core_N128_s0,moment3,0,128,7,0.0001,76,599980,0.01014708948406244,1.0857992866150514,0.26215523688696013,0.05162319109462131,0.2105320457923388,9.155656097327242,0.0001993242981286476,0.00021674191969235998,0.1930415560268994,-0.0964899467182327,0.01972522977298177,1.6523277445898652,0.26215523688696013,0.05162319109462131,0.2105320457923388,9.155656097327242,0.0020805995578162015,0.002080599845868987,0.25364751722223605,0.1252626108908966,214000
core_N128_s0,moment3,0,128,7,0.001,76,599980,0.008979230705679875,1.1553210378394083,0.2767972970405743,0.05229643259445983,0.2245008644461145,9.178703367444285,0.0002075070146245742,0.00021028149946711308,0.17014932253868234,-0.12583765033931196,0.019539455815230637,1.7176420869402278,0.2767972970405743,0.05229643259445983,0.2245008644461145,9.178703367444285,0.0020805995578162015,0.002080599845868987,0.2534033039194248,0.1449218739959402,214000
core_N128_s0,moment3,0,128,7,0.01,76,599980,0.005059763804611186,1.1995634812020046,0.27734030340766896,0.053490366347666504,0.22384993706000245,7.5574030716326295,6.82145817116565e-05,0.0001798769267395663,0.1032874820384605,-0.20688635670862132,0.020305210103731982,2.1496152610465398,0.27734030340766896,0.053490366347666504,0.24525118967287282,7.5574030716326295,0.0020805995578162015,0.002080599845868987,0.25035335727421887,0.23604356920375258,214000
core_N128_s0,moment3,0,128,7,0.1,76,599980,0.0051504757692346324,2.3405270629407884,0.22355543469516526,0.019089644798658392,0.20446578989650688,6.114147692976759,7.594691071207487e-05,0.00016384815346163714,0.050493263394661404,-0.2444421427822976,0.03369096926972852,2.3405270629407884,0.22355543469516526,0.04084292585633016,0.20446578989650688,6.114147692976759,0.0020805995578162015,0.002080599845868987,0.25124220761363014,0.2444421427822976,214000
core_N128_s0,moment3,0,128,7,1.0,76,599980,0.0005173647821515802,1.6516396199742758,0.15454463133010982,0.10525525910872395,0.049289372221385866,1.7233458445239564,1.5016576591738425e-05,3.0510875299646492e-05,0.014372598046141886,-0.04114183664577953,0.08086387214419341,1.6516396199742758,0.15454463133010982,0.10525525910872395,0.06443031239283217,1.7233458445239564,0.0021803822481980765,0.002080599845868987,0.2214317453571307,0.07131452899133735,151780
core_N128_s0,moment3,0,128,7,10.0,76,599980,0.00038326548945663227,0.9050585684025287,0.07301634852447027,0.0622912505016955,0.01072509802277477,0.27223114757303263,7.626506184184259e-06,6.704671611186426e-06,0.017493935808422217,-0.015732937867494023,0.06321274646510466,1.0350286544636318,0.07301634852447027,0.0622912505016955,0.022530340239895502,0.56414389636514,0.0020805995578162015,0.002080599845868987,0.09234828884846545,0.024301162329006476,76340
core_N128_s0,moment3,0,128,7,100.0,76,599980,0.006734927430724918,0.999965138414379,0.04022461117234692,0.026088847482955743,0.014135763689391179,0.3719451530522565,5.8577916703215925e-05,-3.68906619006128e-07,0.06138119281351373,-0.024870700559163295,0.012355261617571682,0.999965138414379,0.04022461117234692,0.02617073056225175,0.014135763689391179,0.3719451530522565,0.0020805995578162015,0.002080599845868987,0.10644252707836384,0.024870700559163295,32340
core_N128_s0,moment5,0,128,7,0.0001,76,599980,1.9795412822405804e-07,0.014881983316603734,0.003477873827598593,0.0034770341343915573,8.396932070359187e-07,0.00023834295279100064,7.355767104837998e-08,7.2757184433001e-08,1.149915511286932e-07,-9.652082856886901e-06,4.199189120570518e-07,0.014881983316603734,0.003477873827598593,0.0034770341343915573,8.396932070359187e-07,0.00023834295279100064,0.0021208317718772814,0.0021208334018865396,1.6196881015365563e-07,9.652082856886901e-06,
core_N128_s0,moment5,0,128,7,0.001,76,599980,1.9785145907422474e-07,0.01488220397904801,0.0034754777964189354,0.0034746390427432827,8.387536756526703e-07,0.00023820208964715628,7.369048367086257e-08,7.289063399738645e-08,1.1456348236910294e-07,-9.645038713437804e-06,4.199189120570518e-07,0.01488220397904801,0.0034754777964189354,0.0034746390427432827,8.387536756526703e-07,0.00023820208964715628,0.0021208317718772814,0.0021208334018865396,1.6177164866565428e-07,9.645038713437804e-06,
core_N128_s0,moment5,0,128,7,0.01,76,599980,1.968412293606152e-07,0.014884384805240819,0.0034518424140119047,0.003450943250410232,8.991636016725257e-07,0.0002368179099474762,7.950853699279026e-08,7.865711038781745e-08,1.1037361036499156e-07,-9.5752303084784e-06,4.199189120570518e-07,0.014884384805240819,0.0034518424140119047,0.003450943250410232,8.991636016725257e-07,0.0002368179099474762,0.0021208317718772814,0.0021208334018865396,1.6007250906700883e-07,9.5752303084784e-06,
core_N128_s0,moment5,0,128,7,0.1,76,599980,1.881769686018043e-07,0.014903823554337729,0.0032402785041706073,0.0032394566414083587,8.218627622486041e-07,0.00022509344224319342,9.007079325625586e-08,8.927242822954278e-08,7.731084012354239e-08,9.528611273040832e-06,4.199189120570518e-07,0.014903823554337729,0.0032402785041706073,0.0032394566414083587,8.218627622486041e-07,0.00022509344224319342,0.0021208317718772814,0.0021208334018865396,1.4459138203537843e-07,9.528611273040832e-06,
core_N128_s0,moment5,0,128,7,1.0,76,599980,1.5755164550141075e-07,0.014975394154985054,0.00208982986907591,0.0020891363551910763,6.935138848335187e-07,0.00018639995591989236,1.2840888379383573e-07,1.276905402944147e-07,1.3776146242625974e-07,-4.717442097221247e-06,4.199189120570518e-07,0.014975394154985054,0.00208982986907591,0.0020891363551910763,6.935138848335187e-07,0.00018639995591989236,0.0021208317718772814,0.0021208334018865396,1.3776146242625974e-07,4.717442097221247e-06,
core_N128_s0,moment5,0,128,7,10.0,76,599980,1.4193832278123187e-07,0.01481212711514998,0.0005692331119630523,0.0005684784037956192,7.547081674330602e-07,0.0001687522982506903,1.5319311538668373e-07,1.5238317169828455e-07,4.353829505381784e-07,7.278201748228685e-08,4.199189120570518e-07,0.01509287799652424,0.0005692331119630523,0.0005684784037956192,7.547081674330602e-07,0.0001687522982506903,0.0021208317718772814,0.0021208334018865396,4.353829505381784e-07,1.9352887245527306e-07,
core_N128_s0,moment5,0,128,7,100.0,76,599980,1.6391450791102074e-07,0.015643518562263595,0.00024224302739687953,0.0002410233931009892,1.2196342958903372e-06,0.00017072209705675217,1.9140903156404858e-07,1.898891968835209e-07,1.2076974133389247e-06,-1.7712381715079273e-06,4.199189120570518e-07,0.015643518562263595,0.00024224302739687953,0.0002410233931009892,1.2196342958903372e-06,0.00017072209705675217,0.0021208317718772814,0.0021208334018865396,1.2076974133389247e-06,2.6358365416423446e-06,
core_N128_s0,moment9,0,128,7,0.0001,76,599980,2.6706591389820933e-09,0.00025892818508507277,0.0032546584613473567,0.003254606537996002,5.192335135462134e-08,4.040965443689074e-06,-1.15960272266411e-07,-1.1599695803967437e-07,6.594270610532659e-08,-3.0666188065298083e-07,4.5554374590718694e-07,0.00031194307251692727,0.003403201653330523,0.003403200953208979,5.192335135462134e-08,4.040965443689074e-06,0.0021206845365959754,0.002120686606566576,1.64172839266936e-07,3.0666188065298083e-07,
core_N128_s0,moment9,0,128,7,0.001,76,599980,2.666534819799349e-09,0.0002587730251018438,0.0032523372179621007,0.003252285402639346,5.181532275466694e-08,4.034551612257937e-06,-1.157680400751384e-07,-1.158046526502632e-07,6.585926829338396e-08,-3.0605749751222433e-07,4.5554374590718694e-07,0.00031173732062769993,0.0034006362367616644,0.003400635541601499,5.181532275466694e-08,4.034551612257937e-06,0.0021206845365959754,0.002120686606566576,1.6400434183003219e-07,3.0605749751222433e-07,
core_N128_s0,moment9,0,128,7,0.01,76,599980,2.626044119486827e-09,0.00025724781595676033,0.0032292878871808817,0.003229237129829615,5.075735126647274e-08,3.971600984951638e-06,-1.1388441781601438e-07,-1.1392031348182669e-07,6.503745924564663e-08,5.6203718568070826e-08,4.5554374590718694e-07,0.0003097135311813514,0.003375193069115351,0.00337519242234742,5.075735126647274e-08,3.971600984951638e-06,0.0021206845365959754,0.002120686606566576,1.6232610454548175e-07,2.6044336728925366e-07,
core_N128_s0,moment9,0,128,7,0.1,76,599980,2.284918271869661e-09,0.00024424994983327154,0.003016479651144821,0.0030164370243331573,4.2626811663781794e-08,3.4426154390874956e-06,-1.0026601738351962e-07,-1.0029636692145348e-07,5.7912657797073386e-08,-1.4221809435666088e-07,4.5554374590718694e-07,0.00029241131266026114,0.00314489459156142,0.003144894217461433,4.2626811663781794e-08,3.4426154390874956e-06,0.0021206845365959754,0.002120686606566576,1.4636494134985581e-07,1.4221809435666088e-07,
core_N128_s0,moment9,0,128,7,1.0,76,599980,1.1199197052846461e-09,0.00019754713403535366,0.00187811717616497,0.0018781001892716753,1.6986893294768102e-08,1.6561169665971227e-06,-5.3241910508697137e-08,-5.325460236404454e-08,3.011132685624471e-08,5.748193296351012e-09,4.5554374590718694e-07,0.00022998143908244738,0.0019459384010482583,0.0019459388437177705,1.6986893294768102e-08,1.6561169665971227e-06,0.0021206845365959754,0.002120686606566576,8.496774599827047e-08,7.514857318369206e-08,
core_N128_s0,moment9,0,128,7,10.0,76,599980,5.357413489587247e-10,0.00019769075952495087,0.0003551879689087656,0.00035518042866002075,7.540248744830613e-09,7.376222686327475e-07,-3.297233522815702e-08,-3.2977919005005664e-08,1.1402954800668329e-08,-3.6094578617640316e-08,4.5554374590718694e-07,0.00019893100964648731,0.0003975729700372438,0.0003975730963898666,7.540248744830613e-09,7.376222686327475e-07,0.0021206845365959754,0.002120686606566576,4.558241347584843e-08,3.6094578617640316e-08,
core_N128_s0,moment9,0,128,7,100.0,76,599980,5.1261428782262e-10,0.00033844672486007464,1.11275054407306e-05,1.1122295764623424e-05,5.209676107176264e-09,6.057228248232698e-07,-2.507148040086747e-08,-2.5074932857106074e-08,8.0537733538377e-09,1.541971203500303e-08,4.5554374590718694e-07,0.00033844672486007464,4.469836959818119e-05,4.469838811629878e-05,5.209676107176264e-09,6.057228248232698e-07,0.0021206845365959754,0.002120686606566576,6.306140577352105e-08,1.541971203500303e-08,
core_N128_s2,sine,2,128,1,0.0001,76,599980,0.0011083954993356233,1.0,0.0034912345845296427,0.0011416170887839083,0.0023496174957457344,0.6510910434087067,2.3849472093065156e-05,-0.0,0.000897990842236175,-0.008157940355431256,0.005716621012702186,1.0000026700454447,0.0034912345845296427,0.0011416170887839083,0.00337254786370432,0.6510910434087067,0.0006976201721592518,0.0007205798342060066,0.0033504748735214114,0.008157940355431256,1460
core_N128_s2,sine,2,128,1,0.001,76,599980,0.0011111472938794928,1.0,0.0035083713640335634,0.0011408774571664143,0.002367493906867149,0.6515256881487587,2.392450115082409e-05,-0.0,0.0008987793322624185,-0.008187660037198077,0.005716621012702186,1.0000029270458242,0.0035083713640335634,0.0011408774571664143,0.00336748809372861,0.6515256881487587,0.0006976201721592518,0.0007205798342060066,0.0033497539332150526,0.008187660037198077,1460
core_N128_s2,sine,2,128,1,0.01,76,599980,0.0011390710111097286,1.0000000000000013,0.0036793309381342315,0.0011365058497974229,0.0025428250883368086,0.6559232125561553,2.4683845845824613e-05,1.1707853141452835e-18,0.0009068130333724599,-0.008483647287243726,0.005716621012702186,1.00001499295556,0.0036793309381342315,0.0011365058497974367,0.0033298025255421304,0.6559232125561553,0.0006976201721592518,0.0007205798342060066,0.0033425259685365893,0.008483647287243726,1460
core_N128_s2,sine,2,128,1,0.1,76,599980,0.0014661167789250227,1.000000000000002,0.005421532876701982,0.0011084376941030843,0.004313095182598897,0.7051320055194021,3.2813233746822095e-05,5.922316197491331e-18,0.0010074807623285348,-0.007866066748727696,0.005716621012702186,1.0004088405811167,0.005421532876701982,0.0011084376941030843,0.004313095182598897,0.7051320055194021,0.0006976201721592518,0.0007205798342060066,0.0032858487071571645,0.007866066748727696,1460
core_N128_s2,sine,2,128,1,1.0,76,599980,0.014936241278933924,1.0000000000000042,0.09201337740655359,0.0009187396579733859,0.0910946377485802,3.9528157222954934,7.054400639212948e-05,4.3521474256737105e-18,0.12370170253903959,-0.06716930038198536,0.014936241278933924,1.0187088439816863,0.09201337740655359,0.0009187396579733859,0.0910946377485802,3.9528157222954934,0.0007124237320404364,0.00072440006750062,0.12370170253903959,0.06716930038198536,880
core_N128_s2,sine,2,128,1,10.0,76,599980,0.00352800858562249,0.9999999999999997,0.06325313687192873,0.00018538331065405533,0.06306775356127467,4.714856759996661,1.7120464333418807e-05,1.0202703239103272e-18,0.06303727341996267,-0.02534923638388753,0.028546422844422284,1.0746610570563646,0.06325313687192873,0.00018538331065405533,0.06306775356127467,5.711968423740103,0.0006976201721592518,0.0007205798342060066,0.1250637582206563,0.02534923638388753,220
core_N128_s2,sine,2,128,1,100.0,76,599980,0.001367570808101347,1.0,0.05190255958996971,2.167787991115555e-05,0.05188088171005856,3.037058599960583,1.785872104446313e-05,-0.0,0.0504018969152714,-0.03235812404183505,0.02596532419494353,1.065395224981473,0.05190255958996971,2.167787991115555e-05,0.05188088171005856,5.216419202091098,0.0007438466670197554,0.0007492240578103562,0.1241045065489647,0.03235812404183505,19
core_N128_s2,runge,2,128,1,0.0001,76,599980,0.002373501519458771,0.9999999999999915,0.09827937729149978,-8.77227263249708e-05,0.09836710001782475,4.768077817232006,3.444287399948516e-05,-1.2940354176662944e-18,0.10401151503557918,0.0061063635131919786,0.007335021708694223,0.999999999999998,0.09827937729149978,8.77227263249708e-05,0.09836710001782475,4.768077817232006,0.000156260438648806,5.838493728837103e-05,0.10401151503557918,0.006315984654278184,0
core_N128_s2,runge,2,128,1,0.001,76,599980,0.0023850501314881633,0.999999999999992,0.09732328548365517,-8.753626178724383e-05,0.09741082174544241,4.756173697066944,3.340779883889157e-05,-1.2927780529117528e-18,0.10423817315182253,0.006093514853697177,0.00735629810633378,0.9999999999999981,0.09732328548365517,8.753626178724383e-05,0.09741082174544241,4.756173697066944,0.00015642994885620834,5.838493728837103e-05,0.10423817315182253,0.006178212301293576,0
core_N128_s2,runge,2,128,1,0.01,76,599980,0.0025202463714887957,0.9999999999999956,0.08969440015931764,-8.570893469765639e-05,0.08978010909401529,4.672945496701415,2.614763970204394e-05,-1.280393012112909e-18,0.10527296695732012,0.004596203526005385,0.007566172567138091,0.999999999999998,0.08969440015931764,8.570893469765639e-05,0.08978010909401529,4.672945496701415,0.00015796471708546704,5.838493728837103e-05,0.10527296695732012,0.0052140451256449255,0
core_N128_s2,runge,2,128,1,0.1,76,599980,0.002585412414382158,0.9999999999999859,0.06307056010995969,-7.056410088518428e-05,0.06314112421084488,4.483015345942258,1.2304066875719981e-05,-1.1903646770276337e-18,0.10066158898332736,0.0024638933987721767,0.00887317951327415,1.0000000000000024,0.06307056010995969,7.056410088518428e-05,0.06314112421084488,4.483015345942258,0.0001545786686597015,5.838493728837103e-05,0.10653656814320941,0.0030514700812781376,0
core_N128_s2,runge,2,128,1,1.0,76,599980,0.0018276180575011365,0.9999999999999761,0.04545140444849845,-2.3130246874961125e-05,0.04547453469537341,4.277287570206148,1.3792502322597954e-05,-6.5868253751729855e-19,0.0931302407169475,0.002304217498008257,0.011723299251708166,1.0000000000000022,0.04545140444849845,2.313024687504439e-05,0.04547453469537341,4.277287570206148,0.0001761549048003288,5.838493728837103e-05,0.11154751828906635,0.002304217498008257,0
core_N128_s2,runge,2,128,1,10.0,76,599980,0.0009544498261190417,0.9999999999999967,0.039867999992337574,-2.6356530777316145e-06,0.039870635645415306,3.708831319119141,4.600970734046786e-06,-2.236731847034831e-20,0.08483216993822142,-0.004034655210719759,0.016817007928478157,1.0000000000000002,0.039867999992337574,2.6356530777316145e-06,0.039870635645415306,3.708831319119141,0.0002491685968846657,5.838493728837103e-05,0.11144812145484995,0.004740687860723736,0
core_N128_s2,runge,2,128,1,100.0,76,599980,0.0012586869105659434,1.0,0.03219770437286153,-2.818373321111789e-07,0.03219798621019364,3.236326929963276,1.0707589074893044e-05,-1.5023371710579506e-21,0.08516702747899989,-0.002470639463235197,0.025630173184973536,1.0000000000000002,0.03219770437286153,2.818373321111789e-07,0.03219798621019364,3.236326929963276,0.0003633608009714964,5.838493728837103e-05,0.10952181615508583,0.004381517092120216,0
core_N128_s2,moment3,2,128,1,0.0001,76,599980,0.007569161451109852,1.000000000000006,0.16142805692726714,0.004102739920214232,0.1573253170070529,9.172974209771883,0.0001575081832996023,4.4747775508806175e-18,0.05015364792253045,-0.05161027208733554,0.020756489819580098,1.0000004103124782,0.16142805692726714,0.0041027399202143155,0.1573253170070529,9.172974209771883,0.0016111130807438389,0.0016466584399104903,0.05015364792253045,0.05161027208733554,1240
core_N128_s2,moment3,2,128,1,0.001,76,599980,0.007329085658516384,1.0000000000000029,0.17617060428781028,0.004100244865383948,0.17207035942242632,9.413947650575716,0.00015315291718171695,4.4796008248820025e-18,0.07045436736929143,-0.07054521215426784,0.021023979030237873,1.0000005159849146,0.17617060428781028,0.004100244865384031,0.17207035942242632,9.413947650575716,0.0016112452297461146,0.0016468009233225637,0.07045436736929143,0.07054521215426784,1240
core_N128_s2,moment3,2,128,1,0.01,76,599980,0.004301448529794141,0.9999999999999896,0.23314546071458736,0.0040752217087779985,0.22907023900580936,8.3991447075903,0.00011088989247802039,1.9403014692718844e-18,0.15481770432088596,-0.16855704529770937,0.023820059036010352,1.0000072495674623,0.23314546071458736,0.0040752217087779985,0.22907023900580936,8.3991447075903,0.00161256634700407,0.0016482251874880105,0.15481770432088596,0.16855704529770937,1240
core_N128_s2,moment3,2,128,1,0.1,76,599980,0.001856364416300822,0.9999999999999172,0.2176963422545921,0.0038787372739062936,0.2138176049806858,6.363537353915657,7.388151016997218e-05,1.45078538225315e-17,0.220556739059083,-0.20659342543431497,0.0361702674056788,1.0004179748482842,0.2176963422545921,0.003878737273906349,0.2138176049806858,6.363537353915657,0.0016257395027925207,0.001662410318331691,0.220556739059083,0.20659342543431497,1240
core_N128_s2,moment3,2,128,1,1.0,76,599980,0.0007860157082282206,0.9999999999999856,0.13503266957693755,0.002564580743049147,0.1324680888338884,2.9067806758633847,2.5446809314267607e-05,7.5328541988608e-18,0.24291999865965275,-0.1524051432552369,0.04260846928555281,1.018225615346548,0.13503266957693755,0.002564580743049466,0.1324680888338884,3.33465051820752,0.0017772884205987647,0.0018305207020592844,0.24291999865965275,0.1524051432552369,740
core_N128_s2,moment3,2,128,1,10.0,76,599980,0.0005269175818354421,1.0,0.07418350426320298,0.0006738575923509321,0.07350964667085205,1.5422396805599037,9.133074871903549e-06,-0.0,0.2562604923688112,-0.09498712915817233,0.04006822149823487,1.079058516447337,0.07418350426320298,0.0006738575923509321,0.07350964667085205,2.1196031297423077,0.002378165750041323,0.0024272465590507108,0.2562604923688112,0.09498712915817233,160
core_N128_s2,moment3,2,128,1,100.0,76,599980,0.013538483284497294,1.0,0.04993248036505092,6.772699060077214e-05,0.04986475337445015,1.1831953262219208,-0.00040741692767714123,-0.0,0.27116664423142584,-0.06040599578242578,0.10105977208911628,1.029798621949347,0.04993248036505092,6.772699060077214e-05,0.04986475337445015,1.4363272809182466,0.002140049622115262,0.0021838437467229742,0.29175296859352884,0.06040599578242578,16
core_N128_s2,moment5,2,128,1,0.0001,76,599980,1.6995002150951887e-05,0.9999999999999559,0.004429286908158872,0.004102739920214232,0.00032654698794463977,0.021150824972532883,2.1925561461902422e-07,4.4747775508806175e-18,0.0006310458444944973,3.6637084389196106e-06,0.006373652960985748,0.9999999999999648,0.004429286908158872,0.0041027399202143155,0.00032654698794463977,0.021150824972532883,0.0016164341343002614,0.0016466584399104903,0.004851891500022181,0.0004423154821915909,1740
core_N128_s2,moment5,2,128,1,0.001,76,599980,1.6990721412535363e-05,0.9999999999999514,0.004426757693041877,0.004100244865383962,0.00032651282765791545,0.02114474925690495,2.1913971122123473e-07,4.4796008248820025e-18,0.0006309073648083729,4.328987984206223e-06,0.006373652960985748,0.9999999999999597,0.004426757693041877,0.004100244865384031,0.00032651282765791545,0.02114474925690495,0.00161656885694352,0.001646800923322563,0.004849455813083389,0.0004421325027015588,1740
core_N128_s2,moment5,2,128,1,0.01,76,599980,1.694805972764537e-05,0.9999999999999596,0.004401378622711491,0.004075221708777971,0.0003261569139335202,0.021084375037349598,2.1799284156628156e-07,1.9403014692718844e-18,0.0006295247592140113,1.0910562178043093e-05,0.006373652960985748,0.9999999999999611,0.004401378622711491,0.004075221708777971,0.0003261569139335202,0.021084375037349598,0.0016179157016097323,0.0016482251874880098,0.004825264592985181,0.00027812539349916787,1740
core_N128_s2,moment5,2,128,1,0.1,76,599980,1.6537423467614427e-05,0.9999999999983065,0.004188376955749973,0.003878737273906252,0.0003096396818437208,0.020516815865977204,2.2197992848122828e-07,1.3877077569377952e-17,0.0006159967210956605,-0.00020778042841662625,0.006373652960985748,0.9999999999983065,0.004188376955749973,0.003878737273906349,0.0003096396818437208,0.020516815865977204,0.0016313452303075473,0.0016624103183316905,0.0046004432851482905,0.00022696997038804123,1460
core_N128_s2,moment5,2,128,1,1.0,76,599980,1.3950902597789841e-05,0.9999999999939342,0.0028293781683355057,0.002564580743049133,0.00026479742528637273,0.01714447056330904,1.9640571535362007e-07,7.532854198860795e-18,0.0005219695741742926,-0.0001803223530650877,0.006373652960985748,0.9999999999939342,0.0028293781683355057,0.002564580743049466,0.00026479742528637273,0.01714447056330904,0.0017933272122356853,0.0018305207020592842,0.0037257780350523485,0.0001803223530650877,880
core_N128_s2,moment5,2,128,1,10.0,76,599980,1.0777365671733408e-05,0.9999999999984959,0.0008349961574390802,0.0006738575923509321,0.00016113856508814806,0.01298011645837099,1.401280063682715e-07,9.79266555699232e-19,0.00035407665292839065,0.0004296478187686137,0.006373652960985748,0.9999999999985889,0.0008349961574390802,0.0006738575923509321,0.00016113856508814806,0.01298011645837099,0.0024026518503876956,0.002427246559050709,0.003392456975314599,0.00045503807347789527,180
core_N128_s2,moment5,2,128,1,100.0,76,599980,1.0770898791746624e-05,1.0000000000016747,0.00025243690296135324,6.772699060077214e-05,0.0001847099123605811,0.01183831722041657,1.8930780548402514e-07,-9.777920242243102e-19,0.00024056754687143495,0.00014795365802086624,0.006373652960985748,1.0000000000019054,0.00025243690296135324,6.772699060077214e-05,0.0001847099123605811,0.01183831722041657,0.002167657105489239,0.002183843746722974,0.0035051521255704612,0.00014795365802086624,18
core_N128_s2,moment9,2,128,1,0.0001,76,599980,9.634192172905767e-06,1.000000000000166,0.004024552927047481,0.004102739920214218,7.818699316673727e-05,0.01774846271912933,-1.2695785351784938e-07,4.4747775508806175e-18,0.0006058919440598417,-0.00028668597924826067,0.006380197356880668,1.0000019582104573,0.004183947253866074,0.0041027399202143155,8.140753953415902e-05,0.01774846271912933,0.001616413073790369,0.0016466584399104913,0.004853034348368929,0.000442701467881515,1740
core_N128_s2,moment9,2,128,1,0.001,76,599980,9.633067973278277e-06,1.0000000000001679,0.004021767801320852,0.004100244865383948,7.847706406309551e-05,0.017739560129564826,-1.2681256357710881e-07,4.4796008248820025e-18,0.0006057485118170928,-0.0002344797965247586,0.006380197356880668,1.0000019386799002,0.004180987499180819,0.004100244865384031,8.094341646573688e-05,0.017739560129564826,0.0016165477880793033,0.0016468009233225642,0.004850600188441559,0.00044251825240543274,1740
core_N128_s2,moment9,2,128,1,0.01,76,599980,9.621614051109325e-06,1.0000000000000795,0.003994097983274436,0.004075221708778012,8.112372550357627e-05,0.017651211144492727,-1.2904730680088445e-07,1.9403014692718837e-18,0.0006043179807333846,5.046165663755153e-06,0.006380197356880668,1.0000044493137783,0.004156046410632053,0.004075221708778012,8.112372550357627e-05,0.017651211144492727,0.0016178945492261309,0.0016482251874880107,0.00482642425061898,0.0002781414332267279,1740
core_N128_s2,moment9,2,128,1,0.1,76,599980,9.491005748006618e-06,1.000000000001222,0.0037854312562574655,0.003878737273906252,9.330601764878654e-05,0.01683190765978989,-1.216442551841894e-07,1.3877077569377952e-17,0.0005904450271079197,0.00021007972950608245,0.006380197356880668,1.0000117406015425,0.003938486292293347,0.0038787372739063353,9.330601764878654e-05,0.01683190765978989,0.0016313232451193162,0.0016624103183316915,0.004601756304128347,0.00021007972950608245,1460
core_N128_s2,moment9,2,128,1,1.0,76,599980,8.167818959170043e-06,1.0000000000042282,0.0025032385508631655,0.002564580743049133,6.134219218596748e-05,0.012427543243321211,-8.285044290561318e-08,7.532854198860797e-18,0.0004970187536914172,-0.0008145953165604319,0.006380197356880668,1.0003594589323686,0.0026095660623075417,0.002564580743049466,6.134219218596748e-05,0.012427543243321211,0.0017932581160759757,0.0018305207020592855,0.0037282088288423986,0.0008145953165604319,880
core_N128_s2,moment9,2,128,1,10.0,76,599980,5.176007941209881e-06,0.9999999999985134,0.0006231875229897321,0.0006738575923509321,5.06700693612e-05,0.007578603308058474,-4.5156851869219315e-08,-9.792665556992324e-19,0.0003339638552048704,0.00038389963040645625,0.006380197356880668,1.0039345995229667,0.0006873519258390609,0.0006738575923509321,5.06700693612e-05,0.007578603308058474,0.0024025636249313076,0.002427246559050711,0.0033943063957474454,0.000422226824107641,180
core_N128_s2,moment9,2,128,1,100.0,76,599980,1.629176684187374e-06,0.9999999999889111,3.093570486120689e-05,6.772699060077214e-05,3.679128573956525e-05,0.0035302279335409563,-2.365635513177111e-08,-9.777920242243108e-19,0.00019103601125790705,9.230071799999628e-05,0.006380197356880668,1.0059935156147155,6.924978388023195e-05,6.772699060077214e-05,3.679128573956525e-05,0.0035302279335409563,0.002167563558623152,0.002183843746722975,0.0035066995952787684,9.230071799999628e-05,18
core_N128_s2,sine,2,128,3,0.0001,76,599980,0.0003648750276595876,0.32919208701072417,0.0034912345845296427,0.0046605319698738296,0.0011692973853441868,0.08151164642018786,2.3849472093065156e-05,2.9248253346511523e-05,0.00034772608781166806,0.0005010829052300991,0.0003648750276595876,0.32919208701072417,0.0034912345845296427,0.0046605319698738296,0.0011692973853441868,0.08151164642018786,0.0006976201721592518,0.0006975427835679869,0.00034772608781166806,0.0009368109033686539,4880
core_N128_s2,sine,2,128,3,0.001,76,599980,0.0003665837269693415,0.3299146107708548,0.0035083713640335634,0.004682134747730035,0.0011737633836964717,0.08170851645794436,2.392450115082409e-05,2.9354424842883845e-05,0.0003492385636445229,0.000508320359202924,0.0003665837269693415,0.3299146107708548,0.0035083713640335634,0.004682134747730035,0.0011737633836964717,0.08170851645794436,0.0006976201721592518,0.0006975427835679869,0.0003492385636445229,0.0009371420563262928,4880
core_N128_s2,sine,2,128,3,0.01,76,599980,0.000384250976431482,0.3373371569320598,0.0036793309381342315,0.004898666903511192,0.0012193359653769609,0.08372127833330699,2.4683845845824613e-05,3.0437019720355906e-05,0.00036481986566934383,0.0005823674862756867,0.000384250976431482,0.3373371569320598,0.0036793309381342315,0.004898666903511192,0.0012193359653769609,0.08372127833330699,0.0006976201721592518,0.0006975427835679869,0.00036481986566934383,0.0009404209808785979,4880
core_N128_s2,sine,2,128,3,0.1,76,599980,0.0006400360490934376,0.43655188883570534,0.005421532876701982,0.007179137267978614,0.001757604391276632,0.10935362864666674,3.2813233746822095e-05,4.405116855640248e-05,0.0005826011234750955,0.0005521079795743622,0.0006400360490934376,0.43655188883570534,0.005421532876701982,0.007179137267978614,0.001757604391276632,0.10935362864666674,0.0006976201721592518,0.0006975427835679869,0.0005826011234750955,0.0011497918894979586,4880
core_N128_s2,sine,2,128,3,1.0,76,599980,0.014936241278763838,0.9999999999886168,0.09201337740655359,0.043773432686721056,0.048239944719832534,2.065971232900219,7.054400639212948e-05,3.331679769789503e-15,0.042041783869777305,-0.03775070585997535,0.014936241278763838,1.63818100989434,0.09201337740655359,0.043773432686721056,0.048239944719832534,2.065971232900219,0.0007124237320404364,0.0007115512169806207,0.042041783869777305,0.03775070585997535,2460
core_N128_s2,sine,2,128,3,10.0,76,599980,0.003528008585674566,1.0000000000147604,0.06325313687192873,0.020101513109721386,0.04315162376220734,3.5284482469256093,1.7120464333418807e-05,3.1870223074695733e-16,0.03047147268419055,-0.008231297448845182,0.02845562444883171,1.0000000000147604,0.06325313687192873,0.020101513109721386,0.04315162376220734,4.499538802563518,0.0006976201721592518,0.0006975427835679869,0.07078351158359897,0.012774034446868393,440
core_N128_s2,sine,2,128,3,100.0,76,599980,0.001367570808120857,1.0000000000142661,0.05190255958996971,0.013521835893809037,0.038380723696160676,2.2340009644743093,1.785872104446313e-05,1.7857297588532653e-16,0.04664534706763231,-0.024229389434214432,0.03071142778070721,1.3119000745758067,0.05190255958996971,0.013521835893809037,0.038380723696160676,4.3772881640307375,0.0007438466670197554,0.0007431885086764932,0.04664534706763231,0.024229389434214432,60
core_N128_s2,runge,2,128,3,0.0001,76,599980,0.0022735189563753656,0.9578755007048726,0.09827937729149978,0.033501765588984656,0.06477761170251513,3.1306469033962157,3.444287399948516e-05,2.3291640340774784e-06,0.006665095246624218,0.006929564986676406,0.00877713807879159,1.7075101704942333,0.09827937729149978,0.033501765588984656,0.06477761170251513,3.1306469033962157,0.000156260438648806,0.00015359892772588398,0.07474222629908378,0.006929564986676406,9720
core_N128_s2,runge,2,128,3,0.001,76,599980,0.002283535715512509,0.9574371982226084,0.09732328548365517,0.03334486081949144,0.06397842466416373,3.1207726265182383,3.340779883889157e-05,2.349893728244504e-06,0.006736623833356767,0.006913889949577617,0.008858837152487142,1.7207392067607554,0.09732328548365517,0.03334486081949144,0.06397842466416373,3.1207726265182383,0.00015642994885620834,0.00015347768840598592,0.07541252661938953,0.006913889949577617,9720
core_N128_s2,runge,2,128,3,0.01,76,599980,0.0024126520211018333,0.9573080030570925,0.08969440015931764,0.032059135992880516,0.05763526416643712,3.065910216971931,2.614763970204394e-05,2.4927010246899615e-06,0.00770399127395414,0.00464719290710329,0.009629984724148003,1.841726679486343,0.08969440015931764,0.032059135992880516,0.05763526416643712,3.065910216971931,0.00015796471708546704,0.00015118814464383382,0.07990102267045784,0.005177139147660409,9720
core_N128_s2,runge,2,128,3,0.1,76,599980,0.0024622138007647587,0.9523485642243754,0.06307056010995969,0.026665126836775646,0.036405433273184046,3.162241896280816,1.2304066875719981e-05,2.4650650004286567e-06,0.014053296217996728,-0.00039402349283271243,0.009128850897608166,1.360782584787542,0.06307056010995969,0.026665126836775646,0.036405433273184046,3.162241896280816,0.0001545786686597015,0.00014235740105216283,0.07842253210951021,0.0034603747833291676,9720
core_N128_s2,runge,2,128,3,1.0,76,599980,0.001815255148380178,0.993235507238364,0.04545140444849845,0.018940046987119222,0.026511357461379226,3.36967643902427,1.3792502322597954e-05,3.7236088350186327e-07,0.02074892436465801,0.001956349031352861,0.01525137838095392,2.3774613628013244,0.04545140444849845,0.018940046987119222,0.026511357461379226,3.36967643902427,0.0001761549048003288,0.00018744252008432103,0.07805909546299536,0.001956349031352861,11540
core_N128_s2,runge,2,128,3,10.0,76,599980,0.0009544482486066655,0.9999983472024028,0.039867999992337574,0.014794105661198875,0.0250738943311387,3.0349985460519022,4.600970734046786e-06,3.9291181131149335e-11,0.029098972730405508,-0.0042658151303227865,0.014794230611067159,1.2850889097383127,0.039867999992337574,0.014794105661198875,0.0250738943311387,3.0349985460519022,0.0002491685968846657,0.00024046443642899412,0.07011339760752734,0.004972102286534857,4880
core_N128_s2,runge,2,128,3,100.0,76,599980,0.0012586869105338297,0.9999999999744864,0.03219770437286153,0.009765895005439354,0.022431809367422173,2.828719122817676,1.0707589074893044e-05,2.8327238756433473e-15,0.028859355736588977,-0.0006596582049993166,0.01794766880050626,1.7168524427573013,0.03219770437286153,0.009765895005439354,0.022431809367422173,2.828719122817676,0.0003633608009714964,0.00037959342571089005,0.046404520391152344,0.002570582837519944,740
core_N128_s2,moment3,2,128,3,0.0001,76,599980,0.007569161451038744,0.9999999999906115,0.16142805692726714,0.045221907179824314,0.11620614974744282,6.787908350694393,0.0001575081832996023,1.7022543535104462e-15,0.2221382489624275,-0.0631056148570287,0.033822032275997005,3.4965621955449553,0.16142805692726714,0.045221907179824314,0.11620614974744282,6.787908350694393,0.0016111130807438389,0.0016103252261170235,0.26318419276396027,0.0631056148570287,4120
core_N128_s2,moment3,2,128,3,0.001,76,599980,0.007329085658445963,0.9999999999903944,0.17617060428781028,0.04248271328863991,0.1336878909991704,7.080841757836086,0.00015315291718171695,1.6659799080282159e-15,0.2019645029608989,-0.08448056616839465,0.03591151032225959,3.6710693690286975,0.17617060428781028,0.04248271328863991,0.1336878909991704,7.080841757836086,0.0016112452297461146,0.0016104569951388645,0.2629565724958685,0.08448056616839465,4120
core_N128_s2,moment3,2,128,3,0.01,76,599980,0.004301448529849515,1.0000000000128628,0.23314546071458736,0.02819985822933614,0.20494560248525123,6.636768267887151,0.00011088989247802039,8.138987338612519e-16,0.1184215936131656,-0.19356320705643348,0.07326076984089348,6.685116837596683,0.23314546071458736,0.02819985822933614,0.20494560248525123,6.636768267887151,0.00161256634700407,0.0016117743187580393,0.25949807679980447,0.19356320705643348,4120
core_N128_s2,moment3,2,128,3,0.1,76,599980,0.0018563644162750829,0.9999999999860518,0.2176963422545921,0.0004993588300248181,0.21719698342456728,5.160994766609261,7.388151016997218e-05,6.620589755401218e-16,0.05253997084925021,-0.24898164501538184,0.03616989162098066,1.5559445655146074,0.2176963422545921,0.01239548749421418,0.21719698342456728,5.160994766609261,0.0016257395027925207,0.0016249101469509033,0.2633481817453072,0.24898164501538184,3460
core_N128_s2,moment3,2,128,3,1.0,76,599980,0.0007860157082083648,0.9999999999747242,0.13503266957693755,0.01463831708796709,0.12039435248897046,2.309821223734314,2.5446809314267607e-05,6.109292070036447e-16,0.030346633671824948,-0.14979326127715342,0.04260725461710687,1.000000000103593,0.13503266957693755,0.014638611729159673,0.12039435248897046,2.309821223734314,0.0017772884205987647,0.0017754806876048915,0.2718803378360084,0.14979326127715342,2060
core_N128_s2,moment3,2,128,3,10.0,76,599980,0.0005269175818532841,1.000000000033861,0.07418350426320298,0.01955352727486233,0.054629976988340656,1.0408815641535776,9.133074871903549e-06,3.2320502543436544e-16,0.016841541096210177,-0.07984059857914017,0.04006822149818658,1.3449767448015144,0.07418350426320298,0.01955352727486233,0.054629976988340656,1.0408815641535776,0.002378165750041323,0.0023761672640474755,0.08136503388338115,0.07984059857914017,380
core_N128_s2,moment3,2,128,3,100.0,76,599980,0.013538483284475619,0.999999999998399,0.04993248036505092,0.018854695443878827,0.031077784921172094,0.8690522319840044,-0.00040741692767714123,2.1047395026522645e-16,0.059180936104096846,-0.04701913508381998,0.355678606356704,3.5194875171800346,0.04993248036505092,0.018854695443878827,0.031077784921172094,0.8690522319840044,0.002140049622115262,0.006277515372897602,0.12220773541784571,0.04701913508381998,40
core_N128_s2,moment5,2,128,3,0.0001,76,599980,2.006075530888964e-05,1.1803914545409548,0.004429286908158872,0.004005822037885798,0.0004234648702730742,0.023480584564040532,2.1925561461902422e-07,-1.4191827453785176e-07,9.084757414647353e-06,0.0003774601421715901,0.00023102311806944275,1.2032315066029204,0.004429286908158872,0.004185378459633668,0.0004234648702730742,0.023480584564040532,0.0016164341343002614,0.0016157219531207367,0.00011654178068118785,0.0003774601421715901,5800
core_N128_s2,moment5,2,128,3,0.001,76,599980,2.0055826677921213e-05,1.180398771244846,0.004426757693041877,0.0040030639857903255,0.00042369370725155175,0.023474912868597944,2.1913971122123473e-07,-1.417549051521129e-07,9.074665179095475e-06,0.000325893939309721,0.00023102311806944275,1.2032310980124818,0.004426757693041877,0.0041824226005378745,0.00042369370725155175,0.023474912868597944,0.00161656885694352,0.0016158564365780182,0.00011648530073623066,0.000325893939309721,5800
core_N128_s2,moment5,2,128,3,0.01,76,599980,2.0006626267573355e-05,1.1804670616624096,0.004401378622711491,0.003975417067837161,0.0004259615548743295,0.02341829213796189,2.1799284156628156e-07,-1.401407563836155e-07,8.976870531313962e-06,5.174379376179927e-06,0.00023102311806944275,1.2032234263716421,0.004401378622711491,0.004156968810871714,0.0004259615548743295,0.02341829213796189,0.0016179157016097323,0.0016172008951208972,0.00011593103696945798,1.561545132029718e-05,5800
core_N128_s2,moment5,2,128,3,0.1,76,599980,1.9526824858691854e-05,1.180765848857808,0.004188376955749973,0.003766765345033979,0.00042161161071599396,0.022865999789498888,2.2197992848122828e-07,-1.3585762265229232e-07,8.259880883663198e-06,-0.0004337116263565255,0.00023102311806944275,1.2027822659000447,0.004188376955749973,0.003939044416588558,0.00042161161071599396,0.022865999789498888,0.0016313452303075473,0.0016306071283515796,0.00011150128148314417,0.0004337116263565255,4880
core_N128_s2,moment5,2,128,3,1.0,76,599980,1.641281145503048e-05,1.1764695036671755,0.0028293781683355057,0.0024912119446362513,0.0003381662236992544,0.019289338386457775,1.9640571535362007e-07,-9.197072604422597e-08,7.934534998457422e-06,0.0007041306011651011,0.00023102311806944275,1.1903260306860683,0.0028293781683355057,0.00261020984773519,0.0003381662236992544,0.019289338386457775,0.0017933272122356853,0.0017921873251551402,9.594223199280477e-05,0.0007041306011651011,2920
core_N128_s2,moment5,2,128,3,10.0,76,599980,1.2683940107849822e-05,1.1769054232889071,0.0008349961574390802,0.0006170176591678844,0.00021797849827119575,0.015033530982464082,1.401280063682715e-07,-4.904565444446944e-08,1.1188994366927588e-05,5.221326642838864e-05,0.00023102311806944275,1.1769054232889071,0.0008349961574390802,0.0006875842061023207,0.00021797849827119575,0.015033530982464082,0.0024026518503876956,0.0024018137305490926,8.027432411223501e-05,9.884410520154263e-05,620
core_N128_s2,moment5,2,128,3,100.0,76,599980,1.2353916224886683e-05,1.1469717118105094,0.00025243690296135324,2.7634603156051485e-05,0.00022480229980530175,0.014096593115184509,1.8930780548402514e-07,-2.577665706818847e-08,4.1946011447423956e-05,5.567486074911643e-05,0.00023102311806944275,1.196271471900855,0.00025243690296135324,6.927576975675198e-05,0.00022480229980530175,0.014096593115184509,0.002167657105489239,0.0021669752196815757,8.107824059356975e-05,5.567486074911643e-05,60
core_N128_s2,moment9,2,128,3,0.0001,76,599980,1.0002289783681811e-06,0.10382074183461804,0.004024552927047481,0.004005822037885867,1.8730889161613917e-05,0.0015859451950355325,-1.2695785351784938e-07,-1.4191827453711678e-07,2.8982152726878695e-05,8.711045448449306e-05,0.00022472450173481405,0.12216111553197903,0.004183947253866074,0.004185378459633668,1.8730889161613917e-05,0.0015859451950355325,0.001616413073790369,0.0016157219531207374,0.00011454736263092804,8.711045448449306e-05,8180
core_N128_s2,moment9,2,128,3,0.001,76,599980,9.998410850856359e-07,0.10379259108928958,0.004021767801320852,0.004003063985790395,1.8703815530457524e-05,0.0015852666648806652,-1.2681256357710881e-07,-1.4175490515201802e-07,2.8967128245746087e-05,8.70851548008672e-05,0.00022472450173481405,0.12213566828463918,0.004180987499180819,0.004182422600537902,1.8703815530457524e-05,0.0015852666648806652,0.0016165477880793033,0.0016158564365780195,0.00011448679161100327,8.70851548008672e-05,8180
core_N128_s2,moment9,2,128,3,0.01,76,599980,9.95982157411809e-07,0.10351508095432868,0.003994097983274436,0.003975417067837245,1.8680915437191414e-05,0.0015785235858425334,-1.2904730680088445e-07,-1.4014075638284722e-07,2.8818337490776144e-05,-6.900171381357678e-07,0.00022472450173481405,0.12188439428789856,0.004156046410632053,0.004156968810871714,1.8680915437191414e-05,0.0015785235858425334,0.0016178945492261309,0.001617200895120898,0.00011389006249057872,1.5232089227767975e-05,8180
core_N128_s2,moment9,2,128,3,0.1,76,599980,9.594111853169524e-07,0.10108635594490378,0.0037854312562574655,0.0037667653450340344,1.8665911223431086e-05,0.001515217752693256,-1.216442551841894e-07,-1.3585762265346165e-07,2.7462309120739137e-05,-1.585146843373353e-05,0.00022472450173481405,0.11971401375710547,0.003938486292293347,0.003939044416588558,1.8665911223431086e-05,0.001515217752693256,0.0016313232451193162,0.0016306071283515807,0.00010883099924390345,1.585146843373353e-05,6880
core_N128_s2,moment9,2,128,3,1.0,76,599980,7.386896659050904e-07,0.0904390351452249,0.0025032385508631655,0.002491211944636293,1.2026606226872572e-05,0.0011510535767829653,-8.285044290561318e-08,-9.197072604416821e-08,2.0455129114623862e-05,6.985763766935438e-05,0.00022472450173481405,0.11035558044543646,0.0026095660623075417,0.00261020984773519,1.2026606226872572e-05,0.0011510535767829653,0.0017932581160759757,0.001792187325155141,9.285301897493466e-05,6.985763766935438e-05,4120
core_N128_s2,moment9,2,128,3,10.0,76,599980,3.597170773364797e-07,0.06949701032565685,0.0006231875229897321,0.0006170176591679261,6.169863821806065e-06,0.0006500891895711166,-4.5156851869219315e-08,-4.904565444441802e-08,1.0880454625978886e-05,6.465078066092422e-06,0.00022472450173481405,0.10266579898934089,0.0006873519258390609,0.0006875842061023207,6.169863821806065e-06,0.0006500891895711166,0.0024025636249313076,0.002401813730549094,7.847288413918376e-05,2.861763932533734e-05,880
core_N128_s2,moment9,2,128,3,100.0,76,599980,1.5212684242256126e-07,0.09337651581771472,3.093570486120689e-05,2.7634603156051485e-05,3.301101705155407e-06,0.00022478724191912525,-2.365635513177111e-08,-2.57766570691366e-08,9.288967660187305e-06,2.192072820483837e-08,0.00022472450173481405,0.10177093203820473,6.924978388023195e-05,6.927576975675198e-05,3.301101705155407e-06,0.00022478724191912525,0.002167563558623152,0.0021669752196815774,7.945943058128277e-05,1.961343788700609e-06,100
core_N128_s2,sine,2,128,5,0.0001,76,599980,1.0657455755360548e-05,0.009615210240161268,0.0034912345845296427,0.003468183080383047,2.3051504146595625e-05,0.0026292315705944906,2.3849472093065156e-05,2.3714092016516433e-05,1.1417246155090717e-05,1.8132460975525677e-05,1.0657455755360548e-05,0.009615210240161268,0.0034912345845296427,0.003468183080383047,2.3051504146595625e-05,0.0026292315705944906,0.0006976201721592518,0.0006976028229550048,1.1417246155090717e-05,7.432803133945731e-05,
core_N128_s2,sine,2,128,5,0.001,76,599980,1.0704576392921855e-05,0.009633805033667118,0.0035083713640335634,0.003485203558599312,2.3167805434251565e-05,0.002633816790677588,2.392450115082409e-05,2.3788336525694298e-05,1.1467131695948323e-05,1.793738236595399e-05,1.0704576392921855e-05,0.009633805033667118,0.0035083713640335634,0.003485203558599312,2.3167805434251565e-05,0.002633816790677588,0.0006976201721592518,0.0006976028229550048,1.1467131695948323e-05,3.193429192077657e-05,
core_N128_s2,sine,2,128,5,0.01,76,599980,1.1190137878504144e-05,0.009823915953758035,0.0036793309381342315,0.0036549787583042004,2.435217983003113e-05,0.0026809624403078755,2.4683845845824613e-05,2.453956636423648e-05,1.1979485929826677e-05,1.594926830919552e-05,1.1190137878504144e-05,0.009823915953758035,0.0036793309381342315,0.0036549787583042004,2.435217983003113e-05,0.0026809624403078755,0.0006976201721592518,0.0006976028229550048,1.1979485929826677e-05,3.2010005850929835e-05,
core_N128_s2,sine,2,128,5,0.1,76,599980,1.790026707399147e-05,0.01220930510536564,0.005421532876701982,0.005383720582511395,3.781229419058674e-05,0.0033038577924632165,3.2813233746822095e-05,3.255541670556044e-05,1.8851009544290142e-05,8.255729900680242e-07,1.790026707399147e-05,0.01220930510536564,0.005421532876701982,0.005383720582511395,3.781229419058674e-05,0.0033038577924632165,0.0006976201721592518,0.0006976028229550048,1.8851009544290142e-05,4.602156058089446e-05,
core_N128_s2,sine,2,128,5,1.0,76,599980,0.017386089179183318,1.164020375307189,0.09201337740655359,0.10019998663818512,0.008186609231631531,1.5896599958182458,7.054400639212948e-05,0.00045952063643147717,0.13149355918180775,0.030099806163514597,0.017386089179183318,1.164020375307189,0.09201337740655359,0.10019998663818512,0.008186609231631531,1.5896599958182458,0.0007124237320404364,0.0007124675835007013,0.13149355918180775,0.030099806163514597,599980
core_N128_s2,sine,2,128,5,10.0,76,599980,0.003527866361103614,0.9999596870258601,0.06325313687192873,0.1172947579755302,0.05404162110360147,3.4501160105902318,1.7120464333418807e-05,6.1971407702009e-08,0.028285227531236523,0.10709011504327809,0.018617105117817428,1.0839969285314983,0.06325313687192873,0.1172947579755302,0.06544877959574508,4.4716472895584065,0.0006976201721592518,0.0006976028229550048,0.11850563860607274,0.12656476454562055,254120
core_N128_s2,sine,2,128,5,100.0,76,599980,0.001367570808173955,1.0000000000530929,0.05190255958996971,0.04553364686288451,0.006368912727085202,1.90132791710678,1.785872104446313e-05,3.780332105402041e-15,0.011360470298720443,0.01708733685128354,0.0272658716688784,1.0500878581053164,0.05190255958996971,0.04553364686288451,0.02389137479495526,4.005424304209481,0.0007438466670197554,0.0007438814652205565,0.09286420550767617,0.0465304297884674,107640
core_N128_s2,runge,2,128,5,0.0001,76,599980,0.0035739064568304077,1.5057527570681035,0.09827937729149978,0.1128792926209251,0.014599915329425311,2.9872615838017134,3.444287399948516e-05,7.01916134156259e-05,0.05277207141905867,-0.012801809315181142,0.004070790966631605,1.5057527570681035,0.09827937729149978,0.1128792926209251,0.014599915329425311,2.9872615838017134,0.000156260438648806,0.00013536820003700868,0.05477666569528425,0.012801809315181142,127820
core_N128_s2,runge,2,128,5,0.001,76,599980,0.0035729834136423748,1.4980747643291532,0.09732328548365517,0.11261864308443643,0.015295357600781267,3.0083545600178545,3.340779883889157e-05,6.942738950407607e-05,0.05252964087359548,-0.012802790395782013,0.004097950930670801,1.4980747643291532,0.09732328548365517,0.11261864308443643,0.015295357600781267,3.0083545600178545,0.00015642994885620834,0.0001353817824261621,0.05481850343062621,0.012802790395782013,127820
core_N128_s2,runge,2,128,5,0.01,76,599980,0.00354329501616942,1.4059319978610896,0.08969440015931764,0.11008496272959502,0.020390562570277382,3.1837603211292773,2.614763970204394e-05,6.181487651906821e-05,0.049402511588345265,-0.01513317766910103,0.004340319517131861,1.4754908558314903,0.08969440015931764,0.11008496272959502,0.020390562570277382,3.1837603211292773,0.00015796471708546704,0.00013542478807285235,0.05577778353155551,0.01513317766910103,127820
core_N128_s2,runge,2,128,5,0.1,76,599980,0.0028841723164721713,1.1155559942499031,0.06307056010995969,0.09160747712568788,0.02853691701572819,3.675109535113971,1.2304066875719981e-05,2.6331341839451157e-05,0.026103401594415675,-0.014933596253503434,0.005528402815163582,1.433080638776613,0.06307056010995969,0.09160747712568788,0.02853691701572819,3.675109535113971,0.0001545786686597015,0.00013993991041088582,0.05871169567534184,0.014933596253503434,127820
core_N128_s2,runge,2,128,5,1.0,76,599980,0.0018280101305394759,1.000214526791682,0.04545140444849845,0.048351753280938506,0.0029003488324400584,3.332592470435889,1.3792502322597954e-05,5.7518721275254904e-08,0.008974224577461392,-0.005171146207078189,0.007815031267164273,1.80537922620654,0.04545140444849845,0.048351753280938506,0.013595192090269673,3.332592470435889,0.0001761549048003288,0.00015757769824329502,0.05692333672793038,0.008395319642823515,107640
core_N128_s2,runge,2,128,5,10.0,76,599980,0.0009542193293170168,0.9997585029660854,0.039867999992337574,0.025796097867936088,0.014071902124401486,2.531303248926026,4.600970734046786e-06,4.642140903997716e-09,0.0047657141411368426,-0.007045682958624788,0.00794149695850384,2.838787204385949,0.039867999992337574,0.025796097867936088,0.014071902124401486,2.531303248926026,0.0002491685968846657,0.00023758058535177704,0.03357506964060497,0.007741408668084343,54140
core_N128_s2,runge,2,128,5,100.0,76,599980,0.0013481646344050276,1.0710881499505325,0.03219770437286153,0.010477332064786793,0.021720372308074734,2.569979754332839,1.0707589074893044e-05,-2.4108815802182835e-06,0.004440198382589435,0.002436464366413732,0.01388386575435784,7.928512331872556,0.03219770437286153,0.013992152983375875,0.021720372308074734,2.569979754332839,0.0003633608009714964,0.0003680589145019904,0.0285805860091215,0.002436464366413732,22920
core_N128_s2,moment3,2,128,5,0.0001,76,599980,0.008404407576324022,1.110348567752079,0.16142805692726714,0.07959554125809838,0.08183251566916876,6.80977478822234,0.0001575081832996023,5.087903407721658e-05,0.042712430849291064,-0.009624369876949285,0.017072530375038062,1.1297414548498428,0.16142805692726714,0.07959554125809838,0.08183251566916876,6.80977478822234,0.0016111130807438389,0.0016111232379568785,0.042712430849291064,0.014359578930914926,254120
core_N128_s2,moment3,2,128,5,0.001,76,599980,0.008223904179775724,1.1220914262640098,0.17617060428781028,0.08215036699061513,0.09402023729719515,7.123635672424458,0.00015315291718171695,5.4950784072365655e-05,0.06262045254816863,-0.02580679564721819,0.017430546006914654,1.1438663858229845,0.17617060428781028,0.08215036699061513,0.09402023729719515,7.123635672424458,0.0016112452297461146,0.0016112554010692486,0.06262045254816863,0.02580679564721819,254120
core_N128_s2,moment3,2,128,5,0.01,76,599980,0.005843100877813898,1.3584030675576808,0.23314546071458736,0.10391378014821977,0.12923168056636758,6.2084888915960805,0.00011088989247802039,0.00013354428287582948,0.14341362675324265,-0.09279145876669814,0.021046805994506586,1.3584030675576808,0.23314546071458736,0.10391378014821977,0.12923168056636758,6.2084888915960805,0.00161256634700407,0.001612576659231611,0.14341362675324265,0.09279145876669814,254120
core_N128_s2,moment3,2,128,5,0.1,76,599980,0.0023834587071717285,1.2839390187843882,0.2176963422545921,0.17955744405890173,0.038138898195690385,4.444754905146647,7.388151016997218e-05,0.00014063122200751608,0.17796354697780628,-0.033341419017131,0.029672305114851406,1.2839390187843882,0.2176963422545921,0.17955744405890173,0.08257739235146146,4.444754905146647,0.0016257395027925207,0.0016257512046662125,0.17796354697780628,0.07400984540951264,214000
core_N128_s2,moment3,2,128,5,1.0,76,599980,0.0009506952202182617,1.2095117314655657,0.13503266957693755,0.13752783281223885,0.002495163235301301,1.159358595026966,2.5446809314267607e-05,4.5777440532816565e-07,0.07384310923753326,-0.01952974429270654,0.02097274741883048,1.2819813847212385,0.13503266957693755,0.13752783281223885,0.03973317840537591,2.1609705950595504,0.0017772884205987647,0.0017773455670109725,0.16927024412839894,0.029874722206093246,151780
core_N128_s2,moment3,2,128,5,10.0,76,599980,0.000595816130410415,1.130757733182815,0.07418350426320298,0.09309117553438394,0.018907671271180954,0.6684886998775732,9.133074871903549e-06,-5.985178140394158e-06,0.003579641970894754,0.004828075553581973,0.03650889263151266,1.9524278799460804,0.07418350426320298,0.09847173546829092,0.03651197668936801,1.1743076428116355,0.002378165750041323,0.0023782370199572542,0.1671507818700741,0.04617547268456457,76340
core_N128_s2,moment3,2,128,5,100.0,76,599980,0.00706311436909403,0.5217064733670641,0.04993248036505092,0.08664842329222584,0.03671594292717492,0.5842554215470377,-0.00040741692767714123,-0.00020873015167031665,0.06299129254202991,0.040314031820865404,0.026028707520243954,27.10452704203822,0.04993248036505092,0.08664842329222584,0.036768334587688106,0.7658048844770975,0.002140049622115262,0.0021401249235145823,0.13820062501005462,0.04495640656689584,27220
core_N128_s2,moment5,2,128,5,0.0001,76,599980,2.869308929045744e-06,0.16883251343895286,0.004429286908158872,0.004478254720879704,4.896781272083206e-05,0.0031912740744854573,2.1925561461902422e-07,2.6252548995281694e-07,6.015682392788945e-06,-1.547503114956994e-07,9.86072392532107e-06,0.16883251343895286,0.004429286908158872,0.004478254720879704,4.896781272083206e-05,0.0031912740744854573,0.0016164341343002614,0.0016164529279877138,6.015682392788945e-06,1.1292970979737138e-06,6880
core_N128_s2,moment5,2,128,5,0.001,76,599980,2.868238019411884e-06,0.16881202097137704,0.004426757693041877,0.004475687385760957,4.8929692719079654e-05,0.0031901208444653165,2.1913971122123473e-07,2.623768811379316e-07,6.015752586362496e-06,-1.8899823764351176e-07,9.86072392532107e-06,0.16881202097137704,0.004426757693041877,0.004475687385760957,4.8929692719079654e-05,0.0031901208444653165,0.00161656885694352,0.0016165876584397292,6.015752586362496e-06,6.262464284229052e-07,6880
core_N128_s2,moment5,2,128,5,0.01,76,599980,2.8575745695190634e-06,0.16860777076786695,0.004401378622711491,0.004449931249046024,4.8552626334533167e-05,0.0031786479929399427,2.1799284156628156e-07,2.609065099681517e-07,6.016127252425117e-06,-4.009013217332047e-05,9.86072392532107e-06,0.16860777076786695,0.004401378622711491,0.004449931249046024,4.8552626334533167e-05,0.0031786479929399427,0.0016179157016097323,0.0016179345810157506,6.016127252425117e-06,4.009013217332047e-05,6880
core_N128_s2,moment5,2,128,5,0.1,76,599980,2.7560473119220425e-06,0.1666551816438999,0.004188376955749973,0.0042361972283713745,4.782027262140165e-05,0.003070229277550388,2.2197992848122828e-07,2.6431662577084155e-07,5.9938512044737505e-06,9.52774751252633e-05,9.86072392532107e-06,0.1666551816438999,0.004188376955749973,0.0042361972283713745,4.782027262140165e-05,0.003070229277550388,0.0016313452303075473,0.0016313648712960149,5.9938512044737505e-06,9.52774751252633e-05,6880
core_N128_s2,moment5,2,128,5,1.0,76,599980,2.1814083498223704e-06,0.15636324134000662,0.0028293781683355057,0.0028671275579493505,3.7749389613844775e-05,0.002470399895997801,1.9640571535362007e-07,2.3008981169023658e-07,5.3009160191690315e-06,-7.715140187067315e-05,9.86072392532107e-06,0.15636324134000662,0.0028293781683355057,0.0028671275579493505,3.7749389613844775e-05,0.002470399895997801,0.0017933272122356853,0.001793366138358216,5.3009160191690315e-06,7.715140187067315e-05,4120
core_N128_s2,moment5,2,128,5,10.0,76,599980,1.638277621813734e-06,0.15201095255662536,0.0008349961574390802,0.0008594120759197049,2.4415918480624743e-05,0.0018901194142743976,1.401280063682715e-07,1.627868893593979e-07,4.024285756533246e-06,-4.8368343362331645e-06,9.86072392532107e-06,0.15201095255662536,0.0008349961574390802,0.0008594120759197049,2.4415918480624743e-05,0.0018901194142743976,0.0024026518503876956,0.0024026826298813534,4.024285756533246e-06,1.057105766633093e-05,740
core_N128_s2,moment5,2,128,5,100.0,76,599980,2.1245693748555554e-06,0.19725089019377837,0.00025243690296135324,0.0002829910948002473,3.0554191838894074e-05,0.0019973831142594723,1.8930780548402514e-07,2.2411316721269224e-07,6.374770174106218e-06,-7.815574382438739e-06,9.86072392532107e-06,0.19725089019377837,0.00025243690296135324,0.0002829910948002473,3.0554191838894074e-05,0.0019973831142594723,0.002167657105489239,0.002167684705891261,6.374770174106218e-06,7.815574382438739e-06,80
core_N128_s2,moment9,2,128,5,0.0001,76,599980,4.9756786662731725e-08,0.00516460392005372,0.004024552927047481,0.004025524986421655,9.720593741741057e-07,7.835616658316856e-05,-1.2695785351784938e-07,-1.2622328032955242e-07,1.3668063668444143e-06,-3.400157625024769e-06,8.896021147233386e-06,0.006013924064666311,0.004183947253866074,0.00418393102623088,9.720593741741057e-07,7.835616658316856e-05,0.001616413073790369,0.001616432191790985,3.591973630367126e-06,3.400157625024769e-06,
core_N128_s2,moment9,2,128,5,0.001,76,599980,4.973274074693211e-08,0.005162710455785943,0.004021767801320852,0.004022738550983673,9.707496628208467e-07,7.831667974864345e-05,-1.2681256357710881e-07,-1.2607887842452127e-07,1.365982724150712e-06,-3.3989899019676306e-06,8.896021147233386e-06,0.0060119463358533605,0.004180987499180819,0.004180971108358286,9.707496628208467e-07,7.831667974864345e-05,0.0016165477880793033,0.001616566912853461,3.590528487591222e-06,3.3989899019676306e-06,
core_N128_s2,moment9,2,128,5,0.01,76,599980,4.949457442195655e-08,0.005144103074499647,0.003994097983274436,0.003995097488761423,9.99505486987129e-07,7.792559938453705e-05,-1.2904730680088445e-07,-1.28302812001668e-07,1.3578391088193724e-06,2.5349657734041742e-08,8.896021147233386e-06,0.005992479693419276,0.004156046410632053,0.004156045101072772,9.99505486987129e-07,7.792559938453705e-05,0.0016178945492261309,0.0016179137415609482,3.5762146244869015e-06,5.238764553827657e-07,
core_N128_s2,moment9,2,128,5,0.1,76,599980,4.732061678701009e-08,0.004985837965276398,0.0037854312562574655,0.003786374001141596,9.427448841303754e-07,7.435783108878557e-05,-1.216442551841894e-07,-1.209498044623808e-07,1.2846569325807465e-06,4.169303430834326e-07,8.896021147233386e-06,0.005827486672127568,0.003938486292293347,0.003938491093549809,9.427448841303754e-07,7.435783108878557e-05,0.0016313232451193162,0.0016313430958466036,3.4530017952212116e-06,4.169303430834326e-07,
core_N128_s2,moment9,2,128,5,1.0,76,599980,3.583326490278142e-08,0.004387127712068444,0.0025032385508631655,0.002503837177404253,5.986265410873326e-07,5.567461032227823e-05,-8.285044290561318e-08,-8.241346018733231e-08,9.291271449201365e-07,-2.713691763259196e-06,8.896021147233386e-06,0.00520164926652453,0.0026095660623075417,0.0026095595596131588,5.986265410873326e-07,5.567461032227823e-05,0.0017932581160759757,0.001793291837520075,2.8459058502166774e-06,2.713691763259196e-06,
core_N128_s2,moment9,2,128,5,10.0,76,599980,1.8281967896409294e-08,0.003532059475957594,0.0006231875229897321,0.0006234791083976482,2.915854079160729e-07,3.147023333262842e-05,-4.5156851869219315e-08,-4.4974630853911475e-08,4.7081154279476387e-07,-2.451135364955892e-07,8.896021147233386e-06,0.004737815691554083,0.0006873519258390609,0.000687347069264585,2.915854079160729e-07,3.147023333262842e-05,0.0024025636249313076,0.002402586434376297,2.2503650450394355e-06,9.296409598652522e-07,
core_N128_s2,moment9,2,128,5,100.0,76,599980,6.803961427211677e-09,0.004176318930398893,3.093570486120689e-05,3.10812229915719e-05,1.4551813036500771e-07,1.1806666195276435e-05,-2.365635513177111e-08,-2.356996378965407e-08,3.5888274277954823e-07,-5.656274006116124e-08,8.896021147233386e-06,0.0046751553874594615,6.924978388023195e-05,6.924923854399745e-05,1.4551813036500771e-07,1.1806666195276435e-05,0.002167563558623152,0.0021675824249183426,2.2437537922506486e-06,5.656274006116124e-08,
core_N128_s2,sine,2,128,7,0.0001,76,599980,3.9189024946961645e-07,0.000353565356142746,0.0034912345845296427,0.0034918635619017174,6.289773720746794e-07,9.751551216017114e-05,2.3849472093065156e-05,2.3854037908978374e-05,5.637455964307019e-07,-6.406343900366984e-07,3.9189024946961645e-07,0.000353565356142746,0.0034912345845296427,0.0034918635619017174,6.289773720746794e-07,9.751551216017114e-05,0.0006976201721592518,0.000697621272430802,5.637455964307019e-07,2.631986841195033e-06,
core_N128_s2,sine,2,128,7,0.001,76,599980,3.9375590273883456e-07,0.0003543687726260516,0.0035083713640335634,0.003509004021737386,6.326577038223702e-07,9.763111020181871e-05,2.392450115082409e-05,2.3929094849569172e-05,5.66847470217656e-07,-6.346307643428917e-07,3.9375590273883456e-07,0.0003543687726260516,0.0035083713640335634,0.003509004021737386,6.326577038223702e-07,9.763111020181871e-05,0.0006976201721592518,0.000697621272430802,5.66847470217656e-07,1.0591488817379702e-06,
core_N128_s2,sine,2,128,7,0.01,76,599980,4.1304488057964515e-07,0.00036261556702882016,0.0036793309381342315,0.0036800011670156813,6.702288814497415e-07,9.88423300267913e-05,2.4683845845824613e-05,2.4688728316964733e-05,5.989621608899438e-07,-5.733218081394043e-07,4.1304488057964515e-07,0.00036261556702882016,0.0036793309381342315,0.0036800011670156813,6.702288814497415e-07,9.88423300267913e-05,0.0006976201721592518,0.000697621272430802,5.989621608899438e-07,1.0502636820786115e-06,
core_N128_s2,sine,2,128,7,0.1,76,599980,6.872796645648052e-07,0.0004687755262365455,0.005421532876701982,0.005422643742020006,1.110865318024179e-06,0.00011753456011471437,3.2813233746822095e-05,3.2822216047363815e-05,1.0690259540817848e-06,-2.2425222928612598e-08,6.872796645648052e-07,0.0004687755262365455,0.005421532876701982,0.005422643742020006,1.110865318024179e-06,0.00011753456011471437,0.0006976201721592518,0.000697621272430802,1.0690259540817848e-06,1.2926179834699125e-06,
core_N128_s2,sine,2,128,7,1.0,76,599980,0.01644462883057754,1.1009884296507124,0.09201337740655359,0.06308326414385738,0.028930113262696205,1.9086463455355722,7.054400639212948e-05,0.00012552661747406354,0.06166184068474741,-0.012656568557196907,0.01644462883057754,1.1009884296507124,0.09201337740655359,0.06308326414385738,0.028930113262696205,1.9086463455355722,0.0007124237320404364,0.000712421844048379,0.06166184068474741,0.012656568557196907,599980
core_N128_s2,sine,2,128,7,10.0,76,599980,0.003460102345662379,0.9807522463984789,0.06325313687192873,0.050512181401677084,0.012740955470251641,3.773857246550772,1.7120464333418807e-05,1.5992887352012936e-05,0.03469051340843586,0.026834873065902515,0.01840737911403353,1.0613880186058313,0.06325313687192873,0.050512181401677084,0.012740955470251641,4.7756551553100826,0.0006976201721592518,0.000697621272430802,0.050944533634274175,0.041825567394302515,301760
core_N128_s2,sine,2,128,7,100.0,76,599980,0.0014305855606341637,1.0460778719167767,0.05190255958996971,0.028079987384787106,0.023822572205182607,2.20475063289833,1.785872104446313e-05,1.593486798678359e-05,0.05342854018233789,-0.018336889765370956,0.02788456911830582,1.0739156926735405,0.05190255958996971,0.028079987384787106,0.028631543752157887,4.452888264265319,0.0007438466670197554,0.0007438451518732554,0.05342854018233789,0.018336889765370956,107640
core_N128_s2,runge,2,128,7,0.0001,76,599980,0.0023057068879607165,0.9714368704033806,0.09827937729149978,0.05165319629417901,0.04662618099732077,3.300410809494772,3.444287399948516e-05,1.5947427825480326e-05,0.0066139868872162515,0.016832971423889995,0.00763481458025807,1.0752925151046313,0.09827937729149978,0.05165319629417901,0.04662618099732077,3.300410809494772,0.000156260438648806,0.00015545258222787438,0.04829566940887254,0.017928785293172544,151780
core_N128_s2,runge,2,128,7,0.001,76,599980,0.002328928417724274,0.9764693777195825,0.09732328548365517,0.0515749154556361,0.04574837002801907,3.303377604952283,3.340779883889157e-05,1.5907124714349296e-05,0.006753364258445869,0.01685602478081387,0.0076508737924438405,1.0792761372270083,0.09732328548365517,0.0515749154556361,0.04574837002801907,3.303377604952283,0.00015642994885620834,0.00015573294204869736,0.04817926686012262,0.017611522692455597,151780
core_N128_s2,runge,2,128,7,0.01,76,599980,0.0025374978660044393,1.0068451619297207,0.08969440015931764,0.05084133479806051,0.03885306536125713,3.353075702317766,2.614763970204394e-05,1.5517008796445174e-05,0.007891567250509341,0.016348979317574078,0.008124913811378125,1.237398761901195,0.08969440015931764,0.05084133479806051,0.03885306536125713,3.353075702317766,0.00015796471708546704,0.00015648240314870365,0.04694037325276813,0.016348979317574078,151780
core_N128_s2,runge,2,128,7,0.1,76,599980,0.0027481567398211144,1.0629471431844304,0.06307056010995969,0.04607256638020503,0.016997993729754662,3.7319871517711545,1.2304066875719981e-05,1.2466377777150703e-05,0.013245218637786847,0.004150496980476676,0.008521661685149262,1.4240137162694355,0.06307056010995969,0.04607256638020503,0.017399102285124257,3.7319871517711545,0.0001545786686597015,0.00012974540115490553,0.05052482807539506,0.004150496980476676,151780
core_N128_s2,runge,2,128,7,1.0,76,599980,0.0019344750334599294,1.0584678924133908,0.04545140444849845,0.03607117103878976,0.009380233409708685,3.317989294147511,1.3792502322597954e-05,6.485614610604501e-06,0.01980996598575683,-7.618851560979578e-05,0.01019453997148571,1.4134917950119983,0.04545140444849845,0.03607117103878976,0.009380233409708685,3.317989294147511,0.0001761549048003288,0.00018956670408176704,0.02144944994413867,0.0034275792527517085,127820
core_N128_s2,runge,2,128,7,10.0,76,599980,0.0009913576676211747,1.038669231731335,0.039867999992337574,0.023323396539508573,0.016544603452829,2.688170392608353,4.600970734046786e-06,6.016034532709419e-07,0.029763345417326347,-0.003343756116131219,0.008620607486484683,1.5355578515625063,0.039867999992337574,0.023323396539508573,0.016544603452829,2.688170392608353,0.0002491685968846657,0.0002529564918848864,0.030132297965862778,0.006143125580101605,64280
core_N128_s2,runge,2,128,7,100.0,76,599980,0.0012676610170952347,1.0071297369138894,0.03219770437286153,0.014464649235313487,0.01773305513754804,2.2555883829976144,1.0707589074893044e-05,1.7456209584695358e-06,0.030121124376622014,-0.001535266352980666,0.006043404279716187,1.489263483060976,0.03219770437286153,0.014845901780165219,0.01773305513754804,2.2555883829976144,0.0003633608009714964,0.0003622714824235332,0.032654146557559716,0.003448356036616973,27220
core_N128_s2,moment3,2,128,7,0.0001,76,599980,0.00902462131300951,1.1922881248207886,0.16142805692726714,0.05858277456262702,0.10284528236464012,7.51438934370294,0.0001575081832996023,0.00021432920996644172,0.22585562843001883,-0.03477432799928033,0.018925299917306855,1.821205907881045,0.16142805692726714,0.05858277456262702,0.12279901224322352,7.51438934370294,0.0016111130807438389,0.001611113168997597,0.2507347211792186,0.09053437971684958,301760
core_N128_s2,moment3,2,128,7,0.001,76,599980,0.009038060794774183,1.2331771268455567,0.17617060428781028,0.059023915075636216,0.11714668921217407,7.8635821420511265,0.00015315291718171695,0.000209468753945219,0.20571195712973914,-0.053414810022137105,0.019209452996743582,1.7784500520464335,0.17617060428781028,0.059023915075636216,0.13396543370811795,7.8635821420511265,0.0016112452297461146,0.001611245317429531,0.2504616189679152,0.10286480667854,301760
core_N128_s2,moment3,2,128,7,0.01,76,599980,0.005672917399641363,1.3188388423917277,0.23314546071458736,0.06026316730363161,0.17288229341095573,7.574730695423308,0.00011088989247802039,0.0001801947948404714,0.12235341092397449,-0.14628161240319554,0.022103725828143843,2.1708346938873433,0.23314546071458736,0.06026316730363161,0.19182004930468996,7.574730695423308,0.00161256634700407,0.0016125664289910974,0.24700384307852555,0.1758529141060225,254120
core_N128_s2,moment3,2,128,7,0.1,76,599980,0.004378434129306341,2.3586070121031977,0.2176963422545921,0.03311864376774097,0.18457769848685113,6.331263306334194,7.388151016997218e-05,0.00015762623113426872,0.056792710935956954,-0.21091242528111875,0.03557340754901317,2.5345483498257884,0.2176963422545921,0.03311864376774097,0.20179686213592374,6.331263306334194,0.0016257395027925207,0.0016257395285105645,0.25117877111607306,0.23300586309366866,254120
core_N128_s2,moment3,2,128,7,1.0,76,599980,0.0009650312654728391,1.2277506102875837,0.13503266957693755,0.10350881981691805,0.0315238497600195,0.5690973436917803,2.5446809314267607e-05,3.539299955032464e-05,0.03159693278674877,-0.04475184682299957,0.040797605869560966,1.2277506102875837,0.13503266957693755,0.10350881981691805,0.06162386059158963,1.6221683953712258,0.0017772884205987647,0.001777286390460324,0.082265780618918,0.060116614777269706,151780
core_N128_s2,moment3,2,128,7,10.0,76,599980,0.0004883514252668098,0.9268079906647019,0.07418350426320298,0.06303829155917619,0.011145212704026797,0.30314459326890364,9.133074871903549e-06,6.655576913100131e-06,0.01743824771707189,-0.015730512750781522,0.0419242924658276,1.0463227689722763,0.07418350426320298,0.06303829155917619,0.02257183621857936,0.6078268355315021,0.002378165750041323,0.002378162954069419,0.07777124360594519,0.026230950480805107,76340
core_N128_s2,moment3,2,128,7,100.0,76,599980,0.013536278116366962,0.9998371185247273,0.04993248036505092,0.028751865721116182,0.02118061464393474,0.6474473872624186,-0.00040741692767714123,-1.653984140590566e-07,0.05910720360243487,-0.030781386069092656,0.02863053512214585,1.0000211174424123,0.04993248036505092,0.028773424819473356,0.02118061464393474,0.6474473872624186,0.002140049622115262,0.0021400466012435867,0.12217393027038859,0.030781386069092656,32340
core_N128_s2,moment5,2,128,7,0.0001,76,599980,2.449459140621846e-07,0.01441282042135278,0.004429286908158872,0.004425692188301189,3.594719857683004e-06,0.0002815670439345886,2.1925561461902422e-07,2.1615451169763112e-07,7.077911838964247e-07,1.1607778099831378e-08,4.6114496993702446e-07,0.01441282042135278,0.004429286908158872,0.004425692188301189,3.594719857683004e-06,0.0002815670439345886,0.0016164341343002614,0.0016164335441021841,7.077911838964247e-07,3.42468318981215e-08,
core_N128_s2,moment5,2,128,7,0.001,76,599980,2.4481213289343176e-07,0.014408577890801216,0.004426757693041877,0.004423165975010759,3.5917180311179076e-06,0.0002814185692589035,2.1913971122123473e-07,2.1604113887091848e-07,7.07572561721046e-07,1.4159451500184161e-08,4.6114496993702446e-07,0.014408577890801216,0.004426757693041877,0.004423165975010759,3.5917180311179076e-06,0.0002814185692589035,0.00161656885694352,0.001616568266453464,7.07572561721046e-07,2.623356330777593e-08,
core_N128_s2,moment5,2,128,7,0.01,76,599980,2.434887738594675e-07,0.014366763970171947,0.004401378622711491,0.004397816571162214,3.5620515492773563e-06,0.00027995148117338734,2.1799284156628156e-07,2.149192794253761e-07,7.053894875251651e-07,3.905272845383667e-08,4.6114496993702446e-07,0.014366763970171947,0.004401378622711491,0.004397816571162214,3.5620515492773563e-06,0.00027995148117338734,0.0016179157016097323,0.0016179151082060291,7.053894875251651e-07,3.905272845383667e-08,
core_N128_s2,moment5,2,128,7,0.1,76,599980,2.3160009251739957e-07,0.014004605552403888,0.004188376955749973,0.00418489971501694,3.4772407330324606e-06,0.00026689974442210514,2.2197992848122828e-07,2.189736340634223e-07,6.841319445135864e-07,-6.792530491864235e-06,4.6114496993702446e-07,0.014004605552403888,0.004188376955749973,0.00418489971501694,3.4772407330324606e-06,0.00026689974442210514,0.0016313452303075473,0.001631344608373964,6.841319445135864e-07,6.792530491864235e-06,
core_N128_s2,moment5,2,128,7,1.0,76,599980,1.8010886848276197e-07,0.012910194678744517,0.0028293781683355057,0.0028267385616416313,2.639606693874419e-06,0.0002124547542194447,1.9640571535362007e-07,1.9411022472225107e-07,5.521660511553269e-07,5.331907368635869e-06,4.6114496993702446e-07,0.013239219418636235,0.0028293781683355057,0.0028267385616416313,2.639606693874419e-06,0.0002124547542194447,0.0017933272122356853,0.0017933256833327714,5.521660511553269e-07,5.331907368635869e-06,
core_N128_s2,moment5,2,128,7,10.0,76,599980,1.4146352498577188e-07,0.013125983593243563,0.0008349961574390802,0.0008333585652302994,1.6375922087807915e-06,0.00017050397320057762,1.401280063682715e-07,1.386576624844265e-07,4.065242162331977e-07,3.8626893419935193e-07,4.6114496993702446e-07,0.013508579427273404,0.0008349961574390802,0.0008333585652302994,1.6375922087807915e-06,0.00017050397320057762,0.0024026518503876956,0.0024026505391290657,4.065242162331977e-07,1.0166016773671682e-06,
core_N128_s2,moment5,2,128,7,100.0,76,599980,1.7649445417302135e-07,0.016386232717046666,0.00025243690296135324,0.00025049842561701563,1.938477344337608e-06,0.00017376823241804963,1.8930780548402514e-07,1.8719101983485178e-07,5.503545467828798e-07,8.001151202002843e-07,4.6114496993702446e-07,0.016386232717046666,0.00025243690296135324,0.00025049842561701563,1.938477344337608e-06,0.00017376823241804963,0.002167657105489239,0.002167655870497007,5.503545467828798e-07,8.001151202002843e-07,
core_N128_s2,moment9,2,128,7,0.0001,76,599980,2.8762640334720845e-09,0.000298547504746841,0.004024552927047481,0.004024493075329538,5.985171794287147e-08,4.432843998208446e-06,-1.2695785351784938e-07,-1.2700225254734748e-07,5.880215941821277e-08,1.7417392969565348e-07,3.797859474882348e-07,0.0003446941012442698,0.004183947253866074,0.004183946572276873,5.985171794287147e-08,4.432843998208446e-06,0.001616413073790369,0.0016164123269108046,1.3208196284846917e-07,1.7417392969565348e-07,
core_N128_s2,moment9,2,128,7,0.001,76,599980,2.874596542901138e-09,0.0002984092452036703,0.004021767801320852,0.004021708023019835,5.977830101755455e-08,4.430234835717811e-06,-1.2681256357710881e-07,-1.268569117953658e-07,5.876497007510651e-08,1.7408184850575825e-07,3.797859474882348e-07,0.00034453591357740246,0.004180987499180819,0.004180986824904406,5.977830101755455e-08,4.430234835717811e-06,0.0016165477880793033,0.0016165470409878506,1.3202258169537144e-07,1.7408184850575825e-07,
core_N128_s2,moment9,2,128,7,0.01,76,599980,2.8581256568192114e-09,0.00029705261940847754,0.003994097983274436,0.00399403679918231,6.118409212607645e-08,4.4044600279156425e-06,-1.2904730680088445e-07,-1.2909236605904368e-07,5.839776910611958e-08,-6.528831641983146e-10,3.797859474882348e-07,0.00034298133279230447,0.004156046410632053,0.004156045234848457,6.118409212607645e-08,4.4044600279156425e-06,0.0016178945492261309,0.0016178938000216971,1.314315859828612e-07,1.854111215948695e-08,
core_N128_s2,moment9,2,128,7,0.1,76,599980,2.7113618903143518e-09,0.00028567698327304546,0.0037854312562574655,0.0037853736016712908,5.765458617468244e-08,4.174562870008045e-06,-1.216442551841894e-07,-1.2168651609238145e-07,5.5135184427201454e-08,9.309587961636723e-10,3.797859474882348e-07,0.0003299329134045327,0.003938486292293347,0.003938485116258453,5.765458617468244e-08,4.174562870008045e-06,0.0016313232451193162,0.001631322475366797,1.2657028024415538e-07,1.1977594763235011e-08,
core_N128_s2,moment9,2,128,7,1.0,76,599980,2.008238450939855e-09,0.0002458720572759132,0.0025032385508631655,0.0025032018358676356,3.671499552992952e-08,3.069246406134448e-06,-8.285044290561318e-08,-8.28771836490624e-08,3.979386807075359e-08,1.249847765144585e-07,3.797859474882348e-07,0.00028397940259970576,0.0026095660623075417,0.0026095657546152257,3.671499552992952e-08,3.069246406134448e-06,0.0017932581160759757,0.0017932568380380073,1.0174657841021153e-07,1.249847765144585e-07,
core_N128_s2,moment9,2,128,7,10.0,76,599980,1.0607456588356748e-09,0.0002049350910744837,0.0006231875229897321,0.000623170463603967,1.7059385765128e-08,1.7326238822118236e-06,-4.5156851869219315e-08,-4.516793417059766e-08,1.980561264409689e-08,1.0686299650730646e-08,3.797859474882348e-07,0.000251215118855496,0.0006873519258390609,0.000687352016703599,1.7059385765128e-08,1.7326238822118236e-06,0.0024025636249313076,0.0024025627922068544,7.69068048892245e-08,2.9859120523334504e-08,
core_N128_s2,moment9,2,128,7,100.0,76,599980,4.2847556737793395e-10,0.00026300128864593,3.093570486120689e-05,3.092683624231207e-05,8.868618894819491e-09,7.625488924713817e-07,-2.365635513177111e-08,-2.366163578156948e-08,1.3238679160784453e-08,4.386895124941503e-09,3.797859474882348e-07,0.00026300128864593,6.924978388023195e-05,6.924979475032844e-05,8.868618894819491e-09,7.625488924713817e-07,0.002167563558623152,0.0021675628630880763,7.538098418347443e-08,4.386895124941503e-09,
core_N128_s4,sine,4,128,1,0.0001,76,599980,0.00045193399486784003,1.0000000000000062,-0.006035718752172764,-0.0005924199937183405,0.0054432987584544235,0.555963694590902,6.245496974846602e-06,2.546447861578993e-18,0.0005019131852733112,0.0031791280604098054,0.009301234372801908,1.0000072288946906,0.007079936790065577,0.0010070332669408072,0.006487516796347237,0.555963694590902,0.00201192832100836,0.0021022928944123224,0.0038969462289037997,0.0031791280604098054,1740
core_N128_s4,sine,4,128,1,0.001,76,599980,0.0004525545751492147,1.0000000000000067,-0.006017780985993676,-0.0005894787112943056,0.00542830227469937,0.5559665171635287,6.281973964445546e-06,2.5590471484838837e-18,0.0005019814616186381,0.003239607995148233,0.009301234372801908,1.0000079025003026,0.0070692216750308096,0.0010051783570384776,0.006479742963736504,0.5559665171635287,0.00201192832100836,0.0021022928944123224,0.00389569446223564,0.003239607995148233,1740
core_N128_s4,sine,4,128,1,0.01,76,599980,0.00045888158693995455,1.0000000000000235,-0.005840523567041761,-0.0005610025990741146,0.005279520967967646,0.5560274987731246,6.646754715330306e-06,5.546068288355684e-18,0.0005026228181814792,0.0034670691717449548,0.009301234372801908,1.0000136012402898,0.006974615924443109,0.0009868004549785508,0.006413613325368994,0.5560274987731246,0.00201192832100836,0.0021022928944123224,0.003883426281778273,0.0034670691717449548,1740
core_N128_s4,sine,4,128,1,0.1,76,599980,0.0005325852728819114,1.000000000000015,-0.00408480592483762,-0.000343442567611027,0.003741363357226593,0.559768250018487,9.015239931715583e-06,1.0162296004916255e-18,0.0005062674223851741,0.005584412187409862,0.009301234372801908,1.0007079355034054,0.006209773161690649,0.0008344251897311056,0.005866330594079622,0.559768250018487,0.00201192832100836,0.0021022928944123224,0.0038053156151401993,0.005584412187409862,1460
core_N128_s4,sine,4,128,1,1.0,76,599980,0.005888833510815755,0.9999999999999919,0.011447998623746458,0.000274566741715887,0.011173431882030571,0.9035973546403766,0.00011741248614918493,4.445890853192749e-18,0.0019871522288841016,-0.005279784823771658,0.009301234372801908,1.0265467074826786,0.011447998623746458,0.0003449990104466144,0.011173431882030571,0.9035973546403766,0.00201192832100836,0.0021022928944123224,0.0033607694269105113,0.005279784823771658,880
core_N128_s4,sine,4,128,1,10.0,76,599980,0.0014628043089099253,1.0000000000000004,0.038234298048338236,9.77703212908243e-05,0.03813652772704741,4.197463130019952,7.178996350850078e-06,4.745627677650778e-19,0.06354811566161533,0.006629240602725434,0.041328918114734554,1.1133321839688295,0.038234298048338236,9.77703212908243e-05,0.03813652772704741,4.833898489110111,0.00201192832100836,0.0021022928944123224,0.11158365088000345,0.01996764572755988,160
core_N128_s4,sine,4,128,1,100.0,76,599980,0.007313598929931715,1.0,0.032568397411370506,1.0430681419537624e-05,0.03255796672995097,2.837248229292396,8.813364719294322e-05,-0.0,0.09137323828942061,-0.0002849485586525896,0.028158255367304846,1.054035218192485,0.03292588251351285,1.0430681419537624e-05,0.03291545183209331,3.791043621988778,0.00201192832100836,0.0021022928944123224,0.11879482783392349,0.011947073255184376,15
core_N128_s4,runge,4,128,1,0.0001,76,599980,0.002376019854669519,0.9999999999999998,0.09937118863441495,-0.0007369115038452639,0.10010810013826021,4.728633700165948,3.8703537195219404e-05,-3.997966849698275e-20,0.1054378532000066,0.023183332698187134,0.007282944808353751,1.000000151219447,0.09937118863441495,0.000736911503845486,0.10010810013826021,4.728633700165948,0.0005237149134114306,0.0005574572525227358,0.1054378532000066,0.023183332698187134,380
core_N128_s4,runge,4,128,1,0.001,76,599980,0.002386651743345377,1.0,0.09850970607655447,-0.0007360855533487393,0.09924579162990321,4.713860871590651,3.801688550697256e-05,-2.844858233022544e-20,0.10569899909051363,0.02324941344291119,0.007298475728493435,1.0000001698825014,0.09850970607655447,0.0007360855533489336,0.09924579162990321,4.713860871590651,0.0005237149134114306,0.0005574572525227358,0.10569899909051363,0.02324941344291119,380
core_N128_s4,runge,4,128,1,0.01,76,599980,0.0024783712494759707,0.9999999999999993,0.09195913513303115,-0.0007263760641955108,0.09268551119722666,4.601639740169713,3.393094539855625e-05,-2.3719912373391674e-19,0.10716268691987445,0.020950386922938657,0.007432939007852188,1.000001423678879,0.09195913513303115,0.0007263760641955108,0.09268551119722666,4.601639740169713,0.0005237149134114306,0.0005574572525227358,0.10716268691987445,0.020950386922938657,380
core_N128_s4,runge,4,128,1,0.1,76,599980,0.0029944830360879447,0.9999999999999916,0.06995923749702655,-0.0006393355710072046,0.07059857306803376,4.307876900925804,1.8731599041534165e-05,-1.9280140731939227e-18,0.10679234099965781,0.013562523405973845,0.008802062348101904,1.0000409341031997,0.06995923749702655,0.0006393355710072046,0.07059857306803376,4.307876900925804,0.0005237149134114306,0.0005574572525227358,0.10990205144984025,0.01553730364571787,380
core_N128_s4,runge,4,128,1,1.0,76,599980,0.0017834335555425005,0.9999999999999983,0.04687966433848302,-0.00031267074189146593,0.04719233508037449,4.365006336349558,1.1397188429197072e-05,-7.415248157455398e-20,0.09411439652658497,0.003740834976747029,0.011858374865729398,1.0012156944838315,0.04687966433848302,0.0003126707418916602,0.04719233508037449,4.365006336349558,0.0005237149134114306,0.0005574572525227358,0.11167194708142583,0.01072484598500914,140
core_N128_s4,runge,4,128,1,10.0,76,599980,0.0009843751194795725,0.9999999999999998,0.041235759960259674,-4.4973260202474385e-05,0.04128073322046215,3.7980600353857343,8.247849706549902e-06,-2.0741960685649512e-19,0.08416455111672036,-0.0019757994168131537,0.0149177270306976,1.003745513853313,0.041235759960259674,4.4973260202474385e-05,0.04128073322046215,3.7980600353857343,0.0005237149134114306,0.0005574572525227358,0.11145204598716962,0.0024144545583016652,20
core_N128_s4,runge,4,128,1,100.0,76,599980,0.0013020257967326931,0.9999999999999998,0.03264757881844009,-4.84810395812163e-06,0.03265242692239821,3.188723928114694,1.289503587177896e-05,-1.3357539429552139e-20,0.08509923203683774,-0.0010033764180776839,0.019103323672647776,1.0039103850690094,0.03264757881844009,4.84810395812163e-06,0.03265242692239821,3.188723928114694,0.0005237149134114306,0.0005574572525227358,0.10959528021793345,0.0025594349265296162,2
core_N128_s4,moment3,4,128,1,0.0001,76,599980,0.007287710766057641,1.0000000000000195,0.15776722818668693,0.004270175910432314,0.1534970522762546,9.561962565512607,0.00013169814722101232,1.2448443126869251e-17,0.055172695188660366,-0.04762782310893472,0.020758190006191106,1.0000017761540811,0.15776722818668693,0.004270175910432453,0.1534970522762546,9.561962565512607,0.0017745389980991877,0.0018342158638290362,0.055172695188660366,0.04762782310893472,1240
core_N128_s4,moment3,4,128,1,0.001,76,599980,0.005798458822607436,1.0000000000000135,0.1749919214652474,0.004266775395960529,0.17072514606928685,9.748793548946024,0.00013868992827658822,1.2463108600606453e-17,0.0768322056631074,-0.06915654517266834,0.021169403409788165,1.0000042801395002,0.1749919214652474,0.0042667753959606675,0.17072514606928685,9.748793548946024,0.0017746452632221546,0.001834322686015314,0.0768322056631074,0.06915654517266834,1240
core_N128_s4,moment3,4,128,1,0.01,76,599980,0.004121147061115984,0.9999999999998722,0.22263456626471206,0.004232843625799482,0.21840172263891258,8.271242617306948,8.15923193443666e-05,2.4615348394617064e-17,0.15863863160636682,-0.16982744402698852,0.02508661673431418,1.0000261489311628,0.22263456626471206,0.004232843625799579,0.21840172263891258,8.33548805870928,0.0017757064473547025,0.0018353893497525104,0.15863863160636682,0.16982744402698852,1240
core_N128_s4,moment3,4,128,1,0.1,76,599980,0.001776874360554947,0.9999999999999916,0.23315716214565058,0.003903547166485319,0.22925361497916524,6.919376021823479,6.91398523591317e-05,1.9841366545118093e-18,0.22994894127659332,-0.21314841177458593,0.04166096464281166,1.001329351442601,0.23315716214565058,0.003903547166485319,0.22925361497916524,6.919376021823479,0.0017861722928448004,0.0018459009917519648,0.22994894127659332,0.21314841177458593,1040
core_N128_s4,moment3,4,128,1,1.0,76,599980,0.0006674501777908135,1.0,0.16771033965412324,0.002272844782764516,0.16543749487135873,4.3845568026088895,1.0051089225328585e-05,-0.0,0.2632423383805711,-0.15731029795008966,0.04114921792114759,1.0425557906210394,0.16771033965412324,0.0022728447827646964,0.16543749487135873,4.3845568026088895,0.0019130850655406369,0.0019679059206746765,0.2632423383805711,0.15731029795008966,620
core_N128_s4,moment3,4,128,1,10.0,76,599980,0.00025666639237499953,1.0,0.08794820247216138,0.0004533276301798561,0.08749487484198153,1.9521526198970351,6.377507889089536e-06,-0.0,0.25948077057484664,-0.08660564537294395,0.044679700079266006,1.0978783024230054,0.08794820247216138,0.0004533276301798561,0.08749487484198153,2.1220737014615847,0.0019268420018666828,0.001978030721630827,0.25948077057484664,0.08660564537294395,120
core_N128_s4,moment3,4,128,1,100.0,76,599980,0.008311121429359249,1.0,0.04938799203553269,4.719664383004418e-05,0.04934079539170265,1.2905196726512245,5.387339636457608e-05,-0.0,0.2702316020639823,-0.050330979698762435,0.164058351907063,1.0839326555747326,0.04938799203553269,4.719664383004418e-05,0.04934079539170265,1.4211597443820658,0.00227007862844716,0.0020395601486004607,0.2702316020639823,0.050330979698762435,11
core_N128_s4,moment5,4,128,1,0.0001,76,599980,1.7481271047208418e-05,0.9999999999999218,0.004602619929381699,0.004270175910432342,0.00033244401894935716,0.024002760425610933,2.0065932232160091e-07,1.3041226132910642e-17,0.0007273164844223189,0.00034475487949457706,0.004274434085724681,1.000000000744188,0.004602619929381699,0.004270175910432453,0.00033244401894935716,0.024002760425610933,0.0017912200859422644,0.0018342158638290362,0.004797552598488059,0.0014276128793076492,1460
core_N128_s4,moment5,4,128,1,0.001,76,599980,1.7471472726836438e-05,0.9999999999999091,0.00459911480217759,0.004266775395960529,0.00033233940621706093,0.023986733010859376,2.0049539255280919e-07,1.3056589962540088e-17,0.0007269156319619193,0.0004096089561593935,0.004274434085724681,0.9999999999999841,0.00459911480217759,0.0042667753959606675,0.00033233940621706093,0.023986733010859376,0.0017913291351692286,0.0018343226860153136,0.004795818971022433,0.001426859132280675,1460
core_N128_s4,moment5,4,128,1,0.01,76,599980,1.737472108746776e-05,0.9999999999995864,0.004564121353056061,0.004232843625799482,0.0003312777272565792,0.02382879277723967,1.988801453614432e-07,2.521572274570528e-17,0.0007229531428257325,-4.781812302438737e-05,0.004274434085724681,0.9999999999997717,0.004564121353056061,0.004232843625799565,0.0003312777272565792,0.02382879277723967,0.0017924181422246627,0.0018353893497525104,0.004778661382612118,0.0014897340673981213,1460
core_N128_s4,moment5,4,128,1,0.1,76,599980,1.6517336186184056e-05,0.9999999999997984,0.004223228489738537,0.003903547166485319,0.0003196813232532181,0.02245169441976813,1.84828628456705e-07,1.9841366545118093e-18,0.0006874559399487403,-0.00013123696940942065,0.004274434085724681,0.9999999999998268,0.004223228489738537,0.003903547166485319,0.0003196813232532181,0.02245169441976813,0.0018031604124343192,0.0018459009917519648,0.004624129574740316,0.0008130652981329228,1240
core_N128_s4,moment5,4,128,1,1.0,76,599980,1.2857848934640945e-05,0.9999999999994558,0.002494675913459199,0.002272844782764488,0.00022183113069471072,0.016817307615638464,1.4635021720782986e-07,7.365955362845813e-19,0.0005213714947385801,0.00039036025502996174,0.004274434085724681,0.9999999999995083,0.002494675913459199,0.0022728447827646825,0.00022183113069471072,0.016817307615638464,0.0019370663339293144,0.001967905920674676,0.004033488742935497,0.0004703055875392159,740
core_N128_s4,moment5,4,128,1,10.0,76,599980,9.923753920621297e-06,0.9999999999984298,0.0005948507189779129,0.0004533276301798561,0.00014152308879805675,0.012575731414398973,1.2687881457440927e-07,9.021043542423887e-19,0.00033181160112160074,0.0002457569263712017,0.004274434085724681,1.0000000000015108,0.0005948507189779129,0.0004533276301798561,0.00014152308879805675,0.012575731414398973,0.00195446180652113,0.0019780307216308263,0.003657141094408471,0.0002457569263712017,120
core_N128_s4,moment5,4,128,1,100.0,76,599980,9.216129126547267e-06,1.0000000000021931,0.0002217386726877102,4.719664383004418e-05,0.000174542028857666,0.010780215692646873,1.793860290623699e-07,-9.11703932542813e-19,0.00024178763426297751,-5.1472650960310284e-05,0.004274434085724681,1.0000000000022577,0.0002217386726877102,4.719664383004418e-05,0.000174542028857666,0.010780215692646873,0.0020171207751201,0.0020395601486004594,0.003758415999186692,5.1472650960310284e-05,11
core_N128_s4,moment9,4,128,1,0.0001,76,599980,1.3633731738377122e-05,1.0000000000003348,0.004175524285644952,0.004270175910432342,9.465162478738964e-05,0.023225341124210756,-1.6057431949750394e-07,1.3041226132910642e-17,0.0007166255832310634,0.0006232228917395777,0.004282168222230327,1.000002557937379,0.004381668396721647,0.004270175910432453,0.0001118668631181069,0.023225341124210756,0.0017911686559650571,0.0018342158638290369,0.004799815429189781,0.0014296521817376562,1460
core_N128_s4,moment9,4,128,1,0.001,76,599980,1.3626477875897773e-05,1.0000000000003526,0.004172474906431689,0.004266775395960529,9.430048952883963e-05,0.023203995927453612,-1.6035346380123694e-07,1.3056589962540092e-17,0.0007162183217370667,0.0006921432172291991,0.004282168222230327,1.0000026246725457,0.004378347036656183,0.0042667753959606675,0.00011194567691531765,0.023203995927453612,0.0017912776958641313,0.0018343226860153149,0.0047980834607703185,0.0014288996702721407,1460
core_N128_s4,moment9,4,128,1,0.01,76,599980,1.3554641272145946e-05,1.0000000000010136,0.00414195941655135,0.0042328436257995095,9.088420924815988e-05,0.022993820736199797,-1.581886147822123e-07,2.5215722745705285e-17,0.0007121926726820558,0.0006689102534910701,0.004282168222230327,1.0000115807601198,0.004345163220334972,0.004232843625799579,0.00011269081314829732,0.022993820736199797,0.001792366609689662,0.0018353893497525106,0.004780942369731895,0.0014892073060902428,1460
core_N128_s4,moment9,4,128,1,0.1,76,599980,1.2901424336620938e-05,1.0000000000003053,0.0038390532623109735,0.003903547166485319,6.44939041743453e-05,0.021174891598632607,-1.4022111346575627e-07,1.9841366545118093e-18,0.0006761469197931324,-0.0012705646302548224,0.004282168222230327,1.000223851465496,0.0040200447109173115,0.003903547166485319,0.0001167895079955128,0.021174891598632607,0.0018031079524808559,0.0018459009917519656,0.004626175330755012,0.0012705646302548224,1240
core_N128_s4,moment9,4,128,1,1.0,76,599980,9.677006601002674e-06,1.0000000000006262,0.0022132313594806913,0.002272844782764488,5.961342328379693e-05,0.013982712434939265,-9.279861594414624e-08,7.365955362845816e-19,0.0005081270449077861,0.0006247673682295285,0.004282168222230327,1.0019267743463554,0.002335564689630032,0.0022728447827646825,6.28293505507832e-05,0.013982712434939265,0.0019369816572643876,0.0019679059206746774,0.004035548015325326,0.0006247673682295285,740
core_N128_s4,moment9,4,128,1,10.0,76,599980,5.472821970320862e-06,1.0000000000020624,0.0003878611039161428,0.00045332763017987,6.546652626372718e-05,0.008347838858607244,-5.220551780760848e-08,9.021043542423889e-19,0.00031662908218363616,0.00023442156219122268,0.004282168222230327,1.014894290927717,0.00046545584243476434,0.00045332763017987,6.546652626372718e-05,0.008347838858607244,0.001954375479886485,0.001978030721630827,0.003658510364223353,0.00023442156219122268,120
core_N128_s4,moment9,4,128,1,100.0,76,599980,1.5970749483286624e-06,0.9999999999861887,5.8542150919993485e-06,4.719664383005806e-05,4.134242873805871e-05,0.003399802492113579,-2.5062014257765745e-08,-9.117039325428133e-19,0.00019548128029349434,-8.491886310808827e-05,0.004282168222230327,1.0127472338078614,4.8479291376121725e-05,4.719664383005806e-05,4.134242873805871e-05,0.003399802492113579,0.0020170378033317043,0.002039560148600462,0.003759846297288914,8.491886310808827e-05,11
core_N128_s4,sine,4,128,3,0.0001,76,599980,0.0001759882810280223,0.38941146943258387,-0.006035718752172764,-0.005047160394857003,0.0009885583573157608,0.0718446290139767,6.245496974846602e-06,9.841135193044566e-06,6.575258564097432e-05,0.0006490894781317896,0.00039121167308675764,0.38941146943258387,0.007079936790065577,0.006908103163059218,0.0009885583573157608,0.0718446290139767,0.00201192832100836,0.002008379360125974,0.00013560468877655193,0.0006980179264123171,4880
core_N128_s4,sine,4,128,3,0.001,76,599980,0.00017660305313024757,0.39023592474348495,-0.006017780985993676,-0.005027251383045328,0.000990529602948348,0.07197615730698535,6.281973964445546e-06,9.888536867173092e-06,6.594355082776985e-05,0.0006561418175565631,0.00039121167308675764,0.39023592474348495,0.0070692216750308096,0.006899594283221511,0.000990529602948348,0.07197615730698535,0.00201192832100836,0.002008379360125974,0.00013555108810621043,0.0007099227582728768,4880
core_N128_s4,sine,4,128,3,0.01,76,599980,0.0001828794231892506,0.39853292961433423,-0.005840523567041761,-0.004830068245531241,0.00101045532151052,0.07330615842303437,6.646754715330306e-06,1.0364538209374608e-05,6.789201142946148e-05,0.0008433842863682095,0.00039121167308675764,0.39853292961433423,0.006974615924443109,0.006816200342361287,0.00101045532151052,0.07330615842303437,0.00201192832100836,0.002008379360125974,0.00013501475307499617,0.0008433842863682095,4880
core_N128_s4,sine,4,128,3,0.1,76,599980,0.00026079784531616695,0.48968279559242867,-0.00408480592483762,-0.0028282724031640782,0.0012565335216735418,0.08818144582151027,9.015239931715583e-06,1.28901628246139e-05,9.21791098956577e-05,0.0018018874359568282,0.00039121167308675764,0.48968279559242867,0.006209773161690649,0.006038276455635649,0.0012565335216735418,0.08818144582151027,0.00201192832100836,0.002008379360125974,0.00012958662973559668,0.0018018874359568282,4120
core_N128_s4,sine,4,128,3,1.0,76,599980,0.005888833314325068,0.9999999666333351,0.011447998623746458,0.02799773592115186,0.0165497372974054,1.1892427194347974,0.00011741248614918493,1.377716490012264e-12,0.08087594494099172,0.016129821921266274,0.005888833314325068,1.9889635792510094,0.011447998623746458,0.02799773592115186,0.0165497372974054,1.1892427194347974,0.00201192832100836,0.002008379360125974,0.08087594494099172,0.016129821921266274,2060
core_N128_s4,sine,4,128,3,10.0,76,599980,0.0014628043089325955,1.0000000000154983,0.038234298048338236,0.02244667456179157,0.015787623486546665,3.0854974245780866,7.178996350850078e-06,2.635525844997545e-16,0.030226954542804788,0.019641705223611555,0.04132891811424557,8.201520208223291,0.038234298048338236,0.02244667456179157,0.015787623486546665,3.699436869005558,0.00201192832100836,0.002008379360125974,0.03147022009937478,0.022756853734629823,380
core_N128_s4,sine,4,128,3,100.0,76,599980,0.0073135989299346425,1.0000000000004003,0.032568397411370506,0.018395730282932093,0.014172667128438413,2.1783596600216324,8.813364719294322e-05,2.3516641262469503e-16,0.08982246576242933,0.0062774201189987056,0.028158255367281285,1.5096804001742863,0.03292588251351285,0.018395730282932093,0.014530152230580753,3.089842187052843,0.00201192832100836,0.002008379360125974,0.08982246576242933,0.014977018572350967,40
core_N128_s4,runge,4,128,3,0.0001,76,599980,0.0023728748037980837,0.9986763364517958,0.09937118863441495,0.041792672943184075,0.057578515691230875,2.5948817740899934,3.8703537195219404e-05,1.7861644819016292e-07,0.005816111062446998,0.009974768802914383,0.007012263701691952,0.9986922557348793,0.09937118863441495,0.041792672943184075,0.057578515691230875,2.5948817740899934,0.0005237149134114306,0.0005225805956608896,0.06561857983732436,0.009974768802914383,4120
core_N128_s4,runge,4,128,3,0.001,76,599980,0.0023834564823986986,0.9986611951426982,0.09850970607655447,0.04156540210758432,0.056944303968970156,2.586116617660673,3.801688550697256e-05,1.8075800425967854e-07,0.005865634847739765,0.010128906867540352,0.007052389186452391,0.9987643601241982,0.09850970607655447,0.04156540210758432,0.056944303968970156,2.586116617660673,0.0005237149134114306,0.0005225805956608896,0.06626184295412067,0.010128906867540352,4120
core_N128_s4,runge,4,128,3,0.01,76,599980,0.0024739131491102917,0.9982011975136399,0.09195913513303115,0.03965037640967432,0.05230875872335683,2.535984477019227,3.393094539855625e-05,1.889886519448997e-07,0.00667928306308032,0.00854310042263505,0.007312978014648129,1.0112405068339032,0.09195913513303115,0.03965037640967432,0.05230875872335683,2.535984477019227,0.0005237149134114306,0.0005225805956608896,0.07113967727982465,0.00854310042263505,4120
core_N128_s4,runge,4,128,3,0.1,76,599980,0.002987399696528682,0.9976345367551183,0.06995923749702655,0.03165391712926317,0.03830532036776338,2.6298611741367846,1.8731599041534165e-05,1.3430216591030678e-07,0.010644066195667462,0.002402000355422082,0.008769954997330822,1.195148845081624,0.06995923749702655,0.03165391712926317,0.03830532036776338,2.6298611741367846,0.0005237149134114306,0.0005225805956608896,0.07733418539899525,0.00391397507378681,3460
core_N128_s4,runge,4,128,3,1.0,76,599980,0.001783470707387437,1.000020831639518,0.04687966433848302,0.021689900366093195,0.025189763972389825,3.3556368911637664,1.1397188429197072e-05,3.455423049509399e-09,0.020037764756487567,-0.0030305372173969614,0.012016555868970416,1.2720664918222544,0.04687966433848302,0.021689900366093195,0.025189763972389825,3.3556368911637664,0.0005237149134114306,0.0005225805956608896,0.081372790434176,0.004451096289288803,2060
core_N128_s4,runge,4,128,3,10.0,76,599980,0.000984375118601723,0.9999999991082164,0.041235759960259674,0.016706432673262536,0.024529327286997138,3.0254410561581806,8.247849706549902e-06,-1.1378251097684205e-14,0.02988592458589906,-0.0013969405913155652,0.012511047866651104,0.9999999991082164,0.041235759960259674,0.01684088223794275,0.024529327286997138,3.0254410561581806,0.0005237149134114306,0.0005225805956608896,0.05488547022136384,0.001835595234275622,320
core_N128_s4,runge,4,128,3,100.0,76,599980,0.001302025731474286,0.9999999498793284,0.03264757881844009,0.014108855072338139,0.01853872374610195,2.8024698363981817,1.289503587177896e-05,7.65887478956179e-13,0.02895326884259952,-0.0012202960763523646,0.01740688097033692,1.705239590024674,0.03264757881844009,0.014108855072338139,0.01853872374610195,2.8024698363981817,0.0005237149134114306,0.0005225805956608896,0.03128128106045344,0.0027768223394280395,40
core_N128_s4,moment3,4,128,3,0.0001,76,599980,0.007287710765984891,0.999999999990037,0.15776722818668693,0.04467600892656094,0.11309121926012598,7.128015935870877,0.00013169814722101232,1.846963820181564e-15,0.21715694177421924,-0.07383209231791267,0.11393582940573257,8.053489111235455,0.15776722818668693,0.04467600892656094,0.11309121926012598,7.128015935870877,0.0017745389980991877,0.0017708068939145329,0.25956438110760727,0.07383209231791267,3460
core_N128_s4,moment3,4,128,3,0.001,76,599980,0.0057984588225219015,0.9999999999852621,0.1749919214652474,0.0405852660975005,0.13440665536774687,7.34966662316906,0.00013868992827658822,1.7210436514596485e-15,0.1956529796755115,-0.09759152662398535,0.1131464611106092,7.910095496575222,0.1749919214652474,0.0405852660975005,0.13440665536774687,7.34966662316906,0.0017746452632221546,0.0017709130694566427,0.2590179264858576,0.09759152662398535,3460
core_N128_s4,moment3,4,128,3,0.01,76,599980,0.004121147061170814,1.0000000000131768,0.22263456626471206,0.022917907925121023,0.19971665833959104,6.462336062413081,8.15923193443666e-05,7.855397738374179e-16,0.11465033157329443,-0.20830266653806623,0.044034044466233956,2.7492253004976694,0.22263456626471206,0.022917907925121023,0.19971665833959104,6.462336062413081,0.0017757064473547025,0.0017719733607961417,0.2549188516514023,0.20830266653806623,3460
core_N128_s4,moment3,4,128,3,0.1,76,599980,0.0017768743605082369,0.9999999999737038,0.23315716214565058,0.005335709154836651,0.2278214529908139,5.324151271280484,6.91398523591317e-05,6.791744457920627e-16,0.043032676334288006,-0.2632513758845995,0.04166096292423533,3.5524816172909324,0.23315716214565058,0.022297701020770735,0.2278214529908139,5.324151271280484,0.0017861722928448004,0.00178243057652445,0.24541413607272747,0.2632513758845995,2920
core_N128_s4,moment3,4,128,3,1.0,76,599980,0.0006674501778156593,1.000000000037225,0.16771033965412324,0.03009158983140818,0.13761874982271505,3.0019187785619272,1.0051089225328585e-05,6.160694444363343e-16,0.009541719568268516,-0.14917851111499444,0.04113152449184576,1.000000000037225,0.16771033965412324,0.030092962079499894,0.13761874982271505,3.0019187785619272,0.0019130850655406369,0.0019091958363151563,0.2712250741383193,0.14917851111499444,1460
core_N128_s4,moment3,4,128,3,10.0,76,599980,0.00025666639240594266,1.0000000001205578,0.08794820247216138,0.023697153576426475,0.06425104889573491,1.4093547872486993,6.377507889089536e-06,3.427711878862085e-16,0.013537770799392146,-0.07639927781482503,0.04467970007921665,1.0000000001205578,0.08794820247216138,0.023697153576426475,0.06425104889573491,1.4093547872486993,0.0019268420018666828,0.001923054952445097,0.08366264582945884,0.07639927781482503,260
core_N128_s4,moment3,4,128,3,100.0,76,599980,0.008311121429360134,1.0000000000001064,0.04938799203553269,0.017698322428293223,0.03168966960723947,0.9150051358776036,5.387339636457608e-05,1.9779188171671073e-16,0.0540363688919316,-0.04195094124103528,0.22259072949290984,1.356777798298283,0.04938799203553269,0.017698322428293223,0.03168966960723947,0.9150051358776036,0.00227007862844716,0.004610763793207967,0.16489675510654886,0.04195094124103528,40
core_N128_s4,moment5,4,128,3,0.0001,76,599980,1.5779586083191655e-05,0.9026566798591149,0.004602619929381699,0.004149218551769002,0.00045340137761269717,0.018909137209159575,2.0065932232160091e-07,-1.803974009739217e-07,2.4275738991142118e-05,-0.00012738268022374766,0.00022669701392414644,0.9026566798591149,0.004602619929381699,0.004383259980059673,0.00045340137761269717,0.018909137209159575,0.0017912200859422644,0.0017893106233388477,0.00015916115463997374,0.00041017205471512164,5800
core_N128_s4,moment5,4,128,3,0.001,76,599980,1.5770406661056313e-05,0.9026375113090096,0.00459911480217759,0.004146215624849958,0.0004528991773276314,0.018898039444271496,2.0049539255280919e-07,-1.8014620568216765e-07,2.4248584120105867e-05,-0.00013162676678252216,0.00022669701392414644,0.9026375113090096,0.00459911480217759,0.004379944203641475,0.0004528991773276314,0.018898039444271496,0.0017913291351692286,0.0017894197461660701,0.00015908483810486777,0.0003706303138368977,5800
core_N128_s4,moment5,4,128,3,0.01,76,599980,1.5680149328473424e-05,0.9024691245131353,0.004564121353056061,0.004116154460324178,0.0004479668927318825,0.018788918999862216,1.988801453614432e-07,-1.7768404239949249e-07,2.3981015105501813e-05,-0.0007586907771071072,0.00022669701392414644,0.9024691245131353,0.004564121353056061,0.004346814072234598,0.0004479668927318825,0.018788918999862216,0.0017924181422246627,0.0017905094912415516,0.00015832874584198068,0.0007586907771071072,5800
core_N128_s4,moment5,4,128,3,0.1,76,599980,1.4910971152137828e-05,0.902746725262341,0.004223228489738537,0.0038169447771387727,0.00040628371259976426,0.01785906573153927,1.84828628456705e-07,-1.572538352860731e-07,2.1653740276824918e-05,0.0013343296105506885,0.00022669701392414644,0.902746725262341,0.004223228489738537,0.004022122348110044,0.00040628371259976426,0.01785906573153927,0.0018031604124343192,0.0018012593403937576,0.00015147330106517754,0.0013343296105506885,4880
core_N128_s4,moment5,4,128,3,1.0,76,599980,1.2276213488931253e-05,0.9547641717776476,0.002494675913459199,0.0021991140624934152,0.0002955618509657837,0.014691124589365705,1.4635021720782986e-07,-1.0325797370362089e-07,1.2690477891544444e-05,-0.0002707246925653939,0.00022669701392414644,0.9547641717776476,0.002494675913459199,0.0023366582859901674,0.0002955618509657837,0.014691124589365705,0.0019370663339293144,0.0019354623899956803,0.0001234888818014101,0.0002707246925653939,2920
core_N128_s4,moment5,4,128,3,10.0,76,599980,1.1001575782867567e-05,1.1086102971567353,0.0005948507189779129,0.000379543961313053,0.00021530675766485985,0.013193197375900233,1.2687881457440927e-07,-5.729881059295317e-08,1.1618502763708622e-05,-2.2660649802441757e-07,0.00022669701392414644,1.1086102971567353,0.0005948507189779129,0.000465639801898593,0.00021530675766485985,0.013193197375900233,0.00195446180652113,0.0019531357341920712,0.00010231891612791263,4.858294467613433e-06,520
core_N128_s4,moment5,4,128,3,100.0,76,599980,1.0899764854716749e-05,1.182683608820501,0.0002217386726877102,7.987578048845867e-07,0.0002209399148828256,0.012844376051756166,1.793860290623699e-07,-2.8608433441583712e-08,3.5239632122852325e-05,3.265923861031639e-05,0.00022669701392414644,1.1976873244415287,0.0002217386726877102,4.849767084787182e-05,0.0002209399148828256,0.012844376051756166,0.0020171207751201,0.002015862606121809,0.00010341190703144038,3.265923861031639e-05,60
core_N128_s4,moment9,4,128,3,0.0001,76,599980,1.3955392915686792e-06,0.10235930399311663,0.004175524285644952,0.004149218551769085,2.63057338758671e-05,0.0023212741663401477,-1.6057431949750394e-07,-1.803974009738757e-07,3.288529692750303e-05,0.0001510853320208505,0.000219828430785064,0.13064982155860183,0.004381668396721647,0.004383259980059687,2.63057338758671e-05,0.0023212741663401477,0.0017911686559650571,0.0017893106233388494,0.0001554745912509331,0.0001510853320208505,8180
core_N128_s4,moment9,4,128,3,0.001,76,599980,1.3944349006136412e-06,0.10233274609285353,0.004172474906431689,0.004146215624850028,2.6259281581661464e-05,0.0023192851810203453,-1.6035346380123694e-07,-1.801462056803675e-07,3.286241790949022e-05,0.00015090749428711692,0.000219828430785064,0.1306230901914597,0.004378347036656183,0.004379944203641475,2.6259281581661464e-05,0.0023192851810203453,0.0017912776958641313,0.0017894197461660714,0.00015539651740455087,0.00015090749428711692,8180
core_N128_s4,moment9,4,128,3,0.01,76,599980,1.3835395881674923e-06,0.10207128026412574,0.00414195941655135,0.004116154460324262,2.5804956227087894e-05,0.0022996793575444873,-1.581886147822123e-07,-1.7768404239941644e-07,3.263680777142934e-05,-4.1962400591649685e-05,0.000219828430785064,0.1303585825952423,0.004345163220334972,0.004346814072234598,2.5804956227087894e-05,0.0022996793575444873,0.001792366609689662,0.0017905094912415525,0.00015462310023683473,8.983017951444405e-05,8180
core_N128_s4,moment9,4,128,3,0.1,76,599980,1.2876628389890006e-06,0.09980780457971128,0.0038390532623109735,0.0038169447771388143,2.2108485172159242e-05,0.0021284252392439144,-1.4022111346575627e-07,-1.572538352866343e-07,3.065810550439038e-05,0.00019500194970473173,0.000219828430785064,0.12814701915313773,0.0040200447109173115,0.0040221223481100715,2.2108485172159242e-05,0.0021284252392439144,0.0018031079524808559,0.001801259340393759,0.00014816255384966594,0.00019500194970473173,6880
core_N128_s4,moment9,4,128,3,1.0,76,599980,8.727035167008733e-07,0.09018320981727918,0.0022132313594806913,0.0021991140624934707,1.4117296987220529e-05,0.0014193364202065096,-9.279861594414624e-08,-1.0325797370356343e-07,2.222249108017791e-05,-3.631757936556346e-05,0.000219828430785064,0.11913171178006055,0.002335564689630032,0.0023366582859901674,1.4117296987220529e-05,0.0014193364202065096,0.0019369816572643876,0.0019354623899956822,0.00012111938779806516,3.631757936556346e-05,3460
core_N128_s4,moment9,4,128,3,10.0,76,599980,3.871355110901324e-07,0.0707378228618377,0.0003878611039161428,0.0003795439613130669,8.317142603075922e-06,0.0007542030664905729,-5.220551780760848e-08,-5.7298810593844034e-08,1.530840372388168e-05,-1.1561970678017341e-05,0.000219828430785064,0.11355804015356903,0.00046545584243476434,0.00046563980189863463,8.317142603075922e-06,0.0007542030664905729,0.001954375479886485,0.001953135734192074,0.00010095873609041107,1.1561970678017341e-05,620
core_N128_s4,moment9,4,128,3,100.0,76,599980,2.4979104453625565e-07,0.15640533638963647,5.8542150919993485e-06,7.987578048984645e-07,5.055457287100884e-06,0.00032189839056250507,-2.5062014257765745e-08,-2.8608433441554844e-08,1.345115079844985e-05,-7.869735375309883e-07,0.000219828430785064,0.15640533638963647,4.8479291376121725e-05,4.849767084787182e-05,5.055457287100884e-06,0.00032189839056250507,0.0020170378033317043,0.002015862606121811,0.0001019971304997969,1.0505406282668162e-06,80
core_N128_s4,sine,4,128,5,0.0001,76,599980,6.475019615282228e-06,0.014327356845938912,-0.006035718752172764,-0.006063341458973262,2.7622706800498054e-05,0.0032017167639393353,6.245496974846602e-06,6.16491159823876e-06,2.4794418514741472e-06,-2.8248888170059883e-05,1.7638128970949127e-05,0.014327356845938912,0.007079936790065577,0.007084927380538647,2.7622706800498054e-05,0.0032017167639393353,0.00201192832100836,0.0020120643799065446,5.597569106569633e-06,5.371857988284434e-05,
core_N128_s4,sine,4,128,5,0.001,76,599980,6.494347991171598e-06,0.014350419480413712,-0.006017780985993676,-0.006045534515017589,2.775352902391337e-05,0.00320617748683151,6.281973964445546e-06,6.201063400801647e-06,2.4846359269314893e-06,-2.8335141588523016e-05,1.7638128970949127e-05,0.014350419480413712,0.0070692216750308096,0.007074272285837374,2.775352902391337e-05,0.00320617748683151,0.00201192832100836,0.0020120643799065446,5.594745256425067e-06,6.89332648168145e-05,
core_N128_s4,sine,4,128,5,0.01,76,599980,6.6914210698999565e-06,0.014582021289025263,-0.005840523567041761,-0.005869590813038575,2.9067245996813873e-05,0.0032513087679747876,6.646754715330306e-06,6.5625341481065034e-06,2.537569799281473e-06,-2.9200276809859815e-05,1.7638128970949127e-05,0.014582021289025263,0.006974615924443109,0.00697563390147532,2.9067245996813873e-05,0.0032513087679747876,0.00201192832100836,0.0020120643799065446,5.566516702493928e-06,0.00012240475634524295,
core_N128_s4,sine,4,128,5,0.1,76,599980,9.07306971919074e-06,0.017035900504899282,-0.00408480592483762,-0.0041233776154781104,3.8571690640490375e-05,0.003756087700703214,9.015239931715583e-06,8.896992865651866e-06,3.1837828666635773e-06,-3.8237428963902587e-05,1.7638128970949127e-05,0.017035900504899282,0.006209773161690649,0.006212167337304314,3.8571690640490375e-05,0.003756087700703214,0.00201192832100836,0.0020120643799065446,5.285345751317576e-06,6.909413620675986e-05,
core_N128_s4,sine,4,128,5,1.0,76,599980,0.0009469366899388449,0.16080208214405134,0.011447998623746458,0.010690700690688185,0.0007572979330582735,0.04843013522161452,0.00011741248614918493,0.00010233550757300911,0.000377919072268616,-0.0010794640561478663,0.0009469366899388449,0.16080208214405134,0.011447998623746458,0.010690700690688185,0.0007572979330582735,0.04843013522161452,0.00201192832100836,0.0020120643799065446,0.000377919072268616,0.0010794640561478663,599980
core_N128_s4,sine,4,128,5,10.0,76,599980,0.0014625519777126798,0.9998275017405214,0.038234298048338236,0.10862768169731822,0.07039338364897998,3.0421213419798865,7.178996350850078e-06,1.2404032676597148e-07,0.028668675251409568,0.1312311746791745,0.021499725862398778,1.0284912307102272,0.038234298048338236,0.10862768169731822,0.07134988241387924,3.592664075960091,0.00201192832100836,0.0020120643799065446,0.08906087623940506,0.13380281286623244,254120
core_N128_s4,sine,4,128,5,100.0,76,599980,0.007313598929930027,0.9999999999997692,0.032568397411370506,0.05391364499344707,0.021345247582076565,1.42767674795425,8.813364719294322e-05,-4.545485210090986e-16,0.07716555339713807,0.04257293699115049,0.028151727610650188,1.436417591406249,0.03292588251351285,0.053922959157089514,0.02918147816656498,2.304982383924804,0.00201192832100836,0.0020120643799065446,0.08862730584553821,0.051275921214992665,107640
core_N128_s4,runge,4,128,5,0.0001,76,599980,0.0034480834586172165,1.4512014501229034,0.09937118863441495,0.10675401957942045,0.007382830945005497,2.5911032988789353,3.8703537195219404e-05,6.125107937336315e-05,0.056578627869498015,-0.009024421141963918,0.003695665752819172,1.4698802866603615,0.09937118863441495,0.10675401957942045,0.007382830945005497,2.5911032988789353,0.0005237149134114306,0.0005237551820905241,0.0580501246026618,0.009024421141963918,151780
core_N128_s4,runge,4,128,5,0.001,76,599980,0.0034540007703093996,1.4472160758016233,0.09850970607655447,0.10652504616423412,0.008015340087679651,2.603228729808069,3.801688550697256e-05,6.0761513434462985e-05,0.0562973757684833,-0.009529053764196813,0.003708603873794161,1.4784601316735002,0.09850970607655447,0.10652504616423412,0.008015340087679651,2.603228729808069,0.0005237149134114306,0.0005237551820905241,0.0581620020154484,0.009529053764196813,151780
core_N128_s4,runge,4,128,5,0.01,76,599980,0.003439940774976748,1.3879844578184524,0.09195913513303115,0.10419352579487696,0.012234390661845812,2.6919439178390125,3.393094539855625e-05,5.573008151636994e-05,0.05311624546772914,-0.013891548601199746,0.0038021910073776618,1.4927226462472707,0.09195913513303115,0.10419352579487696,0.012234390661845812,2.6919439178390125,0.0005237149134114306,0.0005237551820905241,0.05870205070680436,0.013891548601199746,151780
core_N128_s4,runge,4,128,5,0.1,76,599980,0.003214014700490212,1.073312041429709,0.06995923749702655,0.08466305020189809,0.014703812704871533,2.9914299791717838,1.8731599041534165e-05,2.1074637255151265e-05,0.03380225517866489,-0.0216815703055077,0.004241997217836018,1.469225241896506,0.06995923749702655,0.08466305020189809,0.014703812704871533,2.9914299791717838,0.0005237149134114306,0.0005237551820905241,0.057527577183903514,0.0216815703055077,127820
core_N128_s4,runge,4,128,5,1.0,76,599980,0.0017882877149471104,1.0027218055808815,0.04687966433848302,0.04812905400970226,0.0012493896712192365,3.4175723635051947,1.1397188429197072e-05,8.626208871222479e-08,0.009902095221248568,-0.01347401315933873,0.007103582997547612,1.5777225484135682,0.04687966433848302,0.04812905400970226,0.010726752274703072,3.4175723635051947,0.0005237149134114306,0.0005237551820905241,0.046963393497848505,0.01347401315933873,107640
core_N128_s4,runge,4,128,5,10.0,76,599980,0.0009843261210039978,0.9999502237768862,0.041235759960259674,0.02890777689079911,0.012327983069460563,2.5101219386729263,8.247849706549902e-06,-1.3975745313305033e-09,0.004085731876677849,0.0001310368752771296,0.010439850063954075,4.288852148166257,0.041235759960259674,0.02896789202079937,0.012327983069460563,2.5101219386729263,0.0005237149134114306,0.0005237551820905241,0.03337633588459531,0.0019208147027373196,64280
core_N128_s4,runge,4,128,5,100.0,76,599980,0.0013834927072736147,1.0625693521167974,0.03264757881844009,0.015273154220717539,0.01737442459772255,2.5309579252449272,1.289503587177896e-05,-1.5181854764231503e-06,0.00442222678399028,0.0023632641258183873,0.01451571583924469,10.507260219229224,0.03264757881844009,0.019389448217102326,0.01737442459772255,2.5309579252449272,0.0005237149134114306,0.0005237551820905241,0.029064774829208582,0.0023632641258183873,27220
core_N128_s4,moment3,4,128,5,0.0001,76,599980,0.00722593059931613,0.9915226922795688,0.15776722818668693,0.05945830711256407,0.09830892107412285,7.1725727125153345,0.00013169814722101232,4.7906786492971896e-05,0.04877929698679354,-0.02121184937199866,0.017790800401064063,1.025870304584453,0.15776722818668693,0.05945830711256407,0.09830892107412285,7.1725727125153345,0.0017745389980991877,0.0017747338384580204,0.04877929698679354,0.02121184937199866,254120
core_N128_s4,moment3,4,128,5,0.001,76,599980,0.006117020686983451,1.054939057794817,0.1749919214652474,0.06197191277740148,0.11302000868784591,7.411542069529476,0.00013868992827658822,5.199212955345009e-05,0.06999893846066874,-0.03859757984836337,0.018279906465155454,1.0602882497268402,0.1749919214652474,0.06197191277740148,0.11302000868784591,7.411542069529476,0.0017746452632221546,0.0017748401098804498,0.06999893846066874,0.03859757984836337,254120
core_N128_s4,moment3,4,128,5,0.01,76,599980,0.005030833524298653,1.2207362294263016,0.22263456626471206,0.08372692804092151,0.13890763822379054,6.047097621741953,8.15923193443666e-05,9.46742042331852e-05,0.1479748846955826,-0.10799048460124203,0.022863535069051432,1.2756240268937187,0.22263456626471206,0.08372692804092151,0.13890763822379054,6.130593263174045,0.0017757064473547025,0.001775901356886565,0.1479748846955826,0.10799048460124203,254120
core_N128_s4,moment3,4,128,5,0.1,76,599980,0.0018927318751316604,1.065202986293591,0.23315716214565058,0.16103036996729986,0.07212679217835072,4.595719182247113,6.91398523591317e-05,8.826350923978962e-05,0.1852249430097543,-0.050958391142076565,0.03616996795369027,1.1851804993486128,0.23315716214565058,0.16103036996729986,0.08838926435004067,4.595719182247113,0.0017861722928448004,0.0017863678191336644,0.1852249430097543,0.05698088042070509,214000
core_N128_s4,moment3,4,128,5,1.0,76,599980,0.0008635765715841909,1.2938442453375834,0.16771033965412324,0.1723305248318765,0.0046201851777532554,2.7292432620254976,1.0051089225328585e-05,-6.809045855586041e-06,0.05156080047655172,-0.01355725123160409,0.018112524730695266,1.6886553171645478,0.16771033965412324,0.1729706708699858,0.03557160636389309,2.7292432620254976,0.0019130850655406369,0.0019133001292439625,0.16746037516868928,0.024941798687115463,151780
core_N128_s4,moment3,4,128,5,10.0,76,599980,0.0002562982662667888,0.9985657409027946,0.08794820247216138,0.09598586292387538,0.008037660451714002,0.6391054047649288,6.377507889089536e-06,-6.890885516985592e-06,0.004412757441672348,-1.6481423672332074e-05,0.049974336442749144,1.8144330106199518,0.08794820247216138,0.10287474195006117,0.04215042627052906,1.2771222432168208,0.0019268420018666828,0.0019270494966076967,0.16203504639252356,0.05021281484525694,76340
core_N128_s4,moment3,4,128,5,100.0,76,599980,0.01528662339437048,1.8392973227860794,0.04938799203553269,0.07992825806672142,0.03054026603118873,0.491578307566658,5.387339636457608e-05,-0.00017660858939546722,0.15755494505747383,0.031175864618029514,0.08110922442350267,34.803276946626895,0.04938799203553269,0.07992825806672142,0.03263548450197662,0.846866630028312,0.00227007862844716,0.0019897444584331533,0.51756619500261,0.036893348912949236,27220
core_N128_s4,moment5,4,128,5,0.0001,76,599980,3.6923565388432146e-06,0.21121785303091895,0.004602619929381699,0.004680038012680382,7.741808329868316e-05,0.004173320308047889,2.0065932232160091e-07,2.6776256739694225e-07,4.2223405736791645e-06,5.612864713094856e-05,1.2435928270347135e-05,0.21121785303091895,0.004602619929381699,0.004680038012680382,7.741808329868316e-05,0.004173320308047889,0.0017912200859422644,0.0017913134384411721,6.7921203517540825e-06,0.0001774180482920218,6880
core_N128_s4,moment5,4,128,5,0.001,76,599980,3.6901886766290484e-06,0.21121222774543377,0.00459911480217759,0.004676456937423384,7.734213524579481e-05,0.004170911713571811,2.0049539255280919e-07,2.6753394634741414e-07,4.221325216858796e-06,0.00014569169492122114,1.2435928270347135e-05,0.21121222774543377,0.00459911480217759,0.004676456937423384,7.734213524579481e-05,0.004170911713571811,0.0017913291351692286,0.0017914224862415626,6.787651116115717e-06,0.00017709384628482316,6880
core_N128_s4,moment5,4,128,5,0.01,76,599980,3.6688238616733933e-06,0.21115871979770473,0.004564121353056061,0.0046407177129280525,7.659635987199154e-05,0.0041471741986164,1.988801453614432e-07,2.6528355687346544e-07,4.211215298668013e-06,0.0002079230986516828,1.2435928270347135e-05,0.21115871979770473,0.004564121353056061,0.0046407177129280525,7.659635987199154e-05,0.0041471741986164,0.0017924181422246627,0.0017925114789552694,6.743266062326857e-06,0.0002079230986516828,6880
core_N128_s4,moment5,4,128,5,0.1,76,599980,3.4826521518524115e-06,0.2108482937318172,0.004223228489738537,0.004293529558165643,7.030106842710604e-05,0.003940336311706598,1.84828628456705e-07,2.4587767654433833e-07,4.11517527049228e-06,3.7610502458401696e-05,1.2435928270347135e-05,0.2108482937318172,0.004223228489738537,0.004293529558165643,7.030106842710604e-05,0.003940336311706598,0.0018031604124343192,0.0018032535982585001,6.347190745093232e-06,0.00016130611120952765,6880
core_N128_s4,moment5,4,128,5,1.0,76,599980,2.740032044924959e-06,0.21310190054740932,0.002494675913459199,0.0025476473112128473,5.297139775364834e-05,0.003117482007024748,1.4635021720782986e-07,1.9277822300407534e-07,3.578841536256255e-06,8.030269078461438e-05,1.2435928270347135e-05,0.21310190054740932,0.002494675913459199,0.0025476473112128473,5.297139775364834e-05,0.003117482007024748,0.0019370663339293144,0.001937155356345041,4.681384797718008e-06,8.030269078461438e-05,3460
core_N128_s4,moment5,4,128,5,10.0,76,599980,2.2848499839053074e-06,0.23024049187211929,0.0005948507189779129,0.0006355387436301346,4.0688024652221766e-05,0.00259167109283555,1.2687881457440927e-07,1.6354327436855524e-07,3.451038918713902e-06,-1.5209509208233274e-05,1.2435928270347135e-05,0.23024049187211929,0.0005948507189779129,0.0006355387436301346,4.0688024652221766e-05,0.00259167109283555,0.00195446180652113,0.001954538355224074,3.451038918713902e-06,1.5209509208233274e-05,620
core_N128_s4,moment5,4,128,5,100.0,76,599980,2.8106758356491887e-06,0.30497357372729705,0.0002217386726877102,0.00026719354040161125,4.545486771390106e-05,0.0027924234905166525,1.793860290623699e-07,2.267515314794669e-07,6.8122239967071285e-06,1.612533383180126e-05,1.2435928270347135e-05,0.30497357372729705,0.0002217386726877102,0.00026719354040161125,4.545486771390106e-05,0.0027924234905166525,0.0020171207751201,0.002017193927815813,6.8122239967071285e-06,1.612533383180126e-05,60
core_N128_s4,moment9,4,128,5,0.0001,76,599980,7.921297420746407e-08,0.005810072819939438,0.004175524285644952,0.0041770923065803794,1.5680209354274055e-06,0.00013062578155111925,-1.6057431949750394e-07,-1.594561722777901e-07,1.7430551040788504e-06,-6.942016546773733e-06,1.0725127757379235e-05,0.007281095043828282,0.004381668396721647,0.004381672394783681,1.5680209354274055e-06,0.00013062578155111925,0.0017911686559650571,0.0017912462662065354,6.1250406198567085e-06,6.942016546773733e-06,
core_N128_s4,moment9,4,128,5,0.001,76,599980,7.913375694877815e-08,0.005807352249753121,0.004172474906431689,0.004174040085752631,1.5651793209420228e-06,0.0001304893929185589,-1.6035346380123694e-07,-1.5923718086800347e-07,1.7416090181424905e-06,-6.932310447335666e-06,1.0725127757379235e-05,0.007277944879574543,0.004378347036656183,0.004378350720245047,1.5651793209420228e-06,0.0001304893929185589,0.0017912776958641313,0.001791355303481435,6.121109197979063e-06,6.932310447335666e-06,
core_N128_s4,moment9,4,128,5,0.01,76,599980,7.835391154120816e-08,0.005780596473792385,0.00414195941655135,0.00414349680314996,1.5373865986101354e-06,0.0001291471134430289,-1.581886147822123e-07,-1.5709058994487415e-07,1.727368612381956e-06,3.4424051296444436e-06,1.0725127757379235e-05,0.007246876693176614,0.004345163220334972,0.004345163868261476,1.5373865986101354e-06,0.0001291471134430289,0.001792366609689662,0.0017924441909955423,6.082103569801153e-06,4.595326473746941e-06,
core_N128_s4,moment9,4,128,5,0.1,76,599980,7.161953866484642e-08,0.005551289283740158,0.0038390532623109735,0.0038403643128567394,1.3110505457658572e-06,0.00011758486372194674,-1.4022111346575627e-07,-1.392735895938894e-07,1.6039526175355709e-06,-8.644470747054545e-06,1.0725127757379235e-05,0.006983739758581449,0.0040200447109173115,0.0040200202759550635,1.3110505457658572e-06,0.00011758486372194674,0.0018031079524808559,0.001803185263815635,5.725731218999321e-06,8.644470747054545e-06,
core_N128_s4,moment9,4,128,5,1.0,76,599980,4.509428505780794e-08,0.004659941541546926,0.0022132313594806913,0.002213996017460973,7.646579802816911e-07,7.279034260002559e-05,-9.279861594414624e-08,-9.225734237807791e-08,1.1073093751503013e-06,1.5235305896171836e-06,1.0725127757379235e-05,0.005948093022775995,0.002335564689630032,0.0023355516179257435,7.646579802816911e-07,7.279034260002559e-05,0.0019369816572643876,0.0019370503456052433,4.288443339338615e-06,1.5235305896171836e-06,
core_N128_s4,moment9,4,128,5,10.0,76,599980,2.103752312889715e-08,0.0038439991731920235,0.0003878611039161428,0.00038827050131648444,4.0939740034162675e-07,3.731606366232271e-05,-5.220551780760848e-08,-5.19468152826394e-08,7.555930896070682e-07,3.480437757164001e-07,1.0725127757379235e-05,0.005252521515799827,0.00046545584243476434,0.0004654545816698552,4.0939740034162675e-07,3.731606366232271e-05,0.001954375479886485,0.001954431964863656,3.1970207578788025e-06,3.480437757164001e-07,
core_N128_s4,moment9,4,128,5,100.0,76,599980,1.3915253331999284e-08,0.008712961997412456,5.8542150919993485e-06,6.119132178072917e-06,2.6491708607356834e-07,1.8408660559905373e-05,-2.5062014257765745e-08,-2.4870021552293057e-08,6.571150620348072e-07,1.1347410491802101e-07,1.0725127757379235e-05,0.008712961997412456,4.8479291376121725e-05,4.8479212005403394e-05,2.6491708607356834e-07,1.8408660559905373e-05,0.0020170378033317043,0.0020170914501210775,3.165275564834687e-06,1.1347410491802101e-07,
core_N128_s4,sine,4,128,7,0.0001,76,599980,2.837357429856518e-07,0.000627825625440341,-0.006035718752172764,-0.00603482903812412,8.897140486435751e-07,0.00013682563181671668,6.245496974846602e-06,6.248752030397623e-06,1.2116533892142766e-07,1.5560251727109176e-06,7.90608568495446e-07,0.000627825625440341,0.007079936790065577,0.007079916276252027,8.897140486435751e-07,0.00013682563181671668,0.00201192832100836,0.0020119231131393127,2.49749049344724e-07,2.437854790607319e-06,
core_N128_s4,sine,4,128,7,0.001,76,599980,2.845967971357862e-07,0.0006288673516159942,-0.006017780985993676,-0.006016885720535062,8.952654586141806e-07,0.0001370136890857599,6.281973964445546e-06,6.285243493289113e-06,1.2137887091566956e-07,1.5594117023787213e-06,7.90608568495446e-07,0.0006288673516159942,0.0070692216750308096,0.007069198655353992,8.952654586141806e-07,0.0001370136890857599,0.00201192832100836,0.0020119231131393127,2.49555924281145e-07,2.7444275022270315e-06,
core_N128_s4,sine,4,128,7,0.01,76,599980,2.934157122751622e-07,0.0006394148743945202,-0.005840523567041761,-0.005839572425315756,9.51141726004967e-07,0.00013892352378312082,6.646754715330306e-06,6.650172059155337e-06,1.2357560590072239e-07,1.5934877497514321e-06,7.90608568495446e-07,0.0006394148743945202,0.006974615924443109,0.006974734338077299,9.51141726004967e-07,0.00013892352378312082,0.00201192832100836,0.0020119231131393127,2.476292540225248e-07,5.056464928390736e-06,
core_N128_s4,sine,4,128,7,0.1,76,599980,4.053885322132404e-07,0.0007611711266810266,-0.00408480592483762,-0.004083415817454847,1.3901073827732313e-06,0.00016117888826416081,9.015239931715583e-06,9.020269171773678e-06,1.5300085243927364e-07,1.9602190125256325e-06,7.90608568495446e-07,0.0007611711266810266,0.006209773161690649,0.0062098174143735835,1.3901073827732313e-06,0.00016117888826416081,0.00201192832100836,0.0020119231131393127,2.3185056527847112e-07,2.493443638978965e-06,
core_N128_s4,sine,4,128,7,1.0,76,599980,6.514712377813256e-05,0.011062823164974736,0.011447998623746458,0.011491609967444152,4.361134369769426e-05,0.0029304656755147845,0.00011741248614918493,0.00011836567743412504,5.511998679407936e-05,8.692526700880554e-05,6.514712377813256e-05,0.011062823164974736,0.011447998623746458,0.011491609967444152,4.361134369769426e-05,0.0029304656755147845,0.00201192832100836,0.0020119231131393127,5.511998679407936e-05,8.692526700880554e-05,
core_N128_s4,sine,4,128,7,10.0,76,599980,0.0013979417042230516,0.9556587273555351,0.038234298048338236,0.048906576610312905,0.010672278561974669,3.2776417763940953,7.178996350850078e-06,1.6536085144511534e-05,0.035355805717269366,0.05796439015133359,0.03173638167951206,1.044134055998092,0.038234298048338236,0.048906576610312905,0.010672278561974669,3.8201078511796425,0.00201192832100836,0.0020119231131393127,0.035355805717269366,0.05796439015133359,301760
core_N128_s4,sine,4,128,7,100.0,76,599980,0.007343128040613598,1.0040375622131852,0.032568397411370506,0.030749772751855656,0.0018186246595148503,1.9157140895573332,8.813364719294322e-05,7.991527414704782e-06,0.09349456027965634,0.013671437365808406,0.028313364679095357,1.4497211074812755,0.03292588251351285,0.030749772751855656,0.006491100219229329,2.8326991035325477,0.00201192832100836,0.0020119231131393127,0.09349456027965634,0.021996303736383976,127820
core_N128_s4,runge,4,128,7,0.0001,76,599980,0.0025649787468920784,1.0795274887333977,0.09937118863441495,0.06747981495585743,0.031891373678557516,2.0627475026382687,3.8703537195219404e-05,2.7072149110895646e-05,0.01344076395162357,-0.0008517243989760448,0.005307656699151556,1.0795274887333977,0.09937118863441495,0.06747981495585743,0.031891373678557516,2.0627475026382687,0.0005237149134114306,0.0005237134231496594,0.03961392863649481,0.0026855999899396132,180220
core_N128_s4,runge,4,128,7,0.001,76,599980,0.0025904209512819585,1.0853786936048564,0.09850970607655447,0.06730521415095063,0.031204491925603844,2.0645898587918765,3.801688550697256e-05,2.682895760125818e-05,0.01360591591660282,-0.0007784086203103113,0.005332343091139407,1.0853786936048564,0.09850970607655447,0.06730521415095063,0.031204491925603844,2.0645898587918765,0.0005237149134114306,0.0005237134231496594,0.03939956873323513,0.002709175388136212,180220
core_N128_s4,runge,4,128,7,0.01,76,599980,0.002739864575970077,1.105510151697166,0.09195913513303115,0.06555454144384491,0.02640459368918624,2.096907482452828,3.393094539855625e-05,2.43780348739148e-05,0.014264227690898619,-0.0030836867839877935,0.00552692056694643,1.105510151697166,0.09195913513303115,0.06555454144384491,0.02640459368918624,2.096907482452828,0.0005237149134114306,0.0005237134231496594,0.03710659595564382,0.0030836867839877935,180220
core_N128_s4,runge,4,128,7,0.1,76,599980,0.0031572048000183925,1.0543405195385593,0.06995923749702655,0.054799946308432254,0.015159291188594298,2.541575546180781,1.8731599041534165e-05,1.2596976974783453e-05,0.012244685729286399,-0.006153053718418469,0.00681350164111638,1.0651790911111803,0.06995923749702655,0.054799946308432254,0.015159291188594298,2.541575546180781,0.0005237149134114306,0.0005237134231496594,0.037535834905308346,0.006153053718418469,180220
core_N128_s4,runge,4,128,7,1.0,76,599980,0.0018747117821181327,1.0511811759355751,0.04687966433848302,0.03907835228869007,0.007801312049792952,3.4425651217045177,1.1397188429197072e-05,6.161537997913564e-06,0.019291134683470657,-0.005454496347800639,0.010351466610603136,1.1521635232950167,0.04687966433848302,0.03907835228869007,0.007801312049792952,3.4425651217045177,0.0005237149134114306,0.0005237134231496594,0.020724417932495312,0.005454496347800639,127820
core_N128_s4,runge,4,128,7,10.0,76,599980,0.0010023540067388519,1.0182642642052802,0.041235759960259674,0.023720518302067978,0.017515241658191696,2.6719940341856017,8.247849706549902e-06,-1.159275028428273e-06,0.0305595737954777,-0.0013848568330982747,0.0050208164066880044,1.0182642642052802,0.041235759960259674,0.024185437135015836,0.017515241658191696,2.6719940341856017,0.0005237149134114306,0.0005237134231496594,0.031052357929619273,0.0016595952910760103,76340
core_N128_s4,runge,4,128,7,100.0,76,599980,0.0013129722576828572,1.0084072535103628,0.03264757881844009,0.014053453374291647,0.018594125444148443,2.179649162727486,1.289503587177896e-05,4.6021509363727474e-08,0.030023693663938127,-0.00047790278416384724,0.005948759766305723,1.332719246384516,0.03264757881844009,0.017798927114150084,0.018594125444148443,2.179649162727486,0.0005237149134114306,0.0005237134231496594,0.03255268440863173,0.003052295427294252,32340
core_N128_s4,moment3,4,128,7,0.0001,76,599980,0.010326801567954113,1.41701583658495,0.15776722818668693,0.037637130042648834,0.12013009814403809,7.410130475767503,0.00013169814722101232,0.00027027447693223837,0.22129582441371304,-0.07051878079488776,0.01830175075986936,1.41701583658495,0.15776722818668693,0.037637130042648834,0.12013009814403809,7.410130475767503,0.0017745389980991877,0.0017745294913341571,0.24703185470786804,0.08808801179941361,254120
core_N128_s4,moment3,4,128,7,0.001,76,599980,0.009410795574244518,1.6229822203019149,0.1749919214652474,0.0387820013616204,0.13620992010362698,7.721220811433521,0.00013868992827658822,0.00025981122532915224,0.19981133862191805,-0.09131795131766489,0.01872970587264005,1.6229822203019149,0.1749919214652474,0.0387820013616204,0.13620992010362698,7.721220811433521,0.0017746452632221546,0.0017746357561050175,0.24647017397138077,0.09878201895895501,254120
core_N128_s4,moment3,4,128,7,0.01,76,599980,0.005875891603969176,1.4257903241087606,0.22263456626471206,0.0422217411586646,0.18041282510604745,7.103596663932238,8.15923193443666e-05,0.00020327573031406944,0.11886354502250782,-0.1801652703596503,0.029017115449201852,3.4306870098106117,0.22263456626471206,0.0422217411586646,0.1900174276313773,7.103596663932238,0.0017757064473547025,0.001775696936721657,0.23945908598415505,0.19208360911442537,254120
core_N128_s4,moment3,4,128,7,0.1,76,599980,0.0040996938713356735,2.307250283050535,0.23315716214565058,0.009894665172138467,0.2232624969735121,6.26324204546298,6.91398523591317e-05,0.00011904499876435237,0.047290546722020745,-0.2547514442520824,0.040014572745582774,2.3874423641336384,0.23315716214565058,0.03974839030573825,0.2232624969735121,6.26324204546298,0.0017861722928448004,0.0017861627475623527,0.23332209448984118,0.2547514442520824,254120
core_N128_s4,moment3,4,128,7,1.0,76,599980,0.0007728104125022973,1.1578548305436287,0.16771033965412324,0.11784953086053075,0.04986080879359249,1.8052563605324652,1.0051089225328585e-05,2.881355378069067e-05,0.01172627442539545,-0.04484473471632372,0.026100481484678556,1.3992050347799478,0.16771033965412324,0.11784953086053075,0.065261004589736,1.8052563605324652,0.0019130850655406369,0.00191307413743529,0.0765874724954245,0.06048429428559968,151780
core_N128_s4,moment3,4,128,7,10.0,76,599980,0.0004679609878375342,1.8232265763638626,0.08794820247216138,0.06772556332665376,0.02022263914550762,0.5846869000721457,6.377507889089536e-06,1.1040408118136946e-05,0.013934045255762216,-0.021941814012023997,0.04709818213930492,1.8232265763638626,0.08794820247216138,0.06772556332665376,0.021831817407621995,0.6589485820822224,0.0019268420018666828,0.0019268316963431786,0.08010342681019966,0.022200344104121583,76340
core_N128_s4,moment3,4,128,7,100.0,76,599980,0.008313091458709133,1.0002370353226853,0.04938799203553269,0.0257711682171778,0.023616823818354893,0.7686818089805557,5.387339636457608e-05,-1.1679081407553153e-07,0.05395842661023288,-0.028266971314666628,0.009077053579655672,1.0002370353226853,0.04938799203553269,0.02578560501841924,0.023616823818354893,0.7686818089805557,0.00227007862844716,0.0023619409165687756,0.05395842661023288,0.028266971314666628,27220
core_N128_s4,moment5,4,128,7,0.0001,76,599980,3.935230387669512e-07,0.02251112277272093,0.004602619929381699,0.0045952521631797555,7.367766201943349e-06,0.00045408105648486583,2.0065932232160091e-07,1.9439069791489008e-07,6.014279247228709e-07,1.761315737440483e-05,6.775982384012333e-07,0.02251112277272093,0.004602619929381699,0.0045952521631797555,7.367766201943349e-06,0.00045408105648486583,0.0017912200859422644,0.0017912153482212037,6.014279247228709e-07,1.761315737440483e-05,
core_N128_s4,moment5,4,128,7,0.001,76,599980,3.9324945766421734e-07,0.022508088689063094,0.00459911480217759,0.0045917548231414335,7.35997903615615e-06,0.00045376433293490545,2.0049539255280919e-07,1.9423327748243372e-07,6.01023137305142e-07,1.759591749397882e-05,6.775982384012333e-07,0.022508088689063094,0.00459911480217759,0.0045917548231414335,7.35997903615615e-06,0.00045376433293490545,0.0017913291351692286,0.0017913243974371543,6.01023137305142e-07,1.759591749397882e-05,
core_N128_s4,moment5,4,128,7,0.01,76,599980,3.90554627097875e-07,0.02247832498326648,0.004564121353056061,0.004556837805444067,7.283547611994234e-06,0.00045064496437886685,1.988801453614432e-07,1.9268191649616232e-07,5.970334461710643e-07,-1.875789268573902e-05,6.775982384012333e-07,0.02247832498326648,0.004564121353056061,0.004556837805444067,7.283547611994234e-06,0.00045064496437886685,0.0017924181422246627,0.0017924134043857017,5.970334461710643e-07,1.875789268573902e-05,
core_N128_s4,moment5,4,128,7,0.1,76,599980,3.6716795829748006e-07,0.02222924775270507,0.004223228489738537,0.004216587880536429,6.640609202107628e-06,0.0004236061597413366,1.84828628456705e-07,1.7916757139178076e-07,5.622160366270275e-07,2.1204659486157018e-05,6.775982384012333e-07,0.02222924775270507,0.004223228489738537,0.004216587880536429,6.640609202107628e-06,0.0004236061597413366,0.0018031604124343192,0.0018031556738458496,5.622160366270275e-07,2.1204659486157018e-05,
core_N128_s4,moment5,4,128,7,1.0,76,599980,2.7494476610720857e-07,0.02138341860327174,0.002494675913459199,0.0024898970180650265,4.778895394172422e-06,0.00031754405995811644,1.4635021720782986e-07,1.422363866166889e-07,4.2001266768634037e-07,-6.754496089028672e-06,6.775982384012333e-07,0.02138341860327174,0.002494675913459199,0.0024898970180650265,4.778895394172422e-06,0.00031754405995811644,0.0019370663339293144,0.0019370613985049635,4.2001266768634037e-07,6.754496089028672e-06,
core_N128_s4,moment5,4,128,7,10.0,76,599980,2.171323650032609e-07,0.021880063405414023,0.0005948507189779129,0.0005914061633369161,3.4445556409967715e-06,0.00024975188311982243,1.2687881457440927e-07,1.2384971634675024e-07,3.561774290319001e-07,1.3115657435391892e-06,6.775982384012333e-07,0.021880063405414023,0.0005948507189779129,0.0005914061633369161,3.4445556409967715e-06,0.00024975188311982243,0.00195446180652113,0.001954457523011291,3.561774290319001e-07,1.3115657435391892e-06,
core_N128_s4,moment5,4,128,7,100.0,76,599980,2.490355703107014e-07,0.02702171018783743,0.0002217386726877102,0.00021822459172074482,3.5140809669653716e-06,0.0002586141468773814,1.793860290623699e-07,1.7596924784319377e-07,6.383969294774089e-07,-1.7011635449343254e-06,6.775982384012333e-07,0.02702171018783743,0.0002217386726877102,0.00021822459172074482,3.5140809669653716e-06,0.0002586141468773814,0.0020171207751201,0.0020171166786100824,6.383969294774089e-07,1.7011635449343254e-06,
core_N128_s4,moment9,4,128,7,0.0001,76,599980,4.643639355012823e-09,0.00034059929035739765,0.004175524285644952,0.004175423968716216,1.0031692873613274e-07,7.63245446549624e-06,-1.6057431949750394e-07,-1.6064444724914116e-07,8.630751696551044e-08,3.587216179934405e-07,5.100226143756063e-07,0.0004285204188993344,0.004381668396721647,0.0043816654612825745,1.0031692873613274e-07,7.63245446549624e-06,0.0017911686559650571,0.0017911653650311287,2.62446025020272e-07,3.587216179934405e-07,
core_N128_s4,moment9,4,128,7,0.001,76,599980,4.6381042116202176e-09,0.00034037439856895334,0.004172474906431689,0.004172374776689691,1.0012974199780089e-07,7.623060976247513e-06,-1.6035346380123694e-07,-1.6042346753453569e-07,8.622393546806303e-08,3.58136618167082e-07,5.100226143756063e-07,0.000428239976860144,0.004378347036656183,0.004378344119155525,1.0012974199780089e-07,7.623060976247513e-06,0.0017912776958641313,0.0017912744050131793,2.6222818618824674e-07,3.58136618167082e-07,
core_N128_s4,moment9,4,128,7,0.01,76,599980,4.583706954561219e-09,0.0003381651245898432,0.00414195941655135,0.0041418611174108555,9.829914049408472e-08,7.530751168019072e-06,-1.581886147822123e-07,-1.582574046382862e-07,8.540181886091513e-08,-2.3388838708837678e-07,5.100226143756063e-07,0.0004254792235684642,0.004345163220334972,0.0043451604764604,9.829914049408472e-08,7.530751168019072e-06,0.001792366609689662,0.0017923633196712037,2.600674426846448e-07,2.420301900563082e-07,
core_N128_s4,moment9,4,128,7,0.1,76,599980,4.1209517096326965e-09,0.00031941835274238323,0.0038390532623109735,0.003838969869041864,8.339326910966616e-08,6.7458864464392885e-06,-1.4022111346575627e-07,-1.4027993587331515e-07,7.834728925816567e-08,4.30495819658816e-07,5.100226143756063e-07,0.0004022051592908606,0.0040200447109173115,0.004020043454654024,8.339326910966616e-08,6.7458864464392885e-06,0.0018031079524808559,0.001803104671057109,2.410476080965602e-07,4.30495819658816e-07,
core_N128_s4,moment9,4,128,7,1.0,76,599980,2.430284856377474e-09,0.00025114014659524816,0.0022132313594806913,0.0022131866179548876,4.474152580369317e-08,3.891361640044533e-06,-9.279861594414624e-08,-9.282988658050898e-08,5.111324719939313e-08,-7.226923738612445e-08,5.100226143756063e-07,0.0003148628722962553,0.002335564689630032,0.0023355642499736373,4.474152580369317e-08,3.891361640044533e-06,0.0019369816572643876,0.0019369785636000351,1.6516313680575073e-07,7.226923738612445e-08,
core_N128_s4,moment9,4,128,7,10.0,76,599980,1.185418522268445e-09,0.0002166009654067718,0.0003878611039161428,0.000387839729089956,2.1374826186804086e-08,1.9488019544115436e-06,-5.220551780760848e-08,-5.2219450442678765e-08,3.3246396659726195e-08,-1.0536170061414829e-08,5.100226143756063e-07,0.0002603231366385687,0.00046545584243476434,0.00046545573354336844,2.1374826186804086e-08,1.9488019544115436e-06,0.001954375479886485,0.001954372966680136,1.1079347704310515e-07,1.0809506442721606e-08,
core_N128_s4,moment9,4,128,7,100.0,76,599980,8.136206137529504e-10,0.0005094442277697528,5.8542150919993485e-06,5.839971433690971e-06,1.424365830837715e-08,1.0969645259340736e-06,-2.5062014257765745e-08,-2.507235792088348e-08,2.75300139030054e-08,-6.909487412776194e-09,5.100226143756063e-07,0.0005094442277697528,4.8479291376121725e-05,4.847927794279783e-05,1.424365830837715e-08,1.0969645259340736e-06,0.0020170378033317043,0.002017035420408414,1.0660582707934294e-07,6.909487412776194e-09,
core_N128_s1,sine,1,128,1,0.0001,76,599980,0.006827461034151302,1.0,0.02446364105609672,0.0016855945786007076,0.02277804647749601,1.489138513519572,9.926963340450058e-05,-0.0,0.003615697561995427,-0.004921616546970681,0.006827461034151302,1.0000116894438045,0.02446364105609672,0.0016855945786007354,0.02277804647749601,1.489138513519572,0.000657202408975031,0.0006819197038932122,0.0037520133085070183,0.004921616546970681,1240
core_N128_s1,sine,1,128,1,0.001,76,599980,0.006915358931796664,1.0,0.024580932444041928,0.001683792821645852,0.022897139622396076,1.4960605594966994,0.00010061943385270937,-0.0,0.0036788544087957465,-0.004934298589295699,0.006915358931796664,1.0000132247544034,0.024580932444041928,0.0016837928216461434,0.022897139622396076,1.4960605594966994,0.0006573793981451522,0.0006819197038932122,0.0037510079548216156,0.004934298589295699,1240
core_N128_s1,sine,1,128,1,0.01,76,599980,0.007885607124399974,1.0,0.025849205494177893,0.0016681497905899345,0.02418105570358796,1.5705474002683961,0.00011565265019787351,-0.0,0.004404878577468809,-0.005803335357791095,0.007885607124399974,1.0000266982678416,0.025849205494177893,0.0016681497905901843,0.02418105570358796,1.5705474002683961,0.0006591411028827701,0.0006819197038932122,0.004404878577468809,0.005803335357791095,1240
core_N128_s1,sine,1,128,1,0.1,76,599980,0.022286061633378238,0.9999999999999976,0.05364986378807764,0.001549370066108502,0.052100493721969135,3.0269032195316394,0.0004117911754480035,4.958011846997622e-18,0.035824287326497416,-0.037837319949802675,0.022286061633378238,1.0003059239714662,0.05364986378807764,0.0015493700661086268,0.052100493721969135,3.0269032195316394,0.000675956270485672,0.0006970826390886322,0.035824287326497416,0.037837319949802675,1240
core_N128_s1,sine,1,128,1,1.0,76,599980,0.0042471585851808075,1.0000000000000013,0.07729040084952528,0.0010457760804274407,0.07624462476909784,5.85447859776426,3.778540765709517e-05,3.678147788664083e-18,0.12211367852671673,-0.031606266853653975,0.038340261905526855,1.0120983256071212,0.07729040084952528,0.0010457760804278293,0.07624462476909784,5.85447859776426,0.000794759793600786,0.000773501397712202,0.12552717767052615,0.041271475252495,740
core_N128_s1,sine,1,128,1,10.0,76,599980,0.004341015573358912,0.9999999999999984,0.063163993382734,0.00023556282219273916,0.06292843056054126,5.4815025465036635,-1.068899827503417e-06,2.3453595021449213e-18,0.06929256455348873,-0.016821720153511507,0.04627080553162862,1.04114500305734,0.06355402986464022,0.00023556282219273916,0.06331846704244748,6.280156340150803,0.0008609011145063601,0.0008798196260323839,0.12473533028083347,0.01736906924952017,140
core_N128_s1,sine,1,128,1,100.0,76,599980,0.0019169339257846126,1.0,0.06362219943222931,2.6309732258644747e-05,0.06359588969997067,3.183398445858972,2.8650523695671137e-05,-0.0,0.0488710253720183,-0.035447734644833,0.049672181901242674,1.0260657332368919,0.06362219943222931,2.6309732258644747e-05,0.06359588969997067,5.547618377531616,0.000916622384158875,0.0009290743623614769,0.12425651204045998,0.035447734644833,14
core_N128_s1,runge,1,128,1,0.0001,76,599980,0.0025135308999358545,1.0000000000000107,0.09872177562822183,-0.0001885609366021057,0.09891033656482394,4.8910526799116845,4.046906311371389e-05,-1.73988022448983e-18,0.10090669387773561,0.008050256511343348,0.007025149366712549,1.0000000000000107,0.09872177562822183,0.0001885609366022445,0.09891033656482394,4.8910526799116845,0.00017062207190972627,0.00018267245791833646,0.10090669387773561,0.010077628754496193,0
core_N128_s1,runge,1,128,1,0.001,76,599980,0.0025202665295067503,1.0000000000000102,0.09736903349050323,-0.00018830325719702834,0.09755733674770026,4.881248214489226,3.8742996620128956e-05,-1.7372289411519036e-18,0.10122669442925478,0.007394652695699,0.007048203721870405,1.0000000000000102,0.09736903349050323,0.00018830325719716712,0.09755733674770026,4.881248214489226,0.00017062207190972627,0.00018267245791833646,0.10122669442925478,0.010068618223592271,0
core_N128_s1,runge,1,128,1,0.01,76,599980,0.002582804107421189,1.0000000000000038,0.08666779323575481,-0.00018576771468507836,0.08685356095043989,4.807198287715063,2.729209201037581e-05,-1.7175401497154965e-18,0.10273615114224573,0.007321838192806088,0.007257310980594588,1.0000000000000047,0.08666779323575481,0.00018576771468521713,0.08685356095043989,4.807198287715063,0.00017062207190972627,0.00018267245791833646,0.10273615114224573,0.009966112924711973,0
core_N128_s1,runge,1,128,1,0.1,76,599980,0.002332650583992187,1.0000000000000313,0.056825969597845985,-0.00016398371892872854,0.056989953316774714,4.552252013117576,1.948942276207449e-05,-1.1274447691361768e-18,0.0975430819366906,0.005072527400257973,0.009045080403077693,1.0000000000000313,0.056825969597845985,0.00016398371892895058,0.056989953316774714,4.552252013117576,0.00017062207190972627,0.00018267245791833646,0.10346010559451725,0.009003417685327655,0
core_N128_s1,runge,1,128,1,1.0,76,599980,0.0015096537530231143,1.000000000000013,0.03984948443181387,-7.734421247448942e-05,0.039926828644288356,4.473330185585134,1.0146492821420719e-05,-1.6268852207154227e-19,0.09298878300947641,-0.006041576429254056,0.014642056102349931,1.000000000000013,0.03984948443181387,7.73442124745588e-05,0.039926828644288356,4.473330185585134,0.00017062207190972627,0.00018267245791833646,0.11012284573209595,0.006507167734788197,0
core_N128_s1,runge,1,128,1,10.0,76,599980,0.0008512135036770599,0.9999999999999984,0.033644885066461766,-1.4496989666878957e-05,0.033659382056128645,3.9254110212699738,6.496363108111054e-06,-1.80850986039177e-20,0.08513312183878592,-0.0042333122465018636,0.016665310353916375,1.000000000000001,0.033644885066461766,1.4496989666878957e-05,0.033659382056128645,3.9254110212699738,0.00019784388448291127,0.00018267245791833646,0.11117276148185926,0.005081158934235205,0
core_N128_s1,runge,1,128,1,100.0,76,599980,0.0010978988629842489,1.0000000000000002,0.029614480407707894,-1.5565905562148208e-06,0.02961603699826411,3.4748916518133806,9.852641824472753e-06,-2.21615822203425e-21,0.08493342010487245,-0.0006099206082938735,0.02405032882861869,1.0000000000000002,0.029614480407707894,1.5565905562148208e-06,0.02961603699826411,3.4748916518133806,0.0003783079534186573,0.00018267245791833646,0.11133807611993204,0.0011119223906935066,0
core_N128_s1,moment3,1,128,1,0.0001,76,599980,0.008470287518475653,1.0000000000000338,0.17986334856064573,0.0034962803005539195,0.1763670682600918,9.487353949634267,0.0001632309967309285,2.7361116822838673e-17,0.05493312590409036,-0.06190908336670582,0.02236998299771531,1.000000577661439,0.17986334856064573,0.0034962803005540444,0.1763670682600918,9.487353949634267,0.0014810131617594138,0.0015070600368921275,0.05493312590409036,0.06190908336670582,1240
core_N128_s1,moment3,1,128,1,0.001,76,599980,0.007492978033298965,1.0000000000000198,0.19751944865664867,0.0034941116842249764,0.1940253369724237,9.740029211625124,0.0001881527256509188,2.7399458418148617e-17,0.07551241579053465,-0.08530241858614569,0.022792127075069432,1.0000006714632343,0.19751944865664867,0.0034941116842251013,0.1940253369724237,9.740029211625124,0.0014817219107780188,0.0015077091212997017,0.07551241579053465,0.08530241858614569,1240
core_N128_s1,moment3,1,128,1,0.01,76,599980,0.0027432135173639533,0.9999999999996395,0.2602101075819113,0.0034720627925942243,0.2567380447893171,8.970489786354326,7.854557558138945e-05,2.7778693053967426e-17,0.16561093756223574,-0.19184360411804496,0.026916318719496582,1.0000070131091465,0.2602101075819113,0.0034720627925943492,0.2567380447893171,8.970489786354326,0.001488591433957597,0.0015139820886119536,0.16561093756223574,0.19184360411804496,1240
core_N128_s1,moment3,1,128,1,0.1,76,599980,0.002934911889595844,0.9999999999999978,0.2538796684677347,0.0032261736702826616,0.250653494797452,7.0122062462051655,0.0001127778526845687,6.717048559034178e-19,0.2272716666145764,-0.2453050832073863,0.04152845041501276,1.0002808664612728,0.2538796684677347,0.0032261736702829252,0.250653494797452,7.0122062462051655,0.0014310105155039999,0.0014536007289302673,0.2272716666145764,0.2453050832073863,1240
core_N128_s1,moment3,1,128,1,1.0,76,599980,0.0005061249271336616,1.0,0.11843034963679068,0.0017092758229766414,0.11672107381381404,2.4671348698492452,8.49426174037541e-06,-0.0,0.23715933953971877,-0.14449907837197545,0.07499176232934844,1.012577476780643,0.11843034963679068,0.0017092758229766414,0.11672107381381404,3.129099175617138,0.0021005833689706705,0.0014372277110336297,0.23715933953971877,0.14449907837197545,740
core_N128_s1,moment3,1,128,1,10.0,76,599980,0.0002542133160671335,1.0,0.07014469607224379,0.0004677702317518878,0.0696769258404919,1.4635388946729264,3.029170994007261e-06,-0.0,0.25604048873615615,-0.09524065742563725,0.043498190382131624,1.053682490750016,0.07014469607224379,0.0004677702317518878,0.0696769258404919,2.1215458972789425,0.0017271434558877494,0.001764331301049365,0.25604048873615615,0.09524065742563725,140
core_N128_s1,moment3,1,128,1,100.0,76,599980,0.017537469967391417,1.0,0.050935349243633535,4.780532269250959e-05,0.050887543920941025,1.178475947793879,0.0005164461193021361,-0.0,0.27062022797776675,-0.057859852408890994,0.03111653940705232,1.0189714388872173,0.050935349243633535,4.780532269250959e-05,0.050887543920941025,1.456773290275056,0.0016849153328402308,0.0017260371260683614,0.28020043706088965,0.057859852408890994,15
core_N128_s1,moment5,1,128,1,0.0001,76,599980,2.6281332377338642e-05,0.9999999999997116,0.003999033125888937,0.0034962803005539195,0.0005027528253350178,0.029929058956837732,3.162327884506761e-07,2.7361116822838673e-17,0.0006474160691120764,-0.00018668616581593578,0.01004652132019163,0.9999999999997757,0.003999033125888937,0.0034962803005540444,0.0005027528253350178,0.029929058956837732,0.0015183501107599378,0.001507060036892127,0.004891462117281229,0.0006558805255666711,1740
core_N128_s1,moment5,1,128,1,0.001,76,599980,2.626765138035611e-05,0.9999999999997039,0.003996769644667775,0.0034941116842249764,0.0005026579604427983,0.029910943516798502,3.160488216463209e-07,2.7399458418148617e-17,0.0006468757317821118,-0.0001832776704682182,0.01004652132019163,0.9999999999997677,0.003996769644667775,0.0034941116842251013,0.0005026579604427983,0.029910943516798502,0.0015190639015634554,0.0015077091212997015,0.004888856241089547,0.0006529702533008275,1740
core_N128_s1,moment5,1,128,1,0.01,76,599980,2.6131558140083824e-05,0.9999999999996263,0.003973725893130858,0.003472062792594252,0.0005016631005366062,0.029731600396614693,3.1421386551867353e-07,2.777869305396742e-17,0.0006415399085303283,-2.198996721056168e-05,0.01004652132019163,0.9999999999996865,0.003973725893130858,0.0034720627925943492,0.0005016631005366062,0.029731600396614693,0.0015259822546151484,0.0015139820886119534,0.004863268932451193,0.000634799059488364,1740
core_N128_s1,moment5,1,128,1,0.1,76,599980,2.4847209876105093e-05,0.9999999999999699,0.003712462356325927,0.0032261736702826477,0.00048628868604327913,0.028101978041951813,2.9662576307705074e-07,6.717048559034177e-19,0.0005942567419607617,-0.0005304459794785443,0.01004652132019163,0.9999999999999699,0.003712462356325927,0.0032261736702829114,0.00048628868604327913,0.028101978041951813,0.001469764539288897,0.001453600728930267,0.00466175668407087,0.0009457103010109269,1460
core_N128_s1,moment5,1,128,1,1.0,76,599980,1.7916007436576294e-05,0.9999999999996524,0.0020708371943935627,0.0017092758229766414,0.00036156137141692135,0.02015146523661491,2.603217137531851e-07,7.367157614932768e-19,0.00039434360779934895,-7.971317765356756e-05,0.01004652132019163,0.9999999999996524,0.0020708371943935627,0.0017092758229766414,0.00036156137141692135,0.02015146523661491,0.0013717712557371428,0.0014372277110336297,0.004010510271646861,0.0005385905614550546,880
core_N128_s1,moment5,1,128,1,10.0,76,599980,1.1954726518943243e-05,0.9999999999987392,0.0006987689844448614,0.0004677702317518878,0.00023099875269297354,0.013614765168519281,1.9223968276823177e-07,8.24356962840971e-19,0.0002598617988285279,1.149065488256773e-05,0.01004652132019163,0.9999999999987392,0.0006987689844448614,0.0004677702317518878,0.00023099875269297354,0.013614765168519281,0.0017598069726548029,0.001764331301049365,0.0036963524947727,0.00010338780673462,160
core_N128_s1,moment5,1,128,1,100.0,76,599980,1.1866629866954202e-05,0.9999999999986038,0.00027615620687233833,4.780532269250959e-05,0.00022835088417982874,0.01295964838086575,2.2126919083645032e-07,8.563821095321887e-19,0.0002675849223562111,-0.0001277412161596464,0.01004652132019163,0.9999999999986038,0.00027615620687233833,4.780532269250959e-05,0.00022835088417982874,0.01295964838086575,0.0017175204768702,0.00172603712606836,0.003889739448718515,0.0001277412161596464,16
core_N128_s1,moment9,1,128,1,0.0001,76,599980,9.940449525410027e-06,1.000000000001011,0.0035089222608416237,0.0034962803005539195,1.2641960287704257e-05,0.019012926992725235,-1.1062409525656808e-07,2.7361116822838673e-17,0.0006348284266894246,-0.001244541582366615,0.010054774015253946,1.0000021987090537,0.0036473512156128957,0.0034962803005540444,0.00015124670107716232,0.019012926992725235,0.0015180894601065802,0.0015070600368921275,0.004895270367657699,0.001244541582366615,1740
core_N128_s1,moment9,1,128,1,0.001,76,599980,9.931686042122117e-06,1.0000000000010654,0.0035071523647271785,0.0034941116842249764,1.3040680502202084e-05,0.018991879276649325,-1.1037377818841447e-07,2.7399458418148617e-17,0.0006342721483076472,-0.0012411629788541267,0.010054774015253946,1.0000022695690813,0.003645269523418107,0.0034941116842251013,0.00015133349041782096,0.018991879276649325,0.0015188032538339768,0.0015077091212997017,0.004892667577354585,0.0012411629788541267,1740
core_N128_s1,moment9,1,128,1,0.01,76,599980,9.844864772053036e-06,1.000000000001609,0.0034889802286694332,0.003472062792594252,1.6917436075181147e-05,0.01878429234365872,-1.0792341300316419e-07,2.7778693053967426e-17,0.0006287780320532199,-0.0010800388587051263,0.010054774015253946,1.0000147636612287,0.003624043545469899,0.003472062792594377,0.00015215532438306312,0.01878429234365872,0.0015257216418663958,0.0015139820886119542,0.004867110695278228,0.0010800388587051263,1740
core_N128_s1,moment9,1,128,1,0.1,76,599980,9.053271067456368e-06,1.0000000000001643,0.003270607439185211,0.0032261736702826616,4.443376890254924e-05,0.016960201034021977,-8.786776132530452e-08,6.717048559034178e-19,0.0005800400741443934,-0.001518386098084773,0.010054774015253946,1.0002745890485052,0.0033805699718068988,0.0032261736702829252,0.0001545462834590533,0.016960201034021977,0.001469500970222862,0.001453600728930268,0.004665203612399044,0.001518386098084773,1460
core_N128_s1,moment9,1,128,1,1.0,76,599980,5.283239586472322e-06,1.0000000000027582,0.001707063057456451,0.0017092758229766414,2.2127655201903407e-06,0.009160985355750113,-5.891789637275652e-08,1.4734315229865538e-18,0.0003752236072834908,-3.0058396685808675e-05,0.010054774015253946,1.0069586598350335,0.0017800164878612468,0.0017092758229766414,7.080685991019131e-05,0.009160985355750113,0.0013717359897209161,0.00143722771103363,0.004013944422667844,0.0005395175812716452,880
core_N128_s1,moment9,1,128,1,10.0,76,599980,2.397107633186023e-06,0.9999999999939454,0.00043568352560753587,0.0004677702317518878,3.208670614435194e-05,0.003394461590448214,-3.7437249092823584e-08,-8.243569628409714e-19,0.00024061647188376563,-8.903111586855417e-07,0.010054774015253946,1.013742486633497,0.00048213096528308685,0.0004677702317518878,3.208670614435194e-05,0.003394461590448214,0.001759674736561945,0.0017643313010493663,0.0036984560153519946,0.00010338550089827869,160
core_N128_s1,moment9,1,128,1,100.0,76,599980,1.731070520070348e-06,1.0000000000095643,1.0891023915798881e-05,4.780532269250959e-05,3.691429877671071e-05,0.0022598918515004058,-2.960636571388003e-08,8.563821095321892e-19,0.00021103335846662404,6.044608045414901e-05,0.010054774015253946,1.0300762217828194,4.953728256983092e-05,4.780532269250959e-05,3.691429877671071e-05,0.0022598918515004058,0.0017173979701777407,0.001726037126068362,0.003891566150778344,6.044608045414901e-05,16
core_N128_s1,sine,1,128,3,0.0001,76,599980,0.010848062950086371,1.5888868344797307,0.02446364105609672,0.02607892973298359,0.0016152886768868724,1.321052551575652,9.926963340450058e-05,-9.713364093410114e-05,0.05179644535273311,-0.003111827602177708,0.010848062950086371,1.5888868344797307,0.02446364105609672,0.02607892973298359,0.0024286191543420876,1.321052551575652,0.000657202408975031,0.0006555565885011859,0.05179644535273311,0.003111827602177708,4120
core_N128_s1,sine,1,128,3,0.001,76,599980,0.010053234351248589,1.4537545267569618,0.024580932444041928,0.02572473268105041,0.0011438002370084827,1.3326130140889891,0.00010061943385270937,-0.00010548092450600921,0.05451604070033171,-0.0031243171151859456,0.010053234351248589,1.4537545267569618,0.024580932444041928,0.02572473268105041,0.002437021562446351,1.3326130140889891,0.0006573793981451522,0.000655733860206695,0.05451604070033171,0.0031243171151859456,4120
core_N128_s1,sine,1,128,3,0.01,76,599980,0.00493454831820593,0.6257664426290329,0.025849205494177893,0.02310028114889061,0.0027489243452872847,1.3067718534573558,0.00011565265019787351,-7.219107575867069e-05,0.07132354196224622,-0.008376084572425807,0.00493454831820593,0.6257664426290329,0.025849205494177893,0.02310028114889061,0.0027489243452872847,1.3067718534573558,0.0006591411028827701,0.0006574983932410296,0.07132354196224622,0.008376084572425807,4120
core_N128_s1,sine,1,128,3,0.1,76,599980,0.022286047630597924,0.9999993716799047,0.05364986378807764,0.02374012231979232,0.029909741468285317,0.952112921704068,0.0004117911754480035,-3.1310794315868486e-10,0.0467523839517368,-0.032297556228924676,0.022286047630597924,1.0627091076494697,0.05364986378807764,0.02374012231979232,0.029909741468285317,0.952112921704068,0.000675956270485672,0.0006743421038560491,0.0467523839517368,0.032297556228924676,4120
core_N128_s1,sine,1,128,3,1.0,76,599980,0.004247158585136392,0.9999999999895435,0.07729040084952528,0.02362352619087242,0.05366687465865286,4.256298827005299,3.778540765709517e-05,3.1537308786814795e-16,0.041221742249850604,-0.014701074633097,0.03834025501884932,0.9999999999941772,0.07729040084952528,0.02362352619087242,0.05366687465865286,4.256298827005299,0.000794759793600786,0.0007769360541144304,0.04442217624035828,0.024366283031938024,2060
core_N128_s1,sine,1,128,3,10.0,76,599980,0.004341015573411493,1.000000000012111,0.063163993382734,0.016151376780634094,0.047012616602099905,4.304824708495254,-1.068899827503417e-06,3.0536608707667533e-16,0.02404606604788814,-0.006171242830994572,0.045712179338825064,1.0000000000136895,0.06355402986464022,0.016151376780634302,0.0474026530840061,5.098764459901697,0.0008609011145063601,0.0008595297131790467,0.05452286907337438,0.006718591927003234,380
core_N128_s1,sine,1,128,3,100.0,76,599980,0.0019169339258076087,1.0000000000119964,0.06362219943222931,0.013947511521826633,0.04967468791040268,2.416415009577075,2.8650523695671137e-05,2.1426433203243257e-16,0.049208370364530726,-0.024496134433431502,0.04689206138917265,1.0000000000140008,0.06362219943222931,0.013947511521826633,0.04967468791040268,4.697403164229447,0.000916622384158875,0.000915453834281687,0.049208370364530726,0.024496134433431502,40
core_N128_s1,runge,1,128,3,0.0001,76,599980,0.0024342786907573296,0.9684697692872917,0.09872177562822183,0.03152291979369701,0.06719885583452483,3.321208140911774,4.046906311371389e-05,2.1250732602595103e-06,0.007953477371197863,0.014576603633830176,0.008762237467880258,1.9272387049060355,0.09872177562822183,0.03152291979369701,0.06719885583452483,3.321208140911774,0.00017062207190972627,0.00017023027824397208,0.08170199234481086,0.014674223307942436,3460
core_N128_s1,runge,1,128,3,0.001,76,599980,0.0024416342221658875,0.9688000033249551,0.09736903349050323,0.03129657484243953,0.0660724586480637,3.3096978789129547,3.8742996620128956e-05,2.0962090265102555e-06,0.007911307545159412,0.013643218299348628,0.0088730815773537,1.947402055769779,0.09736903349050323,0.03129657484243953,0.0660724586480637,3.3096978789129547,0.00017062207190972627,0.00017023027824397208,0.08162229464691541,0.014420079371623679,3460
core_N128_s1,runge,1,128,3,0.01,76,599980,0.0025173080637805262,0.974641497799828,0.08666779323575481,0.029481013185256463,0.05718678005049835,3.241325084499472,2.729209201037581e-05,1.7475380940170928e-06,0.00863110703639287,0.01406491290042157,0.009922368561783943,2.130711470695786,0.08666779323575481,0.029481013185256463,0.05718678005049835,3.241325084499472,0.00017062207190972627,0.00017023027824397208,0.08332771421531,0.014778821929543953,3460
core_N128_s1,runge,1,128,3,0.1,76,599980,0.002301137511219973,0.9864904443947153,0.056825969597845985,0.022350815829480564,0.03447515376836542,3.2321315320795065,1.948942276207449e-05,2.620603483926684e-07,0.01727204021487712,0.011363319510929629,0.009262415140004256,1.7739858603158432,0.056825969597845985,0.022350815829480564,0.03447515376836542,3.2321315320795065,0.00017062207190972627,0.00017023027824397208,0.08436550977055178,0.011363319510929629,3460
core_N128_s1,runge,1,128,3,1.0,76,599980,0.0015096557785251592,1.000001341699751,0.03984948443181387,0.01334057673783498,0.026508907693978886,3.473690358789675,1.0146492821420719e-05,3.262220993884001e-11,0.021104802796623807,-0.0024139791145158934,0.01484043830801239,1.5111706045854583,0.03984948443181387,0.01334057673783498,0.026508907693978886,3.473690358789675,0.00017062207190972627,0.00017023027824397208,0.08708727571260207,0.003024234574544621,2060
core_N128_s1,runge,1,128,3,10.0,76,599980,0.000851213503667616,0.9999999999889039,0.033644885066461766,0.010138602888019432,0.023506282178442334,3.2021457103011786,6.496363108111054e-06,5.756772743180718e-18,0.028526808642860606,-0.0015751123736182787,0.016659630384115935,1.0064081228382826,0.033644885066461766,0.010138602888019432,0.023506282178442334,3.2021457103011786,0.00019784388448291127,0.0001905366677737996,0.06626853387917321,0.0024229590616385993,440
core_N128_s1,runge,1,128,3,100.0,76,599980,0.001097898862981289,0.9999999999973043,0.029614480407707894,0.009858138797127436,0.019756341610580458,3.0221602267915495,9.852641824472753e-06,-6.271674909364926e-18,0.028940886291269095,-0.0014998208655129935,0.012529315641012399,1.0098278916211092,0.029614480407707894,0.009858138797127491,0.019756341610580458,3.0221602267915495,0.0003783079534186573,0.00040468280079043024,0.03901038410320215,0.0014998208655129935,40
core_N128_s1,moment3,1,128,3,0.0001,76,599980,0.008470287518395176,0.9999999999905327,0.17986334856064573,0.05506852757771964,0.12479482098292609,6.660842281603687,0.0001632309967309285,1.9255376922079303e-15,0.2173790077479462,-0.08337509842882848,0.10055395228298115,8.815881753143954,0.17986334856064573,0.05506852757771964,0.12479482098292609,6.660842281603687,0.0014810131617594138,0.0014785640274557726,0.2580101576950392,0.08337509842882848,4120
core_N128_s1,moment3,1,128,3,0.001,76,599980,0.007492978033212447,0.9999999999884732,0.19751944865664867,0.05073335771763658,0.14678609093901207,6.973911393404552,0.0001881527256509188,1.853265669655684e-15,0.19694069561638214,-0.10876061554843915,0.10956035940209824,9.491381398974237,0.19751944865664867,0.05073335771763658,0.14678609093901207,6.973911393404552,0.0014817219107780188,0.0014792752195303019,0.2574555617633872,0.10876061554843915,4120
core_N128_s1,moment3,1,128,3,0.01,76,599980,0.0027432135174261262,1.0000000000223037,0.2602101075819113,0.03163020280188547,0.22857990478002585,6.8512167014849705,7.854557558138945e-05,7.93827745263924e-16,0.1076948604936257,-0.22547564566373032,0.06533466294030617,5.003847587225557,0.2602101075819113,0.03163020280188547,0.22857990478002585,6.8512167014849705,0.001488591433957597,0.0014861690846891143,0.2502132413081824,0.22547564566373032,4120
core_N128_s1,moment3,1,128,3,0.1,76,599980,0.002934911889561743,0.9999999999883786,0.2538796684677347,0.022764765149786148,0.23111490331794854,4.870019878376988,0.0001127778526845687,8.391837000454364e-16,0.0457226468642548,-0.2767516720744099,0.041528450147213535,4.571651985893399,0.2538796684677347,0.03506260490345328,0.23111490331794854,4.870019878376988,0.0014310105155039999,0.0014286734417481026,0.24139933003491285,0.2767516720744099,3460
core_N128_s1,moment3,1,128,3,1.0,76,599980,0.0005061249272089764,1.000000000148807,0.11843034963679068,0.019186319328195367,0.09924403030859531,1.715169882265085,8.49426174037541e-06,5.976051954183707e-16,0.03617675679126659,-0.13129224476245355,0.07499176232929407,3.6367573889168647,0.11843034963679068,0.019186319328195867,0.09924403030859531,1.715169882265085,0.0021005833689706705,0.0013583269536582886,0.211815070625586,0.13129224476245355,1740
core_N128_s1,moment3,1,128,3,10.0,76,599980,0.0002542133161026564,1.0000000001397367,0.07014469607224379,0.021862622347707,0.048282073724536786,0.9883830020598443,3.029170994007261e-06,2.925816969590984e-16,0.017073607465496334,-0.08092489378617347,0.043498156400588156,1.0000000001397367,0.07014469607224379,0.021862622366090628,0.048282073724536786,1.1364503080743473,0.0017271434558877494,0.0017254242099306483,0.27137507311341436,0.08092489378617347,380
core_N128_s1,moment3,1,128,3,100.0,76,599980,0.017537469967414555,1.0000000000013194,0.050935349243633535,0.021073529202298907,0.029861820041334627,0.7742643633746654,0.0005164461193021361,2.398971118619127e-16,0.06226844231474503,-0.045157613522204196,0.08024214278298547,2.5787617875270286,0.050935349243633535,0.021073529202298907,0.029861820041334627,0.7742643633746654,0.0016849153328402308,0.0017306616421143431,0.09709797239668083,0.045157613522204196,40
core_N128_s1,moment5,1,128,3,0.0001,76,599980,2.8305498994697878e-05,1.0770191780343843,0.003999033125888937,0.0034936223613633993,0.0005054107645255379,0.031572153408233196,3.162327884506761e-07,-1.2508192129633978e-07,2.3247897914083357e-05,0.001172395971183987,0.00039755323472464405,1.0832094053619903,0.003999033125888937,0.0036513914666005676,0.0005054107645255379,0.031572153408233196,0.0015183501107599378,0.0015179910817358653,0.00015219031071429407,0.001172395971183987,5800
core_N128_s1,moment5,1,128,3,0.001,76,599980,2.8293493154587843e-05,1.0771230645971779,0.003996769644667775,0.003491900338764828,0.0005048693059029469,0.031559459241234315,3.160488216463209e-07,-1.2480014743428577e-07,2.3207249820460136e-05,0.001172312379790999,0.00039755323472464405,1.0833362035454956,0.003996769644667775,0.0036493153454061206,0.0005048693059029469,0.031559459241234315,0.0015190639015634554,0.0015187073359432667,0.00015210527295295422,0.001172312379790999,5800
core_N128_s1,moment5,1,128,3,0.01,76,599980,2.8173931714387252e-05,1.078157359134282,0.003973725893130858,0.0034741964719885166,0.0004995294211423418,0.03143306735252616,3.1421386551867353e-07,-1.2204146013182485e-07,2.2804772618970663e-05,0.0011713508852304183,0.00039755323472464405,1.0846004727327487,0.003973725893130858,0.0036281428820676836,0.0004995294211423418,0.03143306735252616,0.0015259822546151484,0.0015256501718104677,0.0001512672317137275,0.0011713508852304183,5800
core_N128_s1,moment5,1,128,3,0.1,76,599980,2.703438615589508e-05,1.0880250253728698,0.003712462356325927,0.0032596242651574125,0.00045283809116851426,0.030229884186998623,2.9662576307705074e-07,-9.943332459046438e-08,1.9168308875423543e-05,0.0011044978615532691,0.00039755323472464405,1.0968210499867346,0.003712462356325927,0.003385027874638513,0.00045283809116851426,0.030229884186998623,0.001469764539288897,0.0014695718590907927,0.00014393110261109727,0.0011044978615532691,4880
core_N128_s1,moment5,1,128,3,1.0,76,599980,2.052399565954746e-05,1.1455674894195296,0.0020708371943935627,0.0016999911125325645,0.0003708460818609982,0.0233285832274578,2.603217137531851e-07,-6.579408526406937e-08,5.990788433062001e-06,-4.799645170612543e-05,0.00039755323472464405,1.1702875532592008,0.0020708371943935627,0.0017819100106586244,0.0003708460818609982,0.0233285832274578,0.0013717712557371428,0.0013689314530040846,0.00011465392357180153,4.799645170612543e-05,2920
core_N128_s1,moment5,1,128,3,10.0,76,599980,1.412773640925226e-05,1.1817699373421795,0.0006987689844448614,0.0004310933468078676,0.00026767563763699376,0.01632768888551409,1.9223968276823177e-07,-4.126426256883238e-08,1.363998094578488e-05,1.2121488293978522e-05,0.00039755323472464405,1.2141173721168421,0.0006987689844448614,0.0004824782764380753,0.00026767563763699376,0.01632768888551409,0.0017598069726548029,0.001759421647394827,9.513166757028408e-05,1.2121488293978522e-05,620
core_N128_s1,moment5,1,128,3,100.0,76,599980,1.3640110137215103e-05,1.1494510480334932,0.00027615620687233833,7.23784198737587e-06,0.00026891836488496246,0.015280317809885317,2.2126919083645032e-07,-3.2127662151911044e-08,5.2722144579888224e-05,-0.00018070174323725485,0.00039755323472464405,1.2144761902880201,0.00027615620687233833,4.957898812320283e-05,0.00026891836488496246,0.015280317809885317,0.0017175204768702,0.0017170294282540257,9.847895468682245e-05,0.00018070174323725485,60
core_N128_s1,moment9,1,128,3,0.0001,76,599980,1.1000070212647628e-06,0.1106596858073681,0.0035089222608416237,0.0034936223613634687,1.529989947815502e-05,0.0018288402091834808,-1.1062409525656808e-07,-1.2508192129564458e-07,2.9996490633841266e-05,0.00011454055463329393,0.0003891356092725286,0.13148903460844502,0.0036473512156128957,0.0036513914666005814,1.529989947815502e-05,0.0018288402091834808,0.0015180894601065802,0.001517991081735866,0.0001484949146255871,0.00011454055463329393,8180
core_N128_s1,moment9,1,128,3,0.001,76,599980,1.0990045864947074e-06,0.11065639628908894,0.0035071523647271785,0.003491900338764911,1.525202596226738e-05,0.0018271980401124645,-1.1037377818841447e-07,-1.248001474348283e-07,2.9970839943846836e-05,0.00011442707140521535,0.0003891356092725286,0.13148949045526287,0.003645269523418107,0.0036493153454061483,1.525202596226738e-05,0.0018271980401124645,0.0015188032538339768,0.0015187073359432671,0.00014840696694357598,0.00011442707140521535,8180
core_N128_s1,moment9,1,128,3,0.01,76,599980,1.0890884401397211e-06,0.11062502790623463,0.0034889802286694332,0.003474196471988572,1.4783756680861182e-05,0.0018109522362188784,-1.0792341300316419e-07,-1.220414601317443e-07,2.9717881335560258e-05,0.00011330199373583982,0.0003891356092725286,0.13149340377723445,0.003624043545469899,0.0036281428820676836,1.4783756680861182e-05,0.0018109522362188784,0.0015257216418663958,0.001525650171810469,0.0001475401712756516,0.00011330199373583982,8180
core_N128_s1,moment9,1,128,3,0.1,76,599980,9.998595242146581e-07,0.1104417968671014,0.003270607439185211,0.003259624265157496,1.0983174027714981e-05,0.001664505476773869,-8.786776132530452e-08,-9.94333245911086e-08,2.750172367422196e-05,0.00011655774294680454,0.0003891356092725286,0.13164365445719245,0.0033805699718068988,0.003385027874638513,1.0983174027714981e-05,0.001664505476773869,0.001469500970222862,0.001469571859090793,0.00013994900466930268,0.00011655774294680454,6880
core_N128_s1,moment9,1,128,3,1.0,76,599980,5.953205964670116e-07,0.11268097664791989,0.001707063057456451,0.0016999911125325784,7.071944923872642e-06,0.000980964357929551,-5.891789637275652e-08,-6.579408526401079e-08,1.8425286069861437e-05,1.6583292616056955e-06,0.0003891356092725286,0.1342275885552572,0.0017800164878612468,0.0017819100106586244,7.071944923872642e-06,0.000980964357929551,0.0013717359897209161,0.0013689314530040844,0.00011127037530867766,1.946611057160319e-05,4120
core_N128_s1,moment9,1,128,3,10.0,76,599980,2.8770236006857176e-07,0.12002062656003533,0.00043568352560753587,0.00043109334680790923,4.590178799626643e-06,0.00042235051704142475,-3.7437249092823584e-08,-4.126426256795634e-08,1.196608047931915e-05,-2.594777472886278e-07,0.0003891356092725286,0.13688503370319036,0.00048213096528308685,0.0004824782764380753,4.590178799626643e-06,0.00042235051704142475,0.001759674736561945,0.0017594216473948284,9.303330659455488e-05,3.188258996256188e-06,880
core_N128_s1,moment9,1,128,3,100.0,76,599980,2.1610927692082295e-07,0.12484140560264845,1.0891023915798881e-05,7.23784198737587e-06,3.6531819284230105e-06,0.00028819161676818636,-2.960636571388003e-08,-3.212766215279244e-08,9.481022455071674e-06,7.485553376929133e-06,0.0003891356092725286,0.14169264432764964,4.953728256983092e-05,4.957898812320283e-05,3.6531819284230105e-06,0.00028819161676818636,0.0017173979701777407,0.001717029428254027,9.653272079990725e-05,7.485553376929133e-06,100
core_N128_s1,sine,1,128,5,0.0001,76,599980,0.002252426425097742,0.32990688834853715,0.02446364105609672,0.023742905217761054,0.0007207358383356649,0.11265715025607939,9.926963340450058e-05,8.920047245273348e-05,0.002169126201432783,-1.898145787035399e-06,0.002252426425097742,0.32990688834853715,0.02446364105609672,0.023742905217761054,0.0007207358383356649,0.11265715025607939,0.000657202408975031,0.0006572834209255191,0.002169126201432783,5.359099001826795e-05,599980
core_N128_s1,sine,1,128,5,0.001,76,599980,0.002324818122767213,0.3361818447452889,0.024580932444041928,0.023841219278302198,0.0007397131657397304,0.11554879985298493,0.00010061943385270937,9.009670335272742e-05,0.002242865327505773,-2.046556199480909e-06,0.002324818122767213,0.3361818447452889,0.024580932444041928,0.023841219278302198,0.0007397131657397304,0.11554879985298493,0.0006573793981451522,0.0006574603968552897,0.002242865327505773,5.3556146026104146e-05,599980
core_N128_s1,sine,1,128,5,0.01,76,599980,0.00318844501127757,0.40433728956794596,0.025849205494177893,0.024880263341988423,0.0009689421521894698,0.1495846179372434,0.00011565265019787351,9.938996569342252e-05,0.003137416463903416,-0.00024994551466896164,0.00318844501127757,0.40433728956794596,0.025849205494177893,0.024880263341988423,0.0009689421521894698,0.1495846179372434,0.0006591411028827701,0.0006592219692386876,0.003137416463903416,0.00024994551466896164,599980
core_N128_s1,sine,1,128,5,0.1,76,599980,0.021817581399105494,0.9789787786653543,0.05364986378807764,0.037849642734769554,0.015800221053308083,1.4448228984378388,0.0004117911754480035,0.00013720251620736215,0.04032713246930119,-0.011996682339365378,0.021817581399105494,0.9789787786653543,0.05364986378807764,0.037849642734769554,0.015800221053308083,1.4448228984378388,0.000675956270485672,0.0006760358189391091,0.04032713246930119,0.011996682339365378,599980
core_N128_s1,sine,1,128,5,1.0,76,599980,0.01185152659504725,2.7904601058221914,0.07729040084952528,0.12850741937577903,0.05121701852625375,4.815900601337598,3.778540765709517e-05,0.0004202681103771014,0.12267728295525168,0.10053387858408866,0.03642203717881973,2.7904601058221914,0.07729040084952528,0.12850741937577903,0.05121701852625375,4.815900601337598,0.000794759793600786,0.0007783284329654167,0.13391807390886304,0.10053387858408866,425500
core_N128_s1,sine,1,128,5,10.0,76,599980,0.004340302061004681,0.9998356346937302,0.063163993382734,0.09969446899380834,0.03653047561107434,4.428426125944088,-1.068899827503417e-06,7.488225927542148e-07,0.035757542586634446,0.10724661550763667,0.019384855335336296,1.061227505781746,0.06355402986464022,0.09969446899380834,0.04755923801100698,5.199362814043271,0.0008609011145063601,0.0008609660089808543,0.11982562822876132,0.11225905352581549,214000
core_N128_s1,sine,1,128,5,100.0,76,599980,0.0019169339257545904,0.9999999999843384,0.06362219943222931,0.04379692576728754,0.019825273664941773,2.1309363936422043,2.8650523695671137e-05,7.689805192607244e-16,0.008814801061938594,0.013862052901726055,0.08931863753651662,1.7981621526933989,0.06362219943222931,0.043798109645885805,0.024245441387977504,4.326039634457349,0.000916622384158875,0.0026879494694851255,0.09290674097218962,0.04412021749470263,90640
core_N128_s1,runge,1,128,5,0.0001,76,599980,0.0034583674719691703,1.37590012203847,0.09872177562822183,0.1070317862174925,0.008310010589270667,2.923927714512075,4.046906311371389e-05,6.806235995153699e-05,0.05523366686383089,0.0013448266341210269,0.004142095892914151,1.37590012203847,0.09872177562822183,0.1070317862174925,0.008310010589270667,2.923927714512075,0.00017062207190972627,0.0001706350718479798,0.05523366686383089,0.005439389656240981,107640
core_N128_s1,runge,1,128,5,0.001,76,599980,0.003467538211807953,1.3758617079625433,0.09736903349050323,0.10686557319293634,0.00949653970243311,2.964454585787974,3.8742996620128956e-05,6.735170592166101e-05,0.05504290004850761,0.0008823086287574194,0.004194103283854932,1.3758617079625433,0.09736903349050323,0.10686557319293634,0.00949653970243311,2.964454585787974,0.00017062207190972627,0.0001706350718479798,0.05504290004850761,0.004540341003258952,107640
core_N128_s1,runge,1,128,5,0.01,76,599980,0.003475289715341122,1.3455490895943525,0.08666779323575481,0.10512610561575562,0.018458312380000813,3.2861266855553093,2.729209201037581e-05,6.045235791576946e-05,0.05194556433699952,-0.0003849533081292239,0.004651272265928396,1.3554057669438702,0.08666779323575481,0.10512610561575562,0.018458312380000813,3.2861266855553093,0.00017062207190972627,0.0001706350718479798,0.05402228071538639,0.005471705224722276,107640
core_N128_s1,runge,1,128,5,0.1,76,599980,0.0026468744472236383,1.1347067860861353,0.056825969597845985,0.08928358989644374,0.03245762029859775,3.943104796159127,1.948942276207449e-05,2.8107851432743168e-05,0.024938005706983537,-0.009691710929930361,0.006623652907784926,1.5501319272174978,0.056825969597845985,0.08928358989644374,0.03245762029859775,3.943104796159127,0.00017062207190972627,0.0001706350718479798,0.062124590159404955,0.013000968503413049,107640
core_N128_s1,runge,1,128,5,1.0,76,599980,0.0015069800051811515,0.9982288999470317,0.03984948443181387,0.04040339007024164,0.0005539056384277763,3.6293109120949048,1.0146492821420719e-05,1.4970251273148027e-07,0.00876299001620587,-0.016505272515100186,0.007862857253144862,1.4338748396968328,0.03984948443181387,0.04040339007024164,0.008396159571935624,3.6293109120949048,0.00017062207190972627,0.0001706350718479798,0.07220386556191055,0.016505272515100186,90640
core_N128_s1,runge,1,128,5,10.0,76,599980,0.0008512116364977429,0.9999978064500736,0.033644885066461766,0.01819870379981084,0.015446181266650927,2.8040084167129287,6.496363108111054e-06,6.889243580579265e-12,0.004408465434189505,-0.003936221599119008,0.005701896471181234,1.631283235635068,0.033644885066461766,0.01819870379981084,0.015446181266650927,2.8040084167129287,0.00019784388448291127,0.00019314651536399223,0.0437278401602872,0.004784310291355162,45580
core_N128_s1,runge,1,128,5,100.0,76,599980,0.001097891192938217,0.9999930138865334,0.029614480407707894,0.015080129550948881,0.014534350856759012,2.44115108328132,9.852641824472753e-06,-1.0342713821235577e-11,0.004102994760254748,-0.0011154855282335813,0.01005783428315072,4.999613042394967,0.029614480407707894,0.015084590109377974,0.014534350856759012,2.44115108328132,0.0003783079534186573,0.00038431110966726054,0.030862775214020463,0.0011154855282335813,27220
core_N128_s1,moment3,1,128,5,0.0001,76,599980,0.008279114128478128,0.9774301179764853,0.17986334856064573,0.08280125767616466,0.09706209088448108,6.8374701309054595,0.0001632309967309285,7.998602353145965e-05,0.04847224379153395,-0.016938732039114057,0.017742491973098205,0.9878019911907346,0.17986334856064573,0.08280125767616466,0.09706209088448108,6.8374701309054595,0.0014810131617594138,0.001481192790376994,0.04847224379153395,0.016938732039114057,301760
core_N128_s1,moment3,1,128,5,0.001,76,599980,0.007543746724103123,1.006775502420892,0.19751944865664867,0.08423258540927707,0.1132868632473716,7.125338458850395,0.0001881527256509188,7.594039997629417e-05,0.06857743501391489,-0.036462339117640435,0.01821839571650811,1.006775502420892,0.19751944865664867,0.08423258540927707,0.1132868632473716,7.125338458850395,0.0014817219107780188,0.0014819014153485848,0.06857743501391489,0.036462339117640435,301760
core_N128_s1,moment3,1,128,5,0.01,76,599980,0.00450139339309833,1.6409198061338837,0.2602101075819113,0.10072457696147748,0.15948553062043386,6.368734006644199,7.854557558138945e-05,0.00010565700212678507,0.1545261609204054,-0.11192320209661413,0.022815913422565046,1.6409198061338837,0.2602101075819113,0.10072457696147748,0.15948553062043386,6.368734006644199,0.001488591433957597,0.0014887697031811793,0.1545261609204054,0.11192320209661413,301760
core_N128_s1,moment3,1,128,5,0.1,76,599980,0.003070908234813672,1.0463374541838626,0.2538796684677347,0.18023849770989597,0.07364117075783871,4.32326835580247,0.0001127778526845687,9.939926504240239e-05,0.18177721372183292,-0.05464784428737324,0.03793146607354263,1.0463374541838626,0.2538796684677347,0.18023849770989597,0.07364117075783871,4.32326835580247,0.0014310105155039999,0.0014311835758182689,0.18177721372183292,0.06322297485448611,254120
core_N128_s1,moment3,1,128,5,1.0,76,599980,0.0006457584030853678,1.275887371804611,0.11843034963679068,0.173506766459131,0.05507641682234031,1.6620982500832415,8.49426174037541e-06,-7.468910044567786e-06,0.036212031686315316,0.023534167222891977,0.07056015655413343,3.0748271284189186,0.11843034963679068,0.17410309734266483,0.057887973523220934,1.9976110847936481,0.0021005833689706705,0.0013627387171455117,0.1773202054071862,0.040914874224777076,151780
core_N128_s1,moment3,1,128,5,10.0,76,599980,0.00023958676934370487,0.9424634910959345,0.07014469607224379,0.09363735309615041,0.023492657023906627,0.8841519223106769,3.029170994007261e-06,-6.138401159373487e-06,0.0035891515107276265,0.006411457094278428,0.015736872756728377,2.8151741778404427,0.07014469607224379,0.0984923621167237,0.036748932315711996,1.1063344106015787,0.0017271434558877494,0.0017272268847622065,0.18279037407785237,0.0481072679396555,76340
core_N128_s1,moment3,1,128,5,100.0,76,599980,0.012452503195471826,0.7100512912424422,0.050935349243633535,0.09304831661099207,0.042112967367358534,0.7385311431593282,0.0005164461193021361,0.00020588891344078852,0.04036745631261164,0.04752538133287118,0.03245026242567575,53.11547208882145,0.050935349243633535,0.09304831661099207,0.044640059364740414,0.8681708153378922,0.0016849153328402308,0.0020434042417305617,0.24164452629981664,0.05292096153721704,27220
core_N128_s1,moment5,1,128,5,0.0001,76,599980,4.8404146640229505e-06,0.18417691289484445,0.003999033125888937,0.004070426621508194,7.13934956192569e-05,0.004913822380671833,3.162327884506761e-07,3.825607984265476e-07,2.7486472847409e-06,-0.00016536602212248452,1.906439999246207e-05,0.18417691289484445,0.003999033125888937,0.004070426621508194,7.13934956192569e-05,0.004913822380671833,0.0015183501107599378,0.0015184061247292841,5.9962536173056996e-06,0.00016536602212248452,6880
core_N128_s1,moment5,1,128,5,0.001,76,599980,4.83849753779067e-06,0.18419985356618668,0.003996769644667775,0.004068090289090123,7.132064442234853e-05,0.004912301930216662,3.160488216463209e-07,3.823091423101887e-07,2.7495939223018623e-06,-0.00016531650836745793,1.906439999246207e-05,0.18419985356618668,0.003996769644667775,0.004068090289090123,7.132064442234853e-05,0.004912301930216662,0.0015190639015634554,0.0015191197997298236,5.993209655862736e-06,0.00016531650836745793,6880
core_N128_s1,moment5,1,128,5,0.01,76,599980,4.819390512853712e-06,0.18442798117955822,0.003973725893130858,0.004044326980861518,7.060108773065954e-05,0.004897120084209853,3.1421386551867353e-07,3.798057903243283e-07,2.759062251789065e-06,-2.299859720336639e-05,1.906439999246207e-05,0.18442798117955822,0.003973725893130858,0.004044326980861518,7.060108773065954e-05,0.004897120084209853,0.0015259822546151484,0.001526037002787841,5.963012709137296e-06,0.0001134956726349251,6880
core_N128_s1,moment5,1,128,5,0.1,76,599980,4.6364119821554185e-06,0.18659688573782257,0.003712462356325927,0.00377866436227281,6.620200594688319e-05,0.004749312280944097,2.9662576307705074e-07,3.6771698367472636e-07,2.852281664453173e-06,-0.00014044087676866324,1.906439999246207e-05,0.18659688573782257,0.003712462356325927,0.00377866436227281,6.620200594688319e-05,0.004749312280944097,0.001469764539288897,0.001469812523243963,5.681797068987235e-06,0.00014044087676866324,6880
core_N128_s1,moment5,1,128,5,1.0,76,599980,3.6018137347791945e-06,0.20103886133830723,0.0020708371943935627,0.0021215498531877985,5.071265879423581e-05,0.0038457588348269132,2.603217137531851e-07,3.074810688491044e-07,3.2928193398871633e-06,6.327496927985288e-06,1.906439999246207e-05,0.20103886133830723,0.0020708371943935627,0.0021215498531877985,5.071265879423581e-05,0.0038457588348269132,0.0013717712557371428,0.001371894901614298,4.336934964825994e-06,6.327496927985288e-06,3460
core_N128_s1,moment5,1,128,5,10.0,76,599980,2.652610984443826e-06,0.22188805241485052,0.0006987689844448614,0.0007322240399329633,3.3455055488101904e-05,0.002895442740849852,1.9223968276823177e-07,2.2426436853734734e-07,3.6812727360602228e-06,-1.0388616681761276e-06,1.906439999246207e-05,0.22188805241485052,0.0006987689844448614,0.0007322240399329633,3.3455055488101904e-05,0.002895442740849852,0.0017598069726548029,0.0017598325072816763,3.6812727360602228e-06,1.0388616681761276e-06,740
core_N128_s1,moment5,1,128,5,100.0,76,599980,3.2304846728022216e-06,0.2722326986698943,0.00027615620687233833,0.0003164556647476252,4.029945787528688e-05,0.003070623516369023,2.2126919083645032e-07,2.677379584830484e-07,8.601277182694846e-06,-2.624339520806984e-06,1.906439999246207e-05,0.2722326986698943,0.00027615620687233833,0.0003164556647476252,4.029945787528688e-05,0.003070623516369023,0.0017175204768702,0.0017175472459249855,8.601277182694846e-06,2.624339520806984e-06,80
core_N128_s1,moment9,1,128,5,0.0001,76,599980,6.599239233708904e-08,0.006638773444647985,0.0035089222608416237,0.003509935917737378,1.013656895754167e-06,0.00010987790490339876,-1.1062409525656808e-07,-1.0979231942764604e-07,1.5149296944605939e-06,-4.844506931236947e-06,1.7271711191618205e-05,0.007716405664753262,0.0036473512156128957,0.0036472596358168574,1.013656895754167e-06,0.00010987790490339876,0.0015180894601065802,0.0015181126174643633,5.4378005662644975e-06,4.844506931236947e-06,
core_N128_s1,moment9,1,128,5,0.001,76,599980,6.59340695880449e-08,0.006638758948730011,0.0035071523647271785,0.003508163432159511,1.0110674323327018e-06,0.00010978117406773871,-1.1037377818841447e-07,-1.0954367411232022e-07,1.5137448022636588e-06,-4.8398946744521165e-06,1.7271711191618205e-05,0.007716350017986586,0.003645269523418107,0.0036451776044258977,1.0110674323327018e-06,0.00010978117406773871,0.0015188032538339768,0.0015188262967283437,5.434487845596859e-06,4.8398946744521165e-06,
core_N128_s1,moment9,1,128,5,0.01,76,599980,6.535676037000207e-08,0.006638665119671095,0.0034889802286694332,0.0034899659211521106,9.85692482677325e-07,0.0001088231928188817,-1.0792341300316419e-07,-1.0710971780369108e-07,1.502045219666817e-06,-4.794121336762491e-06,1.7271711191618205e-05,0.007715717726053357,0.003624043545469899,0.0036239483417141727,9.85692482677325e-07,0.0001088231928188817,0.0015257216418663958,0.001525743548896413,5.401640522422711e-06,4.794121336762491e-06,
core_N128_s1,moment9,1,128,5,0.1,76,599980,6.013489878369024e-08,0.006642339363930675,0.003270607439185211,0.0032713836553606573,7.762161754465424e-07,0.00010011572389634204,-8.786776132530452e-08,-8.719168194050643e-08,1.3982584861244734e-06,-5.0268618600607384e-06,1.7271711191618205e-05,0.007713526533877447,0.0033805699718068988,0.00338045069848969,7.762161754465424e-07,0.00010011572389634204,0.001469500970222862,0.0014695158539753846,5.136267911502727e-06,5.0268618600607384e-06,
core_N128_s1,moment9,1,128,5,1.0,76,599980,3.611012251526518e-08,0.006834844781187731,0.001707063057456451,0.001707500280120261,4.3722266380996633e-07,5.884743679426522e-05,-5.891789637275652e-08,-5.854030252013934e-08,9.356291936814148e-07,-2.867763454483807e-08,1.7271711191618205e-05,0.007789528439002583,0.0017800164878612468,0.0017799629167623565,4.3722266380996633e-07,5.884743679426522e-05,0.0013717359897209161,0.0013718489244676604,3.890193010327873e-06,7.395710712315706e-07,
core_N128_s1,moment9,1,128,5,10.0,76,599980,1.7609290060079622e-08,0.007346057313483373,0.00043568352560753587,0.0004359147360283311,2.312104207952137e-07,2.542061660251137e-05,-3.7437249092823584e-08,-3.725076520831185e-08,5.529405871813201e-07,6.9879375896864104e-09,1.7271711191618205e-05,0.007920635005637267,0.00048213096528308685,0.00048212164246796974,2.312104207952137e-07,2.542061660251137e-05,0.001759674736561945,0.0017596874464381206,2.897324772813723e-06,1.027178425233588e-07,
core_N128_s1,moment9,1,128,5,100.0,76,599980,1.2992247669015367e-08,0.007505325472593483,1.0891023915798881e-05,1.1065891551462204e-05,1.7486763566332275e-07,1.7378007885510484e-05,-2.960636571388003e-08,-2.9484862517964464e-08,4.283645339531353e-07,-3.711529157207627e-07,1.7271711191618205e-05,0.008209862161973062,4.953728256983092e-05,4.953614055729083e-05,1.7486763566332275e-07,1.7378007885510484e-05,0.0017173979701777407,0.0017174134212090586,2.919952094482377e-06,3.711529157207627e-07,
core_N128_s1,sine,1,128,7,0.0001,76,599980,0.00045487499387552764,0.06662432661280966,0.02446364105609672,0.024254559461785175,0.00020908159431154427,0.01683770961421535,9.926963340450058e-05,8.809613120913497e-05,0.0024110694885818747,0.0003643001842964927,0.00045487499387552764,0.06662432661280966,0.02446364105609672,0.024254559461785175,0.00020908159431154427,0.01683770961421535,0.000657202408975031,0.0006571989975244796,0.0024110694885818747,0.0003643001842964927,599980
core_N128_s1,sine,1,128,7,0.001,76,599980,0.00046580116862460094,0.0673574825571031,0.024580932444041928,0.024355949857540887,0.00022498258650104075,0.017321540551957088,0.00010061943385270937,8.851798248304612e-05,0.0025529538611662387,0.0003344241202101056,0.00046580116862460094,0.0673574825571031,0.024580932444041928,0.024355949857540887,0.00022498258650104075,0.017321540551957088,0.0006573793981451522,0.0006573759872723038,0.0025529538611662387,0.0003344241202101056,599980
core_N128_s1,sine,1,128,7,0.01,76,599980,0.0006292979023621061,0.07980335469857562,0.025849205494177893,0.025374305265451147,0.0004749002287267462,0.021970553820298274,0.00011565265019787351,8.863245565895915e-05,0.004555527793777639,-0.0006868333415625816,0.0006292979023621061,0.07980335469857562,0.025849205494177893,0.025374305265451147,0.0004749002287267462,0.021970553820298274,0.0006591411028827701,0.0006591376977809442,0.004555527793777639,0.0006868333415625816,599980
core_N128_s1,sine,1,128,7,0.1,76,599980,0.02266153791932744,1.0168480322869962,0.05364986378807764,0.03208637330688052,0.021563490481197115,1.43120060886568,0.0004117911754480035,8.136778271452126e-05,0.006950280460068634,-0.020881869092488764,0.02266153791932744,1.0168480322869962,0.05364986378807764,0.03208637330688052,0.021563490481197115,1.43120060886568,0.000675956270485672,0.0006759529224823928,0.006950280460068634,0.020881869092488764,599980
core_N128_s1,sine,1,128,7,1.0,76,599980,0.004640537519038115,1.092621673047456,0.07729040084952528,0.055851543651706595,0.021438857197818684,4.739997988650739,3.778540765709517e-05,5.690900388104328e-05,0.05904148634237935,0.025790200695904486,0.03924515167887139,1.092621673047456,0.07729040084952528,0.055851543651706595,0.026580317990218427,4.739997988650739,0.000794759793600786,0.0007782582706465787,0.07053962320074221,0.025790200695904486,425500
core_N128_s1,sine,1,128,7,10.0,76,599980,0.004273884784189386,0.9845356949232067,0.063163993382734,0.043736292320551276,0.019427701062182723,4.679567746412144,-1.068899827503417e-06,1.4427381227655e-05,0.027912706632838662,0.0319812187362237,0.019378206578050283,1.0608635183292152,0.06355402986464022,0.043736292320551276,0.02270717405923159,5.45968991522009,0.0008609011145063601,0.0008608985327980405,0.051587137672642884,0.03488906333270149,214000
core_N128_s1,sine,1,128,7,100.0,76,599980,0.0016549289417592027,0.8633208059489219,0.06362219943222931,0.028287030485830367,0.035335168946398945,2.379911547025947,2.8650523695671137e-05,1.75271804422689e-05,0.056094772924547016,-0.01903821278852355,0.03199949742308759,1.0470925087414562,0.06362219943222931,0.028287030485830367,0.03821813382976748,4.781460384167219,0.000916622384158875,0.0009166200526109988,0.056094772924547016,0.01903821278852355,90640
core_N128_s1,runge,1,128,7,0.0001,76,599980,0.0023391040579405623,0.9306048547086815,0.09872177562822183,0.052968784108025066,0.04575299152019677,3.606184024932716,4.046906311371389e-05,2.0338121801495465e-05,0.0074279481225684955,0.03426004121350176,0.008682375567245269,1.3443285669168954,0.09872177562822183,0.052968784108025066,0.04575299152019677,3.606184024932716,0.00017062207190972627,0.0001706216360159313,0.05522190352866108,0.03426004121350176,151780
core_N128_s1,runge,1,128,7,0.001,76,599980,0.0023584822500694073,0.9358066785622939,0.09736903349050323,0.052883308673876264,0.044485724816626965,3.610428847207735,3.8742996620128956e-05,2.0290193945103244e-05,0.0074635796669330085,0.03371278374304447,0.00872287743979469,1.3855231849378735,0.09736903349050323,0.052883308673876264,0.044485724816626965,3.610428847207735,0.00017062207190972627,0.0001706216360159313,0.05512036771463303,0.03371278374304447,151780
core_N128_s1,runge,1,128,7,0.01,76,599980,0.0025119123931004197,0.9725524231136746,0.08666779323575481,0.0520704883397146,0.03459730489604021,3.6719488388686243,2.729209201037581e-05,1.9853242760553648e-05,0.008468311537163287,0.034562216848300215,0.01047697474986787,1.8002642012231875,0.08666779323575481,0.0520704883397146,0.03459730489604021,3.6719488388686243,0.00017062207190972627,0.0001706216360159313,0.05397952849705455,0.034562216848300215,151780
core_N128_s1,runge,1,128,7,0.1,76,599980,0.002429571471053117,1.0415496807477833,0.056825969597845985,0.04627225597863606,0.010553713619209926,3.923031825471854,1.948942276207449e-05,1.615321814962582e-05,0.015484009074734083,0.026354307058045992,0.009562463680612409,1.5205338105711594,0.056825969597845985,0.04627225597863606,0.014127723697205788,3.923031825471854,0.00017062207190972627,0.0001706216360159313,0.05296258471414717,0.026354307058045992,151780
core_N128_s1,runge,1,128,7,1.0,76,599980,0.0017193188341347095,1.1388828933069977,0.03984948443181387,0.024911860272156625,0.014937624159657242,3.4899134392227076,1.0146492821420719e-05,7.887323067220255e-06,0.01898061843246674,-0.011018363237608575,0.013544770400847946,1.1388828933069977,0.03984948443181387,0.024911860272156625,0.014937624159657242,3.4899134392227076,0.00017062207190972627,0.0001706216360159313,0.03501009106991165,0.011018363237608575,107640
core_N128_s1,runge,1,128,7,10.0,76,599980,0.0008643398645478627,1.0154207620228044,0.033644885066461766,0.014044891720242106,0.01959999334621966,2.9346500318689905,6.496363108111054e-06,-1.1165680287795345e-06,0.028918868740531456,-0.001285010829715355,0.007520842825640652,1.015618318911331,0.033644885066461766,0.014571910108907307,0.01959999334621966,2.9346500318689905,0.00019784388448291127,0.00020154070910044362,0.02894610555866033,0.0028697590230982173,64280
core_N128_s1,runge,1,128,7,100.0,76,599980,0.0011072912412995988,1.0085548666020296,0.029614480407707894,0.011036153541086141,0.018578326866621753,2.4718103205348068,9.852641824472753e-06,2.995703820864097e-06,0.03008257661302494,0.00021577721478727163,0.006161150902026151,1.0085548666020296,0.029614480407707894,0.013149664945503334,0.018578326866621753,2.4718103205348068,0.0003783079534186573,0.00037735718589539927,0.031601018713000945,0.0007407821445691715,27220
core_N128_s1,moment3,1,128,7,0.0001,76,599980,0.009571578848089124,1.1300181755591676,0.17986334856064573,0.07071535001497416,0.10914799854567157,7.2201977102879455,0.0001632309967309285,0.00017926043981795204,0.22097579650619437,-0.05786601996444997,0.01948025129876515,1.6738730322407758,0.17986334856064573,0.07071535001497416,0.1259003377881216,7.2201977102879455,0.0014810131617594138,0.0014810008261254533,0.24567070315800082,0.10545778476102072,358320
core_N128_s1,moment3,1,128,7,0.001,76,599980,0.008902742181948389,1.1881447059346197,0.19751944865664867,0.07122375136950355,0.12629569728714513,7.586520964102806,0.0001881527256509188,0.00017204124391327833,0.20055284794176184,-0.08019768151678003,0.0199085694853166,1.6386494313944968,0.19751944865664867,0.07122375136950355,0.1364854769034603,7.586520964102806,0.0014817219107780188,0.0014817095815626447,0.24512053650682245,0.11543509068973679,358320
core_N128_s1,moment3,1,128,7,0.01,76,599980,0.0039365990206269045,1.4350319418111852,0.2602101075819113,0.07609275200619046,0.18411735557572084,7.699075921772812,7.854557558138945e-05,0.00012052311156915192,0.11129362958607822,-0.17852764657411826,0.027763657937254507,1.6480515462261085,0.2602101075819113,0.07609275200619046,0.18803257158741998,7.699075921772812,0.001488591433957597,0.001488579168748775,0.2380263764079157,0.17852764657411826,301760
core_N128_s1,moment3,1,128,7,0.1,76,599980,0.004102148647111162,1.3977075978509341,0.2538796684677347,0.03247626079925854,0.22140340766847616,6.342743788317767,0.0001127778526845687,0.00011334399299574744,0.04953076742658676,-0.2627826522634523,0.0397459536290676,1.7250316913800514,0.2538796684677347,0.0399380915335487,0.22140340766847616,6.342743788317767,0.0014310105155039999,0.0014309985722814921,0.22941447459127223,0.27097866113198416,301760
core_N128_s1,moment3,1,128,7,1.0,76,599980,0.0005458186898771039,1.078426808511962,0.11843034963679068,0.08772611267849904,0.030704236958291636,0.5778103770498884,8.49426174037541e-06,3.472320480410272e-05,0.03686027622956172,-0.039609743908120804,0.07553614548446147,1.078426808511962,0.11843034963679068,0.08772611267849904,0.06093013512926142,1.4369752662441817,0.0021005833689706705,0.0013625301302903916,0.20176431084932026,0.062043038797081146,180220
core_N128_s1,moment3,1,128,7,10.0,76,599980,0.0002044613287186041,0.8042903962773109,0.07014469607224379,0.06159831422456395,0.008546381847679835,0.2464664395297522,3.029170994007261e-06,6.5179201502741155e-06,0.017685024859783204,-0.0167323436899115,0.006746306357977165,0.8042903962773109,0.07014469607224379,0.06159831422456395,0.023293067791941013,0.6422936962479131,0.0017271434558877494,0.001727138652741079,0.04601165819776504,0.032648128960907574,90640
core_N128_s1,moment3,1,128,7,100.0,76,599980,0.017536151685709184,0.9999248305665136,0.050935349243633535,0.030300784183458454,0.02063456506017508,0.5885016124704568,0.0005164461193021361,-9.463214923657096e-08,0.06218795509924465,-0.03091200511744982,0.025707915579278685,1.2066937340306365,0.050935349243633535,0.030309532421824104,0.02063456506017508,0.5885016124704568,0.0016849153328402308,0.0016849109622766732,0.09704504497224065,0.03091200511744982,32340
core_N128_s1,moment5,1,128,7,0.0001,76,599980,4.971107386207412e-07,0.018914974761676726,0.003999033125888937,0.003992596968826659,6.4361570622784026e-06,0.0005402779319281088,3.162327884506761e-07,3.104126980572858e-07,4.442033314448426e-07,1.3233332230883077e-05,9.891644056972796e-07,0.018914974761676726,0.003999033125888937,0.003992596968826659,6.4361570622784026e-06,0.0005402779319281088,0.0015183501107599378,0.0015183451691210467,4.442033314448426e-07,1.3233332230883077e-05,
core_N128_s1,moment5,1,128,7,0.001,76,599980,4.969470905192799e-07,0.018918596235473397,0.003996769644667775,0.0039903397821853676,6.429862482407178e-06,0.000540133090117254,3.160488216463209e-07,3.1023446101834946e-07,4.442165686822756e-07,1.3228369037027177e-05,9.891644056972796e-07,0.018918596235473397,0.003996769644667775,0.0039903397821853676,6.429862482407178e-06,0.000540133090117254,0.0015190639015634554,0.0015190589658179376,4.442165686822756e-07,1.3228369037027177e-05,
core_N128_s1,moment5,1,128,7,0.01,76,599980,4.95310061951658e-07,0.01895447869186587,0.003973725893130858,0.003967358232336057,6.367660794801e-06,0.000538678459098788,3.1421386551867353e-07,3.084561060774701e-07,4.443483994006662e-07,1.317824384515498e-05,9.891644056972796e-07,0.01895447869186587,0.003973725893130858,0.003967358232336057,6.367660794801e-06,0.000538678459098788,0.0015259822546151484,0.0015259773774383813,4.443483994006662e-07,1.317824384515498e-05,
core_N128_s1,moment5,1,128,7,0.1,76,599980,4.791540116866198e-07,0.019284016759861442,0.003712462356325927,0.003706648826444961,5.81352988096584e-06,0.0005238608132907332,2.9662576307705074e-07,2.9137057465547476e-07,4.4548023092369676e-07,1.1490552115425712e-05,9.891644056972796e-07,0.019284016759861442,0.003712462356325927,0.003706648826444961,5.81352988096584e-06,0.0005238608132907332,0.001469764539288897,0.0014697600309458614,4.4548023092369676e-07,1.1490552115425712e-05,
core_N128_s1,moment5,1,128,7,1.0,76,599980,3.771703681012131e-07,0.021052143979973608,0.0020708371943935627,0.002066413858065455,4.423336328107652e-06,0.00042058448122844365,2.603217137531851e-07,2.563149466410771e-07,4.28982783609378e-07,-5.356100443026923e-07,9.891644056972796e-07,0.021052143979973608,0.0020708371943935627,0.002066413858065455,4.423336328107652e-06,0.00042058448122844365,0.0013717712557371428,0.0013717661876945756,4.28982783609378e-07,5.356100443026923e-07,
core_N128_s1,moment5,1,128,7,10.0,76,599980,2.7065310094511134e-07,0.022639840444354634,0.0006987689844448614,0.0006960854786218496,2.6835058230118003e-06,0.0003029706746513483,1.9223968276823177e-07,1.8973912435330544e-07,3.8025990371506967e-07,1.0345946931111794e-07,9.891644056972796e-07,0.022639840444354634,0.0006987689844448614,0.0006960854786218496,2.6835058230118003e-06,0.0003029706746513483,0.0017598069726548029,0.0017598051671134352,3.8025990371506967e-07,1.0345946931111794e-07,
core_N128_s1,moment5,1,128,7,100.0,76,599980,3.0736518070103953e-07,0.025901640494960645,0.00027615620687233833,0.00027322937718676776,2.9268296855705644e-06,0.000308767768926816,2.2126919083645032e-07,2.1808969869916967e-07,6.93339885499739e-07,8.083493938521036e-07,9.891644056972796e-07,0.025901640494960645,0.00027615620687233833,0.00027322937718676776,2.9268296855705644e-06,0.000308767768926816,0.0017175204768702,0.0017175187945084312,6.93339885499739e-07,8.083493938521036e-07,
core_N128_s1,moment9,1,128,7,0.0001,76,599980,4.9194484624402694e-09,0.0004948919513016011,0.0035089222608416237,0.003508839481392967,8.27794486568667e-08,7.95090451423105e-06,-1.1062409525656808e-07,-1.1068743458541444e-07,7.510781637113493e-08,2.7130329084690263e-07,8.110700345208292e-07,0.0005630923830616595,0.0036473512156128957,0.003647351366505236,8.27794486568667e-08,7.95090451423105e-06,0.0015180894601065802,0.0015180875164827838,2.2896422589385728e-07,2.7130329084690263e-07,
core_N128_s1,moment9,1,128,7,0.001,76,599980,4.9148453472685975e-09,0.0004948651544590784,0.0035071523647271785,0.003507069754763878,8.26099633005617e-08,7.94324502535961e-06,-1.1037377818841447e-07,-1.1043700621008248e-07,7.505309070786545e-08,2.710338408429269e-07,8.110700345208292e-07,0.0005630372961712389,0.003645269523418107,0.00364526969459171,8.26099633005617e-08,7.94324502535961e-06,0.0015188032538339768,0.0015188013159740006,2.2883888740222396e-07,2.710338408429269e-07,
core_N128_s1,moment9,1,128,7,0.01,76,599980,4.8692750557931185e-09,0.0004946005017380772,0.0034889802286694332,0.0034888992820426984,8.094662673485686e-08,7.867393016649521e-06,-1.0792341300316419e-07,-1.0798554728955474e-07,7.451247088273806e-08,2.68359218347225e-07,8.110700345208292e-07,0.0005624819672503095,0.003624043545469899,0.0036240439139508945,8.094662673485686e-08,7.867393016649521e-06,0.0015257216418663958,0.0015257197612047948,2.2759113822924355e-07,2.68359218347225e-07,
core_N128_s1,moment9,1,128,7,0.1,76,599980,4.456832897226076e-09,0.0004922897883006845,0.003270607439185211,0.003270540420968124,6.70182170869893e-08,7.1790876402464125e-06,-8.786776132530452e-08,-8.792063213165086e-08,6.968876576531907e-08,2.7260129603634553e-07,8.110700345208292e-07,0.0005573990068827248,0.0033805699718068988,0.003380571857228759,6.70182170869893e-08,7.1790876402464125e-06,0.001469500970222862,0.001469499474099026,2.1563977456284248e-07,2.7260129603634553e-07,
core_N128_s1,moment9,1,128,7,1.0,76,599980,2.5790594389683593e-09,0.00048815871337334893,0.001707063057456451,0.0017070259757281242,3.708172832683765e-08,4.0170699156756116e-06,-5.891789637275652e-08,-5.894759486933281e-08,4.698623026866861e-08,-1.3358990302858587e-09,8.110700345208292e-07,0.0005352635199770299,0.0017800164878612468,0.0017800175391097517,3.708172832683765e-08,4.0170699156756116e-06,0.0013717359897209161,0.0013717318175180083,1.5725553941299072e-07,3.000092327343218e-08,
core_N128_s1,moment9,1,128,7,10.0,76,599980,1.2084714983485843e-09,0.0005041373535384701,0.00043568352560753587,0.00043566695700443525,1.6568603100619583e-08,1.6889465434853374e-06,-3.7437249092823584e-08,-3.745033119382299e-08,2.5770642407955864e-08,-7.374878485677527e-12,8.110700345208292e-07,0.0005197022747666415,0.00048213096528308685,0.0004821311726621452,1.6568603100619583e-08,1.6889465434853374e-06,0.001759674736561945,0.0017596739538723002,1.0461411662963942e-07,2.736000384584436e-09,
core_N128_s1,moment9,1,128,7,100.0,76,599980,8.832153909601261e-10,0.0005102134088290529,1.0891023915798881e-05,1.087911519960516e-05,1.1908716193720359e-08,1.1789909687890526e-06,-2.960636571388003e-08,-2.9614730325601365e-08,1.8728045401482184e-08,9.40594693799035e-09,8.110700345208292e-07,0.0005336921900465247,4.953728256983092e-05,4.953731071563605e-05,1.1908716193720359e-08,1.1789909687890526e-06,0.0017173979701777407,0.0017173971558368008,1.0151452794097194e-07,9.40594693799035e-09,
core_N128_s3,sine,3,128,1,0.0001,76,599980,0.0007269094130383389,1.0000000000000038,-0.000452845815033992,0.0007698466525445924,0.0012226924675785844,0.5515005530811434,1.2359888326433942e-05,4.185649479939686e-18,0.0005661357011317022,-0.0015351107900035965,0.006434236484008626,1.0000078225363016,0.003329044299071632,0.0007698466525445924,0.004098890951616224,0.5515005530811434,0.0016407478432267576,0.0016605480284506637,0.003758416121859971,0.0017903061380784985,1740
core_N128_s3,sine,3,128,1,0.001,76,599980,0.000728600937278867,1.0000000000000042,-0.0004372275723720648,0.0007694735866888153,0.00120670115906088,0.5517416253922504,1.2409194557434671e-05,4.192943150704141e-18,0.0005664510269114512,-0.0014730507243166935,0.006434236484008626,1.0000085825577358,0.0033249123662413144,0.0007694735866888153,0.00409438595293013,0.5517416253922504,0.0016407478432267576,0.0016605480284506637,0.0037580400583724126,0.0018168291904824274,1740
core_N128_s3,sine,3,128,1,0.01,76,599980,0.0007457647902612661,1.0000000000000024,-0.00028222736840999296,0.0007653580864318693,0.0010475854548418623,0.5541948629815919,1.2905736982961512e-05,2.132562860149165e-18,0.0005696344619939328,-0.0016913946956467613,0.006434236484008626,1.0000151368894712,0.003284650278405604,0.0007653580864318693,0.0040500083648374735,0.5541948629815919,0.0016407478432267576,0.0016605480284506637,0.0037541531109482854,0.0016913946956467613,1740
core_N128_s3,sine,3,128,1,0.1,76,599980,0.0009458514879458761,1.0000000000000027,0.0012226572547470865,0.0007489101566845319,0.00047374709806255466,0.5829199663349643,1.68787811166226e-05,2.130013654504898e-18,0.000607214731734894,0.0007327139971231578,0.006434236484008626,1.0005841786716196,0.0028755754867383354,0.0007489101566845319,0.0036244856434228673,0.5829199663349643,0.0016407478432267576,0.0016605480284506637,0.0037043813617994464,0.002892820372659255,1460
core_N128_s3,sine,3,128,1,1.0,76,599980,0.011946604950921227,1.000000000000001,0.06662343638024622,0.0005217573570777123,0.0661016790231685,4.137383532019623,3.320048443735605e-05,1.4752059044893656e-18,0.12826701452109618,-0.049050428453996694,0.011946604950921227,1.019063955777034,0.06662343638024622,0.0005217573570777123,0.0661016790231685,4.137383532019623,0.0016407478432267576,0.0016605480284506637,0.12826701452109618,0.049050428453996694,880
core_N128_s3,sine,3,128,1,10.0,76,599980,0.0021645902604684924,0.9999999999999988,0.0471779645047752,0.0001917369655173723,0.046986227539257824,4.422164244915411,9.372726352516495e-06,1.7005479643622077e-18,0.06496524281784734,-0.014420089061480804,0.03589390838804849,1.081737716589472,0.0471779645047752,0.0001917369655173723,0.046986227539257824,5.397147236080255,0.0016407478432267576,0.0016605480284506637,0.12504223896443215,0.020685763943793734,180
core_N128_s3,sine,3,128,1,100.0,76,599980,0.005585108589391635,1.0,0.03658201077620078,1.6724199358914005e-05,0.03656528657684187,2.830835704369136,-2.0972062806896065e-05,-0.0,0.08488969397490688,-0.015804698315613083,0.031641416252269496,1.0539930920516107,0.03658201077620078,1.6724199358914005e-05,0.03656528657684187,3.7329332511313957,0.0016407478432267576,0.0016605480284506637,0.11694965169708556,0.015804698315613083,17
core_N128_s3,runge,3,128,1,0.0001,76,599980,0.0024608546196324887,0.9999999999999956,0.09670545236967791,-0.0004405456722621215,0.09714599804194003,4.951371157932162,3.7372559252239246e-05,-1.4598424868102838e-18,0.10091441140567367,0.006656890381828651,0.007151407883438448,0.9999999999999978,0.09670545236967791,0.0004405456722621215,0.09714599804194003,4.951371157932162,0.00036059987361436083,0.0003632572318842,0.10091441140567367,0.006668009264147637,520
core_N128_s3,runge,3,128,1,0.001,76,599980,0.0024616546229274013,0.9999999999999958,0.09543762189932041,-0.0004400081926899668,0.09587763009201038,4.9393082887687445,3.573239586302327e-05,-1.4581823434224193e-18,0.10123327601290474,0.006207452361399246,0.007177509760871927,0.999999999999998,0.09543762189932041,0.0004400081926899668,0.09587763009201038,4.9393082887687445,0.00036059987361436083,0.0003632572318842,0.10123327601290474,0.006571628026102394,520
core_N128_s3,runge,3,128,1,0.01,76,599980,0.0024913503338276502,0.9999999999999969,0.08564181725718491,-0.0004347077256366405,0.08607652498282155,4.84025693627364,2.4279199559287307e-05,-1.4417448436345049e-18,0.10283041544677725,0.00286756948699482,0.007434338169100723,0.9999999999999992,0.08564181725718491,0.0004347077256366544,0.08607652498282155,4.84025693627364,0.00036059987361436083,0.0003632572318842,0.10283041544677725,0.005124372134893779,520
core_N128_s3,runge,3,128,1,0.1,76,599980,0.0024458780805050777,0.9999999999999982,0.056477579481462356,-0.0003882692987709213,0.05686584878023328,4.402686087656478,1.1507122427719965e-05,-1.2956350149578276e-19,0.09926511834171138,0.0006427398778233312,0.008835758545308582,1.0000006782624096,0.056477579481462356,0.00038826929877103233,0.05686584878023328,4.402686087656478,0.00036059987361436083,0.0003632572318842,0.10398160015240449,0.003707793961363212,520
core_N128_s3,runge,3,128,1,1.0,76,599980,0.0026519447905648595,0.9999999999999768,0.040381490374444926,-0.00017283178838593816,0.040554322162830864,3.93740680259057,2.258336456208306e-05,-8.684623604684943e-19,0.09549776567091325,-0.003822198399115795,0.014441741618099642,1.0000630206166032,0.040381490374444926,0.00017283178838595203,0.040554322162830864,3.93740680259057,0.00036059987361436083,0.0003632572318842,0.11077107672108147,0.009018603792001617,260
core_N128_s3,runge,3,128,1,10.0,76,599980,0.001454873444733148,1.0,0.03800248927552523,-3.352155223347586e-05,0.038036010827758704,3.6618703440286757,1.2985350056726379e-05,-2.6114914609120935e-21,0.08637097401642868,-0.004357268620294605,0.01821382358631754,1.000237041343614,0.03800248927552523,3.352155223347586e-05,0.038036010827758704,3.6618703440286757,0.00036059987361436083,0.0003632572318842,0.11149136553668514,0.004357268620294605,40
core_N128_s3,runge,3,128,1,100.0,76,599980,0.001231416752276073,1.0,0.03367475355315455,-3.6047173903180907e-06,0.03367835827054487,3.2709387311982585,1.3272109582984486e-05,-2.0453019627493653e-21,0.08556930344621747,-0.0023807102098215432,0.021876657058612574,1.0001820653599165,0.03367475355315455,3.6047173903180907e-06,0.03367835827054487,3.2709387311982585,0.00042331479967279775,0.0003632572318842,0.10994498020374861,0.003886496444197321,4
core_N128_s3,moment3,3,128,1,0.0001,76,599980,0.006660088878902724,1.0000000000000056,0.12737504191414595,0.0042797181149241,0.12309532379922185,8.290287166075835,0.00011375688404820012,3.0460302137338186e-18,0.04403998154078442,-0.04405886510983974,0.018962825716920796,1.000000896687873,0.12737504191414595,0.0042797181149241414,0.12309532379922185,8.290287166075835,0.0016278083900099708,0.00166985157123274,0.04403998154078442,0.04405886510983974,1240
core_N128_s3,moment3,3,128,1,0.001,76,599980,0.006588012884199116,1.0000000000000033,0.1424473579545914,0.004276613520736036,0.13817074443385535,8.56339820774493,0.0001380118553278686,3.0494590079003524e-18,0.06010298749123354,-0.05953548494400242,0.019348939573934333,1.0000011730688765,0.1424473579545914,0.004276613520736106,0.13817074443385535,8.56339820774493,0.0016279975012414892,0.0016700486481420714,0.06010298749123354,0.05953548494400242,1240
core_N128_s3,moment3,3,128,1,0.01,76,599980,0.0024507857202204614,0.9999999999998835,0.21076203558915035,0.0042455957912684444,0.20651643979788192,8.353056225523567,0.00010629525174364917,7.400044621682862e-18,0.146228721761465,-0.15203009907938908,0.023134804650460805,1.000013644444558,0.21076203558915035,0.004245595791268472,0.20651643979788192,8.353056225523567,0.0016298857001208835,0.0016720162237711049,0.146228721761465,0.15203009907938908,1240
core_N128_s3,moment3,3,128,1,0.1,76,599980,0.004991719843407051,0.9999999999999988,0.22756118152555715,0.00397671408398477,0.2235844674415724,5.957485773015455,0.00015106845316690897,5.344131198759819e-18,0.21326621551796873,-0.21131907406311762,0.03606899666319534,1.0007403337470575,0.22756118152555715,0.003976714083984992,0.2235844674415724,5.957485773015455,0.0016484780418968663,0.0016913747779245811,0.21326621551796873,0.21131907406311762,1240
core_N128_s3,moment3,3,128,1,1.0,76,599980,0.0005921497913164185,0.999999999999756,0.1282445857290278,0.0025391557847045526,0.12570542994432327,2.8300593346017084,1.5386226898812996e-05,1.5963660545468447e-17,0.2415271009799789,-0.14059745922952166,0.06819188270602665,1.0279695099635962,0.1282445857290278,0.0025391557847045526,0.12570542994432327,3.2117251053841795,0.0018070909908786737,0.0018552866472766301,0.2415271009799789,0.14059745922952166,740
core_N128_s3,moment3,3,128,1,10.0,76,599980,0.00013535336677550475,1.0,0.09680315573092883,0.0005506020899022079,0.09625255364102663,2.546504102382713,1.8427384997318872e-06,-0.0,0.26952003906978855,-0.10249950018189019,0.024547032955783865,1.085313419999059,0.09680315573092883,0.0005506020899022079,0.09625255364102663,2.5630255812177936,0.001935030230946754,0.0019851003112664875,0.26952003906978855,0.10249950018189019,140
core_N128_s3,moment3,3,128,1,100.0,76,599980,0.0009631766677747261,1.0,0.056462311426411435,5.907774840947788e-05,0.05640323367800196,1.570799515235002,2.1128869564107282e-05,-0.0,0.270368123087225,-0.0595152485479198,0.2710121973524917,1.1001121294448344,0.056462311426411435,5.907774840947788e-05,0.05640323367800196,1.570799515235002,0.005531303414971626,0.002107894794479502,0.270368123087225,0.0595152485479198,14
core_N128_s3,moment5,3,128,1,0.0001,76,599980,1.8577582000503297e-05,0.999999999999965,0.0045958720341330445,0.0042797181149241,0.00031615391920894464,0.023560809894712535,1.8372618328914265e-07,3.655236256480583e-18,0.0006546525733564225,0.00017530405255455905,0.005757210517614869,0.9999999999999762,0.0045958720341330445,0.0042797181149241414,0.00031615391920894464,0.023560809894712535,0.001645955430736953,0.0016698515712327395,0.003996607595131638,0.000681742401903912,1740
core_N128_s3,moment5,3,128,1,0.001,76,599980,1.8569221956262768e-05,0.9999999999999623,0.004592097887933022,0.004276613520736036,0.0003154843671969859,0.02354826207436928,1.8362404284772868e-07,3.659350809480424e-18,0.0006543055602792761,0.00017451522438491351,0.005757210517614869,0.9999999999999738,0.004592097887933022,0.004276613520736078,0.0003154843671969859,0.02354826207436928,0.0016461481400788698,0.0016700486481420703,0.003994289011607909,0.0006804035858786195,1740
core_N128_s3,moment5,3,128,1,0.01,76,599980,1.8486518728245175e-05,0.9999999999998842,0.00455938080654851,0.0042455957912684444,0.00031378501528006586,0.023424451617814087,1.9055792413296723e-07,6.783374236542624e-18,0.0006508777770455438,5.270897000406172e-05,0.005757210517614869,0.9999999999999084,0.00455938080654851,0.004245595791268472,0.00031378501528006586,0.023424451617814087,0.0016480722896096045,0.0016720162237711046,0.00397141906832173,0.0005520984418741631,1740
core_N128_s3,moment5,3,128,1,0.1,76,599980,1.7740638026165473e-05,0.9999999999994702,0.004267987149194727,0.003976714083984756,0.000291273065209971,0.022331188281983865,1.9348477365722661e-07,5.9379235541775794e-18,0.000620342442496434,0.00043332686731645254,0.005757210517614869,0.9999999999995004,0.004267987149194727,0.003976714083984978,0.000291273065209971,0.022331188281983865,0.0016670211083204417,0.0016913747779245805,0.0037723239252815195,0.0006811258873600234,1460
core_N128_s3,moment5,3,128,1,1.0,76,599980,1.419447541513569e-05,0.9999999999916612,0.0027796573600755853,0.002539155784704525,0.00024050157537106043,0.017467792371630975,1.6375075629395623e-07,1.596366054546845e-17,0.00047928580497854544,0.00024111991217852513,0.005757210517614869,0.9999999999921962,0.0027796573600755853,0.002539155784704525,0.00024050157537106043,0.017467792371630975,0.0018289110278647885,0.0018552866472766297,0.003127812867600808,0.00024111991217852513,880
core_N128_s3,moment5,3,128,1,10.0,76,599980,1.0904390866422007e-05,0.9999999999988376,0.0007187860509100391,0.0005506020899022079,0.00016818396100783117,0.013251631085528551,1.4836781229447379e-07,9.412378827860653e-19,0.0003234698740618684,0.0002307492945571865,0.005757210517614869,0.9999999999990199,0.0007187860509100391,0.0005506020899022079,0.00016818396100783117,0.013251631085528551,0.00196552233132565,0.001985100311266486,0.00280771949661046,0.0002307492945571865,160
core_N128_s3,moment5,3,128,1,100.0,76,599980,1.077258636960479e-05,1.000000000001521,0.0002636983290747741,5.9077748409464004e-05,0.00020462058066531008,0.011973454799704774,2.0932107778047039e-07,-9.590587282746234e-19,0.0002507731709039488,0.0001073186597044945,0.005757210517614869,1.0000000000016438,0.0002636983290747741,5.907774840947788e-05,0.00020462058066531008,0.011973454799704774,0.0020924050557520548,0.002107894794479502,0.0029354686917613883,0.0001073186597044945,16
core_N128_s3,moment9,3,128,1,0.0001,76,599980,1.0711919680888278e-05,1.000000000000089,0.004197624064189484,0.0042797181149241,8.209405073461573e-05,0.01836757286579899,-1.5695820265815523e-07,3.655236256480583e-18,0.000651333528613692,0.0005815013177707107,0.005762705146116281,1.0000027703369396,0.004395571505148507,0.004279718114924155,0.00011609635040829569,0.01836757286579899,0.0016458681623203115,0.00166985157123274,0.003998366861187995,0.0007087965365625282,1740
core_N128_s3,moment9,3,128,1,0.001,76,599980,1.070574676601645e-05,1.0000000000000933,0.004194176189067547,0.004276613520736036,8.243733166848899e-05,0.018350985164047526,-1.5678292566042397e-07,3.659350809480424e-18,0.0006509920851889444,0.0005846789123942625,0.005762705146116281,1.0000028690217402,0.004391908979244422,0.0042766135207361194,0.00011553915590746533,0.018350985164047526,0.0016460608607992279,0.0016700486481420716,0.00399605025304344,0.0007111477839353841,1740
core_N128_s3,moment9,3,128,1,0.01,76,599980,1.0644698343213985e-05,1.0000000000002531,0.004159739287980635,0.0042455957912684306,8.58565032877956e-05,0.018187594062818762,-1.5506099788911768e-07,6.783374236542624e-18,0.0006476190711684981,0.0005960342822805692,0.005762705146116281,1.000003598438557,0.00435536136922926,0.004245595791268472,0.0001100165942043152,0.018187594062818762,0.0016479849017724951,0.0016720162237711053,0.0039731999917605515,0.0005960342822805692,1740
core_N128_s3,moment9,3,128,1,0.1,76,599980,1.0095744354407429e-05,1.0000000000009615,0.0038640787654403708,0.003976714083984756,0.00011263531854438513,0.016767814022346887,-1.4912895307742313e-07,5.937923554177578e-18,0.0006175509554679047,0.0005538340669402758,0.005762705146116281,1.0000420333343938,0.004055997167372982,0.003976714083984992,0.00011263531854438513,0.016767814022346887,0.0016669326421314985,0.0016913747779245811,0.0037742933512735755,0.0006814834546663012,1460
core_N128_s3,moment9,3,128,1,1.0,76,599980,7.50420075719073e-06,1.000000000013951,0.002469161384993701,0.002539155784704525,6.999439971082377e-05,0.010989254163716726,-1.0269230081579075e-07,1.5963660545468447e-17,0.0004781088884737854,0.00012655085765993224,0.005762705146116281,1.003584992650986,0.0026003729671407183,0.0025391557847045526,6.999439971082377e-05,0.010989254163716726,0.0018288124707652568,0.0018552866472766301,0.003130413694917658,0.00012655085765993224,880
core_N128_s3,moment9,3,128,1,10.0,76,599980,4.508897332393142e-06,0.9999999999977324,0.0004793491180733883,0.0005506020899022079,7.125297182881962e-05,0.006498731265642846,-6.023253560831388e-08,-9.412378827860657e-19,0.00032203240933308754,0.0001917011643844807,0.005762705146116281,1.0123840297156619,0.0005628555084560283,0.0005506020899022079,7.125297182881962e-05,0.006498731265642846,0.0019653852585906698,0.001985100311266488,0.002809489031553134,0.0001917011643844807,160
core_N128_s3,moment9,3,128,1,100.0,76,599980,1.5543910746707223e-06,0.9999999999866882,1.0569659365466944e-05,5.9077748409464004e-05,4.850808904399706e-05,0.0030778003938576135,-2.9553063549476285e-08,-9.590587282746238e-19,0.0002046771726307506,9.917536449569053e-05,0.005762705146116281,1.0086145629448693,6.0485556519551675e-05,5.9077748409464004e-05,4.850808904399706e-05,0.0030778003938576135,0.0020922854140915767,0.002107894794479504,0.002936867500970837,9.917536449569053e-05,16
core_N128_s3,sine,3,128,3,0.0001,76,599980,0.00036855748573497187,0.5070198282265671,-0.000452845815033992,0.0001335627882835394,0.0005864086033175314,0.09255528702709012,1.2359888326433942e-05,1.633181112162004e-05,0.0002683324926849609,0.0007204443903690155,0.00036855748573497187,0.5070198282265671,0.003329044299071632,0.00348195942825244,0.0005864086033175314,0.09255528702709012,0.0016407478432267576,0.001641036680761648,0.0002683324926849609,0.0007269974314302735,4880
core_N128_s3,sine,3,128,3,0.001,76,599980,0.00037022830386792996,0.5081359149092464,-0.0004372275723720648,0.00015220746524416406,0.0005894350376162288,0.09277847739822688,1.2409194557434671e-05,1.5858997292192326e-05,0.00026959040611155877,0.0007566299329635207,0.00037022830386792996,0.5081359149092464,0.0033249123662413144,0.0034781934504517914,0.0005894350376162288,0.09277847739822688,0.0016407478432267576,0.001641036680761648,0.00026959040611155877,0.0007768283556998379,4880
core_N128_s3,sine,3,128,3,0.01,76,599980,0.0003875317523271324,0.5196434014957559,-0.00028222736840999296,0.0003382677150301078,0.0006204950834401007,0.09505425465540344,1.2905736982961512e-05,1.6549975670305954e-05,0.0002825461771395089,0.0011135996202972648,0.0003875317523271324,0.5196434014957559,0.003284650278405604,0.0034336936901614434,0.0006204950834401007,0.09505425465540344,0.0016407478432267576,0.001641036680761648,0.0002825461771395089,0.0011135996202972648,4880
core_N128_s3,sine,3,128,3,0.1,76,599980,0.0006467535464065567,0.6837791710949523,0.0012226572547470865,0.0022243738876721875,0.001001716632925101,0.12383087687293902,1.68787811166226e-05,2.3957481287113646e-05,0.0004666787715515998,0.0017993777781836612,0.0006467535464065567,0.6837791710949523,0.0028755754867383354,0.0030114626332884697,0.001001716632925101,0.12383087687293902,0.0016407478432267576,0.001641036680761648,0.0004666787715515998,0.0017993777781836612,4120
core_N128_s3,sine,3,128,3,1.0,76,599980,0.011946604950922018,1.0000000000000673,0.06662343638024622,0.02192967350247413,0.04469376287777209,3.8320271325745012,3.320048443735605e-05,3.5041825415118074e-16,0.04700412880042915,-0.032251277253410204,0.01279497802665702,2.778597043735188,0.06662343638024622,0.02192967350247413,0.04469376287777209,3.8320271325745012,0.0016407478432267576,0.001641036680761648,0.0706393459160378,0.032251277253410204,2460
core_N128_s3,sine,3,128,3,10.0,76,599980,0.002164590260473118,1.0000000000021358,0.0471779645047752,0.01626573918692928,0.030912225317845918,3.95684691559198,9.372726352516495e-06,3.0636462992523543e-16,0.028661165369528938,-0.0010378232396632825,0.03589390823123764,1.5241378945940312,0.0471779645047752,0.01626573918692928,0.030912225317845918,4.92201503796542,0.0016407478432267576,0.001641036680761648,0.06494110805245061,0.011285914132818667,440
core_N128_s3,sine,3,128,3,100.0,76,599980,0.0055851085893865995,0.9999999999990984,0.03658201077620078,0.013307505779629747,0.023274504996571035,2.4430771695034963,-2.0972062806896065e-05,1.917637909420398e-16,0.08344695626093128,-0.01074057225066527,0.03164141625224692,1.9348195438380464,0.03658201077620078,0.01330750577962976,0.023274504996571035,3.3471024211373415,0.0016407478432267576,0.001641036680761648,0.08344695626093128,0.01074057225066527,60
core_N128_s3,runge,3,128,3,0.0001,76,599980,0.0023466948872055337,0.9536097209822113,0.09670545236967791,0.027889086688806394,0.06881636568087152,3.4468536910877323,3.7372559252239246e-05,1.4479092163970362e-06,0.008214847394421573,0.008074694676036054,0.009611015760288208,1.8392409658295559,0.09670545236967791,0.027889086688806394,0.06881636568087152,3.4468536910877323,0.00036059987361436083,0.0003607124907310757,0.08286268627465078,0.008074694676036054,4880
core_N128_s3,runge,3,128,3,0.001,76,599980,0.002343001172621427,0.9517993104309322,0.09543762189932041,0.02774258335743894,0.06769503854188147,3.436355660302007,3.573239586302327e-05,1.499872673582313e-06,0.00817420755620901,0.007179602912580629,0.009561337392370053,1.8257249843077257,0.09543762189932041,0.02774258335743894,0.06769503854188147,3.436355660302007,0.00036059987361436083,0.0003607124907310757,0.08313395087422323,0.007179602912580629,4880
core_N128_s3,runge,3,128,3,0.01,76,599980,0.002337414576998702,0.9382119187579483,0.08564181725718491,0.026569555614642554,0.059072261642542354,3.3699116379115868,2.4279199559287307e-05,1.928174741653498e-06,0.008887771994179217,0.004464896394298937,0.008577867903747595,1.6022405110116484,0.08564181725718491,0.026569555614642554,0.059072261642542354,3.3699116379115868,0.00036059987361436083,0.0003607124907310757,0.08428796053829785,0.006359753351759381,4880
core_N128_s3,runge,3,128,3,0.1,76,599980,0.0021853215629874193,0.8934711752010726,0.056477579481462356,0.021843021931148815,0.03463455755031354,3.27224640114826,1.1507122427719965e-05,3.652279596292088e-06,0.015078732523888408,0.003812948313602224,0.012527602072812493,2.5656211912479976,0.056477579481462356,0.021843021931148815,0.03463455755031354,3.27224640114826,0.00036059987361436083,0.0003607124907310757,0.08785489224269633,0.004277209038062849,4880
core_N128_s3,runge,3,128,3,1.0,76,599980,0.002491377625301332,0.9394530512720874,0.040381490374444926,0.0152340347416378,0.025147455632807125,3.201727306301486,2.258336456208306e-05,3.4994500485170477e-06,0.01778057317505043,-0.003930406494427982,0.015441021044236121,1.6537208331959783,0.040381490374444926,0.0152340347416378,0.025147455632807125,3.201727306301486,0.00036059987361436083,0.0003607124907310757,0.08882719344009397,0.009733852101357826,6880
core_N128_s3,runge,3,128,3,10.0,76,599980,0.0014417699995428186,0.990993412356404,0.03800248927552523,0.014006334198327239,0.02399615507719799,3.2156615017185146,1.2985350056726379e-05,1.5653427447636624e-06,0.027376368224474867,-0.0037479134575180845,0.019326378994298562,1.3740034217622983,0.03800248927552523,0.014006334198327239,0.02399615507719799,3.2156615017185146,0.00036059987361436083,0.0003607124907310757,0.07338691433655345,0.0037479134575180845,5800
core_N128_s3,runge,3,128,3,100.0,76,599980,0.0012314167522698527,0.9999999999949487,0.03367475355315455,0.013427858801988407,0.020246894751166145,2.8392341330500774,1.3272109582984486e-05,4.04256030168258e-17,0.028329367778269183,-0.00039681158668274097,0.009826127211577756,1.4399895940953733,0.03367475355315455,0.013427858801988407,0.020246894751166145,2.8392341330500774,0.00042331479967279775,0.0004331514944836401,0.036136342637522315,0.001902609488779572,1240
core_N128_s3,moment3,3,128,3,0.0001,76,599980,0.00666008887881187,0.999999999986364,0.12737504191414595,0.05528195011443536,0.07209309179971059,6.483119766913072,0.00011375688404820012,2.0155619294208937e-15,0.22823153784104158,-0.03677241306744693,0.018962578774804617,3.4476614165973465,0.12737504191414595,0.05528195011443536,0.07209309179971059,6.483119766913072,0.0016278083900099708,0.001627233911471967,0.26830546852570136,0.03677241306744693,4120
core_N128_s3,moment3,3,128,3,0.001,76,599980,0.006588012884101885,0.9999999999852446,0.1424473579545914,0.04977716723307561,0.09267019072151579,6.682504375206309,0.0001380118553278686,1.816380685030665e-15,0.21227313676390303,-0.05843538909870001,0.019348886155940895,3.5245608038141483,0.1424473579545914,0.04977716723307561,0.09267019072151579,6.682504375206309,0.0016279975012414892,0.0016274226248662988,0.2702329137881333,0.05843538909870001,4120
core_N128_s3,moment3,3,128,3,0.01,76,599980,0.0024507857202752557,1.0000000000222413,0.21076203558915035,0.029978618525823952,0.1807834170633264,6.758419004101297,0.00010629525174364917,8.63076659133623e-16,0.1269283789793882,-0.16617890100931346,0.02313480450062042,4.492913476807178,0.21076203558915035,0.029978618525823952,0.1807834170633264,6.758419004101297,0.0016298857001208835,0.0016293068543149244,0.2719235586777272,0.16617890100931346,4120
core_N128_s3,moment3,3,128,3,0.1,76,599980,0.004991719843346264,0.9999999999878212,0.22756118152555715,-0.0008626683927798195,0.22842384991833697,4.9857086674639275,0.00015106845316690897,6.730644928053291e-16,0.05981874878475412,-0.2553273643953875,0.03606899666447701,1.6764179698723782,0.22756118152555715,0.003686479782109578,0.22842384991833697,4.9857086674639275,0.0016484780418968663,0.0016478603819410056,0.27238016211977356,0.2553273643953875,3460
core_N128_s3,moment3,3,128,3,1.0,76,599980,0.0005921497913972031,1.000000000136182,0.1282445857290278,0.012392324890510259,0.11585226083851755,2.2500933528138694,1.5386226898812996e-05,5.89399931951718e-16,0.031776321536694824,-0.14275838989982448,0.06819188270593599,11.488659620202558,0.1282445857290278,0.015315245353800008,0.11585226083851755,2.2500933528138694,0.0018070909908786737,0.0018061610535457056,0.2640270074506924,0.14275838989982448,1740
core_N128_s3,moment3,3,128,3,10.0,76,599980,0.000135353366795172,1.000000000145303,0.09680315573092883,0.01954857571778254,0.07725458001314629,1.7705375593558805,1.8427384997318872e-06,2.85237194881652e-16,0.00310309755568179,-0.08732976197619041,0.02454703295574195,1.5878166653640993,0.09680315573092883,0.019548575750987396,0.07725458001314629,1.7831980978345476,0.001935030230946754,0.0019337802766023326,0.27266092914555057,0.08732976197619041,320
core_N128_s3,moment3,3,128,3,100.0,76,599980,0.0009631766677456359,0.9999999999697976,0.056462311426411435,0.018916235761066505,0.03754607566534493,0.8574466164903836,2.1128869564107282e-05,2.1536217310503116e-16,0.0020471540196406323,-0.04897136664343257,0.27101219735243826,1.5670546506215264,0.056462311426411435,0.018916235761066505,0.03754607566534493,1.4137168985384274,0.005531303414971626,0.00206039170233503,0.16007102410116336,0.04897136664343257,40
core_N128_s3,moment5,3,128,3,0.0001,76,599980,1.7918851261500594e-05,0.9645416320064966,0.0045958720341330445,0.004181142278041047,0.00041472975609199714,0.02076335573857908,1.8372618328914265e-07,-1.710906049339772e-07,2.228116454008284e-05,-0.0005046618590618945,0.00023901429606890297,0.9645416320064966,0.0045958720341330445,0.004398602546001773,0.00041472975609199714,0.02076335573857908,0.001645955430736953,0.0016455521830577129,0.00011423850248311427,0.0005046618590618945,5800
core_N128_s3,moment5,3,128,3,0.001,76,599980,1.7910273409822885e-05,0.9645139388180818,0.004592097887933022,0.00417772529540196,0.00041437259253106207,0.02075329240298827,1.8362404284772868e-07,-1.7089294220129695e-07,2.226256421502543e-05,-0.00050850106965461,0.00023901429606890297,0.9645139388180818,0.004592097887933022,0.004394940909597619,0.00041437259253106207,0.02075329240298827,0.0016461481400788698,0.0016457446889741275,0.00011415967394883897,0.00050850106965461,5800
core_N128_s3,moment5,3,128,3,0.01,76,599980,1.7825516469557567e-05,0.9642440922270703,0.00455938080654851,0.004143590628311239,0.0004157901782372714,0.020653890555946446,1.9055792413296723e-07,-1.689514757884535e-07,2.207925939554678e-05,-0.0005456821675275808,0.00023901429606890297,0.9642440922270703,0.00455938080654851,0.004358401256347955,0.0004157901782372714,0.020653890555946446,0.0016480722896096045,0.001647666811681978,0.0001133845790543896,0.0005456821675275808,5800
core_N128_s3,moment5,3,128,3,0.1,76,599980,1.7069471183452473e-05,0.9621678294922569,0.004267987149194727,0.0038484231526780682,0.00041956399651665865,0.019769827404271228,1.9348477365722661e-07,-1.6205583053358573e-07,2.047944441616243e-05,-0.00017275557884884052,0.00023901429606890297,0.9621678294922569,0.004267987149194727,0.004057785714660825,0.00041956399651665865,0.019769827404271228,0.0016670211083204417,0.0016665960920916499,0.00010673527675116575,0.0002838244088904651,5800
core_N128_s3,moment5,3,128,3,1.0,76,599980,1.3702319618430333e-05,0.9653276516091023,0.0027796573600755853,0.0024601972370157793,0.000319460123059806,0.015885434118377936,1.6375075629395623e-07,-1.100042815160847e-07,1.3834113409991723e-05,0.000105916078704138,0.00023901429606890297,0.9653276516091023,0.0027796573600755853,0.0026017328978316517,0.000319460123059806,0.015885434118377936,0.0018289110278647885,0.0018283521271717322,8.145814632484946e-05,0.000105916078704138,2920
core_N128_s3,moment5,3,128,3,10.0,76,599980,1.12593044485664e-05,1.0325477678193098,0.0007187860509100391,0.00047462502331323264,0.00024416102759680647,0.013044924286803459,1.4836781229447379e-07,-6.322154063449083e-08,9.785181536217138e-06,3.073206779119486e-05,0.00023901429606890297,1.0325477678193098,0.0007187860509100391,0.0005631013116845773,0.00024416102759680647,0.013044924286803459,0.00196552233132565,0.00196512278916904,6.390346498813506e-05,3.073206779119486e-05,520
core_N128_s3,moment5,3,128,3,100.0,76,599980,1.219422317500973e-05,1.131968011826267,0.0002636983290747741,8.039029961284805e-06,0.0002556592991134893,0.013326133978774152,2.0932107778047039e-07,-3.1269990531327335e-08,4.4934646733277914e-05,7.491959597302755e-06,0.00023901429606890297,1.137107523540066,0.0002636983290747741,6.051331090421719e-05,0.0002556592991134893,0.013326133978774152,0.0020924050557520548,0.002091884362350743,6.444832687774132e-05,7.491959597302755e-06,60
core_N128_s3,moment9,3,128,3,0.0001,76,599980,9.954505571835086e-07,0.09292924021449069,0.004197624064189484,0.004181142278041117,1.6481786148367372e-05,0.0016110754039562612,-1.5695820265815523e-07,-1.7109060493388516e-07,2.4515497063316063e-05,-9.846459384525719e-05,0.00023361541677192275,0.11286318046792916,0.004395571505148507,0.004398602546001773,1.6481786148367372e-05,0.0016110754039562612,0.0016458681623203115,0.001645552183057714,0.00011100413451445141,0.00013487699521760876,8180
core_N128_s3,moment9,3,128,3,0.001,76,599980,9.94501626383253e-07,0.09289418553596092,0.004194176189067547,0.004177725295402002,1.645089366554553e-05,0.0016094331397180145,-1.5678292566042397e-07,-1.7089294220055948e-07,2.4492989757411655e-05,-9.833738164505279e-05,0.00023361541677192275,0.1128240049964566,0.004391908979244422,0.004394940909597619,1.645089366554553e-05,0.0016094331397180145,0.0016460608607992279,0.0016457446889741286,0.00011092285185635375,0.00015257900581706896,8180
core_N128_s3,moment9,3,128,3,0.01,76,599980,9.851520506198416e-07,0.09254861141726267,0.004159739287980635,0.0041435906283112806,1.6148659669354415e-05,0.0015932625410707846,-1.5506099788911768e-07,-1.689514757890036e-07,2.4271317662011718e-05,-2.3568552505182083e-06,0.00023361541677192275,0.11243632268462701,0.00435536136922926,0.004358401256347982,1.6148659669354415e-05,0.0015932625410707846,0.0016479849017724951,0.001647666811681979,0.00011012358291813153,3.882634062638002e-05,8180
core_N128_s3,moment9,3,128,3,0.1,76,599980,9.037854639559454e-07,0.08952142925075704,0.0038640787654403708,0.0038484231526781237,1.565561276224703e-05,0.001453303909584524,-1.4912895307742313e-07,-1.6205583053351553e-07,2.234776885423677e-05,-5.224837922468417e-05,0.00023361541677192275,0.10904017437940734,0.004055997167372982,0.004057785714660825,1.565561276224703e-05,0.001453303909584524,0.0016669326421314985,0.0016665960920916507,0.00010326666683917245,5.224837922468417e-05,6880
core_N128_s3,moment9,3,128,3,1.0,76,599980,5.714253153020287e-07,0.07614739181417093,0.002469161384993701,0.002460197237015835,8.964147977866266e-06,0.0008972087092258738,-1.0269230081579075e-07,-1.1000428151602831e-07,1.4556863671766431e-05,-8.652975814191222e-06,0.00023361541677192275,0.09452133046710452,0.0026003729671407183,0.0026017328978316517,8.964147977866266e-06,0.0008972087092258738,0.0018288124707652568,0.001828352127171734,7.857120769329577e-05,8.652975814191222e-06,4120
core_N128_s3,moment9,3,128,3,10.0,76,599980,2.574966605408856e-07,0.05710856592151164,0.0004793491180733883,0.00047462502331330203,4.724094760086284e-06,0.0004475879051225835,-6.023253560831388e-08,-6.322154063351865e-08,8.990914647505157e-06,-8.316062381386047e-06,0.00023361541677192275,0.08248456580429407,0.0005628555084560283,0.0005631013116845773,4.724094760086284e-06,0.0004475879051225835,0.0019653852585906698,0.0019651227891690423,6.214323983634479e-05,8.316062381386047e-06,740
core_N128_s3,moment9,3,128,3,100.0,76,599980,1.8400326482642788e-07,0.11837642908684173,1.0569659365466944e-05,8.039029961298683e-06,2.530629404168261e-06,0.00021660541209713553,-2.9553063549476285e-08,-3.126999053031324e-08,8.348873484405554e-06,-6.513356113624358e-07,0.00023361541677192275,0.11837642908684173,6.0485556519551675e-05,6.051331090421719e-05,2.530629404168261e-06,0.00021660541209713553,0.0020922854140915767,0.002091884362350745,6.293970605548589e-05,1.635458068360851e-06,80
core_N128_s3,sine,3,128,5,0.0001,76,599980,1.2225810809368013e-05,0.016818891859257355,-0.000452845815033992,-0.00045885165228473634,6.005837250744328e-06,0.0036456012958780495,1.2359888326433942e-05,1.2285762050285764e-05,8.233083379780232e-06,-7.759340019065919e-05,1.2225810809368013e-05,0.016818891859257355,0.003329044299071632,0.0033174115637318036,1.2191109527895372e-05,0.0036456012958780495,0.0016407478432267576,0.0016407160699501734,8.233083379780232e-06,7.759340019065919e-05,
core_N128_s3,sine,3,128,5,0.001,76,599980,1.2272208982835804e-05,0.01684352620883159,-0.0004372275723720648,-0.0004433329197964242,6.10534742435942e-06,0.003652988081515562,1.2409194557434671e-05,1.233464405889084e-05,8.269078840947724e-06,-7.769742806389146e-05,1.2272208982835804e-05,0.01684352620883159,0.0033249123662413144,0.003313302455448794,1.2171934670082707e-05,0.003652988081515562,0.0016407478432267576,0.0016407160699501734,8.269078840947724e-06,7.769742806389146e-05,
core_N128_s3,sine,3,128,5,0.01,76,599980,1.2746509783506715e-05,0.017091863212047354,-0.00028222736840999296,-0.00028933797552942175,7.110607119428791e-06,0.00372778326344249,1.2905736982961512e-05,1.282681628756154e-05,8.634629445994375e-06,-7.876004562704098e-05,1.2746509783506715e-05,0.017091863212047354,0.003284650278405604,0.0032732666637653313,1.1981988766993079e-05,0.00372778326344249,0.0016407478432267576,0.0016407160699501734,8.634629445994375e-06,7.876004562704098e-05,
core_N128_s3,sine,3,128,5,0.1,76,599980,1.883877777528322e-05,0.019917268213211575,0.0012226572547470865,0.0012064331045044535,1.6224150242633018e-05,0.004591687688052017,1.68787811166226e-05,1.6745540926304372e-05,1.3000608360696569e-05,6.942261972213426e-05,1.883877777528322e-05,0.019917268213211575,0.0028755754867383354,0.0028648354489758943,1.6224150242633018e-05,0.004591687688052017,0.0016407478432267576,0.0016407160699501734,1.3000608360696569e-05,6.942261972213426e-05,
core_N128_s3,sine,3,128,5,1.0,76,599980,0.017842619804169298,1.4935305785593451,0.06662343638024622,0.06536004059586152,0.0012633957843846966,2.74048893485289,3.320048443735605e-05,0.00044273542210997407,0.13495503763667266,0.013450421218199032,0.017842619804169298,1.4935305785593451,0.06662343638024622,0.06536004059586152,0.0012633957843846966,2.74048893485289,0.0016407478432267576,0.0016407160699501734,0.13495503763667266,0.013450421218199032,599980
core_N128_s3,sine,3,128,5,10.0,76,599980,0.0021644976920912806,0.9999572351502707,0.0471779645047752,0.11317058158035474,0.06599261707557955,3.252201985577285,9.372726352516495e-06,4.947726469169333e-08,0.030407576363034632,0.11271891533944038,0.022305374380662924,1.3209457640006588,0.0471779645047752,0.11317058158035474,0.06764150245429701,4.159594438331468,0.0016407478432267576,0.0016407160699501734,0.11197666898942239,0.12427495576572528,301760
core_N128_s3,sine,3,128,5,100.0,76,599980,0.005585108589389905,0.9999999999996901,0.03658201077620078,0.05383721378184557,0.017255203005644787,1.4057892362986792,-2.0972062806896065e-05,7.167894721912482e-16,0.06949187445823896,0.03262690357223451,0.03430087490022527,1.8679170909549474,0.03658201077620078,0.05383721378184557,0.03125735824909613,2.3017414960912568,0.0016407478432267576,0.0016407160699501734,0.09164023227039017,0.051507533723409396,90640
core_N128_s3,runge,3,128,5,0.0001,76,599980,0.003428346737805897,1.3931528951181527,0.09670545236967791,0.10602828459373116,0.009322832224053251,3.123302518930295,3.7372559252239246e-05,6.731564884407453e-05,0.05494021745536738,0.002257205294375453,0.0043318489377129656,1.3931528951181527,0.09670545236967791,0.10602828459373116,0.009322832224053251,3.123302518930295,0.00036059987361436083,0.00036059222970897837,0.05494021745536738,0.0041112672985563065,107640
core_N128_s3,runge,3,128,5,0.001,76,599980,0.0034349189829574224,1.3953699885293414,0.09543762189932041,0.10578790207526835,0.01035028017594794,3.1569224248963357,3.573239586302327e-05,6.655361758373292e-05,0.05473038906298025,0.001999581087960986,0.004372962789961085,1.3953699885293414,0.09543762189932041,0.10578790207526835,0.01035028017594794,3.1569224248963357,0.00036059987361436083,0.00036059222970897837,0.054948733222282324,0.0034622461789794307,107640
core_N128_s3,runge,3,128,5,0.01,76,599980,0.0034426333275333256,1.3818342931498262,0.08564181725718491,0.10346072418267206,0.017818906925487155,3.4082648033149074,2.4279199559287307e-05,5.9549056913004124e-05,0.051639622376141704,-0.003367544772593864,0.004723708460977142,1.4100546616641347,0.08564181725718491,0.10346072418267206,0.017818906925487155,3.4082648033149074,0.00036059987361436083,0.00036059222970897837,0.05502160699690288,0.004665628640600911,107640
core_N128_s3,runge,3,128,5,0.1,76,599980,0.0027827651661782565,1.1377366633105466,0.056477579481462356,0.08785683979671137,0.031379260315249013,3.8115775207509746,1.1507122427719965e-05,2.5387601941106324e-05,0.02727027610876191,-0.008577915302692168,0.006606971435784495,1.5536523288907913,0.056477579481462356,0.08785683979671137,0.031379260315249013,3.8115775207509746,0.00036059987361436083,0.00036059222970897837,0.06116391806247101,0.008577915302692168,107640
core_N128_s3,runge,3,128,5,1.0,76,599980,0.002645114814868851,0.9974245407670741,0.040381490374444926,0.04774043550155545,0.007358945127110522,3.162223855013914,2.258336456208306e-05,-8.004598782192983e-09,0.01246393731542453,-0.007136470295921529,0.009253329368959324,2.1226941447342607,0.040381490374444926,0.04774043550155545,0.016027351242880086,3.162223855013914,0.00036059987361436083,0.00036059222970897837,0.06818905799757867,0.011922912034568453,90640
core_N128_s3,runge,3,128,5,10.0,76,599980,0.0014640911168341778,1.006335720907134,0.03800248927552523,0.027868471897238303,0.010134017378286925,2.929365060514099,1.2985350056726379e-05,-1.761996484249706e-07,0.0037985923655248174,-0.001835346790855702,0.00815552416476584,2.9955823661970493,0.03800248927552523,0.030144913720384817,0.012084980138114432,2.929365060514099,0.00036059987361436083,0.00036059222970897837,0.05142932558802508,0.005831550916601438,54140
core_N128_s3,runge,3,128,5,100.0,76,599980,0.0013231074481605866,1.0744595164188226,0.03367475355315455,0.015393451455505053,0.0182813020976495,2.598239653210651,1.3272109582984486e-05,-1.1392230671124684e-06,0.004014884270332686,0.0031791640606621957,0.01330657613213241,8.442937019207255,0.03367475355315455,0.018818076397588743,0.0182813020976495,2.598239653210651,0.00042331479967279775,0.0004260662061088856,0.02817352074166997,0.0031791640606621957,27220
core_N128_s3,moment3,3,128,5,0.0001,76,599980,0.00674698886225753,1.0130478714225748,0.12737504191414595,0.05242607028198286,0.07494897163216309,6.120077940078258,0.00011375688404820012,7.590254169562564e-05,0.03935522889380625,-0.01647517421943824,0.017042361262327645,1.0130478714225748,0.12737504191414595,0.05242607028198286,0.07494897163216309,6.120077940078258,0.0016278083900099708,0.0016278006681553665,0.03935522889380625,0.01647517421943824,254120
core_N128_s3,moment3,3,128,5,0.001,76,599980,0.006981197433859933,1.0596818124936984,0.1424473579545914,0.0538037521506851,0.0886436058039063,6.404187309090792,0.0001380118553278686,7.682499486213872e-05,0.055133614975687445,-0.02931395664228184,0.017589434579566965,1.0596818124936984,0.1424473579545914,0.0538037521506851,0.0886436058039063,6.404187309090792,0.0016279975012414892,0.0016279897961829274,0.055133614975687445,0.02931395664228184,254120
core_N128_s3,moment3,3,128,5,0.01,76,599980,0.0035677649207745323,1.4557637133829788,0.21076203558915035,0.06725588163031467,0.1435061539588357,6.176768087361863,0.00010629525174364917,9.089640916106986e-05,0.13850369851975067,-0.10062118642594428,0.019356269326618457,1.4557637133829788,0.21076203558915035,0.06725588163031467,0.1435061539588357,6.176768087361863,0.0016298857001208835,0.0016298781627295694,0.13850369851975067,0.10062118642594428,254120
core_N128_s3,moment3,3,128,5,0.1,76,599980,0.004879912638356186,0.9776014663165554,0.22756118152555715,0.1447755373603774,0.08278564416517975,3.236867166562625,0.00015106845316690897,0.00010561014530144208,0.17791696441581042,-0.06159263633995546,0.03267330605002814,0.9776014663165554,0.22756118152555715,0.1447755373603774,0.09445862888036845,3.4728490048802185,0.0016484780418968663,0.0016484721522918653,0.17791696441581042,0.06700516929551989,214000
core_N128_s3,moment3,3,128,5,1.0,76,599980,0.0007195921423301385,1.2152197854029891,0.1282445857290278,0.16923850839625226,0.04099392266722446,1.640675084120186,1.5386226898812996e-05,-6.252496561384578e-06,0.0413517361906993,0.009050048075571693,0.048688391749487914,3.799842232726046,0.1282445857290278,0.1694576603711771,0.04908858412179494,2.039604827778742,0.0018070909908786737,0.0018070990650213782,0.17497036054236262,0.04064404156681342,151780
core_N128_s3,moment3,3,128,5,10.0,76,599980,0.00021443525203580495,1.584262417287812,0.09680315573092883,0.0908906303810632,0.005912525349865638,1.38354426750735,1.8427384997318872e-06,-6.94245273204809e-06,0.017697167095596267,-0.011746635149499751,0.024781704596869493,1.8787117716668251,0.09680315573092883,0.09731063647773659,0.024629121143662613,1.38354426750735,0.001935030230946754,0.001935052418272174,0.16981978330236772,0.034643450596181125,64280
core_N128_s3,moment3,3,128,5,100.0,76,599980,0.0054985611303553636,5.708777334753091,0.056462311426411435,0.08314387289621335,0.026681561469801912,0.7236724778457578,2.1128869564107282e-05,9.789552457172429e-05,0.12044922941844671,0.03150469855560131,0.1628083554595364,85.11555200735158,0.056462311426411435,0.08314387289621335,0.03110843241286368,0.7236724778457578,0.005531303414971626,0.0032709369928110607,0.39357765239697207,0.03601335344322121,32340
core_N128_s3,moment5,3,128,5,0.0001,76,599980,2.805154981956061e-06,0.15099677567726338,0.0045958720341330445,0.004642417038260752,4.6545004127707124e-05,0.003039722586985895,1.8372618328914265e-07,2.344804347774939e-07,1.0505151462669344e-06,8.634641896512751e-05,1.1001854764670097e-05,0.15099677567726338,0.0045958720341330445,0.004642417038260752,4.6545004127707124e-05,0.003039722586985895,0.001645955430736953,0.0016459565073097052,4.3442341004778124e-06,8.634641896512751e-05,8180
core_N128_s3,moment5,3,128,5,0.001,76,599980,2.803645768091888e-06,0.1509834808747174,0.004592097887933022,0.004639163870492402,4.706598255937999e-05,0.0030380149394363164,1.8362404284772868e-07,2.3432566518274355e-07,1.0507568993664788e-06,8.621730668396943e-05,1.1001854764670097e-05,0.1509834808747174,0.004592097887933022,0.004639163870492402,4.706598255937999e-05,0.0030380149394363164,0.0016461481400788698,0.001646149225421483,4.34060053068218e-06,8.621730668396943e-05,8180
core_N128_s3,moment5,3,128,5,0.01,76,599980,2.7887573652989964e-06,0.1508535709883434,0.00455938080654851,0.004606662568610115,4.7281762061604504e-05,0.0030211844117899343,1.9055792413296723e-07,2.3279982945849373e-07,1.053879352989149e-06,8.494643457125639e-05,1.1001854764670097e-05,0.1508535709883434,0.00455938080654851,0.004606662568610115,4.7281762061604504e-05,0.0030211844117899343,0.0016480722896096045,0.0016480734624139683,4.304670502033584e-06,8.494643457125639e-05,8180
core_N128_s3,moment5,3,128,5,0.1,76,599980,2.6578899634972097e-06,0.14981929959766435,0.004267987149194727,0.004313888029858132,4.590088066340481e-05,0.0028744679047569156,1.9348477365722661e-07,2.3456047141344564e-07,1.1330582763261797e-06,-0.0001149325552829289,1.1001854764670097e-05,0.14981929959766435,0.004267987149194727,0.004313888029858132,4.590088066340481e-05,0.0028744679047569156,0.0016670211083204417,0.0016670231324663204,3.989081280785153e-06,0.0001149325552829289,6880
core_N128_s3,moment5,3,128,5,1.0,76,599980,2.1168356822184806e-06,0.149130955550751,0.0027796573600755853,0.002810675237241822,3.101787716623672e-05,0.0022934727273853338,1.6375075629395623e-07,1.9204674646424389e-07,1.8984231766435256e-06,-1.1867089105679907e-05,1.1001854764670097e-05,0.149130955550751,0.0027796573600755853,0.002810675237241822,3.101787716623672e-05,0.0022934727273853338,0.0018289110278647885,0.0018289195924153453,2.7421631434454745e-06,1.1867089105679907e-05,4120
core_N128_s3,moment5,3,128,5,10.0,76,599980,1.7998020798086225e-06,0.1650529682816743,0.0007187860509100391,0.0007396174854148452,2.0831434504806068e-05,0.001945958107870096,1.4836781229447379e-07,1.685010096604703e-07,3.1264754907508895e-06,-2.7495509170583077e-06,1.1001854764670097e-05,0.1650529682816743,0.0007187860509100391,0.0007396174854148452,2.0831434504806068e-05,0.001945958107870096,0.00196552233132565,0.001965537179623224,3.1264754907508895e-06,2.7495509170583077e-06,740
core_N128_s3,moment5,3,128,5,100.0,76,599980,2.3796613726718597e-06,0.2208997255654197,0.0002636983290747741,0.00028978055672795877,2.6082227653184686e-05,0.002214712464653924,2.0932107778047039e-07,2.394421716523883e-07,8.15720452580275e-06,1.2846806001221012e-06,1.1001854764670097e-05,0.2208997255654197,0.0002636983290747741,0.00028978055672795877,2.6082227653184686e-05,0.002214712464653924,0.0020924050557520548,0.0020924190203659007,8.15720452580275e-06,1.2846806001221012e-06,80
core_N128_s3,moment9,3,128,5,0.0001,76,599980,5.16179714911763e-08,0.004818741460811673,0.004197624064189484,0.004198446536328823,8.224721393390588e-07,8.383227594995422e-05,-1.5695820265815523e-07,-1.563002991489473e-07,1.0708818358421594e-06,3.7331246275223995e-06,9.79937640813971e-06,0.005797307470356671,0.004395571505148507,0.004395485370428748,8.224721393390588e-07,8.383227594995422e-05,0.0016458681623203115,0.0016458672220951971,3.849321387882988e-06,6.067240314280853e-06,
core_N128_s3,moment9,3,128,5,0.001,76,599980,5.1551652441346437e-08,0.004815325223738067,0.004194176189067547,0.004194996922481403,8.207334138560229e-07,8.372070996862845e-05,-1.5678292566042397e-07,-1.5612625786400424e-07,1.069606337413086e-06,3.726668328846161e-06,9.79937640813971e-06,0.005793289371661183,0.004391908979244422,0.004391822770917375,8.207334138560229e-07,8.372070996862845e-05,0.0016460608607992279,0.001646059928119837,3.845944279666267e-06,6.056573683216326e-06,
core_N128_s3,moment9,3,128,5,0.01,76,599980,5.089980896987331e-08,0.004781705157698049,0.004159739287980635,0.004160543014806631,8.037268259958319e-07,8.262448101188524e-05,-1.5506099788911768e-07,-1.5441643858330453e-07,1.0570687705158274e-06,1.8493511611400448e-06,9.79937640813971e-06,0.005753662060361499,0.00435536136922926,0.004355274471013429,8.037268259958319e-07,8.262448101188524e-05,0.0016479849017724951,0.0016479840443208702,3.812616825222996e-06,1.8493511611400448e-06,
core_N128_s3,moment9,3,128,5,0.1,76,599980,4.5349476174346146e-08,0.004491939829537368,0.0038640787654403708,0.003864824488900534,7.457234601632168e-07,7.331517858852778e-05,-1.4912895307742313e-07,-1.4854494447150282e-07,9.501667212150827e-07,1.08161515439964e-06,9.79937640813971e-06,0.005411752659029599,0.004055997167372982,0.004055949495696307,7.457234601632168e-07,7.331517858852778e-05,0.0016669326421314985,0.0016669325144182219,3.516683784228216e-06,1.7117008686007296e-06,
core_N128_s3,moment9,3,128,5,1.0,76,599980,2.5196110505469963e-08,0.0033576008053459758,0.002469161384993701,0.0024695200399351414,3.586549414402729e-07,3.98580844043416e-05,-1.0269230081579075e-07,-1.0241372980035715e-07,5.565756260618533e-07,1.144963868437987e-07,9.79937640813971e-06,0.004066102339872873,0.0026003729671407183,0.002600335685375668,3.586549414402729e-07,3.98580844043416e-05,0.0018288124707652568,0.001828817738905626,2.402191609986464e-06,2.2159733055471253e-07,
core_N128_s3,moment9,3,128,5,10.0,76,599980,1.1585611316984326e-08,0.0025694999160268918,0.0004793491180733883,0.0004794894155584345,1.4029748504618134e-07,1.837236498010465e-05,-6.023253560831388e-08,-6.0146538689158e-08,3.661465821101554e-07,9.762248293077036e-08,9.79937640813971e-06,0.0031418604592249925,0.0005628555084560283,0.0005628490755742038,1.4029748504618134e-07,1.837236498010465e-05,0.0019653852585906698,0.0019653923746451646,1.6318338189156486e-06,9.762248293077036e-08,
core_N128_s3,moment9,3,128,5,100.0,76,599980,9.527592241549825e-09,0.00612946921574501,1.0569659365466944e-05,1.0646360352348228e-05,7.670098688128402e-08,1.1261695712288746e-05,-2.9553063549476285e-08,-2.9494657321592305e-08,3.153290513810434e-07,-7.763574233488058e-08,9.79937640813971e-06,0.00612946921574501,6.0485556519551675e-05,6.048484115142583e-05,7.670098688128402e-08,1.1261695712288746e-05,0.0020922854140915767,0.0020922937721469933,1.6013022007647926e-06,7.763574233488058e-08,
core_N128_s3,sine,3,128,7,0.0001,76,599980,5.899834784583347e-07,0.0008116327397554554,-0.000452845815033992,-0.00045263012645720135,2.1568857679066245e-07,0.00015441587842581983,1.2359888326433942e-05,1.236341881886933e-05,4.1821274214030553e-07,2.8098321658426295e-06,5.899834784583347e-07,0.0008116327397554554,0.003329044299071632,0.003329564028612092,5.355205349166781e-07,0.00015441587842581983,0.0016407478432267576,0.0016407494718706055,4.1821274214030553e-07,2.8098321658426295e-06,
core_N128_s3,sine,3,128,7,0.001,76,599980,5.926661355663503e-07,0.000813430377649259,-0.0004372275723720648,-0.000437007295666314,2.2027670575075486e-07,0.00015481580554573544,1.2409194557434671e-05,1.241274685825249e-05,4.2055996453871076e-07,2.8142322129331987e-06,5.926661355663503e-07,0.000813430377649259,0.0033249123662413144,0.003325431141984081,5.347055799242995e-07,0.00015481580554573544,0.0016407478432267576,0.0016407494718706055,4.2055996453871076e-07,2.8142322129331987e-06,
core_N128_s3,sine,3,128,7,0.01,76,599980,6.201383590415903e-07,0.0008315468457881161,-0.00028222736840999296,-0.0002819606790974982,2.6668931249473893e-07,0.00015887734207034718,1.2905736982961512e-05,1.2909513963639173e-05,4.4453685297780504e-07,2.859328609453038e-06,6.201383590415903e-07,0.0008315468457881161,0.003284650278405604,0.0032851596018930868,5.266373045154094e-07,0.00015887734207034718,0.0016407478432267576,0.0016407494718706055,4.4453685297780504e-07,2.859328609453038e-06,
core_N128_s3,sine,3,128,7,0.1,76,599980,9.78210603784071e-07,0.0010342116243940921,0.0012226572547470865,0.0012233701433471272,7.128886000407064e-07,0.00020689318662893682,1.68787811166226e-05,1.688540382144372e-05,7.475312856110723e-07,-2.159218485772718e-06,9.78210603784071e-07,0.0010342116243940921,0.0028755754867383354,0.0028760488994021838,7.128886000407064e-07,0.00020689318662893682,0.0016407478432267576,0.0016407494718706055,7.475312856110723e-07,2.159218485772718e-06,
core_N128_s3,sine,3,128,7,1.0,76,599980,0.013834301037376751,1.158011091369517,0.06662343638024622,0.0410591100906255,0.025564326289620715,2.8522565791419354,3.320048443735605e-05,0.00014635549193757122,0.07759537340924404,-0.010076458323980797,0.013834301037376751,1.158011091369517,0.06662343638024622,0.0410591100906255,0.025564326289620715,2.8522565791419354,0.0016407478432267576,0.0016407494718706055,0.07759537340924404,0.010076458323980797,599980
core_N128_s3,sine,3,128,7,10.0,76,599980,0.002107135347309636,0.9734569104332828,0.0471779645047752,0.05167548074168403,0.004497516236908833,3.5142513456088733,9.372726352516495e-06,1.563484074309766e-05,0.03383142914727718,0.038010660716303005,0.01847336005532069,1.0940101831731548,0.0471779645047752,0.05167548074168403,0.004497516236908833,4.424361676969278,0.0016407478432267576,0.0016407494718706055,0.04957810775279009,0.04531604147304755,254120
core_N128_s3,sine,3,128,7,100.0,76,599980,0.005587876705841362,1.0004956244637722,0.03658201077620078,0.031208696552451967,0.005373314223748815,1.933737210706897,-2.0972062806896065e-05,1.031782474067147e-05,0.08739720124082248,-0.004927634719217144,0.03167049765101752,1.4482312107684492,0.03658201077620078,0.031208696552451967,0.007961007783315988,2.7786018181929326,0.0016407478432267576,0.0016407494718706055,0.08739720124082248,0.016996654466632774,107640
core_N128_s3,runge,3,128,7,0.0001,76,599980,0.0022942649062302396,0.9323041222861275,0.09670545236967791,0.04529073599779647,0.05141471637188144,3.744051754005095,3.7372559252239246e-05,1.907590913722322e-05,0.007682156965659812,0.017150827080541456,0.008684452999454594,1.2227632331242297,0.09670545236967791,0.04529073599779647,0.05141471637188144,3.744051754005095,0.00036059987361436083,0.0003606002352364997,0.05550729951812679,0.017150827080541456,127820
core_N128_s3,runge,3,128,7,0.001,76,599980,0.0023100688404494624,0.9384211818075101,0.09543762189932041,0.045191833017850944,0.050245788881469466,3.747727040191384,3.573239586302327e-05,1.9018248734200025e-05,0.007684822715787118,0.016717847228320246,0.008721067914930491,1.225489433090738,0.09543762189932041,0.045191833017850944,0.050245788881469466,3.747727040191384,0.00036059987361436083,0.0003606002352364997,0.05556279374436551,0.016717847228320246,127820
core_N128_s3,runge,3,128,7,0.01,76,599980,0.002433506932754152,0.9767823094616176,0.08564181725718491,0.04426996374794946,0.041371853509235446,3.7886399166266647,2.4279199559287307e-05,1.797922291536646e-05,0.008510792408321725,0.014057863156453895,0.009037453998581189,1.2513624094414642,0.08564181725718491,0.04426996374794946,0.041371853509235446,3.7886399166266647,0.00036059987361436083,0.0003606002352364997,0.05572658658247621,0.014057863156453895,127820
core_N128_s3,runge,3,128,7,0.1,76,599980,0.0024746266476421293,1.0117538839593798,0.056477579481462356,0.0386198348683912,0.017857744613071158,3.84188651791473,1.1507122427719965e-05,1.2462578327622147e-05,0.014925638118501353,0.012902929645763159,0.009895184599075787,1.5356514488396888,0.056477579481462356,0.0386198348683912,0.019517754229718534,3.84188651791473,0.00036059987361436083,0.0003606002352364997,0.04862033209644096,0.012902929645763159,127820
core_N128_s3,runge,3,128,7,1.0,76,599980,0.0027566873418814163,1.0394965052399083,0.040381490374444926,0.03192106445024957,0.008460425924195353,3.042442840178782,2.258336456208306e-05,5.797434779641556e-06,0.017288528611316797,-0.005570311233259781,0.01494776766169294,1.6528690046357744,0.040381490374444926,0.03192106445024957,0.008460425924195353,3.042442840178782,0.00036059987361436083,0.0003606002352364997,0.038050934599631436,0.006625304362201795,107640
core_N128_s3,runge,3,128,7,10.0,76,599980,0.0014717664892106375,1.0116113497972243,0.03800248927552523,0.024358767164887565,0.013643722110637663,2.81058253023996,1.2985350056726379e-05,-5.266956689222082e-07,0.028173895748036852,-0.0016703179361269166,0.008988143858493428,1.6575928096441246,0.03800248927552523,0.024400020981118237,0.013643722110637663,2.81058253023996,0.00036059987361436083,0.0003606002352364997,0.028173895748036852,0.0016703179361269166,64280
core_N128_s3,runge,3,128,7,100.0,76,599980,0.001232011704564685,1.0004831445467282,0.03367475355315455,0.012480778552842159,0.021193975000312393,2.2617912662283275,1.3272109582984486e-05,-1.2276453471286312e-08,0.029497539773913894,-7.714449768182752e-05,0.006489464009426021,1.0522699783648848,0.03367475355315455,0.016414138789227206,0.021193975000312393,2.2617912662283275,0.00042331479967279775,0.00042285624161866685,0.032609761789678934,0.0015489237275018164,32340
core_N128_s3,moment3,3,128,7,0.0001,76,599980,0.004390613505164845,0.6592424793418432,0.12737504191414595,0.013903462072657552,0.1134715798414884,5.2191178090333805,0.00011375688404820012,5.119302157853383e-05,0.21648866045468657,-0.08446918313504154,0.017384764601465395,0.9167813310625296,0.12737504191414595,0.013903462072657552,0.1134715798414884,5.2191178090333805,0.0016278083900099708,0.001627809427655435,0.2522556824819118,0.08594750792646566,301760
core_N128_s3,moment3,3,128,7,0.001,76,599980,0.004211809980260685,0.6393141686717747,0.1424473579545914,0.014348980210686924,0.12809837774390448,5.493253473397093,0.0001380118553278686,5.407734892920812e-05,0.20072803128563452,-0.10006642323773357,0.017807596098119636,0.9203396408405203,0.1424473579545914,0.014348980210686924,0.12809837774390448,5.493253473397093,0.0016279975012414892,0.001627998538200994,0.2517930437841663,0.10006642323773357,301760
core_N128_s3,moment3,3,128,7,0.01,76,599980,0.005580226492536156,2.276913255408365,0.21076203558915035,0.020019180632899272,0.1907428549562511,5.445570110815512,0.00010629525174364917,5.467380526027838e-05,0.11777755243369076,-0.1822715283265336,0.021844648122867457,2.276913255408365,0.21076203558915035,0.020019180632899272,0.1907428549562511,5.445570110815512,0.0016298857001208835,0.0016298867302307735,0.2457153231419823,0.1822715283265336,301760
core_N128_s3,moment3,3,128,7,0.1,76,599980,0.008543155493341788,1.7114653388702055,0.22756118152555715,0.05633310624248726,0.17122807528306988,3.2412512771352064,0.00015106845316690897,-0.00012692306599392588,0.06187517827476832,-0.17077160824317905,0.03598095056400937,1.7114653388702055,0.22756118152555715,0.05633310624248726,0.17122807528306988,3.558274860215989,0.0016484780418968663,0.0016484790044947084,0.23876051841776505,0.17077160824317905,301760
core_N128_s3,moment3,3,128,7,1.0,76,599980,0.0006161532232070833,1.0405360809756463,0.1282445857290278,0.09591454043525628,0.03233004529377152,0.5619820253544332,1.5386226898812996e-05,4.134587813593138e-05,0.03290984347384131,-0.0439492119737325,0.06915113067016411,1.0405360809756463,0.1282445857290278,0.09591454043525628,0.05949577226927265,1.5175905199109354,0.0018070909908786737,0.0018070913649515792,0.2526021574471265,0.05886149592981149,180220
core_N128_s3,moment3,3,128,7,10.0,76,599980,9.06682017891092e-05,0.6698629221354372,0.09680315573092883,0.07186099065968703,0.024942165071241806,0.8114417471629295,1.8427384997318872e-06,5.085849637675657e-06,0.0033102004404187576,-0.024888898494831446,0.024942411433039192,1.1309763856258686,0.09680315573092883,0.07186099065968703,0.0260753862658111,0.8230001481998814,0.001935030230946754,0.0019350301106563713,0.064265055658184,0.02679736517032051,90640
core_N128_s3,moment3,3,128,7,100.0,76,599980,0.0009404627419120944,0.9764176950889926,0.056462311426411435,0.030691972428599598,0.025770338997811837,0.7967689702747632,2.1128869564107282e-05,8.47901186668449e-08,0.0014974226212052107,-0.031060326909966976,0.14415600124719405,0.9785134503454359,0.056462311426411435,0.030691972428599598,0.025770338997811837,0.7967689702747632,0.005531303414971626,0.002061759991332837,0.14144398593044266,0.031060326909966976,32340
core_N128_s3,moment5,3,128,7,0.0001,76,599980,2.7097343784097033e-07,0.014586044504264319,0.0045958720341330445,0.004592266660384189,3.6053737488550563e-06,0.0003016549350541243,1.8372618328914265e-07,1.805474016456951e-07,9.685215059378514e-08,-6.769760998365237e-06,5.261518060025956e-07,0.014586044504264319,0.0045958720341330445,0.004592266660384189,3.6053737488550563e-06,0.0003016549350541243,0.001645955430736953,0.001645955814198877,1.9070289918318076e-07,6.769760998365237e-06,
core_N128_s3,moment5,3,128,7,0.001,76,599980,2.707934122845469e-07,0.01458291644756862,0.004592097887933022,0.004588496943986262,3.600943946760471e-06,0.00030142844005765125,1.8362404284772868e-07,1.8044897018759207e-07,9.64515237966713e-08,-6.758448568663922e-06,5.261518060025956e-07,0.01458291644756862,0.004592097887933022,0.004588496943986262,3.600943946760471e-06,0.00030142844005765125,0.0016461481400788698,0.0016461485231618175,1.9051331571412195e-07,6.758448568663922e-06,
core_N128_s3,moment5,3,128,7,0.01,76,599980,2.6902095031548744e-07,0.014552277487725402,0.00455938080654851,0.00455567355456217,3.707251986340143e-06,0.0002992015554463521,1.9055792413296723e-07,1.8729029124491325e-07,9.269015500368394e-08,-6.647372201781798e-06,5.261518060025956e-07,0.014552277487725402,0.00455938080654851,0.00455567355456217,3.707251986340143e-06,0.0002992015554463521,0.0016480722896096045,0.001648072668910849,1.8863838700901105e-07,6.647372201781798e-06,
core_N128_s3,moment5,3,128,7,0.1,76,599980,2.5369321390451133e-07,0.014300117815954961,0.004267987149194727,0.004264441596187787,3.5455530069394836e-06,0.00028018802774488376,1.9348477365722661e-07,1.9034754047484024e-07,7.790885049436654e-08,1.0059638355888745e-05,5.261518060025956e-07,0.014300117815954961,0.004267987149194727,0.004264441596187787,3.5455530069394836e-06,0.00028018802774488376,0.0016670211083204417,0.001667021450596619,1.716991711459913e-07,1.0059638355888745e-05,
core_N128_s3,moment5,3,128,7,1.0,76,599980,1.9356970070214132e-07,0.013636974600281612,0.0027796573600755853,0.0027774557087722473,2.201651303337937e-06,0.0002105130144443515,1.6375075629395623e-07,1.6174699653663556e-07,1.909955028761064e-07,1.0666701161649028e-06,5.261518060025956e-07,0.013636974600281612,0.0027796573600755853,0.0027774557087722473,2.201651303337937e-06,0.0002105130144443515,0.0018289110278647885,0.0018289110677767496,1.909955028761064e-07,1.0666701161649028e-06,
core_N128_s3,moment5,3,128,7,10.0,76,599980,1.5817672048106e-07,0.014505782342042708,0.0007187860509100391,0.0007175209344381928,1.2651164718463503e-06,0.0001715745603671091,1.4836781229447379e-07,1.4712929237933375e-07,2.935773147819103e-07,4.0390673294865564e-07,5.261518060025956e-07,0.014505782342042708,0.0007187860509100391,0.0007175209344381928,1.2651164718463503e-06,0.0001715745603671091,0.00196552233132565,0.0019655218067534943,2.935773147819103e-07,4.0390673294865564e-07,
core_N128_s3,moment5,3,128,7,100.0,76,599980,1.9549454018012766e-07,0.018147409867329475,0.0002636983290747741,0.00026221969251424837,1.4786365605257146e-06,0.0001895483131211066,2.0932107778047039e-07,2.0763097623665826e-07,6.031097215533812e-07,9.485744296988674e-08,5.261518060025956e-07,0.018147409867329475,0.0002636983290747741,0.00026221969251424837,1.4786365605257146e-06,0.0001895483131211066,0.0020924050557520548,0.0020924047447886058,6.031097215533812e-07,1.0233670991177668e-07,
core_N128_s3,moment9,3,128,7,0.0001,76,599980,2.94716590350818e-09,0.00027512957446522326,0.004197624064189484,0.004197572154312823,5.190987666103819e-08,4.7514902494455265e-06,-1.5695820265815523e-07,-1.5699810105205138e-07,4.6237823528065565e-08,-1.6664515657682788e-07,4.1306491128562766e-07,0.00033103632543695033,0.004395571505148507,0.00439557361781813,5.190987666103819e-08,4.7514902494455265e-06,0.0016458681623203115,0.0016458684833082664,1.4817048679598153e-07,2.7803682178806355e-07,
core_N128_s3,moment9,3,128,7,0.001,76,599980,2.942417824355854e-09,0.0002748447061812005,0.004194176189067547,0.004194124388185741,5.180088180622988e-08,4.743567926936844e-06,-1.5678292566042397e-07,-1.5682274724044596e-07,4.6173950206716125e-08,-1.6628566840148906e-07,4.1306491128562766e-07,0.00033068334623880495,0.004391908979244422,0.004391911096963616,5.180088180622988e-08,4.743567926936844e-06,0.0016460608607992279,0.0016460611814918657,1.4800444110306071e-07,2.7746072640832953e-07,
core_N128_s3,moment9,3,128,7,0.01,76,599980,2.895845738572038e-09,0.0002720458246164277,0.004159739287980635,0.004159688552862056,5.0735118578559835e-08,4.665880929238375e-06,-1.5506099788911768e-07,-1.5510006721120405e-07,4.5547463392012337e-08,-9.967875594374398e-08,4.1306491128562766e-07,0.0003272105220540657,0.00435536136922926,0.004355363535116466,5.0735118578559835e-08,4.665880929238375e-06,0.0016479849017724951,0.0016479852195195504,1.4636470792955788e-07,9.967875594374398e-08,
core_N128_s3,moment9,3,128,7,0.1,76,599980,2.5065883365567736e-09,0.00024828167677055923,0.0038640787654403708,0.003864032662769218,4.610267115290334e-08,4.018010432869556e-06,-1.4912895307742313e-07,-1.491641008591616e-07,4.030566779600109e-08,1.6961198626153084e-08,4.1306491128562766e-07,0.00029772478178159055,0.004055997167372982,0.004055998065576369,4.610267115290334e-08,4.018010432869556e-06,0.0016669326421314985,0.0016669329311691165,1.3270781493201856e-07,7.828236527063215e-08,
core_N128_s3,moment9,3,128,7,1.0,76,599980,1.2301248595430042e-09,0.0001639248334849553,0.002469161384993701,0.0024691402329863193,2.115200738173062e-08,1.9088518444961193e-06,-1.0269230081579075e-07,-1.0270855459821127e-07,2.2643663293008733e-08,4.7697952532121946e-09,4.1306491128562766e-07,0.00019142067290330158,0.0026003729671407183,0.0026003739902735606,2.115200738173062e-08,1.9088518444961193e-06,0.0018288124707652568,0.0018288125361159773,8.168013233061079e-08,6.355925813439356e-09,
core_N128_s3,moment9,3,128,7,10.0,76,599980,6.095118724533788e-10,0.0001351798072830574,0.0004793491180733883,0.0004793414600410967,7.658032291635308e-09,8.613746132374016e-07,-6.023253560831388e-08,-6.023786670436094e-08,1.5638985719691017e-08,3.357957203964368e-09,4.1306491128562766e-07,0.0001351798072830574,0.0005628555084560283,0.0005628556952861491,7.658032291635308e-09,8.613746132374016e-07,0.0019653852585906698,0.0019653850640711785,4.810420615274026e-08,3.357957203964368e-09,
core_N128_s3,moment9,3,128,7,100.0,76,599980,5.608466079740187e-10,0.00036081435174565766,1.0569659365466944e-05,1.0564300933629811e-05,5.358431837132471e-09,6.609490505743536e-07,-2.9553063549476285e-08,-2.9557456557155645e-08,1.115399670578697e-08,6.336428798325855e-09,4.1306491128562766e-07,0.00036081435174565766,6.0485556519551675e-05,6.048557764337659e-05,5.358431837132471e-09,6.609490505743536e-07,0.0020922854140915767,0.002092285268257997,4.57080217261433e-08,6.336428798325855e-09,
