target,kappa,seed,n,m,eta_geometry,eta_readout,bundle,degree,requested_end,trace_states,completed_updates,failed_update,complete,checkpoint_step,initial_mean_gamma,mean_gamma,median_gamma,mean_lambda,signed_mean_change,last_preupdate_mse,window_mean_mse,window_median_mse,heldout_mse,heldout_relative_l2,initial_coarse_norm,last_coarse_norm,normalized_slope_gradient,cumulative_coarse_motion,cumulative_remainder_motion,cumulative_crossing_remainder,recorded_signed_motion,loss_increases,max_preactivation,first_radius_exceedance,descent_ratio_floor,descent_ratio_count,descent_ratio_min,descent_ratio_median,coarse_10pct_step,coarse_10pct_persists20,coarse_10pct_mean_gamma,coarse_1pct_step,coarse_1pct_persists20,coarse_1pct_mean_gamma,fraction_gamma_1,fraction_gamma_1_population0.1_step,fraction_gamma_1_population0.5_step,fraction_gamma_4,fraction_gamma_4_population0.1_step,fraction_gamma_4_population0.5_step,fraction_gamma_16,fraction_gamma_16_population0.1_step,fraction_gamma_16_population0.5_step,fraction_lambda_005,fraction_lambda_005_population0.1_step,fraction_lambda_005_population0.5_step,fraction_lambda_01,fraction_lambda_01_population0.1_step,fraction_lambda_01_population0.5_step,fraction_lambda_025,fraction_lambda_025_population0.1_step,fraction_lambda_025_population0.5_step
sine,0.0001,0,128,2048,0.002,2.0000000000000002e-07,core_N128_s0,0,600000,600000,600000,0,True,600000,0.08804407411763386,0.07821070971891687,0.08015677548200024,0.0012220423393580762,-0.009833364398716987,0.42400539167367074,0.4240133599944681,0.42401340876063165,0.4240056308751193,0.9208752693770414,0.6225231050928665,0.0005269116844492194,0.0006937454946259005,0.005622169160373609,-0.01545951198623993,3.97842714933467e-06,-0.009833364398716989,0,0.40636588763039216,,1e-24,599999,0.9985072572749542,0.9999995056778498,1529,True,0.08460651849123461,3268,True,0.08469438447921483,0.0,,,0.0,,,0.0,,,0.0,,,0.0,,,0.0,,
sine,0.001,0,128,2048,0.002,2e-06,core_N128_s0,0,600000,600000,600000,0,True,600000,0.08804407411763386,0.07822614184674362,0.08015193941137162,0.001222283466355369,-0.009817932270890242,0.42400510337162056,0.42401308816098215,0.42401313718948697,0.4240053425720267,0.9208749563019147,0.6225231050928665,0.0005272418884884846,0.0006944181704695468,0.0056328376704239,-0.01545454932660885,3.779385294702726e-06,-0.00981793227089025,0,0.40632550086136887,,1e-24,599999,0.9985050463065097,0.9999995064327063,1528,True,0.08461154214492507,3266,True,0.08469875719062236,0.0,,,0.0,,,0.0,,,0.0,,,0.0,,,0.0,,
sine,0.01,0,128,2048,0.002,2e-05,core_N128_s0,0,600000,600000,600000,0,True,600000,0.08804407411763386,0.0783795499833145,0.08010310385918204,0.0012246804684892892,-0.009664524134319355,0.4240021674172473,0.42401032139865186,0.42401037314113893,0.4240024066069323,0.9208717680621252,0.6225231050928665,0.0005305371156137501,0.0007012981916861231,0.005736570557169716,-0.015404339911604925,3.2452201158382137e-06,-0.009664524134319372,0,0.4059229750709804,,1e-24,599999,0.9984829514542705,0.9999995119020367,1518,True,0.08466101742285274,3243,True,0.08474163368270608,0.0,,,0.0,,,0.0,,,0.0,,,0.0,,,0.0,,
sine,0.1,0,128,2048,0.002,0.0002,core_N128_s0,0,600000,600000,600000,0,True,600000,0.08804407411763386,0.08000813057620271,0.08160912352392982,0.0012501270402531673,-0.008035943541431154,0.4239671351798454,0.42397750590058786,0.4239775960336021,0.4239673742250511,0.9208337246485394,0.6225231050928665,0.0005632025548793365,0.0007864258218503733,0.006809342100644163,-0.014850720392270691,5.434750195369087e-06,-0.00803594354143116,0,0.40203787519730716,,1e-24,599999,0.9982633254643877,0.9999995784499243,1419,True,0.08508582860677845,3026,True,0.08518928672423252,0.0,,,0.0,,,0.0,,,0.0,,,0.0,,,0.0,,
sine,1.0,0,128,2048,0.002,0.002,core_N128_s0,0,600000,600000,600000,0,True,600000,0.08804407411763386,0.1085277335811628,0.10227114461181887,0.0016957458372056687,0.02048365946352894,0.3887007387263822,0.408787206176411,0.4112728668783161,0.3886971579987188,0.8816996744909446,0.6225231050928665,0.008813112674959779,0.04235336141125501,0.02375479608377136,-0.0032737771970823885,2.6405768399697097e-06,0.02048365946352894,0,1.4044991242046352,,1e-24,599999,0.9961268052861217,1.0000007207980606,842,True,0.08668597729418513,1781,True,0.08695689596451843,0.005649717514124294,,,0.0,,,0.0,,,0.0,,,0.0,,,0.0,,
sine,10.0,0,128,2048,0.002,0.02,core_N128_s0,0,600000,600000,600000,0,True,600000,0.08804407411763386,0.1528458169584723,0.11303886329014501,0.0023882158899761296,0.06480174284083844,0.041694283146452085,0.043341224953962275,0.043337147826171346,0.04169427710118251,0.28877076410600333,0.6225231050928665,0.0006092258260675593,0.021124725967526486,0.01188854872627207,0.05291295090778945,2.432067769249367e-07,0.06480174284083844,0,5.957046977194634,263576,1e-24,599999,0.9752208938858105,0.9999995089021534,160,True,0.08783825925511507,338,True,0.08791007996884125,0.01694915254237288,,,0.005649717514124294,,,0.0,,,0.005649717514124294,,,0.0,,,0.0,,
sine,100.0,0,128,2048,0.002,0.2,core_N128_s0,0,600000,600000,600000,0,True,600000,0.08804407411763386,0.12879740872067083,0.11322654642435646,0.0020124595112604817,0.04075333460303697,0.005946096496499589,0.00806262006016129,0.006042385784921804,0.005946080764736759,0.10905118765732685,0.6225231050928665,0.00016897271686385548,0.014348086687824429,0.024837867697267393,0.015915463586082826,3.3196867401204467e-09,0.040753334603036956,582,4.77529678692812,106562,1e-24,599999,-0.006267156643413055,0.9999979794339767,17,True,0.0880206523367554,35,True,0.08802877318257848,0.011299435028248588,,,0.0,,,0.0,,,0.0,,,0.0,,,0.0,,
runge,0.0001,0,128,2048,0.002,2.0000000000000002e-07,core_N128_s0,0,600000,600000,600000,0,True,600000,0.08804407411763386,0.18522900132955136,0.07411576490839442,0.00289420314577424,0.0971849272119175,0.022763916288896943,0.022999849300886756,0.022999092241377955,0.022763897963088434,0.38130093138963006,0.6667640510156251,0.00014835031264451236,0.015801426913446933,-0.0014097131456956387,0.09859318516428689,1.4551933261828033e-06,0.09718492721191745,0,3.1264050537040973,208558,1e-24,599999,0.997978229167425,0.999999302674725,937,True,0.08553174633936692,2578,True,0.08510648514577838,0.03954802259887006,,,0.0,,,0.0,,,0.0,,,0.0,,,0.0,,
runge,0.001,0,128,2048,0.002,2e-06,core_N128_s0,0,600000,600000,600000,0,True,600000,0.08804407411763386,0.18406060648940434,0.07379267861073094,0.0028759469763969428,0.09601653237177048,0.02235439707225439,0.02259827102739096,0.02259754188788625,0.022354377872724752,0.37785558421600224,0.6667640510156251,0.00015095024713216538,0.01602762018329383,-0.0013055989221093032,0.0973208165728123,1.3147210674634305e-06,0.09601653237177046,0,3.1522163702438695,208060,1e-24,599999,0.9979753221899367,0.9999993431391807,936,True,0.08553362852709848,2576,True,0.0851088863098397,0.03954802259887006,,,0.0,,,0.0,,,0.0,,,0.0,,,0.0,,
runge,0.01,0,128,2048,0.002,2e-05,core_N128_s0,0,600000,600000,600000,0,True,600000,0.08804407411763386,0.17467363050261836,0.0767832648586429,0.002729275476603412,0.0866295563849845,0.01895594411141782,0.01926290227286614,0.01926227863748174,0.018955917855098512,0.347950095472537,0.6667640510156251,0.00020623981093278472,0.018394177316688028,-0.000641065184325539,0.0872693581200545,1.263449255546324e-06,0.08662955638498451,0,3.352045188601322,203498,1e-24,599999,0.9979462839676192,0.9999995701685163,929,True,0.08555016708620858,2559,True,0.08513255716061272,0.02824858757062147,,,0.0,,,0.0,,,0.0,,,0.0,,,0.0,,
runge,0.1,0,128,2048,0.002,0.0002,core_N128_s0,0,600000,600000,600000,0,True,600000,0.08804407411763386,0.14624212031215478,0.07921645756148847,0.0022850331298774184,0.05819804619452092,0.013282212108430233,0.013654578116057322,0.013654541392519063,0.013282178334085331,0.2912588996767602,0.6667640510156251,0.0007546822101724592,0.022678404266333742,-0.000932075454776812,0.059129411096886,7.105524117306108e-07,0.05819804619452092,0,3.6092947021747643,175150,1e-24,599999,0.9976586621629158,0.999999994081056,867,True,0.08572134455419464,2392,True,0.08534762133194186,0.01694915254237288,,,0.0,,,0.0,,,0.0,,,0.0,,,0.0,,
runge,1.0,0,128,2048,0.002,0.002,core_N128_s0,0,600000,600000,600000,0,True,600000,0.08804407411763386,0.12554883303297096,0.08613079360122779,0.001961700516140171,0.0375047589153371,0.007468273838032228,0.008032405886690776,0.00802608868211457,0.007468220344723539,0.21840024061102775,0.6667640510156251,0.0008719224015174016,0.0344914387247287,-0.0031877838114860195,0.040691859339117384,6.833877057319238e-07,0.0375047589153371,0,4.368236292979964,117858,1e-24,599999,0.9948961102910034,1.000000204253063,510,True,0.08668369561174523,1422,True,0.08648808487220903,0.011299435028248588,,,0.0,,,0.0,,,0.005649717514124294,,,0.0,,,0.0,,
runge,10.0,0,128,2048,0.002,0.02,core_N128_s0,0,600000,600000,600000,0,True,600000,0.08804407411763386,0.128700734027834,0.09660501250577003,0.002010948969184906,0.040656659910200135,0.004062690416539034,0.004112309906417617,0.00411217674397335,0.0040626910320974135,0.1610836451671007,0.6667640510156251,0.0001037563280535303,0.014692699869184362,0.0022782246247980576,0.038378421747603884,1.353779820762559e-08,0.04065665991020015,0,3.8941299478800255,106621,1e-24,599999,0.9680231583115958,1.000000078971903,97,True,0.08779874448321186,270,True,0.08776087211282536,0.01694915254237288,,,0.0,,,0.0,,,0.005649717514124294,,,0.0,,,0.0,,
runge,100.0,0,128,2048,0.002,0.2,core_N128_s0,0,600000,600000,600000,0,True,600000,0.08804407411763386,0.11926803645205637,0.088575776905916,0.0018635630695633808,0.03122396233442251,0.0035173979586395968,0.0035836624277693603,0.0035833690231539777,0.003517394962348764,0.14988394646488543,0.6667640510156251,2.702314368331655e-05,0.021053051150506867,-0.0003619464780332099,0.03158590731128273,1.5011729790964451e-09,0.031223962334422498,0,3.339856904616476,128277,1e-24,599999,0.6998902610719315,0.9999996332368911,10,True,0.08801715160933823,28,True,0.08801368945568923,0.011299435028248588,,,0.0,,,0.0,,,0.0,,,0.0,,,0.0,,
moment3,0.0001,0,128,2048,0.002,2.0000000000000002e-07,core_N128_s0,0,600000,600000,600000,0,True,600000,0.08804407411763386,0.3502072837376293,0.18055730731181402,0.005471988808400458,0.26216320961999545,0.3350961346871386,0.33916262056339946,0.3391324205942883,0.33509731543246307,0.5788749774903109,0.6661118349881163,0.0053191581616209085,0.01614311254369147,0.22402611783428147,0.0381366887268852,4.030588287383648e-07,0.2621632096199954,0,4.507337204824178,241207,1e-24,599999,0.997934405429554,0.9999990432207159,728,True,0.09006827409535846,2646,True,0.09117495774792143,0.062146892655367235,,,0.01694915254237288,,,0.0,,,0.03954802259887006,,,0.0,,,0.0,,
moment3,0.001,0,128,2048,0.002,2e-06,core_N128_s0,0,600000,600000,600000,0,True,600000,0.08804407411763386,0.36484967116080186,0.21153430489016622,0.005700776111887529,0.276805597043168,0.2611275980240586,0.26621979029650344,0.266171472413287,0.2611285044234798,0.5110065225030966,0.6661118349881163,0.007031069878354427,0.01520817476130895,0.260663620510343,0.01614155382067487,4.2271215007162693e-07,0.276805597043168,0,4.68704935102965,240542,1e-24,599999,0.9979315355976383,0.9999993928824867,727,True,0.09006615048776048,2643,True,0.09117256396429191,0.05649717514124294,,,0.01694915254237288,,,0.0,,,0.03954802259887006,,,0.0,,,0.0,,
moment3,0.01,0,128,2048,0.002,2e-05,core_N128_s0,0,600000,600000,600000,0,True,600000,0.08804407411763386,0.3653871060382427,0.2980477565789388,0.005709173531847542,0.27734303192060883,0.1350312796319986,0.1374540415978082,0.13749270407946,0.1350319161819591,0.36746630137555425,0.6661118349881163,0.006889317270066196,0.011477451822022894,0.361334686303638,-0.08399198308126185,3.2869823256988754e-07,0.2773430319206087,0,4.728864215226898,234956,1e-24,599999,0.9979028588684984,0.999998994624544,720,True,0.09004998367465374,2619,True,0.09114926910287072,0.03954802259887006,,,0.005649717514124294,,,0.0,,,0.01694915254237288,,,0.0,,,0.0,,
moment3,0.1,0,128,2048,0.002,0.0002,core_N128_s0,0,600000,600000,600000,0,True,600000,0.08804407411763386,0.3116025464498364,0.30579667572196667,0.004868789788278694,0.22355847233220255,0.03467815640688292,0.03591679233002671,0.03588910521429971,0.034678469058525764,0.18622126011644183,0.6661118349881163,0.0030894968590146144,0.011814365871440372,0.3631398357304547,-0.1395819686389559,6.052407037143231e-07,0.22355847233220255,0,5.338050835282801,208907,1e-24,599999,0.9976179790975109,0.9999985608525455,652,True,0.08989213069875655,2400,True,0.0909354343236662,0.01694915254237288,,,0.005649717514124294,,,0.0,,,0.011299435028248588,,,0.0,,,0.0,,
moment3,1.0,0,128,2048,0.002,0.002,core_N128_s0,0,600000,600000,600000,0,True,600000,0.08804407411763386,0.24258930598117942,0.25176244881958915,0.0037904579059559284,0.15454523186354557,0.006368678879514143,0.006461277331729914,0.006456617643272607,0.0063687811764401026,0.07980451571649039,0.6661118349881163,0.0003748918131021146,0.003921894749731484,0.24644806341357614,-0.09190315746312541,3.2591309485004075e-07,0.15454523186354557,0,3.9566800203012127,148207,1e-24,599999,0.994846634535029,0.9999975696429564,353,True,0.08909214652160068,1341,True,0.08983145162376274,0.011299435028248588,,,0.0,,,0.0,,,0.0,,,0.0,,,0.0,,
moment3,10.0,0,128,2048,0.002,0.02,core_N128_s0,0,600000,600000,600000,0,True,600000,0.08804407411763386,0.16106072770399318,0.17693801077343185,0.0025165738703748935,0.07301665358635932,0.011304284012639068,0.01140390322859352,0.011403550404822466,0.011304391556518035,0.10632194158537008,0.6661118349881163,0.0001923514429611974,0.0039830675347702175,0.13389992412016044,-0.060883310398375044,3.9864573892886e-08,0.07301665358635931,0,2.2654471372685343,73715,1e-24,599999,0.9676432129848171,0.9999987614244328,68,True,0.08825659778706696,255,True,0.0884064284676547,0.005649717514124294,,,0.0,,,0.0,,,0.0,,,0.0,,,0.0,,
moment3,100.0,0,128,2048,0.002,0.2,core_N128_s0,0,600000,600000,600000,0,True,600000,0.08804407411763386,0.12826905533141458,0.14013242335733053,0.002004203989553353,0.04022498121378072,0.00799480450885626,0.008029128357830038,0.00802618579689912,0.007994792011752046,0.08941345728447551,0.6661118349881163,0.05671785626361758,0.0748101882371853,0.06919247094322362,-0.02896749447266429,4.743221390699754e-09,0.04022498121378072,64882,1.5873090594735653,30226,1e-24,599999,-0.0054720621952284495,0.9999976257268997,8,True,0.08806957152157553,27,True,0.08808490348468791,0.0,,,0.0,,,0.0,,,0.0,,,0.0,,,0.0,,
moment5,0.0001,0,128,2048,0.002,2.0000000000000002e-07,core_N128_s0,0,600000,600000,600000,0,True,600000,0.08804407411763386,0.09152195088755527,0.08964145956455492,0.001430030482618051,0.003477876769921409,0.749997298592804,0.7499973067926435,0.7499973067909205,0.7500065294650073,0.8660241384144357,0.6661118349881161,7.899430562623452e-06,1.535937424061224e-05,0.003265564637801677,0.00021203832633770272,2.7380578203065877e-07,0.0034778767699214105,0,0.3712136807802877,,1e-24,599999,0.9979352108691407,0.9999986304830916,717,True,0.09010570302601574,2282,True,0.09128382785216965,0.0,,,0.0,,,0.0,,,0.0,,,0.0,,,0.0,,
moment5,0.001,0,128,2048,0.002,2e-06,core_N128_s0,0,600000,600000,600000,0,True,600000,0.08804407411763386,0.09151955486168813,0.08966051424515861,0.001429993044713877,0.0034754807440542657,0.7499972974483196,0.7499973056402313,0.7499973056385116,0.750006528318333,0.8660241377524097,0.6661118349881161,7.893973797363234e-06,1.535118049658968e-05,0.0032629607599477858,0.00021221063435833862,3.093497481311515e-07,0.0034754807440542544,0,0.37120022245173767,,1e-24,599999,0.9979323419957701,0.9999984820612675,717,True,0.09010527524622162,2280,True,0.09128139917327603,0.0,,,0.0,,,0.0,,,0.0,,,0.0,,,0.0,,
moment5,0.01,0,128,2048,0.002,2e-05,core_N128_s0,0,600000,600000,600000,0,True,600000,0.08804407411763386,0.09149591971200319,0.08984889146182388,0.0014296237455000498,0.0034518455943693266,0.7499972863381,0.7499972944521832,0.7499972944504985,0.7500065171864391,0.8660241313254731,0.6661118349881161,7.840135753864277e-06,1.527055995344917e-05,0.0032375368259266466,0.00021389180528732818,4.169631553523193e-07,0.0034518455943693266,0,0.3710670498571239,,1e-24,599999,0.997903674770825,0.999998638859174,709,True,0.09008667955319298,2260,True,0.09125771375146452,0.0,,,0.0,,,0.0,,,0.0,,,0.0,,,0.0,,
moment5,0.1,0,128,2048,0.002,0.0002,core_N128_s0,0,600000,600000,600000,0,True,600000,0.08804407411763386,0.09128435622465085,0.09036322081137406,0.0014263180660101695,0.0032402821070169896,0.7499972028837584,0.7499972103438544,0.7499972103424845,0.7500064335354243,0.8660240830300264,0.6661118349881161,7.364079148407839e-06,1.4579366061659928e-05,0.0030128389124796963,0.00022717482183218847,2.683727051209165e-07,0.003240282107017005,0,0.3698648675752204,,1e-24,599999,0.9976188829622875,0.9999983869158633,642,True,0.08992444130845242,2084,True,0.091040197983083,0.0,,,0.0,,,0.0,,,0.0,,,0.0,,,0.0,,
moment5,1.0,0,128,2048,0.002,0.002,core_N128_s0,0,600000,600000,600000,0,True,600000,0.08804407411763386,0.09013390912307623,0.09168077249854652,0.001408342330048066,0.002089835005442367,0.7499971640822789,0.749997169433725,0.7499971694336118,0.7500063937111123,0.8660240600376813,0.6661118349881161,5.092863333333312e-06,1.214828640425235e-05,0.0018371360964712794,0.0002525632749503535,1.3563402073024264e-07,0.002089835005442363,0,0.3642479320676949,,1e-24,599999,0.994848149617502,0.9999977964565331,348,True,0.08910990072598553,1203,True,0.08989588426440219,0.0,,,0.0,,,0.0,,,0.0,,,0.0,,,0.0,,
moment5,10.0,0,128,2048,0.002,0.02,core_N128_s0,0,600000,600000,600000,0,True,600000,0.08804407411763386,0.08861331335733404,0.08789609409239603,0.0013845830212083443,0.0005692392397001755,0.7499975202113714,0.7499975253568084,0.7499975253567714,0.7500067487540065,0.8660242650197021,0.6661118349881161,2.633784779396059e-06,1.1065038564610386e-05,0.0003364358805723202,0.000232803359128181,-3.248918470139912e-16,0.0005692392397001764,0,0.35961691868706447,,1e-24,599999,0.9676493000893939,1.0000005679744628,67,True,0.08826005490869551,237,True,0.0884223328388213,0.0,,,0.0,,,0.0,,,0.0,,,0.0,,,0.0,,
moment5,100.0,0,128,2048,0.002,0.2,core_N128_s0,0,600000,600000,600000,0,True,600000,0.08804407411763386,0.08828632480142537,0.08700773147846957,0.0013794738250222714,0.00024225068379150894,0.7499971896803035,0.7499972017234753,0.7499972017298236,0.7500064189078441,0.8660240745848744,0.6661118349881161,1.9130531677777033e-06,1.2099182775482646e-05,-2.2798520777662405e-06,0.00024453053586970995,-4.3216756351853315e-16,0.00024225068379151154,0,0.3588171518575704,,1e-24,599999,0.6960620309015922,0.9999997461214745,7,True,0.08806792195463437,25,True,0.08808656084721522,0.0,,,0.0,,,0.0,,,0.0,,,0.0,,,0.0,,
moment9,0.0001,0,128,2048,0.002,2.0000000000000002e-07,core_N128_s0,0,600000,600000,600000,0,True,600000,0.08804407411763386,0.09129872794058154,0.08955546482544775,0.0014265426240715866,0.0032546538229476785,0.7500018617507285,0.7500018669564426,0.7500018669523025,0.7500496763404285,0.8660294971527349,0.6661118349881161,4.949445386070306e-06,1.1909842126775083e-05,0.003473434275462526,-0.00021907328228868588,2.928297738474243e-07,0.003254653822947687,0,0.3712147620343786,,1e-24,599999,0.9979352083069795,0.9999981210292856,717,True,0.09010545305300142,2283,True,0.0912832296468046,0.0,,,0.0,,,0.0,,,0.0,,,0.0,,,0.0,,
moment9,0.001,0,128,2048,0.002,2e-06,core_N128_s0,0,600000,600000,600000,0,True,600000,0.08804407411763386,0.09129640670488559,0.08954516241584681,0.0014265063547638374,0.00325233258725173,0.7500018591472175,0.7500018643441952,0.7500018643400612,0.7500496737297093,0.8660294956455281,0.6661118349881161,4.942806414228482e-06,1.1898579775579281e-05,0.003470806994616532,-0.00021878273869016591,3.083313253452816e-07,0.003252332587251711,0,0.37120130295000325,,1e-24,599999,0.9979323394309987,0.9999978319383244,717,True,0.09010502528438943,2281,True,0.09128077437031834,0.0,,,0.0,,,0.0,,,0.0,,,0.0,,,0.0,,
moment9,0.01,0,128,2048,0.002,2e-05,core_N128_s0,0,600000,600000,600000,0,True,600000,0.08804407411763386,0.09127335744944905,0.08948239744301381,0.0014261462101476414,0.003229283331815186,0.7500018335994245,0.7500018387105168,0.7500018387064427,0.7500496481105678,0.8660294808552195,0.6661118349881161,4.877600829264198e-06,1.1787377599558855e-05,0.0034447804847232734,-0.000215931365135213,4.3421222712266927e-07,0.0032292833318151837,0,0.37106812137636136,,1e-24,599999,0.9979036721804315,0.9999978584706212,709,True,0.09008643277071998,2261,True,0.09125709963875296,0.0,,,0.0,,,0.0,,,0.0,,,0.0,,,0.0,,
moment9,0.1,0,128,2048,0.002,0.0002,core_N128_s0,0,600000,600000,600000,0,True,600000,0.08804407411763386,0.09106054975814751,0.09078577447058882,0.0014228210899710548,0.0030164756405136467,0.7500016192120528,0.7500016235922671,0.7500016235887108,0.7500494330749905,0.8660293567119957,0.6661118349881161,4.325574126499562e-06,1.080197306764422e-05,0.003208217631177192,-0.00019200482232176628,2.6283165821450263e-07,0.0030164756405136398,0,0.3698658577290126,,1e-24,599999,0.9976188801382295,0.9999978111624024,642,True,0.08992422078004265,2085,True,0.0910396537277568,0.0,,,0.0,,,0.0,,,0.0,,,0.0,,,0.0,,
moment9,1.0,0,128,2048,0.002,0.002,core_N128_s0,0,600000,600000,600000,0,True,600000,0.08804407411763386,0.08992218916412671,0.09130167004922005,0.0014050342056894799,0.0018781150464928509,0.750000893700393,0.7500008955805405,0.7500008955788424,0.7500487041789836,0.8660289359094022,0.6661118349881161,2.351850672156482e-06,6.546106620833802e-06,0.0019889172302528114,-0.00011094054326199788,1.3835950201634734e-07,0.0018781150464928294,0,0.3642484683999231,,1e-24,599999,0.9948481453111652,0.9999967139532783,348,True,0.08910978586039218,1203,True,0.089895475612539,0.0,,,0.0,,,0.0,,,0.0,,,0.0,,,0.0,,
moment9,10.0,0,128,2048,0.002,0.02,core_N128_s0,0,600000,600000,600000,0,True,600000,0.08804407411763386,0.08839926076765169,0.08771196761723654,0.0013812384494945576,0.0003551866500178247,0.7500004925177648,0.7500004933815201,0.7500004933799342,0.7500482991072662,0.8660287020553379,0.6661118349881161,1.1756202932856517e-06,3.1292073215801335e-06,0.00042322791178336927,-6.804126176533342e-05,-2.22972508864098e-16,0.00035518665001781297,0,0.3596170093367003,,1e-24,599999,0.9676492857803479,0.9999981066739517,67,True,0.08826003336256145,237,True,0.08842225340946362,0.0,,,0.0,,,0.0,,,0.0,,,0.0,,,0.0,,
moment9,100.0,0,128,2048,0.002,0.2,core_N128_s0,0,600000,600000,600000,0,True,600000,0.08804407411763386,0.08805520062021736,0.08706395935214549,0.0013758625096908963,1.1126502583502784e-05,0.7500003864160512,0.7500003869944761,0.7500003869937695,0.7500481914816597,0.8660286399214274,0.6661118349881161,9.826438195297968e-07,1.748913628414842e-06,6.92267639967043e-05,-5.810026141336478e-05,1.6119129910176464e-16,1.1126502583500717e-05,0,0.35881715895151545,,1e-24,599999,0.6960619197643808,0.999999151431066,7,True,0.08806791974033011,25,True,0.08808655255370779,0.0,,,0.0,,,0.0,,,0.0,,,0.0,,,0.0,,
sine,0.0001,0,128,2048,0.002,2.0000000000000002e-07,core_N128_s0,1,600000,600000,600000,0,True,600000,0.08804407411763386,0.08481527561761865,0.07719689219836037,0.0013252386815252913,-0.0032287985000152147,0.42400885573151803,0.4240088557315182,0.42400885573151803,0.42400909623494915,0.9208790324846681,0.6262276936583865,1.5253605650847892e-15,3.131186981789967e-16,-0.0032336882631085594,5.163321711452334e-19,4.889763093338945e-06,-0.003228798500015221,170,0.4142476205595764,,1e-24,16460,-2018.767223604225,0.9992716729240697,1469,True,0.08466977638403674,3068,True,0.0847873787032176,0.0,,,0.0,,,0.0,,,0.0,,,0.0,,,0.0,,
sine,0.001,0,128,2048,0.002,2e-06,core_N128_s0,1,600000,600000,600000,0,True,600000,0.08804407411763386,0.08481993479795444,0.07722661028481,0.001325311481218038,-0.0032241393196794227,0.42400885573151803,0.4240088557315182,0.42400885573151803,0.42400909623494915,0.9208790324846681,0.6262276936583865,1.5266955540666233e-15,3.131164796260465e-16,-0.003229897501221194,5.244693359102837e-19,5.7581815417660685e-06,-0.003224139319679428,168,0.4142033190635664,,1e-24,16448,-1706.2066028821969,0.9992715482706095,1468,True,0.08467452679757609,3066,True,0.08479191494187803,0.0,,,0.0,,,0.0,,,0.0,,,0.0,,,0.0,,
sine,0.01,0,128,2048,0.002,2e-05,core_N128_s0,1,600000,600000,600000,0,True,600000,0.08804407411763386,0.08486568894023441,0.077521399599539,0.0013260263896911627,-0.003178385177399448,0.42400885573151803,0.4240088557315182,0.42400885573151803,0.42400909623494915,0.9208790324846681,0.6262276936583865,1.587275311400755e-15,6.888079252298541e-16,-0.0031826647709773553,5.296119213923382e-19,4.279593577893999e-06,-0.0031783851773994625,188,0.41376165973847545,,1e-24,16327,-1767.889310868979,0.9992673465926176,1458,True,0.08472129171960043,3044,True,0.08483637503366183,0.0,,,0.0,,,0.0,,,0.0,,,0.0,,,0.0,,
sine,0.1,0,128,2048,0.002,0.0002,core_N128_s0,1,600000,600000,600000,0,True,600000,0.08804407411763386,0.08531690665391187,0.07832809137152077,0.001333076666467373,-0.002727167463721994,0.42400885573151803,0.4240088557315182,0.42400885573151803,0.4240090962349492,0.9208790324846681,0.6262276936583865,9.59380723872065e-16,8.13527641898919e-16,-0.002731960974100492,4.2972875040906563e-19,4.793510378495334e-06,-0.002727167463721995,170,0.40948968800158936,,1e-24,15210,-1329.1037204734225,0.9992154783771598,1363,True,0.08513584285660165,2839,True,0.08529665681871794,0.0,,,0.0,,,0.0,,,0.0,,,0.0,,,0.0,,
sine,1.0,0,128,2048,0.002,0.002,core_N128_s0,1,600000,600000,600000,0,True,600000,0.08804407411763386,0.08699880329878393,0.08713014296176964,0.0013593563015434989,-0.0010452708188499332,0.42400885573151803,0.4240088557315182,0.42400885573151803,0.42400909623494915,0.9208790324846681,0.6262276936583865,5.793366546040513e-17,0.0,-0.0010486795446808274,1.720478242059488e-19,3.4087258308804717e-06,-0.0010452708188499469,89,0.38531035277357917,,1e-24,9023,-942.1657745816991,0.9986675918745186,810,True,0.08668133889745493,1678,True,0.08696197711035812,0.0,,,0.0,,,0.0,,,0.0,,,0.0,,,0.0,,
sine,10.0,0,128,2048,0.002,0.02,core_N128_s0,1,600000,600000,600000,0,True,600000,0.08804407411763386,0.08791748129256113,0.0881781417880595,0.0013737106451962677,-0.00012659282507272718,0.42400885573151803,0.4240088557315182,0.42400885573151803,0.4240090962349491,0.920879032484668,0.6262276936583865,2.5333061386481615e-17,0.0,-0.00012699953286655203,1.466958527365124e-20,4.0670779380943946e-07,-0.00012659282507274252,11,0.3647402249202732,,1e-24,1801,-117.11685990246465,0.9931460051853443,155,True,0.08783607579885924,322,True,0.0879082007469317,0.0,,,0.0,,,0.0,,,0.0,,,0.0,,,0.0,,
sine,100.0,0,128,2048,0.002,0.2,core_N128_s0,1,600000,600000,600000,0,True,600000,0.08804407411763386,0.08802928189290411,0.08659992991042431,0.0013754575295766268,-1.4792224729748282e-05,0.42400885573151803,0.4240088557315182,0.42400885573151803,0.4240090962349491,0.920879032484668,0.6262276936583865,1.6300302036961756e-17,0.0,-1.4792224729760322e-05,3.614526006615616e-21,-9.426392384438878e-19,-1.4792224729761262e-05,0,0.3593718153368776,,1e-24,196,0.0,0.9379482335257532,16,True,0.08801955603950869,34,True,0.08802825455819968,0.0,,,0.0,,,0.0,,,0.0,,,0.0,,,0.0,,
runge,0.0001,0,128,2048,0.002,2.0000000000000002e-07,core_N128_s0,1,600000,600000,600000,0,True,600000,0.08804407411763386,0.08501488298231463,0.08621051401344214,0.0013283575465986661,-0.0030291911353192286,0.08112165787093162,0.08112165787093162,0.08112165787093162,0.0811216591726812,0.7198018579373807,0.6704882830185098,2.25979374468017e-16,1.2504222824530523e-16,-0.0030303266936642986,4.644082020466255e-19,1.1355583450608174e-06,-0.0030291911353192372,393,0.4004322163309765,,1e-24,15934,-4758469.689520172,0.9992587292198353,908,True,0.08553401283293104,2495,True,0.08506530768169698,0.0,,,0.0,,,0.0,,,0.0,,,0.0,,,0.0,,
runge,0.001,0,128,2048,0.002,2e-06,core_N128_s0,1,600000,600000,600000,0,True,600000,0.08804407411763386,0.0850174381127312,0.08623961887157602,0.001328397470511425,-0.003026636004902661,0.08112165787093162,0.08112165787093162,0.08112165787093162,0.08112165917268119,0.7198018579373807,0.6704882830185098,2.3961369298982256e-16,2.682080907111842e-16,-0.003027734340184026,4.727405105484571e-19,1.09833528135718e-06,-0.003026636004902667,919,0.4003787236317502,,1e-24,15924,-6047005.574134642,0.9992740910173836,908,True,0.08553516035785538,2494,True,0.08506770334669965,0.0,,,0.0,,,0.0,,,0.0,,,0.0,,,0.0,,
runge,0.01,0,128,2048,0.002,2e-05,core_N128_s0,1,600000,600000,600000,0,True,600000,0.08804407411763386,0.08504273188974783,0.08652845616930406,0.0013287926857773098,-0.0030013422278860336,0.0811216578709316,0.08112165787093159,0.0811216578709316,0.08112165917268119,0.7198018579373807,0.6704882830185098,5.304285791178232e-16,5.305681251754459e-16,-0.0030027056084274777,4.700970330807112e-19,1.363380541431627e-06,-0.003001342227886045,1443,0.3998475809703269,,1e-24,15817,-13268976.21140851,0.9992735833010858,901,True,0.08555207795921102,2477,True,0.08509193138806963,0.0,,,0.0,,,0.0,,,0.0,,,0.0,,,0.0,,
runge,0.1,0,128,2048,0.002,0.0002,core_N128_s0,1,600000,600000,600000,0,True,600000,0.08804407411763386,0.08527169270255192,0.08802101142901295,0.0013323701984773737,-0.0027723814150819454,0.08112165787093162,0.08112165787093162,0.08112165787093162,0.08112165917268119,0.7198018579373807,0.6704882830185098,5.224320683049489e-16,1.3150155762280255e-15,-0.0027735274216177247,4.459814628072972e-19,1.1460065357826398e-06,-0.002772381415081942,1720,0.39489516735037905,,1e-24,14820,-6806363.676079376,0.9992246669357415,840,True,0.08572580931751446,2317,True,0.08531161284342521,0.0,,,0.0,,,0.0,,,0.0,,,0.0,,,0.0,,
runge,1.0,0,128,2048,0.002,0.002,core_N128_s0,1,600000,600000,600000,0,True,600000,0.08804407411763386,0.08645560978849376,0.0910712793030461,0.001350868902945215,-0.0015884643291401018,0.0811216578709316,0.08112165787093159,0.0811216578709316,0.08112165917268119,0.7198018579373807,0.6704882830185098,5.467642036678424e-16,1.6022179913720403e-15,-0.0015888583950099064,2.435897191579653e-19,3.940658697932892e-07,-0.0015884643291401127,1132,0.37762065686835844,,1e-24,8958,-13325596.272398842,0.9987047152182555,495,True,0.08668497169031739,1382,True,0.08647512986139336,0.0,,,0.0,,,0.0,,,0.0,,,0.0,,,0.0,,
runge,10.0,0,128,2048,0.002,0.02,core_N128_s0,1,600000,600000,600000,0,True,600000,0.08804407411763386,0.08775579889915715,0.08712140237888237,0.0013711843577993304,-0.00028827521847671345,0.0811216578709316,0.08112165787093159,0.0811216578709316,0.08112165917268119,0.7198018579373807,0.6704882830185098,1.4516178917184256e-16,3.866598172022361e-16,-0.0002882752184772408,4.3710815766764923e-20,5.141417459931865e-16,-0.0002882752184767265,245,0.3625260781097598,,1e-24,1762,-6613210.161932614,0.9932199179671473,94,True,0.08779866199472046,262,True,0.08775884121953753,0.0,,,0.0,,,0.0,,,0.0,,,0.0,,,0.0,,
runge,100.0,0,128,2048,0.002,0.2,core_N128_s0,1,600000,600000,600000,0,True,600000,0.08804407411763386,0.08801316559213057,0.08678856665551707,0.0013752057123770402,-3.090852550328982e-05,0.0811216578709316,0.08112165787093159,0.0811216578709316,0.08112165917268119,0.7198018579373807,0.6704882830185098,5.931012594817018e-18,1.704051569858817e-17,-3.0908525503300884e-05,5.581348441032526e-21,8.595947857431038e-18,-3.0908525503292285e-05,24,0.3591148886726325,,1e-24,191,-1791376.399134077,0.9380232748828996,10,True,0.08801680873867833,28,True,0.08801336294440018,0.0,,,0.0,,,0.0,,,0.0,,,0.0,,,0.0,,
moment3,0.0001,0,128,2048,0.002,2.0000000000000002e-07,core_N128_s0,1,600000,600000,600000,0,True,600000,0.08804407411763386,0.09132713664610065,0.09111383128742533,0.0014269865100953226,0.0032830625284667875,0.7500000000000001,0.7500000000000001,0.7500000000000001,0.7500023469397121,0.8660253685498189,0.6685169296653882,1.6653345369377348e-16,0.0,0.003282701404444101,-5.176832679762996e-19,3.6112402268363047e-07,0.003283062528466784,2222,0.371572437152224,,1e-24,15626,-95940953.63154396,0.9992514302924473,688,True,0.09002833888446174,2189,True,0.09116960333816984,0.0,,,0.0,,,0.0,,,0.0,,,0.0,,,0.0,,
moment3,0.001,0,128,2048,0.002,2e-06,core_N128_s0,1,600000,600000,600000,0,True,600000,0.08804407411763386,0.09132472937874046,0.09110131192952785,0.0014269488965428197,0.003280655261106602,0.7500000000000001,0.7500000000000001,0.7500000000000001,0.7500023469397121,0.8660253685498189,0.6685169296653882,1.6653345369377348e-16,0.0,0.0032803473036961384,-5.219990898904197e-19,3.079574104583334e-07,0.0032806552611065955,2168,0.37155877790902214,,1e-24,15613,-89071086.3712886,0.9992494912157135,688,True,0.09002791637020678,2187,True,0.0911672487665472,0.0,,,0.0,,,0.0,,,0.0,,,0.0,,,0.0,,
moment3,0.01,0,128,2048,0.002,2e-05,core_N128_s0,1,600000,600000,600000,0,True,600000,0.08804407411763386,0.09130086019839893,0.09097704429408257,0.0014265759405999833,0.003256786080765073,0.7500000000000002,0.7500000000000001,0.7500000000000002,0.7500023469397121,0.8660253685498189,0.6685169296653882,7.3434354326142e-17,4.7099819538486424e-17,0.003256624999604869,-5.350114702988669e-19,1.6108116019989462e-07,0.0032567860807650685,2194,0.37142360257161383,,1e-24,15481,-85452130.1580351,0.9992484221524798,680,True,0.09000913960898595,2169,True,0.09114430927258732,0.0,,,0.0,,,0.0,,,0.0,,,0.0,,,0.0,,
moment3,0.1,0,128,2048,0.002,0.0002,core_N128_s0,1,600000,600000,600000,0,True,600000,0.08804407411763386,0.09108147265534017,0.08984582808603175,0.0014231480102396901,0.0030373985377063067,0.7500000000000001,0.7500000000000001,0.7500000000000001,0.7500023469397121,0.8660253685498189,0.6685169296653882,1.2098375150554763e-16,4.720329000967176e-17,0.0030370543876791305,-4.859938948963093e-19,3.441500271609508e-07,0.0030373985377062907,2129,0.37020190912373824,,1e-24,14289,-106298070.55192128,0.9991928501304335,617,True,0.08985319958465017,2001,True,0.0909370380931087,0.0,,,0.0,,,0.0,,,0.0,,,0.0,,,0.0,,
moment3,1.0,0,128,2048,0.002,0.002,core_N128_s0,1,600000,600000,600000,0,True,600000,0.08804407411763386,0.08992285569580433,0.09163651720567524,0.0014050446202469426,0.0018787815781704659,0.7500000000000001,0.7500000000000001,0.7500000000000001,0.7500023469397121,0.8660253685498189,0.6685169296653882,1.4422221867139654e-16,1.4296631517312162e-16,0.0018786700579364074,-3.0581578764109186e-19,1.1152023406105736e-07,0.0018787815781704685,1407,0.36445236917257073,,1e-24,8303,-53916725.452539794,0.9986215585237314,333,True,0.08906310060247073,1158,True,0.0898292292266721,0.0,,,0.0,,,0.0,,,0.0,,,0.0,,,0.0,,
moment3,10.0,0,128,2048,0.002,0.02,core_N128_s0,1,600000,600000,600000,0,True,600000,0.08804407411763386,0.08842871532198172,0.08817401964519336,0.0013816986769059644,0.0003846412043478631,0.75,0.75,0.75,0.7500023469397121,0.8660253685498189,0.6685169296653882,2.6477134239003867e-16,2.407757031143777e-16,0.0003846412043540234,-6.116103793077522e-20,-6.1736482857871656e-15,0.00038464120434784964,289,0.3596550099113969,,1e-24,1695,-92494420.43171342,0.9930636742459258,64,True,0.08825058022933435,229,True,0.08840967409462314,0.0,,,0.0,,,0.0,,,0.0,,,0.0,,,0.0,,
moment3,100.0,0,128,2048,0.002,0.2,core_N128_s0,1,600000,600000,600000,0,True,600000,0.08804407411763386,0.08808724185778642,0.08703680590001941,0.0013763631540279128,4.3167740152560974e-05,0.7500000000000001,0.7500000000000001,0.7500000000000001,0.7500023469397121,0.8660253685498189,0.6685169296653882,0.0,0.0,4.3167740152572575e-05,-6.792695331869294e-21,-1.7244237883700868e-17,4.316774015255531e-05,36,0.3588213631385795,,1e-24,187,-36917203.89844779,0.9378497288586991,7,True,0.08806759389923048,24,True,0.08808503066695797,0.0,,,0.0,,,0.0,,,0.0,,,0.0,,,0.0,,
moment5,0.0001,0,128,2048,0.002,2.0000000000000002e-07,core_N128_s0,1,600000,600000,600000,0,True,600000,0.08804407411763386,0.09132713664610065,0.09111383128742528,0.0014269865100953226,0.0032830625284667875,0.7500000000000002,0.7500000000000001,0.7500000000000002,0.7500092202150869,0.8660256919025306,0.6685169296653879,1.7333351575345718e-16,4.70866098934838e-17,0.0032827014044441993,-5.19286748106782e-19,3.611240225855459e-07,0.0032830625284667844,771,0.371572437152224,,1e-24,15626,-54766071.29330246,0.9991037902022639,688,True,0.09002833888446174,2189,True,0.09116960333816984,0.0,,,0.0,,,0.0,,,0.0,,,0.0,,,0.0,,
moment5,0.001,0,128,2048,0.002,2e-06,core_N128_s0,1,600000,600000,600000,0,True,600000,0.08804407411763386,0.09132472937874046,0.09110131192952775,0.0014269488965428197,0.003280655261106602,0.7500000000000002,0.7500000000000001,0.7500000000000002,0.7500092202150869,0.8660256919025306,0.6685169296653879,1.7333351575345718e-16,4.7087828611525644e-17,0.003280347303696209,-5.18249614030561e-19,3.079574103754929e-07,0.003280655261106584,799,0.37155877790902214,,1e-24,15613,-51882644.9788247,0.9991306372299684,688,True,0.09002791637020681,2187,True,0.0911672487665472,0.0,,,0.0,,,0.0,,,0.0,,,0.0,,,0.0,,
moment5,0.01,0,128,2048,0.002,2e-05,core_N128_s0,1,600000,600000,600000,0,True,600000,0.08804407411763386,0.09130086019839893,0.09097704429408256,0.0014265759405999833,0.003256786080765073,0.7500000000000002,0.7500000000000001,0.7500000000000002,0.7500092202150868,0.8660256919025306,0.6685169296653879,1.1102231238868493e-16,9.419963907697285e-17,0.003256624999605524,-5.333215191412464e-19,1.6108115953180472e-07,0.003256786080765056,810,0.3714236025716138,,1e-24,15481,-54075497.82302477,0.9991242821109735,680,True,0.09000913960898595,2169,True,0.09114430927258732,0.0,,,0.0,,,0.0,,,0.0,,,0.0,,,0.0,,
moment5,0.1,0,128,2048,0.002,0.0002,core_N128_s0,1,600000,600000,600000,0,True,600000,0.08804407411763386,0.09108147265534017,0.08984582808603174,0.0014231480102396901,0.0030373985377063067,0.7500000000000002,0.7500000000000001,0.7500000000000002,0.7500092202150869,0.8660256919025306,0.6685169296653879,1.2098375150554763e-16,4.7203290009671756e-17,0.0030370543876787194,-4.928212026442149e-19,3.441500275786868e-07,0.003037398537706298,765,0.3702019091237383,,1e-24,14289,-55375928.786510214,0.9990781839592774,617,True,0.08985319958465017,2001,True,0.0909370380931087,0.0,,,0.0,,,0.0,,,0.0,,,0.0,,,0.0,,
moment5,1.0,0,128,2048,0.002,0.002,core_N128_s0,1,600000,600000,600000,0,True,600000,0.08804407411763386,0.08992285569580433,0.0916365172056753,0.0014050446202469426,0.0018787815781704659,0.7500000000000002,0.7500000000000001,0.7500000000000002,0.7500092202150869,0.8660256919025306,0.6685169296653879,1.4422221867139654e-16,1.429663151731216e-16,0.0018786700579361648,-3.060578046588112e-19,1.1152023429872702e-07,0.0018787815781704633,507,0.36445236917257073,,1e-24,8303,-49641067.4756078,0.998572958843766,333,True,0.08906310060247073,1158,True,0.0898292292266721,0.0,,,0.0,,,0.0,,,0.0,,,0.0,,,0.0,,
moment5,10.0,0,128,2048,0.002,0.02,core_N128_s0,1,600000,600000,600000,0,True,600000,0.08804407411763386,0.0884287153219817,0.08817401964519335,0.001381698676905964,0.00038464120434783533,0.7500000000000002,0.7500000000000001,0.7500000000000002,0.7500092202150869,0.8660256919025306,0.6685169296653879,3.090730416553323e-16,2.889308437372532e-16,0.0003846412043551551,-6.11225887641663e-20,-7.305628783221789e-15,0.00038464120434784926,81,0.3596550099113969,,1e-24,1695,-30414079.941747725,0.9930490810208246,64,True,0.08825058022933435,229,True,0.08840967409462314,0.0,,,0.0,,,0.0,,,0.0,,,0.0,,,0.0,,
moment5,100.0,0,128,2048,0.002,0.2,core_N128_s0,1,600000,600000,600000,0,True,600000,0.08804407411763386,0.08808724185778642,0.08703680590001941,0.0013763631540279128,4.3167740152560974e-05,0.7500000000000002,0.7500000000000001,0.7500000000000002,0.7500092202150869,0.8660256919025306,0.6685169296653879,4.807407289046552e-17,4.827296082783197e-17,4.316774015257258e-05,-6.757465201498008e-21,-1.7353272789723164e-17,4.316774015255523e-05,35,0.3588213631385795,,1e-24,187,-21709998.83193376,0.9378488379212084,7,True,0.08806759389923048,24,True,0.08808503066695797,0.0,,,0.0,,,0.0,,,0.0,,,0.0,,,0.0,,
moment9,0.0001,0,128,2048,0.002,2.0000000000000002e-07,core_N128_s0,1,600000,600000,600000,0,True,600000,0.08804407411763386,0.09132713664610065,0.09111383128742523,0.0014269865100953226,0.0032830625284667875,0.75,0.75,0.75,0.7500477815451927,0.8660284032587879,0.6685169296653881,1.7333351575345718e-16,4.7086609893483814e-17,0.0032827014044439235,-5.177609462738932e-19,3.61124022870166e-07,0.0032830625284667927,2351,0.371572437152224,,1e-24,15626,-105506531.69044088,0.9992566354733199,688,True,0.09002833888446174,2189,True,0.09116960333816984,0.0,,,0.0,,,0.0,,,0.0,,,0.0,,,0.0,,
moment9,0.001,0,128,2048,0.002,2e-06,core_N128_s0,1,600000,600000,600000,0,True,600000,0.08804407411763386,0.09132472937874046,0.09110131192952771,0.0014269488965428197,0.003280655261106602,0.75,0.75,0.75,0.7500477815451927,0.8660284032587879,0.6685169296653881,1.7333351575345718e-16,4.7087828611525656e-17,0.003280347303695986,-5.260841630597567e-19,3.079574106135551e-07,0.0032806552611066,2384,0.3715587779090221,,1e-24,15613,-80527487.91386257,0.9992615351386719,688,True,0.09002791637020678,2187,True,0.0911672487665472,0.0,,,0.0,,,0.0,,,0.0,,,0.0,,,0.0,,
moment9,0.01,0,128,2048,0.002,2e-05,core_N128_s0,1,600000,600000,600000,0,True,600000,0.08804407411763386,0.09130086019839893,0.09097704429408257,0.0014265759405999833,0.003256786080765073,0.7500000000000001,0.7500000000000001,0.7500000000000001,0.7500477815451927,0.8660284032587879,0.6685169296653881,1.1102231238868493e-16,9.419963907697286e-17,0.0032566249996055035,-5.348398970815376e-19,1.6108115956299083e-07,0.003256786080765066,2397,0.3714236025716138,,1e-24,15481,-80390239.73916271,0.99925508636444,680,True,0.09000913960898595,2169,True,0.09114430927258732,0.0,,,0.0,,,0.0,,,0.0,,,0.0,,,0.0,,
moment9,0.1,0,128,2048,0.002,0.0002,core_N128_s0,1,600000,600000,600000,0,True,600000,0.08804407411763386,0.09108147265534017,0.08984582808603174,0.0014231480102396901,0.0030373985377063067,0.75,0.75,0.75,0.7500477815451927,0.8660284032587879,0.6685169296653881,1.2098375150554763e-16,4.720329000967177e-17,0.003037054387678966,-4.87751163304743e-19,3.4415002733352993e-07,0.0030373985377062994,2308,0.37020190912373824,,1e-24,14289,-87676921.76377112,0.9991972578516158,617,True,0.08985319958465017,2001,True,0.0909370380931087,0.0,,,0.0,,,0.0,,,0.0,,,0.0,,,0.0,,
moment9,1.0,0,128,2048,0.002,0.002,core_N128_s0,1,600000,600000,600000,0,True,600000,0.08804407411763386,0.08992285569580433,0.0916365172056753,0.0014050446202469426,0.0018787815781704659,0.7500000000000001,0.7500000000000001,0.7500000000000001,0.7500477815451927,0.8660284032587879,0.6685169296653881,1.4422221867139654e-16,1.4296631517312165e-16,0.001878670057936153,-3.0656868295668734e-19,1.1152023431511773e-07,0.0018787815781704676,1496,0.36445236917257073,,1e-24,8303,-81423190.60314386,0.9986234293772942,333,True,0.08906310060247073,1158,True,0.0898292292266721,0.0,,,0.0,,,0.0,,,0.0,,,0.0,,,0.0,,
moment9,10.0,0,128,2048,0.002,0.02,core_N128_s0,1,600000,600000,600000,0,True,600000,0.08804407411763386,0.08842871532198172,0.08817401964519335,0.0013816986769059644,0.0003846412043478631,0.7500000000000001,0.7500000000000001,0.7500000000000001,0.7500477815451927,0.8660284032587879,0.6685169296653881,3.090730416553323e-16,2.8893084373725323e-16,0.00038464120435513255,-6.114390557207037e-20,-7.283986125507854e-15,0.00038464120434784856,311,0.3596550099113969,,1e-24,1695,-62552734.8962121,0.9930637842979809,64,True,0.08825058022933435,229,True,0.08840967409462314,0.0,,,0.0,,,0.0,,,0.0,,,0.0,,,0.0,,
moment9,100.0,0,128,2048,0.002,0.2,core_N128_s0,1,600000,600000,600000,0,True,600000,0.08804407411763386,0.08808724185778642,0.08703680590001941,0.0013763631540279128,4.3167740152560974e-05,0.75,0.75,0.75,0.7500477815451927,0.8660284032587879,0.6685169296653881,4.807407289046552e-17,4.8272960827831987e-17,4.3167740152569044e-05,-7.089040932294655e-21,-1.4057641707526753e-17,4.3167740152554984e-05,40,0.3588213631385795,,1e-24,187,-56621592.87309176,0.9378497278673734,7,True,0.08806759389923048,24,True,0.08808503066695797,0.0,,,0.0,,,0.0,,,0.0,,,0.0,,,0.0,,
sine,0.0001,0,128,2048,0.002,2.0000000000000002e-07,core_N128_s0,3,600000,600000,600000,0,True,600000,0.08804407411763386,0.07818918522978341,0.08018665525298559,0.0012217060192153658,-0.009854888887850452,0.42398707863729956,0.42399615452533546,0.4239962153428447,0.42398731777280463,0.9208553825360469,0.6224633503047887,0.0005514968593750842,0.0007416785578411478,0.006231712649304139,-0.016090937503591897,4.3359664372974845e-06,-0.009854888887850464,0,0.4053738578885932,,1e-24,599999,0.998508712969993,0.9999995115651485,1531,True,0.08460058239703835,3277,True,0.08468499209650626,0.0,,,0.0,,,0.0,,,0.0,,,0.0,,,0.0,,
sine,0.001,0,128,2048,0.002,2e-06,core_N128_s0,3,600000,600000,600000,0,True,600000,0.08804407411763386,0.07820569178034155,0.08020145979074848,0.0012219639340678367,-0.009838382337292312,0.42398676425770726,0.4239958595314182,0.42399592067080544,0.42398700339193357,0.9208550411350677,0.6224633503047887,0.0005518684080059537,0.0007424227903530396,0.006242997290204842,-0.01608595333735518,4.573709858012364e-06,-0.009838382337292326,0,0.4053340442754143,,1e-24,599999,0.9985065023327302,0.9999995121768481,1530,True,0.08460561940031253,3274,True,0.08468938076139844,0.0,,,0.0,,,0.0,,,0.0,,,0.0,,,0.0,,
sine,0.01,0,128,2048,0.002,2e-05,core_N128_s0,3,600000,600000,600000,0,True,600000,0.08804407411763386,0.07836994277886254,0.08034715357217298,0.0012245303559197272,-0.009674131338771319,0.4239835572954218,0.42399285218795324,0.4239929166677945,0.4239837964164637,0.9208515585222884,0.6224633503047887,0.0005555813829565019,0.0007500552417106596,0.0063571591467923,-0.0160354357114603,4.1452258966676446e-06,-0.009674131338771333,0,0.40493725051561735,,1e-24,599999,0.9984844108149595,0.9999995180768901,1520,True,0.08465522732636659,3251,True,0.08473245604532571,0.0,,,0.0,,,0.0,,,0.0,,,0.0,,,0.0,,
sine,0.1,0,128,2048,0.002,0.0002,core_N128_s0,3,600000,600000,600000,0,True,600000,0.08804407411763386,0.0800275335002159,0.08045945122626712,0.0012504302109408734,-0.008016540617417967,0.42394453265680676,0.42395651526284966,0.4239566288590983,0.4239447715950803,0.9208091784893114,0.6224633503047887,0.0005929739384292964,0.0008472452080378831,0.007447623824299349,-0.01546917456741882,5.01012570149924e-06,-0.008016540617417973,0,0.4011089581766548,,1e-24,599999,0.9982648201436116,0.9999995868024301,1421,True,0.08508127704138124,3034,True,0.08517901304449844,0.0,,,0.0,,,0.0,,,0.0,,,0.0,,,0.0,,
sine,1.0,0,128,2048,0.002,0.002,core_N128_s0,3,600000,600000,600000,0,True,600000,0.08804407411763386,0.1082626276266115,0.09799457767610001,0.0016916035566658047,0.020218553508977638,0.3558393217296273,0.35584927839541824,0.3558393272749971,0.35584027095156545,0.8436116060742236,0.6224633503047887,1.8801857014544376e-08,2.5628001866275603e-07,0.021756066256585615,-0.0015401347688636094,2.6220212556333293e-06,0.020218553508977638,0,1.7556540580391626,575239,1e-24,599999,0.0,1.0000005405551025,843,True,0.08668438162357817,1785,True,0.08695393872728818,0.005649717514124294,,,0.0,,,0.0,,,0.0,,,0.0,,,0.0,,
sine,10.0,0,128,2048,0.002,0.02,core_N128_s0,3,600000,600000,600000,0,True,600000,0.08804407411763386,0.10581262115779572,0.1061042404950249,0.001653322205590558,0.017768547040161856,0.35583932172949634,0.35583932172949634,0.35583932172949634,0.355840270952681,0.8436116060755459,0.6224633503047887,3.460594542752032e-16,8.924004063330632e-14,0.014041975359455528,0.003726413464242185,1.5821646413619928e-07,0.01776854704016185,4758,1.3458312263338044,,1e-24,276882,-55290448.91590489,1.0000025891105317,160,True,0.08783790783000006,338,True,0.08790952650987877,0.005649717514124294,,,0.0,,,0.0,,,0.0,,,0.0,,,0.0,,
sine,100.0,0,128,2048,0.002,0.2,core_N128_s0,3,600000,600000,600000,0,True,600000,0.08804407411763386,0.10135206941989446,0.09587180559665484,0.0015836260846858509,0.013307995302260595,0.3558393217294964,0.35583932172949634,0.35583932172949634,0.35584027095268106,0.843611606075546,0.6224633503047887,1.4447213086260833e-16,5.433318978938232e-14,0.007738641971810399,0.005569352301502382,1.0289478084589708e-09,0.01330799530226059,10472,1.0109329765378952,,1e-24,108697,-51266221.387319475,1.0000077247646246,17,True,0.08802062461718964,36,True,0.08802883706749097,0.005649717514124294,,,0.0,,,0.0,,,0.0,,,0.0,,,0.0,,
runge,0.0001,0,128,2048,0.002,2.0000000000000002e-07,core_N128_s0,3,600000,600000,600000,0,True,600000,0.08804407411763386,0.11502907752224566,0.07864046843257373,0.0017973293362850884,0.026985003404611796,0.03715287592173988,0.037158939908229334,0.03715881724016308,0.03715289844984246,0.4871255411219613,0.6667049743199063,6.6159427852811355e-06,0.0019115229295644126,-0.0038248640024798708,0.030808422893153723,1.444513937932544e-06,0.026985003404611786,0,2.4346118492392694,142794,1e-24,599999,0.9979798136752593,0.9999986152765135,938,True,0.08553146397430078,2580,True,0.08511106294737479,0.01694915254237288,,,0.0,,,0.0,,,0.0,,,0.0,,,0.0,,
runge,0.001,0,128,2048,0.002,2e-06,core_N128_s0,3,600000,600000,600000,0,True,600000,0.08804407411763386,0.11481706534133852,0.07864500774257852,0.0017940166459584144,0.026772991223704662,0.03715419036007822,0.037160447135142605,0.03716032098611536,0.03715421286767835,0.48713415795756865,0.6667049743199063,5.7774967121121125e-06,0.0019362754081168197,-0.003817052157905007,0.03058875784244836,1.2855391613061148e-06,0.026772991223704655,0,2.421611144252643,142590,1e-24,599999,0.9979769072013102,0.9999986377851123,937,True,0.08553334593705554,2578,True,0.08511345831890028,0.01694915254237288,,,0.0,,,0.0,,,0.0,,,0.0,,,0.0,,
runge,0.01,0,128,2048,0.002,2e-05,core_N128_s0,3,600000,600000,600000,0,True,600000,0.08804407411763386,0.11310702696403434,0.07869687087261865,0.0017672972963130365,0.025062952846400477,0.037168180566964276,0.03717635383203966,0.037176197533127446,0.037168202876257876,0.48722586181985933,0.6667049743199063,7.728940719651666e-06,0.0021685009094872722,-0.003738094829240162,0.028799368410586088,1.6792650545683015e-06,0.02506295284640049,0,2.3201359723106565,140640,1e-24,599999,0.9979478740460929,0.9999987975103126,930,True,0.08554988969495812,2560,True,0.08513711456444151,0.01694915254237288,,,0.0,,,0.0,,,0.0,,,0.0,,,0.0,,
runge,0.1,0,128,2048,0.002,0.0002,core_N128_s0,3,600000,600000,600000,0,True,600000,0.08804407411763386,0.10626714350002642,0.07932910710467227,0.0016604241171879128,0.018223069382392557,0.037339450069798955,0.03735813407770955,0.03735803858339873,0.03733947133279219,0.4883471228295862,0.6667049743199063,0.00016867708205589268,0.003114865966111834,-0.0032088521047235925,0.02143058587568895,1.33561142719215e-06,0.018223069382392557,0,2.1528404315326513,125104,1e-24,599999,0.9976603055554456,0.9999994465478241,867,True,0.08572168988214403,2393,True,0.08535171445551425,0.0,,,0.0,,,0.0,,,0.0,,,0.0,,,0.0,,
runge,1.0,0,128,2048,0.002,0.002,core_N128_s0,3,600000,600000,600000,0,True,600000,0.08804407411763386,0.0983945617025871,0.07833135630969218,0.0015374150266029235,0.010350487584953244,0.03745828269243588,0.03746672294824765,0.03746672090964067,0.03745830516480005,0.48912359420157414,0.6667049743199063,0.00022732344369525795,0.0017977872499559896,-0.0013047185382297492,0.011654556420000196,6.497031827924506e-07,0.010350487584953242,0,1.95771645404393,90538,1e-24,599999,0.9948983677524693,0.9999990085686903,511,True,0.0866832361496583,1423,True,0.08648963820250079,0.0,,,0.0,,,0.0,,,0.0,,,0.0,,,0.0,,
runge,10.0,0,128,2048,0.002,0.02,core_N128_s0,3,600000,600000,600000,0,True,600000,0.08804407411763386,0.10054711332360683,0.0839513187740681,0.0015710486456813567,0.012503039205972968,0.037109894971910626,0.037109917104641704,0.03710991577645,0.037109918098435946,0.4868436938568712,0.6667049743199063,3.2749346398803147e-06,9.158879417462746e-05,-0.00016537698465428314,0.012668407026740216,9.163887037849001e-09,0.01250303920597297,0,1.3342684710820345,,1e-24,599999,0.9680318028194705,0.9999965483776918,97,True,0.08779879131211944,270,True,0.08776104458655634,0.0,,,0.0,,,0.0,,,0.0,,,0.0,,,0.0,,
runge,100.0,0,128,2048,0.002,0.2,core_N128_s0,3,600000,600000,600000,0,True,600000,0.08804407411763386,0.09805494683564045,0.08981504726456471,0.001532108544306882,0.010010872718006589,0.037109841428408855,0.03710984142840882,0.03710984142840883,0.03710986456385662,0.4868433426976248,0.6667049743199063,5.839508408880919e-14,4.5509987210965965e-12,-2.965657788201374e-05,0.010040529295887902,6.967283017821071e-16,0.010010872718006585,108607,0.9978515147898611,,1e-24,525214,-42656406.864909135,0.9999830997185362,10,True,0.08801715945401624,28,True,0.08801370790231555,0.0,,,0.0,,,0.0,,,0.0,,,0.0,,,0.0,,
moment3,0.0001,0,128,2048,0.002,2.0000000000000002e-07,core_N128_s0,3,600000,600000,600000,0,True,600000,0.08804407411763386,0.1356760285260948,0.07072621514654433,0.0021199379457202314,0.04763195440846095,9.992007221626409e-16,1.2432055385147579e-15,1.4432899320127035e-15,2.06889522442763e-25,4.548503690230596e-13,0.6660747815109223,2.9934877590094333e-15,7.190253481990342e-06,0.02085809301478554,0.026769074333990985,4.787059684407792e-06,0.04763195440846094,35072,4.6752162955469645,192628,1e-24,332573,-608166713.3521053,1.0000017925928186,730,True,0.0900691718265204,2677,True,0.09117259746605041,0.011299435028248588,,,0.005649717514124294,,,0.0,,,0.005649717514124294,,,0.0,,,0.0,,
moment3,0.001,0,128,2048,0.002,2e-06,core_N128_s0,3,600000,600000,600000,0,True,600000,0.08804407411763386,0.13154969974417624,0.06667809164002907,0.0020554640585027538,0.04350562562654238,1.4432899320127035e-15,1.2417955552734839e-15,1.2212453270876722e-15,1.8765359763256353e-25,4.3318932944999815e-13,0.6660747815109223,3.333790507281954e-15,5.941329540015603e-06,0.018515907592088165,0.024985251869708028,4.466164746184436e-06,0.04350562562654238,32677,4.48569144889585,192396,1e-24,323205,-602826012.1621121,1.000001956463629,729,True,0.09006705587627443,2674,True,0.0911702205657547,0.011299435028248588,,,0.005649717514124294,,,0.0,,,0.005649717514124294,,,0.0,,,0.0,,
moment3,0.01,0,128,2048,0.002,2e-05,core_N128_s0,3,600000,600000,600000,0,True,600000,0.08804407411763386,0.1138064566402086,0.05237301187353504,0.0017782258850032593,0.025762382522574734,1.5543122344752192e-15,1.152306028373573e-15,1.1102230246251565e-15,3.234188357422815e-26,1.7983820433081344e-13,0.6660747815109223,1.155112368064262e-15,2.825923486440686e-06,0.007312242945418671,0.01844602452558102,4.115051575043909e-06,0.025762382522574734,26828,3.815715020285765,190206,1e-24,293215,-475093666.06549156,1.000002335219878,721,True,0.09004925335531115,2649,True,0.09114697633182846,0.011299435028248588,,,0.0,,,0.0,,,0.005649717514124294,,,0.0,,,0.0,,
moment3,0.1,0,128,2048,0.002,0.0002,core_N128_s0,3,600000,600000,600000,0,True,600000,0.08804407411763386,0.09284111270471852,0.04781229035232354,0.001450642386011227,0.004797038587084662,1.1102230246251565e-15,1.1102230246251565e-15,1.1102230246251565e-15,1.7267387533145032e-26,1.3140522095500182e-13,0.6660747815109223,5.544172011216197e-16,3.334913208084094e-06,-0.003296407098174638,0.00809193020529581,1.5154799634699694e-06,0.004797038587084643,16475,2.935856647269474,174860,1e-24,236403,-439469195.1534665,1.0000026155146247,654,True,0.08989360362721192,2427,True,0.09093324608681448,0.011299435028248588,,,0.0,,,0.0,,,0.0,,,0.0,,,0.0,,
moment3,1.0,0,128,2048,0.002,0.002,core_N128_s0,3,600000,600000,600000,0,True,600000,0.08804407411763386,0.10310280450327705,0.09090608053811411,0.001610981320363704,0.01505873038564319,8.881784197001252e-16,8.881784197001252e-16,8.881784197001252e-16,9.086545504435619e-27,9.532322031408456e-14,0.6660747815109223,4.933939603114913e-16,3.584304977437973e-06,0.013535032060040775,0.001523420396502871,2.779290995417079e-07,0.01505873038564319,5564,2.2687652766967354,124606,1e-24,144687,-406559834.30614704,1.0000038729135783,354,True,0.08909323887830274,1352,True,0.08983052860878007,0.005649717514124294,,,0.0,,,0.0,,,0.0,,,0.0,,,0.0,,
moment3,10.0,0,128,2048,0.002,0.02,core_N128_s0,3,600000,600000,600000,0,True,600000,0.08804407411763386,0.10900542393098134,0.1026335501735653,0.0017032097489215834,0.020961349813347477,1.3322676295501878e-15,1.359329315775426e-15,1.3322676295501878e-15,1.5114324090551134e-27,3.8877082663561693e-14,0.6660747815109223,1.4422221867139654e-16,1.5061464814324857e-06,0.017099105779595645,0.0038622334719272873,1.0561824539734963e-08,0.020961349813347477,94977,1.791677259242318,66768,1e-24,71212,-377708272.73509514,1.0000116660486464,68,True,0.08825642440785628,257,True,0.08840618069570703,0.005649717514124294,,,0.0,,,0.0,,,0.0,,,0.0,,,0.0,,
moment3,100.0,0,128,2048,0.002,0.2,core_N128_s0,3,600000,600000,600000,0,True,600000,0.08804407411763386,0.10894379615189764,0.10230885467057205,0.0017022468148734007,0.020899722034263782,1.3322676295501878e-15,1.27675647831893e-15,1.27675647831893e-15,3.8079154503440963e-28,1.9513849503873697e-14,0.6660747815109223,1.5453652082766616e-16,9.10633696922619e-07,0.013267112909187865,0.007632604952864056,4.172211853078189e-09,0.020899722034263782,283540,1.358700200941983,,1e-24,30608,-297099193.9664828,1.0000304510078692,8,True,0.08806955378337757,27,True,0.08808485307115695,0.005649717514124294,,,0.0,,,0.0,,,0.0,,,0.0,,,0.0,,
moment5,0.0001,0,128,2048,0.002,2.0000000000000002e-07,core_N128_s0,3,600000,600000,600000,0,True,600000,0.08804407411763386,0.09127982338256815,0.08943999388532783,0.0014262472403526274,0.003235749264934293,0.7500020426110822,0.7500020490016834,0.7500020489959763,0.7500112736493414,0.8660268774383587,0.666074781510922,5.456959617989925e-06,1.3174653116703402e-05,0.00348188266108654,-0.00024634044735751925,2.070512052584013e-07,0.0032357492649342794,0,0.37119376472358256,,1e-24,599999,0.9979366704731104,0.9999977633593619,718,True,0.09010676819282051,2285,True,0.09128469618108229,0.0,,,0.0,,,0.0,,,0.0,,,0.0,,,0.0,,
moment5,0.001,0,128,2048,0.002,2e-06,core_N128_s0,3,600000,600000,600000,0,True,600000,0.08804407411763386,0.09127753982801588,0.08944753974118144,0.0014262115598127482,0.003233465710382022,0.7500020397231718,0.7500020461028514,0.7500020460971528,0.750011270759026,0.8660268757696565,0.666074781510922,5.4495543201474004e-06,1.3161982325427639e-05,0.0034792999040779487,-0.00024600778684065916,1.735931447338227e-07,0.0032334657103820245,0,0.37118032807184753,,1e-24,599999,0.997933802236826,0.9999981488039626,717,True,0.09010455357171217,2283,True,0.09128220666726426,0.0,,,0.0,,,0.0,,,0.0,,,0.0,,,0.0,,
moment5,0.01,0,128,2048,0.002,2e-05,core_N128_s0,3,600000,600000,600000,0,True,600000,0.08804407411763386,0.09125486008201526,0.0895217058953257,0.0014258571887814885,0.003210785964381402,0.7500020113834933,0.7500020176558166,0.750002017650204,0.7500112423955398,0.8660268593942083,0.666074781510922,5.376820676264906e-06,1.30368813257283e-05,0.003453050057068391,-0.00024274281451386993,4.787218268837223e-07,0.003210785964381405,0,0.37104737742960703,,1e-24,599999,0.9979051413952857,0.9999978478392715,710,True,0.09008777674940811,2264,True,0.09125865913297873,0.0,,,0.0,,,0.0,,,0.0,,,0.0,,,0.0,,
moment5,0.1,0,128,2048,0.002,0.0002,core_N128_s0,3,600000,600000,600000,0,True,600000,0.08804407411763386,0.09104475317933644,0.09070438631635022,0.0014225742684271319,0.0030006790617025797,0.7500017735054075,0.7500017788650899,0.7500017788602185,0.7500110043010372,0.8660267219321017,0.666074781510922,4.761045526859646e-06,1.1928972779096858e-05,0.0032157080642591183,-0.00021532674692278226,2.977443662267357e-07,0.003000679061702563,0,0.36984716371094395,,1e-24,599999,0.997620414393364,0.9999975842805354,643,True,0.0899257920966041,2087,True,0.09104099470814178,0.0,,,0.0,,,0.0,,,0.0,,,0.0,,,0.0,,
moment5,1.0,0,128,2048,0.002,0.002,core_N128_s0,3,600000,600000,600000,0,True,600000,0.08804407411763386,0.08991563248957879,0.09131058210672113,0.0014049317576496686,0.0018715583719449286,0.7500009691999305,0.7500009714558123,0.7500009714535572,0.7500101988655955,0.8660262569197229,0.666074781510922,2.5666804711885257e-06,7.16061421442867e-06,0.001993881449552242,-0.00012251069706706446,1.876194597377219e-07,0.0018715583719449158,0,0.3642391366686035,,1e-24,599999,0.9948503513501715,0.9999967797001235,348,True,0.08910982378496643,1204,True,0.08989658428219072,0.0,,,0.0,,,0.0,,,0.0,,,0.0,,,0.0,,
moment5,10.0,0,128,2048,0.002,0.02,core_N128_s0,3,600000,600000,600000,0,True,600000,0.08804407411763386,0.08839595544225931,0.08768438777713777,0.0013811868037853017,0.00035188132462544985,0.7500005275121803,0.750000528490971,0.7500005284890291,0.7500097558868907,0.8660260011690365,0.666074781510922,1.277532847131234e-06,3.347483111502314e-06,0.0004257858019600544,-7.390447733471939e-05,1.0756604923219873e-16,0.0003518813246254427,0,0.3596154661879962,,1e-24,599999,0.9676581690618847,0.9999983690533216,67,True,0.08826006068550858,237,True,0.08842243293005593,0.0,,,0.0,,,0.0,,,0.0,,,0.0,,,0.0,,
moment5,100.0,0,128,2048,0.002,0.2,core_N128_s0,3,600000,600000,600000,0,True,600000,0.08804407411763386,0.0880529144938485,0.08706861294091588,0.0013758267889663828,8.840376214638845e-06,0.7500004121739844,0.7500004128525941,0.7500004128519486,0.7500096400249965,0.8660259342769621,0.666074781510922,1.073161516990356e-06,1.8985314966049603e-06,7.160409671237175e-05,-6.276372049794423e-05,2.0473361574386646e-16,8.840376214632249e-06,0,0.35881696048497136,,1e-24,599999,0.6961374086499302,0.9999981030428484,7,True,0.08806792482231832,25,True,0.08808657551935989,0.0,,,0.0,,,0.0,,,0.0,,,0.0,,,0.0,,
moment9,0.0001,0,128,2048,0.002,2.0000000000000002e-07,core_N128_s0,3,600000,600000,600000,0,True,600000,0.08804407411763386,0.0912798233825682,0.08943999388532793,0.001426247240352628,0.0032357492649343345,0.7500020426110822,0.7500020490016833,0.7500020489959762,0.7500498587082258,0.8660296024363495,0.6660747815109221,5.4569596180837905e-06,1.3174653116699718e-05,0.0034818826610865062,-0.0002463404473574324,2.0705120525392676e-07,0.003235749264934327,0,0.37119376472358256,,1e-24,599999,0.9979366704731725,0.999997802228883,718,True,0.09010676819282051,2285,True,0.09128469618108231,0.0,,,0.0,,,0.0,,,0.0,,,0.0,,,0.0,,
moment9,0.001,0,128,2048,0.002,2e-06,core_N128_s0,3,600000,600000,600000,0,True,600000,0.08804407411763386,0.09127753982801594,0.08944753974118123,0.001426211559812749,0.0032334657103820774,0.7500020397231717,0.7500020461028513,0.7500020460971528,0.7500498558126325,0.866029600764681,0.6660747815109221,5.4495543201474004e-06,1.316198232542429e-05,0.003479299904077917,-0.00024600778684057226,1.735931447386986e-07,0.003233465710382084,0,0.37118032807184753,,1e-24,599999,0.997933802236888,0.9999979793593158,717,True,0.09010455357171217,2283,True,0.09128220666726429,0.0,,,0.0,,,0.0,,,0.0,,,0.0,,,0.0,,
moment9,0.01,0,128,2048,0.002,2e-05,core_N128_s0,3,600000,600000,600000,0,True,600000,0.08804407411763386,0.09125486008201532,0.08952170589532554,0.0014258571887814893,0.0032107859643814574,0.7500020113834933,0.7500020176558165,0.7500020176502038,0.7500498273969023,0.8660295843598623,0.6660747815109221,5.376820676254292e-06,1.3036881325723203e-05,0.003453050057068358,-0.0002427428145137833,4.787218268939144e-07,0.0032107859643814673,0,0.37104737742960703,,1e-24,599999,0.997905141395347,0.9999977648621655,710,True,0.09008777674940811,2264,True,0.09125865913297873,0.0,,,0.0,,,0.0,,,0.0,,,0.0,,,0.0,,
moment9,0.1,0,128,2048,0.002,0.0002,core_N128_s0,3,600000,600000,600000,0,True,600000,0.08804407411763386,0.0910447531793365,0.09070438631635065,0.0014225742684271328,0.003000679061702635,0.7500017735054074,0.7500017788650898,0.7500017788602185,0.750049588827505,0.8660294466302311,0.6660747815109221,4.761045526859646e-06,1.1928972779093472e-05,0.0032157080642591027,-0.0002153267469227,2.977443662174887e-07,0.00300067906170262,0,0.36984716371094395,,1e-24,599999,0.9976204143934183,0.9999975443352763,643,True,0.08992579209660409,2087,True,0.09104099470814178,0.0,,,0.0,,,0.0,,,0.0,,,0.0,,,0.0,,
moment9,1.0,0,128,2048,0.002,0.002,core_N128_s0,3,600000,600000,600000,0,True,600000,0.08804407411763386,0.0899156324895788,0.09131058210672072,0.0014049317576496688,0.0018715583719449425,0.7500009691999304,0.7500009714558122,0.7500009714535569,0.7500487809130649,0.8660289802091474,0.6660747815109221,2.566680471116328e-06,7.160614214428196e-06,0.0019938814495522226,-0.0001225106970670002,1.8761945970648618e-07,0.001871558371944929,0,0.3642391366686035,,1e-24,599999,0.9948503513501715,0.9999976165665769,348,True,0.08910982378496644,1204,True,0.08989658428219072,0.0,,,0.0,,,0.0,,,0.0,,,0.0,,,0.0,,
moment9,10.0,0,128,2048,0.002,0.02,core_N128_s0,3,600000,600000,600000,0,True,600000,0.08804407411763386,0.08839595544225932,0.08768438777713804,0.001381186803785302,0.00035188132462546373,0.7500005275121802,0.7500005284909709,0.7500005284890291,0.7500483351032831,0.8660287228363885,0.6660747815109221,1.2775328470871068e-06,3.3474831115126683e-06,0.00042578580196003975,-7.390447733467153e-05,9.920440805818152e-17,0.00035188132462546747,0,0.3596154661879962,,1e-24,599999,0.9676581690618847,0.9999988471433622,67,True,0.08826006068550858,237,True,0.08842243293005593,0.0,,,0.0,,,0.0,,,0.0,,,0.0,,,0.0,,
moment9,100.0,0,128,2048,0.002,0.2,core_N128_s0,3,600000,600000,600000,0,True,600000,0.08804407411763386,0.08805291449384851,0.08706861294091585,0.001375826788966383,8.840376214652723e-06,0.7500004121739844,0.750000412852594,0.7500004128519486,0.7500482180936037,0.8660286552849106,0.6660747815109221,1.0731615169922503e-06,1.898531496604372e-06,7.160409671235395e-05,-6.276372049790415e-05,2.024868774934375e-16,8.840376214652293e-06,0,0.35881696048497136,,1e-24,599999,0.6961374086499307,0.9999977350271944,7,True,0.08806792482231832,25,True,0.08808657551935989,0.0,,,0.0,,,0.0,,,0.0,,,0.0,,,0.0,,
sine,0.0001,0,128,2048,0.002,2.0000000000000002e-07,core_N128_s0,5,600000,600000,600000,0,True,600000,0.08804407411763386,0.0782278176874465,0.08012060232140833,0.0012223096513663515,-0.009816256430187367,0.4240057415677489,0.42401369632973984,0.42401374507655115,0.42400598076946416,0.9208756493354183,0.6225243424758102,0.0005263156634853631,0.0006930717355002707,0.005599188510875785,-0.01541943926747084,3.994326407681874e-06,-0.009816256430187374,0,0.4064473469909375,,1e-24,599999,0.9985072101956303,0.9999995073186495,1529,True,0.08460688995121149,3268,True,0.08469498579221664,0.0,,,0.0,,,0.0,,,0.0,,,0.0,,,0.0,,
sine,0.001,0,128,2048,0.002,2e-06,core_N128_s0,5,600000,600000,600000,0,True,600000,0.08804407411763386,0.07824321837975798,0.08011574104265487,0.0012225502871837184,-0.009800855737875883,0.42400545288999913,0.42401342414414855,0.42401347315369453,0.42400569209066985,0.9208753358524375,0.6225243424758102,0.0005266451668477979,0.0006937461912546242,0.00560985937529084,-0.01541447205818759,3.7569450208575394e-06,-0.009800855737875895,0,0.4064068999049719,,1e-24,599999,0.9985049992258332,0.9999995079668359,1528,True,0.08461191307399402,3265,True,0.08469935079474918,0.0,,,0.0,,,0.0,,,0.0,,,0.0,,,0.0,,
sine,0.01,0,128,2048,0.002,2e-05,core_N128_s0,5,600000,600000,600000,0,True,600000,0.08804407411763386,0.07839630960977687,0.08006665410418728,0.0012249423376527635,-0.009647764507856996,0.4240025132616761,0.4240106539357851,0.42401070566308674,0.4240027524516029,0.9208721436242959,0.6225243424758102,0.0005299333407183737,0.0007006434629784733,0.005713175620768489,-0.015364220523474244,3.28039484876507e-06,-0.009647764507856992,0,0.40600377165096935,,1e-24,599999,0.9984829043576422,0.9999995129600556,1518,True,0.0846613830718798,3242,True,0.0847422153262615,0.0,,,0.0,,,0.0,,,0.0,,,0.0,,,0.0,,
sine,0.1,0,128,2048,0.002,0.0002,core_N128_s0,5,600000,600000,600000,0,True,600000,0.08804407411763386,0.08002622082192258,0.08163263212889835,0.0012504097003425403,-0.00801785329571128,0.42396745753651954,0.42397781585915156,0.4239779059828771,0.42396769658177014,0.9208340747189693,0.6225243424758102,0.0005625228768374414,0.0007858652720057957,0.006787273729292725,-0.01481052588780983,5.398862805822071e-06,-0.008017853295711284,0,0.4021128179752647,,1e-24,599999,0.998263278086968,0.9999995805002992,1419,True,0.08508614477121683,3026,True,0.08518989374754651,0.0,,,0.0,,,0.0,,,0.0,,,0.0,,,0.0,,
sine,1.0,0,128,2048,0.002,0.002,core_N128_s0,5,600000,600000,600000,0,True,600000,0.08804407411763386,0.10681159999041998,0.10167051795153693,0.0016689312498503121,0.018767525872786114,0.4001288460393455,0.4118839344547132,0.4131725522717138,0.400127298110622,0.8945695032926418,0.6225243424758102,0.007847659018817241,0.026637206632847344,0.022772621634606596,-0.004007716397456097,2.6206356355970106e-06,0.0187675258727861,0,1.2578176893677306,,1e-24,599999,0.9961267502450323,1.0000007199809735,842,True,0.08668611788391409,1780,True,0.08695704263675134,0.005649717514124294,,,0.0,,,0.0,,,0.0,,,0.0,,,0.0,,
sine,10.0,0,128,2048,0.002,0.02,core_N128_s0,5,600000,600000,600000,0,True,600000,0.08804407411763386,0.18977611292406352,0.2110926594338686,0.0029652517644384925,0.10173203880642966,0.04668919726830301,0.04669095155627109,0.046690843852179365,0.04669003430458304,0.30558152530734917,0.6225243424758102,1.7468942712078176e-05,0.0001173027250656977,0.14973686808322234,-0.04800504856215389,2.1928536122599798e-07,0.1017320388064297,0,1.471315474609473,,1e-24,599999,0.975220733579795,0.9999930518912173,160,True,0.08783827967707392,338,True,0.08791011373727138,0.005649717514124294,,,0.0,,,0.0,,,0.0,,,0.0,,,0.0,,
sine,100.0,0,128,2048,0.002,0.2,core_N128_s0,5,600000,600000,600000,0,True,600000,0.08804407411763386,0.13294566852412973,0.1379276296697634,0.002077276070689527,0.04490159440649587,0.04668501685237736,0.046685016852376304,0.04668501685237625,0.046685860616617586,0.30556786682050713,0.6225243424758102,2.714550266660039e-15,3.4136298954361734e-13,0.038860950552971917,0.006040635239766845,8.613757097313507e-09,0.04490159440649586,168629,1.4420595731069097,,1e-24,463470,-3215470364.2779026,1.0000025408802693,17,True,0.08802065413974391,35,True,0.08802877621007985,0.005649717514124294,,,0.0,,,0.0,,,0.0,,,0.0,,,0.0,,
runge,0.0001,0,128,2048,0.002,2.0000000000000002e-07,core_N128_s0,5,600000,600000,600000,0,True,600000,0.08804407411763386,0.19692073535398846,0.05960076888456632,0.0030768864899060697,0.1088766612363546,0.03462225653604728,0.03495932065589318,0.03495823011940481,0.034622231636875514,0.4702427189244401,0.6667652778233245,0.0006863554502540203,0.013796801054041484,-0.0020197118356226726,0.11089490689854771,1.4661734295754366e-06,0.1088766612363546,0,1.375406547232072,,1e-24,599999,0.9979781833464911,0.9999993423211406,937,True,0.08553174255496918,2578,True,0.0851062107209012,0.0,,,0.0,,,0.0,,,0.0,,,0.0,,,0.0,,
runge,0.001,0,128,2048,0.002,2e-06,core_N128_s0,5,600000,600000,600000,0,True,600000,0.08804407411763386,0.19658576279743023,0.059339363705209765,0.0030716525437098473,0.10854168867979637,0.03417478735281622,0.03451829866142935,0.03451711519678065,0.034174762066292885,0.46719404745462767,0.6667652778233245,0.0006761306218432384,0.013724420911761612,-0.0020420633001666053,0.11058243553922988,1.316440733120947e-06,0.1085416886797964,0,1.3757909273342137,,1e-24,599999,0.9979752763599165,0.9999993298471567,936,True,0.08553362473881733,2576,True,0.08510861223162126,0.0,,,0.0,,,0.0,,,0.0,,,0.0,,,0.0,,
runge,0.01,0,128,2048,0.002,2e-05,core_N128_s0,5,600000,600000,600000,0,True,600000,0.08804407411763386,0.19377198362046155,0.0578464151083396,0.0030276872440697118,0.10572790950282769,0.0303481411382939,0.030733779421169095,0.030731859271348957,0.030348114083206302,0.4402611918677847,0.6667652778233245,0.000618528446038918,0.01313328585358672,-0.0017982229391533277,0.1075248809892831,1.2514526979109327e-06,0.10572790950282769,0,1.379208957170883,,1e-24,599999,0.9979462380451277,0.9999992824649583,929,True,0.08555016299497498,2559,True,0.08513228593419181,0.011299435028248588,,,0.0,,,0.0,,,0.0,,,0.0,,,0.0,,
runge,0.1,0,128,2048,0.002,0.0002,core_N128_s0,5,600000,600000,600000,0,True,600000,0.08804407411763386,0.1806253647473772,0.06900446325208581,0.0028222713241777687,0.09258129062974334,0.01856196697291307,0.01874474661598135,0.01874168979863597,0.018561976381396002,0.34431556749339043,0.6667652778233245,0.00042601630984930185,0.008635154926201405,0.0057076536263983985,0.08687294970714234,6.872962026092173e-07,0.09258129062974335,0,1.433176859225045,,1e-24,599999,0.9976586152084281,0.9999986944149166,867,True,0.08572134488532328,2392,True,0.0853473780979865,0.04519774011299435,,,0.0,,,0.0,,,0.0,,,0.0,,,0.0,,
runge,1.0,0,128,2048,0.002,0.002,core_N128_s0,5,600000,600000,600000,0,True,600000,0.08804407411763386,0.13430457681129052,0.07762107986906677,0.0020985090126764143,0.046260502693656655,0.016837037665365095,0.016837355782091654,0.016837347693809568,0.016837080019395226,0.32792757611721435,0.6667652778233245,2.7998892052005047e-05,0.0005092417931808449,0.005556282189401517,0.04070354359965349,6.769046016412858e-07,0.04626050269365664,0,1.5025151526280904,,1e-24,599999,0.9948960494119309,0.9999955437448749,510,True,0.08668369122113687,1422,True,0.08648799146487285,0.01694915254237288,,,0.0,,,0.0,,,0.0,,,0.0,,,0.0,,
runge,10.0,0,128,2048,0.002,0.02,core_N128_s0,5,600000,600000,600000,0,True,600000,0.08804407411763386,0.115484491816461,0.0919406587888574,0.0018044451846322032,0.027440417698827144,0.016837376838958362,0.016837863117555144,0.01683784766144844,0.01683741933211711,0.3279308804145662,0.6667652778233245,1.3953735323172227e-05,0.0006199205714008432,0.004959098375951518,0.02248129753560787,2.1787267743689228e-08,0.027440417698827137,0,1.5640430313459714,,1e-24,599999,0.9680229429047612,0.9999961315928697,97,True,0.08779874364521906,270,True,0.08776086317323101,0.005649717514124294,,,0.0,,,0.0,,,0.0,,,0.0,,,0.0,,
runge,100.0,0,128,2048,0.002,0.2,core_N128_s0,5,600000,600000,600000,0,True,600000,0.08804407411763386,0.1009695093058039,0.09388587685296929,0.0015776485829031859,0.012925435188170034,0.018202248368162977,0.018204783523017062,0.018204779136713076,0.01820229396735955,0.34096328214970995,0.6667652778233245,1.5189449852781804e-05,0.0012101138808569545,0.005120797448554095,0.007804633855630322,3.883985621580574e-09,0.012925435188170041,0,1.4080682215430076,,1e-24,599999,0.6998884946861327,0.9999991410709271,10,True,0.08801715142480988,28,True,0.08801368858747456,0.0,,,0.0,,,0.0,,,0.0,,,0.0,,,0.0,,
moment3,0.0001,0,128,2048,0.002,2.0000000000000002e-07,core_N128_s0,5,600000,600000,600000,0,True,600000,0.08804407411763386,0.20150229462776356,0.1490437578454705,0.0031484733535588057,0.1134582205101297,0.673886812474241,0.6745055655252274,0.6744862758081189,0.6738890500294538,0.8209061374067017,0.666112608001899,0.0049231986634318495,0.004261273386766267,0.1878887239048862,-0.07443088391252389,3.805177673648163e-07,0.11345822051012969,0,1.1536895210149742,,1e-24,599999,0.9979343690759978,0.9999998355219292,728,True,0.09006835634716849,2644,True,0.09117487437600047,0.062146892655367235,,,0.0,,,0.0,,,0.0,,,0.0,,,0.0,,
moment3,0.001,0,128,2048,0.002,2e-06,core_N128_s0,5,600000,600000,600000,0,True,600000,0.08804407411763386,0.20488642386375694,0.15492062668006437,0.003201350372871202,0.11684234974612308,0.6687070231112864,0.6696420339843439,0.6696405722713041,0.6687092198191262,0.8177451148445322,0.666112608001899,0.00548227997319481,0.004904684874175455,0.19640916982906123,-0.07956724562129698,4.2553835881791736e-07,0.11684234974612309,0,1.1536330317993633,,1e-24,599999,0.9979314992304026,1.0000000099358908,727,True,0.09006623256996783,2642,True,0.09117256066008579,0.062146892655367235,,,0.0,,,0.0,,,0.0,,,0.0,,,0.0,,
moment3,0.01,0,128,2048,0.002,2e-05,core_N128_s0,5,600000,600000,600000,0,True,600000,0.08804407411763386,0.2378894898941982,0.20538074724734154,0.003717023279596847,0.14984541577656435,0.6255862801362214,0.6273625451625965,0.6273586029739545,0.6255883673121165,0.7909401739635498,0.666112608001899,0.010195819430824215,0.002195232581856817,0.2755522808555198,-0.12570712694955657,2.6187060116828455e-07,0.14984541577656438,0,1.153063278041955,,1e-24,599999,0.9979028223653794,1.0000000242173224,720,True,0.09005006426161594,2617,True,0.09114918034206386,0.062146892655367235,,,0.0,,,0.0,,,0.0,,,0.0,,,0.0,,
moment3,0.1,0,128,2048,0.002,0.0002,core_N128_s0,5,600000,600000,600000,0,True,600000,0.08804407411763386,0.2928466662765209,0.2845274962782288,0.004575729160570639,0.20480259215888702,0.4287458416429665,0.43456482923280126,0.4345495987060488,0.42874731457072446,0.6547869409423898,0.666112608001899,0.013714594699795789,0.002504420615185844,0.5773263869909079,-0.3725242994466819,5.046146610734595e-07,0.20480259215888702,0,1.1493880548684283,,1e-24,599999,0.9976179412058218,0.9999995851557516,652,True,0.08989219864052861,2399,True,0.09093542620063147,0.03954802259887006,,,0.0,,,0.0,,,0.0,,,0.0,,,0.0,,
moment3,1.0,0,128,2048,0.002,0.002,core_N128_s0,5,600000,600000,600000,0,True,600000,0.08804407411763386,0.22390735586380606,0.21811992957124737,0.0034985524353719696,0.13586328174617218,0.09982372943425244,0.10289093477739969,0.10286487895490487,0.09982455769003595,0.3159497383951069,0.666112608001899,0.003229568620061099,0.0014386608495883535,0.8321048415647709,-0.6962418363712327,2.765526340951525e-07,0.13586328174617215,0,1.1411028176420854,,1e-24,599999,0.9948465820376057,0.9999985925677168,353,True,0.08909217657112604,1340,True,0.08983138496847104,0.011299435028248588,,,0.0,,,0.0,,,0.0,,,0.0,,,0.0,,
moment3,10.0,0,128,2048,0.002,0.02,core_N128_s0,5,600000,600000,600000,0,True,600000,0.08804407411763386,0.1807373870470188,0.1820170142993509,0.002824021672609669,0.09269331292938494,0.011803402398910201,0.011924257935472478,0.01192357325163601,0.011803572735900762,0.10864407410985473,0.666112608001899,0.00025565721434229956,0.0019568681054056634,0.36977613339780085,-0.27708283796760635,1.7499190429929057e-08,0.09269331292938494,0,1.1383207805389184,,1e-24,599999,0.9676430143656156,0.9999983343992713,68,True,0.0882566036219083,255,True,0.08840644488752929,0.0,,,0.0,,,0.0,,,0.0,,,0.0,,,0.0,,
moment3,100.0,0,128,2048,0.002,0.2,core_N128_s0,5,600000,600000,600000,0,True,600000,0.08804407411763386,0.17353160523976352,0.17770961034560498,0.002711431331871305,0.08548753112212966,0.05166276292706973,0.05168823027172649,0.051688054432804054,0.051662823685884394,0.22729420981738907,0.666112608001899,0.17897520276288117,0.005904819948809986,0.35154901411656053,-0.26606148693654186,3.942111010774563e-09,0.08548753112212966,230356,1.1229938919061964,,1e-24,599999,-0.022737624145143947,3.132802285922699e-06,8,True,0.08806957211834082,27,True,0.08808490519094364,0.0,,,0.0,,,0.0,,,0.0,,,0.0,,,0.0,,
moment5,0.0001,0,128,2048,0.002,2.0000000000000002e-07,core_N128_s0,5,600000,600000,600000,0,True,600000,0.08804407411763386,0.09154154174526426,0.08976282886254498,0.001430336589769754,0.003497467627630396,0.7499968319780077,0.7499968412120396,0.7499968412110936,0.7500060628660081,0.866023869026075,0.6661126080018989,8.940420329125382e-06,1.654488712961906e-05,0.003241211135377582,0.00025596417238545814,2.923198673493943e-07,0.0034974676276303897,0,0.3712140102265956,,1e-24,599999,0.9979351715060903,0.9999982283424159,717,True,0.09010576270908849,2282,True,0.09128389277999154,0.0,,,0.0,,,0.0,,,0.0,,,0.0,,,0.0,,
moment5,0.001,0,128,2048,0.002,2e-06,core_N128_s0,5,600000,600000,600000,0,True,600000,0.08804407411763386,0.09153913182084342,0.08978181010636652,0.0014302989347006784,0.003495057703209556,0.7499968310441478,0.7499968402707468,0.7499968402698034,0.7500060619299692,0.8660238684856579,0.6661126080018989,8.9346393047993e-06,1.6537488503495292e-05,0.003238642430313084,0.0002561169539593936,2.983189370693363e-07,0.0034950577032095468,0,0.37120055104915595,,1e-24,599999,0.9979323026185298,0.9999979997682047,717,True,0.09010533482062989,2280,True,0.09128146921046416,0.0,,,0.0,,,0.0,,,0.0,,,0.0,,,0.0,,
moment5,0.01,0,128,2048,0.002,2e-05,core_N128_s0,5,600000,600000,600000,0,True,600000,0.08804407411763386,0.09151628596865809,0.08996945725814837,0.0014299419682602826,0.003472211851024226,0.749996822021732,0.749996831175302,0.7499968311743851,0.7500060528859886,0.8660238632641648,0.6661126080018989,8.877526131749282e-06,1.646464173002148e-05,0.0032142018824464036,0.0002576044361642218,4.055324135842961e-07,0.0034722118510242092,0,0.37106737304449544,,1e-24,599999,0.9979036352511498,0.9999980362962085,709,True,0.09008673775843576,2260,True,0.09125778182804822,0.0,,,0.0,,,0.0,,,0.0,,,0.0,,,0.0,,
moment5,0.1,0,128,2048,0.002,0.0002,core_N128_s0,5,600000,600000,600000,0,True,600000,0.08804407411763386,0.09130412394961408,0.09026998398805802,0.00142662693671272,0.003260049831980222,0.7499967577314156,0.7499967662666984,0.7499967662660257,0.7500059883999446,0.8660238260334958,0.6661126080018989,8.36671800727541e-06,1.5836059037082496e-05,0.0029906447073230996,0.00026913811614914964,2.670085079590589e-07,0.003260049831980208,0,0.36986514038977025,,1e-24,599999,0.9976188419837114,0.9999980430510339,642,True,0.08992448827042727,2084,True,0.09104025393190103,0.0,,,0.0,,,0.0,,,0.0,,,0.0,,,0.0,,
moment5,1.0,0,128,2048,0.002,0.002,core_N128_s0,5,600000,600000,600000,0,True,600000,0.08804407411763386,0.09015004793515273,0.09174064042534794,0.0014085944989867614,0.002105973817518869,0.7499968172547822,0.749996823715926,0.7499968237162615,0.7500060469047451,0.8660238598109262,0.6661126080018989,5.834146596387544e-06,1.3532878807773037e-05,0.0018198621821231549,0.00028597735571428846,1.3427968141705286e-07,0.00210597381751886,0,0.3642480368930541,,1e-24,599999,0.9948480931087184,0.9999979281306165,348,True,0.08910991396958855,1202,True,0.08989564292481254,0.0,,,0.0,,,0.0,,,0.0,,,0.0,,,0.0,,
moment5,10.0,0,128,2048,0.002,0.02,core_N128_s0,5,600000,600000,600000,0,True,600000,0.08804407411763386,0.08862902291575943,0.0878940859138107,0.001384828483058741,0.0005849487981255674,0.7499972556418528,0.7499972620305169,0.7499972620307485,0.7500064842206908,0.8660241122928827,0.6661126080018989,3.065722082062045e-06,1.2394835066033046e-05,0.00032624789877809605,0.00025870089934745366,5.240124660435651e-18,0.000584948798125555,0,0.3596169350516083,,1e-24,599999,0.9676490871831838,1.000000900907746,67,True,0.08826005605679504,237,True,0.0884223337517089,0.0,,,0.0,,,0.0,,,0.0,,,0.0,,,0.0,,
moment5,100.0,0,128,2048,0.002,0.2,core_N128_s0,5,600000,600000,600000,0,True,600000,0.08804407411763386,0.08830900318227021,0.08701878592290502,0.001379828174722972,0.0002649290646363489,0.7499968029327145,0.7499968186115503,0.7499968186203496,0.7500060323319979,0.8660238513974295,0.6661126080018989,2.2751077585869557e-06,1.3592804841179811e-05,-1.0463667680773562e-05,0.00027539273231644724,6.743603141505231e-16,0.00026492906463634804,0,0.3588171574621759,,1e-24,599999,0.6960602569468481,0.9999999650958615,7,True,0.088067921979758,25,True,0.0880865607948582,0.0,,,0.0,,,0.0,,,0.0,,,0.0,,,0.0,,
moment9,0.0001,0,128,2048,0.002,2.0000000000000002e-07,core_N128_s0,5,600000,600000,600000,0,True,600000,0.08804407411763386,0.0912997167563132,0.08956379874301983,0.0014265580743173937,0.0032556426386793347,0.7500018541385961,0.7500018592914824,0.7500018592874108,0.7500496686693863,0.866029492724129,0.6661126080018989,4.926987554482855e-06,1.1850390446857902e-05,0.0034731392492363053,-0.00021779149455918126,2.948840021941854e-07,0.0032556426386793186,0,0.3712158545628288,,1e-24,599999,0.9979351685376519,0.9999973686266156,717,True,0.09010549601715087,2283,True,0.0912832342739689,0.0,,,0.0,,,0.0,,,0.0,,,0.0,,,0.0,,
moment9,0.001,0,128,2048,0.002,2e-06,core_N128_s0,5,600000,600000,600000,0,True,600000,0.08804407411763386,0.09129739346187765,0.08955348214925514,0.0014265217728418383,0.0032533193442437908,0.7500018515488281,0.7500018566930852,0.7500018566890194,0.7500496660724374,0.866029491224872,0.6661126080018989,4.920388703211875e-06,1.1839205888986745e-05,0.0034705210762433518,-0.00021750322735593694,3.0149535637897083e-07,0.0032533193442437947,0,0.3712023938911482,,1e-24,599999,0.9979322996473637,0.9999971918702623,717,True,0.09010506814297077,2281,True,0.09128078205354624,0.0,,,0.0,,,0.0,,,0.0,,,0.0,,,0.0,,
moment9,0.01,0,128,2048,0.002,2e-05,core_N128_s0,5,600000,600000,600000,0,True,600000,0.08804407411763386,0.09127432402573417,0.0894808097621567,0.0014261613129020964,0.0032302499081003078,0.7500018261357967,0.7500018311952192,0.750001831191212,0.750049640588328,0.8660294765125194,0.6661126080018989,4.8555765077185975e-06,1.1728769986957319e-05,0.003444496893035543,-0.00021467418427322432,4.2719933798989256e-07,0.003230249908100309,0,0.37106919838464925,,1e-24,599999,0.9979036322525463,0.9999969791941323,709,True,0.09008647451757444,2261,True,0.09125710630958274,0.0,,,0.0,,,0.0,,,0.0,,,0.0,,,0.0,,
moment9,0.1,0,128,2048,0.002,0.0002,core_N128_s0,5,600000,600000,600000,0,True,600000,0.08804407411763386,0.09106136186928371,0.09078894381131206,0.001422833779207558,0.003017287751649847,0.7500016128709608,0.7500016172082953,0.7500016172047952,0.7500494266776567,0.8660293530187197,0.6661126080018989,4.306826235311164e-06,1.0750011767436254e-05,0.0032079639408847697,-0.00019093417875802265,2.579895230858606e-07,0.0030172877516498322,0,0.36986680884573264,,1e-24,599999,0.9976188387346788,0.9999971316412766,642,True,0.08992425337374968,2085,True,0.09103965465442973,0.0,,,0.0,,,0.0,,,0.0,,,0.0,,,0.0,,
moment9,1.0,0,128,2048,0.002,0.002,core_N128_s0,5,600000,600000,600000,0,True,600000,0.08804407411763386,0.08992249746444694,0.09130136875074252,0.0014050390228819835,0.0018784233468130823,0.7500008909227783,0.7500008927877878,0.7500008927861115,0.7500487013554643,0.8660289342793418,0.6661126080018989,2.343522053873073e-06,6.520058495173569e-06,0.0019887521710943395,-0.00011046613902480906,1.3731474354467692e-07,0.0018784233468130752,0,0.36424890271135096,,1e-24,599999,0.9948480882426329,0.9999957919072536,348,True,0.08910979222769731,1203,True,0.08989546106058662,0.0,,,0.0,,,0.0,,,0.0,,,0.0,,,0.0,,
moment9,10.0,0,128,2048,0.002,0.02,core_N128_s0,5,600000,600000,600000,0,True,600000,0.08804407411763386,0.08839938531624483,0.08771288938296538,0.0013812403955663255,0.00035531119861097193,0.7500004913456157,0.750000492205243,0.7500004922036698,0.7500482978981765,0.8660287013573119,0.6661126080018989,1.1717887200582853e-06,3.1208371717170885e-06,0.00042313579488089927,-6.782459626980364e-05,-1.2200876028333518e-16,0.00035531119861097367,0,0.35961707704886736,,1e-24,599999,0.967649071104084,0.9999994962289412,67,True,0.08826003328539087,237,True,0.08842224965444577,0.0,,,0.0,,,0.0,,,0.0,,,0.0,,,0.0,,
moment9,100.0,0,128,2048,0.002,0.2,core_N128_s0,5,600000,600000,600000,0,True,600000,0.08804407411763386,0.08805527816073232,0.08706367809939027,0.0013758637212614425,1.1204043098456129e-05,0.750000385574418,0.7500003861490059,0.7500003861482962,0.7500481906082017,0.8660286394171668,0.6661126080018989,9.791009691498618e-07,1.7428219578316432e-06,6.913542927374659e-05,-5.793138617519073e-05,-1.1065589916097785e-16,1.1204043098445209e-05,0,0.35881716850518647,,1e-24,599999,0.6960601319897389,0.9999991076275423,7,True,0.08806791964194284,25,True,0.08808655202412315,0.0,,,0.0,,,0.0,,,0.0,,,0.0,,,0.0,,
sine,0.0001,0,128,2048,0.002,2.0000000000000002e-07,core_N128_s0,7,600000,600000,600000,0,True,600000,0.08804407411763386,0.078209779358012,0.08015800245844103,0.0012220278024689375,-0.009834294759621859,0.4240053792580995,0.42401334777457206,0.42401339653719894,0.4240056184595882,0.9208752558947256,0.6225230757493063,0.0005269246581449874,0.0006937575201645723,0.005622958196100597,-0.015461235459196964,3.982503474489051e-06,-0.009834294759621876,0,0.406360539929852,,1e-24,599999,0.9985072590052799,0.9999995059702179,1529,True,0.0846064976806253,3268,True,0.08469435101775999,0.0,,,0.0,,,0.0,,,0.0,,,0.0,,,0.0,,
sine,0.001,0,128,2048,0.002,2e-06,core_N128_s0,7,600000,600000,600000,0,True,600000,0.08804407411763386,0.07822521272503505,0.08015316697476643,0.0012222689488286726,-0.009818861392598813,0.42400509098685946,0.42401307596933985,0.42401312499425936,0.424005330187306,0.9208749428530522,0.6225230757493063,0.0005272548773118412,0.0006944300656192103,0.005633625797577917,-0.015456272705650273,3.7855154735432345e-06,-0.009818861392598816,0,0.4063201580792448,,1e-24,599999,0.9985050480366059,0.9999995062935938,1528,True,0.08461152136401226,3266,True,0.08469872378008139,0.0,,,0.0,,,0.0,,,0.0,,,0.0,,,0.0,,
sine,0.01,0,128,2048,0.002,2e-05,core_N128_s0,7,600000,600000,600000,0,True,600000,0.08804407411763386,0.07837863330155176,0.08010433725576156,0.0012246661453367462,-0.009665440816082102,0.4240021553414194,0.4240103094901682,0.4240103612285767,0.42400239453114735,0.9208717549486979,0.6225230757493063,0.0005305502561801365,0.0007013087911186103,0.005737372065479389,-0.01540606225792963,3.2493763681397973e-06,-0.009665440816082099,0,0.4059176813824321,,1e-24,599999,0.9984829531827842,0.9999995122134269,1518,True,0.08466099693710452,3243,True,0.08474160080199301,0.0,,,0.0,,,0.0,,,0.0,,,0.0,,,0.0,,
sine,0.1,0,128,2048,0.002,0.0002,core_N128_s0,7,600000,600000,600000,0,True,600000,0.08804407411763386,0.08000717687789098,0.08160830023266338,0.0012501121387170466,-0.00803689723974288,0.42396712616555315,0.42397749678231905,0.42397758690568,0.4239673652108339,0.9208337148593484,0.6225230757493063,0.0005632172283714566,0.0007864249749453594,0.006810089369173063,-0.01485242277596987,5.436167053935913e-06,-0.008036897239742874,0,0.40203304868080914,,1e-24,599999,0.9982633271835891,0.9999995783537609,1419,True,0.08508581087412168,3026,True,0.08518925411612813,0.0,,,0.0,,,0.0,,,0.0,,,0.0,,,0.0,,
sine,1.0,0,128,2048,0.002,0.002,core_N128_s0,7,600000,600000,600000,0,True,600000,0.08804407411763386,0.10751707629634935,0.10181807170441,0.0016799543171304586,0.01947300217871549,0.39241844163521045,0.4090398494293733,0.41119370990582416,0.3924169491921486,0.8859085158097856,0.6225230757493063,0.0054723079181667675,0.02757060915258746,0.022962659074496194,-0.0034922784021932086,2.621506412512617e-06,0.019473002178715493,0,1.3731094430634216,,1e-24,599999,0.9961268071603254,1.0000006940889687,842,True,0.0866859697553924,1781,True,0.08695688415129961,0.005649717514124294,,,0.0,,,0.0,,,0.0,,,0.0,,,0.0,,
sine,10.0,0,128,2048,0.002,0.02,core_N128_s0,7,600000,600000,600000,0,True,600000,0.08804407411763386,0.13222963632236584,0.1425707730327723,0.0020660880675369662,0.04418556220473198,0.3388600410623437,0.33889426080138707,0.338893877108738,0.33886101413136677,0.823238743174016,0.6225230757493063,3.120361049805071e-05,0.0005150512507472758,0.037639111826847406,0.006546243872542895,2.0650534168125754e-07,0.04418556220473198,0,1.2830105981226145,,1e-24,599999,0.9752208988777968,0.9999981446475685,160,True,0.08783825826444423,338,True,0.08791007834535902,0.0,,,0.0,,,0.0,,,0.0,,,0.0,,,0.0,,
sine,100.0,0,128,2048,0.002,0.2,core_N128_s0,7,600000,600000,600000,0,True,600000,0.08804407411763386,0.11461391227200483,0.10284322355823036,0.0017908423792500755,0.026569838154370973,0.3371648280642754,0.3372458354016109,0.3372464783680273,0.33716580675323654,0.8211769684461889,0.6225230757493063,0.00011597722002640469,0.0012954913545853183,-0.003335956082488714,0.029905789622898086,4.613961613148649e-09,0.026569838154370976,0,1.0735440917758137,,1e-24,599999,0.7665818382495933,1.0000009516960826,17,True,0.08802065224700518,35,True,0.08802877303485392,0.0,,,0.0,,,0.0,,,0.0,,,0.0,,,0.0,,
runge,0.0001,0,128,2048,0.002,2.0000000000000002e-07,core_N128_s0,7,600000,600000,600000,0,True,600000,0.08804407411763386,0.13396123516797115,0.08311883631717579,0.002093144299499549,0.04591716105033729,0.03768494455737936,0.037735116151218696,0.03773447636947415,0.037684963463260036,0.49060119334293595,0.6667640213934891,0.0007219071428026828,0.003577657329012769,-0.001902962653052185,0.04781863305881383,1.4906445756242222e-06,0.045917161050337274,0,2.2307687516861465,179647,1e-24,599999,0.9979782306979027,1.0000009176252722,937,True,0.0855317459454238,2578,True,0.08510650059946936,0.005649717514124294,,,0.0,,,0.0,,,0.0,,,0.0,,,0.0,,
runge,0.001,0,128,2048,0.002,2e-06,core_N128_s0,7,600000,600000,600000,0,True,600000,0.08804407411763386,0.1338993098508478,0.08236475285961997,0.002092176716419497,0.04585523573321394,0.037677837396131494,0.03772894116585547,0.03772828051020764,0.037677856236585844,0.4905549284937441,0.6667640213934891,0.0007261011387951563,0.0035970471053849503,-0.0019733402368614004,0.047827219037998046,1.3569320772949774e-06,0.04585523573321395,0,2.2208842152678296,179361,1e-24,599999,0.997975323720593,1.000001094958249,936,True,0.08553362813425913,2576,True,0.08510890174264135,0.005649717514124294,,,0.0,,,0.0,,,0.0,,,0.0,,,0.0,,
runge,0.01,0,128,2048,0.002,2e-05,core_N128_s0,7,600000,600000,600000,0,True,600000,0.08804407411763386,0.13395135132246344,0.08346512724144743,0.0020929898644134913,0.04590727720482958,0.03769833551960439,0.037772378617695494,0.03777115418900514,0.03769835272557767,0.4906883395692735,0.6667640213934891,0.0008371619841297196,0.004125884843787027,-0.0026639239228514553,0.04856991031386596,1.2908138150776933e-06,0.045907277204829594,0,2.1051654420325203,176685,1e-24,599999,0.9979462855000866,1.0000017396646999,929,True,0.08555016671877265,2559,True,0.08513257242109933,0.005649717514124294,,,0.0,,,0.0,,,0.0,,,0.0,,,0.0,,
runge,0.1,0,128,2048,0.002,0.0002,core_N128_s0,7,600000,600000,600000,0,True,600000,0.08804407411763386,0.13637318980080032,0.07090645893830173,0.002130831090637505,0.04832911568316646,0.037032943431068374,0.03713146668779602,0.037130807999883345,0.037032959784816535,0.48633862518117227,0.6667640213934891,0.0001395794890206827,0.005248101659379895,0.00014466700522671206,0.048183748153207424,7.005247323059424e-07,0.04832911568316645,0,1.7589565193406902,156103,1e-24,599999,0.9976586637177424,0.9999994053079508,867,True,0.08572134404398632,2392,True,0.08534763490414159,0.005649717514124294,,,0.0,,,0.0,,,0.0,,,0.0,,,0.0,,
runge,1.0,0,128,2048,0.002,0.002,core_N128_s0,7,600000,600000,600000,0,True,600000,0.08804407411763386,0.11802532934056369,0.08040218080712601,0.0018441457709463076,0.029981255222929826,0.03424300321065887,0.034276854517584054,0.03427668068730349,0.03424302324441527,0.46766040486358956,0.6667640213934891,0.00010035988808583609,0.0030735515065813046,0.00155955923209908,0.02842102445142649,6.715394042578055e-07,0.029981255222929826,0,1.608002726965243,109829,1e-24,599999,0.994896112225063,0.9999990150578547,510,True,0.08668369566009142,1422,True,0.08648808992767072,0.0,,,0.0,,,0.0,,,0.0,,,0.0,,,0.0,,
runge,10.0,0,128,2048,0.002,0.02,core_N128_s0,7,600000,600000,600000,0,True,600000,0.08804407411763386,0.1120514063509481,0.08733944808334948,0.001750803224233564,0.024007332233314235,0.03282746149076492,0.03283925162516237,0.03283916912359712,0.032827482425148616,0.4578922992773595,0.6667640213934891,3.8982525285197515e-05,0.00131908381316752,-0.0001353913692077648,0.024142715511697003,8.090824991450109e-09,0.02400733223331423,0,1.266263918561921,,1e-24,599999,0.9680231647752815,0.9999984996089347,97,True,0.08779874449234913,270,True,0.08776087255911703,0.0,,,0.0,,,0.0,,,0.0,,,0.0,,,0.0,,
runge,100.0,0,128,2048,0.002,0.2,core_N128_s0,7,600000,600000,600000,0,True,600000,0.08804407411763386,0.09995206630045297,0.08711410620264422,0.0015617510359445777,0.011907992182819113,0.03219740408902931,0.03221600243518941,0.032216092526328684,0.03219742437288241,0.45347684545467687,0.6667640213934891,2.0927224871298463e-05,0.0009623642770378637,-0.0001590811829440191,0.012067073114369628,2.5139349150566743e-10,0.0119079921828191,0,1.0140366369865703,,1e-24,599999,0.6998903131954487,0.9999992757215238,10,True,0.08801715161375503,28,True,0.08801368949658296,0.0,,,0.0,,,0.0,,,0.0,,,0.0,,,0.0,,
moment3,0.0001,0,128,2048,0.002,2.0000000000000002e-07,core_N128_s0,7,600000,600000,600000,0,True,600000,0.08804407411763386,0.13967593404174877,0.08407691106140837,0.0021824364694023246,0.05163185992411491,0.008650819291582512,0.009975248073620066,0.00990667275303081,0.00865079601018718,0.09300950615836207,0.6661118157882115,0.0049333813667477066,0.049989725964174045,0.00463612663190436,0.04699341058339026,2.322708820259342e-06,0.0516318599241149,0,2.696798225416848,223436,1e-24,599999,0.9979344065367481,1.0000012360927746,728,True,0.09006827279428001,2646,True,0.09117496404715837,0.01694915254237288,,,0.0,,,0.0,,,0.0,,,0.0,,,0.0,,
moment3,0.001,0,128,2048,0.002,2e-06,core_N128_s0,7,600000,600000,600000,0,True,600000,0.08804407411763386,0.14034891716048317,0.08570339251539397,0.0021929518306325496,0.05230484304284931,0.008277685390940093,0.009485174425010729,0.009424656361847639,0.008277667729494204,0.09098154292547588,0.6661118157882115,0.0047668132665803845,0.04913660360109634,0.00468075848205137,0.04762096023777467,3.124323023247478e-06,0.0523048430428493,0,2.6647066293696167,223077,1e-24,599999,0.9979315367050735,1.0000012399752018,727,True,0.09006614918987899,2643,True,0.09117257025958034,0.01694915254237288,,,0.0,,,0.0,,,0.0,,,0.0,,,0.0,,
moment3,0.01,0,128,2048,0.002,2e-05,core_N128_s0,7,600000,600000,600000,0,True,600000,0.08804407411763386,0.1415416349178627,0.09116859057210792,0.0022115880455916047,0.05349756080022884,0.0066076748586964,0.007349667636474991,0.007319439488734147,0.006607678618558323,0.08128749844751261,0.6661118157882115,0.003907375324044418,0.04437071512451581,0.0026734418659193297,0.05082123476356594,2.88417074360917e-06,0.05349756080022887,0,2.5628091051081516,219816,1e-24,599999,0.9979028599797125,1.0000012232463376,720,True,0.09004998241166959,2619,True,0.09114927537849676,0.01694915254237288,,,0.0,,,0.0,,,0.0,,,0.0,,,0.0,,
moment3,0.1,0,128,2048,0.002,0.0002,core_N128_s0,7,600000,600000,600000,0,True,600000,0.08804407411763386,0.10714027223141276,0.06134718098442689,0.0016740667536158244,0.019096198113778898,0.007169051122555503,0.008067047555539246,0.008030952221546372,0.007169047316836442,0.08467009094003862,0.6661118157882115,0.003943494169516358,0.044038683531528205,-0.017967427772984428,0.03706161460101282,2.011285750482985e-06,0.019096198113778887,0,2.2763842644334584,200423,1e-24,599999,0.9976179802466305,1.0000002077006052,652,True,0.08989212969367481,2400,True,0.09093543931329573,0.011299435028248588,,,0.0,,,0.0,,,0.0,,,0.0,,,0.0,,
moment3,1.0,0,128,2048,0.002,0.002,core_N128_s0,7,600000,600000,600000,0,True,600000,0.08804407411763386,0.19330055362629547,0.21062102356267134,0.0030203211504108668,0.10525647950866161,0.00957356032682155,0.00981453835246642,0.009812780606060778,0.009573788333964632,0.09784558036124054,0.6661118157882115,0.0006416294809195685,0.005317684439063769,0.1512789553755635,-0.046023090253677505,6.143867755967463e-07,0.10525647950866161,0,1.9565390761441952,144802,1e-24,599999,0.994846636082282,0.9999986454513798,353,True,0.08909214600235352,1341,True,0.08983145258395298,0.011299435028248588,,,0.0,,,0.0,,,0.0,,,0.0,,,0.0,,
moment3,10.0,0,128,2048,0.002,0.02,core_N128_s0,7,600000,600000,600000,0,True,600000,0.08804407411763386,0.15033559279845188,0.1612052696403357,0.0023489936374758106,0.06229151868081802,0.0012718021716122685,0.001290694968399623,0.00129052893802728,0.001271849245800482,0.0356629382186014,0.6661118157882115,6.575425946575871e-05,0.003306713519766377,0.07950595160958734,-0.01721444673867365,1.3809904325472982e-08,0.06229151868081802,0,1.7132770106657311,72434,1e-24,599999,0.9676432185241982,0.9999979244376312,68,True,0.08825659763291449,255,True,0.08840642806815077,0.005649717514124294,,,0.0,,,0.0,,,0.0,,,0.0,,,0.0,,
moment3,100.0,0,128,2048,0.002,0.2,core_N128_s0,7,600000,600000,600000,0,True,600000,0.08804407411763386,0.11413290684399809,0.11526122765377214,0.00178332666943747,0.026088832726364225,0.0007918172310537042,0.0007918321767496526,0.0007918320649632493,0.0007918313872720187,0.028139453530714904,0.6661118157882115,2.7493941277224677e-06,0.000411290339300669,0.02464265611011515,0.001446168805871659,7.81037741411668e-09,0.026088832726364218,0,1.4333986163543502,,1e-24,599999,0.6960113148268134,0.9999930240229196,8,True,0.08806957150580191,27,True,0.08808490343836783,0.005649717514124294,,,0.0,,,0.0,,,0.0,,,0.0,,,0.0,,
moment5,0.0001,0,128,2048,0.002,2.0000000000000002e-07,core_N128_s0,7,600000,600000,600000,0,True,600000,0.08804407411763386,0.09152111116232867,0.08963180716504886,0.0014300173619113854,0.0034770370446948057,0.7499973243936598,0.7499973325387649,0.7499973325369962,0.7500065552639215,0.8660241533092942,0.6661118157882114,7.824456684119677e-06,1.528232958464405e-05,0.0032673993628360106,0.00020936340172135245,2.742801374344817e-07,0.003477037044694798,0,0.3712137459863795,,1e-24,599999,0.9979352121050052,0.9999971260491698,717,True,0.09010570028506941,2282,True,0.09128382472799838,0.0,,,0.0,,,0.0,,,0.0,,,0.0,,,0.0,,
moment5,0.001,0,128,2048,0.002,2e-06,core_N128_s0,7,600000,600000,600000,0,True,600000,0.08804407411763386,0.09151871607601836,0.0896508688900024,0.0014299799386877868,0.0034746419583844973,0.7499973232345014,0.7499973313716054,0.7499973313698405,0.7500065541025723,0.8660241526387958,0.6661118157882114,7.819024697257239e-06,1.5274054778159988e-05,0.0032647947763597114,0.00020953735539977798,3.0982662500039985e-07,0.003474641958384489,0,0.37120028761791674,,1e-24,599999,0.9979323432320131,0.9999973369531016,717,True,0.0901052725104899,2280,True,0.09128139580887686,0.0,,,0.0,,,0.0,,,0.0,,,0.0,,,0.0,,
moment5,0.01,0,128,2048,0.002,2e-05,core_N128_s0,7,600000,600000,600000,0,True,600000,0.08804407411763386,0.09149502051434434,0.08983931591712242,0.0014296096955366303,0.0034509463967104803,0.7499973119793524,0.7499973200379212,0.7499973200361919,0.7500065428257463,0.8660241461281836,0.6661118157882114,7.765437506021809e-06,1.5192642982290281e-05,0.0032392941843245983,0.0002112347483444525,4.1746404141219326e-07,0.003450946396710462,0,0.3710671143218876,,1e-24,599999,0.9979036760107843,0.9999973358847952,709,True,0.09008667688225389,2260,True,0.09125771048769585,0.0,,,0.0,,,0.0,,,0.0,,,0.0,,,0.0,,
moment5,0.1,0,128,2048,0.002,0.0002,core_N128_s0,7,600000,600000,600000,0,True,600000,0.08804407411763386,0.09128353432995388,0.09037274974126193,0.0014263052239055294,0.0032394602123200222,0.7499972272352886,0.749997234634513,0.7499972346331065,0.7500064578849868,0.8660240970881108,0.6661118157882114,7.292075674956046e-06,1.449517567335035e-05,0.0030145322848889365,0.0002246591999236539,2.687275074266901e-07,0.003239460212320018,0,0.3698649261916166,,1e-24,599999,0.9976188842410685,0.9999973735365463,642,True,0.08992443916483385,2084,True,0.09104019534174886,0.0,,,0.0,,,0.0,,,0.0,,,0.0,,,0.0,,
moment5,1.0,0,128,2048,0.002,0.002,core_N128_s0,7,600000,600000,600000,0,True,600000,0.08804407411763386,0.09013321558045749,0.09167605489868216,0.0014083314934446483,0.0020891414628236293,0.7499971825386444,0.7499971878215933,0.7499971878214673,0.7500064121654245,0.8660240706921759,0.6661118157882114,5.040722879165863e-06,1.2053091073286817e-05,0.0018383649112020818,0.00025064087748607767,1.3567413545664837e-07,0.002089141462823616,0,0.36424796081272337,,1e-24,599999,0.9948481513240288,0.9999975399107052,348,True,0.08910990011777364,1203,True,0.08989588365534383,0.0,,,0.0,,,0.0,,,0.0,,,0.0,,,0.0,,
moment5,10.0,0,128,2048,0.002,0.02,core_N128_s0,7,600000,600000,600000,0,True,600000,0.08804407411763386,0.08861255861676866,0.08789616685730217,0.0013845712283870103,0.000568484499134797,0.7499975343810955,0.7499975394521822,0.7499975394521567,0.7500067629207112,0.8660242731987684,0.6661118157882114,2.603469373938283e-06,1.0978966899120178e-05,0.00033716117816339543,0.0002313233209713326,7.165718010317175e-17,0.0005684844991347996,0,0.35961692299706977,,1e-24,599999,0.9676493061836032,1.0000004782031464,67,True,0.08826005484960196,237,True,0.08842233274625375,0.0,,,0.0,,,0.0,,,0.0,,,0.0,,,0.0,,
moment5,100.0,0,128,2048,0.002,0.2,core_N128_s0,7,600000,600000,600000,0,True,600000,0.08804407411763386,0.0882851051063355,0.08700596014756488,0.0013794547672864922,0.00024103098870163764,0.7499972108495934,0.7499972227042746,0.7499972227105817,0.7500064400640092,0.8660240867992687,0.6661118157882114,1.8878347345807632e-06,1.2020036875103804e-05,-1.6938068338693026e-06,0.00024272479553531638,1.835797440683716e-16,0.00024103098870163062,0,0.3588171519543532,,1e-24,599999,0.6960620808415368,0.9999995332561346,7,True,0.08806792195213577,25,True,0.08808656084243269,0.0,,,0.0,,,0.0,,,0.0,,,0.0,,,0.0,,
moment9,0.0001,0,128,2048,0.002,2.0000000000000002e-07,core_N128_s0,7,600000,600000,600000,0,True,600000,0.08804407411763386,0.09129867601576278,0.08955515815526975,0.0014265418127462934,0.0032546018981289143,0.7500018620924341,0.7500018673006218,0.7500018672964784,0.7500496766843107,0.8660294973512631,0.6661118157882114,4.950496557033054e-06,1.1912621028330807e-05,0.0034734482619807215,-0.00021913935175431573,2.9298790251048557e-07,0.003254601898128915,0,0.3712147070749863,,1e-24,599999,0.9979352095750973,0.9999969530288808,717,True,0.09010545079635345,2283,True,0.09128322859463789,0.0,,,0.0,,,0.0,,,0.0,,,0.0,,,0.0,,
moment9,0.001,0,128,2048,0.002,2e-06,core_N128_s0,7,600000,600000,600000,0,True,600000,0.08804407411763386,0.0912963548880983,0.08954485635006817,0.001426505545126536,0.0032522807704644385,0.7500018594882917,0.7500018646877376,0.7500018646836001,0.7500496740729586,0.866029495843691,0.6661118157882114,4.943855525322888e-06,1.1901354556834643e-05,0.0034708209666643604,-0.0002188486863771943,3.084901772693236e-07,0.0032522807704644346,0,0.37120124807953236,,1e-24,599999,0.9979323406995041,0.9999970602492266,717,True,0.09010502303279988,2281,True,0.09128077323732443,0.0,,,0.0,,,0.0,,,0.0,,,0.0,,,0.0,,
moment9,0.01,0,128,2048,0.002,2e-05,core_N128_s0,7,600000,600000,600000,0,True,600000,0.08804407411763386,0.09127330669066196,0.08948245364819149,0.001426145417041593,0.0032292325730280957,0.7500018339343133,0.75000183904782,0.7500018390437425,0.7500496484476172,0.8660294810498032,0.6661118157882114,4.878629792645013e-06,1.1790111885603108e-05,0.0034447943147938812,-0.00021599611961720816,4.343778514195465e-07,0.003229232573028093,0,0.37106806727680386,,1e-24,599999,0.997903673452681,0.9999970827873322,709,True,0.09008643057463786,2261,True,0.09125709855733848,0.0,,,0.0,,,0.0,,,0.0,,,0.0,,,0.0,,
moment9,0.1,0,128,2048,0.002,0.0002,core_N128_s0,7,600000,600000,600000,0,True,600000,0.08804407411763386,0.09106050713012187,0.0907856322488444,0.0014228204239081542,0.0030164330124880095,0.7500016194959009,0.7500016238780863,0.7500016238745275,0.7500494333608796,0.8660293568770436,0.6661118157882114,4.326438072105228e-06,1.0804362850914024e-05,0.003208229771612905,-0.00019205970816647252,2.6294904157378e-07,0.003016433012488005,0,0.3698658105453274,,1e-24,599999,0.997618881449907,0.9999966347119486,642,True,0.08992421903998643,2085,True,0.09103965299964663,0.0,,,0.0,,,0.0,,,0.0,,,0.0,,,0.0,,
moment9,1.0,0,128,2048,0.002,0.002,core_N128_s0,7,600000,600000,600000,0,True,600000,0.08804407411763386,0.08992217217672575,0.09130167579757437,0.00140503394026134,0.0018780980590918928,0.7500008938274385,0.7500008957082408,0.7500008957065416,0.7500487043076463,0.8660289359836811,0.6661118157882114,2.352221763607228e-06,6.54726011752179e-06,0.001988924708568691,-0.00011096502664418606,1.3837716737465937e-07,0.0018780980590918795,0,0.36424844802679673,,1e-24,599999,0.9948481470589697,0.9999953961557808,348,True,0.0891097854576986,1203,True,0.08989547584159978,0.0,,,0.0,,,0.0,,,0.0,,,0.0,,,0.0,,
moment9,10.0,0,128,2048,0.002,0.02,core_N128_s0,7,600000,600000,600000,0,True,600000,0.08804407411763386,0.08839925322717959,0.08771193152200504,0.0013812383316746811,0.00035517910954573073,0.750000492574946,0.7500004934388735,0.7500004934372873,0.7500482991657639,0.8660287020891095,0.6661118157882114,1.1757868555197431e-06,3.1296316427131288e-06,0.0004232319344083951,-6.80528248627353e-05,5.921652157116878e-17,0.00035517910954571897,0,0.3596170062713449,,1e-24,599999,0.9676492920044154,0.9999991671481814,67,True,0.08826003334780769,237,True,0.08842225349832519,0.0,,,0.0,,,0.0,,,0.0,,,0.0,,,0.0,,
moment9,100.0,0,128,2048,0.002,0.2,core_N128_s0,7,600000,600000,600000,0,True,600000,0.08804407411763386,0.08805519541040316,0.08706397477239676,0.0013758624282875494,1.1121292769297741e-05,0.7500003864569665,0.7500003870356144,0.7500003870349077,0.7500481915236663,0.8660286399456786,0.6661118157882114,9.82796347104089e-07,1.7493222520119387e-06,6.923071184910893e-05,-5.810941907972252e-05,-9.328442798341258e-17,1.1121292769293117e-05,0,0.3588171584845208,,1e-24,599999,0.6960619707240192,0.9999988901443119,7,True,0.08806791974237228,25,True,0.08808655256778467,0.0,,,0.0,,,0.0,,,0.0,,,0.0,,,0.0,,
sine,0.0001,2,128,2048,0.002,2.0000000000000002e-07,core_N128_s2,0,600000,600000,600000,0,True,600000,0.08663192980476551,0.09012411841699929,0.08909673801794286,0.0014081893502656138,0.003492188612233771,0.4235705343407432,0.4236164791904599,0.42361728313587205,0.4235707705823327,0.9204029232703824,0.30863539456139566,0.000906234339743374,0.0017032505374666076,0.015473516023041327,-0.011982398016784693,1.0706059771209147e-06,0.003492188612233753,0,0.4695794829717723,,1e-24,599999,0.9991570381016691,1.0000002074915713,1787,True,0.08745948201295671,3811,True,0.08773295258143353,0.0,,,0.0,,,0.0,,,0.0,,,0.0,,,0.0,,
sine,0.001,2,128,2048,0.002,2e-06,core_N128_s2,0,600000,600000,600000,0,True,600000,0.08663192980476551,0.09014125819792446,0.08908849996471128,0.0014084571593425696,0.003509328393158942,0.42356841524501637,0.4236145995281719,0.4236154096013173,0.4235686514664217,0.9204006208889928,0.30863539456139566,0.0009071104687503317,0.0017074838706414238,0.015478974895997422,-0.0119708849882007,1.2384853622190653e-06,0.003509328393158941,0,0.46987628282030836,,1e-24,599999,0.9991559817228192,1.000000209674919,1785,True,0.0874591839563185,3808,True,0.08773238982877413,0.0,,,0.0,,,0.0,,,0.0,,,0.0,,,0.0,,
sine,0.01,2,128,2048,0.002,2e-05,core_N128_s2,0,600000,600000,600000,0,True,600000,0.08663192980476551,0.09031224814848403,0.08900846334297557,0.001411128877320063,0.003680318343718514,0.42354685032500206,0.4235955008263683,0.42359637479523027,0.4235470863372255,0.920377190435775,0.30863539456139566,0.0009160708700165454,0.0017504428775531606,0.015534495433459463,-0.011855718643631892,1.541553890933067e-06,0.0036803183437185065,0,0.4728521436102854,,1e-24,599999,0.999145407068506,1.0000002285523069,1770,True,0.08745786588112839,3774,True,0.087726500403656,0.0,,,0.0,,,0.0,,,0.0,,,0.0,,,0.0,,
sine,0.1,2,128,2048,0.002,0.0002,core_N128_s2,0,600000,600000,600000,0,True,600000,0.08663192980476551,0.09205477529893341,0.08948885503057921,0.0014383558640458345,0.005422845494167897,0.4232864867529946,0.4233689975815104,0.4233708727883206,0.4232867197083674,0.9200942557242354,0.30863539456139566,0.001031232633889181,0.0022537830540287217,0.016117379374870032,-0.010696095631398762,1.5617506966268305e-06,0.005422845494167898,0,0.5040448860074769,,1e-24,599999,0.9990386782354816,1.0000004179877482,1631,True,0.08743455939688875,3464,True,0.08769425863015053,0.0,,,0.0,,,0.0,,,0.0,,,0.0,,,0.0,,
sine,1.0,2,128,2048,0.002,0.002,core_N128_s2,0,600000,600000,600000,0,True,600000,0.08663192980476551,0.17864812587362286,0.14971459499235648,0.002791376966775357,0.09201619606885734,0.24785851890804517,0.25957011955368847,0.2586642436391612,0.24785845613048818,0.7040716669920587,0.30863539456139566,0.0022559273347103155,0.029997475411541758,0.062934819236987,0.02908003923042404,1.337601446337915e-06,0.09201619606885739,0,2.5733867947908196,566023,1e-24,599999,0.9979238247662757,1.0000014039802778,923,True,0.08733756840883616,1927,True,0.08752842799038717,0.01694915254237288,,,0.0,,,0.0,,,0.0,,,0.0,,,0.0,,
sine,10.0,2,128,2048,0.002,0.02,core_N128_s2,0,600000,600000,600000,0,True,600000,0.08663192980476551,0.14988575147861746,0.10743679215005068,0.002341964866853398,0.06325382167385195,0.03662755723726001,0.0379156826910418,0.037903893070193095,0.036627572104400145,0.2706568754138721,0.30863539456139566,0.0005354413680163967,0.0184325267756928,0.01656242360004343,0.04669136846776107,2.9606047428847235e-08,0.06325382167385192,0,5.6842519190719045,261923,1e-24,599999,0.9863634789722271,0.9999986680830732,176,True,0.08677492405679213,364,True,0.08681325953073772,0.01694915254237288,,,0.005649717514124294,,,0.0,,,0.005649717514124294,,,0.0,,,0.0,,
sine,100.0,2,128,2048,0.002,0.2,core_N128_s2,0,600000,600000,600000,0,True,600000,0.08663192980476551,0.1385352037405214,0.11474362765439954,0.0021646125584456467,0.051903273935755875,0.006340235950649139,0.006599830633821159,0.006597682712436152,0.006340211897947088,0.11260738783887217,0.30863539456139566,8.599546366751456e-05,0.01717434300351114,0.025498364692558437,0.026404900701092943,8.542104480832546e-09,0.05190327393575587,0,5.361845581493446,105919,1e-24,599999,0.8703369781383175,0.9999982767636841,19,True,0.08664881361233659,38,True,0.08665328378505574,0.011299435028248588,,,0.0,,,0.0,,,0.0,,,0.0,,,0.0,,
runge,0.0001,2,128,2048,0.002,2.0000000000000002e-07,core_N128_s2,0,600000,600000,600000,0,True,600000,0.08663192980476551,0.18491268478974268,0.07581970502394396,0.0028892606998397294,0.09828075498497717,0.022778228796467372,0.023014363731498875,0.023013723651720233,0.022778210596656915,0.3814207826330432,0.34937187594395913,0.0002097168504171096,0.015726181405355075,0.0015754788426196242,0.09670527460605338,1.536304125687755e-09,0.09828075498497714,0,3.368496199008861,206669,1e-24,599999,0.9980616110034701,0.9999994443649479,602,True,0.08659050126801228,1488,True,0.08659346381721918,0.04519774011299435,,,0.0,,,0.0,,,0.0,,,0.0,,,0.0,,
runge,0.001,2,128,2048,0.002,2e-06,core_N128_s2,0,600000,600000,600000,0,True,600000,0.08663192980476551,0.1839565515792854,0.07583271858411747,0.0028743211184263343,0.09732462177451988,0.022480528600484655,0.02272294093288698,0.0227223175827829,0.02248050971326517,0.3789200866855211,0.34937187594395913,0.00021335347198109725,0.0159069962520807,0.0015876812683434337,0.09573693958235628,9.238201304108024e-10,0.09732462177451985,0,3.3970468692415574,206371,1e-24,599999,0.9980589712117752,0.9999994751874095,601,True,0.08659059384312323,1486,True,0.08659356119913562,0.04519774011299435,,,0.0,,,0.0,,,0.0,,,0.0,,,0.0,,
runge,0.01,2,128,2048,0.002,2e-05,core_N128_s2,0,600000,600000,600000,0,True,600000,0.08663192980476551,0.17632737584953692,0.07733313455864588,0.0027551152476490144,0.0896954460447714,0.019892925193264216,0.020190166486069607,0.020189616413722786,0.0198929001619772,0.3564458826470204,0.34937187594395913,0.0002503529869539091,0.01786850850112269,0.0015937962629417508,0.08810164811856167,1.6632679873578196e-09,0.0896954460447714,0,3.6504014851666646,203574,1e-24,599999,0.9980325237815671,0.9999996458123259,592,True,0.08659147806750105,1466,True,0.08659450694135018,0.03389830508474576,,,0.0,,,0.0,,,0.0,,,0.0,,,0.0,,
runge,0.1,2,128,2048,0.002,0.0002,core_N128_s2,0,600000,600000,600000,0,True,600000,0.08663192980476551,0.14970298206627397,0.0794939444434214,0.002339109094785531,0.06307105226150846,0.009254849982401767,0.009609796930009646,0.00960795047579988,0.009254816424861834,0.24312434873618408,0.34937187594395913,0.0006019235804184458,0.02687391760392021,0.0003262640660720253,0.06274478266160566,5.533830799221804e-09,0.06307105226150847,0,4.490677523677757,185237,1e-24,599999,0.9977682575142527,0.9999994439963293,522,True,0.08659856077979285,1294,True,0.08660221745941192,0.01694915254237288,,,0.0,,,0.0,,,0.005649717514124294,,,0.0,,,0.0,,
runge,1.0,2,128,2048,0.002,0.002,core_N128_s2,0,600000,600000,600000,0,True,600000,0.08663192980476551,0.13208388593217915,0.07980873314673707,0.0020638107176902992,0.04545195612741364,0.0034787595544114526,0.003663491685412714,0.003660863751804212,0.0034787422948490258,0.149058133835447,0.34937187594395913,0.00022350362196416106,0.03098418274617487,0.000671666186767988,0.04478028245502912,7.485616548228233e-09,0.04545195612741365,0,4.467864947731065,137943,1e-24,599999,0.9951369827265095,0.9999999320176709,238,True,0.0866205195603694,577,True,0.08662342895807963,0.011299435028248588,,,0.0,,,0.0,,,0.005649717514124294,,,0.0,,,0.0,,
runge,10.0,2,128,2048,0.002,0.02,core_N128_s2,0,600000,600000,600000,0,True,600000,0.08663192980476551,0.12650011383866816,0.0864196264600575,0.00197656427872919,0.039868184033902646,0.0030711632714002235,0.0031151414323380955,0.0031150421291670895,0.0030711626411531142,0.14005414257752746,0.34937187594395913,0.00010893771962863814,0.017222567034502444,0.0022057520545332382,0.03766243018542955,1.7939398527786917e-09,0.03986818403390264,0,3.910948609482773,108658,1e-24,599999,0.9688962895934415,0.999999664435396,36,True,0.08663050428367662,83,True,0.08663096469629507,0.011299435028248588,,,0.0,,,0.0,,,0.005649717514124294,,,0.0,,,0.0,,
runge,100.0,2,128,2048,0.002,0.2,core_N128_s2,0,600000,600000,600000,0,True,600000,0.08663192980476551,0.11883006247859217,0.08484934628515549,0.0018567197262280026,0.03219813267382665,0.003660716360750554,0.003729101844727253,0.0037287974248162966,0.003660713571163532,0.1529070204153873,0.34937187594395913,2.9172007664579652e-05,0.020802930546332768,0.00025631849391280427,0.03194181397906544,2.00848408389927e-10,0.03219813267382665,0,3.351019486208453,126617,1e-24,599999,0.7065441014604187,0.9999996320795552,3,True,0.08663176914583477,8,True,0.08663181768107246,0.011299435028248588,,,0.0,,,0.0,,,0.0,,,0.0,,,0.0,,
moment3,0.0001,2,128,2048,0.002,2.0000000000000002e-07,core_N128_s2,0,600000,600000,600000,0,True,600000,0.08663192980476551,0.248066287164308,0.14051235695835712,0.0038760357369423126,0.16143435735954248,0.47095704373920466,0.47377658939714473,0.47376250092676075,0.4709586369274887,0.6862631600641288,0.5302371250550028,0.004137629755338251,0.011029302775774371,0.15244872344397,0.008983552124483105,2.081791089385962e-06,0.16143435735954248,0,4.952856729832176,289777,1e-24,599999,0.9983813590653531,0.999998652656366,1556,True,0.08976891406806663,3868,True,0.09046113672374051,0.03389830508474576,,,0.01694915254237288,,,0.0,,,0.01694915254237288,,,0.0,,,0.0,,
moment3,0.001,2,128,2048,0.002,2e-06,core_N128_s2,0,600000,600000,600000,0,True,600000,0.08663192980476551,0.26280866002070113,0.15945917186074302,0.004106385312823455,0.1761767302159356,0.38374409793336006,0.3894783801884967,0.38944532918913666,0.3837452382164349,0.6194707468143181,0.5302371250550028,0.005305703684503841,0.011830365927566741,0.178062070844682,-0.001887084911729561,1.7442829831501183e-06,0.1761767302159356,0,5.110622820369149,289250,1e-24,599999,0.9983791828934812,0.9999991650059662,1554,True,0.08976669447350845,3864,True,0.09045872452710312,0.03389830508474576,,,0.01694915254237288,,,0.0,,,0.01694915254237288,,,0.0,,,0.0,,
moment3,0.01,2,128,2048,0.002,2e-05,core_N128_s2,0,600000,600000,600000,0,True,600000,0.08663192980476551,0.31978182575645886,0.25757677965434106,0.00499659102744467,0.23314989595169333,0.17020624018246822,0.17312418267620508,0.17308823940308765,0.17020702183630795,0.41256087474129194,0.5302371250550028,0.007820609494850089,0.01042604188787932,0.30887821479233263,-0.07573025235832775,1.9335176884230616e-06,0.23314989595169333,0,4.884113870005229,284288,1e-24,599999,0.9983574157250561,0.9999982783756032,1541,True,0.08975158311357148,3826,True,0.0904344380503589,0.02824858757062147,,,0.011299435028248588,,,0.0,,,0.01694915254237288,,,0.0,,,0.0,,
moment3,0.1,2,128,2048,0.002,0.0002,core_N128_s2,0,600000,600000,600000,0,True,600000,0.08663192980476551,0.3043312270975023,0.2955982292699705,0.004755175423398474,0.2176992972927368,0.043200487470565194,0.04448436650634178,0.04445793286135293,0.04320086050807645,0.20784783329830225,0.5302371250550028,0.003397652019197308,0.008929593656562642,0.35260922249149973,-0.1349118383913183,1.9131925554082326e-06,0.21769929729273685,0,5.3825566525703294,250099,1e-24,599999,0.998139260460861,0.9999984354626672,1418,True,0.08960485778069383,3483,True,0.09023954592423102,0.01694915254237288,,,0.005649717514124294,,,0.0,,,0.011299435028248588,,,0.0,,,0.0,,
moment3,1.0,2,128,2048,0.002,0.002,core_N128_s2,0,600000,600000,600000,0,True,600000,0.08663192980476551,0.22166561745317778,0.23743633266064657,0.003463525272705903,0.13503368764841228,0.02546579116264291,0.026002965759829636,0.026015633048291444,0.025465978786944378,0.15958037794641994,0.5302371250550028,0.0008710213318547277,0.004929979804418429,0.24758463181401777,-0.11255182476836303,8.806027574953071e-07,0.13503368764841223,0,3.2125186442054425,156428,1e-24,599999,0.9959363828048197,0.9999980588086735,803,True,0.08866259523950504,1882,True,0.08906615674727318,0.011299435028248588,,,0.0,,,0.0,,,0.0,,,0.0,,,0.0,,
moment3,10.0,2,128,2048,0.002,0.02,core_N128_s2,0,600000,600000,600000,0,True,600000,0.08663192980476551,0.16081579939550925,0.17847016762533455,0.002512746865554832,0.07418386959074373,0.011236451129433434,0.011341139264484889,0.011340853727611408,0.011236557513671589,0.10600245958196117,0.5302371250550028,0.0001966370896079314,0.0049710629826444355,0.13458629490066137,-0.060403269356521044,8.440466034136238e-07,0.07418386959074373,0,2.265382161433599,73143,1e-24,599999,0.973750035272631,0.9999987647286265,156,True,0.08716234306257663,354,True,0.08728590561542203,0.005649717514124294,,,0.0,,,0.0,,,0.0,,,0.0,,,0.0,,
moment3,100.0,2,128,2048,0.002,0.2,core_N128_s2,0,600000,600000,600000,0,True,600000,0.08663192980476551,0.13656487139199344,0.14284029148328564,0.0021338261154998975,0.04993294158722793,0.006936419364594818,0.006843758439179125,0.006835709490688184,0.006936373244283767,0.08328475835510551,0.5302371250550028,0.05467277029084627,0.16530831223723977,0.07436689473152219,-0.024434131643519926,1.784992256521509e-07,0.04993294158722793,64809,1.5848723498429478,29996,1e-24,599999,-0.005457525885807971,0.9999978106453338,17,True,0.08668486624370497,38,True,0.08669758206386913,0.0,,,0.0,,,0.0,,,0.0,,,0.0,,,0.0,,
moment5,0.0001,2,128,2048,0.002,2.0000000000000002e-07,core_N128_s2,0,600000,600000,600000,0,True,600000,0.08663192980476551,0.09106122548316885,0.08889730592041094,0.0014228316481745132,0.004429295678403333,0.7499947535990014,0.7499947668144259,0.7499947668195156,0.7500039873127212,0.8660226707158075,0.5302371250550026,1.0255849325277174e-05,1.9624260339622216e-05,0.0040420381006018415,0.0003856906068710887,1.5669709303975392e-06,0.004429295678403328,0,0.38493979654407817,,1e-24,599999,0.9983844649465914,0.9999989128082486,1522,True,0.08983194465166042,3313,True,0.09071122718848251,0.0,,,0.0,,,0.0,,,0.0,,,0.0,,,0.0,,
moment5,0.001,2,128,2048,0.002,2e-06,core_N128_s2,0,600000,600000,600000,0,True,600000,0.08663192980476551,0.0910586962634157,0.08890711431830516,0.0014227921291158703,0.004426766458650186,0.7499947555326072,0.749994768743987,0.7499947687490726,0.7500039892432518,0.8660226718303905,0.5302371250550026,1.0249187790116863e-05,1.9619317299649896e-05,0.004039779859087034,0.0003856268381120518,1.3597614511026124e-06,0.004426766458650186,0,0.384937355845554,,1e-24,599999,0.9983822924750843,0.9999989113453475,1521,True,0.0898306388158177,3310,True,0.09070884688763754,0.0,,,0.0,,,0.0,,,0.0,,,0.0,,,0.0,,
moment5,0.01,2,128,2048,0.002,2e-05,core_N128_s2,0,600000,600000,600000,0,True,600000,0.08663192980476551,0.09103331714721045,0.08900312605985147,0.0014223955804251634,0.00440138734244494,0.7499947748014912,0.7499947879723521,0.7499947879773974,0.7500040084814433,0.8660226829374713,0.5302371250550026,1.0183174872564992e-05,1.957005514174057e-05,0.00401480630965305,0.0003849852608189408,1.5957719729398847e-06,0.004401387342444931,0,0.3849113546386417,,1e-24,599999,0.9983605621671706,0.9999989476007037,1508,True,0.08981373480125433,3279,True,0.09068476224187523,0.0,,,0.0,,,0.0,,,0.0,,,0.0,,,0.0,,
moment5,0.1,2,128,2048,0.002,0.0002,core_N128_s2,0,600000,600000,600000,0,True,600000,0.08663192980476551,0.09082031563973235,0.08921014751410214,0.001419067431870818,0.004188385834966835,0.7499949603490969,0.7499949731136235,0.7499949731182808,0.750004193729576,0.8660227898896163,0.5302371250550026,9.577764641382418e-06,1.9095886656339884e-05,0.0038083640558413535,0.00037826507654032505,1.7567025851429283e-06,0.004188385834966822,0,0.38452589862706044,,1e-24,599999,0.9981427625010523,0.9999990243689504,1388,True,0.08966339776227097,2998,True,0.09047902862021749,0.0,,,0.0,,,0.0,,,0.0,,,0.0,,,0.0,,
moment5,1.0,2,128,2048,0.002,0.002,core_N128_s2,0,600000,600000,600000,0,True,600000,0.08663192980476551,0.08946131582934727,0.08521064250674729,0.0013978330598335511,0.0028293860245817565,0.7499961636086345,0.7499961735981262,0.7499961736003793,0.7500053949541723,0.8660234834107116,0.5302371250550026,6.3787768092830605e-06,1.6109189993308973e-05,0.002513192165266961,0.00031554075262828565,6.531066864960558e-07,0.0028293860245817426,0,0.37879445517403754,,1e-24,599999,0.9959428418165795,0.9999994159049255,789,True,0.08869358977140095,1674,True,0.0891861011051705,0.0,,,0.0,,,0.0,,,0.0,,,0.0,,,0.0,,
moment5,10.0,2,128,2048,0.002,0.02,core_N128_s2,0,600000,600000,600000,0,True,600000,0.08663192980476551,0.08746693156734492,0.08305305036385445,0.0013666708057397644,0.0008350017625794043,0.7499975611728473,0.7499975695941409,0.7499975695905645,0.7500067898625687,0.8660242887534964,0.5302371250550026,3.1187675613005168e-06,1.2444665291374732e-05,0.0006165141064200585,0.00021776718379763887,7.204723617062373e-07,0.0008350017625794035,0,0.3663633312622171,,1e-24,599999,0.973781327781171,0.9999998950167669,154,True,0.08716719613597161,328,True,0.08730344678779396,0.0,,,0.0,,,0.0,,,0.0,,,0.0,,,0.0,,
moment5,100.0,2,128,2048,0.002,0.2,core_N128_s2,0,600000,600000,600000,0,True,600000,0.08663192980476551,0.08688437428007821,0.08228570055178547,0.001357568348126222,0.0002524444753126964,0.7499971502023546,0.7499971640431721,0.7499971640447776,0.7500063794336225,0.8660240517946517,0.5302371250550026,2.1402563518642453e-06,1.2437264336115901e-05,1.771768334039834e-05,0.00023455223795315752,1.745540191447538e-07,0.0002524444753127006,0,0.3636056203088581,,1e-24,599999,0.7520230728456491,0.9999992103339739,17,True,0.08668580984136214,35,True,0.08669947068873346,0.0,,,0.0,,,0.0,,,0.0,,,0.0,,,0.0,,
moment9,0.0001,2,128,2048,0.002,2.0000000000000002e-07,core_N128_s2,0,600000,600000,600000,0,True,600000,0.08663192980476551,0.09065647765350822,0.08918766662154527,0.001416507463336066,0.0040245478487427044,0.7500021517284333,0.7500021565941479,0.7500021565904677,0.7500499743717964,0.8660296692106253,0.5302371250550026,4.913541995727322e-06,1.1124544275898338e-05,0.004242671683968992,-0.0002197557789570086,1.6319437307209358e-06,0.004024547848742703,0,0.3849307789407658,,1e-24,599999,0.9983844549834767,0.999997256843654,1522,True,0.08983131511193085,3315,True,0.09070972122408767,0.0,,,0.0,,,0.0,,,0.0,,,0.0,,,0.0,,
moment9,0.001,2,128,2048,0.002,2e-06,core_N128_s2,0,600000,600000,600000,0,True,600000,0.08663192980476551,0.09065369253359319,0.08914593415973787,0.0014164639458373936,0.004021762728827677,0.750002150708583,0.7500021555741428,0.750002155570461,0.7500499733421765,0.8660296686162107,0.5302371250550026,4.911776404260149e-06,1.1123246157343807e-05,0.0042400205077516686,-0.00021963324538918,1.3754664651703383e-06,0.0040217627288276605,0,0.38492833000042603,,1e-24,599999,0.9983822825005121,0.9999974118505484,1521,True,0.08983000999323919,3312,True,0.09070734402983192,0.0,,,0.0,,,0.0,,,0.0,,,0.0,,,0.0,,
moment9,0.01,2,128,2048,0.002,2e-05,core_N128_s2,0,600000,600000,600000,0,True,600000,0.08663192980476551,0.09062602262615707,0.0890089906618516,0.0014160316035337042,0.003994092821391557,0.7500021405494962,0.7500021454132405,0.7500021454095445,0.750049963085617,0.8660296626949486,0.5302371250550026,4.8940197931994205e-06,1.1110020264446083e-05,0.0042109065776287915,-0.0002184179510967158,1.6041948594690135e-06,0.003994092821391545,0,0.3849022486545961,,1e-24,599999,0.9983605520762342,0.9999972404882168,1508,True,0.08981311501530692,3280,True,0.09068315345242214,0.0,,,0.0,,,0.0,,,0.0,,,0.0,,,0.0,,
moment9,0.1,2,128,2048,0.002,0.0002,core_N128_s2,0,600000,600000,600000,0,True,600000,0.08663192980476551,0.09041735619526185,0.0887922458367754,0.0014127711905509664,0.003785426390496338,0.7500020432226416,0.7500020480468812,0.7500020480430766,0.750049864810872,0.8660296059594969,0.5302371250550026,4.7101220883644585e-06,1.0959206650373796e-05,0.003990792775123399,-0.0002070971836249728,1.7307989979062754e-06,0.003785426390496331,0,0.38451618506552887,,1e-24,599999,0.9981427513120977,0.9999975838004627,1388,True,0.08966284077483998,3000,True,0.09047772934486184,0.0,,,0.0,,,0.0,,,0.0,,,0.0,,,0.0,,
moment9,1.0,2,128,2048,0.002,0.002,core_N128_s2,0,600000,600000,600000,0,True,600000,0.08663192980476551,0.08913516504161836,0.08584493668810943,0.001392736953775287,0.0025032352368528493,0.7500014476802973,0.7500014518116217,0.7500014518076996,0.7500492629008849,0.8660292584679513,0.5302371250550026,3.295556337039984e-06,9.43132654486276e-06,0.00265132169776357,-0.000148745505445826,6.590445350938512e-07,0.002503235236852838,0,0.37878506510359333,,1e-24,599999,0.9959428225937085,0.9999985226031464,789,True,0.08869333645620413,1675,True,0.08918554531242683,0.0,,,0.0,,,0.0,,,0.0,,,0.0,,,0.0,,
moment9,10.0,2,128,2048,0.002,0.02,core_N128_s2,0,600000,600000,600000,0,True,600000,0.08663192980476551,0.0872551155214895,0.08309880007996821,0.0013633611800232734,0.000623185716723984,0.7500007062162903,0.7500007097891915,0.7500007097818921,0.7500485129284455,0.8660288254975651,0.5302371250550026,1.5081117770749532e-06,5.976671866936114e-06,0.0007126648444763663,-9.019966486946956e-05,7.205371170844202e-07,0.0006231857167239814,0,0.36636076369910764,,1e-24,599999,0.973781251251813,0.999999296545491,154,True,0.08716716221068725,328,True,0.08730335647592623,0.0,,,0.0,,,0.0,,,0.0,,,0.0,,,0.0,,
moment9,100.0,2,128,2048,0.002,0.2,core_N128_s2,0,600000,600000,600000,0,True,600000,0.08663192980476551,0.08666286456337527,0.0823413552444067,0.0013541072588027386,3.09347586097547e-05,0.7500003630158274,0.7500003638792757,0.7500003638750796,0.7500481672674062,0.8660286259421676,0.5302371250550026,9.698344048422376e-07,1.881188213129561e-06,9.156762431853105e-05,-6.080742405292721e-05,1.7455834415384995e-07,3.093475860975771e-05,0,0.36288666595581653,,1e-24,599999,0.7520224445855497,0.9999978900652138,17,True,0.08668580637966693,35,True,0.08669946179082332,0.0,,,0.0,,,0.0,,,0.0,,,0.0,,,0.0,,
sine,0.0001,2,128,2048,0.002,2.0000000000000002e-07,core_N128_s2,1,600000,600000,600000,0,True,600000,0.08663192980476551,0.08777354689354942,0.08093718925229267,0.0013714616702117097,0.0011416170887839083,0.42400885573151803,0.4240088557315182,0.42400885573151803,0.4240090962349492,0.9208790324846681,0.3089669452664845,6.273126007365348e-16,0.0,0.0011402751894949504,-1.843561005301948e-19,1.3418992889565805e-06,0.0011416170887839068,226,0.36245592746472566,,1e-24,17357,-1974.6962552566067,0.9993300414870089,1707,True,0.08743740708601823,3436,True,0.0877357852654064,0.0,,,0.0,,,0.0,,,0.0,,,0.0,,,0.0,,
sine,0.001,2,128,2048,0.002,2e-06,core_N128_s2,1,600000,600000,600000,0,True,600000,0.08663192980476551,0.08777280726193193,0.0808992274857406,0.0013714501134676864,0.0011408774571664143,0.42400885573151803,0.4240088557315182,0.42400885573151803,0.42400909623494915,0.9208790324846681,0.3089669452664845,6.376430145612483e-16,0.0,0.001139775891679552,-1.8647023814583026e-19,1.1015654868520424e-06,0.0011408774571664037,206,0.36245592746472566,,1e-24,17342,-1780.1258531945523,0.9993294081839877,1706,True,0.08743738179298577,3433,True,0.08773538220450558,0.0,,,0.0,,,0.0,,,0.0,,,0.0,,,0.0,,
sine,0.01,2,128,2048,0.002,2e-05,core_N128_s2,1,600000,600000,600000,0,True,600000,0.08663192980476551,0.08776843565456294,0.08052316258417747,0.001371381807102546,0.0011365058497974229,0.42400885573151803,0.4240088557315182,0.42400885573151803,0.4240090962349491,0.920879032484668,0.3089669452664845,6.383330902698471e-16,1.8072019258965253e-16,0.0011355611149157817,-1.8263938882281026e-19,9.447348816397093e-07,0.0011365058497974213,210,0.36245592746472566,,1e-24,17190,-1692.6676710776942,0.9993235848352942,1691,True,0.08743472333134565,3403,True,0.08773113836808517,0.0,,,0.0,,,0.0,,,0.0,,,0.0,,,0.0,,
sine,0.1,2,128,2048,0.002,0.0002,core_N128_s2,1,600000,600000,600000,0,True,600000,0.08663192980476551,0.0877403674988686,0.08162272820676413,0.0013709432421698219,0.0011084376941030843,0.42400885573151803,0.4240088557315182,0.42400885573151803,0.42400909623494915,0.9208790324846681,0.3089669452664845,8.153843609091512e-16,9.056342988320403e-16,0.0011069359315997952,-1.7933754605501055e-19,1.50176250328804e-06,0.0011084376941030835,182,0.36245592746472566,,1e-24,15819,-1888.4614117085432,0.999265385200755,1560,True,0.0874111144457949,3132,True,0.08770573454260322,0.0,,,0.0,,,0.0,,,0.0,,,0.0,,,0.0,,
sine,1.0,2,128,2048,0.002,0.002,core_N128_s2,1,600000,600000,600000,0,True,600000,0.08663192980476551,0.0875506694627389,0.08255024365502674,0.0013679792103552953,0.0009187396579733859,0.42400885573151803,0.4240088557315182,0.42400885573151803,0.42400909623494915,0.9208790324846681,0.3089669452664845,4.752850372016984e-16,5.49781626597704e-16,0.0009178047259063882,-1.4812653997742139e-19,9.349320670049161e-07,0.0009187396579733931,102,0.36245592746472566,,1e-24,9022,-800.6828365309343,0.9986991704520107,887,True,0.08731971220865195,1773,True,0.08752687598931992,0.0,,,0.0,,,0.0,,,0.0,,,0.0,,,0.0,,
sine,10.0,2,128,2048,0.002,0.02,core_N128_s2,1,600000,600000,600000,0,True,600000,0.08663192980476551,0.08681731311541957,0.08208665659605863,0.0013565205174284308,0.00018538331065405533,0.42400885573151803,0.4240088557315182,0.42400885573151803,0.4240090962349491,0.920879032484668,0.3089669452664845,9.729960544641638e-17,1.2376585289890358e-16,0.00018538331065532263,-2.8459755412402134e-20,-1.2831543517747607e-15,0.00018538331065403948,12,0.36245592746472566,,1e-24,1804,-146.85491915928398,0.9933136882763138,170,True,0.08677182084733,341,True,0.08681248617074976,0.0,,,0.0,,,0.0,,,0.0,,,0.0,,,0.0,,
sine,100.0,2,128,2048,0.002,0.2,core_N128_s2,1,600000,600000,600000,0,True,600000,0.08663192980476551,0.08665360768467667,0.08238437664425897,0.001353962620073073,2.167787991115555e-05,0.42400885573151803,0.4240088557315182,0.42400885573151803,0.42400909623494915,0.9208790324846681,0.3089669452664845,1.5792082268609176e-17,0.0,2.1677879911153294e-05,-3.7058340236449444e-21,-9.52678339171558e-18,2.167787991114376e-05,0,0.36245592746472566,,1e-24,198,0.0,0.9398198568875357,18,True,0.08664812833507587,36,True,0.08665303022984688,0.0,,,0.0,,,0.0,,,0.0,,,0.0,,,0.0,,
runge,0.0001,2,128,2048,0.002,2.0000000000000002e-07,core_N128_s2,1,600000,600000,600000,0,True,600000,0.08663192980476551,0.08654420707844054,0.0819260140650314,0.0013522532356006335,-8.77227263249708e-05,0.0811216578709316,0.08112165787093159,0.0811216578709316,0.08112165917268119,0.7198018579373807,0.34954372681835283,5.416041494194261e-16,1.542992117610687e-15,-8.77227263272931e-05,1.3855592463276985e-20,2.3228312047992433e-15,-8.772272632497025e-05,616,0.3698298143476817,,1e-24,15470,-5378036.9218267165,0.9990238872357802,589,True,0.08658423928561092,1484,True,0.08655636148290762,0.0,,,0.0,,,0.0,,,0.0,,,0.0,,,0.0,,
runge,0.001,2,128,2048,0.002,2e-06,core_N128_s2,1,600000,600000,600000,0,True,600000,0.08663192980476551,0.08654439354297827,0.08192631669227565,0.0013522561491090355,-8.753626178724383e-05,0.0811216578709316,0.08112165787093159,0.0811216578709316,0.08112165917268119,0.7198018579373807,0.34954372681835283,5.387518600963902e-16,1.5430039270667668e-15,-8.75362617894214e-05,1.3571686103537728e-20,2.1809605405978246e-15,-8.753626178724043e-05,1129,0.36982217844250886,,1e-24,15457,-13810072.760795182,0.9992315534581551,588,True,0.08658434798082222,1482,True,0.08655652687468395,0.0,,,0.0,,,0.0,,,0.0,,,0.0,,,0.0,,
runge,0.01,2,128,2048,0.002,2e-05,core_N128_s2,1,600000,600000,600000,0,True,600000,0.08663192980476551,0.08654622087006786,0.08192932927310893,0.0013522847010948103,-8.570893469765639e-05,0.0811216578709316,0.08112165787093159,0.0811216578709316,0.08112165917268119,0.7198018579373807,0.34954372681835283,5.416041494194261e-16,1.5431192702442572e-15,-8.570893469986013e-05,1.3430622139355387e-20,2.2000760778855033e-15,-8.570893469766004e-05,1613,0.36974663817405296,,1e-24,15326,-13590083.262675276,0.9992955321625085,580,True,0.08658531472603598,1462,True,0.08655815144614282,0.0,,,0.0,,,0.0,,,0.0,,,0.0,,,0.0,,
runge,0.1,2,128,2048,0.002,0.0002,core_N128_s2,1,600000,600000,600000,0,True,600000,0.08663192980476551,0.08656136570388033,0.08195788497789844,0.0013525213391231302,-7.056410088518428e-05,0.08112165787093162,0.08112165787093162,0.08112165787093162,0.08112165917268119,0.7198018579373807,0.34954372681835283,6.131788419278826e-16,1.567008630136211e-15,-7.056410088720463e-05,1.1193127345435746e-20,2.02328763989244e-15,-7.056410088518134e-05,1977,0.36906558999686606,,1e-24,14138,-13115232.686598951,0.9992495051073392,511,True,0.0865932875733949,1291,True,0.08657149818008411,0.0,,,0.0,,,0.0,,,0.0,,,0.0,,,0.0,,
runge,1.0,2,128,2048,0.002,0.002,core_N128_s2,1,600000,600000,600000,0,True,600000,0.08663192980476551,0.08660879955789055,0.08211291107646769,0.00135326249309204,-2.3130246874961125e-05,0.08112165787093162,0.08112165787093162,0.08112165787093162,0.08112165917268119,0.7198018579373807,0.34954372681835283,6.134235762669276e-16,1.3623945451792154e-15,-2.313024687619067e-05,3.6976230356732834e-21,1.2206300423885638e-15,-2.313024687497003e-05,1352,0.36584422465992616,,1e-24,8055,-13614433.850231683,0.9987173665531179,234,True,0.08661842853631556,578,True,0.08661254002149765,0.0,,,0.0,,,0.0,,,0.0,,,0.0,,,0.0,,
runge,10.0,2,128,2048,0.002,0.02,core_N128_s2,1,600000,600000,600000,0,True,600000,0.08663192980476551,0.08662929415168778,0.08238487895153422,0.0013535827211201216,-2.6356530777316145e-06,0.0811216578709316,0.08112165787093159,0.0811216578709316,0.08112165917268119,0.7198018579373807,0.34954372681835283,2.5961871523447588e-17,7.453044034367781e-17,-2.6356530777800614e-06,5.017427059035307e-22,5.035280323948362e-17,-2.6356530777297083e-06,297,0.36302598890369797,,1e-24,1562,-5941471.2206052765,0.9933775376802673,36,True,0.08663022763648941,83,True,0.08662973213590489,0.0,,,0.0,,,0.0,,,0.0,,,0.0,,,0.0,,
runge,100.0,2,128,2048,0.002,0.2,core_N128_s2,1,600000,600000,600000,0,True,600000,0.08663192980476551,0.0866316479674334,0.08237870799657743,0.001353619499491147,-2.818373321111789e-07,0.0811216578709316,0.08112165787093159,0.0811216578709316,0.08112165917268119,0.7198018579373807,0.34954372681835283,1.9248408090909046e-18,5.525457417251644e-18,-2.818373321175952e-07,8.888897817217092e-23,-3.550260933041809e-19,-2.818373321179501e-07,30,0.36251334843087796,,1e-24,171,-2942240.965601495,0.9398967779003359,3,True,0.08663174366878196,8,True,0.08663169206911783,0.0,,,0.0,,,0.0,,,0.0,,,0.0,,,0.0,,
moment3,0.0001,2,128,2048,0.002,2.0000000000000002e-07,core_N128_s2,1,600000,600000,600000,0,True,600000,0.08663192980476551,0.09073466972497975,0.08890096975388873,0.0014177292144528085,0.004102739920214232,0.7500000000000001,0.7500000000000001,0.7500000000000001,0.7500023469397121,0.8660253685498189,0.5301281122002646,6.023663573957277e-16,3.1697451978149433e-16,0.004101577401297102,-6.538690269005435e-19,1.1625189171294423e-06,0.0041027399202142305,2275,0.3866494173962094,,1e-24,17526,-106236956.00815508,0.9993315267447779,1471,True,0.08978365370540337,3200,True,0.09062885400507655,0.0,,,0.0,,,0.0,,,0.0,,,0.0,,,0.0,,
moment3,0.001,2,128,2048,0.002,2e-06,core_N128_s2,1,600000,600000,600000,0,True,600000,0.08663192980476551,0.09073217467014946,0.08891144345949847,0.0014176902292210854,0.004100244865383948,0.7500000000000001,0.7500000000000001,0.7500000000000001,0.750002346939712,0.8660253685498189,0.5301281122002646,6.023663573957277e-16,3.169946161638744e-16,0.004098747742903792,-6.466935268489429e-19,1.4971224801494514e-06,0.004100244865383942,2324,0.38664723639758053,,1e-24,17509,-100860910.60587609,0.9993311247644963,1470,True,0.0897823219008831,3197,True,0.09062636442206007,0.0,,,0.0,,,0.0,,,0.0,,,0.0,,,0.0,,
moment3,0.01,2,128,2048,0.002,2e-05,core_N128_s2,1,600000,600000,600000,0,True,600000,0.08663192980476551,0.09070715151354351,0.08901403705271521,0.0014172992423991174,0.0040752217087779985,0.7500000000000001,0.7500000000000001,0.7500000000000001,0.7500023469397121,0.8660253685498189,0.5301281122002646,2.6477132574131465e-16,1.359399371414139e-16,0.004073814654699297,-6.596537431817183e-19,1.4070540786968761e-06,0.004075221708777993,2408,0.38662363708355124,,1e-24,17334,-104967810.0902578,0.9993246387013295,1457,True,0.08976510825152595,3166,True,0.09060299398761781,0.0,,,0.0,,,0.0,,,0.0,,,0.0,,,0.0,,
moment3,0.1,2,128,2048,0.002,0.0002,core_N128_s2,1,600000,600000,600000,0,True,600000,0.08663192980476551,0.09051066707867181,0.0890023359995268,0.001414229173104247,0.0038787372739062936,0.7500000000000001,0.7500000000000001,0.7500000000000001,0.7500023469397121,0.8660253685498189,0.5301281122002646,1.1112635024273181e-15,1.048041164189108e-15,0.0038773931691683397,-6.13480394475418e-19,1.3441047379279721e-06,0.003878737273906267,2222,0.3862460230130602,,1e-24,15799,-110743819.77802847,0.9992585572386843,1342,True,0.08960894769168934,2897,True,0.09041690182990568,0.0,,,0.0,,,0.0,,,0.0,,,0.0,,,0.0,,
moment3,1.0,2,128,2048,0.002,0.002,core_N128_s2,1,600000,600000,600000,0,True,600000,0.08663192980476551,0.08919651054781466,0.08503031956295383,0.001393695477309604,0.002564580743049147,0.7500000000000001,0.7500000000000001,0.7500000000000001,0.7500023469397121,0.8660253685498189,0.5301281122002646,5.735406708978239e-16,5.14761439528595e-16,0.0025642700596173,-4.0495357162738174e-19,3.106834318297782e-07,0.00256458074304913,1395,0.38017398581046424,,1e-24,8816,-105170716.42547639,0.9986512311571977,764,True,0.08865597876599848,1622,True,0.08914084155065996,0.0,,,0.0,,,0.0,,,0.0,,,0.0,,,0.0,,
moment3,10.0,2,128,2048,0.002,0.02,core_N128_s2,1,600000,600000,600000,0,True,600000,0.08663192980476551,0.08730578739711645,0.08348269676933355,0.0013641529280799445,0.0006738575923509321,0.7500000000000002,0.7500000000000001,0.7500000000000002,0.7500023469397121,0.8660253685498189,0.5301281122002646,5.551115123125783e-17,0.0,0.0006733257969201992,-1.0567152202752142e-19,5.317954307215987e-07,0.000673857592350921,295,0.3667060259474132,,1e-24,1801,-53694347.36202409,0.9932200325214489,149,True,0.08715578287116642,318,True,0.08729002652958304,0.0,,,0.0,,,0.0,,,0.0,,,0.0,,,0.0,,
moment3,100.0,2,128,2048,0.002,0.2,core_N128_s2,1,600000,600000,600000,0,True,600000,0.08663192980476551,0.08669965679536629,0.0824336567845301,0.0013546821374275982,6.772699060077214e-05,0.7500000000000001,0.7500000000000001,0.7500000000000001,0.7500023469397121,0.8660253685498189,0.5301281122002646,0.0,0.0,6.756545210774804e-05,-1.1541451128746454e-20,1.6153849301803583e-07,6.772699060076607e-05,42,0.36292442983076,,1e-24,200,-28565419.4007856,0.9397176962206537,16,True,0.08668372022951007,34,True,0.08669798391627466,0.0,,,0.0,,,0.0,,,0.0,,,0.0,,,0.0,,
moment5,0.0001,2,128,2048,0.002,2.0000000000000002e-07,core_N128_s2,1,600000,600000,600000,0,True,600000,0.08663192980476551,0.09073466972497975,0.08890096975388873,0.0014177292144528085,0.004102739920214232,0.7500000000000002,0.7500000000000001,0.7500000000000002,0.7500092202150869,0.8660256919025306,0.5301281122002645,6.023663573957277e-16,3.169745197814943e-16,0.004101577401297197,-6.499409149441477e-19,1.162518917045259e-06,0.00410273992021424,816,0.38664941739620945,,1e-24,17526,-54552310.34535849,0.9993193695216946,1471,True,0.08978365370540337,3200,True,0.09062885400507652,0.0,,,0.0,,,0.0,,,0.0,,,0.0,,,0.0,,
moment5,0.001,2,128,2048,0.002,2e-06,core_N128_s2,1,600000,600000,600000,0,True,600000,0.08663192980476551,0.09073217467014948,0.08891144345949847,0.0014176902292210856,0.004100244865383962,0.7500000000000002,0.7500000000000001,0.7500000000000002,0.7500092202150868,0.8660256919025306,0.5301281122002645,6.023663573957277e-16,3.1699461616387434e-16,0.004098747742903848,-6.482587950079667e-19,1.4971224800975564e-06,0.004100244865383944,881,0.3866472363975805,,1e-24,17509,-54482285.008138895,0.999316807294356,1470,True,0.0897823219008831,3197,True,0.09062636442206007,0.0,,,0.0,,,0.0,,,0.0,,,0.0,,,0.0,,
moment5,0.01,2,128,2048,0.002,2e-05,core_N128_s2,1,600000,600000,600000,0,True,600000,0.08663192980476551,0.09070715151354349,0.08901403705271521,0.001417299242399117,0.004075221708777971,0.7500000000000002,0.7500000000000001,0.7500000000000002,0.7500092202150869,0.8660256919025306,0.5301281122002645,2.2030306297842596e-16,1.3593993714141387e-16,0.004073814654699421,-6.590759343243313e-19,1.4070540785674228e-06,0.004075221708777986,871,0.38662363708355135,,1e-24,17334,-55389361.61943447,0.9993130398044825,1457,True,0.08976510825152595,3166,True,0.09060299398761781,0.0,,,0.0,,,0.0,,,0.0,,,0.0,,,0.0,,
moment5,0.1,2,128,2048,0.002,0.0002,core_N128_s2,1,600000,600000,600000,0,True,600000,0.08663192980476551,0.09051066707867177,0.08900233599952673,0.0014142291731042464,0.003878737273906252,0.7500000000000002,0.7500000000000001,0.7500000000000002,0.7500092202150869,0.8660256919025306,0.5301281122002645,1.0634407976161764e-15,1.0024741570504508e-15,0.003877393169167611,-6.153620974339083e-19,1.3441047386321636e-06,0.0038787372739062425,839,0.3862460230130602,,1e-24,15799,-55208109.91590808,0.9992491846662754,1342,True,0.08960894769168934,2897,True,0.09041690182990567,0.0,,,0.0,,,0.0,,,0.0,,,0.0,,,0.0,,
moment5,1.0,2,128,2048,0.002,0.002,core_N128_s2,1,600000,600000,600000,0,True,600000,0.08663192980476551,0.08919651054781465,0.08503031956295383,0.0013936954773096039,0.002564580743049133,0.7500000000000002,0.7500000000000001,0.7500000000000002,0.7500092202150869,0.8660256919025306,0.5301281122002645,5.972288442239726e-16,5.147614395285949e-16,0.002564270059617313,-4.003063714714344e-19,3.1068343181804963e-07,0.002564580743049131,470,0.38017398581046424,,1e-24,8816,-53156527.97755176,0.9986500144946469,764,True,0.08865597876599848,1622,True,0.08914084155065997,0.0,,,0.0,,,0.0,,,0.0,,,0.0,,,0.0,,
moment5,10.0,2,128,2048,0.002,0.02,core_N128_s2,1,600000,600000,600000,0,True,600000,0.08663192980476551,0.08730578739711645,0.08348269676933356,0.0013641529280799445,0.0006738575923509321,0.7500000000000002,0.7500000000000001,0.7500000000000002,0.7500092202150868,0.8660256919025306,0.5301281122002645,7.3434354326142e-17,4.811274089792865e-17,0.0006733257969202518,-1.0947496679051308e-19,5.317954306691017e-07,0.0006738575923509211,268572,0.3667060259474132,,1e-24,1801,-21806252.639605034,0.9932197643926128,149,True,0.08715578287116642,318,True,0.08729002652958304,0.0,,,0.0,,,0.0,,,0.0,,,0.0,,,0.0,,
moment5,100.0,2,128,2048,0.002,0.2,core_N128_s2,1,600000,600000,600000,0,True,600000,0.08663192980476551,0.08669965679536629,0.0824336567845301,0.0013546821374275982,6.772699060077214e-05,0.7500000000000002,0.7500000000000001,0.7500000000000002,0.7500092202150869,0.8660256919025306,0.5301281122002645,4.807407289046552e-17,4.840631933362314e-17,6.75654521077482e-05,-1.2658567243163535e-20,1.615384930182166e-07,6.772699060076641e-05,13,0.36292442983076,,1e-24,200,-4728042.566334376,0.9397176119370361,16,True,0.08668372022951007,34,True,0.08669798391627465,0.0,,,0.0,,,0.0,,,0.0,,,0.0,,,0.0,,
moment9,0.0001,2,128,2048,0.002,2.0000000000000002e-07,core_N128_s2,1,600000,600000,600000,0,True,600000,0.08663192980476551,0.09073466972497973,0.08890096975388873,0.0014177292144528083,0.004102739920214218,0.7500000000000001,0.7500000000000001,0.7500000000000001,0.7500477815451927,0.8660284032587879,0.5301281122002647,6.023663573957277e-16,3.1697451978149433e-16,0.004101577401297067,-6.57801747323694e-19,1.1625189171524841e-06,0.004102739920214221,2515,0.3866494173962094,,1e-24,17526,-55283838.177651,0.9993321669880217,1471,True,0.08978365370540337,3200,True,0.09062885400507655,0.0,,,0.0,,,0.0,,,0.0,,,0.0,,,0.0,,
moment9,0.001,2,128,2048,0.002,2e-06,core_N128_s2,1,600000,600000,600000,0,True,600000,0.08663192980476551,0.09073217467014946,0.08891144345949847,0.0014176902292210854,0.004100244865383948,0.7500000000000001,0.7500000000000001,0.7500000000000001,0.7500477815451927,0.8660284032587879,0.5301281122002647,6.023663573957277e-16,3.169946161638744e-16,0.0040987477429037505,-6.435161504385133e-19,1.4971224801857351e-06,0.004100244865383934,2574,0.3866472363975805,,1e-24,17509,-81497363.10410109,0.9993316371875093,1470,True,0.08978232190088312,3197,True,0.09062636442206007,0.0,,,0.0,,,0.0,,,0.0,,,0.0,,,0.0,,
moment9,0.01,2,128,2048,0.002,2e-05,core_N128_s2,1,600000,600000,600000,0,True,600000,0.08663192980476551,0.09070715151354353,0.08901403705271521,0.0014172992423991176,0.004075221708778012,0.7500000000000001,0.7500000000000001,0.7500000000000001,0.7500477815451927,0.8660284032587879,0.5301281122002647,2.6477132574131465e-16,1.359399371414139e-16,0.004073814654699645,-6.540584428224035e-19,1.4070540783541967e-06,0.004075221708777998,2534,0.3866236370835513,,1e-24,17334,-54501541.1244855,0.9993251944296326,1457,True,0.08976510825152595,3166,True,0.09060299398761783,0.0,,,0.0,,,0.0,,,0.0,,,0.0,,,0.0,,
moment9,0.1,2,128,2048,0.002,0.0002,core_N128_s2,1,600000,600000,600000,0,True,600000,0.08663192980476551,0.09051066707867177,0.08900233599952673,0.0014142291731042464,0.003878737273906252,0.75,0.75,0.75,0.7500477815451927,0.8660284032587879,0.5301281122002647,1.0634407976161764e-15,1.002474157050451e-15,0.00387739316916781,-6.187340647050715e-19,1.3441047384487481e-06,0.0038787372739062585,2472,0.3862460230130602,,1e-24,15799,-107826907.65531124,0.9992587943635761,1342,True,0.08960894769168934,2897,True,0.09041690182990568,0.0,,,0.0,,,0.0,,,0.0,,,0.0,,,0.0,,
moment9,1.0,2,128,2048,0.002,0.002,core_N128_s2,1,600000,600000,600000,0,True,600000,0.08663192980476551,0.08919651054781465,0.08503031956295383,0.0013936954773096039,0.002564580743049133,0.7500000000000002,0.7500000000000001,0.7500000000000002,0.7500477815451927,0.8660284032587879,0.5301281122002647,5.735406708978239e-16,5.147614395285949e-16,0.002564270059617327,-4.0322692438774474e-19,3.1068343180531655e-07,0.0025645807430491317,1472,0.3801739858104643,,1e-24,8816,-55504413.36465002,0.9986512322885046,764,True,0.08865597876599848,1622,True,0.08914084155065997,0.0,,,0.0,,,0.0,,,0.0,,,0.0,,,0.0,,
moment9,10.0,2,128,2048,0.002,0.02,core_N128_s2,1,600000,600000,600000,0,True,600000,0.08663192980476551,0.08730578739711645,0.08348269676933356,0.0013641529280799445,0.0006738575923509321,0.75,0.75,0.75,0.7500477815451927,0.8660284032587879,0.5301281122002647,4.807407289046552e-17,4.811274089792866e-17,0.0006733257969202396,-1.0594873943383361e-19,5.317954306820932e-07,0.0006738575923509215,1980,0.3667060259474132,,1e-24,1801,-55180858.62601798,0.9932201198629614,149,True,0.08715578287116642,318,True,0.08729002652958304,0.0,,,0.0,,,0.0,,,0.0,,,0.0,,,0.0,,
moment9,100.0,2,128,2048,0.002,0.2,core_N128_s2,1,600000,600000,600000,0,True,600000,0.08663192980476551,0.08669965679536629,0.0824336567845301,0.0013546821374275982,6.772699060077214e-05,0.75,0.75,0.75,0.7500477815451927,0.8660284032587879,0.5301281122002647,4.807407289046552e-17,4.840631933362315e-17,6.756545210774791e-05,-1.149272855438614e-20,1.6153849301837653e-07,6.772699060076626e-05,48,0.36292442983076,,1e-24,200,-36934095.6464625,0.9397176861834117,16,True,0.08668372022951007,34,True,0.08669798391627466,0.0,,,0.0,,,0.0,,,0.0,,,0.0,,,0.0,,
sine,0.0001,2,128,2048,0.002,2.0000000000000002e-07,core_N128_s2,3,600000,600000,600000,0,True,600000,0.08663192980476551,0.09129363177664494,0.08959800816527438,0.0014264629965100772,0.004661701971879428,0.42336807313554936,0.4234423586657867,0.423444006903086,0.4233683069019534,0.9201829240992829,0.3086419100014279,0.0010071467160924557,0.0021941785316432665,0.016576316008149832,-0.011915688857136543,1.0748208661228462e-06,0.004661701971879406,0,0.5352115333992951,,1e-24,599999,0.9991576274898647,1.0000003091966725,1789,True,0.08745798587209204,3829,True,0.0877290588330386,0.0,,,0.0,,,0.0,,,0.0,,,0.0,,,0.0,,
sine,0.001,2,128,2048,0.002,2e-06,core_N128_s2,3,600000,600000,600000,0,True,600000,0.08663192980476551,0.09131523880183823,0.08959700950455882,0.0014268006062787223,0.004683308997072713,0.4233647696035805,0.42343952259562084,0.42344118600210484,0.42336500332715676,0.9201793339639364,0.3086419100014279,0.0010085666067212904,0.0022008067169856775,0.016584537331440052,-0.011902179435055157,9.511006878149552e-07,0.004683308997072713,0,0.535652393942017,,1e-24,599999,0.9991565713128564,1.0000003118461778,1787,True,0.08745769529282038,3825,True,0.08772849569980706,0.0,,,0.0,,,0.0,,,0.0,,,0.0,,,0.0,,
sine,0.01,2,128,2048,0.002,2e-05,core_N128_s2,3,600000,600000,600000,0,True,600000,0.08663192980476551,0.09153181426639054,0.08959104025869984,0.0014301845979123522,0.004899884461625023,0.4233309067660551,0.423410521647315,0.4234123452072174,0.4233311400412699,0.9201425324820823,0.3086419100014279,0.0010231896592557503,0.0022685410588419524,0.016664941037906403,-0.01176665623013276,1.599653851372362e-06,0.004899884461625016,0,0.5401004402479831,,1e-24,599999,0.9991459986637948,1.0000003332691827,1772,True,0.08745643964934509,3791,True,0.08772272107754069,0.0,,,0.0,,,0.0,,,0.0,,,0.0,,,0.0,,
sine,0.1,2,128,2048,0.002,0.0002,core_N128_s2,3,600000,600000,600000,0,True,600000,0.08663192980476551,0.09381282927571988,0.09004358873610727,0.001465825457433123,0.007180899470954363,0.42288413113753953,0.4230390243240573,0.4230437810440679,0.42288435696240717,0.9196568457445496,0.3086419100014279,0.0012254194725546481,0.003132744247411187,0.017534589033515822,-0.010355340849788735,1.651287227246109e-06,0.007180899470954333,0,0.590065130629563,,1e-24,599999,0.9990392892262546,1.000000538556295,1633,True,0.08743351943900031,3479,True,0.0876902994940779,0.0,,,0.0,,,0.0,,,0.0,,,0.0,,,0.0,,
sine,1.0,2,128,2048,0.002,0.002,core_N128_s2,3,600000,600000,600000,0,True,600000,0.08663192980476551,0.13040536249148663,0.11196883817703675,0.0020375837889294785,0.04377343268672111,0.3558393217294964,0.35583932172949634,0.35583932172949634,0.35584027095268106,0.843611606075546,0.3086419100014279,3.799541591467468e-14,3.0271447115508e-13,0.03596027178534059,0.007811891076228137,1.2698251523783928e-06,0.043773432686721105,10949,1.5014413274276548,,1e-24,586626,-55420300.66334017,1.0000012214942497,924,True,0.08733717958604324,1934,True,0.08752673215729113,0.011299435028248588,,,0.0,,,0.0,,,0.0,,,0.0,,,0.0,,
sine,10.0,2,128,2048,0.002,0.02,core_N128_s2,3,600000,600000,600000,0,True,600000,0.08663192980476551,0.1067334429144869,0.09920459553110098,0.0016677100455388578,0.020101513109721386,0.35583932172949634,0.35583932172949634,0.35583932172949634,0.35584027095268106,0.843611606075546,0.3086419100014279,3.407709574374734e-16,8.912557229044201e-14,0.01546852601074376,0.004632981477208938,5.621768678094527e-09,0.020101513109721376,4755,1.34583764183819,,1e-24,271013,-54238724.73331117,1.000003041416684,176,True,0.08677473877317264,365,True,0.08681295181394486,0.005649717514124294,,,0.0,,,0.0,,,0.0,,,0.0,,,0.0,,
sine,100.0,2,128,2048,0.002,0.2,core_N128_s2,3,600000,600000,600000,0,True,600000,0.08663192980476551,0.10015376569857455,0.0905131112518796,0.0015649025890402274,0.013521835893809037,0.3558393217294964,0.35583932172949645,0.3558393217294964,0.355840270952681,0.8436116060755459,0.3086419100014279,1.0285690368095718e-16,5.1482279399611734e-14,0.00804466411000232,0.005477170022292205,1.7615144959214185e-09,0.01352183589380902,45201,1.0134338532207972,,1e-24,107018,-53904112.48303542,1.0000073486286485,19,True,0.08664879649699404,39,True,0.08665329611656757,0.005649717514124294,,,0.0,,,0.0,,,0.0,,,0.0,,,0.0,,
runge,0.0001,2,128,2048,0.002,2.0000000000000002e-07,core_N128_s2,3,600000,600000,600000,0,True,600000,0.08663192980476551,0.12013378855531857,0.08274926980338487,0.0018770904461768527,0.03350185875055306,0.03719670468971219,0.037205135480191436,0.03720502295288199,0.03719672686025437,0.48741278177119385,0.349378935247866,5.2131050715064424e-05,0.0022098957799108836,0.0016402394422439048,0.03186158416680384,3.514150531282382e-08,0.03350185875055306,0,2.8149195072876774,146793,1e-24,599999,0.9980627313197118,0.9999986034044394,602,True,0.08659090301410759,1488,True,0.08659589044530021,0.011299435028248588,,,0.0,,,0.0,,,0.0,,,0.0,,,0.0,,
runge,0.001,2,128,2048,0.002,2e-06,core_N128_s2,3,600000,600000,600000,0,True,600000,0.08663192980476551,0.11997688461495504,0.08274674739530609,0.0018746388221086725,0.03334495481018952,0.03719687752557749,0.037205350685771986,0.03720523767186152,0.03719689969100029,0.48741391412642915,0.349378935247866,5.341374203812775e-05,0.002210745406219801,0.0016561744594881633,0.03168874970713694,3.0643564408990235e-08,0.033344954810189516,0,2.802203076623852,146673,1e-24,599999,0.9980600930362593,0.9999986099864353,601,True,0.08659099449680882,1486,True,0.08659598298081667,0.011299435028248588,,,0.0,,,0.0,,,0.0,,,0.0,,,0.0,,
runge,0.01,2,128,2048,0.002,2e-05,core_N128_s2,3,600000,600000,600000,0,True,600000,0.08663192980476551,0.11869116550018742,0.08198020220102153,0.0018545494609404284,0.032059235695421906,0.03719712003086506,0.037205875430854414,0.03720575866449785,0.03719714216369015,0.48741550275842827,0.349378935247866,6.36032539492051e-05,0.0022111259591000394,0.001765488286320748,0.030293717035284225,3.0373816935204424e-08,0.032059235695421906,0,2.7034817741270745,145523,1e-24,599999,0.9980336548427907,0.9999986608759072,593,True,0.08659184559118133,1466,True,0.08659688044611603,0.011299435028248588,,,0.0,,,0.0,,,0.0,,,0.0,,,0.0,,
runge,0.1,2,128,2048,0.002,0.0002,core_N128_s2,3,600000,600000,600000,0,True,600000,0.08663192980476551,0.11329715523769705,0.0790997741740754,0.0017702680505890165,0.02666522543293154,0.03717489924051737,0.037183265766671525,0.03718313369189051,0.03717492142023453,0.48726989543208293,0.349378935247866,8.724467349744649e-05,0.0020535413306994503,0.0018111530127937567,0.02485402557355114,4.6846586633437797e-08,0.026665225432931535,0,2.3555045408872273,137132,1e-24,599999,0.9977694456102685,0.9999987790057838,522,True,0.08659888868813465,1294,True,0.08660419259366516,0.005649717514124294,,,0.0,,,0.0,,,0.0,,,0.0,,,0.0,,
runge,1.0,2,128,2048,0.002,0.002,core_N128_s2,3,600000,600000,600000,0,True,600000,0.08663192980476551,0.10557199168430823,0.08176503532434119,0.001649562370067316,0.01894006187954271,0.037110740031138525,0.03711104890123592,0.03711103353169089,0.037110763108489604,0.48684923665371777,0.349378935247866,1.4968879225456187e-05,0.0003607285403726205,0.0008982240755100317,0.018041829976765452,7.827267235404889e-09,0.01894006187954272,0,1.8592455162230288,110164,1e-24,599999,0.9951387497763895,0.9999974950769241,238,True,0.08662063390910041,577,True,0.08662407522102392,0.0,,,0.0,,,0.0,,,0.0,,,0.0,,,0.0,,
runge,10.0,2,128,2048,0.002,0.02,core_N128_s2,3,600000,600000,600000,0,True,600000,0.08663192980476551,0.10142603546753566,0.08215371903335578,0.0015847818041802447,0.014794105662770146,0.03710984142841195,0.03710984142841434,0.0371098414284141,0.03710986456385786,0.48684334269763296,0.349378935247866,9.7865101666115e-10,2.8590424889935394e-08,0.000556697789965595,0.014237407062623955,8.101805859264295e-10,0.014794105662770136,36319,1.3255259731895377,,1e-24,599999,-588.9773520615191,0.9999898587093422,36,True,0.08663051715325215,83,True,0.08663103175920785,0.0,,,0.0,,,0.0,,,0.0,,,0.0,,,0.0,,
runge,100.0,2,128,2048,0.002,0.2,core_N128_s2,3,600000,600000,600000,0,True,600000,0.08663192980476551,0.09639782481020497,0.08418968925481331,0.0015062160126594526,0.009765895005439451,0.03710984142840883,0.03710984142840882,0.03710984142840883,0.03710986456385662,0.4868433426976248,0.349378935247866,3.3204501601133855e-14,2.388206534840302e-12,0.0001962585169497998,0.009569636381106653,1.0738299007557306e-10,0.009765895005439444,117325,0.9928109908311049,,1e-24,507562,-49614407.2301929,0.9999815071827141,3,True,0.08663176998324905,8,True,0.08663182406359782,0.0,,,0.0,,,0.0,,,0.0,,,0.0,,,0.0,,
moment3,0.0001,2,128,2048,0.002,2.0000000000000002e-07,core_N128_s2,3,600000,600000,600000,0,True,600000,0.08663192980476551,0.13185383698458983,0.07740562698419556,0.002060216202884216,0.045221907179824314,8.881784197001252e-16,1.0735967670427726e-15,8.881784197001252e-16,1.6366848432522197e-25,4.045589683209761e-13,0.5302382866417973,6.297764699864112e-15,7.4194092952881115e-06,0.031268064146357175,0.013946076973306753,7.766060160357148e-06,0.045221907179824314,35129,4.495075846580257,255926,1e-24,391561,-499720873.5337029,0.9999999567234658,1559,True,0.08976482858560021,3919,True,0.09044215323778405,0.005649717514124294,,,0.005649717514124294,,,0.0,,,0.005649717514124294,,,0.0,,,0.0,,
moment3,0.001,2,128,2048,0.002,2e-06,core_N128_s2,3,600000,600000,600000,0,True,600000,0.08663192980476551,0.12911464309340542,0.07497608944537167,0.0020174162983344597,0.04248271328863991,1.3322676295501878e-15,1.1777356867526123e-15,1.3322676295501878e-15,1.5510425418438338e-25,3.938321421678647e-13,0.5302382866417973,5.543338760138477e-15,6.0955102860230145e-06,0.029489278592604307,0.012986077910265553,7.3567857700679815e-06,0.042482713288639916,33652,4.364014261435309,255546,1e-24,385201,-492399818.7204279,1.0000000202954364,1558,True,0.08976367138458027,3915,True,0.09043978760497917,0.005649717514124294,,,0.005649717514124294,,,0.0,,,0.005649717514124294,,,0.0,,,0.0,,
moment3,0.01,2,128,2048,0.002,2e-05,core_N128_s2,3,600000,600000,600000,0,True,600000,0.08663192980476551,0.11483178803410166,0.06400787529399109,0.0017942466880328384,0.02819985822933614,9.992007221626409e-16,1.0673795181048718e-15,9.992007221626409e-16,2.9660321749309156e-26,1.7222144617169993e-13,0.5302382866417973,3.2349242962969285e-15,3.5115239515669305e-06,0.019502482713002953,0.00868992317243687,7.452343896303859e-06,0.02819985822933613,28462,3.799116252703613,251878,1e-24,358298,-441897690.74927056,1.0000002361774736,1544,True,0.08974767088648586,3876,True,0.09041597126997825,0.005649717514124294,,,0.0,,,0.0,,,0.005649717514124294,,,0.0,,,0.0,,
moment3,0.1,2,128,2048,0.002,0.0002,core_N128_s2,3,600000,600000,600000,0,True,600000,0.08663192980476551,0.08713128863479033,0.04661411641845991,0.001361426384918599,0.0004993588300248181,1.4432899320127035e-15,1.4432899320127035e-15,1.4432899320127035e-15,1.630208179043884e-26,1.2767940104320105e-13,0.5302382866417973,1.9229629156186207e-16,2.916501707940382e-06,-0.0008909101431875636,0.001386708535653777,3.560437558580599e-06,0.0004993588300248053,17722,2.9272835896929132,224121,1e-24,289145,-565999291.8934098,1.0000005577179594,1420,True,0.08960076185218753,3526,True,0.09022046557454169,0.005649717514124294,,,0.0,,,0.0,,,0.0,,,0.0,,,0.0,,
moment3,1.0,2,128,2048,0.002,0.002,core_N128_s2,3,600000,600000,600000,0,True,600000,0.08663192980476551,0.1012702468927326,0.08764220154103729,0.001582347607698947,0.01463831708796709,8.881784197001252e-16,8.881784197001252e-16,8.881784197001252e-16,9.182825870046253e-27,9.582690847324186e-14,0.5302382866417973,6.181460209129231e-16,3.62641862301373e-06,0.015236362704356679,-0.0005988722008482536,8.265844586698858e-07,0.014638317087967092,5624,2.2643025565865664,142258,1e-24,162482,-365118040.161503,1.0000021565369819,804,True,0.08866075107567947,1899,True,0.08905781863147257,0.005649717514124294,,,0.0,,,0.0,,,0.0,,,0.0,,,0.0,,
moment3,10.0,2,128,2048,0.002,0.02,core_N128_s2,3,600000,600000,600000,0,True,600000,0.08663192980476551,0.10618545707962784,0.09862922734836571,0.001659147766869185,0.01955352727486233,9.992007221626409e-16,9.992007221626409e-16,9.992007221626409e-16,1.4966774628697398e-27,3.86868538087096e-14,0.5302382866417973,2.6477134239003867e-16,1.7416310577776053e-06,0.016347791719441868,0.003204846031127056,8.895242934053543e-07,0.01955352727486233,1210,1.789942967584597,67872,1e-24,72297,-386579553.23026836,1.000009484894445,156,True,0.087161873608602,356,True,0.08728498626535663,0.005649717514124294,,,0.0,,,0.0,,,0.0,,,0.0,,,0.0,,
moment3,100.0,2,128,2048,0.002,0.2,core_N128_s2,3,600000,600000,600000,0,True,600000,0.08663192980476551,0.10548662524864434,0.0958205174831359,0.0016482285195100678,0.018854695443878827,8.881784197001252e-16,7.401523838268531e-16,6.661338147750939e-16,3.2804556958126433e-28,1.8111999236794417e-14,0.5302382866417973,4.807407289046552e-17,1.0865402528577998e-06,0.012052751541437806,0.0068017645196784965,1.7938276251094057e-07,0.018854695443878817,189373,1.3654250481711925,,1e-24,29930,-332572755.971743,1.000028521291489,17,True,0.08668481651499219,38,True,0.08669746892814459,0.005649717514124294,,,0.0,,,0.0,,,0.0,,,0.0,,,0.0,,
moment5,0.0001,2,128,2048,0.002,2.0000000000000002e-07,core_N128_s2,3,600000,600000,600000,0,True,600000,0.08663192980476551,0.09063774616593205,0.08927477835085003,0.0014162147838426883,0.0040058163611665365,0.7500023573747059,0.7500023633065054,0.7500023633014764,0.7500115911633762,0.8660270607527093,0.5302382866417971,5.449291941663315e-06,1.2254597643277198e-05,0.004250868159360424,-0.00024714440045374387,2.0926022598502427e-06,0.00400581636116653,0,0.38476697665512205,,1e-24,599999,0.9983853176010705,0.9999972821967932,1524,True,0.08983257014611697,3318,True,0.09071077406126486,0.0,,,0.0,,,0.0,,,0.0,,,0.0,,,0.0,,
moment5,0.001,2,128,2048,0.002,2e-06,core_N128_s2,3,600000,600000,600000,0,True,600000,0.08663192980476551,0.09063498812037132,0.08923302058979142,0.001416171689380802,0.004003058315605809,0.7500023562152807,0.7500023621465672,0.7500023621415366,0.7500115900007003,0.866027060081447,0.5302382866417971,5.4471987583276654e-06,1.2252851703103364e-05,0.0042483228711579085,-0.0002470040710592765,1.739515507185879e-06,0.00400305831560582,0,0.3847645034117327,,1e-24,599999,0.998383145430532,0.9999974021635405,1523,True,0.08983127046358352,3315,True,0.09070840162150222,0.0,,,0.0,,,0.0,,,0.0,,,0.0,,,0.0,,
moment5,0.01,2,128,2048,0.002,2e-05,core_N128_s2,3,600000,600000,600000,0,True,600000,0.08663192980476551,0.09060734126698407,0.0890083006239089,0.001415739707296626,0.003975411462218553,0.7500023446711621,0.7500023505970377,0.7500023505919917,0.7500115784241496,0.8660270533978128,0.5302382866417971,5.426176579485644e-06,1.2235170532344021e-05,0.004219024402209965,-0.00024561176956022334,1.998829568810954e-06,0.003975411462218552,0,0.384738200480502,,1e-24,599999,0.9983614181351953,0.9999972020217449,1509,True,0.089813228194086,3284,True,0.09068439561711526,0.0,,,0.0,,,0.0,,,0.0,,,0.0,,,0.0,,
moment5,0.1,2,128,2048,0.002,0.0002,core_N128_s2,3,600000,600000,600000,0,True,600000,0.08663192980476551,0.09039868971550591,0.08877639371815177,0.0014124795268047798,0.0037667599107403943,0.7500022345163655,0.7500022403659735,0.7500022403608166,0.7500114679537966,0.8660269896185856,0.5302382866417971,5.210853454022442e-06,1.204212924127211e-05,0.003998081080201581,-0.0002326577987321641,1.3366292709613753e-06,0.003766759910740378,0,0.3843516745038854,,1e-24,599999,0.9981436489359126,0.999997550349626,1389,True,0.08966334545981665,3003,True,0.09047846913580429,0.0,,,0.0,,,0.0,,,0.0,,,0.0,,,0.0,,
moment5,1.0,2,128,2048,0.002,0.002,core_N128_s2,3,600000,600000,600000,0,True,600000,0.08663192980476551,0.08912313807058174,0.08591479574499594,0.0013925490323528397,0.002491208265816225,0.7500015712176588,0.750001576112908,0.750001576107774,0.7500108025367525,0.8660266054449616,0.5302382866417971,3.6084355975964805e-06,1.0260202480286739e-05,0.002656670941064913,-0.0001661111916214709,6.485163727805206e-07,0.002491208265816222,0,0.3786572382941783,,1e-24,599999,0.9959440517961291,0.9999983747077771,790,True,0.08869447782497111,1676,True,0.0891861889136314,0.0,,,0.0,,,0.0,,,0.0,,,0.0,,,0.0,,
moment5,10.0,2,128,2048,0.002,0.02,core_N128_s2,3,600000,600000,600000,0,True,600000,0.08663192980476551,0.08724894550211679,0.08310526527063329,0.0013632647734705748,0.0006170156973512725,0.7500007561628567,0.7500007601800245,0.7500007601711295,0.7500099846644682,0.8660261332521954,0.5302382866417971,1.630370825090593e-06,6.368118796949994e-06,0.0007158268828188088,-9.952683366770118e-05,7.156482001588345e-07,0.0006170156973512664,0,0.3663306402056116,,1e-24,599999,0.9737859598141887,0.9999993560443782,154,True,0.08716715623314154,328,True,0.08730354463489624,0.0,,,0.0,,,0.0,,,0.0,,,0.0,,,0.0,,
moment5,100.0,2,128,2048,0.002,0.2,core_N128_s2,3,600000,600000,600000,0,True,600000,0.08663192980476551,0.08665956337685832,0.08234137726642993,0.0013540556777634112,2.7633572092802816e-05,0.75000039383202,0.75000039475961,0.7500003947559513,0.7500096214923522,0.8660259235772658,0.5302382866417971,1.0682921434262488e-06,2.007207664133593e-06,9.41627606890696e-05,-6.670399413952339e-05,1.74805543253022e-07,2.763357209279923e-05,0,0.36288336480924843,,1e-24,599999,0.7520621296851313,0.9999978047103493,17,True,0.08668580682293327,35,True,0.08669948285727141,0.0,,,0.0,,,0.0,,,0.0,,,0.0,,,0.0,,
moment9,0.0001,2,128,2048,0.002,2.0000000000000002e-07,core_N128_s2,3,600000,600000,600000,0,True,600000,0.08663192980476551,0.0906377461659321,0.08927477835085011,0.0014162147838426892,0.004005816361166592,0.7500023573747059,0.7500023633065053,0.7500023633014763,0.750050182248931,0.8660297892211312,0.5302382866417973,5.4492919416236635e-06,1.2254597643272465e-05,0.004250868159360398,-0.0002471444004536601,2.0926022598440445e-06,0.004005816361166582,0,0.38476697665512205,,1e-24,599999,0.9983853176010696,0.9999971672776223,1524,True,0.08983257014611697,3318,True,0.09071077406126486,0.0,,,0.0,,,0.0,,,0.0,,,0.0,,,0.0,,
moment9,0.001,2,128,2048,0.002,2e-06,core_N128_s2,3,600000,600000,600000,0,True,600000,0.08663192980476551,0.09063498812037142,0.08923302058979153,0.0014161716893808035,0.004003058315605906,0.7500023562152804,0.750002362146567,0.7500023621415366,0.7500501810791341,0.8660297885457904,0.5302382866417973,5.447198758214729e-06,1.2252851703098326e-05,0.004248322871157883,-0.00024700407105919265,1.739515507203535e-06,0.004003058315605894,0,0.38476450341173274,,1e-24,599999,0.9983831454305311,0.9999973215800365,1523,True,0.08983127046358352,3315,True,0.09070840162150225,0.0,,,0.0,,,0.0,,,0.0,,,0.0,,,0.0,,
moment9,0.01,2,128,2048,0.002,2e-05,core_N128_s2,3,600000,600000,600000,0,True,600000,0.08663192980476551,0.09060734126698415,0.08900830062390887,0.0014157397072966274,0.0039754114622186365,0.7500023446711621,0.7500023505970377,0.7500023505919917,0.7500501694315287,0.8660297818214581,0.5302382866417973,5.426176579519378e-06,1.22351705323404e-05,0.004219024402209938,-0.0002456117695601398,1.9988295688360282e-06,0.003975411462218633,0,0.384738200480502,,1e-24,599999,0.9983614181351944,0.9999971523457335,1509,True,0.089813228194086,3284,True,0.09068439561711529,0.0,,,0.0,,,0.0,,,0.0,,,0.0,,,0.0,,
moment9,0.1,2,128,2048,0.002,0.0002,core_N128_s2,3,600000,600000,600000,0,True,600000,0.08663192980476551,0.09039868971550594,0.08877639371815185,0.0014124795268047803,0.003766759910740422,0.7500022345163654,0.7500022403659734,0.7500022403608166,0.7500500582697285,0.8660297176461288,0.5302382866417973,5.21085345402688e-06,1.2042129241270026e-05,0.003998081080201554,-0.00023265779873208342,1.336629270953074e-06,0.0037667599107404233,0,0.38435167450388547,,1e-24,599999,0.9981436489359116,0.9999975757573415,1389,True,0.08966334545981668,3003,True,0.09047846913580429,0.0,,,0.0,,,0.0,,,0.0,,,0.0,,,0.0,,
moment9,1.0,2,128,2048,0.002,0.002,core_N128_s2,3,600000,600000,600000,0,True,600000,0.08663192980476551,0.08912313807058178,0.08591479574499554,0.0013925490323528403,0.0024912082658162665,0.7500015712176586,0.7500015761129079,0.7500015761077738,0.7500493882087158,0.8660293308100284,0.5302382866417973,3.6084355976341256e-06,1.0260202480283244e-05,0.00265667094106489,-0.00016611119162140297,6.485163727808354e-07,0.0024912082658162683,0,0.3786572382941783,,1e-24,599999,0.995944051796061,0.9999981357010881,790,True,0.08869447782497113,1676,True,0.0891861889136314,0.0,,,0.0,,,0.0,,,0.0,,,0.0,,,0.0,,
moment9,10.0,2,128,2048,0.002,0.02,core_N128_s2,3,600000,600000,600000,0,True,600000,0.08663192980476551,0.08724894550211681,0.08310526527063315,0.0013632647734705752,0.0006170156973513002,0.7500007561628564,0.7500007601800244,0.7500007601711294,0.7500485641590693,0.8660288550737828,0.5302382866417973,1.6303708250521866e-06,6.368118796946135e-06,0.0007158268828187924,-9.95268336676472e-05,7.156482001420568e-07,0.0006170156973512872,0,0.3663306402056116,,1e-24,599999,0.9737859598141768,0.9999993572214906,154,True,0.08716715623314154,328,True,0.08730354463489624,0.0,,,0.0,,,0.0,,,0.0,,,0.0,,,0.0,,
moment9,100.0,2,128,2048,0.002,0.2,core_N128_s2,3,600000,600000,600000,0,True,600000,0.08663192980476551,0.08665956337685832,0.08234137726642989,0.0013540556777634112,2.7633572092802816e-05,0.7500003938320199,0.7500003947596099,0.750000394755951,0.7500481991431528,0.8660286443445249,0.5302382866417973,1.0682921434857988e-06,2.007207664113363e-06,9.41627606890529e-05,-6.670399413948422e-05,1.748055432319148e-07,2.7633572092800607e-05,0,0.36288336480924843,,1e-24,599999,0.752062129685131,0.9999979131615171,17,True,0.08668580682293327,35,True,0.08669948285727141,0.0,,,0.0,,,0.0,,,0.0,,,0.0,,,0.0,,
sine,0.0001,2,128,2048,0.002,2.0000000000000002e-07,core_N128_s2,5,600000,600000,600000,0,True,600000,0.08663192980476551,0.09010106149702306,0.08911486772066719,0.0014078290858909853,0.0034691316922575433,0.42357487878024447,0.4236202104777153,0.4236209962105581,0.4235751150674315,0.9204076434574319,0.3086349068491892,0.0009036567449757743,0.0016906185713107538,0.015441147721198888,-0.011973046513566418,1.0304846250695246e-06,0.003469131692257541,0,0.4673423752033591,,1e-24,599999,0.9991570248326459,1.0000002051419916,1787,True,0.08745961495421728,3811,True,0.08773319159460352,0.0,,,0.0,,,0.0,,,0.0,,,0.0,,,0.0,,
sine,0.001,2,128,2048,0.002,2e-06,core_N128_s2,5,600000,600000,600000,0,True,600000,0.08663192980476551,0.09011808494527329,0.08910643454262226,0.0014080950772698952,0.0034861551405077768,0.4235727842770056,0.4236183507669108,0.4236191424507191,0.42357302054441137,0.9204053678074801,0.3086349068491892,0.0009045198316256018,0.0016947922336777244,0.015446544565023928,-0.011961585323978946,1.1958994627796231e-06,0.0034861551405077637,0,0.4676338674855421,,1e-24,599999,0.9991559684540788,1.0000002073311132,1785,True,0.08745931663199719,3807,True,0.08773261491515977,0.0,,,0.0,,,0.0,,,0.0,,,0.0,,,0.0,,
sine,0.01,2,128,2048,0.002,2e-05,core_N128_s2,5,600000,600000,600000,0,True,600000,0.08663192980476551,0.09028789019678629,0.08902440932627705,0.0014107482843247858,0.0036559603920207767,0.4235514741597225,0.4235994583265287,0.42360031203694126,0.4235517102221865,0.9203822143242301,0.3086349068491892,0.0009133451483674898,0.001737135651953595,0.015501382658568555,-0.011846948089951969,1.525823404180108e-06,0.0036559603920207633,0,0.4705557641749933,,1e-24,599999,0.9991453937978008,1.0000002277713473,1770,True,0.087457996275644,3773,True,0.08772672016650032,0.0,,,0.0,,,0.0,,,0.0,,,0.0,,,0.0,,
sine,0.1,2,128,2048,0.002,0.0002,core_N128_s2,5,600000,600000,600000,0,True,600000,0.08663192980476551,0.09201695269044272,0.08948968018881612,0.0014377648857881674,0.0053850228856772014,0.42329483650134114,0.4233758924936051,0.42337771318224204,0.4232950695803601,0.9201033306975474,0.3086349068491892,0.0010265444238009476,0.0022318640278453034,0.016077356778228902,-0.010693860817315675,1.5269247639585729e-06,0.0053850228856771876,0,0.501096167024686,,1e-24,599999,0.9990386649518682,1.0000004164810783,1631,True,0.08743467388712434,3463,True,0.08769447564806719,0.0,,,0.0,,,0.0,,,0.0,,,0.0,,,0.0,,
sine,1.0,2,128,2048,0.002,0.002,core_N128_s2,5,600000,600000,600000,0,True,600000,0.08663192980476551,0.18685029594516941,0.17983459665039042,0.002919535874143272,0.1002183661404039,0.2712657828302114,0.2905635799368945,0.2903501933462914,0.2712639371523774,0.7365649152007954,0.3086349068491892,0.007739294297250222,0.013830622202559395,0.09363189186192898,0.006585117994072121,1.3562844027966794e-06,0.10021836614040389,0,1.4706419368430985,,1e-24,599999,0.9979238114886118,1.000001354267054,923,True,0.08733762500846794,1927,True,0.08752853587325887,0.01694915254237288,,,0.0,,,0.0,,,0.0,,,0.0,,,0.0,,
sine,10.0,2,128,2048,0.002,0.02,core_N128_s2,5,600000,600000,600000,0,True,600000,0.08663192980476551,0.20392669025835766,0.21452601097672402,0.0031863545352868385,0.11729476045359215,0.046685017579626065,0.04668501839113192,0.04668501828028415,0.04668586125286486,0.305567868902687,0.3086349068491892,3.2963122958833927e-07,6.840972988316932e-06,0.144517909486066,-0.027223186831777737,3.77993038881499e-08,0.11729476045359216,0,1.4732766110163873,,1e-24,599999,0.8503763613917465,0.9999987924373746,176,True,0.0867749349150577,364,True,0.08681327897041426,0.011299435028248588,,,0.0,,,0.0,,,0.0,,,0.0,,,0.0,,
sine,100.0,2,128,2048,0.002,0.2,core_N128_s2,5,600000,600000,600000,0,True,600000,0.08663192980476551,0.13216557666765014,0.1318298375373824,0.0020650871354320334,0.04553364686288462,0.046685016852378025,0.046685016852376304,0.04668501685237625,0.046685860616617565,0.3055678668205071,0.3086349068491892,4.485312657281215e-14,5.1542168928655875e-12,0.03990087008992408,0.005632773294665692,3.4782948516810348e-09,0.045533646862884615,153023,1.4409687590179727,,1e-24,528560,-3135314259.5099235,1.0000019103871416,19,True,0.08664881468117437,38,True,0.08665328563085695,0.005649717514124294,,,0.0,,,0.0,,,0.0,,,0.0,,,0.0,,
runge,0.0001,2,128,2048,0.002,2.0000000000000002e-07,core_N128_s2,5,600000,600000,600000,0,True,600000,0.08663192980476551,0.19951403003928603,0.06301728245337769,0.003117406719363844,0.11288210023452051,0.03358994524992044,0.03395461329053245,0.03395277595472414,0.03358991771223174,0.4631791708373371,0.34937142904436413,0.0004099595527089275,0.014674137738266481,0.0017454232987523998,0.1111366764536487,4.821193959418566e-10,0.1128821002345205,0,1.3760341620992451,,1e-24,599999,0.9980615844711493,0.9999992230207406,602,True,0.08659048155501436,1488,True,0.08659334646172606,0.0,,,0.0,,,0.0,,,0.0,,,0.0,,,0.0,,
runge,0.001,2,128,2048,0.002,2e-06,core_N128_s2,5,600000,600000,600000,0,True,600000,0.08663192980476551,0.19925334993390825,0.0630294559069968,0.0031133335927173164,0.11262142012914274,0.03319675697664469,0.03356791834101042,0.03356610819905472,0.033196728972977915,0.46046030556925427,0.34937142904436413,0.0004262346343047363,0.014618004375464495,0.0017705364739632797,0.1108508824267372,1.2284422658114383e-09,0.11262142012914274,0,1.3766880816038496,,1e-24,599999,0.9980589446387383,0.9999992275792278,601,True,0.08659057418524904,1486,True,0.08659344408492065,0.0,,,0.0,,,0.0,,,0.0,,,0.0,,,0.0,,
runge,0.01,2,128,2048,0.002,2e-05,core_N128_s2,5,600000,600000,600000,0,True,600000,0.08663192980476551,0.19671936507483512,0.062199560436587774,0.0030737400792942987,0.1100874352700696,0.029814764749156814,0.030217097505423306,0.030214974247709414,0.029814735712114723,0.43637517196119147,0.34937142904436413,0.000543150405050786,0.013913597062671394,0.001985352604821266,0.10810208206759268,5.976556407572526e-10,0.11008743527006959,0,1.3827818178478752,,1e-24,599999,0.9980324969884908,0.9999991602290158,592,True,0.0865914588771522,1466,True,0.08659439222780943,0.0,,,0.0,,,0.0,,,0.0,,,0.0,,,0.0,,
runge,0.1,2,128,2048,0.002,0.0002,core_N128_s2,5,600000,600000,600000,0,True,600000,0.08663192980476551,0.178240460131389,0.06456008412608868,0.002785007189552953,0.09160853032662349,0.01865344475129435,0.01884270604313365,0.018839690335242965,0.01865345297073079,0.345162947724621,0.34937142904436413,0.00046246633517754194,0.008720800010587974,0.0023965228721664136,0.08921200580826964,1.6461874032452356e-09,0.09160853032662347,0,1.4108488970917656,,1e-24,599999,0.9977682294259278,0.9999987564569881,522,True,0.08659854481353974,1294,True,0.08660212246136864,0.05084745762711865,,,0.0,,,0.0,,,0.0,,,0.0,,,0.0,,
runge,1.0,2,128,2048,0.002,0.002,core_N128_s2,5,600000,600000,600000,0,True,600000,0.08663192980476551,0.1349836853860158,0.07463754456642246,0.002109120084156497,0.04835175558125028,0.01683505254042933,0.01683505601800441,0.016835055789911832,0.016835095033864902,0.32790824525108,0.34937142904436413,1.4957219400205047e-06,3.569803699414059e-05,0.0006964562749108354,0.04765529800545353,1.3008859236388133e-09,0.048351755581250294,0,1.4437497249047828,,1e-24,599999,0.9951369414098945,0.9999923318723288,238,True,0.08662051414545888,577,True,0.08662339837452475,0.022598870056497175,,,0.0,,,0.0,,,0.0,,,0.0,,,0.0,,
runge,10.0,2,128,2048,0.002,0.02,core_N128_s2,5,600000,600000,600000,0,True,600000,0.08663192980476551,0.11242802785836285,0.07937385092394918,0.0017566879352869196,0.02579609805359734,0.016835044211871264,0.01683504429568013,0.016835044291460446,0.016835086744648703,0.32790816452380556,0.34937142904436413,1.864349361957471e-07,8.318907753008672e-06,0.00041174213935146276,0.02538435246572883,3.4485170445576254e-09,0.025796098053597328,0,1.4859472586302074,,1e-24,599999,0.9683374490420508,0.9999926218251965,36,True,0.08663050369298002,83,True,0.08663096155469655,0.011299435028248588,,,0.0,,,0.0,,,0.0,,,0.0,,,0.0,,
runge,100.0,2,128,2048,0.002,0.2,core_N128_s2,5,600000,600000,600000,0,True,600000,0.08663192980476551,0.09710916543494347,0.0872861620896824,0.0015173307099209917,0.010477235630177953,0.018232303738696887,0.018234590987790972,0.018234581003757133,0.018232349506343334,0.34124466449723434,0.34937142904436413,1.7158477485594636e-05,0.0012917840615599904,0.004098821264767333,0.0063784060903797,8.275030919334023e-09,0.010477235630177953,0,1.4031642591827598,,1e-24,599999,0.7065425889539192,0.9999990083530986,3,True,0.08663176911536608,8,True,0.08663181739025089,0.0,,,0.0,,,0.0,,,0.0,,,0.0,,,0.0,,
moment3,0.0001,2,128,2048,0.002,2.0000000000000002e-07,core_N128_s2,5,600000,600000,600000,0,True,600000,0.08663192980476551,0.1662295063047352,0.1308873058828595,0.0025973360360114876,0.0795975764999697,0.6949870889077621,0.6955970321898748,0.6956207914020098,0.6949893254141748,0.8336588595294102,0.5302371112532541,0.003938033205339324,0.004910936621706775,0.13753297221172164,-0.0579374219129081,2.0262011561477015e-06,0.0795975764999697,0,1.155987842875148,,1e-24,599999,0.9983813445294799,1.0000005524792046,1556,True,0.08976927032606342,3866,True,0.09046217555051989,0.04519774011299435,,,0.0,,,0.0,,,0.0,,,0.0,,,0.0,,
moment3,0.001,2,128,2048,0.002,2e-06,core_N128_s2,5,600000,600000,600000,0,True,600000,0.08663192980476551,0.16878449493221165,0.13365085200036766,0.002637257733315807,0.08215256512744613,0.6916691824852971,0.6923255148512905,0.6923458605523364,0.6916714135811931,0.8316665154323748,0.5302371112532541,0.004326995598284369,0.004464440516662169,0.14271910679445324,-0.06056827946064092,1.7377936338120227e-06,0.08215256512744613,0,1.1558215313430404,,1e-24,599999,0.998379168361762,1.0000005838299801,1554,True,0.08976704995237464,3862,True,0.09045976100905977,0.04519774011299435,,,0.0,,,0.0,,,0.0,,,0.0,,,0.0,,
moment3,0.01,2,128,2048,0.002,2e-05,core_N128_s2,5,600000,600000,600000,0,True,600000,0.08663192980476551,0.19055105078379694,0.16478316140481286,0.0029773601684968272,0.10391912097903143,0.6612960866490619,0.6638563726104141,0.6637303352724875,0.6612981592015826,0.8132011042962294,0.5302371112532541,0.008027444038789903,0.005072632399738322,0.18903152412495694,-0.08511426779605799,1.8646501324089518e-06,0.10391912097903139,0,1.1545060550836033,,1e-24,599999,0.9983574012348965,1.0000002918343496,1541,True,0.08975193303294822,3823,True,0.09043546870318904,0.04519774011299435,,,0.0,,,0.0,,,0.0,,,0.0,,,0.0,,
moment3,0.1,2,128,2048,0.002,0.0002,core_N128_s2,5,600000,600000,600000,0,True,600000,0.08663192980476551,0.26619499858274315,0.26225776761764646,0.004159296852855362,0.17956306877797762,0.48603254497636683,0.49232042475608395,0.4922780468456997,0.48603404822716084,0.697160302770857,0.5302371112532541,0.013234614666990146,0.0034502825506834973,0.4542047684222606,-0.2746435005017062,1.800857423199819e-06,0.1795630687779776,0,1.1498592289233576,,1e-24,599999,0.9981392463296774,0.9999998456857,1417,True,0.08960411970279201,3481,True,0.09024055251737918,0.03389830508474576,,,0.0,,,0.0,,,0.0,,,0.0,,,0.0,,
moment3,1.0,2,128,2048,0.002,0.002,core_N128_s2,5,600000,600000,600000,0,True,600000,0.08663192980476551,0.2241597808993001,0.217905215384456,0.003502496576551564,0.13752785109453458,0.10256209607046218,0.10577294339649707,0.10574536658907174,0.10256292672519629,0.3202539577198875,0.5302371112532541,0.0032911155523062626,0.0013396876250755846,0.8206267050504239,-0.683099609247217,7.552913275622112e-07,0.13752785109453458,0,1.1410209437834076,,1e-24,599999,0.9959363697369067,0.9999985823077076,803,True,0.08866274167814735,1881,True,0.08906658481392773,0.011299435028248588,,,0.0,,,0.0,,,0.0,,,0.0,,,0.0,,
moment3,10.0,2,128,2048,0.002,0.02,core_N128_s2,5,600000,600000,600000,0,True,600000,0.08663192980476551,0.17972286593453646,0.18329736528552193,0.002808169780227132,0.09309093612977094,0.011785932023896661,0.011906149516527359,0.011905471615346996,0.011786102130438108,0.10856364165693926,0.5302371112532541,0.00025670877096668223,0.002040175446265008,0.3701286833649343,-0.27703853974824905,7.925130856443847e-07,0.09309093612977094,0,1.1374574723023012,,1e-24,599999,0.9737500124919028,0.9999983376990903,156,True,0.08716236376558041,354,True,0.08728595950474678,0.0,,,0.0,,,0.0,,,0.0,,,0.0,,,0.0,,
moment3,100.0,2,128,2048,0.002,0.2,core_N128_s2,5,600000,600000,600000,0,True,600000,0.08663192980476551,0.173280792731632,0.18315379678743618,0.00270751238643175,0.08664886292686648,0.02217825658859751,0.02220643169566436,0.02220562092236872,0.02217786512255849,0.14892210688141416,0.5302371112532541,0.11280931373784313,0.05257406118404775,0.22826022388755693,-0.14161154105545137,1.80094760934585e-07,0.08664886292686648,219143,1.1226431814970372,,1e-24,599999,-0.0168850882598251,2.0432699450624112e-05,17,True,0.08668486838986061,38,True,0.08669758763165007,0.0,,,0.0,,,0.0,,,0.0,,,0.0,,,0.0,,
moment5,0.0001,2,128,2048,0.002,2.0000000000000002e-07,core_N128_s2,5,600000,600000,600000,0,True,600000,0.08663192980476551,0.09111019502668818,0.08889715116386054,0.0014235967972920029,0.00447826522192267,0.749993913517241,0.7499939292964153,0.7499939293048191,0.7500031472656673,0.8660221857183881,0.5302371112532539,1.1653470907615396e-05,2.1918995472048613e-05,0.0040197429307710685,0.00045686305098747407,1.6592401641283502e-06,0.004478265221922671,0,0.3849593869341469,,1e-24,599999,0.9983844455874826,0.9999986045937678,1522,True,0.08983206081249781,3313,True,0.09071142541451448,0.0,,,0.0,,,0.0,,,0.0,,,0.0,,,0.0,,
moment5,0.001,2,128,2048,0.002,2e-06,core_N128_s2,5,600000,600000,600000,0,True,600000,0.08663192980476551,0.0911076276856251,0.08890692531248025,0.0014235566825878921,0.00447569788085958,0.7499939158432128,0.7499939316169618,0.7499939316253602,0.7500031495885686,0.8660221870595052,0.5302371112532539,1.1646017591030744e-05,2.1913201369531952e-05,0.004017581841337245,0.00045677368945742464,1.3423500648945256e-06,0.004475697880859566,0,0.38495695462796925,,1e-24,599999,0.998382273113088,0.9999986405271383,1521,True,0.08983075475089038,3310,True,0.09070904461756338,0.0,,,0.0,,,0.0,,,0.0,,,0.0,,,0.0,,
moment5,0.01,2,128,2048,0.002,2e-05,core_N128_s2,5,600000,600000,600000,0,True,600000,0.08663192980476551,0.09108187149009518,0.08896301223362206,0.0014231542420327372,0.004449941685329667,0.7499939390199866,0.7499939547394405,0.7499939547477821,0.750003172734691,0.8660222004228193,0.5302371112532539,1.1572115456324782e-05,2.1855436906575595e-05,0.003992142591993988,0.00045587686011929374,1.9222332163896883e-06,0.00444994168532967,0,0.38493103355198965,,1e-24,599999,0.998360542774689,0.9999986153436771,1508,True,0.0898138483373789,3278,True,0.09068481600746796,0.0,,,0.0,,,0.0,,,0.0,,,0.0,,,0.0,,
moment5,0.1,2,128,2048,0.002,0.0002,core_N128_s2,5,600000,600000,600000,0,True,600000,0.08663192980476551,0.09086813760582516,0.08930542843231412,0.001419814650091018,0.004236207801059641,0.7499941619066812,0.7499941770865167,0.7499941770943024,0.7500033953221527,0.8660223289327217,0.5302371112532539,1.0891107534360475e-05,2.12981146170185e-05,0.0037877784645727,0.00044668086644702516,1.7484700399238698e-06,0.004236207801059651,0,0.3845460643100167,,1e-24,599999,0.9981427427757343,0.9999986283470875,1388,True,0.08966349234973475,2998,True,0.09047920773046055,0.0,,,0.0,,,0.0,,,0.0,,,0.0,,,0.0,,
moment5,1.0,2,128,2048,0.002,0.002,core_N128_s2,5,600000,600000,600000,0,True,600000,0.08663192980476551,0.08949906656632808,0.08513348854104764,0.0013984229150988763,0.0028671367615625692,0.7499955865584643,0.7499955981920442,0.7499955981963032,0.7500048179373678,0.8660231502729752,0.5302371112532539,7.244619934372049e-06,1.7801797768247107e-05,0.0024982513213643986,0.0003682368782712004,6.485619269623957e-07,0.002867136761562562,0,0.3788110416767988,,1e-24,599999,0.9959428173673223,0.9999990072617042,789,True,0.0886936293461831,1674,True,0.08918617191864751,0.0,,,0.0,,,0.0,,,0.0,,,0.0,,,0.0,,
moment5,10.0,2,128,2048,0.002,0.02,core_N128_s2,5,600000,600000,600000,0,True,600000,0.08663192980476551,0.08749134839218405,0.08304821338587282,0.0013670523186278757,0.0008594185874185312,0.7499972036371046,0.7499972133144406,0.7499972133120804,0.7500064323665565,0.8660240823551872,0.5302371112532539,3.551115399682345e-06,1.3719220158846157e-05,0.0006058737341503199,0.00025282435737258315,7.204958956244794e-07,0.0008594185874185275,0,0.36714620336546233,,1e-24,599999,0.9737812444736378,0.9999998334245905,154,True,0.08716720042474825,328,True,0.08730345219853203,0.0,,,0.0,,,0.0,,,0.0,,,0.0,,,0.0,,
moment5,100.0,2,128,2048,0.002,0.2,core_N128_s2,5,600000,600000,600000,0,True,600000,0.08663192980476551,0.08691492986414426,0.0822778847496161,0.001358045779127254,0.0002830000593787435,0.7499966669900862,0.7499966852180674,0.7499966852235482,0.7500058964165718,0.8660237729273899,0.5302371112532539,2.517481281128357e-06,1.4186832946237096e-05,9.775731898173136e-06,0.000273049779559276,1.745479212913172e-07,0.00028300005937874036,0,0.36518924673229436,,1e-24,599999,0.7520223896053387,0.9999993717075422,17,True,0.08668581024794574,35,True,0.08669947116007524,0.0,,,0.0,,,0.0,,,0.0,,,0.0,,,0.0,,
moment9,0.0001,2,128,2048,0.002,2.0000000000000002e-07,core_N128_s2,5,600000,600000,600000,0,True,600000,0.08663192980476551,0.09065744974226521,0.08918426640326109,0.0014165226522228939,0.004025519937499694,0.7500021430447107,0.7500021478622819,0.7500021478586608,0.750049965581544,0.8660296641358839,0.5302371112532541,4.888933982462615e-06,1.1071417455087201e-05,0.004242341543653805,-0.00021842859631309575,1.6069901589769537e-06,0.0040255199374996855,0,0.3849419653640397,,1e-24,599999,0.9983844345877665,0.9999965946338377,1522,True,0.08983136587410047,3315,True,0.09070972522896158,0.0,,,0.0,,,0.0,,,0.0,,,0.0,,,0.0,,
moment9,0.001,2,128,2048,0.002,2e-06,core_N128_s2,5,600000,600000,600000,0,True,600000,0.08663192980476551,0.09065466331260331,0.08914253510917312,0.0014164791142594268,0.0040227335078378,0.7500021420314267,0.7500021468488647,0.7500021468452422,0.7500499645585299,0.8660296635452829,0.5302371112532541,4.887187603568015e-06,1.1070146579673974e-05,0.004239673800431487,-0.00021830701836817492,1.3667257744804245e-06,0.004022733507837792,0,0.3849395178662189,,1e-24,599999,0.9983822621005881,0.9999964432502052,1521,True,0.08983006060469151,3312,True,0.09070734785623176,0.0,,,0.0,,,0.0,,,0.0,,,0.0,,,0.0,,
moment9,0.01,2,128,2048,0.002,2e-05,core_N128_s2,5,600000,600000,600000,0,True,600000,0.08663192980476551,0.09062702216142372,0.08900901601228049,0.0014160472212722457,0.003995092356658209,0.7500021319373973,0.750002136753234,0.7500021367495973,0.7500499543674216,0.8660296576618067,0.5302371112532541,4.86962170488942e-06,1.105719070750152e-05,0.004210737334227667,-0.00021710120886630336,1.4562312968605069e-06,0.003995092356658223,0,0.3849134494116955,,1e-24,599999,0.9983605316348957,0.999996346591714,1508,True,0.08981316418451948,3280,True,0.09068315555945472,0.0,,,0.0,,,0.0,,,0.0,,,0.0,,,0.0,,
moment9,0.1,2,128,2048,0.002,0.0002,core_N128_s2,5,600000,600000,600000,0,True,600000,0.08663192980476551,0.09041829896792387,0.08879266278583514,0.0014127859213738105,0.0037863691631583596,0.750002035204978,0.7500020399834042,0.7500020399796584,0.7500498566908661,0.8660296012716981,0.5302371112532541,4.687496219474039e-06,1.0908855607711627e-05,0.003990508822380635,-0.00020586706177321928,1.7274025509432797e-06,0.00378636916315836,0,0.3845273901807203,,1e-24,599999,0.9981427304332637,0.9999968639047073,1388,True,0.08966287775156542,3000,True,0.09047773805239903,0.0,,,0.0,,,0.0,,,0.0,,,0.0,,,0.0,,
moment9,1.0,2,128,2048,0.002,0.002,core_N128_s2,5,600000,600000,600000,0,True,600000,0.08663192980476551,0.08913576368563868,0.08584222293750675,0.0013927463075881043,0.002503833880873163,0.7500014426375956,0.7500014467361411,0.7500014467322691,0.7500492577782647,0.8660292555105862,0.5302371112532541,3.2822785590637724e-06,9.394153299058088e-06,0.0026511157300516635,-0.0001479369530900898,6.551039115815459e-07,0.0025038338808731552,0,0.37879354791417225,,1e-24,599999,0.9959427961738369,0.9999981019774062,789,True,0.08869335049627038,1675,True,0.08918554175300449,0.0,,,0.0,,,0.0,,,0.0,,,0.0,,,0.0,,
moment9,10.0,2,128,2048,0.002,0.02,core_N128_s2,5,600000,600000,600000,0,True,600000,0.08663192980476551,0.08725540711418621,0.08309855496197367,0.0013633657361591595,0.0006234773094206947,0.7500007042183072,0.7500007077722687,0.7500007077650322,0.750048510875251,0.8660288243122247,0.5302371112532541,1.5032216667833645e-06,5.959015113953093e-06,0.0007125406333873039,-8.978389168250556e-05,7.205677158860848e-07,0.0006234773094206844,0,0.3663626733308283,,1e-24,599999,0.973781159592782,0.9999992459686164,154,True,0.08716716320526753,328,True,0.08730335263084542,0.0,,,0.0,,,0.0,,,0.0,,,0.0,,,0.0,,
moment9,100.0,2,128,2048,0.002,0.2,core_N128_s2,5,600000,600000,600000,0,True,600000,0.08663192980476551,0.08666301008496129,0.08234129867603082,0.00135410953257752,3.1080280195772136e-05,0.7500003618982075,0.75000036275924,0.750000362755026,0.7500481661048599,0.8660286252710118,0.5302371112532541,9.660132591640066e-07,1.8763656683046387e-06,9.146586204037714e-05,-6.056013457887717e-05,1.745527342658981e-07,3.108028019576586e-05,0,0.36288687347500836,,1e-24,599999,0.752021690851105,0.9999978965676424,17,True,0.08668580645314435,35,True,0.08669946135646663,0.0,,,0.0,,,0.0,,,0.0,,,0.0,,,0.0,,
sine,0.0001,2,128,2048,0.002,2.0000000000000002e-07,core_N128_s2,7,600000,600000,600000,0,True,600000,0.08663192980476551,0.09012474757702846,0.089096097471194,0.0014081991808910697,0.0034928177722629433,0.4235704052809632,0.42361637048213013,0.4236171751103798,0.4235706415218039,0.9204027830485998,0.30863541495355273,0.0009063083922585673,0.0017036903386670652,0.015474444290477347,-0.011982700664400955,1.0741461865584597e-06,0.00349281777226295,0,0.4696631613745169,,1e-24,599999,0.9991570383892976,1.0000002071373881,1787,True,0.08745947605037233,3811,True,0.08773294219971042,0.0,,,0.0,,,0.0,,,0.0,,,0.0,,,0.0,,
sine,0.001,2,128,2048,0.002,2e-06,core_N128_s2,7,600000,600000,600000,0,True,600000,0.08663192980476551,0.09014189103940096,0.08908786542320389,0.00140846704749064,0.003509961234635442,0.4235682853964818,0.4236144901953711,0.42361530095814004,0.42356852161712977,0.9204004798098812,0.30863541495355273,0.0009071849426938391,0.0017079259976623437,0.015479908811856855,-0.011971185903935578,1.2383267141621697e-06,0.0035099612346354368,0,0.46996022229362455,,1e-24,599999,0.9991559820105882,1.0000002090876479,1785,True,0.08745917800467737,3808,True,0.08773237946418132,0.0,,,0.0,,,0.0,,,0.0,,,0.0,,,0.0,,
sine,0.01,2,128,2048,0.002,2e-05,core_N128_s2,7,600000,600000,600000,0,True,600000,0.08663192980476551,0.0903129185726912,0.08900789012723488,0.0014111393526983,0.0036809887679256914,0.4235467122730572,0.42359538501242033,0.4235962597427425,0.4235469482844338,0.9203770404398773,0.30863541495355273,0.000916149705653903,0.0017509090529409792,0.01553544451549896,-0.011856001805896804,1.5460583235363138e-06,0.0036809887679256905,0,0.4729387429442732,,1e-24,599999,0.9991454073551972,1.0000002288625143,1770,True,0.08745786002330003,3774,True,0.08772649021862491,0.0,,,0.0,,,0.0,,,0.0,,,0.0,,,0.0,,
sine,0.1,2,128,2048,0.002,0.0002,core_N128_s2,7,600000,600000,600000,0,True,600000,0.08663192980476551,0.0920558865236064,0.08948883261997803,0.00143837322693135,0.005423956718840883,0.4232862243791461,0.42336878605474476,0.42337066335480233,0.4232864573320092,0.920093970561713,0.30863541495355273,0.0010313745466115647,0.0022545924206437648,0.016118546686005077,-0.010696150843092202,1.5608759280189889e-06,0.005423956718840889,0,0.504164388810127,,1e-24,599999,0.9990386785089138,1.0000004186918743,1631,True,0.08743455422308499,3464,True,0.0876942489055647,0.0,,,0.0,,,0.0,,,0.0,,,0.0,,,0.0,,
sine,1.0,2,128,2048,0.002,0.002,core_N128_s2,7,600000,600000,600000,0,True,600000,0.08663192980476551,0.1497202146229536,0.13707040328103484,0.00233937835348365,0.06308828481818808,0.357257300372444,0.35926021464024605,0.3592021090788128,0.357257950834535,0.8452904244513065,0.30863541495355273,0.002419670153340225,0.004569268629770664,0.05706436969536959,0.006022583394400349,1.331728418103517e-06,0.06308828481818805,0,1.3152751012612587,,1e-24,599999,0.9979238249171669,1.0000012201941495,923,True,0.08733756583950612,1927,True,0.08752842331084756,0.01694915254237288,,,0.0,,,0.0,,,0.0,,,0.0,,,0.0,,
sine,10.0,2,128,2048,0.002,0.02,core_N128_s2,7,600000,600000,600000,0,True,600000,0.08663192980476551,0.1371447509156145,0.13427117875918618,0.0021428867330564767,0.050512821110848996,0.33890583515322964,0.3389412562513873,0.33894092702394085,0.33890680847136295,0.8232943683414371,0.30863541495355273,3.97003565134191e-05,0.0007543214948186893,0.040239857355255725,0.010272950155105133,1.360048811607959e-08,0.05051282111084897,0,1.2819034209070757,,1e-24,599999,0.9863634780784851,0.9999983111488013,176,True,0.08677492357352493,364,True,0.08681325869094872,0.0,,,0.0,,,0.0,,,0.0,,,0.0,,,0.0,,
sine,100.0,2,128,2048,0.002,0.2,core_N128_s2,7,600000,600000,600000,0,True,600000,0.08663192980476551,0.11471255459432567,0.09640521368837535,0.0017923836655363385,0.028080624789560152,0.3378479139082936,0.3379114224119601,0.33791226707736477,0.3378488953373044,0.8220083884454031,0.30863541495355273,0.00012391143989139408,0.0015443344726576843,-0.0028334269196964384,0.030914047889487532,3.8197690443424614e-09,0.028080624789560138,0,1.0768623895390947,,1e-24,599999,0.8703369671119459,1.0000011926037027,19,True,0.086648813563856,38,True,0.0866532837035364,0.0,,,0.0,,,0.0,,,0.0,,,0.0,,,0.0,,
runge,0.0001,2,128,2048,0.002,2.0000000000000002e-07,core_N128_s2,7,600000,600000,600000,0,True,600000,0.08663192980476551,0.13828576398574283,0.09265246038586433,0.0021607150622772317,0.05165383418097731,0.037412841649600556,0.03744123349466864,0.03744101252426773,0.03741286223559165,0.48882681149675344,0.34937189671079605,0.0005281923182022867,0.002820758216203084,0.0034162869668689796,0.048237491524710734,5.568939759819159e-08,0.051653834180977305,0,2.2399483201535135,181450,1e-24,599999,0.9980616117219463,0.9999986952257721,602,True,0.08659050219400874,1488,True,0.0865934691659874,0.0,,,0.0,,,0.0,,,0.0,,,0.0,,,0.0,,
runge,0.001,2,128,2048,0.002,2e-06,core_N128_s2,7,600000,600000,600000,0,True,600000,0.08663192980476551,0.13820748153504972,0.09268866591207447,0.002159491898985152,0.051575551730284205,0.03740258553619906,0.03743099603556639,0.03743077478879269,0.03740260612110788,0.4887598050305491,0.34937189671079605,0.0005254995361598551,0.0028146107179174745,0.0034060055843067186,0.04816948855306825,5.7592909232570266e-08,0.0515755517302842,0,2.2349757430864776,181279,1e-24,599999,0.9980589719310314,0.9999986937410912,601,True,0.08659059476654407,1486,True,0.08659356653679251,0.0,,,0.0,,,0.0,,,0.0,,,0.0,,,0.0,,
runge,0.01,2,128,2048,0.002,2e-05,core_N128_s2,7,600000,600000,600000,0,True,600000,0.08663192980476551,0.1374738852725702,0.0936816780355672,0.0021480294573839095,0.05084195546780469,0.03730571919533145,0.03733432827518981,0.037334104016599756,0.037305739772033365,0.4881264925956963,0.34937189671079605,0.0005002047213302493,0.002757955362604428,0.003318252031704853,0.04752366179214015,4.164395966339787e-08,0.050841955467804664,0,2.1914179130947575,179636,1e-24,599999,0.99803252450624,0.9999986789752526,592,True,0.08659147896900704,1466,True,0.08659451216853768,0.0,,,0.0,,,0.0,,,0.0,,,0.0,,,0.0,,
runge,0.1,2,128,2048,0.002,0.0002,core_N128_s2,7,600000,600000,600000,0,True,600000,0.08663192980476551,0.1327049948279399,0.08364530829173586,0.002073515544186561,0.04607306502317439,0.03660664542606762,0.03664314806019309,0.036642801221983164,0.03660666561843616,0.4835313500610653,0.34937189671079605,0.0003750930771692839,0.0026253713497334723,0.0025783126864469424,0.04349472551926606,2.6817461386405e-08,0.04607306502317439,0,1.9281897636015735,167657,1e-24,599999,0.9977682582748602,0.9999988414539202,522,True,0.08659856152974559,1294,True,0.08660222178288932,0.0,,,0.0,,,0.0,,,0.0,,,0.0,,,0.0,,
runge,1.0,2,128,2048,0.002,0.002,core_N128_s2,7,600000,600000,600000,0,True,600000,0.08663192980476551,0.1227033602633066,0.07973252034364156,0.0019172400041141656,0.03607143045854108,0.03389510835673297,0.03391919476897911,0.033919049435017015,0.03389512873762234,0.46527872511225976,0.34937189671079605,2.6185328032859696e-05,0.0024013919672751013,0.0004416609343178277,0.03562976775272043,1.7715028156546305e-09,0.036071430458541075,0,1.6100055542473632,130704,1e-24,599999,0.9951369838554935,0.9999986348599746,238,True,0.08662051981701681,577,True,0.08662343035999828,0.0,,,0.0,,,0.0,,,0.0,,,0.0,,,0.0,,
runge,10.0,2,128,2048,0.002,0.02,core_N128_s2,7,600000,600000,600000,0,True,600000,0.08663192980476551,0.1099553504084384,0.0830758493796289,0.00171805235013185,0.023323420603672887,0.033002382061363925,0.03301344791457052,0.03301342115774304,0.03300240333826851,0.4591106157646669,0.34937189671079605,2.4361934099671727e-05,0.0013666136057028924,0.00034409526352910234,0.022979325105860655,2.3428311343844214e-10,0.023323420603672877,0,1.2854459502072162,,1e-24,599999,0.9688962944593252,0.9999990237279524,36,True,0.08663050431217942,83,True,0.08663096484341222,0.0,,,0.0,,,0.0,,,0.0,,,0.0,,,0.0,,
runge,100.0,2,128,2048,0.002,0.2,core_N128_s2,7,600000,600000,600000,0,True,600000,0.08663192980476551,0.10109664887257688,0.08331420668039193,0.0015796351386340138,0.014464719067811369,0.03221929261475058,0.032229488035169174,0.0322294789824612,0.032219313651921246,0.45363096639586337,0.34937189671079605,2.1061959856430226e-05,0.0005228977653829336,-1.2408118543097341e-05,0.014477127166613582,1.9740886980788817e-11,0.014464719067811372,0,1.015036503898195,,1e-24,599999,0.7065441437299605,0.9999988667576035,3,True,0.0866317691471629,8,True,0.0866318176945624,0.0,,,0.0,,,0.0,,,0.0,,,0.0,,,0.0,,
moment3,0.0001,2,128,2048,0.002,2.0000000000000002e-07,core_N128_s2,7,600000,600000,600000,0,True,600000,0.08663192980476551,0.14522327671263613,0.10573703978526824,0.0022691136986349395,0.058591346907870615,0.008375802675545163,0.00951202259760136,0.009457441679589562,0.00837578785874396,0.09151918360280609,0.5302371274992801,0.005054493072428321,0.04829766628841612,0.014764912205760362,0.04382147992463236,4.954777477884641e-06,0.0585913469078706,0,2.6116551691543464,276733,1e-24,599999,0.998381359458084,0.9999996586632972,1556,True,0.08976889658445043,3868,True,0.090461083659282,0.01694915254237288,,,0.0,,,0.0,,,0.0,,,0.0,,,0.0,,
moment3,0.001,2,128,2048,0.002,2e-06,core_N128_s2,7,600000,600000,600000,0,True,600000,0.08663192980476551,0.14566422283731995,0.1060563471226544,0.002276003481833124,0.05903229303255443,0.008132806562245909,0.009199763318207514,0.009149784573603492,0.008132795029810076,0.09018186579654675,0.5302371274992801,0.0049235458511635265,0.04767193529344429,0.01456466717455804,0.04446368783214858,3.9380258478100825e-06,0.05903229303255445,0,2.6014974185460127,276318,1e-24,599999,0.9983791832858211,0.9999996783352488,1554,True,0.08976667702899338,3864,True,0.09045867156485927,0.01694915254237288,,,0.0,,,0.0,,,0.0,,,0.0,,,0.0,,
moment3,0.01,2,128,2048,0.002,2e-05,core_N128_s2,7,600000,600000,600000,0,True,600000,0.08663192980476551,0.14690230428478906,0.11130173248942328,0.002295348504449829,0.06027037448002355,0.006781550892646537,0.007506079486245109,0.007477474467215195,0.006781554715293686,0.08235006340216586,0.5302371274992801,0.004128052433023537,0.04370452564135795,0.011758278350298374,0.048507565980369226,4.530149355949907e-06,0.06027037448002354,0,2.5226412140414487,272310,1e-24,599999,0.9983574161139148,0.9999997252618711,1541,True,0.08975156594165112,3826,True,0.09043438606794278,0.01694915254237288,,,0.0,,,0.0,,,0.0,,,0.0,,,0.0,,
moment3,0.1,2,128,2048,0.002,0.0002,core_N128_s2,7,600000,600000,600000,0,True,600000,0.08663192980476551,0.11975687807744574,0.08469508072436088,0.0018712012199600897,0.03312494827268023,0.00649298133165177,0.007219456676401276,0.007193463447485449,0.006492981832533023,0.08057891154685663,0.5302371274992801,0.0036511422495462253,0.042464125969085886,-0.009765341786320146,0.042886918537634613,3.3715213657672256e-06,0.033124948272680234,0,2.2465384286603554,242125,1e-24,599999,0.9981392608165455,1.0000000766133565,1418,True,0.08960484254299902,3483,True,0.09023949707886676,0.005649717514124294,,,0.0,,,0.0,,,0.0,,,0.0,,,0.0,,
moment3,1.0,2,128,2048,0.002,0.002,core_N128_s2,7,600000,600000,600000,0,True,600000,0.08663192980476551,0.19014216529820713,0.19268522836878726,0.0029709713327844864,0.10351023549344161,0.010613343499245365,0.010901881673186434,0.010899615669178908,0.010613585859728073,0.10302209366734481,0.5302371274992801,0.0007078000678662059,0.005730402990067004,0.1495920169987819,-0.0460826247401578,8.43234817493864e-07,0.10351023549344161,0,1.9529589642852645,152980,1e-24,599999,0.9959363829777176,0.9999986200910773,803,True,0.0886625883052097,1882,True,0.08906613555293383,0.011299435028248588,,,0.0,,,0.0,,,0.0,,,0.0,,,0.0,,
moment3,10.0,2,128,2048,0.002,0.02,core_N128_s2,7,600000,600000,600000,0,True,600000,0.08663192980476551,0.14967048757933735,0.16273967747974297,0.002338601368427146,0.06303855777457183,0.0012711875358550895,0.0012900353853995004,0.001289869914969488,0.0012712345846190274,0.035654319558445724,0.5302371274992801,6.584368044672669e-05,0.003328483983144818,0.07984240489264086,-0.016804677517469196,8.303994001799559e-07,0.06303855777457185,0,1.712808053118259,71837,1e-24,599999,0.9737500347677879,0.9999979160628889,156,True,0.08716234213111382,354,True,0.08728590300255694,0.005649717514124294,,,0.0,,,0.0,,,0.0,,,0.0,,,0.0,,
moment3,100.0,2,128,2048,0.002,0.2,core_N128_s2,7,600000,600000,600000,0,True,600000,0.08663192980476551,0.11538378890964446,0.11205827000527331,0.0018028717017131947,0.028751859104878943,0.000788360521296938,0.0007883963173121101,0.0007883962271071909,0.0007883746232652301,0.02807796452912513,0.5302371274992801,3.146306048760135e-06,0.0005802828988186918,0.025920281341748324,0.0028313975284511724,1.8023467944953783e-07,0.028751859104878943,0,1.432137558594213,,1e-24,599999,0.7517478706467539,0.9999930786823983,17,True,0.08668486614913026,38,True,0.08669758179823267,0.005649717514124294,,,0.0,,,0.0,,,0.0,,,0.0,,,0.0,,
moment5,0.0001,2,128,2048,0.002,2.0000000000000002e-07,core_N128_s2,7,600000,600000,600000,0,True,600000,0.08663192980476551,0.09105763063926689,0.08889731752865936,0.0014227754787385452,0.004425700834501375,0.7499948053615446,0.7499948184604082,0.7499948184653031,0.7500040390718219,0.8660227005986846,0.53023712749928,1.0165435509381608e-05,1.948444179858882e-05,0.004043563905803276,0.0003805688599776143,1.568068720469975e-06,0.00442570083450136,0,0.38493775620468895,,1e-24,599999,0.998384465475545,0.9999982462358763,1522,True,0.08983193762170039,3313,True,0.09071121170506383,0.0,,,0.0,,,0.0,,,0.0,,,0.0,,,0.0,,
moment5,0.001,2,128,2048,0.002,2e-06,core_N128_s2,7,600000,600000,600000,0,True,600000,0.08663192980476551,0.09105510442144153,0.08890712847832842,0.001422736006585024,0.004423174616676018,0.749994807265514,0.7499948203604142,0.7499948203653054,0.7500040409727171,0.8660227016961576,0.53023712749928,1.01588335850689e-05,1.9479574019916328e-05,0.004041305500285691,0.00038050743008314703,1.3616863071757496e-06,0.004423174616676013,0,0.38493531442738527,,1e-24,599999,0.9983822930041164,0.999997892599407,1521,True,0.08983063179763912,3310,True,0.09070883143635763,0.0,,,0.0,,,0.0,,,0.0,,,0.0,,,0.0,,
moment5,0.01,2,128,2048,0.002,2e-05,core_N128_s2,7,600000,600000,600000,0,True,600000,0.08663192980476551,0.09102975497271852,0.08900316511414061,0.001422339921448727,0.004397825167953007,0.7499948262400274,0.7499948392952198,0.7499948393000716,0.7500040599165457,0.866022712633289,0.53023712749928,1.0093413439841739e-05,1.943106305192606e-05,0.00401633863824011,0.0003798891116777562,1.5974180351436342e-06,0.004397825167953009,0,0.38490930290462466,,1e-24,599999,0.9983605626954228,0.9999980943557283,1508,True,0.0898137279148869,3279,True,0.09068474711368608,0.0,,,0.0,,,0.0,,,0.0,,,0.0,,,0.0,,
moment5,0.1,2,128,2048,0.002,0.0002,core_N128_s2,7,600000,600000,600000,0,True,600000,0.08663192980476551,0.09081683827874738,0.0892033547392037,0.0014190130981054279,0.004184908473981869,0.7499950090398994,0.7499950216965883,0.7499950217010622,0.7500042424170321,0.8660228179990898,0.53023712749928,9.493583363682636e-06,1.8964173519189614e-05,0.0038097620179597873,0.0003733888977278744,1.757558294196166e-06,0.004184908473981858,0,0.384523782696409,,1e-24,599999,0.9981427630245066,0.9999983270682427,1388,True,0.0896633917902549,2998,True,0.09047901503519104,0.0,,,0.0,,,0.0,,,0.0,,,0.0,,,0.0,,
moment5,1.0,2,128,2048,0.002,0.002,core_N128_s2,7,600000,600000,600000,0,True,600000,0.08663192980476551,0.08945867613083364,0.08521597458380391,0.0013977918145442756,0.002826746326068122,0.749996197507172,0.7499962074314448,0.7499962074335815,0.750005428849969,0.8660235029802745,0.53023712749928,6.325032993028275e-06,1.601905115873187e-05,0.002514163137688549,0.00031192990709583726,6.53281283726796e-07,0.002826746326068113,0,0.3787927364743201,,1e-24,599999,0.9959428423813776,0.999998590466153,789,True,0.08869358727121686,1674,True,0.08918609555388722,0.0,,,0.0,,,0.0,,,0.0,,,0.0,,,0.0,,
moment5,10.0,2,128,2048,0.002,0.02,core_N128_s2,7,600000,600000,600000,0,True,600000,0.08663192980476551,0.08746529391632224,0.08305343664359432,0.001366645217442535,0.0008333641115567253,0.7499975819823199,0.7499975903512726,0.7499975903476233,0.7500068106691641,0.8660243007660655,0.53023712749928,3.0912044814126035e-06,1.2382018819491878e-05,0.0006172097608973006,0.0002154338768858536,7.204737735649243e-07,0.0008333641115567192,0,0.3663629478672202,,1e-24,599999,0.9737813294663975,0.9999997852207076,154,True,0.08716719585567692,328,True,0.08730344622855957,0.0,,,0.0,,,0.0,,,0.0,,,0.0,,,0.0,,
moment5,100.0,2,128,2048,0.002,0.2,core_N128_s2,7,600000,600000,600000,0,True,600000,0.08663192980476551,0.08688243571806177,0.08228650069118981,0.0013575380580947152,0.00025050591329625616,0.7499971775914931,0.7499971912155744,0.7499971912170534,0.7500064068092103,0.8660240675997954,0.53023712749928,2.1154309016102706e-06,1.2349883724980579e-05,1.8250708409199834e-05,0.00023208065067014427,1.7455421691265387e-07,0.00025050591329625675,0,0.3633992779678778,,1e-24,599999,0.7520230863932393,0.9999987716024457,17,True,0.08668580981436792,35,True,0.08669947063633586,0.0,,,0.0,,,0.0,,,0.0,,,0.0,,,0.0,,
moment9,0.0001,2,128,2048,0.002,2.0000000000000002e-07,core_N128_s2,7,600000,600000,600000,0,True,600000,0.08663192980476551,0.09065641780001432,0.08918784079929926,0.0014165065281252238,0.004024487995248807,0.7500021521903304,0.7500021570585281,0.7500021570548446,0.7500499748386343,0.8660296694801376,0.5302371274992802,4.914844394443232e-06,1.1127361857632261e-05,0.004242692527650772,-0.00021983617593171378,1.6316435297575465e-06,0.004024487995248815,0,0.3849300746066421,,1e-24,599999,0.9983844555734351,0.9999964706478399,1522,True,0.08983131270924125,3315,True,0.0907097200976937,0.0,,,0.0,,,0.0,,,0.0,,,0.0,,,0.0,,
moment9,0.001,2,128,2048,0.002,2e-06,core_N128_s2,7,600000,600000,600000,0,True,600000,0.08663192980476551,0.09065363275351826,0.08914610824540915,0.0014164630117737228,0.004021702948752745,0.7500021511701078,0.7500021560381495,0.7500021560344645,0.7500499738086398,0.8660296688855067,0.5302371274992802,4.9130776219671605e-06,1.1126061994354704e-05,0.004240039473483227,-0.00021971358176040733,1.3770570299150325e-06,0.004021702948752735,0,0.3849276255889645,,1e-24,599999,0.9983822830904132,0.9999963624571622,1521,True,0.0898300075967824,3312,True,0.0907073429111976,0.0,,,0.0,,,0.0,,,0.0,,,0.0,,,0.0,,
moment9,0.01,2,128,2048,0.002,2e-05,core_N128_s2,7,600000,600000,600000,0,True,600000,0.08663192980476551,0.0906259614402626,0.08900899000894862,0.001416030647504103,0.003994031635497081,0.7500021410073368,0.7500021458735487,0.7500021458698495,0.750049963548373,0.8660296629621045,0.5302371274992802,4.895309299150018e-06,1.1112818849119947e-05,0.0042109240709308085,-0.00021849768656994953,1.6052511362190939e-06,0.003994031635497079,0,0.3849015435690831,,1e-24,599999,0.9983605526661328,0.9999964500444194,1508,True,0.08981311267990398,3280,True,0.09068315240902868,0.0,,,0.0,,,0.0,,,0.0,,,0.0,,,0.0,,
moment9,0.1,2,128,2048,0.002,0.0002,core_N128_s2,7,600000,600000,600000,0,True,600000,0.08663192980476551,0.09041729853898524,0.08879224676758135,0.0014127702896716444,0.003785368734219724,0.7500020436470765,0.7500020484736495,0.7500020484698419,0.750049865240008,0.8660296062072433,0.5302371274992802,4.711304479471591e-06,1.0961850072348383e-05,0.003990808841658898,-0.0002071714545960513,1.7313471568614044e-06,0.003785368734219709,0,0.3845154813296425,,1e-24,599999,0.9981427519038827,0.9999968888098457,1388,True,0.08966283883993957,3000,True,0.09047772822608757,0.0,,,0.0,,,0.0,,,0.0,,,0.0,,,0.0,,
moment9,1.0,2,128,2048,0.002,0.002,core_N128_s2,7,600000,600000,600000,0,True,600000,0.08663192980476551,0.0891351283255532,0.08584506167578877,0.0013927363800867688,0.002503198520787689,0.7500014479410636,0.7500014520739805,0.7500014520700561,0.7500492631651929,0.8660292586205403,0.5302371274992802,3.2962083503383735e-06,9.433211108817875e-06,0.0026513324017453576,-0.00014879306140668752,6.591804490226972e-07,0.002503198520787692,0,0.37878454512061777,,1e-24,599999,0.9959428232797418,0.999997649379652,789,True,0.08869333567787283,1675,True,0.08918554499085975,0.0,,,0.0,,,0.0,,,0.0,,,0.0,,,0.0,,
moment9,10.0,2,128,2048,0.002,0.02,core_N128_s2,7,600000,600000,600000,0,True,600000,0.08663192980476551,0.08725509846166045,0.083098810766474,0.0013633609134634445,0.0006231686568949346,0.7500007063166891,0.7500007098904597,0.7500007098831576,0.7500485130312025,0.8660288255568883,0.5302371274992802,1.5083310892860496e-06,5.977580620061072e-06,0.0007126706733509387,-9.022255451684769e-05,7.205380608297614e-07,0.0006231686568949206,0,0.3663606516346814,,1e-24,599999,0.9737812534817307,0.9999993499838827,154,True,0.08716716214318769,328,True,0.08730335654519839,0.0,,,0.0,,,0.0,,,0.0,,,0.0,,,0.0,,
moment9,100.0,2,128,2048,0.002,0.2,core_N128_s2,7,600000,600000,600000,0,True,600000,0.08663192980476551,0.08666285569454515,0.08234135963159946,0.001354107120227268,3.092588977963995e-05,0.7500003630697951,0.7500003639334218,0.7500003639292263,0.750048167323194,0.8660286259743748,0.5302371274992802,9.700027627686266e-07,1.881541593911692e-06,9.157219648330376e-05,-6.0820865212993336e-05,1.7455850931751148e-07,3.092588977962791e-05,0,0.36288665389479624,,1e-24,599999,0.7520224628142309,0.9999979750144985,17,True,0.08668580637392075,35,True,0.08669946179931717,0.0,,,0.0,,,0.0,,,0.0,,,0.0,,,0.0,,
sine,0.0001,4,128,2048,0.002,2.0000000000000002e-07,core_N128_s4,0,600000,600000,600000,0,True,600000,0.0991080614770855,0.09307259255555304,0.10417325863944128,0.0014542592586805163,-0.00603546892153245,0.4240066717946545,0.4240147031494159,0.4240147429906453,0.42400691086301706,0.9208766593447975,0.4016688532962854,0.0006618312593912628,0.0006940677769721173,0.010231912206280516,-0.01626933169529713,1.9505674841614693e-06,-0.006035468921532454,0,0.3991849684730089,,1e-24,599999,0.998993202928985,0.9999994894834304,1849,True,0.09827571221967257,3943,True,0.09839428647661128,0.0,,,0.0,,,0.0,,,0.0,,,0.0,,,0.0,,
sine,0.001,4,128,2048,0.002,2e-06,core_N128_s4,0,600000,600000,600000,0,True,600000,0.0991080614770855,0.09309053178084979,0.10416374254575796,0.001454539559075778,-0.006017529696235702,0.42400618017173697,0.42401423542076383,0.42401427558385724,0.42400641923901167,0.9208761254794389,0.4016688532962854,0.0006621640773688556,0.0006950213565632266,0.010241322411210984,-0.016260707330877075,1.855223430398769e-06,-0.006017529696235696,0,0.3991267381716026,,1e-24,599999,0.9989917331393466,0.9999994896431265,1847,True,0.09827808272763913,3938,True,0.09839760841373077,0.0,,,0.0,,,0.0,,,0.0,,,0.0,,,0.0,,
sine,0.01,4,128,2048,0.002,2e-05,core_N128_s4,0,600000,600000,600000,0,True,600000,0.0991080614770855,0.0932678037914202,0.10406841558861094,0.0014573094342409407,-0.00584025768566529,0.4240011894008535,0.42400948984729603,0.4240095333393127,0.4240014284568824,0.9208707058614498,0.4016688532962854,0.0006654437501389564,0.0007047434493859692,0.01033172085588834,-0.01617414550509752,2.1669635438798836e-06,-0.005840257685665299,0,0.3985499780819217,,1e-24,599999,0.9989770369599938,0.999999501368992,1827,True,0.09830219791438562,3894,True,0.09842970474200646,0.0,,,0.0,,,0.0,,,0.0,,,0.0,,,0.0,,
sine,0.1,4,128,2048,0.002,0.0002,core_N128_s4,0,600000,600000,600000,0,True,600000,0.0991080614770855,0.09502361617726708,0.10311427295037442,0.0014847440027697981,-0.004084445299818412,0.42394454172341833,0.42395593108949925,0.4239560203770243,0.4239447806244646,0.9208091882952348,0.4016688532962854,0.0006948193757848204,0.0008180040801087697,0.011205720932256703,-0.01529119180211684,1.0255700417221693e-06,-0.004084445299818416,0,0.39329029153844747,,1e-24,599999,0.9988302269084669,0.9999996199154306,1650,True,0.0985688276580381,3503,True,0.09866620047014414,0.0,,,0.0,,,0.0,,,0.0,,,0.0,,,0.0,,
sine,1.0,4,128,2048,0.002,0.002,core_N128_s4,0,600000,600000,600000,0,True,600000,0.0991080614770855,0.11056075805114973,0.11043803592176135,0.0017275118445492146,0.011452696574064239,0.4198818186058751,0.4211611044152891,0.4212616115233827,0.4198818798810158,0.9163862503126242,0.4016688532962854,0.002429911431774842,0.009094206127164975,0.01787935419632475,-0.006427129196529357,4.7157426884678604e-07,0.011452696574064246,0,0.7685379219592559,,1e-24,599999,0.9973686520357704,1.0000006647169946,840,True,0.09918164723040476,1755,True,0.0993471077518594,0.0,,,0.0,,,0.0,,,0.0,,,0.0,,,0.0,,
sine,10.0,4,128,2048,0.002,0.02,core_N128_s4,0,600000,600000,600000,0,True,600000,0.0991080614770855,0.13734264669127505,0.0980963891917557,0.0021459788545511727,0.038234585214189556,0.033125378288602327,0.033800186103559414,0.03379510811073335,0.03312545033213478,0.2573925031236721,0.4016688532962854,0.0004608989486900658,0.00803665498451272,0.01604638516345328,0.022188180129596294,1.992113996867528e-08,0.03823458521418954,0,4.706260891504973,304777,1e-24,599999,0.9827991958393364,0.9999991619578658,142,True,0.09916461429044568,295,True,0.09920255296907687,0.011299435028248588,,,0.005649717514124294,,,0.0,,,0.005649717514124294,,,0.0,,,0.0,,
sine,100.0,4,128,2048,0.002,0.2,core_N128_s4,0,600000,600000,600000,0,True,600000,0.0991080614770855,0.13167670175348947,0.10600078440572,0.002057448464898273,0.03256864027640398,0.01102108328326874,0.010780152570171606,0.010495566229914776,0.011017606571432623,0.1484426257611514,0.4016688532962854,0.07225605513568849,0.06942836084123238,0.025919272614260715,0.006649366176405277,1.4857379795108424e-09,0.03256864027640398,34093,3.6493798299795044,135591,1e-24,599999,-0.00635390771509005,0.9999982564516817,15,True,0.09911418153864483,30,True,0.09911831925009107,0.011299435028248588,,,0.0,,,0.0,,,0.0,,,0.0,,,0.0,,
runge,0.0001,4,128,2048,0.002,2.0000000000000002e-07,core_N128_s4,0,600000,600000,600000,0,True,600000,0.0991080614770855,0.19848079823875608,0.07929185342690195,0.003101262472480564,0.09937273676167059,0.024434039701178405,0.02467626790166256,0.024675905468757014,0.02443402118916551,0.3950408654735992,0.15800780581544902,0.00027475993977926224,0.015200227591569216,-0.0001972567099068106,0.09956987617765677,1.1729392063443528e-07,0.09937273676167058,0,2.5539097902589245,258277,1e-24,599999,0.9983639556973002,0.9999997011766965,1500,True,0.0985224712776334,3649,True,0.09849529621832909,0.04519774011299435,,,0.0,,,0.0,,,0.0,,,0.0,,,0.0,,
runge,0.001,4,128,2048,0.002,2e-06,core_N128_s4,0,600000,600000,600000,0,True,600000,0.0991080614770855,0.19761928821584798,0.07923811472145972,0.0030878013783726247,0.09851122673876249,0.024246987888224686,0.024493945951308438,0.024493606587828756,0.024246968849937284,0.39352586141117457,0.15800780581544902,0.00027935370628245286,0.01532703496517063,-0.0002335266402562818,0.09874466558481276,8.779420599406606e-08,0.09851122673876248,0,2.5653717242566074,257608,1e-24,599999,0.9983615388542197,0.9999997346528849,1499,True,0.09852317119717932,3644,True,0.09849614723594312,0.04519774011299435,,,0.0,,,0.0,,,0.0,,,0.0,,,0.0,,
runge,0.01,4,128,2048,0.002,2e-05,core_N128_s4,0,600000,600000,600000,0,True,600000,0.0991080614770855,0.19106855383895144,0.08165926002579188,0.0029854461537336162,0.09196049236186594,0.02281923928873391,0.023099991061324914,0.023099768404615327,0.022819216408769667,0.3817639491020693,0.15800780581544902,0.0003102290984012056,0.016406454503089425,-0.00044013939849259226,0.09240048477341245,1.4698694613905373e-07,0.09196049236186599,0,2.679208777273405,251544,1e-24,599999,0.9983373672174998,0.9999998812860602,1483,True,0.09853062079648305,3603,True,0.09850470767525396,0.04519774011299435,,,0.0,,,0.0,,,0.0,,,0.0,,,0.0,,
runge,0.1,4,128,2048,0.002,0.0002,core_N128_s4,0,600000,600000,600000,0,True,600000,0.0991080614770855,0.16906804822271942,0.08903805111526304,0.002641688253479991,0.06995998674563393,0.014821719170242763,0.015329587092729668,0.015328869360688412,0.01482167160642446,0.30767566243339595,0.15800780581544902,0.0004939791207675241,0.02459609803679627,-0.0006287210045505002,0.07058865969321804,4.805696638819413e-08,0.06995998674563393,0,3.6554874100164114,217965,1e-24,599999,0.9980953733684103,1.0000003088932288,1340,True,0.0985950118536487,3233,True,0.09857814446638591,0.02824858757062147,,,0.0,,,0.0,,,0.0,,,0.0,,,0.0,,
runge,1.0,4,128,2048,0.002,0.002,core_N128_s4,0,600000,600000,600000,0,True,600000,0.0991080614770855,0.1459881816902349,0.10076376911844828,0.00228106533890992,0.0468801202131494,0.0032758484147474816,0.0034460058413905144,0.00344379637403029,0.003275832457947583,0.14464565479984784,0.15800780581544902,0.0001648511684072013,0.031157588532610456,0.0003325707326157229,0.04654752618245433,2.329807933856683e-08,0.04688012021314939,0,4.398599137125404,149856,1e-24,599999,0.9956645623116274,0.9999991416474778,682,True,0.09884980048263271,1604,True,0.09884687421946539,0.011299435028248588,,,0.0,,,0.0,,,0.005649717514124294,,,0.0,,,0.0,,
runge,10.0,4,128,2048,0.002,0.02,core_N128_s4,0,600000,600000,600000,0,True,600000,0.0991080614770855,0.140344151349035,0.10804331531614007,0.002192877364828672,0.0412360898719495,0.0032474722412557397,0.003300696131769319,0.003300520932995519,0.0032474700659422913,0.14401811731211359,0.15800780581544902,7.690492704382909e-05,0.01727354906505066,0.0009753339574727227,0.0402607538042198,2.1102569783945523e-09,0.0412360898719495,0,3.675030851415845,196209,1e-24,599999,0.971289778554351,0.9999995009411785,115,True,0.09907083451506023,265,True,0.09907153528448731,0.01694915254237288,,,0.0,,,0.0,,,0.0,,,0.0,,,0.0,,
runge,100.0,4,128,2048,0.002,0.2,core_N128_s4,0,600000,600000,600000,0,True,600000,0.0991080614770855,0.13175615609245342,0.10647655009474137,0.0020586899389445847,0.032648094615367926,0.003797987998447121,0.0038702629925642783,0.0038699462422610194,0.003797984903981101,0.15574753006031727,0.15800780581544902,2.357918027013376e-05,0.021126756114876123,-0.00020118887279780708,0.03284928308411168,4.0405405907166586e-10,0.03264809461536793,0,3.344615036123975,144329,1e-24,599999,0.7274927435115273,0.9999998943579654,12,True,0.09910396313661118,27,True,0.09910407998739776,0.011299435028248588,,,0.0,,,0.0,,,0.0,,,0.0,,,0.0,,
moment3,0.0001,4,128,2048,0.002,2.0000000000000002e-07,core_N128_s4,0,600000,600000,600000,0,True,600000,0.0991080614770855,0.25688055762388406,0.15085758909148103,0.0040137587128731885,0.15777249614679856,0.4483412967417575,0.450891622016341,0.45089905805446195,0.4483428709016728,0.6695830280449752,0.33815161560763474,0.004211928211259985,0.010884279231899626,0.16309247309300734,-0.005321319699789028,1.3427535802626169e-06,0.15777249614679856,0,4.662064298150765,275262,1e-24,599999,0.9988667670821965,0.9999989860254608,1879,True,0.10274463514635848,6688,True,0.10292184249298333,0.02824858757062147,,,0.022598870056497175,,,0.0,,,0.02824858757062147,,,0.0,,,0.0,,
moment3,0.001,4,128,2048,0.002,2e-06,core_N128_s4,0,600000,600000,600000,0,True,600000,0.0991080614770855,0.2741055304658053,0.1724125791648038,0.004282898913528208,0.17499746898871982,0.3595290318808282,0.3640490262861044,0.3640229935309424,0.35953024612402257,0.5996074480952215,0.33815161560763474,0.005778662217373933,0.00966986778507841,0.1944220505600296,-0.019425619184239098,1.0376129293729812e-06,0.17499746898871985,0,4.8392693944239324,274681,1e-24,599999,0.9988651827388503,0.999999107445066,1877,True,0.1027417990750343,6666,True,0.10291939868502473,0.02824858757062147,,,0.022598870056497175,,,0.0,,,0.02824858757062147,,,0.0,,,0.0,,
moment3,0.01,4,128,2048,0.002,2e-05,core_N128_s4,0,600000,600000,600000,0,True,600000,0.0991080614770855,0.3217458912289841,0.2730584579552313,0.005027279550452877,0.2226378297518986,0.16443371619300443,0.1666814186076697,0.1666682314768277,0.16443453346375375,0.4055046307108914,0.33815161560763474,0.007606318901167305,0.01016331539495066,0.32488789945306007,-0.10225149186679716,1.4221656357578665e-06,0.2226378297518986,0,4.58912719871283,269481,1e-24,599999,0.9988493275952606,0.9999987072174891,1854,True,0.10271133261500105,6461,True,0.10289366817172817,0.02824858757062147,,,0.01694915254237288,,,0.0,,,0.022598870056497175,,,0.0,,,0.0,,
moment3,0.1,4,128,2048,0.002,0.0002,core_N128_s4,0,600000,600000,600000,0,True,600000,0.0991080614770855,0.33226798902823257,0.31480975809207334,0.005191687328566134,0.23315992755114706,0.031717756100811546,0.032712371316682864,0.0326943574232437,0.03171806781118042,0.17809538449020837,0.33815161560763474,0.003091059253498748,0.009975510077410247,0.36636378239697776,-0.13320521371750077,1.3588716701117065e-06,0.23315992755114706,0,5.000769094446877,238979,1e-24,599999,0.9986897467176106,0.9999985406005681,1657,True,0.10243545921700463,5131,True,0.10270474299905598,0.022598870056497175,,,0.0,,,0.0,,,0.01694915254237288,,,0.0,,,0.0,,
moment3,1.0,4,128,2048,0.002,0.002,core_N128_s4,0,600000,600000,600000,0,True,600000,0.0991080614770855,0.2668188031647744,0.2631837764955288,0.0041690437994496,0.1677107416876889,0.00494368772052849,0.005009838474359236,0.00500957294337767,0.004943770906919002,0.07031184135250658,0.33815161560763474,0.0003094583949553998,0.009492704063581648,0.23658085106575402,-0.06887048380176608,3.744237010190696e-07,0.16771074168768893,0,3.786448359746923,157039,1e-24,599999,0.997050571574239,0.9999982666800674,825,True,0.10104701632697805,2047,True,0.10128309153757487,0.01694915254237288,,,0.0,,,0.0,,,0.0,,,0.0,,,0.0,,
moment3,10.0,4,128,2048,0.002,0.02,core_N128_s4,0,600000,600000,600000,0,True,600000,0.0991080614770855,0.1870565190473097,0.19386262542588448,0.002922758110114214,0.0879484575702242,0.008129642146663162,0.008208496797573945,0.008208334946114011,0.00812972118145502,0.09016482174362822,0.33815161560763474,0.00016887030606579136,0.002846380453698621,0.1384945438217376,-0.050546226198043526,1.3994653012534718e-07,0.08794845757022421,0,2.253324856406202,73378,1e-24,599999,0.9803611868419544,0.9999983139576536,141,True,0.09949117031996443,324,True,0.09954659517348713,0.01694915254237288,,,0.0,,,0.0,,,0.0,,,0.0,,,0.0,,
moment3,100.0,4,128,2048,0.002,0.2,core_N128_s4,0,600000,600000,600000,0,True,600000,0.0991080614770855,0.14849650878708376,0.1555511863747558,0.0023202579497981837,0.049388447309998265,0.005980935081371968,0.006234809510325029,0.0062144389878711626,0.005981192618779075,0.07733804636451386,0.33815161560763474,0.04981065455241553,0.10901124421581995,0.07184298201289471,-0.022454536032239042,1.3293425990703177e-09,0.049388447309998265,65853,1.576767791526688,29571,1e-24,599999,-0.0055420133152654346,0.9999978781311353,15,True,0.09914840975254299,33,True,0.09915375868010935,0.0,,,0.0,,,0.0,,,0.0,,,0.0,,,0.0,,
moment5,0.0001,4,128,2048,0.002,2.0000000000000002e-07,core_N128_s4,0,600000,600000,600000,0,True,600000,0.0991080614770855,0.10371068943286331,0.10288408400147883,0.0016204795223884892,0.004602627955777816,0.7499954628086951,0.7499954768093092,0.749995476806461,0.7500046974405896,0.866023080704753,0.33815161560763485,9.321025365635593e-06,2.018568115289293e-05,0.004281155013351603,0.00032017336418036185,1.2995782458663847e-06,0.00460262795577783,0,0.38685371485825315,,1e-24,599999,0.9988727044184069,0.999999033406786,1807,True,0.10282935976750986,3703,True,0.10342740348289378,0.0,,,0.0,,,0.0,,,0.0,,,0.0,,,0.0,,
moment5,0.001,4,128,2048,0.002,2e-06,core_N128_s4,0,600000,600000,600000,0,True,600000,0.0991080614770855,0.10370718429910204,0.10284450873257876,0.0016204247546734694,0.004599122822016549,0.7499954654939582,0.7499954794817048,0.7499954794788548,0.7500047001191325,0.8660230822511965,0.33815161560763485,9.312990817010332e-06,2.0174366927535485e-05,0.004278069098756961,0.00032004803500505807,1.0056882545112502e-06,0.0045991228220165275,0,0.386821545696976,,1e-24,599999,0.9988711268146858,0.9999989575016466,1805,True,0.10282624286517576,3698,True,0.10342404845507097,0.0,,,0.0,,,0.0,,,0.0,,,0.0,,,0.0,,
moment5,0.01,4,128,2048,0.002,2e-05,core_N128_s4,0,600000,600000,600000,0,True,600000,0.0991080614770855,0.10367219078537042,0.10327465594602035,0.0016198779810214128,0.0045641293082849255,0.7499954920608682,0.7499955059218334,0.7499955059189659,0.7500047266195611,0.8660230975510891,0.33815161560763485,9.233721550702899e-06,2.006264678043074e-05,0.004244454249773907,0.00031880342439803206,8.716341129755553e-07,0.004564129308284914,0,0.38650346539430513,,1e-24,599999,0.9988553389234267,0.9999989740162766,1783,True,0.10279330433523026,3652,True,0.10339080463150645,0.0,,,0.0,,,0.0,,,0.0,,,0.0,,,0.0,,
moment5,0.1,4,128,2048,0.002,0.0002,core_N128_s4,0,600000,600000,600000,0,True,600000,0.0991080614770855,0.10333129735999055,0.10179021173011131,0.0016145515212498524,0.00422323588290506,0.749995732015563,0.7499957447758574,0.7499957447728788,0.7500049659750552,0.8660232357417982,0.33815161560763485,8.535310701308869e-06,1.9072615773226733e-05,0.003915180673034692,0.00030719663346090133,8.585764094676137e-07,0.004223235882905061,0,0.3836444767093042,,1e-24,599999,0.9986964172129472,0.9999989994657007,1597,True,0.10251681337436724,3257,True,0.10306615647207397,0.0,,,0.0,,,0.0,,,0.0,,,0.0,,,0.0,,
moment5,1.0,4,128,2048,0.002,0.002,core_N128_s4,0,600000,600000,600000,0,True,600000,0.0991080614770855,0.10160274324457093,0.10548269358130331,0.0015875428631964208,0.002494681767485435,0.7499968877513614,0.7499968963845457,0.7499968963815221,0.7500061188898608,0.8660239013711419,0.33815161560763485,5.515848353961475e-06,1.4846976895564857e-05,0.002249342392993851,0.0002451103719758805,2.290025157047727e-07,0.002494681767485437,0,0.3698608183093808,,1e-24,599999,0.9970631203820572,0.9999992094936836,802,True,0.10108295448405093,1625,True,0.10140652093352207,0.0,,,0.0,,,0.0,,,0.0,,,0.0,,,0.0,,
moment5,10.0,4,128,2048,0.002,0.02,core_N128_s4,0,600000,600000,600000,0,True,600000,0.0991080614770855,0.09970291727123697,0.10701085876539877,0.0015578580823630776,0.000594855794151472,0.7499977808531273,0.7499977883601945,0.7499977883523595,0.7500070096343925,0.8660244156374967,0.33815161560763485,3.0199981298568443e-06,1.1458960855030123e-05,0.0004049490758453082,0.00018981292336097834,9.379494520098292e-08,0.0005948557941514876,0,0.3564367224903233,,1e-24,599999,0.9804259674642879,0.9999996771194634,139,True,0.09949842157438117,282,True,0.09956580821170453,0.0,,,0.0,,,0.0,,,0.0,,,0.0,,,0.0,,
moment5,100.0,4,128,2048,0.002,0.2,core_N128_s4,0,600000,600000,600000,0,True,600000,0.0991080614770855,0.09932980732524917,0.10527113436751899,0.0015520282394570182,0.0002217458481636736,0.7499973575548493,0.7499973691357206,0.7499973691353985,0.7500065868835444,0.8660241715647059,0.33815161560763485,2.198288160822343e-06,1.064191983386e-05,-9.458968846335244e-07,0.00022269174504833123,-3.1404989280775364e-17,0.00022174584816366633,0,0.3546066386665147,,1e-24,599999,0.8138036487201731,0.9999989229618087,14,True,0.09914825873145766,29,True,0.09915574526809548,0.0,,,0.0,,,0.0,,,0.0,,,0.0,,,0.0,,
moment9,0.0001,4,128,2048,0.002,2.0000000000000002e-07,core_N128_s4,0,600000,600000,600000,0,True,600000,0.0991080614770855,0.10328357933977372,0.10260571075494433,0.0016138059271839644,0.00417551786268823,0.750002841262079,0.7500028502190594,0.7500028502102256,0.750050667483142,0.8660300693538632,0.338151615607635,8.627852385550163e-06,1.5742759621045857e-05,0.004485810030362236,-0.0003115413363629299,1.2491686889319736e-06,0.00417551786268824,0,0.3868312628286158,,1e-24,599999,0.9988726843427747,0.9999984794377793,1807,True,0.10282852514159936,3706,True,0.10342549700034596,0.0,,,0.0,,,0.0,,,0.0,,,0.0,,,0.0,,
moment9,0.001,4,128,2048,0.002,2e-06,core_N128_s4,0,600000,600000,600000,0,True,600000,0.0991080614770855,0.10328052996939466,0.10256206917085316,0.0016137582807717915,0.004172468492309164,0.7500028382078431,0.7500028471575282,0.7500028471486989,0.750050664407766,0.8660300675784045,0.338151615607635,8.617886528268941e-06,1.573438364852931e-05,0.004482694898466793,-0.00031127269712005013,1.0462909624421335e-06,0.004172468492309183,0,0.38679911222638336,,1e-24,599999,0.9988711067204057,0.9999985582937884,1805,True,0.1028254098608663,3701,True,0.10342214747955306,0.0,,,0.0,,,0.0,,,0.0,,,0.0,,,0.0,,
moment9,0.01,4,128,2048,0.002,2e-05,core_N128_s4,0,600000,600000,600000,0,True,600000,0.0991080614770855,0.10325001456610813,0.10255792303589316,0.0016132814775954396,0.00414195308902264,0.7500028080977386,0.7500028169752477,0.750002816966463,0.7500506340884742,0.8660300500746411,0.338151615607635,8.51952400177483e-06,1.5651434540385957e-05,0.0044496614689797835,-0.00030862181809857746,9.134381414401099e-07,0.004141953089022646,0,0.38648121605564756,,1e-24,599999,0.9988553186406507,0.9999984723524524,1783,True,0.10279248870451112,3656,True,0.10338903542524917,0.0,,,0.0,,,0.0,,,0.0,,,0.0,,,0.0,,
moment9,0.1,4,128,2048,0.002,0.0002,core_N128_s4,0,600000,600000,600000,0,True,600000,0.0991080614770855,0.1029471091305666,0.10292957773567919,0.001608548580165103,0.0038390476534811008,0.7500025450531104,0.7500025532815656,0.7500025532732026,0.7500503691541873,0.8660298971242512,0.338151615607635,7.652783788580841e-06,1.4897170497690029e-05,0.004123458035783502,-0.000285264832400034,8.544500976483521e-07,0.003839047653481117,0,0.3836239294421183,,1e-24,599999,0.9986963951063119,0.9999985284897888,1597,True,0.10251610336185685,3260,True,0.10306471778523162,0.0,,,0.0,,,0.0,,,0.0,,,0.0,,,0.0,,
moment9,1.0,4,128,2048,0.002,0.002,core_N128_s4,0,600000,600000,600000,0,True,600000,0.0991080614770855,0.1013212891246327,0.10524827848797073,0.001583145142572386,0.0022132276475472085,0.7500014850638725,0.7500014904561393,0.7500014904497239,0.7500493001981277,0.8660292800002056,0.338151615607635,4.138297163931146e-06,1.1173958702494044e-05,0.002398889847470695,-0.00018590524470300988,2.4304477952488833e-07,0.00221322764754721,0,0.36984929681266976,,1e-24,599999,0.9970630833618724,0.9999989818505277,802,True,0.10108268862144795,1626,True,0.10140599856256234,0.0,,,0.0,,,0.0,,,0.0,,,0.0,,,0.0,,
moment9,10.0,4,128,2048,0.002,0.02,core_N128_s4,0,600000,600000,600000,0,True,600000,0.0991080614770855,0.09949592049279272,0.10702219471656799,0.0015546237576998863,0.00038785901570723147,0.750000673703285,0.7500006775033733,0.7500006774932753,0.7500484809961587,0.8660288070625702,0.338151615607635,1.7602056528288557e-06,6.31937767516608e-06,0.0004954319116337599,-0.00010766673068210255,9.38347555667632e-08,0.0003878590157072241,0,0.3564346050834697,,1e-24,599999,0.9804258114487853,0.9999993904622015,139,True,0.09949838656582952,282,True,0.09956572654837674,0.0,,,0.0,,,0.0,,,0.0,,,0.0,,,0.0,,
moment9,100.0,4,128,2048,0.002,0.2,core_N128_s4,0,600000,600000,600000,0,True,600000,0.0991080614770855,0.09911391468970014,0.10530458155778649,0.0015486549170265647,5.853212614648218e-06,0.7500003848612338,0.7500003855349496,0.75000038553331,0.7500481898930237,0.8660286390042835,0.338151615607635,1.0857727222597837e-06,1.844132841591041e-06,7.381267395787065e-05,-6.795946134293279e-05,-2.936175203468052e-16,5.8532126146442435e-06,0,0.35374616508261114,,1e-24,599999,0.8138023332314419,0.9999973680353766,14,True,0.09914825545926777,29,True,0.09915573736809372,0.0,,,0.0,,,0.0,,,0.0,,,0.0,,,0.0,,
sine,0.0001,4,128,2048,0.002,2.0000000000000002e-07,core_N128_s4,1,600000,600000,600000,0,True,600000,0.0991080614770855,0.09851564148336715,0.10735249624154562,0.0015393068981776118,-0.0005924199937183405,0.42400885573151803,0.4240088557315182,0.42400885573151803,0.42400909623494915,0.9208790324846681,0.40467857645037747,7.225450768958485e-16,8.792767827884989e-16,-0.0005941299503346123,9.112164957372571e-20,1.7099566162792766e-06,-0.0005924199937183329,211,0.406377125525903,,1e-24,18477,-2419.4979916448597,0.9993626493629463,1765,True,0.09829731876881723,3590,True,0.09849298385446015,0.0,,,0.0,,,0.0,,,0.0,,,0.0,,,0.0,,
sine,0.001,4,128,2048,0.002,2e-06,core_N128_s4,1,600000,600000,600000,0,True,600000,0.0991080614770855,0.09851858276579119,0.10740345928776573,0.0015393528557154873,-0.0005894787112943056,0.42400885573151803,0.4240088557315182,0.42400885573151803,0.4240090962349491,0.920879032484668,0.40467857645037747,7.225259391918844e-16,8.79296108957246e-16,-0.0005915918599981024,8.7496496512402e-20,2.1131487037808398e-06,-0.000589478711294321,219,0.40631199751125685,,1e-24,18456,-2776.346351035285,0.9993623820851407,1763,True,0.09830006349650199,3586,True,0.09849583952682554,0.0,,,0.0,,,0.0,,,0.0,,,0.0,,,0.0,,
sine,0.01,4,128,2048,0.002,2e-05,core_N128_s4,1,600000,600000,600000,0,True,600000,0.0991080614770855,0.09854705887801138,0.10753558556222345,0.0015397977949689278,-0.0005610025990741146,0.42400885573151803,0.4240088557315182,0.42400885573151803,0.4240090962349492,0.9208790324846681,0.40467857645037747,1.4928646488460873e-15,1.817606419622019e-15,-0.0005626540867548544,8.916684034905692e-20,1.6514876807177384e-06,-0.0005610025990741367,229,0.4056669309109344,,1e-24,18251,-2090.6312018817302,0.999355792061973,1745,True,0.09832806139303644,3547,True,0.09852349748500183,0.0,,,0.0,,,0.0,,,0.0,,,0.0,,,0.0,,
sine,0.1,4,128,2048,0.002,0.0002,core_N128_s4,1,600000,600000,600000,0,True,600000,0.0991080614770855,0.09876461890947447,0.10869870566506004,0.0015431971704605385,-0.000343442567611027,0.42400885573151803,0.4240088557315182,0.42400885573151803,0.4240090962349492,0.9208790324846681,0.40467857645037747,3.2014347589341074e-16,2.9372815182378353e-16,-0.0003449997428158666,5.555658465279467e-20,1.5571752048564468e-06,-0.0003434425676110101,194,0.3997856679733088,,1e-24,16445,-1736.9586218341067,0.9992859808144646,1577,True,0.09858931348595132,3198,True,0.09874062738504581,0.0,,,0.0,,,0.0,,,0.0,,,0.0,,,0.0,,
sine,1.0,4,128,2048,0.002,0.002,core_N128_s4,1,600000,600000,600000,0,True,600000,0.0991080614770855,0.09938262821880138,0.10514968319513805,0.0015528535659187716,0.000274566741715887,0.42400885573151803,0.4240088557315182,0.42400885573151803,0.4240090962349491,0.920879032484668,0.40467857645037747,5.773567648897691e-16,7.111444184252145e-16,0.0002735915273938913,-4.92045510973199e-20,9.752143220090904e-07,0.00027456674171590036,84,0.3701648834259468,,1e-24,8447,-817.4286034191938,0.9985946418851605,807,True,0.09917405859214978,1628,True,0.09936061360361267,0.0,,,0.0,,,0.0,,,0.0,,,0.0,,,0.0,,
sine,10.0,4,128,2048,0.002,0.02,core_N128_s4,1,600000,600000,600000,0,True,600000,0.0991080614770855,0.09920583179837632,0.10472513757475699,0.00155009112184963,9.77703212908243e-05,0.42400885573151803,0.4240088557315182,0.42400885573151803,0.4240090962349491,0.920879032484668,0.40467857645037747,4.813507099265787e-17,5.972054936371149e-17,9.777032129144106e-05,-1.422831915175692e-20,-6.103081612077516e-16,9.777032129083074e-05,9,0.3534229421486277,,1e-24,1502,-96.17144382576917,0.9918731589378369,137,True,0.09916094407145697,278,True,0.09920100674678148,0.0,,,0.0,,,0.0,,,0.0,,,0.0,,,0.0,,
sine,100.0,4,128,2048,0.002,0.2,core_N128_s4,1,600000,600000,600000,0,True,600000,0.0991080614770855,0.09911849215850503,0.1057153545580165,0.0015487264399766411,1.0430681419537624e-05,0.42400885573151803,0.4240088557315182,0.42400885573151803,0.4240090962349491,0.920879032484668,0.40467857645037747,4.813507099265787e-17,5.980694020246756e-17,1.043068141951579e-05,-1.2410653524022646e-21,-1.4881575151500323e-18,1.0430681419514297e-05,0,0.3534229421486277,,1e-24,158,0.0,0.924863109203417,14,True,0.09911329633056373,28,True,0.09911791737508935,0.0,,,0.0,,,0.0,,,0.0,,,0.0,,,0.0,,
runge,0.0001,4,128,2048,0.002,2.0000000000000002e-07,core_N128_s4,1,600000,600000,600000,0,True,600000,0.0991080614770855,0.09837114997324023,0.10247539412888847,0.0015370492183318786,-0.0007369115038452639,0.08112165787093162,0.08112165787093162,0.08112165787093162,0.08112165917268119,0.7198018579373807,0.158117235835436,2.7790576632497007e-16,3.8869493426670205e-17,-0.0007370499923373256,1.1799785188026134e-19,1.3848849206605552e-07,-0.0007369115038452593,393,0.35497602251972915,,1e-24,17425,-7337990.589862677,0.9993539518757437,1458,True,0.09847087830081093,3283,True,0.09838060236288569,0.0,,,0.0,,,0.0,,,0.0,,,0.0,,,0.0,,
runge,0.001,4,128,2048,0.002,2e-06,core_N128_s4,1,600000,600000,600000,0,True,600000,0.0991080614770855,0.09837197592373675,0.10248774002016542,0.0015370621238083868,-0.0007360855533487393,0.08112165787093162,0.08112165787093162,0.08112165787093162,0.08112165917268119,0.7198018579373807,0.158117235835436,2.777335871098459e-16,2.7701682253136122e-17,-0.0007361947107004981,1.1813660958010505e-19,1.091573517696041e-07,-0.0007360855533487285,921,0.35497359930952815,,1e-24,17407,-9537013.702173213,0.9993641643035077,1457,True,0.09847162243330937,3280,True,0.0983815989611546,0.0,,,0.0,,,0.0,,,0.0,,,0.0,,,0.0,,
runge,0.01,4,128,2048,0.002,2e-05,core_N128_s4,1,600000,600000,600000,0,True,600000,0.0991080614770855,0.09838168541288998,0.10260967351254041,0.001537213834576406,-0.0007263760641955108,0.08112165787093162,0.08112165787093162,0.08112165787093162,0.08112165917268119,0.7198018579373807,0.158117235835436,2.8396992408552963e-16,1.6730534624260514e-16,-0.0007264722412755294,1.1395707848568907e-19,9.617708001040159e-08,-0.0007263760641955188,1388,0.3549497639889595,,1e-24,17228,-13301973.28095372,0.9993606627693186,1442,True,0.09847959684236784,3245,True,0.09839147797505572,0.0,,,0.0,,,0.0,,,0.0,,,0.0,,,0.0,,
runge,0.1,4,128,2048,0.002,0.0002,core_N128_s4,1,600000,600000,600000,0,True,600000,0.0991080614770855,0.09846872590607829,0.1025995577543584,0.0015385738422824733,-0.0006393355710072046,0.0811216578709316,0.08112165787093159,0.0811216578709316,0.08112165917268119,0.7198018579373807,0.158117235835436,7.376901802011019e-16,1.5134087787093757e-15,-0.0006394135955157449,1.0153895239070259e-19,7.802450854079905e-08,-0.0006393355710072037,1788,0.3547464964439922,,1e-24,15627,-13407128.571615078,0.9992947238217317,1304,True,0.09854914574370247,2936,True,0.09847669976019488,0.0,,,0.0,,,0.0,,,0.0,,,0.0,,,0.0,,
runge,1.0,4,128,2048,0.002,0.002,core_N128_s4,1,600000,600000,600000,0,True,600000,0.0991080614770855,0.09879539073519403,0.10450396538771273,0.0015436779802374067,-0.00031267074189146593,0.08112165787093162,0.08112165787093162,0.08112165787093162,0.08112165917268119,0.7198018579373807,0.158117235835436,3.910600931677961e-16,1.2271740541390656e-16,-0.00031267902686798376,4.9952832569886605e-20,8.284976527635353e-09,-0.0003126707418914561,1114,0.35399243630035504,,1e-24,8133,-12094411.354589636,0.9986262529649619,667,True,0.09882600797393278,1504,True,0.09879735159943347,0.0,,,0.0,,,0.0,,,0.0,,,0.0,,,0.0,,
runge,10.0,4,128,2048,0.002,0.02,core_N128_s4,1,600000,600000,600000,0,True,600000,0.0991080614770855,0.09906308821688302,0.10606759126682368,0.0015478607533887972,-4.4973260202474385e-05,0.0811216578709316,0.08112165787093159,0.0811216578709316,0.08112165917268119,0.7198018579373807,0.158117235835436,1.3779250806767815e-16,3.5179468594767393e-16,-4.497326020274026e-05,6.410858546187472e-21,2.7754174427147527e-16,-4.4973260202462696e-05,215,0.3535108357424863,,1e-24,1429,-10494533.550443925,0.9919270777519434,113,True,0.09906691754179855,255,True,0.0990634115320077,0.0,,,0.0,,,0.0,,,0.0,,,0.0,,,0.0,,
runge,100.0,4,128,2048,0.002,0.2,core_N128_s4,1,600000,600000,600000,0,True,600000,0.0991080614770855,0.09910321337312737,0.10547320933253763,0.0015484877089551152,-4.84810395812163e-06,0.0811216578709316,0.08112165787093159,0.0811216578709316,0.08112165917268119,0.7198018579373807,0.158117235835436,9.937184380543133e-18,2.7717839383853674e-17,-4.848103958144902e-06,8.405017492114033e-22,2.350187154815161e-17,-4.848103958121398e-06,17,0.3534361164539721,,1e-24,150,-1063812.915293036,0.9249169727648252,12,True,0.09910352671197589,26,True,0.09910323975569554,0.0,,,0.0,,,0.0,,,0.0,,,0.0,,,0.0,,
moment3,0.0001,4,128,2048,0.002,2.0000000000000002e-07,core_N128_s4,1,600000,600000,600000,0,True,600000,0.0991080614770855,0.10337823738751781,0.10322890194197114,0.0016152849591799657,0.004270175910432314,0.7500000000000001,0.7500000000000001,0.7500000000000001,0.7500023469397121,0.8660253685498189,0.3350920253899746,1.0470145974827646e-15,9.255769915686417e-16,0.00426902502249982,-6.842565476595109e-19,1.1508879325032144e-06,0.004270175910432323,2518,0.3889657029992691,,1e-24,18301,-108700685.52990508,0.9993677009041564,1739,True,0.10272323471674583,3564,True,0.10331274830508627,0.0,,,0.0,,,0.0,,,0.0,,,0.0,,,0.0,,
moment3,0.001,4,128,2048,0.002,2e-06,core_N128_s4,1,600000,600000,600000,0,True,600000,0.0991080614770855,0.10337483687304602,0.10325418070541695,0.001615231826141344,0.004266775395960529,0.7500000000000001,0.7500000000000001,0.7500000000000001,0.7500023469397121,0.8660253685498189,0.3350920253899746,1.0470145974827646e-15,9.256371093009005e-16,0.004265744368418512,-6.764829990530478e-19,1.0310275420160618e-06,0.004266775395960526,2456,0.38893178461849,,1e-24,18278,-108160980.01417458,0.9993670529931025,1737,True,0.10272000199758273,3560,True,0.1033093910517587,0.0,,,0.0,,,0.0,,,0.0,,,0.0,,,0.0,,
moment3,0.01,4,128,2048,0.002,2e-05,core_N128_s4,1,600000,600000,600000,0,True,600000,0.0991080614770855,0.10334090510288498,0.10322681288423606,0.0016147016422325777,0.004232843625799482,0.7500000000000001,0.7500000000000001,0.7500000000000001,0.7500023469397121,0.8660253685498189,0.3350920253899746,1.9741612805733594e-15,1.8083536022700755e-15,0.0042321723927833425,-6.688916350648982e-19,6.712330161433094e-07,0.004232843625799486,2320,0.38859636635809125,,1e-24,18050,-82408184.95839787,0.9993591772330521,1717,True,0.10268756486746992,3516,True,0.10327551137490468,0.0,,,0.0,,,0.0,,,0.0,,,0.0,,,0.0,,
moment3,0.1,4,128,2048,0.002,0.0002,core_N128_s4,1,600000,600000,600000,0,True,600000,0.0991080614770855,0.10301160864357081,0.10165896459818063,0.001609556385055794,0.003903547166485319,0.7500000000000001,0.7500000000000001,0.7500000000000001,0.7500023469397121,0.8660253685498189,0.3350920253899746,1.8200549442964198e-16,1.3306179276981874e-16,0.0039025858662103835,-6.258542846974724e-19,9.613002749299797e-07,0.003903547166485312,2258,0.38557821275961285,,1e-24,16091,-105339001.83582541,0.9992799307310535,1539,True,0.1024371223596575,3139,True,0.10294906631940132,0.0,,,0.0,,,0.0,,,0.0,,,0.0,,,0.0,,
moment3,1.0,4,128,2048,0.002,0.002,core_N128_s4,1,600000,600000,600000,0,True,600000,0.0991080614770855,0.10138090625985001,0.10587305028917544,0.0015840766603101564,0.002272844782764516,0.7500000000000001,0.7500000000000001,0.7500000000000001,0.7500023469397121,0.8660253685498189,0.3350920253899746,2.220446049250313e-16,0.0,0.002272217824506855,-3.655075449768189e-19,6.269582576535299e-07,0.0022728447827645086,1249,0.37095663310348187,,1e-24,8118,-96469440.99822366,0.9985502096596424,776,True,0.10103506463550344,1571,True,0.10134559227992021,0.0,,,0.0,,,0.0,,,0.0,,,0.0,,,0.0,,
moment3,10.0,4,128,2048,0.002,0.02,core_N128_s4,1,600000,600000,600000,0,True,600000,0.0991080614770855,0.09956138910726535,0.10725662182235422,0.001555646704801021,0.0004533276301798561,0.7500000000000001,0.7500000000000001,0.7500000000000001,0.7500023469397121,0.8660253685498189,0.3350920253899746,5.551115123125783e-17,0.0,0.00045305617501888694,-6.9108031939216e-20,2.714551609798481e-07,0.00045332763017986674,221,0.35664150331458944,,1e-24,1475,-54873796.46930783,0.9917946817281746,134,True,0.0994877288656217,274,True,0.09955386988399884,0.0,,,0.0,,,0.0,,,0.0,,,0.0,,,0.0,,
moment3,100.0,4,128,2048,0.002,0.2,core_N128_s4,1,600000,600000,600000,0,True,600000,0.0991080614770855,0.09915525812091554,0.10521966152677281,0.0015493009081393053,4.719664383004418e-05,0.7500000000000001,0.7500000000000001,0.7500000000000001,0.7500023469397121,0.8660253685498189,0.3350920253899746,0.0,0.0,4.71966438300669e-05,-7.74381517424961e-21,-1.3854373958010735e-17,4.7196643830053026e-05,29,0.35376825627365616,,1e-24,157,-271368.6836366379,0.9247759915582239,14,True,0.09914779015644005,28,True,0.09915446869013747,0.0,,,0.0,,,0.0,,,0.0,,,0.0,,,0.0,,
moment5,0.0001,4,128,2048,0.002,2.0000000000000002e-07,core_N128_s4,1,600000,600000,600000,0,True,600000,0.0991080614770855,0.10337823738751784,0.10322890194197118,0.0016152849591799662,0.004270175910432342,0.7500000000000002,0.7500000000000001,0.7500000000000002,0.7500092202150868,0.8660256919025306,0.33509202538997446,1.0934429917311374e-15,9.696520864052436e-16,0.004269025022500455,-6.922174316024636e-19,1.1508879318630023e-06,0.004270175910432318,1035,0.3889657029992691,,1e-24,18301,-55040448.32647633,0.9993595488085508,1739,True,0.10272323471674581,3564,True,0.10331274830508627,0.0,,,0.0,,,0.0,,,0.0,,,0.0,,,0.0,,
moment5,0.001,4,128,2048,0.002,2e-06,core_N128_s4,1,600000,600000,600000,0,True,600000,0.0991080614770855,0.10337483687304602,0.10325418070541692,0.001615231826141344,0.004266775395960529,0.7500000000000002,0.7500000000000001,0.7500000000000002,0.7500092202150868,0.8660256919025306,0.33509202538997446,1.0934429917311374e-15,9.697150668866577e-16,0.004265744368419142,-6.68413333403e-19,1.0310275413801442e-06,0.004266775395960522,945,0.3889317846184899,,1e-24,18278,-54629740.18051761,0.9993606428266142,1737,True,0.10272000199758273,3560,True,0.1033093910517587,0.0,,,0.0,,,0.0,,,0.0,,,0.0,,,0.0,,
moment5,0.01,4,128,2048,0.002,2e-05,core_N128_s4,1,600000,600000,600000,0,True,600000,0.0991080614770855,0.10334090510288498,0.10322681288423607,0.0016147016422325777,0.004232843625799482,0.7500000000000002,0.7500000000000001,0.7500000000000002,0.7500092202150868,0.8660256919025306,0.33509202538997446,2.0221610791205786e-15,1.8524597876912966e-15,0.004232172392784007,-6.737249514818255e-19,6.712330154765895e-07,0.004232843625799483,951,0.38859636635809125,,1e-24,18050,-53223002.95685584,0.9993510060012674,1717,True,0.10268756486746992,3516,True,0.1032755113749047,0.0,,,0.0,,,0.0,,,0.0,,,0.0,,,0.0,,
moment5,0.1,4,128,2048,0.002,0.0002,core_N128_s4,1,600000,600000,600000,0,True,600000,0.0991080614770855,0.10301160864357081,0.10165896459818065,0.001609556385055794,0.003903547166485319,0.7500000000000002,0.7500000000000001,0.7500000000000002,0.7500092202150868,0.8660256919025306,0.33509202538997446,1.8200549442964198e-16,1.330617927698187e-16,0.0039025858662104667,-6.149605765940086e-19,9.61300274845643e-07,0.0039035471664853123,796,0.3855782127596129,,1e-24,16091,-55313991.324113175,0.9992759290927276,1539,True,0.1024371223596575,3139,True,0.10294906631940132,0.0,,,0.0,,,0.0,,,0.0,,,0.0,,,0.0,,
moment5,1.0,4,128,2048,0.002,0.002,core_N128_s4,1,600000,600000,600000,0,True,600000,0.0991080614770855,0.10138090625984998,0.10587305028917543,0.001584076660310156,0.002272844782764488,0.7500000000000002,0.7500000000000001,0.7500000000000002,0.7500092202150868,0.8660256919025306,0.33509202538997446,2.271891790129781e-16,4.543753228429428e-17,0.0022722178245069996,-3.6744163568614855e-19,6.269582574992723e-07,0.0022728447827644973,450,0.3709566331034819,,1e-24,8118,-51119491.83101742,0.9985490646320514,776,True,0.10103506463550344,1571,True,0.10134559227992021,0.0,,,0.0,,,0.0,,,0.0,,,0.0,,,0.0,,
moment5,10.0,4,128,2048,0.002,0.02,core_N128_s4,1,600000,600000,600000,0,True,600000,0.0991080614770855,0.09956138910726535,0.10725662182235422,0.001555646704801021,0.0004533276301798561,0.7500000000000002,0.7500000000000001,0.7500000000000002,0.7500092202150869,0.8660256919025306,0.33509202538997446,7.3434354326142e-17,4.638667034468315e-17,0.00045305617501868435,-6.615936707302237e-20,2.7145516118061653e-07,0.00045332763017986495,174244,0.3566415033145893,,1e-24,1475,-49687364.51124389,0.9917943275138463,134,True,0.0994877288656217,274,True,0.09955386988399884,0.0,,,0.0,,,0.0,,,0.0,,,0.0,,,0.0,,
moment5,100.0,4,128,2048,0.002,0.2,core_N128_s4,1,600000,600000,600000,0,True,600000,0.0991080614770855,0.09915525812091554,0.10521966152677281,0.0015493009081393053,4.719664383004418e-05,0.7500000000000002,0.7500000000000001,0.7500000000000002,0.7500092202150869,0.8660256919025306,0.33509202538997446,4.807407289046552e-17,4.656931627858081e-17,4.719664383006709e-05,-8.159117815079553e-21,-1.4288699131419715e-17,4.7196643830052795e-05,10,0.35376825627365616,,1e-24,157,-36128991.21213182,0.924775672255145,14,True,0.09914779015644005,28,True,0.09915446869013747,0.0,,,0.0,,,0.0,,,0.0,,,0.0,,,0.0,,
moment9,0.0001,4,128,2048,0.002,2.0000000000000002e-07,core_N128_s4,1,600000,600000,600000,0,True,600000,0.0991080614770855,0.10337823738751784,0.1032289019419712,0.0016152849591799662,0.004270175910432342,0.7500000000000001,0.7500000000000001,0.7500000000000001,0.7500477815451927,0.8660284032587879,0.33509202538997473,1.0934429917311374e-15,9.696520864052438e-16,0.004269025022500458,-6.804732556559871e-19,1.1508879318705993e-06,0.004270175910432327,2629,0.3889657029992691,,1e-24,18301,-55458606.08520076,0.9993680611741348,1739,True,0.10272323471674583,3564,True,0.10331274830508627,0.0,,,0.0,,,0.0,,,0.0,,,0.0,,,0.0,,
moment9,0.001,4,128,2048,0.002,2e-06,core_N128_s4,1,600000,600000,600000,0,True,600000,0.0991080614770855,0.10337483687304602,0.10325418070541695,0.001615231826141344,0.004266775395960529,0.7500000000000001,0.7500000000000001,0.7500000000000001,0.7500477815451928,0.866028403258788,0.33509202538997473,1.0934429917311374e-15,9.697150668866577e-16,0.004265744368419167,-6.735463020480267e-19,1.0310275413573397e-06,0.004266775395960524,2676,0.38893178461849,,1e-24,18278,-108983752.69326782,0.9993674913585586,1737,True,0.10272000199758273,3560,True,0.1033093910517587,0.0,,,0.0,,,0.0,,,0.0,,,0.0,,,0.0,,
moment9,0.01,4,128,2048,0.002,2e-05,core_N128_s4,1,600000,600000,600000,0,True,600000,0.0991080614770855,0.103340905102885,0.1032268128842361,0.0016147016422325782,0.0042328436257995095,0.75,0.75,0.75,0.7500477815451927,0.8660284032587879,0.33509202538997473,2.0221610791205786e-15,1.852459787691297e-15,0.004232172392784012,-6.680466585926382e-19,6.712330154779597e-07,0.004232843625799489,2709,0.3885963663580912,,1e-24,18050,-100876262.76187296,0.999359608486568,1717,True,0.10268756486746992,3516,True,0.1032755113749047,0.0,,,0.0,,,0.0,,,0.0,,,0.0,,,0.0,,
moment9,0.1,4,128,2048,0.002,0.0002,core_N128_s4,1,600000,600000,600000,0,True,600000,0.0991080614770855,0.10301160864357081,0.10165896459818068,0.001609556385055794,0.003903547166485319,0.7500000000000001,0.7500000000000001,0.7500000000000001,0.7500477815451927,0.8660284032587879,0.33509202538997473,1.5453652082766616e-16,1.3306179276981871e-16,0.0039025858662105734,-6.114302400370227e-19,9.61300274743834e-07,0.0039035471664853167,2401,0.3855782127596129,,1e-24,16091,-87094580.66117132,0.9992800493859476,1539,True,0.1024371223596575,3139,True,0.10294906631940132,0.0,,,0.0,,,0.0,,,0.0,,,0.0,,,0.0,,
moment9,1.0,4,128,2048,0.002,0.002,core_N128_s4,1,600000,600000,600000,0,True,600000,0.0991080614770855,0.10138090625984998,0.10587305028917542,0.001584076660310156,0.002272844782764488,0.7500000000000001,0.75,0.75,0.7500477815451927,0.8660284032587879,0.33509202538997473,2.816883282277901e-16,4.543753228429429e-17,0.002272217824506903,-3.64088024728038e-19,6.269582576020377e-07,0.0022728447827645047,111311,0.3709566331034819,,1e-24,8118,-70908300.16257268,0.9985502612756565,776,True,0.10103506463550344,1571,True,0.10134559227992021,0.0,,,0.0,,,0.0,,,0.0,,,0.0,,,0.0,,
moment9,10.0,4,128,2048,0.002,0.02,core_N128_s4,1,600000,600000,600000,0,True,600000,0.0991080614770855,0.09956138910726536,0.10725662182235422,0.0015556467048010213,0.00045332763017987,0.75,0.75,0.75,0.7500477815451927,0.8660284032587879,0.33509202538997473,4.807407289046552e-17,4.638667034468316e-17,0.00045305617501902696,-6.832749740977683e-20,2.7145516083875557e-07,0.00045332763017986576,268,0.3566415033145893,,1e-24,1475,-49687943.52413049,0.991794754396303,134,True,0.0994877288656217,274,True,0.09955386988399884,0.0,,,0.0,,,0.0,,,0.0,,,0.0,,,0.0,,
moment9,100.0,4,128,2048,0.002,0.2,core_N128_s4,1,600000,600000,600000,0,True,600000,0.0991080614770855,0.09915525812091555,0.10521966152677281,0.0015493009081393055,4.719664383005806e-05,0.75,0.75,0.75,0.7500477815451928,0.866028403258788,0.33509202538997473,4.807407289046552e-17,4.656931627858082e-17,4.7196643830067025e-05,-7.561907160808307e-21,-1.393761514380007e-17,4.719664383005307e-05,33,0.35376825627365616,,1e-24,157,-36128991.21213182,0.9247760285462293,14,True,0.09914779015644005,28,True,0.09915446869013747,0.0,,,0.0,,,0.0,,,0.0,,,0.0,,,0.0,,
sine,0.0001,4,128,2048,0.002,2.0000000000000002e-07,core_N128_s4,3,600000,600000,600000,0,True,600000,0.0991080614770855,0.09406129474433572,0.10482233612977566,0.0014697077303802457,-0.005046766732749772,0.42394296187238123,0.4239557345016066,0.4239558496160314,0.4239432006126246,0.9208074723986818,0.40159323404859143,0.0007263141344414723,0.0008840910293382039,0.011208457235776504,-0.0162568336945543,1.6097260280259603e-06,-0.00504676673274977,0,0.4285165709066686,,1e-24,599999,0.9989942354820902,0.9999995878049968,1852,True,0.09827504726296156,3961,True,0.09838874160813252,0.0,,,0.0,,,0.0,,,0.0,,,0.0,,,0.0,,
sine,0.001,4,128,2048,0.002,2e-06,core_N128_s4,3,600000,600000,600000,0,True,600000,0.0991080614770855,0.09408120565228832,0.10481987362928519,0.001470018838317005,-0.005026855824797172,0.42394218949957796,0.42395501576020744,0.4239551318483662,0.4239424282363845,0.9208066335951154,0.40159323404859143,0.0007268119024873557,0.0008858793847878584,0.0112182614111869,-0.016246716458574343,1.599222590272727e-06,-0.0050268558247971735,0,0.4286306047063678,,1e-24,599999,0.9989927661098564,0.9999995886707307,1850,True,0.09827742973470989,3956,True,0.09839208898725826,0.0,,,0.0,,,0.0,,,0.0,,,0.0,,,0.0,,
sine,0.01,4,128,2048,0.002,2e-05,core_N128_s4,3,600000,600000,600000,0,True,600000,0.0991080614770855,0.09427840783061565,0.10491184463940272,0.0014731001223533696,-0.004829653646469839,0.4239343165780233,0.4239476964408126,0.42394782269823317,0.423934555279104,0.9207980834896476,0.40159323404859143,0.0007317703023161696,0.000904140250942146,0.011313688408618575,-0.01614507161866208,1.729563573653473e-06,-0.004829653646469853,0,0.4297460291671834,,1e-24,599999,0.9989780740927932,0.9999996030755379,1830,True,0.09830100659535705,3912,True,0.09842442171575046,0.0,,,0.0,,,0.0,,,0.0,,,0.0,,,0.0,,
sine,0.1,4,128,2048,0.002,0.0002,core_N128_s4,3,600000,600000,600000,0,True,600000,0.0991080614770855,0.09628030470672853,0.10491629139248328,0.0015043797610426333,-0.0028277567703569595,0.4238401748558823,0.4238611421267597,0.42386142834973894,0.4238404130241536,0.920695837966213,0.40159323404859143,0.0007820542423308389,0.00112470751101207,0.012267441158657405,-0.015096113254582228,9.153255678593626e-07,-0.0028277567703569643,0,0.4411466629051296,,1e-24,599999,0.9988313046667818,0.9999997535231445,1653,True,0.0985679658443058,3519,True,0.09866247265951558,0.0,,,0.0,,,0.0,,,0.0,,,0.0,,,0.0,,
sine,1.0,4,128,2048,0.002,0.002,core_N128_s4,3,600000,600000,600000,0,True,600000,0.0991080614770855,0.12710579739829223,0.1265592899401682,0.001986028084348316,0.02799773592120673,0.3558393217294963,0.3558393217309562,0.355839321729499,0.3558402709526792,0.8436116060755438,0.40159323404859143,2.649989602172916e-12,3.4571622455537223e-10,0.02627530469721147,0.0017220014290508959,4.2979494437815963e-07,0.027997735921206735,3612,1.7647234557181537,556340,1e-24,599999,-456882.3269047672,1.0000006635586054,841,True,0.09918203831609179,1761,True,0.09934647155613922,0.011299435028248588,,,0.0,,,0.0,,,0.0,,,0.0,,,0.0,,
sine,10.0,4,128,2048,0.002,0.02,core_N128_s4,3,600000,600000,600000,0,True,600000,0.0991080614770855,0.12155473603887706,0.11773760219564311,0.0018992927506074541,0.02244667456179157,0.35583932172949634,0.35583932172949634,0.35583932172949634,0.355840270952681,0.8436116060755459,0.40159323404859143,2.9869824945023023e-16,5.513099028172322e-14,0.01659033120353453,0.00585633903973835,4.318518683570723e-09,0.02244667456179156,10479,1.3568005119275093,,1e-24,296138,-61726482.852061935,1.000002227488411,143,True,0.09916527935077109,296,True,0.09920258971728373,0.011299435028248588,,,0.0,,,0.0,,,0.0,,,0.0,,,0.0,,
sine,100.0,4,128,2048,0.002,0.2,core_N128_s4,3,600000,600000,600000,0,True,600000,0.0991080614770855,0.11750379176001759,0.1122777232356678,0.0018359967462502748,0.018395730282932093,0.3558393217294964,0.35583932172949634,0.3558393217294964,0.355840270952681,0.8436116060755459,0.40159323404859143,9.640602517385853e-17,5.0037269393339805e-14,0.010165895805980317,0.008229833211569523,1.2653822711485206e-09,0.018395730282932114,20156,1.0277517513119168,,1e-24,125677,-54247654.94191857,1.0000066541995767,15,True,0.09911418942887956,30,True,0.09911832591657362,0.0,,,0.0,,,0.0,,,0.0,,,0.0,,,0.0,,
runge,0.0001,4,128,2048,0.002,2.0000000000000002e-07,core_N128_s4,3,600000,600000,600000,0,True,600000,0.0991080614770855,0.14090074156443974,0.0892668379288419,0.002201574086944371,0.04179268008735425,0.03711302132300645,0.037113477202768606,0.03711346688603904,0.03711304440081045,0.4868642003497447,0.15798998109890422,6.1499580266332295e-06,0.0005281075137790145,-0.0004997561241016074,0.04229229181708959,1.4439436624788715e-07,0.04179268008735424,0,2.3525891529322918,179258,1e-24,599999,0.9983646733011964,0.9999970111852886,1502,True,0.0985252173407295,3677,True,0.09850301479809374,0.011299435028248588,,,0.0,,,0.0,,,0.0,,,0.0,,,0.0,,
runge,0.001,4,128,2048,0.002,2e-06,core_N128_s4,3,600000,600000,600000,0,True,600000,0.0991080614770855,0.14067347081448967,0.08936724120565794,0.002198022981476401,0.04156540933740417,0.03711293784755815,0.03711338848534865,0.03711337814172948,0.037112960925349374,0.4868636528166992,0.15798998109890422,6.136967460535768e-06,0.0005232900246746552,-0.0004955626735531132,0.04206085714103456,1.1486992271385454e-07,0.04156540933740416,0,2.350100593598774,178977,1e-24,599999,0.9983622566807462,0.9999969826081085,1500,True,0.09852600431303725,3673,True,0.09850387868556582,0.011299435028248588,,,0.0,,,0.0,,,0.0,,,0.0,,,0.0,,
runge,0.01,4,128,2048,0.002,2e-05,core_N128_s4,3,600000,600000,600000,0,True,600000,0.0991080614770855,0.13875844544572544,0.0902023956933397,0.00216810071008946,0.03965038396863994,0.03711224355357898,0.03711263866103404,0.03711262848562482,0.037112266633733286,0.4868590987886074,0.15798998109890422,6.059926237696214e-06,0.000477269850355946,-0.00045759101984403216,0.04010788666019936,8.832828462907358e-08,0.039650383968639964,0,2.325898844614087,176350,1e-24,599999,0.9983380872656817,0.999996761495335,1484,True,0.09853341764725437,3631,True,0.09851231831886229,0.011299435028248588,,,0.0,,,0.0,,,0.0,,,0.0,,,0.0,,
runge,0.1,4,128,2048,0.002,0.0002,core_N128_s4,3,600000,600000,600000,0,True,600000,0.0991080614770855,0.1307619839778498,0.09143904217756714,0.002043155999653903,0.031653922500764306,0.03711034441671719,0.037110474512671965,0.03711046939636637,0.03711036752504257,0.48684664185376864,0.15798998109890422,5.570690770835001e-06,0.00025200135757515835,-0.00021350583650478047,0.03186735431751935,7.401974974027528e-08,0.03165392250076431,0,2.158637544822281,159716,1e-24,599999,0.9980961153164478,0.9999963277670513,1341,True,0.09859749092191793,3255,True,0.09858475841744017,0.011299435028248588,,,0.0,,,0.0,,,0.0,,,0.0,,,0.0,,
runge,1.0,4,128,2048,0.002,0.002,core_N128_s4,3,600000,600000,600000,0,True,600000,0.0991080614770855,0.12079796198136954,0.09773259313436776,0.001887468155958899,0.021689900504284043,0.03710984154414866,0.03710984160515029,0.03710984160058797,0.03710986467927461,0.4868433434547076,0.15798998109890422,1.9260481600305685e-07,4.94128242523615e-06,0.00023788746367254857,0.021452005259464085,7.781147418454223e-09,0.02168990050428405,0,1.7466607165598498,118429,1e-24,599999,0.9746162686964254,0.9999943731984078,683,True,0.09885093229038862,1610,True,0.09884973761543138,0.0,,,0.0,,,0.0,,,0.0,,,0.0,,,0.0,,
runge,10.0,4,128,2048,0.002,0.02,core_N128_s4,3,600000,600000,600000,0,True,600000,0.0991080614770855,0.11581449415034754,0.10664645009232071,0.0018096014710991804,0.01670643267326205,0.0371098414284088,0.03710984142840882,0.03710984142840883,0.03710986456385662,0.4868433426976248,0.15798998109890422,7.77962867737185e-13,2.773125572796931e-11,0.00012778584160561953,0.016578644973505887,1.8581505555371154e-09,0.016706432673262057,97952,1.1604914007065534,,1e-24,565272,-45734614.60383756,0.9999821821276906,115,True,0.09907102465504901,266,True,0.0990719667247775,0.0,,,0.0,,,0.0,,,0.0,,,0.0,,,0.0,,
runge,100.0,4,128,2048,0.002,0.2,core_N128_s4,3,600000,600000,600000,0,True,600000,0.0991080614770855,0.11321691654945426,0.1052562896742896,0.0017690143210852228,0.014108855072368767,0.0371098414284088,0.03710984142840883,0.03710984142840883,0.03710986456385658,0.4868433426976245,0.15798998109890422,1.2717956105139042e-11,1.0007142181626978e-09,-7.689266816265527e-05,0.014185747388752463,3.517789514610889e-10,0.014108855072368759,73873,0.9640765098704822,,1e-24,599999,-442780.0766086978,0.9999875574769757,12,True,0.0991039832738282,27,True,0.09910412118621684,0.0,,,0.0,,,0.0,,,0.0,,,0.0,,,0.0,,
moment3,0.0001,4,128,2048,0.002,2.0000000000000002e-07,core_N128_s4,3,600000,600000,600000,0,True,600000,0.0991080614770855,0.14378407040364644,0.07702463273299319,0.0022466261000569756,0.04467600892656094,1.887379141862766e-15,1.4534040637670388e-15,1.4432899320127035e-15,1.9524640065625249e-25,4.4186623971001684e-13,0.33822724421175465,6.457214787971457e-15,5.128141786966232e-06,0.028904848994696104,0.015766285356079608,4.874575785258239e-06,0.04467600892656097,38161,4.751932720269371,243322,1e-24,391324,-523601975.8480901,0.9999998069947025,1887,True,0.10273608450763799,16375,True,0.10206976931352596,0.01694915254237288,,,0.005649717514124294,,,0.0,,,0.005649717514124294,,,0.0,,,0.0,,
moment3,0.001,4,128,2048,0.002,2e-06,core_N128_s4,3,600000,600000,600000,0,True,600000,0.0991080614770855,0.139693327574586,0.07481919925409994,0.002182708243352906,0.0405852660975005,1.5543122344752192e-15,1.4105383527862614e-15,1.4432899320127035e-15,1.7460216319957904e-25,4.178535660006621e-13,0.33822724421175465,3.956119412388935e-15,5.662353469349651e-06,0.02646597296005537,0.014113410094050882,5.883043394254423e-06,0.0405852660975005,35798,4.549158596841697,242978,1e-24,381845,-469207401.8218559,0.999999936150885,1885,True,0.10273328096595602,16239,True,0.10207624049681008,0.01694915254237288,,,0.005649717514124294,,,0.0,,,0.005649717514124294,,,0.0,,,0.0,,
moment3,0.01,4,128,2048,0.002,2e-05,core_N128_s4,3,600000,600000,600000,0,True,600000,0.0991080614770855,0.12202596940220652,0.06475159037315835,0.0019066557719094768,0.022917907925121023,1.1102230246251565e-15,9.976020010071806e-16,1.1102230246251565e-15,3.051605204375332e-26,1.7468816235937807e-13,0.33822724421175465,1.4422221867139656e-15,3.336642916169468e-06,0.014471690255798725,0.00844142557164982,4.792097672475794e-06,0.022917907925121023,29493,3.84631654037566,239716,1e-24,350126,-516895862.1518496,1.000000278440927,1862,True,0.10270318300110196,14880,True,0.10213975405217841,0.011299435028248588,,,0.0,,,0.0,,,0.005649717514124294,,,0.0,,,0.0,,
moment3,0.1,4,128,2048,0.002,0.0002,core_N128_s4,3,600000,600000,600000,0,True,600000,0.0991080614770855,0.10444377063192214,0.05155600048816703,0.0016319339161237835,0.005335709154836651,1.1102230246251565e-15,1.1102230246251565e-15,1.1102230246251565e-15,1.762782516480521e-26,1.327696070969068e-13,0.33822724421175465,1.2979999680425689e-15,3.336184635963044e-06,0.003128913856276704,0.0022053067091310843,1.4885894288726036e-06,0.005335709154836656,17314,2.930911274514671,216505,1e-24,279790,-496272624.014251,1.0000012026071756,1664,True,0.10242738420027002,6243,True,0.10256486386628492,0.011299435028248588,,,0.0,,,0.0,,,0.0,,,0.0,,,0.0,,
moment3,1.0,4,128,2048,0.002,0.002,core_N128_s4,3,600000,600000,600000,0,True,600000,0.0991080614770855,0.12919965130849367,0.11400483712427065,0.0020187445516952137,0.03009158983140818,1.1102230246251565e-15,1.1102230246251565e-15,1.1102230246251565e-15,8.814621635819933e-27,9.388606571517593e-14,0.33822724421175465,4.669210582783273e-16,3.047063742537872e-06,0.026243844645703108,0.003847571013893244,1.7417181181749565e-07,0.030091589831408163,4597,2.282101829529254,145163,1e-24,161528,-528408715.5363233,1.0000042049958162,827,True,0.10104337620627804,2105,True,0.101267059738886,0.005649717514124294,,,0.0,,,0.0,,,0.0,,,0.0,,,0.0,,
moment3,10.0,4,128,2048,0.002,0.02,core_N128_s4,3,600000,600000,600000,0,True,600000,0.0991080614770855,0.12280521505351197,0.11746298938047314,0.0019188314852111245,0.023697153576426475,1.2212453270876722e-15,1.4432899320127035e-15,1.4432899320127035e-15,1.5509742820160219e-27,3.938234759935771e-14,0.33822724421175465,2.00148324148528e-16,1.5530363609580196e-06,0.01834895956914066,0.005348055272709351,1.3873457645483973e-07,0.023697153576426468,262174,1.7854779729191081,69189,1e-24,73594,-311365303.51125926,1.0000120493065856,142,True,0.09949137759626316,328,True,0.09954465474716437,0.005649717514124294,,,0.0,,,0.0,,,0.0,,,0.0,,,0.0,,
moment3,100.0,4,128,2048,0.002,0.2,core_N128_s4,3,600000,600000,600000,0,True,600000,0.0991080614770855,0.11680638390537872,0.11359969998449997,0.0018250997485215424,0.017698322428293223,1.6653345369377348e-15,1.6653345369377348e-15,1.6653345369377348e-15,3.6383236169013038e-28,1.907435958466077e-14,0.33822724421175465,9.614814578093104e-17,7.966597666478628e-07,0.0109137525183117,0.0067845671209863226,2.78899519133448e-09,0.01769832242829322,847,1.358495289881991,,1e-24,29698,-326147793.02285486,1.0000292378586018,15,True,0.09914832151166726,33,True,0.09915356522741987,0.005649717514124294,,,0.0,,,0.0,,,0.0,,,0.0,,,0.0,,
moment5,0.0001,4,128,2048,0.002,2.0000000000000002e-07,core_N128_s4,3,600000,600000,600000,0,True,600000,0.0991080614770855,0.10325727281297853,0.10275679861646358,0.0016133948877027895,0.0041492113358930355,0.7500031309034458,0.7500031417837525,0.7500031417714684,0.7500123661898166,0.8660275082082584,0.33822724421175454,9.607356894359267e-06,1.7299839787323704e-05,0.0045013363333177795,-0.0003528084420107945,6.834445860472853e-07,0.004149211335893035,0,0.38659627822897974,,1e-24,599999,0.9988736262843886,0.9999983290313633,1809,True,0.10283022154262007,3711,True,0.103427350395004,0.0,,,0.0,,,0.0,,,0.0,,,0.0,,,0.0,,
moment5,0.001,4,128,2048,0.002,2e-06,core_N128_s4,3,600000,600000,600000,0,True,600000,0.0991080614770855,0.10325426989610728,0.10271297919194103,0.0016133479671266763,0.004146208419021788,0.7500031275061857,0.750003138377039,0.7500031383647625,0.7500123627853879,0.8660275062427382,0.33822724421175454,9.596056061779765e-06,1.72902168751373e-05,0.004497927241038831,-0.00035249910831380615,7.802862967507411e-07,0.004146208419021772,0,0.3865643637323111,,1e-24,599999,0.998872049061896,0.999998346944988,1807,True,0.10282711238384998,3707,True,0.10342408679799986,0.0,,,0.0,,,0.0,,,0.0,,,0.0,,,0.0,,
moment5,0.01,4,128,2048,0.002,2e-05,core_N128_s4,3,600000,600000,600000,0,True,600000,0.0991080614770855,0.10322420883006785,0.10251596050296018,0.00161287826296981,0.004116147352982352,0.7500030940190047,0.7500031047964058,0.7500031047842024,0.750012329227271,0.8660274868682225,0.33822724421175454,9.484546029468677e-06,1.7194966036060264e-05,0.004464818165357961,-0.0003494471107466868,7.762983710693736e-07,0.004116147352982343,0,0.386248802164042,,1e-24,599999,0.9988562649769018,0.9999984413509915,1786,True,0.10279506763437693,3661,True,0.10339095233942526,0.0,,,0.0,,,0.0,,,0.0,,,0.0,,,0.0,,
moment5,0.1,4,128,2048,0.002,0.0002,core_N128_s4,3,600000,600000,600000,0,True,600000,0.0991080614770855,0.10292499996408914,0.10312458308221548,0.0016082031244388929,0.0038169384870036516,0.7500028018161289,0.7500028117584928,0.7500028117469666,0.7500120363837666,0.8660273177973025,0.33822724421175454,8.5040506441428e-06,1.6332435621359557e-05,0.004138493599767396,-0.0003225903623698875,1.035249606114451e-06,0.0038169384870036242,0,0.38341249085808593,,1e-24,599999,0.9986973810855505,0.9999985428107616,1599,True,0.10251737370511743,3264,True,0.1030669537275794,0.0,,,0.0,,,0.0,,,0.0,,,0.0,,,0.0,,
moment5,1.0,4,128,2048,0.002,0.002,core_N128_s4,3,600000,600000,600000,0,True,600000,0.0991080614770855,0.1013071714092735,0.10521196037888743,0.0015829245532698985,0.002199109932188012,0.7500016297696264,0.7500016361361377,0.750001636127632,0.7500108613010588,0.8660266393721074,0.33822724421175454,4.558826414617238e-06,1.2139485999844796e-05,0.002407840458998962,-0.00020910523665984096,3.7470984889654285e-07,0.002199109932188019,0,0.36973743141149906,,1e-24,599999,0.9970644667226077,0.9999985765455932,803,True,0.10108368599551179,1627,True,0.10140708244087297,0.0,,,0.0,,,0.0,,,0.0,,,0.0,,,0.0,,
moment5,10.0,4,128,2048,0.002,0.02,core_N128_s4,3,600000,600000,600000,0,True,600000,0.0991080614770855,0.09948760314645944,0.10701063267220633,0.0015544937991634287,0.0003795416693739423,0.7500007378082858,0.750000741991577,0.7500007419794334,0.7500099666852793,0.8660261228720352,0.33822724421175454,1.915740819081252e-06,6.703293186590539e-06,0.0004996854569475429,-0.00012024212267085213,9.833509724488709e-08,0.0003795416693739356,0,0.35641481787361673,,1e-24,599999,0.9804313291360748,0.9999993735516638,139,True,0.09949840737741628,283,True,0.09956601113613664,0.0,,,0.0,,,0.0,,,0.0,,,0.0,,,0.0,,
moment5,100.0,4,128,2048,0.002,0.2,core_N128_s4,3,600000,600000,600000,0,True,600000,0.0991080614770855,0.0991088590905566,0.10530379453628085,0.0015485759232899468,7.97613471104075e-07,0.7500004367786601,0.7500004375890993,0.7500004375878071,0.7500096648586452,0.8660259486145002,0.33822724421175454,1.2252210967318054e-06,2.088174221984554e-06,7.730622385892031e-05,-7.650861038808644e-05,2.706382255697969e-16,7.976134711045154e-07,0,0.3537440616393841,,1e-24,599999,0.8138494469946013,0.99999712763895,14,True,0.09914825550319326,29,True,0.09915575311384314,0.0,,,0.0,,,0.0,,,0.0,,,0.0,,,0.0,,
moment9,0.0001,4,128,2048,0.002,2.0000000000000002e-07,core_N128_s4,3,600000,600000,600000,0,True,600000,0.0991080614770855,0.1032572728129786,0.1027567986164632,0.0016133948877027906,0.004149211335893105,0.7500031309034456,0.7500031417837523,0.7500031417714683,0.7500509605696777,0.8660302385569177,0.33822724421175476,9.607356894359267e-06,1.7299839787319618e-05,0.0045013363333177535,-0.00035280844201069495,6.834445860299734e-07,0.004149211335893089,0,0.3865962782289798,,1e-24,599999,0.9988736262846739,0.999998392269509,1809,True,0.10283022154262007,3711,True,0.103427350395004,0.0,,,0.0,,,0.0,,,0.0,,,0.0,,,0.0,,
moment9,0.001,4,128,2048,0.002,2e-06,core_N128_s4,3,600000,600000,600000,0,True,600000,0.0991080614770855,0.10325426989610732,0.10271297919194089,0.001613347967126677,0.00414620841902183,0.7500031275061858,0.750003138377039,0.7500031383647624,0.750050957149516,0.8660302365824096,0.33822724421175476,9.596056061708101e-06,1.729021687513262e-05,0.004497927241038796,-0.00035249910831370684,7.802862967520301e-07,0.004146208419021841,0,0.3865643637323112,,1e-24,599999,0.998872049062181,0.9999984367868345,1807,True,0.10282711238384998,3707,True,0.10342408679799986,0.0,,,0.0,,,0.0,,,0.0,,,0.0,,,0.0,,
moment9,0.01,4,128,2048,0.002,2e-05,core_N128_s4,3,600000,600000,600000,0,True,600000,0.0991080614770855,0.1032242088300679,0.1025159605029602,0.001612878262969811,0.004116147352982408,0.7500030940190044,0.7500031047964058,0.7500031047842022,0.7500509234357227,0.8660302171189556,0.33822724421175476,9.484546029463073e-06,1.7194966036057306e-05,0.0044648181653579285,-0.0003494471107465876,7.762983710679612e-07,0.00411614735298241,0,0.38624880216404206,,1e-24,599999,0.9988562649771834,0.9999984661891241,1786,True,0.10279506763437693,3661,True,0.10339095233942525,0.0,,,0.0,,,0.0,,,0.0,,,0.0,,,0.0,,
moment9,0.1,4,128,2048,0.002,0.0002,core_N128_s4,3,600000,600000,600000,0,True,600000,0.0991080614770855,0.10292499996408917,0.10312458308221495,0.0016082031244388933,0.0038169384870036793,0.7500028018161286,0.7500028117584928,0.7500028117469664,0.7500506291863068,0.8660300472445494,0.33822724421175476,8.504050644214535e-06,1.633243562135411e-05,0.004138493599767364,-0.0003225903623697921,1.0352496061092075e-06,0.003816938487003682,0,0.38341249085808593,,1e-24,599999,0.9986973810858012,0.9999985238945384,1599,True,0.10251737370511743,3264,True,0.10306695372757943,0.0,,,0.0,,,0.0,,,0.0,,,0.0,,,0.0,,
moment9,1.0,4,128,2048,0.002,0.002,core_N128_s4,3,600000,600000,600000,0,True,600000,0.0991080614770855,0.10130717140927356,0.10521196037888768,0.0015829245532698994,0.0021991099321880675,0.7500016297696263,0.7500016361361375,0.750001636127632,0.7500494474414238,0.8660293650059508,0.33822724421175476,4.558826414652843e-06,1.2139485999841284e-05,0.00240784045899894,-0.00020910523665976114,3.7470984888049893e-07,0.002199109932188059,0,0.36973743141149906,,1e-24,599999,0.9970644667227274,0.9999987998984206,803,True,0.10108368599551179,1627,True,0.10140708244087297,0.0,,,0.0,,,0.0,,,0.0,,,0.0,,,0.0,,
moment9,10.0,4,128,2048,0.002,0.02,core_N128_s4,3,600000,600000,600000,0,True,600000,0.0991080614770855,0.09948760314645948,0.10701063267220631,0.0015544937991634293,0.0003795416693739839,0.7500007378082856,0.7500007419915768,0.7500007419794333,0.7500485470035594,0.8660288451696464,0.33822724421175476,1.9157408190094106e-06,6.703293186586212e-06,0.0004996854569475224,-0.00012024212267079163,9.833509724092848e-08,0.0003795416693739716,0,0.35641481787361673,,1e-24,599999,0.9804313291360931,0.9999993509111188,139,True,0.09949840737741628,283,True,0.09956601113613664,0.0,,,0.0,,,0.0,,,0.0,,,0.0,,,0.0,,
moment9,100.0,4,128,2048,0.002,0.2,core_N128_s4,3,600000,600000,600000,0,True,600000,0.0991080614770855,0.09910885909055663,0.10530379453628078,0.0015485759232899473,7.976134711318306e-07,0.75000043677866,0.7500004375890993,0.7500004375878071,0.7500482434295332,0.8660286699117308,0.33822724421175476,1.2252210967318054e-06,2.088174221983077e-06,7.730622385890183e-05,-7.650861038804323e-05,2.7334325003603283e-16,7.976134711319525e-07,0,0.3537440616393841,,1e-24,599999,0.8138494469946024,0.999997165908739,14,True,0.09914825550319326,29,True,0.09915575311384314,0.0,,,0.0,,,0.0,,,0.0,,,0.0,,,0.0,,
sine,0.0001,4,128,2048,0.002,2.0000000000000002e-07,core_N128_s4,5,600000,600000,600000,0,True,600000,0.0991080614770855,0.09304496662517658,0.10414500784484688,0.0014538276035183841,-0.0060630948519089095,0.4240084808303904,0.42401639464726265,0.42401643289576557,0.42400871990545175,0.9208786238212414,0.40167098514902283,0.0006597054718924287,0.000688551982714742,0.010195792048182948,-0.01626079162921988,1.9047291280213198e-06,-0.006063094851908908,0,0.39926812530511757,,1e-24,599999,0.9989931670903109,0.9999994865615244,1849,True,0.09827581981758916,3942,True,0.09839462061743304,0.0,,,0.0,,,0.0,,,0.0,,,0.0,,,0.0,,
sine,0.001,4,128,2048,0.002,2e-06,core_N128_s4,5,600000,600000,600000,0,True,600000,0.0991080614770855,0.0930627750152416,0.10413540548821139,0.00145410585961315,-0.006045286461843893,0.42400799633447667,0.4240159333900846,0.4240159719481003,0.42400823540849397,0.9208780976964258,0.40167098514902283,0.0006600332814034632,0.000689483382317769,0.010205125204294568,-0.016252222177310434,1.8105111719727039e-06,-0.0060452864618438925,0,0.3992097773836077,,1e-24,599999,0.9989916972950201,0.9999994875401896,1847,True,0.09827818984196685,3938,True,0.09839792204037448,0.0,,,0.0,,,0.0,,,0.0,,,0.0,,,0.0,,
sine,0.01,4,128,2048,0.002,2e-05,core_N128_s4,5,600000,600000,600000,0,True,600000,0.0991080614770855,0.09323873317643006,0.1040392132986553,0.0014568552058817196,-0.005869328300655438,0.4240030786354776,0.42401125410850216,0.42401129586641195,0.4240033176987039,0.9208727574412264,0.40167098514902283,0.0006632622420987538,0.0006989785597748155,0.01029476660830812,-0.01616621526207658,2.1203531130171157e-06,-0.005869328300655445,0,0.3986318563300739,,1e-24,599999,0.9989770010627765,0.999999498063051,1827,True,0.09830231879088679,3894,True,0.098430007166318,0.0,,,0.0,,,0.0,,,0.0,,,0.0,,,0.0,,
sine,0.1,4,128,2048,0.002,0.0002,core_N128_s4,5,600000,600000,600000,0,True,600000,0.0991080614770855,0.09498503975645799,0.10307603230770633,0.001484141246194656,-0.004123021720627507,0.4239473576566572,0.42395852766305325,0.423958613213557,0.42394759657161984,0.9208122464125027,0.40167098514902283,0.0006920475123976407,0.0008094323012541773,0.011165298985453778,-0.015289344985553488,1.0242794721895094e-06,-0.004123021720627522,0,0.39336196118238687,,1e-24,599999,0.9988301904704542,0.9999996163818615,1650,True,0.09856892618132931,3503,True,0.09866644226009251,0.0,,,0.0,,,0.0,,,0.0,,,0.0,,,0.0,,
sine,1.0,4,128,2048,0.002,0.002,core_N128_s4,5,600000,600000,600000,0,True,600000,0.0991080614770855,0.1098028566847495,0.10935533962342742,0.001715669635699211,0.010694795207664004,0.42059321522587634,0.4215540885990107,0.421623408719205,0.4205933272788607,0.9171622836541641,0.40167098514902283,0.002164275941240032,0.007683339252671764,0.01742234431729564,-0.006728016165652102,4.670560204549722e-07,0.010694795207663997,0,0.7265985272350071,,1e-24,599999,0.9973686098759761,1.0000006489637148,840,True,0.09918165805176819,1755,True,0.09934715649934228,0.0,,,0.0,,,0.0,,,0.0,,,0.0,,,0.0,,
sine,10.0,4,128,2048,0.002,0.02,core_N128_s4,5,600000,600000,600000,0,True,600000,0.0991080614770855,0.2077357481346108,0.22932707971764146,0.0032458710646032936,0.1086276866575253,0.046685022845490476,0.04668502838681305,0.04668502773074801,0.04668586635645386,0.3055678856046684,0.40167098514902283,9.214124017804316e-07,8.492038725828684e-06,0.1239771140811481,-0.015349438667063018,1.1243440238169353e-08,0.10862768665752531,0,1.4977031218192582,,1e-24,599999,0.9791576332256803,0.9999995453960708,142,True,0.09916461339202827,295,True,0.0992025548775795,0.011299435028248588,,,0.0,,,0.0,,,0.0,,,0.0,,,0.0,,
sine,100.0,4,128,2048,0.002,0.2,core_N128_s4,5,600000,600000,600000,0,True,600000,0.0991080614770855,0.15302170647053256,0.14857324010781958,0.0023909641636020713,0.05391364499344707,0.046685016852374694,0.046685016852375055,0.04668501685237514,0.04668586061661755,0.305567866820507,0.40167098514902283,1.4671682851637714e-16,1.374716197343809e-13,0.03645533708425911,0.017458307241623484,6.675644786923636e-10,0.05391364499344708,127494,1.4785369547240037,,1e-24,393675,-3767727333.9201484,1.000004350213537,15,True,0.09911418124809825,30,True,0.09911831912503269,0.011299435028248588,,,0.0,,,0.0,,,0.0,,,0.0,,,0.0,,
runge,0.0001,4,128,2048,0.002,2.0000000000000002e-07,core_N128_s4,5,600000,600000,600000,0,True,600000,0.0991080614770855,0.20586453103632696,0.07026866643170036,0.0032166332974426087,0.10675646955924147,0.03501496257978563,0.03534232116179958,0.03533981967164358,0.03501493915697104,0.472902096107238,0.15800857383934178,0.0003688143583898496,0.013454645842431383,0.000645201614978566,0.10611114790784025,1.2003642263333342e-07,0.10675646955924145,0,1.3729364638495387,,1e-24,599999,0.9983639327627566,0.9999990725848812,1500,True,0.09852234762755804,3647,True,0.09849493559897513,0.0,,,0.0,,,0.0,,,0.0,,,0.0,,,0.0,,
runge,0.001,4,128,2048,0.002,2e-06,core_N128_s4,5,600000,600000,600000,0,True,600000,0.0991080614770855,0.20563553803904466,0.06971021790182949,0.003213055281860073,0.10652747656195917,0.0345683800701025,0.03490699262074247,0.034904565973729436,0.03456835568319601,0.4698767021003349,0.15800857383934178,0.0003872694775424214,0.01346608357680219,0.0006994138791936225,0.10582797136152251,9.132124303043396e-08,0.10652747656195917,0,1.3736957820014393,,1e-24,599999,0.9983615159162665,0.9999990868997878,1498,True,0.09852313917630745,3643,True,0.09849580936427611,0.0,,,0.0,,,0.0,,,0.0,,,0.0,,,0.0,,
runge,0.01,4,128,2048,0.002,2e-05,core_N128_s4,5,600000,600000,600000,0,True,600000,0.0991080614770855,0.20330381641674186,0.06776776825819501,0.0031766221315115916,0.10419575493965637,0.030818001713391524,0.031219404340901088,0.03121724432372279,0.030817972847110173,0.44365623064941534,0.15800857383934178,0.0005516491982415921,0.01325827386488444,0.001150757893066779,0.10304484559115935,1.5145543025891568e-07,0.10419575493965638,0,1.3800839833389462,,1e-24,599999,0.9983373442447125,0.9999991962706807,1482,True,0.0985305893839876,3601,True,0.09850435249774261,0.0,,,0.0,,,0.0,,,0.0,,,0.0,,,0.0,,
runge,0.1,4,128,2048,0.002,0.0002,core_N128_s4,5,600000,600000,600000,0,True,600000,0.0991080614770855,0.18377195462765508,0.0673555347682666,0.0028714367910571107,0.08466389315056959,0.018936246939238066,0.0191232388279453,0.01912066819614898,0.018936255666819266,0.3477695915435583,0.15800857383934178,0.0005251368693979125,0.007242989184481572,0.001588338105130395,0.08307550174274182,5.330269737310718e-08,0.08466389315056959,0,1.3987191433142134,,1e-24,599999,0.9980953500482498,0.9999984941196346,1340,True,0.09859490489245831,3232,True,0.09857785393648298,0.04519774011299435,,,0.0,,,0.0,,,0.0,,,0.0,,,0.0,,
runge,1.0,4,128,2048,0.002,0.002,core_N128_s4,5,600000,600000,600000,0,True,600000,0.0991080614770855,0.1472371189369319,0.08728916354264755,0.002300579983389561,0.0481290574598464,0.016835699839009316,0.01683577894044672,0.0168357773563802,0.01683574231679852,0.32791454896871247,0.15800857383934178,1.58081815769207e-05,0.00027094422115300917,0.0003508912150988012,0.04777814704731607,1.9197431536013154e-08,0.04812905745984641,0,1.4537001229949327,,1e-24,599999,0.9956645355491698,0.9999940209475637,682,True,0.0988497527779929,1603,True,0.09884673846531128,0.01694915254237288,,,0.0,,,0.0,,,0.0,,,0.0,,,0.0,,
runge,10.0,4,128,2048,0.002,0.02,core_N128_s4,5,600000,600000,600000,0,True,600000,0.0991080614770855,0.12801583831198896,0.10817442741890274,0.0020002474736248274,0.028907776834903462,0.01683504397592639,0.01683504398048741,0.016835043980258743,0.01683508650943291,0.3279081622330785,0.15800857383934178,3.8672587675627045e-08,1.9568321959131583e-06,0.0010030522365627283,0.027904721465040746,3.133299973086802e-09,0.028907776834903445,0,1.4690707160162002,,1e-24,599999,0.4232242606741535,0.9999917046701268,115,True,0.09907082731710061,265,True,0.09907151988266293,0.005649717514124294,,,0.0,,,0.0,,,0.0,,,0.0,,,0.0,,
runge,100.0,4,128,2048,0.002,0.2,core_N128_s4,5,600000,600000,600000,0,True,600000,0.0991080614770855,0.11438115497364103,0.10883981093041845,0.001787205546463141,0.015273093496555534,0.01819830926894675,0.01820271144444834,0.018202714417204627,0.018198354606258384,0.34092638432315303,0.15800857383934178,1.9925462270856397e-05,0.0015054672861669178,0.00513161184200357,0.010141476171724336,5.482827623014954e-09,0.015273093496555529,0,1.417760196044921,,1e-24,599999,0.7274923402777839,0.9999993766118453,12,True,0.09910396238038441,27,True,0.0991040784460751,0.005649717514124294,,,0.0,,,0.0,,,0.0,,,0.0,,,0.0,,
moment3,0.0001,4,128,2048,0.002,2.0000000000000002e-07,core_N128_s4,5,600000,600000,600000,0,True,600000,0.0991080614770855,0.15856828486073407,0.1296446435202083,0.00247762945094897,0.05946022338364858,0.7020637520280096,0.7024795560633679,0.7024800768477297,0.7020660219149427,0.837892456018137,0.3381495047766893,0.003601490572214665,0.003749188143378549,0.13529155106520624,-0.0758325573084272,1.2296268695291017e-06,0.059460223383648564,0,1.155451250939788,,1e-24,599999,0.9988667556249013,1.0000001993845176,1879,True,0.10274564719171565,6585,True,0.10293355236217704,0.03389830508474576,,,0.0,,,0.0,,,0.0,,,0.0,,,0.0,,
moment3,0.001,4,128,2048,0.002,2e-06,core_N128_s4,5,600000,600000,600000,0,True,600000,0.0991080614770855,0.16108205392907507,0.1338134306333566,0.002516907092641798,0.061973992451989576,0.6985628169149637,0.699097473369673,0.6990967722523989,0.698565073646636,0.8358007123854296,0.3381495047766893,0.0039539582601207405,0.0036294703219759646,0.140651631224977,-0.07867869272409206,1.0539511046344415e-06,0.061973992451989576,0,1.1551363018961092,,1e-24,599999,0.9988651712895923,0.9999999947086422,1877,True,0.10274280921376193,6565,True,0.10293092333469082,0.03389830508474576,,,0.0,,,0.0,,,0.0,,,0.0,,,0.0,,
moment3,0.01,4,128,2048,0.002,2e-05,core_N128_s4,5,600000,600000,600000,0,True,600000,0.0991080614770855,0.18283877639019447,0.1650658562384022,0.0028568558810967886,0.08373071491310898,0.6675923587763726,0.669222320406789,0.6692198116809978,0.6675944863442338,0.8170632429354434,0.3381495047766893,0.007176509927322967,0.003948142424882072,0.19044632734613065,-0.10671699304143283,1.380608411116607e-06,0.08373071491310896,0,1.1530095276498995,,1e-24,599999,0.9988493162231923,1.0000003343324138,1854,True,0.10271232207003676,6373,True,0.10290391482814398,0.03389830508474576,,,0.0,,,0.0,,,0.0,,,0.0,,,0.0,,
moment3,0.1,4,128,2048,0.002,0.0002,core_N128_s4,5,600000,600000,600000,0,True,600000,0.0991080614770855,0.26014196182993654,0.26385038399309313,0.0040647181535927585,0.16103390035285103,0.47714292157498717,0.4823452285548645,0.482333805807129,0.4771445156079259,0.6907553718076856,0.3381495047766893,0.012644791217967457,0.0023553017043770465,0.49165257081923996,-0.3306198586665322,1.1882001432992814e-06,0.16103390035285103,0,1.1450911409409679,,1e-24,599999,0.9986897360717022,0.999999651667738,1657,True,0.10243634486359351,5098,True,0.1027102224867433,0.02824858757062147,,,0.0,,,0.0,,,0.0,,,0.0,,,0.0,,
moment3,1.0,4,128,2048,0.002,0.002,core_N128_s4,5,600000,600000,600000,0,True,600000,0.0991080614770855,0.2714383139329758,0.24962529328140234,0.004241223655202747,0.1723302524558903,0.04531330560393254,0.04664590161753496,0.0466310003216322,0.04531385638468172,0.21287017381350176,0.3381495047766893,0.0021904956037118984,0.002426496398606399,0.8500154922652603,-0.6776855871019039,3.4729253379844233e-07,0.1723302524558903,0,1.1341794816086288,,1e-24,599999,0.9970505652810601,0.9999979905241396,825,True,0.10104737828664524,2044,True,0.10128413600571211,0.02824858757062147,,,0.0,,,0.0,,,0.0,,,0.0,,,0.0,,
moment3,10.0,4,128,2048,0.002,0.02,core_N128_s4,5,600000,600000,600000,0,True,600000,0.0991080614770855,0.19509364876846974,0.1938456684559249,0.0030483382620073397,0.09598558729138425,0.010033292747106404,0.010129495536784675,0.01012898152638353,0.010033435967358343,0.10016687952547323,0.3381495047766893,0.0002352749125296826,0.0021854609345995668,0.3349852981441145,-0.23899986652139518,1.5566866495962323e-07,0.09598558729138423,0,1.135259807511139,,1e-24,599999,0.9803611907966456,0.9999985012567949,141,True,0.09949122443466017,324,True,0.09954671997468006,0.0,,,0.0,,,0.0,,,0.0,,,0.0,,,0.0,,
moment3,100.0,4,128,2048,0.002,0.2,core_N128_s4,5,600000,600000,600000,0,True,600000,0.0991080614770855,0.17903681331419827,0.18672674789058086,0.002797450208034348,0.07992875183711277,0.016435337118144044,0.015523677836745622,0.015206518005533798,0.0164436472637224,0.1282325795947429,0.3381495047766893,0.0975900236405665,0.06458894053449142,0.1890669758724417,-0.10913822685672085,2.82139193648531e-09,0.07992875183711279,201947,1.1233371298786443,,1e-24,599999,-0.015296317943448264,0.0005171369657189125,15,True,0.09914841541408215,33,True,0.09915377126613552,0.0,,,0.0,,,0.0,,,0.0,,,0.0,,,0.0,,
moment5,0.0001,4,128,2048,0.002,2.0000000000000002e-07,core_N128_s4,5,600000,600000,600000,0,True,600000,0.0991080614770855,0.10378811020029563,0.10294030830944227,0.0016216892218796192,0.004680048723210137,0.7499941937623519,0.7499942104423201,0.749994210443442,0.7500034283952104,0.866022348027306,0.3381495047766892,1.1267768726584491e-05,2.2388527976941938e-05,0.00424885601427271,0.0004298556532758612,1.3370556615636704e-06,0.0046800487232101316,0,0.38688962810697847,,1e-24,599999,0.9988726764267222,0.999999445963089,1807,True,0.10282956484404972,3702,True,0.10342771173814655,0.0,,,0.0,,,0.0,,,0.0,,,0.0,,,0.0,,
moment5,0.001,4,128,2048,0.002,2e-06,core_N128_s4,5,600000,600000,600000,0,True,600000,0.0991080614770855,0.1037845291158938,0.10299029599631487,0.0016216332674358405,0.0046764676388083015,0.7499941974568214,0.7499942141212917,0.749994214122407,0.7500034320829795,0.8660223501564233,0.3381495047766892,1.1257730634937074e-05,2.2375838556025783e-05,0.004245488273810879,0.0004296588374016256,1.3205275957878998e-06,0.004676467638808293,0,0.38685741912122534,,1e-24,599999,0.9988710988133832,0.9999985006083849,1804,True,0.1028256393704851,3697,True,0.10342435540133425,0.0,,,0.0,,,0.0,,,0.0,,,0.0,,,0.0,,
moment5,0.01,4,128,2048,0.002,2e-05,core_N128_s4,5,600000,600000,600000,0,True,600000,0.0991080614770855,0.10374878980138268,0.10348258618539495,0.0016210748406466043,0.004640728324297183,0.7499942339792609,0.7499942504911221,0.7499942504921691,0.7500034685391371,0.8660223712042249,0.3381495047766892,1.115870618341049e-05,2.2250615148035414e-05,0.0042121147930049485,0.00042770805468087203,9.054766113490147e-07,0.004640728324297171,0,0.38653894536280203,,1e-24,599999,0.9988553108242852,0.9999983855611912,1783,True,0.1027935033300033,3652,True,0.10339118176457926,0.0,,,0.0,,,0.0,,,0.0,,,0.0,,,0.0,,
moment5,0.1,4,128,2048,0.002,0.0002,core_N128_s4,5,600000,600000,600000,0,True,600000,0.0991080614770855,0.10340160087038312,0.10182785246527087,0.0016156500135997363,0.00429353939329763,0.7499945614809886,0.7499945766741685,0.7499945766746743,0.7500037954435601,0.8660225599410272,0.3381495047766892,1.028708892734601e-05,2.1146914294726724e-05,0.003882899850048637,0.00040981572420141564,8.238190475967087e-07,0.0042935393932976495,0,0.38367645014606133,,1e-24,599999,0.9986963881414475,0.9999987770267392,1597,True,0.10251700092663424,3257,True,0.10306644616055763,0.0,,,0.0,,,0.0,,,0.0,,,0.0,,,0.0,,
moment5,1.0,4,128,2048,0.002,0.002,core_N128_s4,5,600000,600000,600000,0,True,600000,0.0991080614770855,0.101655716499448,0.10556299900765545,0.001588370570303875,0.0025476550223625105,0.7499960872432381,0.7499960975740835,0.7499960975730366,0.7500053183953299,0.8660234392098581,0.3381495047766892,6.5378661982645505e-06,1.656880718320024e-05,0.002227725301827256,0.000319697513187586,2.3220734768125039e-07,0.002547655022362524,0,0.36987697727112345,,1e-24,599999,0.9970630810900792,0.9999990136271759,802,True,0.10108302492351222,1625,True,0.10140662782232474,0.0,,,0.0,,,0.0,,,0.0,,,0.0,,,0.0,,
moment5,10.0,4,128,2048,0.002,0.02,core_N128_s4,5,600000,600000,600000,0,True,600000,0.0991080614770855,0.09974360676247153,0.10699564869928972,0.0015584938556636176,0.0006355452853860355,0.7499972462474964,0.7499972553764201,0.7499972553701015,0.7500064750634781,0.866024107006017,0.3381495047766892,3.5253264066961626e-06,1.3259348301274927e-05,0.00039328035295277294,0.00024217128445558133,9.364797768039191e-08,0.0006355452853860347,0,0.3571853786511482,,1e-24,599999,0.9804258150345307,0.9999996351981392,139,True,0.09949843150767777,282,True,0.09956582327274041,0.0,,,0.0,,,0.0,,,0.0,,,0.0,,,0.0,,
moment5,100.0,4,128,2048,0.002,0.2,core_N128_s4,5,600000,600000,600000,0,True,600000,0.0991080614770855,0.09937526408759634,0.10528726036635969,0.0015527385013686928,0.0002672026105108444,0.749996718752576,0.7499967349405775,0.7499967349443837,0.7500059482638857,0.8660238028611583,0.3381495047766892,2.6326018269860358e-06,1.3215872100864695e-05,-9.71798411690985e-06,0.00027692059462778565,-3.9461297072352407e-17,0.00026720261051083635,0,0.35603673252622214,,1e-24,599999,0.8138023500124669,0.999999295853267,14,True,0.0991482597709128,29,True,0.0991557467868602,0.0,,,0.0,,,0.0,,,0.0,,,0.0,,,0.0,,
moment9,0.0001,4,128,2048,0.002,2.0000000000000002e-07,core_N128_s4,5,600000,600000,600000,0,True,600000,0.0991080614770855,0.1032851474054348,0.1025987686153613,0.0016138304282099188,0.004177085928349311,0.7500028269974846,0.7500028358574287,0.7500028358487671,0.7500506530054566,0.8660300609956872,0.3381495047766894,8.57563754006641e-06,1.566079484533829e-05,0.004485041352202392,-0.00030924963497018797,1.2942111171106198e-06,0.004177085928349315,0,0.38684767047018276,,1e-24,599999,0.9988726538168089,0.9999979651987616,1807,True,0.10282857475413758,3706,True,0.10342550226438052,0.0,,,0.0,,,0.0,,,0.0,,,0.0,,,0.0,,
moment9,0.001,4,128,2048,0.002,2e-06,core_N128_s4,5,600000,600000,600000,0,True,600000,0.0991080614770855,0.10328209519336669,0.10255513673753282,0.0016137827373963545,0.004174033716281195,0.7500028239623534,0.7500028328151324,0.750002832806475,0.7500506499493245,0.8660300592313382,0.3381495047766894,8.565755291209572e-06,1.5652502410215744e-05,0.004482016989676173,-0.0003089836664098451,1.000393014873892e-06,0.004174033716281203,0,0.38681550135855947,,1e-24,599999,0.9988710761818468,0.9999980744288538,1805,True,0.10282545920947482,3701,True,0.10342215243883199,0.0,,,0.0,,,0.0,,,0.0,,,0.0,,,0.0,,
moment9,0.01,4,128,2048,0.002,2e-05,core_N128_s4,5,600000,600000,600000,0,True,600000,0.0991080614770855,0.10325155199662753,0.10256136549793658,0.0016133054999473051,0.004143490519542034,0.7500027940400961,0.7500028028219841,0.7500028028133696,0.7500506198192542,0.8660300418368151,0.3381495047766894,8.468214476663201e-06,1.5570375629424932e-05,0.004448982534887744,-0.0003063590758010516,8.67060455339057e-07,0.0041434905195420315,0,0.38649742240279994,,1e-24,599999,0.998855287979063,0.9999979127172681,1783,True,0.10279253556414886,3656,True,0.1033890373954084,0.0,,,0.0,,,0.0,,,0.0,,,0.0,,,0.0,,
moment9,0.1,4,128,2048,0.002,0.0002,core_N128_s4,5,600000,600000,600000,0,True,600000,0.0991080614770855,0.10294842021901317,0.10292093311096595,0.0016085690659220807,0.003840358741927674,0.7500025325997485,0.7500025407436278,0.750002540735419,0.7500503565014527,0.866029889819644,0.3381495047766894,7.608457551964884e-06,1.482321043790478e-05,0.004122718124415045,-0.00028322872065584615,8.693381684604502e-07,0.00384035874192766,0,0.38363851267167304,,1e-24,599999,0.9986963632318089,0.9999981626886411,1597,True,0.10251615865960524,3260,True,0.10306469820514734,0.0,,,0.0,,,0.0,,,0.0,,,0.0,,,0.0,,
moment9,1.0,4,128,2048,0.002,0.002,core_N128_s4,5,600000,600000,600000,0,True,600000,0.0991080614770855,0.10132205380426383,0.105249802043707,0.0015831570906916224,0.002213992327178338,0.7500014784700733,0.7500014838186717,0.7500014838123492,0.7500492934588809,0.8660292761095381,0.3381495047766894,4.118504545040831e-06,1.1128072870561084e-05,0.002398493794915831,-0.0001847326419456699,2.3117420817786891e-07,0.002213992327178339,0,0.36985662571780925,,1e-24,599999,0.9970630393895749,0.9999985900661149,802,True,0.10108270767947133,1626,True,0.10140598815418829,0.0,,,0.0,,,0.0,,,0.0,,,0.0,,,0.0,,
moment9,10.0,4,128,2048,0.002,0.02,core_N128_s4,5,600000,600000,600000,0,True,600000,0.0991080614770855,0.09949632990054112,0.10702254276023633,0.001554630154695955,0.00038826842345562884,0.7500006708308118,0.7500006746156329,0.7500006746056149,0.7500484780220529,0.8660288053455736,0.3381495047766894,1.7535227457570374e-06,6.301157297153525e-06,0.0004952418433409319,-0.00010706711273392381,9.369284861808551e-08,0.00038826842345562613,0,0.3564358425831987,,1e-24,599999,0.9804256402098612,0.9999993024252508,139,True,0.09949838943159674,282,True,0.0995657258112556,0.0,,,0.0,,,0.0,,,0.0,,,0.0,,,0.0,,
moment9,100.0,4,128,2048,0.002,0.2,core_N128_s4,5,600000,600000,600000,0,True,600000,0.0991080614770855,0.09911417961446592,0.10530469503574882,0.00154865905647603,6.118137380425881e-06,0.7500003824733593,0.7500003831417383,0.7500003831400832,0.7500481874188314,0.8660286375758944,0.3381495047766894,1.0795009618399877e-06,1.8319173081998302e-06,7.36558631053694e-05,-6.753772572488696e-05,-5.43708832940362e-17,6.118137380428049e-06,0,0.3537462956272607,,1e-24,599999,0.8138008790518154,0.9999973899451786,14,True,0.09914825582664931,29,True,0.09915573734315937,0.0,,,0.0,,,0.0,,,0.0,,,0.0,,,0.0,,
sine,0.0001,4,128,2048,0.002,2.0000000000000002e-07,core_N128_s4,7,600000,600000,600000,0,True,600000,0.0991080614770855,0.09307348239981114,0.10417481474657686,0.001454273162497049,-0.006034579077274352,0.42400660036995313,0.42401463650889065,0.42401467641882606,0.4240068394381168,0.920876581782941,0.40166878754341634,0.0006619071702586852,0.0006942951012771829,0.010233208943013099,-0.016269742659857356,1.95463956990356e-06,-0.006034579077274357,0,0.39917958221831007,,1e-24,599999,0.9989932043161007,0.9999994889457511,1849,True,0.09827570435351338,3943,True,0.09839426762133684,0.0,,,0.0,,,0.0,,,0.0,,,0.0,,,0.0,,
sine,0.001,4,128,2048,0.002,2e-06,core_N128_s4,7,600000,600000,600000,0,True,600000,0.0991080614770855,0.09309142717709684,0.10416530203984505,0.0014545535496421381,-0.006016634299988652,0.42400610845261905,0.4240141685141085,0.42401420874645857,0.4240063475196933,0.9208760475978223,0.40166878754341634,0.0006622402130437955,0.0006952496736698699,0.010242624067440266,-0.016261115681525103,1.8573140961769825e-06,-0.00601663429998866,0,0.39912136072446563,,1e-24,599999,0.9989917345264369,0.999999490118176,1847,True,0.09827807488977344,3938,True,0.09839758962295003,0.0,,,0.0,,,0.0,,,0.0,,,0.0,,,0.0,,
sine,0.01,4,128,2048,0.002,2e-05,core_N128_s4,7,600000,600000,600000,0,True,600000,0.0991080614770855,0.09326875506984764,0.10407000916305922,0.0014573242979663693,-0.005839306407237857,0.42400111465323276,0.4240094202057997,0.424009463772851,0.4240013537090449,0.9208706246906184,0.40166878754341634,0.0006655221691196036,0.0007049819722984944,0.010333052051493713,-0.01617452741324886,2.1689545173075835e-06,-0.005839306407237842,0,0.3985446877091345,,1e-24,599999,0.9989770383475364,0.9999995008945897,1827,True,0.09830218954026,3894,True,0.0984296865549357,0.0,,,0.0,,,0.0,,,0.0,,,0.0,,,0.0,,
sine,0.1,4,128,2048,0.002,0.0002,core_N128_s4,7,600000,600000,600000,0,True,600000,0.0991080614770855,0.09502500648583294,0.10311623331073434,0.0014847657263411397,-0.004083054991252555,0.42394442722881637,0.4239558259500795,0.4239559154063579,0.4239446661293927,0.9208090639534264,0.40166878754341634,0.0006949250238743901,0.0008183750317249072,0.011207198879601577,-0.015291280324028995,1.026453174886153e-06,-0.004083054991252531,0,0.39328575437877833,,1e-24,599999,0.9988302282998063,0.9999996201421713,1650,True,0.09856882086375884,3503,True,0.09866618589496726,0.0,,,0.0,,,0.0,,,0.0,,,0.0,,,0.0,,
sine,1.0,4,128,2048,0.002,0.002,core_N128_s4,7,600000,600000,600000,0,True,600000,0.0991080614770855,0.11060440754483726,0.11052504020981935,0.0017281938678880822,0.011496346067751767,0.4198351210583693,0.4211364848660399,0.42123925226881664,0.41983517889942334,0.9163352867803611,0.40166878754341634,0.002445231619742856,0.009192080307375682,0.017904221980260104,-0.006408345273167349,4.6936065901963546e-07,0.011496346067751776,0,0.7716485548941657,,1e-24,599999,0.997368653533499,1.0000006650645905,840,True,0.09918164613362436,1755,True,0.09934710459409903,0.0,,,0.0,,,0.0,,,0.0,,,0.0,,,0.0,,
sine,10.0,4,128,2048,0.002,0.02,core_N128_s4,7,600000,600000,600000,0,True,600000,0.0991080614770855,0.14801529952452558,0.1560608756094407,0.002312739055070712,0.048907238047440085,0.3385058032914287,0.3385238368173421,0.33852360978249163,0.3385067850519719,0.8228083434822132,0.40166878754341634,5.979057680399385e-05,0.0005813412921200117,0.03554007303474336,0.01336715564496696,9.367729779601231e-09,0.0489072380474401,0,1.2177703347802993,,1e-24,599999,0.9827991988048405,0.9999981839539923,142,True,0.0991646142920237,295,True,0.09920255281825119,0.0,,,0.0,,,0.0,,,0.0,,,0.0,,,0.0,,
sine,100.0,4,128,2048,0.002,0.2,core_N128_s4,7,600000,600000,600000,0,True,600000,0.0991080614770855,0.12985815389275618,0.11967160766423897,0.0020290336545743153,0.030750092415670685,0.33673336944636567,0.33682558194362555,0.3368261317897652,0.33673434799190394,0.8206513851714429,0.40166878754341634,0.0001157264949736257,0.0011298715527945583,-0.003419831180469135,0.034169922742219014,8.539208226525801e-10,0.0307500924156707,0,1.002805618508737,,1e-24,599999,0.8371438349760458,1.0000002959625682,15,True,0.09911418154780288,30,True,0.09911831924901908,0.0,,,0.0,,,0.0,,,0.0,,,0.0,,,0.0,,
runge,0.0001,4,128,2048,0.002,2.0000000000000002e-07,core_N128_s4,7,600000,600000,600000,0,True,600000,0.0991080614770855,0.16658895930193887,0.07844061945986588,0.002602952489092795,0.06748089782485338,0.03950737538483577,0.039603749303680706,0.03960327509711993,0.03950739273746085,0.5023237773105139,0.15800777738149613,8.899911297713503e-05,0.006425782269834537,7.163999434376695e-05,0.06740913302577696,1.2480473264457052e-07,0.06748089782485336,0,1.9127342013565025,222922,1e-24,599999,0.998363956529938,0.9999994544342351,1500,True,0.09852247655694465,3649,True,0.09849531045734337,0.011299435028248588,,,0.0,,,0.0,,,0.0,,,0.0,,,0.0,,
runge,0.001,4,128,2048,0.002,2e-06,core_N128_s4,7,600000,600000,600000,0,True,600000,0.0991080614770855,0.16641434876923109,0.0784601979448957,0.0026002241995192357,0.06730628729214559,0.03941897772492546,0.03951610447867263,0.039515618453874204,0.039418994968721865,0.5017614880211296,0.15800777738149613,8.781010956173614e-05,0.006382358733952632,6.558489454489924e-05,0.06724060911583285,9.328176784795203e-08,0.0673062872921456,0,1.9104896252988208,222533,1e-24,599999,0.9983615396868724,0.999999448405132,1499,True,0.09852317647070344,3644,True,0.09849616144581103,0.011299435028248588,,,0.0,,,0.0,,,0.0,,,0.0,,,0.0,,
runge,0.01,4,128,2048,0.002,2e-05,core_N128_s4,7,600000,600000,600000,0,True,600000,0.0991080614770855,0.16466357802496517,0.0785755125930588,0.002572868406640081,0.06555551654787968,0.03868904637314001,0.03878628422501588,0.03878573804123983,0.038689063346540764,0.4970941575532268,0.15800777738149613,8.907732830007438e-05,0.005969087187281324,4.2374146597272066e-05,0.06551298649426872,1.5590701366927428e-07,0.06555551654787967,0,1.8905809799554971,218911,1e-24,599999,0.998337368050616,0.9999993259912484,1483,True,0.09853062599020182,3603,True,0.09850472163728602,0.011299435028248588,,,0.0,,,0.0,,,0.0,,,0.0,,,0.0,,
runge,0.1,4,128,2048,0.002,0.0002,core_N128_s4,7,600000,600000,600000,0,True,600000,0.0991080614770855,0.15390851165431352,0.08288358840064808,0.0024048204945986487,0.054800450177228024,0.03606362129353774,0.036121492019545044,0.03612113124471314,0.03606364098154493,0.47993158943757136,0.15800777738149613,0.00012156067222349573,0.003362720398288324,6.628902663461528e-05,0.05473410899983404,5.2150759392454334e-08,0.05480045017722804,0,1.7893845530277133,196146,1e-24,599999,0.998095374205957,0.9999987817266066,1340,True,0.09859501636035195,3233,True,0.09857815630539928,0.0,,,0.0,,,0.0,,,0.0,,,0.0,,,0.0,,
runge,1.0,4,128,2048,0.002,0.002,core_N128_s4,7,600000,600000,600000,0,True,600000,0.0991080614770855,0.13818666022194567,0.09530865623453015,0.002159166565967901,0.03907859874486018,0.033662069292496835,0.033683332211483556,0.033683187544775235,0.03366208956660931,0.4636765010624674,0.15800777738149613,5.106938899133467e-05,0.0020946931726040998,0.00013981654610996106,0.03893876160368439,2.059506582023288e-08,0.03907859874486017,0,1.571101004332815,143971,1e-24,599999,0.9956645632054648,0.9999988469513231,682,True,0.09884980236471606,1604,True,0.0988468787129592,0.0,,,0.0,,,0.0,,,0.0,,,0.0,,,0.0,,
runge,10.0,4,128,2048,0.002,0.02,core_N128_s4,7,600000,600000,600000,0,True,600000,0.0991080614770855,0.12282853340840426,0.10665845414751991,0.0019191958345063165,0.023720471931318765,0.03306365043129668,0.033074352126633115,0.03307432346662239,0.03306367197982672,0.4595365853558271,0.15800777738149613,3.257116203108122e-05,0.000904042137878465,4.5363713187192096e-05,0.02367510799967912,2.1845246943962933e-10,0.02372047193131878,0,1.1292039842589188,,1e-24,599999,0.9712897800687014,0.9999991606389057,115,True,0.09907083478426519,265,True,0.09907153585605234,0.0,,,0.0,,,0.0,,,0.0,,,0.0,,,0.0,,
runge,100.0,4,128,2048,0.002,0.2,core_N128_s4,7,600000,600000,600000,0,True,600000,0.0991080614770855,0.11316151670590335,0.10599887750672474,0.00176814869852974,0.01405345522881786,0.03224966734390185,0.03227736349361569,0.032277507800587676,0.032249686790416586,0.45384473492413047,0.15800777738149613,2.6217690591836297e-05,0.0011007361917125646,-0.00028125063197509165,0.014334705675369592,1.854233356365856e-10,0.014053455228817839,0,1.0109215808340681,,1e-24,599999,0.7274927512688917,0.9999995257468479,12,True,0.09910396316463134,27,True,0.09910408004362695,0.0,,,0.0,,,0.0,,,0.0,,,0.0,,,0.0,,
moment3,0.0001,4,128,2048,0.002,2.0000000000000002e-07,core_N128_s4,7,600000,600000,600000,0,True,600000,0.0991080614770855,0.1367560013638922,0.08036197760631728,0.0021368125213108158,0.03764793988680672,0.012940200997692441,0.015600986715505706,0.015444434616980474,0.012940113603184993,0.1137544375287315,0.3381516803309492,0.007239615640659634,0.056345754710547764,0.002199476460644215,0.03544471928028357,3.7441458789324525e-06,0.03764793988680673,0,2.6337597952919802,259689,1e-24,599999,0.998866767240285,1.0000002769929714,1879,True,0.10274457124250055,6694,True,0.10292112999639585,0.022598870056497175,,,0.0,,,0.0,,,0.0,,,0.0,,,0.0,,
moment3,0.001,4,128,2048,0.002,2e-06,core_N128_s4,7,600000,600000,600000,0,True,600000,0.0991080614770855,0.13790045418644306,0.08108829788011378,0.002154694596663173,0.03879239270935757,0.012102308119894767,0.014448962786353525,0.014313237214731211,0.012102237320123528,0.11000999256664708,0.3381516803309492,0.006916807912779726,0.05518661741130112,0.002379574998268966,0.036409870242942705,2.947468145886963e-06,0.03879239270935756,0,2.608513407571337,259308,1e-24,599999,0.9988651828965549,1.0000002869977043,1877,True,0.10274173529442004,6672,True,0.10291868805958507,0.022598870056497175,,,0.0,,,0.0,,,0.0,,,0.0,,,0.0,,
moment3,0.01,4,128,2048,0.002,2e-05,core_N128_s4,7,600000,600000,600000,0,True,600000,0.0991080614770855,0.14133793287821922,0.0929058159441525,0.0022084052012221753,0.042229871401133726,0.008521468957830791,0.009674969554520877,0.009621204592520805,0.008521458356880524,0.09231159730916254,0.3381516803309492,0.0051823383629183645,0.04800440618262416,0.0005762405880956436,0.04165078299355257,2.8478194855203056e-06,0.04222987140113373,0,2.5235861705453004,255716,1e-24,599999,0.998849327748983,1.0000003398288018,1854,True,0.10271127017369396,6466,True,0.1028930524443266,0.022598870056497175,,,0.0,,,0.0,,,0.0,,,0.0,,,0.0,,
moment3,0.1,4,128,2048,0.002,0.0002,core_N128_s4,7,600000,600000,600000,0,True,600000,0.0991080614770855,0.10900748807608263,0.06006912828726974,0.001703242001188791,0.009899426598997133,0.00602759730036484,0.006638984143162573,0.006618439274762078,0.006027612129008635,0.07763757322762051,0.3381516803309492,0.003424803477612929,0.03928763038915695,-0.0224698436406258,0.032367501474654656,1.7687649682721704e-06,0.009899426598997133,0,2.2504965183887458,230576,1e-24,599999,0.9986897468279595,1.0000003949589673,1657,True,0.10243540463551358,5133,True,0.10270440048435085,0.011299435028248588,,,0.0,,,0.0,,,0.0,,,0.0,,,0.0,,
moment3,1.0,4,128,2048,0.002,0.002,core_N128_s4,7,600000,600000,600000,0,True,600000,0.0991080614770855,0.21695874484502226,0.21834063307530951,0.0033899803882034727,0.11785068336793676,0.006906922077851152,0.007096911765775124,0.007095379430445914,0.006907103488101715,0.08310885218832076,0.3381516803309492,0.0005873090659884465,0.006123531005699852,0.15744834766116572,-0.0395979694168804,3.0512365143735835e-07,0.11785068336793675,0,1.9611659159979162,153532,1e-24,599999,0.9970505713939921,0.9999985063078288,825,True,0.10104699537909304,2047,True,0.10128303697423746,0.01694915254237288,,,0.0,,,0.0,,,0.0,,,0.0,,,0.0,,
moment3,10.0,4,128,2048,0.002,0.02,core_N128_s4,7,600000,600000,600000,0,True,600000,0.0991080614770855,0.16683406640755058,0.1719208830136661,0.002606782287617978,0.06772600493046509,0.0010700479353065173,0.0010887721853957374,0.0010885770053147281,0.0010700854920076331,0.03271210871185803,0.3381516803309492,6.90397384224665e-05,0.010842728882872707,0.07929597854915066,-0.011570115777079839,1.4215839424166575e-07,0.06772600493046506,0,1.7103424451268625,72104,1e-24,599999,0.980361185362632,0.9999979974800607,141,True,0.09949116739768754,324,True,0.09954658829899683,0.005649717514124294,,,0.0,,,0.0,,,0.0,,,0.0,,,0.0,,
moment3,100.0,4,128,2048,0.002,0.2,core_N128_s4,7,600000,600000,600000,0,True,600000,0.0991080614770855,0.12487922502240198,0.12728366552257359,0.001951237890975031,0.025771163545316486,0.0007856880251632115,0.0007857404089731967,0.0007857403478015446,0.0007857020695723975,0.028030332623543982,0.3381516803309492,3.337461046707988e-06,0.0007357490606498856,0.022890690994175452,0.0028804702346298945,2.3165111219451288e-09,0.025771163545316472,0,1.42707633647579,,1e-24,599999,0.8132232065548458,0.9999930644223829,15,True,0.09914840945199425,33,True,0.09915375800127721,0.005649717514124294,,,0.0,,,0.0,,,0.0,,,0.0,,,0.0,,
moment5,0.0001,4,128,2048,0.002,2.0000000000000002e-07,core_N128_s4,7,600000,600000,600000,0,True,600000,0.0991080614770855,0.10370332141591618,0.1029016977813923,0.0016203643971236903,0.004595259938830684,0.7499955665212978,0.7499955803605343,0.7499955803573233,0.7500048011504026,0.8660231405811036,0.33815168033094906,9.163266266498164e-06,2.001780248819149e-05,0.004284009867885593,0.0003099482132556171,1.3018576894810992e-06,0.004595259938830692,0,0.386849618088273,,1e-24,599999,0.9988727053325898,0.9999979205699487,1807,True,0.102829340641992,3703,True,0.10342736341092185,0.0,,,0.0,,,0.0,,,0.0,,,0.0,,,0.0,,
moment5,0.001,4,128,2048,0.002,2e-06,core_N128_s4,7,600000,600000,600000,0,True,600000,0.0991080614770855,0.10369982406958103,0.10286210527198485,0.0016203097510872036,0.004591762592495538,0.749995569113771,0.7499955829402944,0.7499955829370821,0.7500048037361556,0.8660231420739755,0.33815168033094906,9.155409610278045e-06,2.000660036062483e-05,0.004280923795226822,0.0003098308268622462,1.0079704064676909e-06,0.004591762592495536,0,0.38681745408047696,,1e-24,599999,0.9988711277291563,0.9999980652148915,1805,True,0.10282622378296473,3698,True,0.10342400848811775,0.0,,,0.0,,,0.0,,,0.0,,,0.0,,,0.0,,
moment5,0.01,4,128,2048,0.002,2e-05,core_N128_s4,7,600000,600000,600000,0,True,600000,0.0991080614770855,0.10366490698982903,0.10325589741389059,0.0016197641717160785,0.004556845512743532,0.7499955947662236,0.7499956084674871,0.7499956084642627,0.7500048293221293,0.8660231568459109,0.33815168033094906,9.077892524066733e-06,1.9895981671614716e-05,0.004247306991254615,0.0003086645716278625,8.739498610660188e-07,0.004556845512743542,0,0.3864994246339636,,1e-24,599999,0.9988553398403767,0.9999981131850083,1783,True,0.10279328569997463,3653,True,0.10339084772343311,0.0,,,0.0,,,0.0,,,0.0,,,0.0,,,0.0,,
moment5,0.1,4,128,2048,0.002,0.0002,core_N128_s4,7,600000,600000,600000,0,True,600000,0.0991080614770855,0.10332465652434593,0.10181141710170093,0.0016144477581929051,0.004216595047260435,0.7499958267467942,0.7499958393602909,0.7499958393569993,0.7500050607035135,0.8660232904327982,0.33815168033094906,8.394710371868045e-06,1.8915280698522813e-05,0.003917986563259526,0.00029774709110935775,8.613928915622252e-07,0.004216595047260446,0,0.3836408839446752,,1e-24,599999,0.9986964181524912,0.9999982193086614,1597,True,0.10251679679658067,3258,True,0.10306621612447414,0.0,,,0.0,,,0.0,,,0.0,,,0.0,,,0.0,,
moment5,1.0,4,128,2048,0.002,0.002,core_N128_s4,7,600000,600000,600000,0,True,600000,0.0991080614770855,0.10159796418462332,0.10547593885677208,0.0015874681903847393,0.002489902707537822,0.7499969499419548,0.749996958472454,0.749996958469267,0.7500061810775789,0.8660239372748818,0.33815168033094906,5.437342710245059e-06,1.4719575849295886e-05,0.002251083674479534,0.00023858944063630323,2.2959242199229457e-07,0.0024899027075378287,0,0.36985912409910326,,1e-24,599999,0.9970631215887599,0.9999988362379937,802,True,0.10108294835082317,1625,True,0.10140650966506802,0.0,,,0.0,,,0.0,,,0.0,,,0.0,,,0.0,,
moment5,10.0,4,128,2048,0.002,0.02,core_N128_s4,7,600000,600000,600000,0,True,600000,0.0991080614770855,0.09969947259443182,0.10701217037910181,0.0015578042592879972,0.0005914111173463271,0.7499978201434501,0.7499978275546265,0.7499978275466819,0.750007048920859,0.8660244383193104,0.33815168033094906,2.98357150388187e-06,1.1325592252985548e-05,0.0004058057062641616,0.0001855116111293976,9.379995277298237e-08,0.0005914111173463323,0,0.35643645449799594,,1e-24,599999,0.9804259720003863,0.9999994241674178,139,True,0.09949842074011864,282,True,0.09956580671108546,0.0,,,0.0,,,0.0,,,0.0,,,0.0,,,0.0,,
moment5,100.0,4,128,2048,0.002,0.2,core_N128_s4,7,600000,600000,600000,0,True,600000,0.0991080614770855,0.09932629310761024,0.1052694331365882,0.00155197332980641,0.00021823163052474281,0.7499973997021063,0.7499974110489249,0.7499974110484211,0.7500066290169831,0.8660241958902095,0.33815168033094906,2.1674851249281116e-06,1.0456813439042418e-05,-3.145464376733166e-07,0.00021854617696191492,5.269730972693842e-16,0.0002182316305247686,0,0.35442265990631405,,1e-24,599999,0.8138036873811976,0.9999988762502119,14,True,0.0991482586486692,29,True,0.0991557451202004,0.0,,,0.0,,,0.0,,,0.0,,,0.0,,,0.0,,
moment9,0.0001,4,128,2048,0.002,2.0000000000000002e-07,core_N128_s4,7,600000,600000,600000,0,True,600000,0.0991080614770855,0.10328347902003987,0.10260606948343595,0.001613804359688123,0.004175417542954377,0.7500028420179211,0.7500028509801057,0.7500028509712621,0.7500506682511517,0.8660300697972463,0.3381516803309493,8.630758820029966e-06,1.574710138190537e-05,0.004485848044947935,-0.00031168149251584897,1.2509905222883183e-06,0.004175417542954377,0,0.3868302203364804,,1e-24,599999,0.9988726854597406,0.9999979450284717,1807,True,0.10282852098357238,3706,True,0.10342549428317395,0.0,,,0.0,,,0.0,,,0.0,,,0.0,,,0.0,,
moment9,0.001,4,128,2048,0.002,2e-06,core_N128_s4,7,600000,600000,600000,0,True,600000,0.0991080614770855,0.10328042983685254,0.10256242731433395,0.001613756716200821,0.004172368359767045,0.7500028389625608,0.7500028479174417,0.7500028479086026,0.7500506651746415,0.8660300680211326,0.3381516803309493,8.620787573433015e-06,1.573872003938094e-05,0.004482732910053631,-0.00031141266484223384,1.0481145556477197e-06,0.004172368359767044,0,0.38679807103796676,,1e-24,599999,0.9988711078373038,0.9999978590952282,1805,True,0.1028254057177032,3701,True,0.10342214477977485,0.0,,,0.0,,,0.0,,,0.0,,,0.0,,,0.0,,
moment9,0.01,4,128,2048,0.002,2e-05,core_N128_s4,7,600000,600000,600000,0,True,600000,0.0991080614770855,0.10324991626421608,0.10255768914233594,0.0016132799416283762,0.004141854787130583,0.7500028088414119,0.7500028177240361,0.750002817715242,0.7500506348442075,0.8660300505109368,0.3381516803309493,8.522372185376716e-06,1.5655718177647826e-05,0.004449699439774362,-0.00030875993340631137,9.152807625010941e-07,0.004141854787130554,0,0.3864801877295817,,1e-24,599999,0.9988553197619165,0.9999980785879846,1783,True,0.10279248470409766,3656,True,0.10338903289547624,0.0,,,0.0,,,0.0,,,0.0,,,0.0,,,0.0,,
moment9,0.1,4,128,2048,0.002,0.0002,core_N128_s4,7,600000,600000,600000,0,True,600000,0.0991080614770855,0.10294702573494463,0.10293000823959306,0.0016085472771085099,0.003838964257859137,0.7500025457033839,0.7500025539362724,0.7500025539279007,0.7500503698156628,0.8660298975061305,0.3381516803309493,7.655190782298424e-06,1.4901006820159492e-05,0.004123494879960379,-0.00028538715290988686,8.565308086263029e-07,0.003838964257859119,0,0.38362301413550237,,1e-24,599999,0.9986963962673773,0.9999980577492523,1597,True,0.10251609936539173,3260,True,0.10306471651408268,0.0,,,0.0,,,0.0,,,0.0,,,0.0,,,0.0,,
moment9,1.0,4,128,2048,0.002,0.002,core_N128_s4,7,600000,600000,600000,0,True,600000,0.0991080614770855,0.10132124438185612,0.10524820621737396,0.0015831444434665019,0.0022131829047706275,0.7500014853862478,0.7500014907805961,0.7500014907741763,0.7500493005281101,0.8660292801907095,0.3381516803309493,4.139265666151023e-06,1.1176169682539979e-05,0.0023989095913191463,-0.0001859701690262451,2.4348247770618327e-07,0.0022131829047706063,0,0.369848859860632,,1e-24,599999,0.9970630849250444,0.9999983728712297,802,True,0.10108268718386265,1626,True,0.10140599809975567,0.0,,,0.0,,,0.0,,,0.0,,,0.0,,,0.0,,
moment9,10.0,4,128,2048,0.002,0.02,core_N128_s4,7,600000,600000,600000,0,True,600000,0.0991080614770855,0.09949589911740923,0.10702218418051,0.0015546234237095193,0.00038783764032374046,0.7500006738347998,0.7500006776355258,0.7500006776254243,0.750048481132541,0.8660288071413057,0.3381516803309493,1.760501652655427e-06,6.320271812657492e-06,0.0004954407227132373,-0.00010769692141445463,9.383902496619254e-08,0.0003878376403237489,0,0.3564345346765707,,1e-24,599999,0.980425817327747,0.9999993105207807,139,True,0.09949838635058439,282,True,0.09956572643143148,0.0,,,0.0,,,0.0,,,0.0,,,0.0,,,0.0,,
moment9,100.0,4,128,2048,0.002,0.2,core_N128_s4,7,600000,600000,600000,0,True,600000,0.0991080614770855,0.0991139004456281,0.10530457464808063,0.001548654694462939,5.838968542601353e-06,0.7500003849674878,0.7500003856415036,0.7500003856398646,0.7500481900032667,0.8660286390679286,0.3381516803309493,1.0860534420998901e-06,1.8448664091437217e-06,7.381976250029563e-05,-6.798079395784857e-05,1.5208312240040446e-16,5.838968542599127e-06,0,0.3537461577174184,,1e-24,599999,0.8138023827372716,0.9999973726778298,14,True,0.09914825543482804,29,True,0.09915573735387037,0.0,,,0.0,,,0.0,,,0.0,,,0.0,,,0.0,,
sine,0.0001,1,128,2048,0.002,2.0000000000000002e-07,core_N128_s1,0,600000,600000,600000,0,True,600000,0.08760374355490284,0.11207135560182829,0.09374371484823958,0.001751114931278567,0.02446761204692545,0.414962791188239,0.41662944864517465,0.41667897493264705,0.41496286549077266,0.9110025965833167,0.24805710780601511,0.0016940776890646543,0.0106004012483331,0.026191658757121695,-0.0017247301418922252,6.834316959828512e-07,0.02446761204692545,0,1.3690629099846827,,1e-24,599999,0.9987699132558042,1.0000014521742406,1716,True,0.08898541710716018,3774,True,0.08929178293199386,0.005649717514124294,,,0.0,,,0.0,,,0.0,,,0.0,,,0.0,,
sine,0.001,1,128,2048,0.002,2e-06,core_N128_s1,0,600000,600000,600000,0,True,600000,0.08760374355490284,0.11218870099230716,0.09375564839808827,0.0017529484530047993,0.02458495743740431,0.4147846014917348,0.4165033882947515,0.4165556342529134,0.41478466966250993,0.9108069714956182,0.24805710780601511,0.0017198957799368286,0.010739211354531136,0.0262592797660039,-0.0016748947063447268,5.7237774514392e-07,0.024584957437404315,0,1.3766925186840249,,1e-24,599999,0.998768135672938,1.0000014549244567,1714,True,0.0889842107280611,3771,True,0.08928960943736435,0.005649717514124294,,,0.0,,,0.0,,,0.0,,,0.0,,,0.0,,
sine,0.01,1,128,2048,0.002,2e-05,core_N128_s1,0,600000,600000,600000,0,True,600000,0.08760374355490284,0.11345757549164552,0.0946230069845985,0.0017727746170569613,0.025853831936742677,0.4127072011715031,0.4150546994784132,0.41514119342877,0.41270719433848396,0.9085231910507117,0.24805710780601511,0.002011129661805526,0.012277107275120032,0.027003205839632637,-0.0011500179407413985,6.440378514226278e-07,0.02585383193674266,0,1.4586712722664066,,1e-24,599999,0.9987503504898941,1.0000014819536212,1699,True,0.08897395700633044,3735,True,0.08926779676176752,0.005649717514124294,,,0.0,,,0.0,,,0.0,,,0.0,,,0.0,,
sine,0.1,1,128,2048,0.002,0.0002,core_N128_s1,0,600000,600000,600000,0,True,600000,0.08760374355490284,0.14127007913466122,0.12550454674261113,0.0022073449864790816,0.053666335579758376,0.3134397450466753,0.3452721036496566,0.34624543929524654,0.3134367192421341,0.7917533949938379,0.24805710780601511,0.0077610594695737695,0.03980603013508863,0.04652606450602458,0.0071400300729262,2.4100080759078824e-07,0.053666335579758376,0,2.9885569682701854,561862,1e-24,599999,0.9985716709074065,1.0000017150543208,1558,True,0.08888546467279468,3414,True,0.08911795064711016,0.005649717514124294,,,0.0,,,0.0,,,0.0,,,0.0,,,0.0,,
sine,1.0,1,128,2048,0.002,0.002,core_N128_s1,0,600000,600000,600000,0,True,600000,0.08760374355490284,0.16489565581389604,0.11633864889014807,0.0025764946220921256,0.07729191225899319,0.14856102322417403,0.1493644585234295,0.14935045681120884,0.1485617410429992,0.5450903430496622,0.24805710780601511,0.001282159217564133,0.01101809642141782,0.025487477466047157,0.05180426173677309,1.730561729345858e-07,0.07729191225899318,0,5.947540089170086,413866,1e-24,599999,0.9967488744545691,1.000000219206577,863,True,0.08849191233304056,1865,True,0.08863171573844603,0.005649717514124294,,,0.005649717514124294,,,0.0,,,0.005649717514124294,,,0.0,,,0.0,,
sine,10.0,1,128,2048,0.002,0.02,core_N128_s1,0,600000,600000,600000,0,True,600000,0.08760374355490284,0.15076769418671795,0.10310021700340802,0.002355745221667468,0.06316395063181511,0.05551211161534368,0.05712943772037124,0.057121314421241076,0.055512179786249165,0.3332031806158193,0.24805710780601511,0.0005979932295662089,0.018424264770900117,0.0003787866232223518,0.06278511225931495,5.1749277827715264e-08,0.06316395063181512,0,6.3603496346885136,217674,1e-24,599999,0.9782608341014565,0.9999991284743331,161,True,0.08780228102534252,345,True,0.08783711753797471,0.011299435028248588,,,0.005649717514124294,,,0.0,,,0.005649717514124294,,,0.0,,,0.0,,
sine,100.0,1,128,2048,0.002,0.2,core_N128_s1,0,600000,600000,600000,0,True,600000,0.08760374355490284,0.1512270890349129,0.11890352450345622,0.002362923266170514,0.06362334548001004,0.0035854788303644925,0.003973300237295348,0.003971734513905968,0.003585437742726501,0.08468102199107544,0.24805710780601511,8.35845816433209e-05,0.03201404619931973,0.028265265822753675,0.035358073651241335,6.006015030730765e-09,0.06362334548001003,0,5.593530015481244,99590,1e-24,599999,0.793156432266136,0.999998398559788,17,True,0.08762591648864493,36,True,0.08762990491905799,0.01694915254237288,,,0.0,,,0.0,,,0.0,,,0.0,,,0.0,,
runge,0.0001,1,128,2048,0.002,2.0000000000000002e-07,core_N128_s1,0,600000,600000,600000,0,True,600000,0.08760374355490284,0.18632713790989813,0.07085867549179768,0.0029113615298421583,0.09872339435499529,0.02278988591618517,0.02305222855963039,0.023051128446895892,0.02278986454447267,0.38151834274362045,0.1686856544790818,0.00014436157603700192,0.016649591226103582,0.001621657812009892,0.09710169451084935,4.2032136018340195e-08,0.09872339435499528,0,3.5245862605160516,205761,1e-24,599999,0.998110977351412,0.9999992679677266,946,True,0.08746687914819552,2596,True,0.08744826889507637,0.02824858757062147,,,0.0,,,0.0,,,0.0,,,0.0,,,0.0,,
runge,0.001,1,128,2048,0.002,2e-06,core_N128_s1,0,600000,600000,600000,0,True,600000,0.08760374355490284,0.18497432673060127,0.07151709640432859,0.002890223855165645,0.09737058317569842,0.022304377371455457,0.022575227684304155,0.02257416328453618,0.022304355027552028,0.3774325798863811,0.1686856544790818,0.00014601401301764545,0.01687494070341972,0.0015310560176112964,0.09583948450593585,4.2652151275735207e-08,0.09737058317569841,0,3.5706883946321133,205379,1e-24,599999,0.9981083921079561,0.9999993073809778,945,True,0.0874670554023906,2594,True,0.08744846889380914,0.02824858757062147,,,0.0,,,0.0,,,0.0,,,0.0,,,0.0,,
runge,0.01,1,128,2048,0.002,2e-05,core_N128_s1,0,600000,600000,600000,0,True,600000,0.08760374355490284,0.1742726284452032,0.07163112333945819,0.0027230098194563,0.08666888489030035,0.018220620251346246,0.018549315123915933,0.018548256255547922,0.01822059114910135,0.3411346094599431,0.1686856544790818,0.00017518328764737224,0.019133797888875242,0.0009846203170441404,0.08568416084466904,1.0372858714392781e-07,0.08666888489030034,0,3.9473580654063793,201834,1e-24,599999,0.9980825375647301,0.9999994445058692,935,True,0.08746879643846742,2571,True,0.08745041667933041,0.02824858757062147,,,0.0,,,0.0,,,0.0,,,0.0,,,0.0,,
runge,0.1,1,128,2048,0.002,0.0002,core_N128_s1,0,600000,600000,600000,0,True,600000,0.08760374355490284,0.1444304927138368,0.07428078852704753,0.0022567264486537,0.056826749158933945,0.007187603736099965,0.007487952953468525,0.007486065730548323,0.00718757491046702,0.2142573568443813,0.1686856544790818,0.0004863680258398628,0.027513199036583967,0.0007205440708755924,0.0561061800544359,2.5033622448176183e-08,0.05682674915893393,0,4.561951813011061,179947,1e-24,599999,0.9978238090360151,0.9999992190925183,847,True,0.08748372643191678,2365,True,0.08746717182091394,0.01694915254237288,,,0.0,,,0.0,,,0.005649717514124294,,,0.0,,,0.0,,
runge,1.0,1,128,2048,0.002,0.002,core_N128_s1,0,600000,600000,600000,0,True,600000,0.08760374355490284,0.12745363383498517,0.08664677531132241,0.0019914630286716434,0.03984989028008233,0.002573194512863726,0.0026842264117271407,0.002682996961313429,0.0025731840287729164,0.1281976235474627,0.1686856544790818,6.343851060929725e-05,0.029758709224593494,0.00047617168399615025,0.03937365993164322,5.866444295452004e-08,0.039849890280082324,0,4.415369071339173,127005,1e-24,599999,0.9952292467224204,0.9999983762807432,446,True,0.0875400349239415,1325,True,0.08753628088139359,0.011299435028248588,,,0.0,,,0.0,,,0.005649717514124294,,,0.0,,,0.0,,
runge,10.0,1,128,2048,0.002,0.02,core_N128_s1,0,600000,600000,600000,0,True,600000,0.08760374355490284,0.12124888847518822,0.08654320562338216,0.001894513882424816,0.03364514492028538,0.0023582226883922834,0.002389620309202524,0.002389530641460011,0.0023582217986478004,0.12272608370970245,0.1686856544790818,6.254797392347232e-05,0.017528291970559853,0.0005349160532054642,0.03311022851978838,3.472915379404305e-10,0.03364514492028539,0,4.019281660804797,126849,1e-24,599999,0.9692380182265458,0.9999995648803749,80,True,0.08759260657143435,247,True,0.08759070945515875,0.011299435028248588,,,0.0,,,0.0,,,0.005649717514124294,,,0.0,,,0.0,,
runge,100.0,1,128,2048,0.002,0.2,core_N128_s1,0,600000,600000,600000,0,True,600000,0.08760374355490284,0.11721861806562298,0.08362957520830434,0.001831540907275359,0.029614874510720132,0.003011324288204287,0.003061951334664592,0.0030617447933299767,0.003011321954242795,0.1386829739466282,0.1686856544790818,2.085190882275505e-05,0.02000661585529609,-0.00010024865327754811,0.029715123163996167,1.5244929453363773e-15,0.029614874510720143,0,3.4261936930211885,184850,1e-24,599999,0.709291393249156,0.999999402026789,9,True,0.08760248502772833,26,True,0.08760233225071704,0.011299435028248588,,,0.0,,,0.0,,,0.0,,,0.0,,,0.0,,
moment3,0.0001,1,128,2048,0.002,2.0000000000000002e-07,core_N128_s1,0,600000,600000,600000,0,True,600000,0.08760374355490284,0.2674736213456718,0.15267423899831975,0.004179275333526122,0.17986987779076896,0.44906969163449745,0.45244782188237487,0.4524509530905071,0.4490711758668572,0.6701266552471677,0.4920539988529314,0.004409138552855872,0.012639974628549322,0.16159556316539403,0.018271002855741836,3.3117696330705016e-06,0.17986987779076896,0,4.479715405321723,342373,1e-24,599999,0.9989320443254617,0.9999992411453958,1771,True,0.09020684469761216,4170,True,0.090861055670487,0.03954802259887006,,,0.011299435028248588,,,0.0,,,0.03389830508474576,,,0.0,,,0.0,,
moment3,0.001,1,128,2048,0.002,2e-06,core_N128_s1,0,600000,600000,600000,0,True,600000,0.08760374355490284,0.2851307182274624,0.17602850776097617,0.0044551674723041,0.19752697467255953,0.3625420481767522,0.368542280144173,0.36851295596608435,0.3625431124604558,0.6021145642438379,0.4920539988529314,0.0060972951097054175,0.012443982888985284,0.18913731618622034,0.008386011092259778,3.6473940794782964e-06,0.19752697467255959,0,4.576562000679765,341687,1e-24,599999,0.998930543781802,0.9999991763191606,1769,True,0.09020432609819384,4166,True,0.09085965681092961,0.03389830508474576,,,0.011299435028248588,,,0.0,,,0.03389830508474576,,,0.0,,,0.0,,
moment3,0.01,1,128,2048,0.002,2e-05,core_N128_s1,0,600000,600000,600000,0,True,600000,0.08760374355490284,0.3478169925647978,0.2822826658811338,0.005434640508824966,0.26021324900989495,0.1480241672024583,0.1500948387619695,0.15006422422578217,0.14802494633067603,0.38473948469028374,0.4920539988529314,0.007699683883709943,0.007130457446518768,0.3193965852042736,-0.05918696004754167,3.623853162986271e-06,0.26021324900989495,0,4.22559485808546,335476,1e-24,599999,0.9989155266122719,0.9999987247626091,1752,True,0.0901819601796723,4122,True,0.09084534122940537,0.03389830508474576,,,0.011299435028248588,,,0.0,,,0.02824858757062147,,,0.0,,,0.0,,
moment3,0.1,1,128,2048,0.002,0.0002,core_N128_s1,0,600000,600000,600000,0,True,600000,0.08760374355490284,0.3414879227556071,0.3323085919779051,0.0053357487930563606,0.2538841792007042,0.03355264176872871,0.03516875130849242,0.0351276642000531,0.03355291340776544,0.18317424950663683,0.4920539988529314,0.003775196086157384,0.016019503764921266,0.3618167098344709,-0.10793542526586059,2.8946320938812946e-06,0.25388417920070416,0,5.084228084145482,285996,1e-24,599999,0.9987643097397727,0.9999987482105789,1600,True,0.08999368134275249,3736,True,0.09065967724303188,0.02824858757062147,,,0.005649717514124294,,,0.0,,,0.011299435028248588,,,0.0,,,0.0,,
moment3,1.0,1,128,2048,0.002,0.002,core_N128_s1,0,600000,600000,600000,0,True,600000,0.08760374355490284,0.20603443294831925,0.22175533905591438,0.0032192880148174882,0.1184306893934164,0.03320981683634079,0.033566477784577595,0.03356432076818098,0.03321008837138433,0.1822360605001582,0.4920539988529314,0.0008713738832037102,0.002777183185378684,0.23521679847329283,-0.11678777283662195,1.6637567455219633e-06,0.11843068939341639,0,3.2141256074446747,174815,1e-24,599999,0.9972051642008981,0.9999985200945751,879,True,0.08883590925200055,1969,True,0.08920741425101579,0.005649717514124294,,,0.0,,,0.0,,,0.0,,,0.0,,,0.0,,
moment3,10.0,1,128,2048,0.002,0.02,core_N128_s1,0,600000,600000,600000,0,True,600000,0.08760374355490284,0.15774856078876065,0.17559616762648078,0.002464821262324385,0.0701448172338578,0.011514304484233592,0.011609188177018455,0.011608737539771659,0.011514414547712475,0.10730506781776236,0.4920539988529314,0.0001870563910917252,0.0023690035304853654,0.13232180211345043,-0.06217718545133282,2.0057174023554977e-07,0.07014481723385783,0,2.2646094462069084,80919,1e-24,599999,0.9812555203766554,0.9999987300728547,165,True,0.08796429279397017,360,True,0.08805155591511524,0.005649717514124294,,,0.0,,,0.0,,,0.0,,,0.0,,,0.0,,
moment3,100.0,1,128,2048,0.002,0.2,core_N128_s1,0,600000,600000,600000,0,True,600000,0.08760374355490284,0.13853978582457638,0.14028068343516364,0.002164684153509006,0.050936042269673534,0.007558903868146763,0.007615175442137282,0.0076056447026920295,0.007559152770041386,0.08694324873457063,0.4920539988529314,0.057484098800828956,0.19646527466003386,0.0750860856858313,-0.02415004978681128,6.3706535143018874e-09,0.050936042269673534,65924,1.581521288489756,32172,1e-24,599999,-0.005743324688446728,0.9999976760622356,18,True,0.08764061299526066,38,True,0.087649663440797,0.0,,,0.0,,,0.0,,,0.0,,,0.0,,,0.0,,
moment5,0.0001,1,128,2048,0.002,2.0000000000000002e-07,core_N128_s1,0,600000,600000,600000,0,True,600000,0.08760374355490284,0.09160278933013664,0.09095128160517384,0.001431293583283385,0.0039990457752338004,0.7499925497371158,0.7499925792243912,0.7499925792508642,0.7500017851331253,0.8660213992966637,0.4920539988529313,9.21280392474484e-06,3.0347392274208724e-05,0.003531352362941022,0.00046441286375854417,3.2805485342266684e-06,0.0039990457752337935,0,0.4159915771222525,,1e-24,599999,0.9989349374818094,0.9999995370532161,1733,True,0.09026722774646619,3524,True,0.09115597852621254,0.0,,,0.0,,,0.0,,,0.0,,,0.0,,,0.0,,
moment5,0.001,1,128,2048,0.002,2e-06,core_N128_s1,0,600000,600000,600000,0,True,600000,0.08760374355490284,0.09160052584155677,0.09090582012781216,0.0014312582162743245,0.003996782286653927,0.7499925518289183,0.7499925812862007,0.749992581312643,0.7500017872211224,0.8660214005021609,0.4920539988529313,9.211418949479325e-06,3.0331594574138267e-05,0.003528444734540352,0.00046443277941806576,3.904772695499622e-06,0.0039967822866539176,0,0.41594688349278686,,1e-24,599999,0.9989334410336963,0.9999995747201338,1731,True,0.09026507965039712,3520,True,0.09115380055203694,0.0,,,0.0,,,0.0,,,0.0,,,0.0,,,0.0,,
moment5,0.01,1,128,2048,0.002,2e-05,core_N128_s1,0,600000,600000,600000,0,True,600000,0.08760374355490284,0.09157748201662111,0.09045610261448742,0.0014308981565097048,0.003973738461718265,0.7499925729823163,0.7499926021421129,0.7499926021682509,0.7500018083364807,0.8660214126930331,0.4920539988529313,9.196848886339277e-06,3.0174445188850766e-05,0.0035067943625779873,0.00046459596870107746,2.3481304391910538e-06,0.003973738461718256,0,0.415504047762289,,1e-24,599999,0.9989184647456025,0.9999995650657293,1714,True,0.09024671903043995,3485,True,0.09113220893361312,0.0,,,0.0,,,0.0,,,0.0,,,0.0,,,0.0,,
moment5,0.1,1,128,2048,0.002,0.0002,core_N128_s1,0,600000,600000,600000,0,True,600000,0.08760374355490284,0.09131621777628787,0.08752998990781884,0.001426815902754498,0.0037124742213850287,0.7499928004536969,0.7499928268849869,0.7499928269083239,0.7500020354334326,0.8660215438065892,0.4920539988529313,8.993769939633029e-06,2.86913841004874e-05,0.003245641953700959,0.0004633350276454056,3.497240038655056e-06,0.0037124742213850196,0,0.4114486608574368,,1e-24,599999,0.9987676499498891,0.9999995985925939,1567,True,0.09004521472964118,3171,True,0.09088601947079848,0.0,,,0.0,,,0.0,,,0.0,,,0.0,,,0.0,,
moment5,1.0,1,128,2048,0.002,0.002,core_N128_s1,0,600000,600000,600000,0,True,600000,0.08760374355490284,0.08967459116218539,0.07733536338696576,0.0014011654869091467,0.0020708476072825444,0.7499946410796183,0.7499946551844178,0.7499946551951688,0.7500038735925272,0.8660226050599766,0.4920539988529313,6.411811748494333e-06,2.068779425226152e-05,0.0016748180722330037,0.00039443973480681485,1.5898002427313279e-06,0.0020708476072825496,0,0.3905059441552105,,1e-24,599999,0.9972121402966904,0.9999994937295057,863,True,0.08887323845095131,1732,True,0.08932908810571849,0.0,,,0.0,,,0.0,,,0.0,,,0.0,,,0.0,,
moment5,10.0,1,128,2048,0.002,0.02,core_N128_s1,0,600000,600000,600000,0,True,600000,0.08760374355490284,0.08830252022895052,0.0803437301321525,0.0013797268785773519,0.000698776674047677,0.7499968310175237,0.7499968381337476,0.7499968381375455,0.7500060607063113,0.8660238677791857,0.4920539988529313,2.9710449366169174e-06,1.3804206769099164e-05,0.0004237161328332538,0.0002749580397514512,1.0250146297015582e-07,0.0006987766740476753,0,0.36707831028669136,,1e-24,599999,0.9812948803259034,0.9999998575289248,163,True,0.08797158128162096,330,True,0.08807393789640047,0.0,,,0.0,,,0.0,,,0.0,,,0.0,,,0.0,,
moment5,100.0,1,128,2048,0.002,0.2,core_N128_s1,0,600000,600000,600000,0,True,600000,0.08760374355490284,0.08787990861258473,0.08254774190035635,0.0013731235720716363,0.00027616505768188193,0.749996709032277,0.7499967242352108,0.7499967242426955,0.7500059393264906,0.8660237977012013,0.4920539988529313,2.299609016996975e-06,1.3702524720506242e-05,2.9689666144205596e-06,0.00027319609106744847,2.5170402160986138e-17,0.0002761650576818942,0,0.36195795094776767,,1e-24,599999,0.8217928102881706,1.0000000894727894,17,True,0.08764019872803297,35,True,0.08765197641826798,0.0,,,0.0,,,0.0,,,0.0,,,0.0,,,0.0,,
moment9,0.0001,1,128,2048,0.002,2.0000000000000002e-07,core_N128_s1,0,600000,600000,600000,0,True,600000,0.08760374355490284,0.09111266139078834,0.09200917449293912,0.0014236353342310679,0.0035089178358855,0.7500024415782199,0.7500024470476847,0.7500024470433653,0.7500502684811109,0.8660298390042231,0.4920539988529314,8.035731637027198e-06,1.1478173647298664e-05,0.003760319215260058,-0.00025474874578261574,3.3473664080484507e-06,0.00350891783588549,0,0.4159475916357045,,1e-24,599999,0.9989349275143198,0.9999977751293054,1733,True,0.0902664270856638,3526,True,0.09115404600736743,0.0,,,0.0,,,0.0,,,0.0,,,0.0,,,0.0,,
moment9,0.001,1,128,2048,0.002,2e-06,core_N128_s1,0,600000,600000,600000,0,True,600000,0.08760374355490284,0.09111089150468653,0.09196374290679425,0.001423607679760727,0.0035071479497836844,0.7500024384096704,0.7500024438704153,0.7500024438661009,0.7500502653011083,0.8660298371683613,0.4920539988529314,8.025292945331225e-06,1.146805451458266e-05,0.0037586949190483794,-0.0002544624330963941,2.9154638317150615e-06,0.0035071479497836996,0,0.41590292402036366,,1e-24,599999,0.9989334310534675,0.9999977755127791,1731,True,0.09026425807543871,3522,True,0.09115187310316691,0.0,,,0.0,,,0.0,,,0.0,,,0.0,,,0.0,,
moment9,0.01,1,128,2048,0.002,2e-05,core_N128_s1,0,600000,600000,600000,0,True,600000,0.08760374355490284,0.09109271946664321,0.09151418896568912,0.0014233237416663002,0.003488975911740369,0.7500024071978719,0.7500024125724422,0.7500024125681781,0.7500502339748703,0.8660298190832687,0.4920539988529314,7.92224491044589e-06,1.1367802602351961e-05,0.003738200152359475,-0.0002516411350878101,2.4168944687066427e-06,0.0034889759117403708,0,0.41546034803164356,,1e-24,599999,0.9989184546389817,0.9999976263285907,1715,True,0.09024709087245741,3487,True,0.09113032633169217,0.0,,,0.0,,,0.0,,,0.0,,,0.0,,,0.0,,
moment9,0.1,1,128,2048,0.002,0.0002,core_N128_s1,0,600000,600000,600000,0,True,600000,0.08760374355490284,0.09087434747938355,0.08851796488604431,0.001419911679365368,0.003270603924480711,0.7500021368877171,0.7500021414966109,0.7500021414928215,0.7500499625418965,0.8660296623810508,0.4920539988529314,7.014416323968066e-06,1.0453754876345731e-05,0.0034941778778410136,-0.0002271190803773532,3.5451270170514698e-06,0.003270603924480711,0,0.4114074927858635,,1e-24,599999,0.9987676386192208,0.9999973049748109,1567,True,0.09004452927123321,3173,True,0.0908845217354501,0.0,,,0.0,,,0.0,,,0.0,,,0.0,,,0.0,,
moment9,1.0,1,128,2048,0.002,0.002,core_N128_s1,0,600000,600000,600000,0,True,600000,0.08760374355490284,0.08931080425564618,0.07728570684030707,0.0013954813164944715,0.0017070607007433347,0.750001126608207,0.7500011282718807,0.7500011282703446,0.7500489449321012,0.8660290748998093,0.4920539988529314,3.475336972022e-06,6.100525723151444e-06,0.0018402417617751172,-0.0001347985511664612,1.6174901346851927e-06,0.0017070607007433414,0,0.38988749748975926,,1e-24,599999,0.9972121189509898,0.9999963383746929,864,True,0.08887413352469191,1733,True,0.08932844639423701,0.0,,,0.0,,,0.0,,,0.0,,,0.0,,,0.0,,
moment9,10.0,1,128,2048,0.002,0.02,core_N128_s1,0,600000,600000,600000,0,True,600000,0.08760374355490284,0.08803942558302184,0.08035611146103767,0.0013756160247347163,0.0004356820281189999,0.7500005639196519,0.7500005644098063,0.7500005644091305,0.7500483735780443,0.8660287450484557,0.4920539988529314,1.5349223664698949e-06,2.767926756637026e-06,0.0005140717491092968,-7.849226715250846e-05,1.0254616220743594e-07,0.00043568202811899585,0,0.3652988235046394,,1e-24,599999,0.9812947807914838,0.999998077099058,163,True,0.08797153814324553,330,True,0.08807382722498347,0.0,,,0.0,,,0.0,,,0.0,,,0.0,,,0.0,,
moment9,100.0,1,128,2048,0.002,0.2,core_N128_s1,0,600000,600000,600000,0,True,600000,0.08760374355490284,0.08761463339456665,0.08235954849189682,0.001368978646790104,1.0889839663810741e-05,0.7500004493959108,0.7500004501966119,0.7500004501962796,0.7500482563245751,0.8660286773562359,0.4920539988529314,1.1828375835404983e-06,1.9988623070677883e-06,7.675314329790567e-05,-6.58633036338277e-05,-2.764039130829177e-16,1.0889839663801545e-05,0,0.3598485158134972,,1e-24,599999,0.8217919531926877,0.9999986541568021,17,True,0.08764019469673394,35,True,0.0876519656613849,0.0,,,0.0,,,0.0,,,0.0,,,0.0,,,0.0,,
sine,0.0001,1,128,2048,0.002,2.0000000000000002e-07,core_N128_s1,1,600000,600000,600000,0,True,600000,0.08760374355490284,0.08928933813350355,0.08882205606078443,0.001395145908335993,0.0016855945786007076,0.42400885573151803,0.4240088557315182,0.42400885573151803,0.4240090962349492,0.9208790324846681,0.24635997630832746,1.883514977557392e-15,0.0,0.001685215375630359,-2.708144405652191e-19,3.792029703632041e-07,0.001685594578600722,202,0.3643184837304194,,1e-24,17067,-2251.375769059013,0.9993180316124606,1631,True,0.08896304969251326,3355,True,0.08925205917914036,0.0,,,0.0,,,0.0,,,0.0,,,0.0,,,0.0,,
sine,0.001,1,128,2048,0.002,2e-06,core_N128_s1,1,600000,600000,600000,0,True,600000,0.08760374355490284,0.0892875363765487,0.08882130506851157,0.0013951177558835734,0.001683792821645852,0.42400885573151803,0.4240088557315182,0.42400885573151803,0.4240090962349492,0.9208790324846681,0.24635997630832746,1.6940625063768117e-15,0.0,0.0016831820056417246,-2.7648597818216693e-19,6.108160041159014e-07,0.00168379282164584,191,0.3642817174611783,,1e-24,17051,-1834.194844202732,0.9993171996459796,1629,True,0.08896171886509643,3352,True,0.08925058300241795,0.0,,,0.0,,,0.0,,,0.0,,,0.0,,,0.0,,
sine,0.01,1,128,2048,0.002,2e-05,core_N128_s1,1,600000,600000,600000,0,True,600000,0.08760374355490284,0.08927189334549278,0.08881387521661588,0.0013948733335233247,0.0016681497905899345,0.42400885573151803,0.4240088557315182,0.42400885573151803,0.4240090962349492,0.9208790324846681,0.24635997630832746,1.891136580016786e-15,0.0,0.0016677151726642353,-2.681708953261687e-19,4.3461792569080063e-07,0.0016681497905899256,213,0.36391815928008664,,1e-24,16896,-2051.6396500377446,0.9993123656007923,1615,True,0.08895087191908375,3321,True,0.08923650088561981,0.0,,,0.0,,,0.0,,,0.0,,,0.0,,,0.0,,
sine,0.1,1,128,2048,0.002,0.0002,core_N128_s1,1,600000,600000,600000,0,True,600000,0.08760374355490284,0.08915311362101135,0.08767820670285704,0.0013930174003283023,0.001549370066108502,0.42400885573151803,0.4240088557315182,0.42400885573151803,0.4240090962349491,0.920879032484668,0.24635997630832746,1.9761093165806944e-15,6.649622504427512e-16,0.0015491964928695777,-2.544333948530254e-19,1.7357323892188697e-07,0.0015493700661084995,179,0.3615791651520967,,1e-24,15500,-2163.362589374759,0.9992528255708415,1482,True,0.0888852057820765,3045,True,0.08912181513583203,0.0,,,0.0,,,0.0,,,0.0,,,0.0,,,0.0,,
sine,1.0,1,128,2048,0.002,0.002,core_N128_s1,1,600000,600000,600000,0,True,600000,0.08760374355490284,0.08864951963533028,0.08473450785745323,0.0013851487443020357,0.0010457760804274407,0.42400885573151803,0.4240088557315182,0.42400885573151803,0.42400909623494915,0.9208790324846681,0.24635997630832746,4.073543972357494e-16,4.887147968714857e-16,0.0010455235574861525,-1.695565682681499e-19,2.5252294128929914e-07,0.0010457760804274418,78,0.35917963311935663,,1e-24,8697,-1030.5023159478703,0.9986655403590157,824,True,0.08847727605392461,1690,True,0.08863186834878815,0.0,,,0.0,,,0.0,,,0.0,,,0.0,,,0.0,,
sine,10.0,1,128,2048,0.002,0.02,core_N128_s1,1,600000,600000,600000,0,True,600000,0.08760374355490284,0.08783930637709558,0.0862758976681783,0.0013724891621421185,0.00023556282219273916,0.42400885573151803,0.4240088557315182,0.42400885573151803,0.4240090962349492,0.9208790324846681,0.24635997630832746,1.9395779888330325e-16,2.4711489372306054e-16,0.0002355628221956765,-3.906657904610384e-20,-2.9230664081488395e-15,0.00023556282219275342,14,0.35917963311935663,,1e-24,1703,-162.1800797242221,0.9930095624613281,154,True,0.08779825034627294,318,True,0.08783505972150334,0.0,,,0.0,,,0.0,,,0.0,,,0.0,,,0.0,,
sine,100.0,1,128,2048,0.002,0.2,core_N128_s1,1,600000,600000,600000,0,True,600000,0.08760374355490284,0.08763005328716149,0.08345435456683721,0.0013692195826118983,2.6309732258644747e-05,0.42400885573151803,0.4240088557315182,0.42400885573151803,0.4240090962349491,0.920879032484668,0.24635997630832746,5.891961181100913e-18,0.0,2.6309732258649565e-05,-4.191786307950162e-21,4.3103792900666467e-19,2.630973225864999e-05,0,0.35917963311935663,,1e-24,186,0.0,0.9367387892837271,16,True,0.08762525324756577,33,True,0.08762955105856603,0.0,,,0.0,,,0.0,,,0.0,,,0.0,,,0.0,,
runge,0.0001,1,128,2048,0.002,2.0000000000000002e-07,core_N128_s1,1,600000,600000,600000,0,True,600000,0.08760374355490284,0.08741518261830074,0.07890896402510145,0.001365862228410949,-0.0001885609366021057,0.08112165787093162,0.08112165787093162,0.08112165787093162,0.08112165917268119,0.7198018579373807,0.16917348981982527,1.0857703817238187e-15,3.0107318119689266e-15,-0.00018858830152982753,2.992906737045133e-20,2.7364927720881052e-08,-0.0001885609366021066,612,0.3755809168488259,,1e-24,16081,-7894600.868859396,0.999302697551994,943,True,0.08745672339829401,2650,True,0.08741938061381734,0.0,,,0.0,,,0.0,,,0.0,,,0.0,,,0.0,,
runge,0.001,1,128,2048,0.002,2e-06,core_N128_s1,1,600000,600000,600000,0,True,600000,0.08760374355490284,0.08741544029770582,0.07891178324112534,0.0013658662546516534,-0.00018830325719702834,0.08112165787093162,0.08112165787093162,0.08112165787093162,0.08112165917268119,0.7198018579373807,0.16917348981982527,1.0857703817238187e-15,3.0107492826926237e-15,-0.0001883236135858413,2.999111295099394e-20,2.0356388811763715e-08,-0.00018830325719702956,1126,0.37556203444476716,,1e-24,16067,-12517028.63541623,0.9993241972327324,942,True,0.08745691552525599,2647,True,0.08741963164374945,0.0,,,0.0,,,0.0,,,0.0,,,0.0,,,0.0,,
runge,0.01,1,128,2048,0.002,2e-05,core_N128_s1,1,600000,600000,600000,0,True,600000,0.08760374355490284,0.08741797584021777,0.07895295924173269,0.0013659058725034026,-0.00018576771468507836,0.08112165787093162,0.08112165787093162,0.08112165787093162,0.08112165917268119,0.7198018579373807,0.16917348981982527,1.089643928195341e-15,3.022411981480233e-15,-0.00018585583699903067,2.940014081913299e-20,8.812231394978814e-08,-0.00018576771468508082,1626,0.37537566648885856,,1e-24,15932,-13240353.126513813,0.9993234781648775,933,True,0.08745875045570539,2624,True,0.08742206458008416,0.0,,,0.0,,,0.0,,,0.0,,,0.0,,,0.0,,
runge,0.1,1,128,2048,0.002,0.0002,core_N128_s1,1,600000,600000,600000,0,True,600000,0.08760374355490284,0.08743975983597412,0.07935461690013515,0.0013662462474370955,-0.00016398371892872854,0.0811216578709316,0.08112165787093159,0.0811216578709316,0.08112165917268119,0.7198018579373807,0.16917348981982527,8.042322273196933e-16,2.302441320139894e-15,-0.00016402112676316657,2.5418339523121207e-20,3.7407834449496496e-08,-0.00016398371892871707,1933,0.3737280095765211,,1e-24,14703,-13877115.012638904,0.9992674058976654,846,True,0.0874749843534063,2407,True,0.08744301943431636,0.0,,,0.0,,,0.0,,,0.0,,,0.0,,,0.0,,
runge,1.0,1,128,2048,0.002,0.002,core_N128_s1,1,600000,600000,600000,0,True,600000,0.08760374355490284,0.08752639934242835,0.08060522857604417,0.001367599989725443,-7.734421247448942e-05,0.08112165787093162,0.08112165787093162,0.08112165787093162,0.0811216591726812,0.7198018579373807,0.16917348981982527,3.9178018601195594e-16,7.947817855451186e-16,-7.736475272930142e-05,1.289361242450959e-20,2.0540254804646213e-08,-7.734421247449676e-05,1348,0.36646722835217516,,1e-24,8371,-9996952.354391519,0.998703053906345,447,True,0.08753649041207053,1332,True,0.08752719099741649,0.0,,,0.0,,,0.0,,,0.0,,,0.0,,,0.0,,
runge,10.0,1,128,2048,0.002,0.02,core_N128_s1,1,600000,600000,600000,0,True,600000,0.08760374355490284,0.08758924656523596,0.08230989304885626,0.001368581977581812,-1.4496989666878957e-05,0.0811216578709316,0.08112165787093159,0.0811216578709316,0.08112165917268119,0.7198018579373807,0.16917348981982527,2.4115275798128836e-17,6.937161848634207e-17,-1.4496989666903571e-05,2.4196667598259008e-21,3.1115772363128847e-17,-1.449698966687245e-05,271,0.36041291293767325,,1e-24,1616,-10459976.775408706,0.9930756659002038,80,True,0.08759193545805669,245,True,0.08758943780326749,0.0,,,0.0,,,0.0,,,0.0,,,0.0,,,0.0,,
runge,100.0,1,128,2048,0.002,0.2,core_N128_s1,1,600000,600000,600000,0,True,600000,0.08760374355490284,0.08760218696434663,0.08301970551181644,0.001368784171317916,-1.5565905562148208e-06,0.0811216578709316,0.08112165787093159,0.0811216578709316,0.08112165917268119,0.7198018579373807,0.16917348981982527,3.9279267019539614e-18,1.1300384655018429e-17,-1.5565905562272936e-06,2.5381102422093624e-22,7.725195318654479e-18,-1.5565905562195682e-06,30,0.3593107209047558,,1e-24,175,-4229553.331505795,0.9368093381919768,9,True,0.08760240547725814,26,True,0.08760220091437364,0.0,,,0.0,,,0.0,,,0.0,,,0.0,,,0.0,,
moment3,0.0001,1,128,2048,0.002,2.0000000000000002e-07,core_N128_s1,1,600000,600000,600000,0,True,600000,0.08760374355490284,0.09110002385545676,0.0907646147388307,0.001423437872741512,0.0034962803005539195,0.7500000000000001,0.7500000000000001,0.7500000000000001,0.7500023469397121,0.8660253685498189,0.4938605968809037,2.1404212600634472e-15,1.949973301512453e-15,0.003492544288164673,-5.59915714860353e-19,3.7360123892421547e-06,0.003496280300553914,2272,0.42092276867190503,,1e-24,17625,-108924724.38087463,0.9993316912642441,1668,True,0.0901337286411964,3392,True,0.0910021364454514,0.0,,,0.0,,,0.0,,,0.0,,,0.0,,,0.0,,
moment3,0.001,1,128,2048,0.002,2e-06,core_N128_s1,1,600000,600000,600000,0,True,600000,0.08760374355490284,0.09109785523912782,0.09072256177101075,0.0014234039881113722,0.0034941116842249764,0.7500000000000001,0.7500000000000001,0.7500000000000001,0.7500023469397121,0.8660253685498189,0.4938605968809037,2.1404212600634472e-15,1.950092642904131e-15,0.003490156192877682,-5.498086576142881e-19,3.955491347304329e-06,0.003494111684224986,2312,0.42087518074960983,,1e-24,17606,-101147404.01084386,0.9993309779948361,1667,True,0.09013263527640743,3389,True,0.09099999067443565,0.0,,,0.0,,,0.0,,,0.0,,,0.0,,,0.0,,
moment3,0.01,1,128,2048,0.002,2e-05,core_N128_s1,1,600000,600000,600000,0,True,600000,0.08760374355490284,0.09107580634749707,0.09043413209804756,0.0014230594741796417,0.0034720627925942243,0.7500000000000001,0.7500000000000001,0.7500000000000001,0.7500023469397121,0.8660253685498189,0.4938605968809037,2.1404212600634472e-15,1.9512709297891746e-15,0.003468357451324544,-5.496029299212413e-19,3.705341269700111e-06,0.003472062792594243,2355,0.4204034875052416,,1e-24,17425,-79004149.71710818,0.999324220086715,1651,True,0.09011400773297346,3355,True,0.09097760457113149,0.0,,,0.0,,,0.0,,,0.0,,,0.0,,,0.0,,
moment3,0.1,1,128,2048,0.002,0.0002,core_N128_s1,1,600000,600000,600000,0,True,600000,0.08760374355490284,0.0908299172251855,0.0869995505774065,0.0014192174566435235,0.0032261736702826616,0.7500000000000001,0.7500000000000001,0.7500000000000001,0.7500023469397121,0.8660253685498189,0.4938605968809037,2.816883282277901e-16,4.562180129777378e-17,0.0032229978371402647,-5.05945657021537e-19,3.1758331424011246e-06,0.0032261736702826646,2179,0.4160694937284147,,1e-24,15838,-102694088.0135909,0.999254660766713,1510,True,0.08990895538491558,3057,True,0.09073751379178248,0.0,,,0.0,,,0.0,,,0.0,,,0.0,,,0.0,,
moment3,1.0,1,128,2048,0.002,0.002,core_N128_s1,1,600000,600000,600000,0,True,600000,0.08760374355490284,0.08931301937787949,0.07725564792243096,0.001395515927779367,0.0017092758229766414,0.7500000000000001,0.7500000000000001,0.7500000000000001,0.7500023469397121,0.8660253685498189,0.4938605968809037,1.6653345369377348e-16,0.0,0.0017083338424069543,-2.7436307217089605e-19,9.419805696916414e-07,0.0017092758229766453,1305,0.3927489012951316,,1e-24,8717,-106917169.60863674,0.9986264055467982,835,True,0.08881873727637964,1677,True,0.08925827102078562,0.0,,,0.0,,,0.0,,,0.0,,,0.0,,,0.0,,
moment3,10.0,1,128,2048,0.002,0.02,core_N128_s1,1,600000,600000,600000,0,True,600000,0.08760374355490284,0.08807151378665473,0.08035522130443487,0.0013761174029164802,0.0004677702317518878,0.7500000000000001,0.7500000000000001,0.7500000000000001,0.7500023469397121,0.8660253685498189,0.4938605968809037,0.0,0.0,0.000467359907753956,-6.97096658860778e-20,4.103239979370959e-07,0.00046777023175189307,720,0.3658598846463117,,1e-24,1738,-72085080.47386926,0.9929307536061289,158,True,0.08795990647595596,320,True,0.088059744225632,0.0,,,0.0,,,0.0,,,0.0,,,0.0,,,0.0,,
moment3,100.0,1,128,2048,0.002,0.2,core_N128_s1,1,600000,600000,600000,0,True,600000,0.08760374355490284,0.08765154887759535,0.08241999470528846,0.0013695554512124274,4.780532269250959e-05,0.7500000000000001,0.7500000000000001,0.7500000000000001,0.7500023469397121,0.8660253685498189,0.4938605968809037,0.0,0.0,4.7805322692521854e-05,-7.615304555246725e-21,-9.928370531894719e-18,4.780532269251192e-05,33,0.3599087434817637,,1e-24,191,-11167777.009648545,0.9366552645722236,17,True,0.08763965801489093,34,True,0.08765028908968558,0.0,,,0.0,,,0.0,,,0.0,,,0.0,,,0.0,,
moment5,0.0001,1,128,2048,0.002,2.0000000000000002e-07,core_N128_s1,1,600000,600000,600000,0,True,600000,0.08760374355490284,0.09110002385545676,0.09076461473883067,0.001423437872741512,0.0034962803005539195,0.7500000000000002,0.7500000000000001,0.7500000000000002,0.7500092202150868,0.8660256919025306,0.49386059688090356,2.1404212600634472e-15,1.9499733015124525e-15,0.0034925442881646547,-5.668941692380814e-19,3.736012389263103e-06,0.0034962803005539173,833,0.42092276867190503,,1e-24,17625,-52183604.39309962,0.9993271004746279,1668,True,0.09013372864119638,3392,True,0.0910021364454514,0.0,,,0.0,,,0.0,,,0.0,,,0.0,,,0.0,,
moment5,0.001,1,128,2048,0.002,2e-06,core_N128_s1,1,600000,600000,600000,0,True,600000,0.08760374355490284,0.09109785523912782,0.0907225617710107,0.0014234039881113722,0.0034941116842249764,0.7500000000000002,0.7500000000000001,0.7500000000000002,0.7500092202150868,0.8660256919025306,0.49386059688090356,2.1404212600634472e-15,1.9500926429041307e-15,0.0034901561928776556,-5.585114346770079e-19,3.9554913473298055e-06,0.0034941116842249842,874,0.42087518074961,,1e-24,17606,-52501932.05198234,0.9993265931389352,1667,True,0.09013263527640743,3389,True,0.09099999067443565,0.0,,,0.0,,,0.0,,,0.0,,,0.0,,,0.0,,
moment5,0.01,1,128,2048,0.002,2e-05,core_N128_s1,1,600000,600000,600000,0,True,600000,0.08760374355490284,0.0910758063474971,0.09043413209804756,0.0014230594741796421,0.003472062792594252,0.7500000000000002,0.7500000000000001,0.7500000000000002,0.7500092202150869,0.8660256919025306,0.49386059688090356,2.1404212600634472e-15,1.9512709297891742e-15,0.0034683574513245307,-5.517749157553577e-19,3.7053412697158106e-06,0.003472062792594246,890,0.42040348750524176,,1e-24,17425,-55228670.55113147,0.9993197136655498,1651,True,0.09011400773297346,3355,True,0.09097760457113149,0.0,,,0.0,,,0.0,,,0.0,,,0.0,,,0.0,,
moment5,0.1,1,128,2048,0.002,0.0002,core_N128_s1,1,600000,600000,600000,0,True,600000,0.08760374355490284,0.09082991722518549,0.08699955057740652,0.0014192174566435233,0.0032261736702826477,0.7500000000000002,0.7500000000000001,0.7500000000000002,0.7500092202150868,0.8660256919025306,0.49386059688090356,2.816883282277901e-16,4.562180129777377e-17,0.0032229978371402274,-5.062842118630478e-19,3.1758331424332505e-06,0.0032261736702826594,800,0.4160694937284146,,1e-24,15838,-54667475.928422794,0.9992528201760632,1510,True,0.08990895538491558,3057,True,0.09073751379178248,0.0,,,0.0,,,0.0,,,0.0,,,0.0,,,0.0,,
moment5,1.0,1,128,2048,0.002,0.002,core_N128_s1,1,600000,600000,600000,0,True,600000,0.08760374355490284,0.08931301937787949,0.07725564792243096,0.001395515927779367,0.0017092758229766414,0.7500000000000002,0.7500000000000001,0.7500000000000002,0.7500092202150869,0.8660256919025306,0.49386059688090356,7.3434354326142e-17,4.6764319508211644e-17,0.001708333842407607,-2.788681998286528e-19,9.419805690352833e-07,0.001709275822976642,433,0.3927489012951316,,1e-24,8717,-43132939.31379802,0.9986260053725323,835,True,0.08881873727637964,1677,True,0.08925827102078562,0.0,,,0.0,,,0.0,,,0.0,,,0.0,,,0.0,,
moment5,10.0,1,128,2048,0.002,0.02,core_N128_s1,1,600000,600000,600000,0,True,600000,0.08760374355490284,0.08807151378665473,0.08035522130443487,0.0013761174029164802,0.0004677702317518878,0.7500000000000002,0.7500000000000001,0.7500000000000002,0.7500092202150869,0.8660256919025306,0.49386059688090356,4.807407289046552e-17,4.7923212762896345e-17,0.00046735990775395743,-7.584695755434632e-20,4.103239979351569e-07,0.00046777023175189247,291,0.3658598846463117,,1e-24,1738,-46572194.164179124,0.9929304784997122,158,True,0.08795990647595596,320,True,0.088059744225632,0.0,,,0.0,,,0.0,,,0.0,,,0.0,,,0.0,,
moment5,100.0,1,128,2048,0.002,0.2,core_N128_s1,1,600000,600000,600000,0,True,600000,0.08760374355490284,0.08765154887759535,0.08241999470528846,0.0013695554512124274,4.780532269250959e-05,0.7500000000000002,0.7500000000000001,0.7500000000000002,0.7500092202150869,0.8660256919025306,0.49386059688090356,4.807407289046552e-17,4.817200241003534e-17,4.780532269252214e-05,-6.914744738549699e-21,-1.0362930493344238e-17,4.780532269251177e-05,14,0.3599087434817637,,1e-24,191,-9599736.214436268,0.936655215673652,17,True,0.08763965801489093,34,True,0.08765028908968558,0.0,,,0.0,,,0.0,,,0.0,,,0.0,,,0.0,,
moment9,0.0001,1,128,2048,0.002,2.0000000000000002e-07,core_N128_s1,1,600000,600000,600000,0,True,600000,0.08760374355490284,0.09110002385545676,0.09076461473883068,0.001423437872741512,0.0034962803005539195,0.7500000000000001,0.7500000000000001,0.7500000000000001,0.7500477815451928,0.866028403258788,0.4938605968809038,2.1404212600634472e-15,1.949973301512453e-15,0.0034925442881646703,-5.597277360454867e-19,3.736012389244446e-06,0.003496280300553914,2528,0.42092276867190515,,1e-24,17625,-98147921.51460265,0.9993318541773423,1668,True,0.09013372864119638,3392,True,0.0910021364454514,0.0,,,0.0,,,0.0,,,0.0,,,0.0,,,0.0,,
moment9,0.001,1,128,2048,0.002,2e-06,core_N128_s1,1,600000,600000,600000,0,True,600000,0.08760374355490284,0.09109785523912782,0.09072256177101073,0.0014234039881113722,0.0034941116842249764,0.7500000000000001,0.7500000000000001,0.7500000000000001,0.7500477815451927,0.8660284032587879,0.4938605968809038,2.1404212600634472e-15,1.950092642904131e-15,0.0034901561928776755,-5.479928280843751e-19,3.955491347308602e-06,0.0034941116842249834,2573,0.42087518074960995,,1e-24,17606,-87787099.77726655,0.9993313090293299,1667,True,0.09013263527640743,3389,True,0.09099999067443565,0.0,,,0.0,,,0.0,,,0.0,,,0.0,,,0.0,,
moment9,0.01,1,128,2048,0.002,2e-05,core_N128_s1,1,600000,600000,600000,0,True,600000,0.08760374355490284,0.0910758063474971,0.09043413209804756,0.0014230594741796421,0.003472062792594252,0.7500000000000001,0.7500000000000001,0.7500000000000001,0.7500477815451927,0.8660284032587879,0.4938605968809038,2.1404212600634472e-15,1.9512709297891746e-15,0.0034683574513245468,-5.540608496295494e-19,3.705341269699627e-06,0.003472062792594246,2556,0.4204034875052417,,1e-24,17425,-82273402.74958745,0.9993244081622576,1651,True,0.09011400773297346,3355,True,0.09097760457113149,0.0,,,0.0,,,0.0,,,0.0,,,0.0,,,0.0,,
moment9,0.1,1,128,2048,0.002,0.0002,core_N128_s1,1,600000,600000,600000,0,True,600000,0.08760374355490284,0.0908299172251855,0.08699955057740655,0.0014192174566435235,0.0032261736702826616,0.75,0.75,0.75,0.7500477815451927,0.8660284032587879,0.4938605968809038,2.816883282277901e-16,4.5621801297773785e-17,0.003222997837140246,-5.053078904666751e-19,3.175833142413659e-06,0.0032261736702826577,2473,0.4160694937284146,,1e-24,15838,-92788010.20853512,0.9992547197293206,1510,True,0.0899089553849156,3057,True,0.0907375137917825,0.0,,,0.0,,,0.0,,,0.0,,,0.0,,,0.0,,
moment9,1.0,1,128,2048,0.002,0.002,core_N128_s1,1,600000,600000,600000,0,True,600000,0.08760374355490284,0.08931301937787949,0.07725564792243096,0.001395515927779367,0.0017092758229766414,0.75,0.75,0.75,0.7500477815451927,0.8660284032587879,0.4938605968809038,1.46868708652284e-16,9.352863901642331e-17,0.0017083338424082118,-2.6627352112471986e-19,9.419805684294239e-07,0.001709275822976641,1410,0.3927489012951316,,1e-24,8717,-54348453.12407858,0.9986264263336834,835,True,0.08881873727637964,1677,True,0.08925827102078564,0.0,,,0.0,,,0.0,,,0.0,,,0.0,,,0.0,,
moment9,10.0,1,128,2048,0.002,0.02,core_N128_s1,1,600000,600000,600000,0,True,600000,0.08760374355490284,0.08807151378665473,0.08035522130443487,0.0013761174029164802,0.0004677702317518878,0.75,0.75,0.75,0.7500477815451927,0.8660284032587879,0.4938605968809038,7.3434354326142e-17,4.792321276289635e-17,0.00046735990775394946,-7.393639352103327e-20,4.1032399794393863e-07,0.0004677702317518934,296887,0.3658598846463117,,1e-24,1738,-90529408.52282949,0.9929308006462908,158,True,0.08795990647595596,320,True,0.088059744225632,0.0,,,0.0,,,0.0,,,0.0,,,0.0,,,0.0,,
moment9,100.0,1,128,2048,0.002,0.2,core_N128_s1,1,600000,600000,600000,0,True,600000,0.08760374355490284,0.08765154887759535,0.08241999470528846,0.0013695554512124274,4.780532269250959e-05,0.7500000000000001,0.7500000000000001,0.7500000000000001,0.7500477815451927,0.8660284032587879,0.4938605968809038,7.3434354326142e-17,4.817200241003535e-17,4.7805322692521976e-05,-7.868409683536301e-21,-1.0172053993728925e-17,4.78053226925118e-05,40,0.3599087434817637,,1e-24,191,-16503948.144312048,0.9366555360527662,17,True,0.08763965801489093,34,True,0.08765028908968558,0.0,,,0.0,,,0.0,,,0.0,,,0.0,,,0.0,,
sine,0.0001,1,128,2048,0.002,2.0000000000000002e-07,core_N128_s1,3,600000,600000,600000,0,True,600000,0.08760374355490284,0.11367878662208808,0.09063178451215062,0.0017762310409701262,0.026075043067185236,0.36519928120317147,0.3796700551824622,0.379441029970891,0.3651988501847957,0.8546330793794442,0.24811594577206605,0.007031021509209469,0.027124643478903063,0.018693508866843286,0.0073810579206939715,4.7627964797385704e-07,0.02607504306718523,0,2.6307273336946992,568993,1e-24,599999,0.9987710887956003,1.0000014570936864,1719,True,0.08898334975507169,3802,True,0.08928860519974152,0.005649717514124294,,,0.0,,,0.0,,,0.0,,,0.0,,,0.0,,
sine,0.001,1,128,2048,0.002,2e-06,core_N128_s1,3,600000,600000,600000,0,True,600000,0.08760374355490284,0.1133242561838667,0.09063121894035277,0.0017706915028729172,0.025720512628963854,0.36357999874601166,0.3778879881259928,0.3774710160963353,0.36357968641087574,0.8527364028946761,0.24811594577206605,0.007087366232342113,0.02570882964770683,0.018215628958639193,0.0075042332128864575,6.504574382143527e-07,0.025720512628963868,0,2.648072779001734,568479,1e-24,599999,0.9987693116561679,1.0000014476500063,1718,True,0.08898252430683154,3798,True,0.08928641762357674,0.005649717514124294,,,0.0,,,0.0,,,0.0,,,0.0,,,0.0,,
sine,0.01,1,128,2048,0.002,2e-05,core_N128_s1,3,600000,600000,600000,0,True,600000,0.08760374355490284,0.11070113946644458,0.08622895448778417,0.0017297053041631966,0.023097395911541738,0.3565675139344537,0.36367590416399126,0.3615833568030231,0.3565682110387154,0.8444740505648654,0.24811594577206605,0.003910503836472953,0.010025570381659323,0.01525995962092383,0.007836822799607117,6.134910107942213e-07,0.02309739591154174,0,2.689277322926959,563581,1e-24,599999,0.9987515309081376,1.0000013625415811,1702,True,0.08897196539780294,3762,True,0.08926470771275519,0.005649717514124294,,,0.0,,,0.0,,,0.0,,,0.0,,,0.0,,
sine,0.1,1,128,2048,0.002,0.0002,core_N128_s1,3,600000,600000,600000,0,True,600000,0.08760374355490284,0.11134386586219833,0.09321797037706576,0.0017397479040968489,0.023740122307295483,0.35583932172950183,0.35583932173572264,0.35583932173006116,0.3558402709524511,0.8436116060752733,0.24811594577206605,1.4344628430683844e-08,3.5452560403099544e-08,0.01928340402634275,0.004456273833080999,4.444478717223312e-07,0.023740122307295473,1203,2.2512332505561994,527614,1e-24,599999,-46.55169608114472,1.0000011177911787,1561,True,0.08888276072205709,3438,True,0.08911272243405866,0.005649717514124294,,,0.0,,,0.0,,,0.0,,,0.0,,,0.0,,
sine,1.0,1,128,2048,0.002,0.002,core_N128_s1,3,600000,600000,600000,0,True,600000,0.08760374355490284,0.11122726974577526,0.10163970007801021,0.0017379260897777385,0.02362352619087242,0.35583932172949634,0.35583932172949634,0.3558393217294963,0.355840270952681,0.8436116060755459,0.24811594577206605,1.3461497228743031e-15,7.855931917450088e-14,0.021095533431005904,0.0025277841555348345,2.0860433167164672e-07,0.023623526190872414,8404,1.7558170660076418,394934,1e-24,436796,-52876432.48399779,1.0000014248991804,864,True,0.08849084807639211,1875,True,0.0886289677672457,0.005649717514124294,,,0.0,,,0.0,,,0.0,,,0.0,,,0.0,,
sine,10.0,1,128,2048,0.002,0.02,core_N128_s1,3,600000,600000,600000,0,True,600000,0.08760374355490284,0.10375512033553694,0.09692637499069523,0.0016211737552427647,0.016151376780634094,0.35583932172949634,0.35583932172949634,0.35583932172949634,0.355840270952681,0.8436116060755459,0.24811594577206605,2.915849832462163e-16,8.905252522816429e-14,0.012564521660176225,0.003586843987767997,1.1132689875190891e-08,0.016151376780634094,4728,1.347659060277595,,1e-24,232631,-55269200.21758337,1.0000032723315604,161,True,0.0878020407728687,346,True,0.0878367019296426,0.005649717514124294,,,0.0,,,0.0,,,0.0,,,0.0,,,0.0,,
sine,100.0,1,128,2048,0.002,0.2,core_N128_s1,3,600000,600000,600000,0,True,600000,0.08760374355490284,0.10155125507672948,0.09440595477823871,0.001586738360573898,0.013947511521826633,0.35583932172949634,0.35583932172949634,0.35583932172949634,0.35584027095268106,0.843611606075546,0.24811594577206605,1.923051350272917e-16,5.709777952205504e-14,0.008236195506587442,0.005711313909344749,2.1058944216765767e-09,0.013947511521826612,3245,1.0128077449326967,,1e-24,103186,-54561303.272170104,1.0000075178423193,17,True,0.08762589254206711,36,True,0.08762986188321722,0.005649717514124294,,,0.0,,,0.0,,,0.0,,,0.0,,,0.0,,
runge,0.0001,1,128,2048,0.002,2.0000000000000002e-07,core_N128_s1,3,600000,600000,600000,0,True,600000,0.08760374355490284,0.11912674834671622,0.08543532591106714,0.0018613554429174409,0.03152300479181337,0.037183229328828574,0.03719037223706389,0.03719027319291753,0.03718325161991382,0.4873244863768327,0.16865440690363498,2.800890757489827e-05,0.002027672177629327,0.004496160130683137,0.02702679466206585,4.999906438185321e-08,0.03152300479181337,0,2.9481061759704725,146048,1e-24,599999,0.9981123119883553,0.9999984476084991,946,True,0.0874674858770776,2598,True,0.08745044931195153,0.011299435028248588,,,0.0,,,0.0,,,0.0,,,0.0,,,0.0,,
runge,0.001,1,128,2048,0.002,2e-06,core_N128_s1,3,600000,600000,600000,0,True,600000,0.08760374355490284,0.11890040224086366,0.08516036270300595,0.0018578187850134948,0.03129665868596082,0.037181719326566706,0.037188815533342946,0.03718871601560514,0.03718174162305342,0.48731459125089227,0.16865440690363498,2.772564886971838e-05,0.0020142757826792984,0.004486044890413458,0.026810569764757024,4.403079033743722e-08,0.031296658685960814,0,2.9285193073758067,145891,1e-24,599999,0.9981097273523825,0.9999984472892498,945,True,0.08746766099522296,2595,True,0.08745063793447987,0.011299435028248588,,,0.0,,,0.0,,,0.0,,,0.0,,,0.0,,
runge,0.01,1,128,2048,0.002,2e-05,core_N128_s1,3,600000,600000,600000,0,True,600000,0.08760374355490284,0.11708482663691717,0.08569600859654701,0.0018294504162018309,0.02948108308201433,0.037166212674471386,0.03717261007088273,0.03717250829823808,0.037166235053162744,0.4872129638732296,0.16865440690363498,2.2257863865701453e-05,0.0018666302832219663,0.004311374988582917,0.025169596745627,1.113478044050959e-07,0.029481083082014324,0,2.785838387558704,144393,1e-24,599999,0.998083878883181,0.9999984170901431,935,True,0.08746939076336865,2573,True,0.08745255083607471,0.011299435028248588,,,0.0,,,0.0,,,0.0,,,0.0,,,0.0,,
runge,0.1,1,128,2048,0.002,0.0002,core_N128_s1,3,600000,600000,600000,0,True,600000,0.08760374355490284,0.10995456986561639,0.08564540168586629,0.001718040154150256,0.022350826310713542,0.03711276065997213,0.03711347580986909,0.03711344970605188,0.03711278368994555,0.4868624902904956,0.16865440690363498,2.797307502513126e-06,0.0005793682598014628,0.0028075277492360185,0.019543179111086204,1.1945039132283098e-07,0.022350826310713546,0,2.337194764747096,133805,1e-24,599999,0.9978252109478934,0.999997459457079,847,True,0.08748422561683417,2366,True,0.0874689414240783,0.011299435028248588,,,0.0,,,0.0,,,0.0,,,0.0,,,0.0,,
runge,1.0,1,128,2048,0.002,0.002,core_N128_s1,3,600000,600000,600000,0,True,600000,0.08760374355490284,0.10094432029404239,0.0842328258882878,0.0015772550045944124,0.013340576739139548,0.037109841428431184,0.03710984142844897,0.03710984142844709,0.03710986456387585,0.4868433426977509,0.16865440690363498,2.118728777950134e-09,8.064349600635757e-08,0.0004622790774202945,0.012878264196579675,3.346513957417028e-08,0.013340576739139546,20124,1.7549184886873994,101319,1e-24,599999,-98.20396358597075,0.9999906985057815,446,True,0.08754020230603976,1326,True,0.08753682317274147,0.0,,,0.0,,,0.0,,,0.0,,,0.0,,,0.0,,
runge,10.0,1,128,2048,0.002,0.02,core_N128_s1,3,600000,600000,600000,0,True,600000,0.08760374355490284,0.09774234644292228,0.08496809292173985,0.0015272241631706606,0.010138602888019432,0.03710984142840881,0.03710984142840881,0.03710984142840881,0.03710986456385663,0.48684334269762486,0.16865440690363498,5.964016373333595e-16,2.0343917263116106e-13,9.234087845588583e-05,0.010046262009576937,-1.3383216239952451e-14,0.010138602888019441,105649,1.2000724913087009,,1e-24,405036,-44393690.1732756,0.9999756602192991,80,True,0.08759262732718281,247,True,0.08759074859625776,0.0,,,0.0,,,0.0,,,0.0,,,0.0,,,0.0,,
runge,100.0,1,128,2048,0.002,0.2,core_N128_s1,3,600000,600000,600000,0,True,600000,0.08760374355490284,0.09746188235203028,0.08212980525459732,0.0015228419117504731,0.009858138797127436,0.03710984142840884,0.037109841428408834,0.03710984142840884,0.03710986456385662,0.4868433426976248,0.16865440690363498,2.792533956486646e-16,1.503447426659368e-13,5.84925137381048e-05,0.009799646283390117,-7.818012293929494e-16,0.00985813879712744,102935,0.8828364331728866,,1e-24,314350,-44385112.839933895,0.9999701495392502,9,True,0.08760248735398468,26,True,0.08760233542497382,0.0,,,0.0,,,0.0,,,0.0,,,0.0,,,0.0,,
moment3,0.0001,1,128,2048,0.002,2.0000000000000002e-07,core_N128_s1,3,600000,600000,600000,0,True,600000,0.08760374355490284,0.14267227113262249,0.06929859967670804,0.0022292542364472263,0.05506852757771964,1.2212453270876722e-15,1.3176792990066134e-15,1.4432899320127035e-15,1.9999630458491651e-25,4.4720874597219936e-13,0.49199368780124286,6.465798974820821e-15,6.402228241144368e-06,0.03020478808135251,0.024855727477688837,8.012018678282739e-06,0.05506852757771964,36750,4.750349379207316,293086,1e-24,437378,-509414716.1825925,1.0000004890397847,1775,True,0.09020653752512472,4241,True,0.09083696840594566,0.022598870056497175,,,0.005649717514124294,,,0.0,,,0.005649717514124294,,,0.0,,,0.0,,
moment3,0.001,1,128,2048,0.002,2e-06,core_N128_s1,3,600000,600000,600000,0,True,600000,0.08760374355490284,0.13833710127253943,0.0672643648087173,0.0021615172073834285,0.05073335771763658,1.2212453270876722e-15,1.3135159626642689e-15,1.4432899320127035e-15,1.7954438182219813e-25,4.2372609711290336e-13,0.49199368780124286,5.795535019711482e-15,6.3631027974651405e-06,0.027768900731330856,0.022956213883452283,8.243102853460385e-06,0.0507333577176366,34369,4.546845481642092,292647,1e-24,427722,-512986203.81129265,1.0000005901215667,1773,True,0.09020404633251983,4236,True,0.09083569786510956,0.022598870056497175,,,0.005649717514124294,,,0.0,,,0.005649717514124294,,,0.0,,,0.0,,
moment3,0.01,1,128,2048,0.002,2e-05,core_N128_s1,3,600000,600000,600000,0,True,600000,0.08760374355490284,0.11923394635678831,0.056802090552362204,0.0018630304118248174,0.03163020280188547,1.3322676295501878e-15,1.212585587495596e-15,1.3322676295501878e-15,3.0891762111791564e-26,1.7576024274640372e-13,0.49199368780124286,1.028080994867604e-15,3.048563757144404e-06,0.015562716036267037,0.016060064388489857,7.422377128569975e-06,0.031630202801885464,28226,3.846072016895221,288460,1e-24,394932,-527968721.418492,1.0000008157576106,1756,True,0.09018191780947282,4192,True,0.09082212236480842,0.022598870056497175,,,0.0,,,0.0,,,0.005649717514124294,,,0.0,,,0.0,,
moment3,0.1,1,128,2048,0.002,0.0002,core_N128_s1,3,600000,600000,600000,0,True,600000,0.08760374355490284,0.11036850870468899,0.055552961710382855,0.0017245079485107655,0.022764765149786148,7.771561172376096e-16,1.3880896432283408e-15,1.3322676295501878e-15,2.380281792433564e-26,1.54281371210787e-13,0.49199368780124286,1.6825925511662931e-15,4.2021188522620976e-06,0.014243907297014784,0.008517548928829487,3.3089239418667986e-06,0.02276476514978614,15430,2.820639434207067,257460,1e-24,314512,-588071535.2956325,1.0000012812069055,1604,True,0.08999460197526489,3797,True,0.09064293704073127,0.011299435028248588,,,0.0,,,0.0,,,0.0,,,0.0,,,0.0,,
moment3,1.0,1,128,2048,0.002,0.002,core_N128_s1,3,600000,600000,600000,0,True,600000,0.08760374355490284,0.10679006288309821,0.09046248153195284,0.0016685947325484095,0.019186319328195367,1.4432899320127035e-15,1.4432899320127035e-15,1.4432899320127035e-15,8.968154568623798e-27,9.470018888757958e-14,0.49199368780124286,2.4669698015574564e-16,2.769254233722736e-06,0.019359030359363226,-0.00017436609033499357,1.6550591671333404e-06,0.019186319328195364,5284,2.274187075681791,156616,1e-24,175652,-477443072.4612282,1.0000023114793373,881,True,0.08883575821992039,1991,True,0.08920033298781803,0.005649717514124294,,,0.0,,,0.0,,,0.0,,,0.0,,,0.0,,
moment3,10.0,1,128,2048,0.002,0.02,core_N128_s1,3,600000,600000,600000,0,True,600000,0.08760374355490284,0.10946636590260984,0.09467098494389865,0.0017104119672282788,0.021862622347707,1.5543122344752192e-15,1.5543122344752192e-15,1.5543122344752192e-15,1.5642646238391136e-27,3.955072188455696e-14,0.49199368780124286,1.4422221867139654e-16,1.3951618948134183e-06,0.017995831050755636,0.003866631656783133,1.5964016822876803e-07,0.021862622347707,1192,1.7913948409461715,73261,1e-24,77695,-345241939.3830956,1.000009551143557,165,True,0.08796395250040491,362,True,0.08805058907068404,0.005649717514124294,,,0.0,,,0.0,,,0.0,,,0.0,,,0.0,,
moment3,100.0,1,128,2048,0.002,0.2,core_N128_s1,3,600000,600000,600000,0,True,600000,0.08760374355490284,0.10867727275720175,0.09512223359197526,0.0016980823868312774,0.021073529202298907,9.992007221626409e-16,9.992007221626409e-16,9.992007221626409e-16,3.1521406084997448e-28,1.7754240305329043e-14,0.49199368780124286,1.1102231238868493e-16,1.0048289747650564e-06,0.013158000398591685,0.007915518970107616,9.833599607473392e-09,0.02107352920229891,78274,1.363721367542076,,1e-24,30944,-273339552.76286024,1.0000282836426628,18,True,0.08764058139966499,38,True,0.08764956837341666,0.005649717514124294,,,0.0,,,0.0,,,0.0,,,0.0,,,0.0,,
moment5,0.0001,1,128,2048,0.002,2.0000000000000002e-07,core_N128_s1,3,600000,600000,600000,0,True,600000,0.08760374355490284,0.09109736091299914,0.092123716921039,0.0014233962642656115,0.003493617358096293,0.7500026868634275,0.7500026935589229,0.7500026935529269,0.7500119221820267,0.8660272518638071,0.49199368780124275,8.878463439621333e-06,1.269934094176583e-05,0.0037760030738025483,-0.00028686098484253896,4.475269136274644e-06,0.0034936173580962845,0,0.41542222818060104,,1e-24,599999,0.9989361385643345,0.9999975629223237,1735,True,0.09027092142199356,3530,True,0.09115827989045365,0.0,,,0.0,,,0.0,,,0.0,,,0.0,,,0.0,,
moment5,0.001,1,128,2048,0.002,2e-06,core_N128_s1,3,600000,600000,600000,0,True,600000,0.08760374355490284,0.09109563890167151,0.0920781718501105,0.0014233693578386173,0.003491895346768664,0.7500026833868848,0.7500026900716091,0.7500026900656207,0.7500119187015846,0.8660272498544006,0.49199368780124275,8.866930680751366e-06,1.2688088209689793e-05,0.0037747660650868024,-0.00028653645048233226,3.665732164197788e-06,0.0034918953467686677,0,0.41537800630171345,,1e-24,599999,0.9989346426843385,0.9999975674845154,1733,True,0.09026820248954993,3526,True,0.09115611286894879,0.0,,,0.0,,,0.0,,,0.0,,,0.0,,,0.0,,
moment5,0.01,1,128,2048,0.002,2e-05,core_N128_s1,3,600000,600000,600000,0,True,600000,0.08760374355490284,0.09107793514524243,0.09162749281585253,0.001423092736644413,0.0034741915903395842,0.7500026491417772,0.7500026557200815,0.7500026557141648,0.7500118844175188,0.8660272300607582,0.49199368780124275,8.753090959197372e-06,1.257662259667569e-05,0.0037546291367145167,-0.00028333846898933104,2.900922614407679e-06,0.003474191590339594,0,0.41493984945669404,,1e-24,599999,0.9989196720458049,0.999997715468203,1716,True,0.09024992357857896,3491,True,0.09113462187901217,0.0,,,0.0,,,0.0,,,0.0,,,0.0,,,0.0,,
moment5,0.1,1,128,2048,0.002,0.0002,core_N128_s1,3,600000,600000,600000,0,True,600000,0.08760374355490284,0.09086336384273483,0.08863452482636304,0.0014197400600427317,0.003259620287831985,0.7500023525856113,0.7500023582202868,0.7500023582150457,0.7500115874795826,0.8660270586258988,0.49199368780124275,7.750773513739858e-06,1.1561653269669845e-05,0.0035115725652511203,-0.00025553923694166057,3.5869595225416374e-06,0.0032596202878320013,0,0.4109276237496211,,1e-24,599999,0.9987689108596771,0.9999974544367028,1569,True,0.09004906901078312,3176,True,0.0908890620883951,0.0,,,0.0,,,0.0,,,0.0,,,0.0,,,0.0,,
moment5,1.0,1,128,2048,0.002,0.002,core_N128_s1,3,600000,600000,600000,0,True,600000,0.08760374355490284,0.08930373203567542,0.07728736519384918,0.0013953708130574284,0.001699988480772574,0.7500012427740421,0.7500012448015779,0.7500012447994885,0.750010475188671,0.8660264164528979,0.49199368780124275,3.847221250491447e-06,6.7499697964445185e-06,0.0018492476196821693,-0.00015074867635959504,1.4895374500114305e-06,0.0016999884807725855,0,0.3896201422376143,,1e-24,599999,0.9972138226313881,0.9999963768398707,864,True,0.08887474246056239,1735,True,0.08933043011232744,0.0,,,0.0,,,0.0,,,0.0,,,0.0,,,0.0,,
moment5,10.0,1,128,2048,0.002,0.02,core_N128_s1,3,600000,600000,600000,0,True,600000,0.08760374355490284,0.08803483525114192,0.08035585197472363,0.0013755443007990925,0.00043109169623907484,0.7500006208212614,0.7500006214075959,0.7500006214067447,0.750009850321283,0.866026055690085,0.49199368780124275,1.7017530849581677e-06,3.06590220916055e-06,0.000518046891275018,-8.70550364969855e-05,9.984146105037763e-08,0.0004310916962390828,0,0.3652500323046279,,1e-24,599999,0.981300092543241,0.9999975455994939,163,True,0.08797165044662421,330,True,0.08807413073080768,0.0,,,0.0,,,0.0,,,0.0,,,0.0,,,0.0,,
moment5,100.0,1,128,2048,0.002,0.2,core_N128_s1,3,600000,600000,600000,0,True,600000,0.08760374355490284,0.08761098011178697,0.08236703439278958,0.0013689215642466715,7.23655688412983e-06,0.7500004895775669,0.750000490571207,0.7500004905707871,0.7500097181210796,0.8660259793652036,0.49199368780124275,1.3091177310925129e-06,2.2225770125505555e-06,7.98572649399498e-05,-7.262070805525715e-05,-5.595771513145216e-16,7.236556884133086e-06,0,0.35984330564110434,,1e-24,599999,0.821832868116841,0.9999995243320362,17,True,0.0876402083496601,35,True,0.0876520022506965,0.0,,,0.0,,,0.0,,,0.0,,,0.0,,,0.0,,
moment9,0.0001,1,128,2048,0.002,2.0000000000000002e-07,core_N128_s1,3,600000,600000,600000,0,True,600000,0.08760374355490284,0.09109736091299922,0.092123716921039,0.0014233962642656128,0.0034936173580963764,0.7500026868634274,0.7500026935589227,0.7500026935529269,0.7500505166331906,0.8660299822660129,0.491993687801243,8.878463439536101e-06,1.2699340941761863e-05,0.0037760030738025105,-0.00028686098484244875,4.4752691362960406e-06,0.0034936173580963578,0,0.415422228180601,,1e-24,599999,0.9989361385643335,0.9999975304498305,1735,True,0.09027092142199357,3530,True,0.09115827989045365,0.0,,,0.0,,,0.0,,,0.0,,,0.0,,,0.0,,
moment9,0.001,1,128,2048,0.002,2e-06,core_N128_s1,3,600000,600000,600000,0,True,600000,0.08760374355490284,0.09109563890167159,0.09207817185011065,0.0014233693578386186,0.0034918953467687475,0.7500026833868849,0.750002690071609,0.7500026900656207,0.7500505131441781,0.8660299802517557,0.491993687801243,8.866930680777046e-06,1.2688088209687375e-05,0.0037747660650867673,-0.0002865364504822423,3.665732164214427e-06,0.0034918953467687392,0,0.4153780063017135,,1e-24,599999,0.9989346426843376,0.9999975360843246,1733,True,0.09026820248954993,3526,True,0.09115611286894879,0.0,,,0.0,,,0.0,,,0.0,,,0.0,,,0.0,,
moment9,0.01,1,128,2048,0.002,2e-05,core_N128_s1,3,600000,600000,600000,0,True,600000,0.08760374355490284,0.0910779351452425,0.09162749281585252,0.001423092736644414,0.0034741915903396536,0.750002649141777,0.7500026557200814,0.7500026557141648,0.7500504787744928,0.86602996040964,0.491993687801243,8.753090959180291e-06,1.257662259667334e-05,0.003754629136714482,-0.00028333846898924143,2.9009226144186263e-06,0.0034741915903396593,0,0.4149398494566942,,1e-24,599999,0.9989196720458039,0.9999976092547955,1716,True,0.09024992357857896,3491,True,0.09113462187901217,0.0,,,0.0,,,0.0,,,0.0,,,0.0,,,0.0,,
moment9,0.1,1,128,2048,0.002,0.0002,core_N128_s1,3,600000,600000,600000,0,True,600000,0.08760374355490284,0.09086336384273491,0.08863452482636283,0.001419740060042733,0.0032596202878320685,0.7500023525856111,0.7500023582202867,0.7500023582150456,0.7500501809977508,0.8660297884988065,0.491993687801243,7.750773513758276e-06,1.156165326966407e-05,0.00351157256525107,-0.0002555392369415756,3.5869595225730996e-06,0.003259620287832067,0,0.41092762374962116,,1e-24,599999,0.9987689108596761,0.9999975093547289,1569,True,0.09004906901078312,3176,True,0.0908890620883951,0.0,,,0.0,,,0.0,,,0.0,,,0.0,,,0.0,,
moment9,1.0,1,128,2048,0.002,0.002,core_N128_s1,3,600000,600000,600000,0,True,600000,0.08760374355490284,0.08930373203567545,0.07728736519384916,0.0013953708130574288,0.0016999884807726018,0.750001242774042,0.7500012448015777,0.7500012447994883,0.7500490632647377,0.8660291432150176,0.491993687801243,3.847221250510128e-06,6.749969796440676e-06,0.0018492476196821435,-0.00015074867635952628,1.4895374499880462e-06,0.001699988480772605,0,0.3896201422376143,,1e-24,599999,0.9972138226313872,0.9999956564180493,864,True,0.08887474246056239,1735,True,0.08933043011232744,0.0,,,0.0,,,0.0,,,0.0,,,0.0,,,0.0,,
moment9,10.0,1,128,2048,0.002,0.02,core_N128_s1,3,600000,600000,600000,0,True,600000,0.08760374355490284,0.08803483525114196,0.08035585197472361,0.0013755443007990931,0.0004310916962391165,0.7500006208212613,0.7500006214075958,0.7500006214067446,0.7500484320051262,0.866028778779301,0.491993687801243,1.7017530849494793e-06,3.0659022091573266e-06,0.0005180468912749978,-8.705503649693113e-05,9.98414610527718e-08,0.00043109169623911956,0,0.3652500323046279,,1e-24,599999,0.9813000925432398,0.9999954914908591,163,True,0.08797165044662421,330,True,0.08807413073080768,0.0,,,0.0,,,0.0,,,0.0,,,0.0,,,0.0,,
moment9,100.0,1,128,2048,0.002,0.2,core_N128_s1,3,600000,600000,600000,0,True,600000,0.08760374355490284,0.08761098011178699,0.08236703439278997,0.0013689215642466717,7.236556884143708e-06,0.7500004895775668,0.7500004905712069,0.7500004905707871,0.7500482977079606,0.8660287012474974,0.491993687801243,1.3091177310925129e-06,2.222577012549089e-06,7.985726493993019e-05,-7.262070805521363e-05,-5.690122040721999e-16,7.23655688414755e-06,0,0.35984330564110434,,1e-24,599999,0.8218328681168401,0.999998676174986,17,True,0.0876402083496601,35,True,0.0876520022506965,0.0,,,0.0,,,0.0,,,0.0,,,0.0,,,0.0,,
sine,0.0001,1,128,2048,0.002,2.0000000000000002e-07,core_N128_s1,5,600000,600000,600000,0,True,600000,0.08760374355490284,0.11135021688341985,0.09374181957414911,0.0017398471388034352,0.02374647332851701,0.41703853503569865,0.41796246825856054,0.4179657536159236,0.41703868714423686,0.9132783662654413,0.24805535278427734,0.0017852742314856593,0.007392372674192226,0.02612772758621751,-0.0023819089250618425,6.546673613368359e-07,0.023746473328517002,0,1.2533721036705587,,1e-24,599999,0.998769880042032,1.0000012696932972,1716,True,0.08898560457906851,3773,True,0.08929202691100462,0.005649717514124294,,,0.0,,,0.0,,,0.0,,,0.0,,,0.0,,
sine,0.001,1,128,2048,0.002,2e-06,core_N128_s1,5,600000,600000,600000,0,True,600000,0.08760374355490284,0.11144856679547677,0.09375360472317991,0.0017413838561793245,0.023844823240573923,0.41694514003907424,0.4178859567030917,0.4178893095549269,0.41694529025016064,0.9131760950114284,0.24805535278427734,0.0018093386060660625,0.007424977991913595,0.02619189509205362,-0.0023478027118093462,7.308603296432332e-07,0.02384482324057392,0,1.258114346393722,,1e-24,599999,0.9987681024499201,1.000001272583442,1714,True,0.0889843978444765,3769,True,0.08928982717006281,0.005649717514124294,,,0.0,,,0.0,,,0.0,,,0.0,,,0.0,,
sine,0.01,1,128,2048,0.002,2e-05,core_N128_s1,5,600000,600000,600000,0,True,600000,0.08760374355490284,0.11248798260115969,0.09437321646535252,0.0017576247281431202,0.024884239046256848,0.4159424373089843,0.4170575652093552,0.4170603012152856,0.4159425679727911,0.9120773738809566,0.24805535278427734,0.00206932180767564,0.007691136158825848,0.026890578185334413,-0.0020069239541774444,5.848150998934789e-07,0.024884239046256862,0,1.3061411461028363,,1e-24,599999,0.9987503171741654,1.0000012928048971,1698,True,0.08897376120995834,3734,True,0.08926803458555954,0.005649717514124294,,,0.0,,,0.0,,,0.0,,,0.0,,,0.0,,
sine,0.1,1,128,2048,0.002,0.0002,core_N128_s1,5,600000,600000,600000,0,True,600000,0.08760374355490284,0.12545887434258915,0.11352644084351667,0.0019602949116029555,0.037855130787686306,0.40294705790119056,0.404822388683034,0.40481639457134866,0.40294703279235344,0.8977160272517735,0.24805535278427734,0.003712971421228753,0.00563473124050847,0.03820742465987274,-0.0003525705828674708,2.7671068104320983e-07,0.037855130787686306,0,1.5570717057208576,,1e-24,599999,0.998571636668732,1.0000011432859637,1558,True,0.08888566004247449,3413,True,0.08911825852880595,0.005649717514124294,,,0.0,,,0.0,,,0.0,,,0.0,,,0.0,,
sine,1.0,1,128,2048,0.002,0.002,core_N128_s1,5,600000,600000,600000,0,True,600000,0.08760374355490284,0.21612797198286898,0.2168910580780173,0.003376999562232328,0.12852422842796613,0.20076444721703057,0.21634427025700614,0.2166175096791606,0.2007629157513743,0.6336606595826734,0.24805535278427734,0.005353405281596385,0.02407767719533529,0.16428768340199276,-0.03576362634875458,1.7137472796345133e-07,0.12852422842796613,0,1.5106571570333176,,1e-24,599999,0.9967488305125695,1.0000007692188624,863,True,0.08849199700980645,1864,True,0.08863186296401149,0.01694915254237288,,,0.0,,,0.0,,,0.0,,,0.0,,,0.0,,
sine,10.0,1,128,2048,0.002,0.02,core_N128_s1,5,600000,600000,600000,0,True,600000,0.08760374355490284,0.18729824249688704,0.21034426807758008,0.00292653503901386,0.09969449894198419,0.04668593925504738,0.04668632593012364,0.04668630221173575,0.04668677989051463,0.3055708752172387,0.24805535278427734,8.239622330972508e-06,5.4994907226065284e-05,0.14883894825325114,-0.049144505120754994,5.58094879682919e-08,0.09969449894198415,0,1.4706418918548418,,1e-24,599999,0.9782606827002824,0.9999923226816038,161,True,0.08780229484237378,345,True,0.08783714298370414,0.005649717514124294,,,0.0,,,0.0,,,0.0,,,0.0,,,0.0,,
sine,100.0,1,128,2048,0.002,0.2,core_N128_s1,5,600000,600000,600000,0,True,600000,0.08760374355490284,0.13140066932219038,0.13276414211339627,0.0020531354581592247,0.04379692576728754,0.046685016852375805,0.04668501685237629,0.04668501685237647,0.04668586061661757,0.3055678668205071,0.24805535278427734,6.6380746619400434e-15,8.073681507407386e-13,0.03878308963267196,0.005013834256620041,1.8779955388720246e-09,0.04379692576728754,153499,1.4408528602055966,,1e-24,495186,-3275176071.0041676,1.0000009087281627,17,True,0.08762591789268082,36,True,0.08762990744949216,0.005649717514124294,,,0.0,,,0.0,,,0.0,,,0.0,,,0.0,,
runge,0.0001,1,128,2048,0.002,2.0000000000000002e-07,core_N128_s1,5,600000,600000,600000,0,True,600000,0.08760374355490284,0.19463825222823816,0.07220148650982576,0.0030412226910662213,0.10703450867333532,0.037290327337633794,0.037617033936575735,0.037616000206819766,0.037290302963451066,0.48802549078029595,0.1686866801137913,0.0004593778884303875,0.01301073829586116,0.004568297249575146,0.10246616393493346,4.748882668593036e-08,0.1070345086733353,0,1.3733451492971813,,1e-24,599999,0.9981109358989664,0.9999999468910733,946,True,0.08746684887691214,2596,True,0.08744815179101646,0.0,,,0.0,,,0.0,,,0.0,,,0.0,,,0.0,,
runge,0.001,1,128,2048,0.002,2e-06,core_N128_s1,5,600000,600000,600000,0,True,600000,0.08760374355490284,0.1944720107769703,0.07239742668440603,0.003038625168390161,0.10686826722206745,0.0368430311926409,0.03717867419272192,0.037177615625095556,0.03684300612977021,0.48508973002700906,0.1686866801137913,0.000481146158185883,0.012959174083392781,0.004649767825674574,0.10221845228313185,4.711326102556018e-08,0.10686826722206746,0,1.3740260089147527,,1e-24,599999,0.9981083506405178,0.9999999532487361,945,True,0.08746702519208234,2594,True,0.0874483520108899,0.0,,,0.0,,,0.0,,,0.0,,,0.0,,,0.0,,
runge,0.01,1,128,2048,0.002,2e-05,core_N128_s1,5,600000,600000,600000,0,True,600000,0.08760374355490284,0.19273226721969783,0.07124522948886357,0.0030114416753077786,0.10512852366479498,0.03294927521846139,0.03334247015675042,0.03334102704672162,0.032949246471807254,0.4587407227513974,0.1686866801137913,0.0006341245393634017,0.012394288008443454,0.0052684983314420075,0.09985992109252899,1.0424082397291592e-07,0.10512852366479498,0,1.380242844405625,,1e-24,599999,0.9980824959474645,0.9999999935413424,935,True,0.08746876683263352,2571,True,0.08745030215680974,0.0,,,0.0,,,0.0,,,0.0,,,0.0,,,0.0,,
runge,0.1,1,128,2048,0.002,0.0002,core_N128_s1,5,600000,600000,600000,0,True,600000,0.08760374355490284,0.17688845770663425,0.06458925271121992,0.00276388215166616,0.0892847141517314,0.01932696327547362,0.019552191902758934,0.019548944650696426,0.019326966951036875,0.3513390340887227,0.1686866801137913,0.0006152666556026995,0.008206663944673225,0.004906571326965843,0.08437811485586962,2.7968895976857512e-08,0.08928471415173143,0,1.408354972371545,,1e-24,599999,0.9978237659198387,0.9999993640226897,847,True,0.08748370189683632,2365,True,0.08746707721648231,0.03389830508474576,,,0.0,,,0.0,,,0.0,,,0.0,,,0.0,,
runge,1.0,1,128,2048,0.002,0.002,core_N128_s1,5,600000,600000,600000,0,True,600000,0.08760374355490284,0.12800713961209625,0.07014151910242174,0.002000111556439004,0.04040339605719341,0.016835338400380345,0.016835420084160325,0.016835416193612077,0.0168353807437051,0.3279110277187368,0.1686866801137913,9.14384486077639e-06,0.00016840619035177906,0.000858115751103773,0.03954522184593642,5.846015322149068e-08,0.04040339605719341,0,1.4213208763357341,,1e-24,599999,0.9952291885519579,0.9999935381141682,446,True,0.08754002744403476,1325,True,0.08753625405483004,0.01694915254237288,,,0.0,,,0.0,,,0.0,,,0.0,,,0.0,,
runge,10.0,1,128,2048,0.002,0.02,core_N128_s1,5,600000,600000,600000,0,True,600000,0.08760374355490284,0.10580244735498921,0.08260698369927363,0.0016531632399217064,0.01819870380008637,0.01683504396228891,0.016835043962294526,0.0168350439622941,0.016835086495766434,0.32790816209998297,0.1686866801137913,1.796984960456521e-09,6.395708493406828e-08,0.00015020785468582192,0.018048495945400336,2.0377626891339638e-16,0.018198703800086365,44289,1.3984290351200532,,1e-24,599999,-497.5546940857878,0.9999776665055788,80,True,0.08759260591948528,247,True,0.08759070823335968,0.011299435028248588,,,0.0,,,0.0,,,0.0,,,0.0,,,0.0,,
runge,100.0,1,128,2048,0.002,0.2,core_N128_s1,5,600000,600000,600000,0,True,600000,0.08760374355490284,0.10268387310543804,0.08251414057908368,0.0016044355172724694,0.015080129550535198,0.01683504396314539,0.016835043963461978,0.016835043963444804,0.016835086496623748,0.3279081621083322,0.1686866801137913,3.654966165094928e-09,4.872212513554007e-07,6.34107977011647e-05,0.015016718752834316,-2.645522050334484e-16,0.015080129550535216,7203,1.4298778162113197,,1e-24,599999,-8.529718420236895,0.9999926470678773,9,True,0.08760248496048029,26,True,0.08760233218456992,0.0,,,0.0,,,0.0,,,0.0,,,0.0,,,0.0,,
moment3,0.0001,1,128,2048,0.002,2.0000000000000002e-07,core_N128_s1,5,600000,600000,600000,0,True,600000,0.08760374355490284,0.17040820078661043,0.13573643906106514,0.002662628137290788,0.08280445723170758,0.6994554921963456,0.7000117573645782,0.7000102238191872,0.6994577433746918,0.8363345608582905,0.492055783991235,0.004444882321090587,0.0044556389325450824,0.14002149626278135,-0.05722053215800851,3.493126934757703e-06,0.0828044572317076,0,1.1551468713974695,,1e-24,599999,0.9989319993903724,1.0000008489165713,1770,True,0.09020616122129353,4166,True,0.0908627901124869,0.04519774011299435,,,0.0,,,0.0,,,0.0,,,0.0,,,0.0,,
moment3,0.001,1,128,2048,0.002,2e-06,core_N128_s1,5,600000,600000,600000,0,True,600000,0.08760374355490284,0.17183936660605195,0.1395644542723373,0.0026849901032195618,0.08423562305114911,0.6960377810563445,0.6966700775970981,0.6966611145712269,0.6960400266044131,0.8342887940567819,0.492055783991235,0.0047046239859332905,0.003961346560321923,0.14446440676876518,-0.060232619318936385,3.835601320322653e-06,0.08423562305114911,0,1.154838413141442,,1e-24,599999,0.9989304988467456,1.0000006190618418,1769,True,0.09020475549781053,4162,True,0.09086138682124548,0.04519774011299435,,,0.0,,,0.0,,,0.0,,,0.0,,,0.0,,
moment3,0.01,1,128,2048,0.002,2e-05,core_N128_s1,5,600000,600000,600000,0,True,600000,0.08760374355490284,0.1883325465832112,0.1703577157041308,0.002942696040362675,0.10072880302830835,0.6639217053542449,0.6660108709168422,0.666000901896141,0.6639237888591922,0.8148138789050747,0.492055783991235,0.007681154102751045,0.004791863519452891,0.18888097946383697,-0.08815618395503322,4.007519504597622e-06,0.10072880302830836,0,1.1521011955017821,,1e-24,599999,0.9989154816779472,1.0000002699011437,1752,True,0.09018237790485183,4119,True,0.09084698074715317,0.03954802259887006,,,0.0,,,0.0,,,0.0,,,0.0,,,0.0,,
moment3,0.1,1,128,2048,0.002,0.0002,core_N128_s1,5,600000,600000,600000,0,True,600000,0.08760374355490284,0.2678462170696627,0.2776585043019043,0.00418509714171348,0.18024247351475986,0.47101574369409127,0.4768118543013773,0.47679808509345784,0.471017274862708,0.6863058812280131,0.492055783991235,0.013821683092933038,0.0029842349251088863,0.48182545476779454,-0.3015863282102358,3.346957201117681e-06,0.18024247351475992,0,1.1455770801124856,,1e-24,599999,0.9987642648331888,0.9999995867744664,1600,True,0.08999403155511494,3733,True,0.09066094162139227,0.03389830508474576,,,0.0,,,0.0,,,0.0,,,0.0,,,0.0,,
moment3,1.0,1,128,2048,0.002,0.002,core_N128_s1,5,600000,600000,600000,0,True,600000,0.08760374355490284,0.26111021123662714,0.2452881242001724,0.004079847050572299,0.17350646768172429,0.05732122956711028,0.05920844371204823,0.059186666500700424,0.05732185531362041,0.23941944631813525,0.492055783991235,0.0026120549234733485,0.0020914484666560698,0.8208704454281412,-0.6473655756343246,1.5978879075188348e-06,0.17350646768172429,0,1.1455485864787016,,1e-24,599999,0.9972051195403853,0.9999979417747334,879,True,0.08883607101585979,1967,True,0.08920791161496161,0.022598870056497175,,,0.0,,,0.0,,,0.0,,,0.0,,,0.0,,
moment3,10.0,1,128,2048,0.002,0.02,core_N128_s1,5,600000,600000,600000,0,True,600000,0.08760374355490284,0.18124085111731694,0.18200695464562336,0.0028318882987080772,0.0936371075624141,0.01195545390886188,0.012082003386312934,0.012081261992260839,0.011955626240676484,0.10934161081572857,0.492055783991235,0.000259474055209775,0.0020991779048223293,0.37468272272381714,-0.28104580398124246,1.8881983946392632e-07,0.09363710756241411,0,1.1388233373567904,,1e-24,599999,0.9812554649466098,0.9999982685940658,165,True,0.08796431237296617,360,True,0.08805161797259504,0.0,,,0.0,,,0.0,,,0.0,,,0.0,,,0.0,,
moment3,100.0,1,128,2048,0.002,0.2,core_N128_s1,5,600000,600000,600000,0,True,600000,0.08760374355490284,0.1806524230335403,0.18780537847875486,0.002822694109899067,0.09304867947863744,0.01604015170166262,0.01609049935548822,0.016089668085716102,0.016040671621874635,0.12665156975526776,0.492055783991235,0.09457223940446903,0.056609501571888474,0.2178568944961552,-0.1248082174387787,2.4212609884071496e-09,0.09304867947863746,232846,1.1233340300317376,,1e-24,599999,-0.022352494355242274,1.2113666068441163e-05,18,True,0.08764061477333857,38,True,0.08764966920515012,0.0,,,0.0,,,0.0,,,0.0,,,0.0,,,0.0,,
moment5,0.0001,1,128,2048,0.002,2.0000000000000002e-07,core_N128_s1,5,600000,600000,600000,0,True,600000,0.08760374355490284,0.09167418547888656,0.09078590945146645,0.0014324091481076025,0.004070441923983717,0.7499911470180805,0.7499911849395836,0.7499911849840001,0.7500003824810137,0.866020589480383,0.49205578399123495,1.115957300149785e-05,3.4792360790242546e-05,0.0035016847949179814,0.0005655391904561939,3.217938609559769e-06,0.004070441923983734,0,0.4179475773209549,,1e-24,599999,0.9989348923175339,0.9999994830001736,1733,True,0.09026729182902289,3523,True,0.09115605212746641,0.0,,,0.0,,,0.0,,,0.0,,,0.0,,,0.0,,
moment5,0.001,1,128,2048,0.002,2e-06,core_N128_s1,5,600000,600000,600000,0,True,600000,0.08760374355490284,0.09167184913640221,0.09074049748994514,0.0014323726427562845,0.004068105581499365,0.7499911498992029,0.749991187782998,0.7499911878273587,0.7500003853583199,0.8660205911415864,0.49205578399123495,1.1157723219407259e-05,3.477443015111118e-05,0.0034987482824070646,0.0005655152619547641,3.842037137531432e-06,0.00406810558149936,0,0.4179072931997231,,1e-24,599999,0.998933395859208,0.9999994123481011,1731,True,0.09026516148442822,3520,True,0.0911540007644387,0.0,,,0.0,,,0.0,,,0.0,,,0.0,,,0.0,,
moment5,0.01,1,128,2048,0.002,2e-05,core_N128_s1,5,600000,600000,600000,0,True,600000,0.08760374355490284,0.0916480857280389,0.09043312347483187,0.0014320013395006078,0.0040443421731360535,0.7499911789107616,0.749991216420453,0.7499912164642608,0.7500004143317271,0.866020607869289,0.49205578399123495,1.1138296840416326e-05,3.4596040113293647e-05,0.0034765105664843745,0.0005652413569990543,2.590249652632903e-06,0.004044342173136061,0,0.4175080541655888,,1e-24,599999,0.9989184194710513,0.9999994497512925,1714,True,0.09024679668318215,3484,True,0.09113227099970643,0.0,,,0.0,,,0.0,,,0.0,,,0.0,,,0.0,,
moment5,0.1,1,128,2048,0.002,0.0002,core_N128_s1,5,600000,600000,600000,0,True,600000,0.08760374355490284,0.09138242262589423,0.08738954384975144,0.0014278503535295973,0.0037786790709913864,0.7499914810576294,0.7499915151292209,0.7499915151679711,0.7500007161029336,0.8660207820958977,0.49205578399123495,1.0871915274192848e-05,3.291117029773765e-05,0.0032154593093088133,0.0005597719672113734,3.447794471191475e-06,0.0037786790709913778,0,0.4138418424523934,,1e-24,599999,0.9987676037107419,0.9999994170842984,1567,True,0.09004525913492384,3171,True,0.09088614123440371,0.0,,,0.0,,,0.0,,,0.0,,,0.0,,,0.0,,
moment5,1.0,1,128,2048,0.002,0.002,core_N128_s1,5,600000,600000,600000,0,True,600000,0.08760374355490284,0.08972530570736079,0.07734169113533637,0.0014019579016775123,0.0021215621524579426,0.7499937415467164,0.7499937599969154,0.749993760013869,0.7500029741158648,0.8660220857510882,0.49205578399123495,7.680154429855027e-06,2.383448685309728e-05,0.0016544326134902768,0.00046555519156557946,1.574347402085371e-06,0.0021215621524579413,0,0.3938067376792942,,1e-24,599999,0.9972120854892036,0.9999994862142533,863,True,0.0888732621434922,1732,True,0.08932913571286219,0.0,,,0.0,,,0.0,,,0.0,,,0.0,,,0.0,,
moment5,10.0,1,128,2048,0.002,0.02,core_N128_s1,5,600000,600000,600000,0,True,600000,0.08760374355490284,0.08833597656543174,0.08034269125188896,0.001380249633834871,0.000732233010528896,0.7499963138729522,0.7499963234937818,0.7499963234998654,0.750005543621864,0.8660235692432313,0.49205578399123495,3.5844787408895977e-06,1.6102328166981954e-05,0.0004118332162593142,0.0003202972932477768,1.0250102180423733e-07,0.0007322330105288953,0,0.36940002107937364,,1e-24,599999,0.9812947395763529,0.9999999582917537,163,True,0.08797158256357336,330,True,0.08807394156417096,0.0,,,0.0,,,0.0,,,0.0,,,0.0,,,0.0,,
moment5,100.0,1,128,2048,0.002,0.2,core_N128_s1,5,600000,600000,600000,0,True,600000,0.08760374355490284,0.0879202099292283,0.08254511744467176,0.0013737532801441923,0.0003164663743254609,0.7499960519331794,0.7499960733166213,0.7499960733301099,0.7500052824901033,0.8660234184801596,0.49205578399123495,2.7897526997065707e-06,1.6347434789534415e-05,-5.982028243693496e-06,0.0003224484025690182,1.3168421464912318e-16,0.0003164663743254564,0,0.36425470912951785,,1e-24,599999,0.8217918024036153,1.000000104811159,17,True,0.08764019870479436,35,True,0.0876519765159167,0.0,,,0.0,,,0.0,,,0.0,,,0.0,,,0.0,,
moment9,0.0001,1,128,2048,0.002,2.0000000000000002e-07,core_N128_s1,5,600000,600000,600000,0,True,600000,0.08760374355490284,0.091113675080955,0.09200432989912055,0.0014236511731399218,0.003509931526052154,0.7500024299602607,0.7500024353696072,0.7500024353653695,0.7500502566959909,0.866029832200502,0.4920557839912351,7.995670323298686e-06,1.1414551302187263e-05,0.003759670777729101,-0.00025303226113425136,3.293009457291284e-06,0.003509931526052142,0,0.4159873338028638,,1e-24,599999,0.9989348819025153,0.999996652810139,1733,True,0.09026639046953597,3526,True,0.09115396059911443,0.0,,,0.0,,,0.0,,,0.0,,,0.0,,,0.0,,
moment9,0.001,1,128,2048,0.002,2e-06,core_N128_s1,5,600000,600000,600000,0,True,600000,0.08760374355490284,0.09111190260532291,0.09195890292529986,0.0014236234782081705,0.0035081590504200677,0.7500024268056776,0.7500024322064061,0.7500024322021732,0.7500502535300229,0.8660298303727426,0.4920557839912351,7.985282998221571e-06,1.1404490444570479e-05,0.0037575335467146336,-0.0002527479946286319,3.3734983340659733e-06,0.003508159050420068,0,0.4159426254078537,,1e-24,599999,0.9989333854296254,0.9999967341122104,1731,True,0.09026423671197575,3522,True,0.09115178738626743,0.0,,,0.0,,,0.0,,,0.0,,,0.0,,,0.0,,
moment9,0.01,1,128,2048,0.002,2e-05,core_N128_s1,5,600000,600000,600000,0,True,600000,0.08760374355490284,0.09109370519167358,0.09150939475820374,0.0014233391436198996,0.003489961636770733,0.7500023957315576,0.7500024010471131,0.7500024010429296,0.7500502223421428,0.866029812367526,0.4920557839912351,7.882741658805879e-06,1.1304815041774235e-05,0.0037375469580213662,-0.00024994687755788944,2.3615563072554566e-06,0.003489961636770732,0,0.41549964593590394,,1e-24,599999,0.9989184088971966,0.9999969287875897,1714,True,0.09024588850063668,3487,True,0.09113023756819075,0.0,,,0.0,,,0.0,,,0.0,,,0.0,,,0.0,,
moment9,0.1,1,128,2048,0.002,0.0002,core_N128_s1,5,600000,600000,600000,0,True,600000,0.08760374355490284,0.09087512372260208,0.08851293792622932,0.0014199238081656575,0.003271380167699234,0.7500021266231215,0.7500021311817922,0.7500021311780731,0.7500499521174304,0.8660296563628538,0.4920557839912351,6.9793547362675825e-06,1.039595983985684e-05,0.0034934726810100713,-0.00022560161376127655,3.509100450442103e-06,0.0032713801676992373,0,0.41144314964971884,,1e-24,599999,0.9987675917417573,0.9999966266830989,1567,True,0.09004448866450508,3173,True,0.090884410741012,0.0,,,0.0,,,0.0,,,0.0,,,0.0,,,0.0,,
moment9,1.0,1,128,2048,0.002,0.002,core_N128_s1,5,600000,600000,600000,0,True,600000,0.08760374355490284,0.08931124149341368,0.07728567816246039,0.0013954881483345888,0.0017074979385108408,0.7500011211218728,0.750001122767866,0.750001122766356,0.7500489393257974,0.8660290716632059,0.4920557839912351,3.4577701522882435e-06,6.066467325622823e-06,0.0018398783174925016,-0.0001339770331166177,1.5966541349622931e-06,0.0017074979385108455,0,0.38990585364337865,,1e-24,599999,0.9970829254759512,0.9999936509880227,863,True,0.08887291088129626,1733,True,0.08932839860180217,0.0,,,0.0,,,0.0,,,0.0,,,0.0,,,0.0,,
moment9,10.0,1,128,2048,0.002,0.02,core_N128_s1,5,600000,600000,600000,0,True,600000,0.08760374355490284,0.08803965680090199,0.08035611844914291,0.0013756196375140936,0.0004359132459991477,0.7500005614337113,0.7500005619193371,0.7500005619186694,0.7500483710156415,0.8660287435691414,0.4920557839912351,1.527505247534222e-06,2.7524529062845992e-06,0.0005139015161920251,-7.809082182229969e-05,1.0255162941479903e-07,0.00043591324599914023,0,0.3653019240630333,,1e-24,599999,0.9812946280372252,0.999994753884324,163,True,0.087971535226344,330,True,0.088073819071464,0.0,,,0.0,,,0.0,,,0.0,,,0.0,,,0.0,,
moment9,100.0,1,128,2048,0.002,0.2,core_N128_s1,5,600000,600000,600000,0,True,600000,0.08760374355490284,0.0876148082670624,0.08235917732116772,0.00136898137917285,1.106471215955862e-05,0.75000044767893,0.750000448471587,0.7500004484712584,0.7500482545483402,0.8660286763307883,0.4920557839912351,1.1773432808222151e-06,1.9877342734778072e-06,7.66187136507208e-05,-6.555400149050058e-05,-6.570929240585001e-16,1.1064712159563113e-05,0,0.3598488423493743,,1e-24,599999,0.8217908370567144,0.9999988398355613,17,True,0.0876401943057884,35,True,0.08765196465384553,0.0,,,0.0,,,0.0,,,0.0,,,0.0,,,0.0,,
sine,0.0001,1,128,2048,0.002,2.0000000000000002e-07,core_N128_s1,7,600000,600000,600000,0,True,600000,0.08760374355490284,0.11186182664727888,0.09410595001778321,0.0017478410413637325,0.024258083092376037,0.4146371156804708,0.41644228096960767,0.4165021144205652,0.41463720014473604,0.9106450462663661,0.24805715648337615,0.0012815065161550742,0.011069379003387114,0.02589777436849618,-0.001640378352723948,6.870766038048279e-07,0.024258083092376044,0,1.387533396336143,,1e-24,599999,0.99876991434478,1.0000014528420975,1716,True,0.08898540843053751,3774,True,0.0892917699547276,0.005649717514124294,,,0.0,,,0.0,,,0.0,,,0.0,,,0.0,,
sine,0.001,1,128,2048,0.002,2e-06,core_N128_s1,7,600000,600000,600000,0,True,600000,0.08760374355490284,0.11196323388845907,0.09408800821112787,0.001749425529507173,0.024359490333556222,0.41444725068778787,0.416308558441236,0.4163712164611019,0.41444733063369277,0.9104365223712115,0.24805715648337615,0.0012792505514450758,0.011200159855174597,0.025947774129766173,-0.0015888609868111177,5.771906011658254e-07,0.024359490333556222,0,1.3955527891771604,,1e-24,599999,0.9987681367622647,1.000001455928983,1714,True,0.08898420206843256,3771,True,0.08928959648339367,0.005649717514124294,,,0.0,,,0.0,,,0.0,,,0.0,,,0.0,,
sine,0.01,1,128,2048,0.002,2e-05,core_N128_s1,7,600000,600000,600000,0,True,600000,0.08760374355490284,0.11298159338477583,0.0939286468637008,0.0017653373966371223,0.025377849829872984,0.41229523354156683,0.41477760676459746,0.41486671271407966,0.412295278034844,0.9080696867915413,0.24805715648337615,0.0011590015415491439,0.012281821268760445,0.02643420570363917,-0.0010570001789689555,6.443052027603254e-07,0.02537784982987297,0,1.4796691217817448,,1e-24,599999,0.9987503515825953,1.0000014671397135,1699,True,0.08897394849350794,3735,True,0.08926778405908052,0.005649717514124294,,,0.0,,,0.0,,,0.0,,,0.0,,,0.0,,
sine,0.1,1,128,2048,0.002,0.0002,core_N128_s1,7,600000,600000,600000,0,True,600000,0.08760374355490284,0.11969337161842433,0.10464101884805277,0.0018702089315378802,0.03208962806352149,0.3985513998706237,0.39973267675419966,0.39972528220262893,0.3985518601713523,0.8928066533929419,0.24805715648337615,0.00228821616838069,0.003720580273704456,0.03254573844519457,-0.00045633811109503154,2.2772942193565145e-07,0.03208962806352148,0,1.6218318696899408,563422,1e-24,599999,0.9985716720314505,1.0000011254848666,1558,True,0.08888545588166188,3415,True,0.0891179475662937,0.005649717514124294,,,0.0,,,0.0,,,0.0,,,0.0,,,0.0,,
sine,1.0,1,128,2048,0.002,0.002,core_N128_s1,7,600000,600000,600000,0,True,600000,0.08760374355490284,0.14345756351402386,0.1421353493297197,0.002241524429906623,0.05585381995912102,0.3559625005622041,0.35665787312673536,0.3566504800220624,0.35596326733196637,0.8437573908795897,0.24805715648337615,0.0011297481477704056,0.0018993666655944903,0.06406649235752578,-0.008212806321703296,1.339232985505213e-07,0.05585381995912102,0,1.4648217544382316,,1e-24,599999,0.9967488758731855,1.0000000124860964,863,True,0.08849190865222643,1865,True,0.08863170878398571,0.005649717514124294,,,0.0,,,0.0,,,0.0,,,0.0,,,0.0,,
sine,10.0,1,128,2048,0.002,0.02,core_N128_s1,7,600000,600000,600000,0,True,600000,0.08760374355490284,0.13134061296596278,0.13507928247857404,0.0020521970775931684,0.043736869411059934,0.33870468819835703,0.33873026783289206,0.3387300235226728,0.3387056640146668,0.8230500155089808,0.24805715648337615,4.52316721106631e-05,0.0005290060471712719,0.03605550294319079,0.00768134009792384,2.6369945297905716e-08,0.04373686941105993,0,1.2850839241828111,,1e-24,599999,0.9782608386195183,0.9999981132893851,161,True,0.08780228044700332,345,True,0.08783711648966153,0.0,,,0.0,,,0.0,,,0.0,,,0.0,,,0.0,,
sine,100.0,1,128,2048,0.002,0.2,core_N128_s1,7,600000,600000,600000,0,True,600000,0.08760374355490284,0.1158914751426075,0.0998637104917118,0.0018108042991032422,0.02828773158770466,0.33796442315409836,0.3380117666930461,0.3380124172322524,0.33796540673939673,0.8221501161459466,0.24805715648337615,0.00012182578378874213,0.0013892400858218528,-0.003277417487061708,0.0315651451585923,3.916174062574381e-09,0.02828773158770466,0,1.0774992965382293,,1e-24,599999,0.7931564681521234,1.000000996743802,17,True,0.08762591643005306,36,True,0.08762990481498807,0.0,,,0.0,,,0.0,,,0.0,,,0.0,,,0.0,,
runge,0.0001,1,128,2048,0.002,2.0000000000000002e-07,core_N128_s1,7,600000,600000,600000,0,True,600000,0.08760374355490284,0.14057334117277953,0.10511822140210664,0.00219645845582468,0.05296959761787669,0.03770562136725562,0.037731207351612395,0.0377310096964545,0.03770564226857134,0.49073577825815995,0.16868562658016545,0.0005408320197229522,0.0024944626060003773,0.012804985489821135,0.04016449546051685,1.1666753871563359e-07,0.0529695976178767,0,2.3282680216046474,180056,1e-24,599999,0.998110978851518,0.9999987024271463,946,True,0.08746688078375796,2596,True,0.08744827550016192,0.0,,,0.0,,,0.0,,,0.0,,,0.0,,,0.0,,
runge,0.001,1,128,2048,0.002,2e-06,core_N128_s1,7,600000,600000,600000,0,True,600000,0.08760374355490284,0.1404878638214675,0.1052293897698246,0.0021951228722104296,0.05288412026656465,0.037697297423283246,0.0377229126034576,0.037722714381879525,0.03769731832040821,0.49068160752396905,0.16868562658016545,0.0005386905296984877,0.0024926266621772006,0.012779369679328145,0.04010464082525751,1.0976197900903006e-07,0.052884120266564666,0,2.3223618986653025,179835,1e-24,599999,0.998108393608447,0.999998700382721,945,True,0.08746705703467227,2594,True,0.08744847548689584,0.0,,,0.0,,,0.0,,,0.0,,,0.0,,,0.0,,
runge,0.01,1,128,2048,0.002,2e-05,core_N128_s1,7,600000,600000,600000,0,True,600000,0.08760374355490284,0.13967502600868448,0.10619439612398067,0.002182422281385695,0.052071282453781634,0.03761956475736508,0.037645477961519576,0.03764527356683297,0.03761958561644578,0.49017544829896137,0.16868562658016545,0.0005189120388148704,0.0024790593449179814,0.012545636871163331,0.03952545987345168,1.8570916660694435e-07,0.05207128245378162,0,2.2725410986169274,177726,1e-24,599999,0.9980825390696637,0.9999986757852498,935,True,0.08746879803821175,2571,True,0.0874504231437994,0.0,,,0.0,,,0.0,,,0.0,,,0.0,,,0.0,,
runge,0.1,1,128,2048,0.002,0.0002,core_N128_s1,7,600000,600000,600000,0,True,600000,0.08760374355490284,0.13387664564205215,0.10063617292660222,0.002091822588157065,0.046272902087149306,0.03711714090290552,0.037146337253605916,0.037146084392306045,0.03711716146955569,0.48689120430250277,0.16868562658016545,0.000390888661721211,0.0025837031743907047,0.011366471256677762,0.03490637510840544,5.572206608158585e-08,0.04627290208714929,0,2.0430118391731726,162970,1e-24,599999,0.9978238105855992,0.9999985690290306,847,True,0.0874837277590311,2365,True,0.08746717719820217,0.0,,,0.0,,,0.0,,,0.0,,,0.0,,,0.0,,
runge,1.0,1,128,2048,0.002,0.002,core_N128_s1,7,600000,600000,600000,0,True,600000,0.08760374355490284,0.11251591931403387,0.07562861182132347,0.0017580612392817793,0.02491217575913103,0.034535308779905044,0.03457754728350836,0.03457724357078057,0.03453532881735848,0.4696521866019655,0.16868562658016545,7.991927840862073e-05,0.003311307577493201,0.0008186368312913574,0.024093482157610174,5.6770229504411596e-08,0.02491217575913104,0,1.6092757483160374,119944,1e-24,599999,0.9952292487286254,0.9999989083714622,446,True,0.0875400353350847,1325,True,0.08753628249548442,0.0,,,0.0,,,0.0,,,0.0,,,0.0,,,0.0,,
runge,10.0,1,128,2048,0.002,0.02,core_N128_s1,7,600000,600000,600000,0,True,600000,0.08760374355490284,0.10164859061235249,0.0852581668292089,0.0015882592283180076,0.014044847057449641,0.03298570569446567,0.03299474286817849,0.03299471264987768,0.032985727804270566,0.45899461084909016,0.16868562658016545,1.709159479552115e-05,0.0003859969786788397,5.345628898289366e-05,0.013991390768466854,-1.0261696730075605e-16,0.014044847057449645,0,1.248837949261394,,1e-24,599999,0.9692380248677448,0.9999989448155485,80,True,0.08759260660503655,247,True,0.08759070954747288,0.0,,,0.0,,,0.0,,,0.0,,,0.0,,,0.0,,
runge,100.0,1,128,2048,0.002,0.2,core_N128_s1,7,600000,600000,600000,0,True,600000,0.08760374355490284,0.09864001693598543,0.08384531947447545,0.0015412502646247723,0.011036273381082581,0.032162657019127544,0.03217962487133012,0.032179685919143754,0.03216267742796951,0.45323208692618117,0.16868562658016545,2.223863443246107e-05,0.0008607820272632084,-5.3640054685596446e-05,0.011089913435768114,6.675072039142777e-17,0.011036273381082581,0,1.0094461090761977,,1e-24,599999,0.7092914462922896,0.999999368433853,9,True,0.0876024850310355,26,True,0.08760233225682502,0.0,,,0.0,,,0.0,,,0.0,,,0.0,,,0.0,,
moment3,0.0001,1,128,2048,0.002,2.0000000000000002e-07,core_N128_s1,7,600000,600000,600000,0,True,600000,0.08760374355490284,0.15832626339525518,0.0948078358978909,0.0024738478655508623,0.07072251984035234,0.00693724372189275,0.007668234098726569,0.007639303757992433,0.006937252405372564,0.08329003621403024,0.4920539492589629,0.0041611852798025175,0.043368010878293964,0.019569619914867917,0.05114827597994487,4.6239455395523485e-06,0.07072251984035233,0,2.6671141319766587,325609,1e-24,599999,0.9989320462409749,0.9999998400039118,1771,True,0.09020681115160269,4170,True,0.09086094693111915,0.03389830508474576,,,0.0,,,0.0,,,0.0,,,0.0,,,0.0,,
moment3,0.001,1,128,2048,0.002,2e-06,core_N128_s1,7,600000,600000,600000,0,True,600000,0.08760374355490284,0.15883437602253866,0.09583789021308063,0.0024817871253521666,0.07123063246763582,0.006625882997379762,0.007286714898715897,0.0072617078039310945,0.006625894616311677,0.0813994677078615,0.4920539492589629,0.0039799862215273325,0.04237231074206994,0.0193170634304715,0.051908780321433666,4.788715730659829e-06,0.07123063246763582,0,2.6485958734172526,325126,1e-24,599999,0.9989305456968417,0.9999998825465353,1769,True,0.09020429263709462,4166,True,0.09085954830298826,0.03389830508474576,,,0.0,,,0.0,,,0.0,,,0.0,,,0.0,,
moment3,0.01,1,128,2048,0.002,2e-05,core_N128_s1,7,600000,600000,600000,0,True,600000,0.08760374355490284,0.1637013161974933,0.10374894669565032,0.002557833065585833,0.07609757264259047,0.004559734498130519,0.004850477851793237,0.00484305762114795,0.0045597578590725295,0.06752587074189537,0.4920539492589629,0.002691334858998152,0.03454386383947673,0.017547298285978962,0.058545496784495415,4.777572116089567e-06,0.07609757264259047,0,2.543497732050419,320544,1e-24,599999,0.9989021929735424,0.9999992627907041,1752,True,0.0901819274709777,4122,True,0.09084523513506872,0.02824858757062147,,,0.0,,,0.0,,,0.0,,,0.0,,,0.0,,
moment3,0.1,1,128,2048,0.002,0.0002,core_N128_s1,7,600000,600000,600000,0,True,600000,0.08760374355490284,0.12008453774497206,0.06953111544966589,0.0018763209022651885,0.03248079419006922,0.004436182419999324,0.004864720502115654,0.004850223501904505,0.004436192722325597,0.06660464307707202,0.4920539492589629,0.002512302015985098,0.03738678324338156,-0.01168067289982185,0.04415784847246198,3.6186174290863715e-06,0.03248079419006923,0,2.274055564484366,277529,1e-24,599999,0.9986126065653853,1.000000032951328,1600,True,0.08999365356412027,3736,True,0.09065959129577392,0.01694915254237288,,,0.0,,,0.0,,,0.0,,,0.0,,,0.0,,
moment3,1.0,1,128,2048,0.002,0.002,core_N128_s1,7,600000,600000,600000,0,True,600000,0.08760374355490284,0.1753312451302877,0.1821470187285799,0.0027395507051607452,0.08772750157538485,0.016957368719199284,0.017317780900542867,0.017315588908643043,0.01695770752994073,0.13022155384302336,0.4920539492589629,0.000752584588829741,0.00446518692055447,0.13471911241197762,-0.04699343091426859,1.8200776758324798e-06,0.08772750157538484,0,1.9548391533960139,171276,1e-24,599999,0.9972051657543194,0.9999987324070126,879,True,0.08883589748541335,1969,True,0.08920738075629182,0.005649717514124294,,,0.0,,,0.0,,,0.0,,,0.0,,,0.0,,
moment3,10.0,1,128,2048,0.002,0.02,core_N128_s1,7,600000,600000,600000,0,True,600000,0.08760374355490284,0.14920231848856816,0.15886399631910572,0.0023312862263838775,0.061598574933665315,0.0012894517285166884,0.0013090867877901342,0.0013089126516790395,0.001289499502632486,0.0359095441707024,0.4920539492589629,6.72615127381246e-05,0.003318799148951937,0.07910832520306252,-0.017509926266997447,1.7599760026390952e-07,0.06159857493366533,0,1.7125769563502493,79586,1e-24,599999,0.9812555210990679,0.9999979136435518,165,True,0.08796429149716585,360,True,0.08805155198185219,0.005649717514124294,,,0.0,,,0.0,,,0.0,,,0.0,,,0.0,,
moment3,100.0,1,128,2048,0.002,0.2,core_N128_s1,7,600000,600000,600000,0,True,600000,0.08760374355490284,0.11790452395279384,0.10936785360156408,0.0018422581867624038,0.030300780397890997,0.0007890789445073043,0.0007891119030403088,0.000789111805721332,0.0007890930784080197,0.02809075550665942,0.4920539492589629,3.3686244728376017e-06,0.0005038442630859922,0.02647691173591102,0.003823864000839322,4.661140650009958e-09,0.030300780397890994,0,1.4299726058931281,,1e-24,599999,0.8214341285311784,0.9999930587127986,18,True,0.08764061287816832,38,True,0.08764966308085734,0.005649717514124294,,,0.0,,,0.0,,,0.0,,,0.0,,,0.0,,
moment5,0.0001,1,128,2048,0.002,2.0000000000000002e-07,core_N128_s1,7,600000,600000,600000,0,True,600000,0.08760374355490284,0.09159635294027002,0.09096451541944492,0.001431193014691719,0.003992609385367177,0.7499926547062015,0.7499926836645234,0.7499926836898154,0.7500018900953264,0.8660214598961921,0.49205394925896273,9.06639401031538e-06,3.0024127841326378e-05,0.0035337063294262443,0.00045561925929451624,3.2837966464271076e-06,0.003992609385367187,0,0.4159813696666022,,1e-24,599999,0.998934939305433,0.9999990548969006,1733,True,0.0902672173086751,3524,True,0.09115595218999002,0.0,,,0.0,,,0.0,,,0.0,,,0.0,,,0.0,,
moment5,0.001,1,128,2048,0.002,2e-06,core_N128_s1,7,600000,600000,600000,0,True,600000,0.08760374355490284,0.09159409574649922,0.09091904897868423,0.0014311577460390504,0.00399035219159638,0.7499926567372642,0.7499926856661443,0.7499926856914075,0.7500018921225854,0.8660214610666224,0.49205394925896273,9.06503577410567e-06,3.0008517110122315e-05,0.003530800866282646,0.00045564329864727514,3.908026666456993e-06,0.0039903521915963785,0,0.4159366867475824,,1e-24,599999,0.9989334428571648,0.9999991249219882,1731,True,0.09026506835191829,3520,True,0.0911537742909442,0.0,,,0.0,,,0.0,,,0.0,,,0.0,,,0.0,,
moment5,0.01,1,128,2048,0.002,2e-05,core_N128_s1,7,600000,600000,600000,0,True,600000,0.08760374355490284,0.09157111412551522,0.09046928133809866,0.0014307986582111753,0.003967370570612375,0.749992677286248,0.7499927059231037,0.7499927059480819,0.7500019126335473,0.8660214729085479,0.49205394925896273,9.050752889266054e-06,2.9853225787541916e-05,0.0035091715570364523,0.0004558475785501957,2.3514350257216686e-06,0.003967370570612369,0,0.4154939569900238,,1e-24,599999,0.9989184665690206,0.9999990859920925,1714,True,0.09024670804934748,3485,True,0.09113218336667508,0.0,,,0.0,,,0.0,,,0.0,,,0.0,,,0.0,,
moment5,0.1,1,128,2048,0.002,0.0002,core_N128_s1,7,600000,600000,600000,0,True,600000,0.08760374355490284,0.09131040403619874,0.08754148087217131,0.0014267250630656053,0.0037066604812958925,0.749992899035252,0.7499929249933592,0.7499929250157079,0.7500021340083021,0.8660216007184066,0.49205394925896273,8.851964024627646e-06,2.838749856784474e-05,0.0032481784452270774,0.0004549806973752061,3.50133869360019e-06,0.0037066604812958826,0,0.41143952500986936,,1e-24,599999,0.9987676517721434,0.9999990798358036,1567,True,0.09004520633644263,3171,True,0.09088599968053337,0.0,,,0.0,,,0.0,,,0.0,,,0.0,,,0.0,,
moment5,1.0,1,128,2048,0.002,0.002,core_N128_s1,7,600000,600000,600000,0,True,600000,0.08760374355490284,0.08967016766558614,0.0773348277560414,0.0014010963697747834,0.002066424110683293,0.7499947076970623,0.7499947215427266,0.7499947215531269,0.7500039402044278,0.8660226435180517,0.49205394925896273,6.316588991192506e-06,2.046802809462399e-05,0.001676385894974098,0.0003884470750671764,1.5911406420153982e-06,0.0020664241106832897,0,0.38998389148038265,,1e-24,599999,0.997212142210354,0.999998936476859,863,True,0.08887323491524889,1732,True,0.08932908047631553,0.0,,,0.0,,,0.0,,,0.0,,,0.0,,,0.0,,
moment5,10.0,1,128,2048,0.002,0.02,core_N128_s1,7,600000,600000,600000,0,True,600000,0.08760374355490284,0.08829983662310481,0.08034383359395178,0.0013796849472360127,0.0006960930682019667,0.7499968677508907,0.7499968747189094,0.7499968747225947,0.7500060974342257,0.8660238889838479,0.49205394925896273,2.9268253596439283e-06,1.364147037562384e-05,0.0004245833214621302,0.0002714072437979499,1.0250294188180023e-07,0.0006960930682019618,0,0.3667403496101807,,1e-24,599999,0.9812948843245757,0.9999999979157322,163,True,0.08797158096674748,330,True,0.08807393710678647,0.0,,,0.0,,,0.0,,,0.0,,,0.0,,,0.0,,
moment5,100.0,1,128,2048,0.002,0.2,core_N128_s1,7,600000,600000,600000,0,True,600000,0.08760374355490284,0.0878769816557185,0.08254855028343593,0.0013730778383706016,0.00027323810081565647,0.7499967511319366,0.7499967660124497,0.7499967660197425,0.750005981406177,0.8660238219956818,0.49205394925896273,2.2650682665799952e-06,1.3532532125498716e-05,3.6165925046481066e-06,0.0002696215083111637,-1.5165646396603886e-16,0.0002732381008156601,0,0.361643939864558,,1e-24,599999,0.8217928365489391,1.0000000652451593,17,True,0.08764019870645806,35,True,0.08765197635529595,0.0,,,0.0,,,0.0,,,0.0,,,0.0,,,0.0,,
moment9,0.0001,1,128,2048,0.002,2.0000000000000002e-07,core_N128_s1,7,600000,600000,600000,0,True,600000,0.08760374355490284,0.09111257860880607,0.09200944580191121,0.001423634040762595,0.003508835053903231,0.7500024423306888,0.7500024478037383,0.750002447799414,0.750050269243177,0.8660298394441749,0.492053949258963,8.03816083430565e-06,1.148209199484924e-05,0.003760356106371876,-0.00025487102763647486,3.3499751678261124e-06,0.0035088350539032266,0,0.41594482391853616,,1e-24,599999,0.9989349293377401,0.9999964748005508,1733,True,0.0902664260252959,3526,True,0.0911540462733219,0.0,,,0.0,,,0.0,,,0.0,,,0.0,,,0.0,,
moment9,0.001,1,128,2048,0.002,2e-06,core_N128_s1,7,600000,600000,600000,0,True,600000,0.08760374355490284,0.09111080889219411,0.09196401394631125,0.001423606388940533,0.003507065337291268,0.7500024391612645,0.7500024446255881,0.7500024446212689,0.7500502660622952,0.8660298376078056,0.492053949258963,8.027718951809051e-06,1.1471969437771423e-05,0.003758731836997106,-0.00025458457545325165,2.9180757474195205e-06,0.003507065337291274,0,0.4159001596046764,,1e-24,599999,0.9989334328768369,0.9999965313593726,1731,True,0.09026425634725901,3522,True,0.09115187338783584,0.0,,,0.0,,,0.0,,,0.0,,,0.0,,,0.0,,
moment9,0.01,1,128,2048,0.002,2e-05,core_N128_s1,7,600000,600000,600000,0,True,600000,0.08760374355490284,0.09109263851753113,0.09151445733053325,0.001423322476836424,0.003488894962628289,0.7500024079408336,0.7500024133189236,0.7500024133146546,0.7500502347273827,0.8660298195177051,0.492053949258963,7.924639458535064e-06,1.1371683648604798e-05,0.0037382373216596123,-0.0002517619000812467,2.419541049931185e-06,0.003488894962628297,0,0.4154576162181912,,1e-24,599999,0.9989184564638991,0.9999965221117293,1715,True,0.09024708928295797,3487,True,0.09113032680018442,0.0,,,0.0,,,0.0,,,0.0,,,0.0,,,0.0,,
moment9,0.1,1,128,2048,0.002,0.0002,core_N128_s1,7,600000,600000,600000,0,True,600000,0.08760374355490284,0.09087428045905162,0.08851823749316359,0.0014199106321726815,0.003270536904148774,0.7500021375546311,0.7500021421665269,0.7500021421627333,0.7500499632179554,0.8660296627713495,0.492053949258963,7.016534688396422e-06,1.0457330789218623e-05,0.0034942163655068757,-0.0002272276532571394,3.5481918990426e-06,0.0032705369041487785,0,0.4114050510859407,,1e-24,599999,0.9987676404582314,0.9999966584875231,1567,True,0.09004452877674303,3173,True,0.09088452361334548,0.0,,,0.0,,,0.0,,,0.0,,,0.0,,,0.0,,
moment9,1.0,1,128,2048,0.002,0.002,core_N128_s1,7,600000,600000,600000,0,True,600000,0.08760374355490284,0.0893107671727299,0.07728570550434798,0.0013954807370739047,0.0017070236178270554,0.750001126957657,0.7500011286224073,0.7500011286208697,0.7500489452881995,0.8660290751053902,0.492053949258963,3.4763501776604844e-06,6.102700479601754e-06,0.0018403489018945088,-0.00013485629754781504,1.531013480368511e-06,0.001707023617827062,0,0.38988633360931824,,1e-24,599999,0.9972121209921428,0.9999939889698425,864,True,0.08887413317786662,1733,True,0.08932844731629452,0.0,,,0.0,,,0.0,,,0.0,,,0.0,,,0.0,,
moment9,10.0,1,128,2048,0.002,0.02,core_N128_s1,7,600000,600000,600000,0,True,600000,0.08760374355490284,0.08803940901389545,0.08035611145366989,0.0013756157658421165,0.00043566545899260956,0.7500005640589491,0.7500005645493822,0.7500005645487058,0.7500483737212154,0.8660287451311105,0.492053949258963,1.5352913770417042e-06,2.768969164577557e-06,0.0005140800083072009,-7.851709652061506e-05,1.0254720602686862e-07,0.00043566545899261286,0,0.3652986418260201,,1e-24,599999,0.9812947856400591,0.9999958521728411,163,True,0.08797153816676773,330,True,0.08807382740327874,0.0,,,0.0,,,0.0,,,0.0,,,0.0,,,0.0,,
moment9,100.0,1,128,2048,0.002,0.2,core_N128_s1,7,600000,600000,600000,0,True,600000,0.08760374355490284,0.08761462148551587,0.08235955789846403,0.0013689784607111854,1.0877930613023556e-05,0.7500004494868455,0.7500004502880006,0.7500004502876679,0.7500482564183788,0.8660286774103901,0.492053949258963,1.1830971812116498e-06,1.9996208067018085e-06,7.675953863542328e-05,-6.588160802271612e-05,3.2257273402071787e-16,1.0877930613029733e-05,0,0.35984849696945675,,1e-24,599999,0.8217919871215896,0.9999981822875398,17,True,0.08764019470364263,35,True,0.08765196568616304,0.0,,,0.0,,,0.0,,,0.0,,,0.0,,,0.0,,
sine,0.0001,3,128,2048,0.002,2.0000000000000002e-07,core_N128_s3,0,600000,600000,600000,0,True,600000,0.0913241399123038,0.090871788516539,0.0900038254046626,0.0014198716955709219,-0.00045235139576479955,0.42384399914354154,0.42386409911877637,0.4238643647767229,0.42384423742261856,0.9206999917699777,0.3587337888173046,0.0007226259036496076,0.0011166377891469435,0.012862244943782167,-0.013316731077383301,2.1347378363427037e-06,-0.00045235139576478827,0,0.4348144981964499,,1e-24,599999,0.9992829638730013,0.9999999258994833,1907,True,0.09166297045372943,4003,True,0.09203019370112633,0.0,,,0.0,,,0.0,,,0.0,,,0.0,,,0.0,,
sine,0.001,3,128,2048,0.002,2e-06,core_N128_s3,0,600000,600000,600000,0,True,600000,0.0913241399123038,0.09088740873156369,0.08999578462140383,0.0014201157614306826,-0.0004367311807401131,0.4238429079146124,0.4238631047419173,0.4238633724269621,0.4238431461864459,0.9206988065447309,0.3587337888173046,0.0007231434869642052,0.0011192379102497733,0.012868193759518027,-0.013307338162402819,2.413222144682599e-06,-0.00043673118074011004,0,0.4351376732736485,,1e-24,599999,0.9992821370957012,0.9999999275994413,1905,True,0.09166304224994466,3999,True,0.09203008445071094,0.0,,,0.0,,,0.0,,,0.0,,,0.0,,,0.0,,
sine,0.01,3,128,2048,0.002,2e-05,core_N128_s3,0,600000,600000,600000,0,True,600000,0.0913241399123038,0.09104242879839018,0.08991606268855325,0.0014225379499748466,-0.0002817111139136186,0.42383181849021573,0.4238530116090109,0.42385330040437297,0.42383205668699475,0.9206867618109807,0.3587337888173046,0.0007283865998838949,0.0011456217248157364,0.012929158835666808,-0.013213329604359144,2.459654778730181e-06,-0.0002817111139136073,0,0.438352572535996,,1e-24,599999,0.9992738688365301,0.9999999457273413,1887,True,0.09166422879462298,3960,True,0.09202856375189142,0.0,,,0.0,,,0.0,,,0.0,,,0.0,,,0.0,,
sine,0.1,3,128,2048,0.002,0.0002,core_N128_s3,0,600000,600000,600000,0,True,600000,0.0913241399123038,0.09254747235793652,0.09005334616116331,0.0014460542555927581,0.0012233324456327188,0.4237005751962949,0.4237352468087525,0.42373586384597006,0.42370081229625944,0.9205442002383801,0.3587337888173046,0.0007909665710987166,0.0014532515364655244,0.013489170986605924,-0.012267866558851216,2.0280178780171035e-06,0.0012233324456327258,0,0.46929693562518104,,1e-24,599999,0.9991911424569975,1.0000001230761717,1724,True,0.09167998898225656,3604,True,0.09201006430476422,0.0,,,0.0,,,0.0,,,0.0,,,0.0,,,0.0,,
sine,1.0,3,128,2048,0.002,0.002,core_N128_s3,0,600000,600000,600000,0,True,600000,0.0913241399123038,0.15794890406384002,0.14021563176867013,0.0024679516259975003,0.06662476415153622,0.17728226297719396,0.1846359585038009,0.18423566622900128,0.17728252074021728,0.5954536434353513,0.3587337888173046,0.0019370681400982016,0.028366627936041743,0.046875362846459497,0.01974839247981237,1.0088252643533685e-06,0.06662476415153622,0,4.161656735230505,544836,1e-24,599999,0.9983617692483902,1.0000009791552944,932,True,0.0916265164293211,1918,True,0.09182704858484039,0.005649717514124294,,,0.005649717514124294,,,0.0,,,0.005649717514124294,,,0.0,,,0.0,,
sine,10.0,3,128,2048,0.002,0.02,core_N128_s3,0,600000,600000,600000,0,True,600000,0.0913241399123038,0.1385024793337363,0.10460079378720126,0.0021641012395896297,0.0471783394214325,0.03762106503757266,0.03851890710318254,0.03851162923814249,0.03762113592572092,0.2743032479782947,0.3587337888173046,0.0004724912049974343,0.011158916994237952,0.013451558218939086,0.033726684895618024,9.630687539478894e-08,0.047178339421432514,0,5.352226026382371,260137,1e-24,599999,0.9900499370109498,0.9999988099577969,168,True,0.09146355495929936,343,True,0.09151152336892102,0.011299435028248588,,,0.005649717514124294,,,0.0,,,0.005649717514124294,,,0.0,,,0.0,,
sine,100.0,3,128,2048,0.002,0.2,core_N128_s3,0,600000,600000,600000,0,True,600000,0.0913241399123038,0.12790648754896752,0.10609662893293753,0.0019985388679526176,0.03658234763666372,0.00991389421096215,0.010732064914078538,0.010597072318625961,0.009913074700820458,0.14080535998903207,0.3587337888173046,0.06526996246356037,0.05600133057151787,0.030084637734868507,0.006497707170093035,2.7317021774586404e-09,0.03658234763666372,37864,3.6905353249723176,116175,1e-24,599999,-0.006396309540893275,0.9999982017775235,18,True,0.09133561808098678,36,True,0.09134042202830012,0.011299435028248588,,,0.0,,,0.0,,,0.0,,,0.0,,,0.0,,
runge,0.0001,3,128,2048,0.002,2.0000000000000002e-07,core_N128_s3,0,600000,600000,600000,0,True,600000,0.0913241399123038,0.18803108715370054,0.08358993331343276,0.002937985736776571,0.09670694724139674,0.02165118341038547,0.021902231488426255,0.021901246072481208,0.02165116282185351,0.371864879769919,0.2233154885081203,0.0001897645832795973,0.016723826552050697,2.1009213389812322e-05,0.09668587404335938,6.398464755349444e-08,0.09670694724139672,0,3.66734004663633,190372,1e-24,599999,0.9982281469855746,0.9999991980303607,1040,True,0.09101512264587208,2985,True,0.09097798148117493,0.03954802259887006,,,0.0,,,0.0,,,0.0,,,0.0,,,0.0,,
runge,0.001,3,128,2048,0.002,2e-06,core_N128_s3,0,600000,600000,600000,0,True,600000,0.0913241399123038,0.18676319107755845,0.08402913784069903,0.002918174860586851,0.09543905116525465,0.02117693471865974,0.021435580386333093,0.021434619266619475,0.021176913297447003,0.3677696447429345,0.2233154885081203,0.00019278397715569748,0.01691555661210565,2.5868000846845096e-05,0.09541312262136727,6.05430405265025e-08,0.09543905116525464,0,3.708579516004729,190079,1e-24,599999,0.9982256446547711,0.9999992350146351,1039,True,0.09101550681772447,2982,True,0.09097840523995593,0.03389830508474576,,,0.0,,,0.0,,,0.0,,,0.0,,,0.0,,
runge,0.01,3,128,2048,0.002,2e-05,core_N128_s3,0,600000,600000,600000,0,True,600000,0.0913241399123038,0.17696692831258157,0.08727196329698775,0.002765108254884087,0.08564278840027777,0.017473746978334016,0.017782252263163652,0.01778135658901724,0.01747372000869151,0.3340698154989656,0.2233154885081203,0.00024248210425565245,0.018846599828817902,0.0002559228619297664,0.0853868056055355,5.993281250207226e-08,0.08564278840027777,0,4.0349265877978535,187327,1e-24,599999,0.9982006194398003,0.9999994207833032,1029,True,0.09101931100344787,2954,True,0.09098262419203948,0.03389830508474576,,,0.0,,,0.0,,,0.0,,,0.0,,,0.0,,
runge,0.1,3,128,2048,0.002,0.0002,core_N128_s3,0,600000,600000,600000,0,True,600000,0.0913241399123038,0.14780217967078454,0.08861724440589168,0.0023094090573560085,0.056478039758480744,0.008743372367327626,0.00908438763385768,0.009083186566746108,0.008743340477403284,0.23631062365125133,0.2233154885081203,0.0007520320317586052,0.02615676572788994,-8.432968027474308e-05,0.056562193053208816,1.763855466717282e-07,0.056478039758480744,0,4.612297644068605,169640,1e-24,599999,0.9979502020832753,0.9999996064960209,938,True,0.09105296114138695,2698,True,0.09101940815632459,0.011299435028248588,,,0.0,,,0.0,,,0.005649717514124294,,,0.0,,,0.0,,
runge,1.0,3,128,2048,0.002,0.002,core_N128_s3,0,600000,600000,600000,0,True,600000,0.0913241399123038,0.13170653358033949,0.09267791838706863,0.0020579145871928045,0.040382393668035685,0.006001041994000692,0.006435442839715654,0.006428887099275983,0.006001001078924621,0.19577462619076977,0.2233154885081203,0.0005901857119608191,0.034230871359683945,-0.0008377514778379274,0.04122010230123321,4.2844640405977705e-08,0.04038239366803568,0,4.407273046110299,125229,1e-24,599999,0.9954395174894345,1.0000002312724985,506,True,0.09119444286693629,1454,True,0.09119232425548558,0.011299435028248588,,,0.0,,,0.0,,,0.005649717514124294,,,0.0,,,0.0,,
runge,10.0,3,128,2048,0.002,0.02,core_N128_s3,0,600000,600000,600000,0,True,600000,0.0913241399123038,0.1293271485229256,0.09489257572552842,0.0020207366956707124,0.038003008610621794,0.003655139139724357,0.0037802122051289865,0.003773745585854885,0.0036551320845160844,0.15279040735109997,0.2233154885081203,2.3841795962324478e-05,0.024059623174968684,0.0014112266114034888,0.03659178020028613,1.7989322021564512e-09,0.03800300861062182,0,4.216535562247959,75719,1e-24,599999,0.970292389214269,0.9999994923839545,91,True,0.09129788397430166,259,True,0.09129733906708466,0.011299435028248588,,,0.0,,,0.0,,,0.005649717514124294,,,0.0,,,0.0,,
runge,100.0,3,128,2048,0.002,0.2,core_N128_s3,0,600000,600000,600000,0,True,600000,0.0913241399123038,0.12499942434366992,0.09264798865813341,0.0019531160053698426,0.03367528443136612,0.003403773338074438,0.0034683317147697467,0.0034680296040471136,0.0034037703673640302,0.1474431760963599,0.2233154885081203,2.5964703008908697e-05,0.021106370431488077,-0.0002508024601335861,0.03392608677316545,1.183342632044754e-10,0.03367528443136612,0,3.3219548187191243,154559,1e-24,599999,0.7187911367058804,0.9999995517197359,10,True,0.09132119782337846,27,True,0.09132122386158419,0.011299435028248588,,,0.0,,,0.0,,,0.0,,,0.0,,,0.0,,
moment3,0.0001,3,128,2048,0.002,2.0000000000000002e-07,core_N128_s3,0,600000,600000,600000,0,True,600000,0.0913241399123038,0.2187037320722961,0.13660755165962318,0.0034172458136296265,0.12737959215999228,0.5001010307119436,0.5023526901172832,0.5023407181350663,0.5001027402577967,0.7071782905470533,0.39929191884283816,0.0036462896072640997,0.00941756050466901,0.13308072693578482,-0.005702841033531634,1.7062577391036501e-06,0.1273795921599923,0,4.306150966849733,330970,1e-24,599999,0.9986413504818772,0.9999992343637456,1784,True,0.09481901127209501,4687,True,0.09528739860506487,0.022598870056497175,,,0.022598870056497175,,,0.0,,,0.022598870056497175,,,0.0,,,0.0,,
moment3,0.001,3,128,2048,0.002,2e-06,core_N128_s3,0,600000,600000,600000,0,True,600000,0.0913241399123038,0.2337770182479229,0.1521154941831592,0.0036527659101237954,0.1424528783356191,0.42542309172720494,0.43064308403130325,0.4306170247099922,0.4254243727995713,0.6522445913353533,0.39929191884283816,0.005119778988889372,0.0100999617708048,0.1547209238197496,-0.01226954507143553,1.499587305016027e-06,0.1424528783356191,0,4.463552102347329,330081,1e-24,599999,0.9986394491131554,0.9999992762305959,1782,True,0.09481697997171995,4681,True,0.0952845593364144,0.022598870056497175,,,0.022598870056497175,,,0.0,,,0.022598870056497175,,,0.0,,,0.0,,
moment3,0.01,3,128,2048,0.002,2e-05,core_N128_s3,0,600000,600000,600000,0,True,600000,0.0913241399123038,0.3020904268733648,0.24479165411600218,0.004720162919896325,0.21076628696106098,0.18316100413387199,0.18632914719423016,0.18627112042460764,0.18316183869480518,0.4279734228113748,0.39929191884283816,0.008315869457671769,0.005726388950039653,0.27995784391131534,-0.06919296741803992,1.4104677856381671e-06,0.210766286961061,0,4.747167576334156,322670,1e-24,599999,0.9986204235976845,0.9999989707928206,1763,True,0.0947971128802308,4621,True,0.09525613010815255,0.022598870056497175,,,0.01694915254237288,,,0.0,,,0.022598870056497175,,,0.0,,,0.0,,
moment3,0.1,3,128,2048,0.002,0.0002,core_N128_s3,0,600000,600000,600000,0,True,600000,0.0913241399123038,0.3188913642476202,0.30471245602775837,0.004982677566369066,0.2275672243353164,0.05282228476003145,0.05615755427694939,0.05616297487644236,0.05282246626967617,0.2298310176567528,0.39929191884283816,0.00468245316383441,0.021720855154306152,0.3518997577553539,-0.12433431485152838,1.781431490860621e-06,0.2275672243353164,0,4.3833613017416475,287087,1e-24,599999,0.9984291274510085,0.9999991658043649,1596,True,0.09461531409880582,4105,True,0.09499793135363829,0.022598870056497175,,,0.0,,,0.0,,,0.0,,,0.0,,,0.0,,
moment3,1.0,3,128,2048,0.002,0.002,core_N128_s3,0,600000,600000,600000,0,True,600000,0.0913241399123038,0.21956934105280168,0.23505115636676419,0.0034307709539500263,0.12824520114049787,0.027773709408413116,0.0281209816444269,0.028118191723426243,0.02777393902537044,0.16665488247867016,0.39929191884283816,0.0008857696626964981,0.0035529209252021005,0.24213482464954578,-0.11389009017831618,4.66669268280825e-07,0.1282452011404979,0,3.216163445185471,180793,1e-24,599999,0.9964720714905936,0.9999982848748599,845,True,0.09342044319689084,2010,True,0.09374426203792943,0.011299435028248588,,,0.0,,,0.0,,,0.0,,,0.0,,,0.0,,
moment3,10.0,3,128,2048,0.002,0.02,core_N128_s3,0,600000,600000,600000,0,True,600000,0.0913241399123038,0.18812736935216437,0.19375494410689473,0.0029394901461275683,0.09680322943986057,0.0010767812025618358,0.001081971077235083,0.0010819604185173305,0.0010768031118976638,0.03281462562179806,0.39929191884283816,3.469692793155063e-05,0.004124754820044267,0.1257787745418466,-0.028975616922415015,7.182042898911053e-08,0.09680322943986058,0,2.731911815661207,86822,1e-24,599999,0.9765962199575662,0.9999989816173256,154,True,0.09177371320971278,350,True,0.09185439574818619,0.011299435028248588,,,0.0,,,0.0,,,0.0,,,0.0,,,0.0,,
moment3,100.0,3,128,2048,0.002,0.2,core_N128_s3,0,600000,600000,600000,0,True,600000,0.0913241399123038,0.14778729626062484,0.1499064910985326,0.002309176504072263,0.05646315634832104,0.00023813084896789135,0.00034024672890502303,0.0003301962036317666,0.00023813029071553777,0.015431446016856212,0.39929191884283816,2.9162052037690962e-05,0.06238009807175126,0.0720529299259782,-0.015589777622290924,4.044633776144212e-09,0.05646315634832104,0,1.9836036349439077,33551,1e-24,599999,0.7775852120134239,0.9999987603669739,16,True,0.09137212605168735,36,True,0.09138115554343985,0.011299435028248588,,,0.0,,,0.0,,,0.0,,,0.0,,,0.0,,
moment5,0.0001,3,128,2048,0.002,2.0000000000000002e-07,core_N128_s3,0,600000,600000,600000,0,True,600000,0.0913241399123038,0.09592001929550857,0.09237276812501605,0.0014987503014923214,0.004595879383204771,0.7499952034500561,0.749995218582094,0.7499952185845953,0.750004437357626,0.8660229305471141,0.39929191884283827,8.81054325902417e-06,2.1451642841883225e-05,0.004279008323204699,0.0003154387308917449,1.4323291083038961e-06,0.004595879383204746,0,0.37142638366291436,,1e-24,599999,0.9986457118566964,0.9999990041507754,1733,True,0.09492286553337553,3641,True,0.09563493067320132,0.0,,,0.0,,,0.0,,,0.0,,,0.0,,,0.0,,
moment5,0.001,3,128,2048,0.002,2e-06,core_N128_s3,0,600000,600000,600000,0,True,600000,0.0913241399123038,0.0959162451452229,0.09240303963512962,0.0014986913303941078,0.0045921052329191,0.7499952055287835,0.7499952206489026,0.7499952206513993,0.7500044394318026,0.8660229317446301,0.39929191884283827,8.80360648490923e-06,2.1441989398660704e-05,0.004275222974061092,0.000315379674983957,1.5025838740423544e-06,0.00459210523291909,0,0.3713531007777072,,1e-24,599999,0.9986438156002284,0.9999991396156593,1731,True,0.09492053930621998,3637,True,0.09563127843590742,0.0,,,0.0,,,0.0,,,0.0,,,0.0,,,0.0,,
moment5,0.01,3,128,2048,0.002,2e-05,core_N128_s3,0,600000,600000,600000,0,True,600000,0.0913241399123038,0.09588352834119397,0.09270138962151074,0.0014981801303311558,0.004559388428890171,0.7499952261573951,0.7499952411598358,0.7499952411622872,0.7500044600152682,0.8660229436283952,0.39929191884283827,8.735065827458742e-06,2.134649099239908e-05,0.004243154460653821,0.00031478057691715545,1.4533913191987248e-06,0.004559388428890174,0,0.3706292954801609,,1e-24,599999,0.998624841041885,0.999999011391588,1713,True,0.09489874663520917,3597,True,0.09559750439237817,0.0,,,0.0,,,0.0,,,0.0,,,0.0,,,0.0,,
moment5,0.1,3,128,2048,0.002,0.0002,core_N128_s3,0,600000,600000,600000,0,True,600000,0.0913241399123038,0.09559213480091344,0.09295486419878402,0.0014936271062642725,0.004267994888609641,0.7499954174054211,0.7499954313660246,0.7499954313680866,0.750004650845925,0.866023053803551,0.39929191884283827,8.123014939740422e-06,2.0485213769893613e-05,0.003958074064387951,0.000308464710351719,1.4561138699801117e-06,0.004267994888609652,0,0.36418275616822365,,1e-24,599999,0.9984340395532679,0.9999985975439725,1552,True,0.09470362520130907,3245,True,0.09531291879132815,0.0,,,0.0,,,0.0,,,0.0,,,0.0,,,0.0,,
moment5,1.0,3,128,2048,0.002,0.002,core_N128_s3,0,600000,600000,600000,0,True,600000,0.0913241399123038,0.09410380382242856,0.09421166869711718,0.0014703719347254462,0.002779663910124755,0.7499964461542239,0.7499964557375515,0.7499964557380332,0.7500056773671887,0.8660236464603928,0.39929191884283827,5.295167371010122e-06,1.6390421446431926e-05,0.002514294126573607,0.0002650187898429023,3.5099370827264074e-07,0.0027796639101247806,0,0.3467121403047508,,1e-24,599999,0.9964812129760261,1.0000004481734055,826,True,0.09345914907332305,1711,True,0.09387827381663873,0.0,,,0.0,,,0.0,,,0.0,,,0.0,,,0.0,,
moment5,10.0,3,128,2048,0.002,0.02,core_N128_s3,0,600000,600000,600000,0,True,600000,0.0913241399123038,0.09204293189794789,0.09102441202845865,0.0014381708109054358,0.0007187919856440905,0.7499973842035073,0.7499973921458554,0.749997392142262,0.7500066132137204,0.8660241867662849,0.39929191884283827,2.766205487344413e-06,1.2591331413332355e-05,0.000504355873746098,0.00021442845515206644,7.656745927585465e-09,0.0007187919856440925,0,0.33407727754792704,,1e-24,599999,0.9766417425607988,0.999999640109089,151,True,0.09178023152499327,316,True,0.09187612936932919,0.0,,,0.0,,,0.0,,,0.0,,,0.0,,,0.0,,
moment5,100.0,3,128,2048,0.002,0.2,core_N128_s3,0,600000,600000,600000,0,True,600000,0.0913241399123038,0.09158784661426263,0.09028324490823285,0.0014310601033478536,0.00026370670195882684,0.7499969137952431,0.7499969278360917,0.7499969278407235,0.7500061434820914,0.8660239155693323,0.39929191884283827,1.920241755291122e-06,1.2439224836050303e-05,1.5334582210270564e-05,0.00024837211974870614,-1.2895906972372967e-16,0.0002637067019588477,0,0.3303709336904427,,1e-24,599999,0.7779889087501329,0.9999994345491646,16,True,0.09137323093923067,33,True,0.09138342503593164,0.0,,,0.0,,,0.0,,,0.0,,,0.0,,,0.0,,
moment9,0.0001,3,128,2048,0.002,2.0000000000000002e-07,core_N128_s3,0,600000,600000,600000,0,True,600000,0.0913241399123038,0.09552175769817771,0.09196651605883796,0.0014925274640340267,0.004197617785873908,0.7500024011470652,0.7500024069926049,0.7500024069879283,0.7500502247749283,0.8660298137720084,0.3992919188428382,6.6297259213911206e-06,1.2368983474811134e-05,0.004483401837114215,-0.00028720858144965866,1.4245302093769458e-06,0.004197617785873934,0,0.37141148177530203,,1e-24,599999,0.9986456982531459,0.9999977495008897,1733,True,0.09492202845018176,3644,True,0.0956332320087798,0.0,,,0.0,,,0.0,,,0.0,,,0.0,,,0.0,,
moment9,0.001,3,128,2048,0.002,2e-06,core_N128_s3,0,600000,600000,600000,0,True,600000,0.0913241399123038,0.09551830983006686,0.09199282119372118,0.0014924735910947947,0.004194169917763058,0.7500023989284522,0.7500024047683493,0.7500024047636765,0.7500502225423353,0.8660298124831001,0.3992919188428382,6.6227202449599775e-06,1.2361855658488258e-05,0.004479767689485145,-0.00028699536838293365,1.397596660867148e-06,0.004194169917763079,0,0.3713382227291125,,1e-24,599999,0.9986438019830762,0.9999977518581428,1731,True,0.09491970372871907,3640,True,0.09562958380921496,0.0,,,0.0,,,0.0,,,0.0,,,0.0,,,0.0,,
moment9,0.01,3,128,2048,0.002,2e-05,core_N128_s3,0,600000,600000,600000,0,True,600000,0.0913241399123038,0.09548387299785698,0.0921580456323146,0.0014919355155915152,0.0041597330855531744,0.7500023770464552,0.7500023828307018,0.7500023828260654,0.7500502005216221,0.8660297997702218,0.3992919188428382,6.553606431479143e-06,1.2291363523254745e-05,0.004443158197295994,-0.0002848906890483509,1.4655773055296145e-06,0.004159733085553172,0,0.3706146521959891,,1e-24,599999,0.9986248272900283,0.9999977413437268,1713,True,0.09489792469634387,3599,True,0.09559566603252508,0.0,,,0.0,,,0.0,,,0.0,,,0.0,,,0.0,,
moment9,0.1,3,128,2048,0.002,0.0002,core_N128_s3,0,600000,600000,600000,0,True,600000,0.0913241399123038,0.09518821271259792,0.09283440370295339,0.0014873158236343425,0.003864072800294119,0.7500021848853609,0.7500021901818633,0.7500021901775507,0.7500500070757958,0.8660296880911229,0.3992919188428382,5.945565266550842e-06,1.1657490583365976e-05,0.004129057897396113,-0.0002664477860252542,1.4626889232603482e-06,0.0038640728002941192,0,0.36417014342919984,,1e-24,599999,0.9984340245078325,0.9999977269422491,1553,True,0.0947038140586252,3247,True,0.09531130572525463,0.0,,,0.0,,,0.0,,,0.0,,,0.0,,,0.0,,
moment9,1.0,3,128,2048,0.002,0.002,core_N128_s3,0,600000,600000,600000,0,True,600000,0.0913241399123038,0.09379329718961422,0.09432624162247089,0.0014655202685877223,0.0024691572773104242,0.7500013745416327,0.7500013779085051,0.7500013779054576,0.7500491898142501,0.8660292162739456,0.3992919188428382,3.3989871109230804e-06,8.665052297107494e-06,0.0026521987297963893,-0.00018337249388004694,3.310413940794545e-07,0.002469157277310421,0,0.34148274114685395,,1e-24,599999,0.9964811876195002,0.9999980875543609,826,True,0.0934588449018701,1711,True,0.09387753544608575,0.0,,,0.0,,,0.0,,,0.0,,,0.0,,,0.0,,
moment9,10.0,3,128,2048,0.002,0.02,core_N128_s3,0,600000,600000,600000,0,True,600000,0.0913241399123038,0.09180348662108559,0.09106346132017286,0.0014344294784544623,0.00047934670878178876,0.7500007037079084,0.7500007064397496,0.7500007064344454,0.7500485117307152,0.8660288248060972,0.3992919188428382,1.54436673010939e-06,5.206369148788782e-06,0.0005904819788790891,-0.00011114302452968791,7.75443238895701e-09,0.00047934670878179033,0,0.3298320397449327,,1e-24,599999,0.9766416358506023,0.9999993287761555,151,True,0.09178018621800767,316,True,0.09187602249483433,0.0,,,0.0,,,0.0,,,0.0,,,0.0,,,0.0,,
moment9,100.0,3,128,2048,0.002,0.2,core_N128_s3,0,600000,600000,600000,0,True,600000,0.0913241399123038,0.09133470838955175,0.09029138834668368,0.0014271048185867461,1.0568477247951957e-05,0.7500004173003114,0.7500004181631482,0.7500004181597018,0.7500482232012156,0.8660286582336132,0.3992919188428382,1.022813785193487e-06,1.7948413838843238e-06,8.462052563822815e-05,-7.405204838985361e-05,-3.939206078555335e-16,1.0568477247980638e-05,0,0.32863769392209974,,1e-24,599999,0.7779880093465946,0.9999982649214473,16,True,0.09137322637073926,33,True,0.09138341440223721,0.0,,,0.0,,,0.0,,,0.0,,,0.0,,,0.0,,
sine,0.0001,3,128,2048,0.002,2.0000000000000002e-07,core_N128_s3,1,600000,600000,600000,0,True,600000,0.0913241399123038,0.09209398656484839,0.08846800576433897,0.0014389685400757561,0.0007698466525445924,0.42400885573151803,0.4240088557315182,0.42400885573151803,0.42400909623494915,0.9208790324846681,0.3588286421512092,4.812470156460147e-16,5.837425400882865e-16,0.0007673727527070242,-1.1853107813669406e-19,2.473899837576458e-06,0.0007698466525446006,212,0.38541720055997,,1e-24,18580,-2319.455387149392,0.9993711225883356,1827,True,0.09165377153353142,3668,True,0.0920440772713457,0.0,,,0.0,,,0.0,,,0.0,,,0.0,,,0.0,,
sine,0.001,3,128,2048,0.002,2e-06,core_N128_s3,1,600000,600000,600000,0,True,600000,0.0913241399123038,0.09209361349899262,0.08852202235939793,0.0014389627109217596,0.0007694735866888153,0.42400885573151803,0.4240088557315182,0.42400885573151803,0.42400909623494915,0.9208790324846681,0.3588286421512092,4.82114144629361e-16,5.837578761910006e-16,0.0007666636063317084,-1.33084849786009e-19,2.8099803571110037e-06,0.0007694735866888197,227,0.3853716656961016,,1e-24,18561,-2430.185300311136,0.9993713058164061,1826,True,0.09165413421629247,3664,True,0.09204364360717414,0.0,,,0.0,,,0.0,,,0.0,,,0.0,,,0.0,,
sine,0.01,3,128,2048,0.002,2e-05,core_N128_s3,1,600000,600000,600000,0,True,600000,0.0913241399123038,0.09208949799873567,0.08822392928838842,0.0014388984062302448,0.0007653580864318693,0.42400885573151803,0.4240088557315182,0.42400885573151803,0.42400909623494915,0.9208790324846681,0.3588286421512092,2.442290839782695e-16,2.919547966908618e-16,0.0007627421364682979,-1.3493089892901836e-19,2.6159499635846686e-06,0.0007653580864318824,217,0.3849202047640542,,1e-24,18379,-2028.5614683672648,0.9993651265292675,1808,True,0.09165389306323715,3628,True,0.09203915819568088,0.0,,,0.0,,,0.0,,,0.0,,,0.0,,,0.0,,
sine,0.1,3,128,2048,0.002,0.0002,core_N128_s3,1,600000,600000,600000,0,True,600000,0.0913241399123038,0.09207305006898833,0.09078521168395194,0.0014386414073279427,0.0007489101566845319,0.42400885573151803,0.4240088557315182,0.42400885573151803,0.4240090962349491,0.920879032484668,0.3588286421512092,2.5062118072899307e-16,2.926396737181005e-16,0.0007468556180926612,-1.23522136442044e-19,2.054538591872078e-06,0.0007489101566845332,187,0.3807638726807816,,1e-24,16750,-2188.031560777978,0.9993032683107845,1654,True,0.09166904742964732,3309,True,0.09202739401328373,0.0,,,0.0,,,0.0,,,0.0,,,0.0,,,0.0,,
sine,1.0,3,128,2048,0.002,0.002,core_N128_s3,1,600000,600000,600000,0,True,600000,0.0913241399123038,0.09184589726938151,0.09116613390392107,0.0014350921448340861,0.0005217573570777123,0.42400885573151803,0.4240088557315182,0.42400885573151803,0.42400909623494915,0.9208790324846681,0.3588286421512092,3.2144630110844813e-16,1.7760346164116014e-16,0.0005209189993274229,-8.053622242996147e-20,8.383577502766886e-07,0.0005217573570776998,86,0.35845751115932345,,1e-24,9096,-783.7297114984591,0.9987005449513572,897,True,0.09162011769948213,1784,True,0.09181788589088719,0.0,,,0.0,,,0.0,,,0.0,,,0.0,,,0.0,,
sine,10.0,3,128,2048,0.002,0.02,core_N128_s3,1,600000,600000,600000,0,True,600000,0.0913241399123038,0.09151587687782117,0.0901793028116892,0.0014299355762159558,0.0001917369655173723,0.42400885573151803,0.4240088557315182,0.42400885573151803,0.4240090962349491,0.920879032484668,0.3588286421512092,1.4809525681461716e-16,1.7961925534726092e-16,0.00019167263651302056,-3.073383073353031e-20,6.432900436380466e-08,0.00019173696551738435,8,0.3339561997276257,,1e-24,1719,-101.20942540805278,0.9929288298954863,162,True,0.09146025262172576,324,True,0.09150998342562223,0.0,,,0.0,,,0.0,,,0.0,,,0.0,,,0.0,,
sine,100.0,3,128,2048,0.002,0.2,core_N128_s3,1,600000,600000,600000,0,True,600000,0.0913241399123038,0.09134086411166271,0.09029118869812844,0.00142720100174473,1.6724199358914005e-05,0.42400885573151803,0.4240088557315182,0.42400885573151803,0.42400909623494915,0.9208790324846681,0.3588286421512092,1.0469327228063152e-18,0.0,1.672419935892103e-05,-2.4369468280805922e-21,3.2821594348114698e-18,1.6724199358924308e-05,0,0.3288384014397621,,1e-24,186,0.0,0.9355006401815681,17,True,0.09133504276092795,34,True,0.09134026906301097,0.0,,,0.0,,,0.0,,,0.0,,,0.0,,,0.0,,
runge,0.0001,3,128,2048,0.002,2.0000000000000002e-07,core_N128_s3,1,600000,600000,600000,0,True,600000,0.0913241399123038,0.09088359424004168,0.09024663391075603,0.0014200561600006512,-0.0004405456722621215,0.0811216578709316,0.08112165787093159,0.0811216578709316,0.08112165917268119,0.7198018579373807,0.22324411249414775,8.321214557703112e-16,1.3843927733859347e-15,-0.00044063452551441716,6.983735937316671e-20,8.885325230546602e-08,-0.0004405456722621116,286,0.34837685032509047,,1e-24,17365,-6535661.133141653,0.9993254306008852,1010,True,0.09099860057377994,2832,True,0.09089404318728155,0.0,,,0.0,,,0.0,,,0.0,,,0.0,,,0.0,,
runge,0.001,3,128,2048,0.002,2e-06,core_N128_s3,1,600000,600000,600000,0,True,600000,0.0913241399123038,0.09088413171961383,0.09023682223447807,0.0014200645581189662,-0.0004400081926899668,0.0811216578709316,0.08112165787093159,0.0811216578709316,0.08112165917268119,0.7198018579373807,0.22324411249414775,8.321214557703112e-16,1.3844021781620552e-15,-0.0004401028757116615,6.800583084457381e-20,9.468302170783907e-08,-0.00044000819268995344,505,0.3483392868972506,,1e-24,17350,-13661218.54327808,0.9993389275539726,1009,True,0.09099900244193311,2830,True,0.09089455118052382,0.0,,,0.0,,,0.0,,,0.0,,,0.0,,,0.0,,
runge,0.01,3,128,2048,0.002,2e-05,core_N128_s3,1,600000,600000,600000,0,True,600000,0.0913241399123038,0.09088943218666716,0.0901397408450644,0.0014201473779166744,-0.0004347077256366405,0.0811216578709316,0.08112165787093159,0.0811216578709316,0.08112165917268119,0.7198018579373807,0.22324411249414775,8.321214557703112e-16,1.3844942300035745e-15,-0.0004347898761436532,6.820281067140257e-20,8.215050701508185e-08,-0.0004347077256366381,1054,0.3479685290700927,,1e-24,17194,-13349139.224363679,0.9993583378033464,999,True,0.09100298534100715,2804,True,0.09089964203530396,0.0,,,0.0,,,0.0,,,0.0,,,0.0,,,0.0,,
runge,0.1,3,128,2048,0.002,0.0002,core_N128_s3,1,600000,600000,600000,0,True,600000,0.0913241399123038,0.09093587061353288,0.08926216759389312,0.0014208729783364512,-0.0003882692987709213,0.08112165787093162,0.08112165787093162,0.08112165787093162,0.08112165917268119,0.7198018579373807,0.22324411249414775,3.3679883465013697e-16,1.388856399976742e-16,-0.0003882877909229661,6.147517326875422e-20,1.849215204285362e-08,-0.0003882692987709231,1499,0.34468939676123556,,1e-24,15782,-13656337.554276444,0.9993075136073328,912,True,0.09103769272986771,2569,True,0.09094496881872592,0.0,,,0.0,,,0.0,,,0.0,,,0.0,,,0.0,,
runge,1.0,3,128,2048,0.002,0.002,core_N128_s3,1,600000,600000,600000,0,True,600000,0.0913241399123038,0.09115130812391786,0.08885318679728106,0.0014242391894362166,-0.00017283178838593816,0.0811216578709316,0.08112165787093159,0.0811216578709316,0.08112165917268119,0.7198018579373807,0.22324411249414775,5.147148293820334e-16,1.4320092168677277e-15,-0.00017284879297974268,2.7496582689957047e-20,1.700459381281476e-08,-0.00017283178838592975,1136,0.33016849408674565,,1e-24,8721,-13582006.11745093,0.9987350529578635,492,True,0.09118564841676907,1400,True,0.09115433023813918,0.0,,,0.0,,,0.0,,,0.0,,,0.0,,,0.0,,
runge,10.0,3,128,2048,0.002,0.02,core_N128_s3,1,600000,600000,600000,0,True,600000,0.0913241399123038,0.09129061836007032,0.09053527834355041,0.0014264159118760988,-3.352155223347586e-05,0.0811216578709316,0.08112165787093159,0.0811216578709316,0.08112165917268119,0.7198018579373807,0.22324411249414775,1.9248408090909046e-18,5.357592925426098e-18,-3.3521552233475636e-05,4.420941247578339e-21,-2.8767301521467703e-18,-3.3521552233478516e-05,176,0.32821403131692395,,1e-24,1626,-9282075.963080985,0.9929935848226832,88,True,0.09129648378739126,252,True,0.09129105998983426,0.0,,,0.0,,,0.0,,,0.0,,,0.0,,,0.0,,
runge,100.0,3,128,2048,0.002,0.2,core_N128_s3,1,600000,600000,600000,0,True,600000,0.0913241399123038,0.09132053519491348,0.09026729673763904,0.0014268833624205232,-3.6047173903180907e-06,0.0811216578709316,0.08112165787093159,0.0811216578709316,0.08112165917268119,0.7198018579373807,0.22324411249414775,1.9248408090909046e-18,5.35764809815252e-18,-3.6047173903065588e-06,5.961900522609559e-22,1.0866044642746792e-17,-3.604717390295692e-06,17,0.32821403131692395,,1e-24,175,-2124990.95729835,0.9355679004352171,9,True,0.091321097421962,26,True,0.09132057220246631,0.0,,,0.0,,,0.0,,,0.0,,,0.0,,,0.0,,
moment3,0.0001,3,128,2048,0.002,2.0000000000000002e-07,core_N128_s3,1,600000,600000,600000,0,True,600000,0.0913241399123038,0.0956038580272279,0.09254805449543423,0.001493810281675436,0.0042797181149241,0.7500000000000001,0.7500000000000001,0.7500000000000001,0.7500023469397121,0.8660253685498189,0.3991680608817289,4.107450266328852e-16,2.1945743081317753e-16,0.004278338810958178,-6.817845796750015e-19,1.3793039659286333e-06,0.004279718114924104,2413,0.37569984510071186,,1e-24,18508,-104033733.48901317,0.9993721133277544,1671,True,0.09485012382447239,3511,True,0.09552298265943679,0.0,,,0.0,,,0.0,,,0.0,,,0.0,,,0.0,,
moment3,0.001,3,128,2048,0.002,2e-06,core_N128_s3,1,600000,600000,600000,0,True,600000,0.0913241399123038,0.09560075343303984,0.09257753719725444,0.0014937617723912474,0.004276613520736036,0.7500000000000001,0.7500000000000001,0.7500000000000001,0.7500023469397121,0.8660253685498189,0.3991680608817289,4.107450266328852e-16,2.1947278153660457e-16,0.004275110419652408,-6.773274667261055e-19,1.5031010836521756e-06,0.004276613520736058,2425,0.37562232316175825,,1e-24,18487,-103767308.84622905,0.999371560881647,1669,True,0.09484768817727308,3507,True,0.09551987043594018,0.0,,,0.0,,,0.0,,,0.0,,,0.0,,,0.0,,
moment3,0.01,3,128,2048,0.002,2e-05,core_N128_s3,1,600000,600000,600000,0,True,600000,0.0913241399123038,0.09556973570357225,0.09275408112616161,0.0014932771203683163,0.0042455957912684444,0.7500000000000001,0.7500000000000001,0.7500000000000001,0.7500023469397121,0.8660253685498189,0.3991680608817289,6.661338743321096e-16,5.270982437805438e-16,0.004244304664351727,-6.640865593272301e-19,1.2911269167254895e-06,0.004245595791268452,2520,0.3748565792829871,,1e-24,18280,-96453520.10160975,0.9993646938291557,1652,True,0.09482574861589232,3469,True,0.09548893091287074,0.0,,,0.0,,,0.0,,,0.0,,,0.0,,,0.0,,
moment3,0.1,3,128,2048,0.002,0.0002,core_N128_s3,1,600000,600000,600000,0,True,600000,0.0913241399123038,0.09530085399628857,0.09338826614976566,0.001489075843692009,0.00397671408398477,0.7500000000000001,0.7500000000000001,0.7500000000000001,0.7500023469397121,0.8660253685498189,0.3991680608817289,7.483718811258678e-16,3.977349828926952e-16,0.003975533599884541,-6.293752262201326e-19,1.1804841002394116e-06,0.003976714083984781,2390,0.3680315976849211,,1e-24,16477,-80564508.24977039,0.9992946541415572,1499,True,0.09463306101612888,3134,True,0.09523102922201918,0.0,,,0.0,,,0.0,,,0.0,,,0.0,,,0.0,,
moment3,1.0,3,128,2048,0.002,0.002,core_N128_s3,1,600000,600000,600000,0,True,600000,0.0913241399123038,0.09386329569700835,0.09445279884781642,0.0014666139952657555,0.0025391557847045526,0.75,0.75,0.75,0.7500023469397121,0.8660253685498189,0.3991680608817289,1.0095555306997758e-15,9.538108415203859e-16,0.002538441687231381,-3.9135225515763837e-19,7.140974731624552e-07,0.002539155784704544,1316,0.3393298316394866,,1e-24,8759,-98176778.10613437,0.9986535603901774,801,True,0.09340701833897343,1658,True,0.09381654164375172,0.0,,,0.0,,,0.0,,,0.0,,,0.0,,,0.0,,
moment3,10.0,3,128,2048,0.002,0.02,core_N128_s3,1,600000,600000,600000,0,True,600000,0.0913241399123038,0.09187474200220601,0.0912551683562971,0.0014355428437844689,0.0005506020899022079,0.7500000000000001,0.7500000000000001,0.7500000000000001,0.7500023469397121,0.8660253685498189,0.3991680608817289,0.0,0.0,0.0005504502710659965,-9.089459551590975e-20,1.5181883622443396e-07,0.0005506020899022207,293,0.32821403131692395,,1e-24,1693,-54612260.85918538,0.9928425666629226,147,True,0.09177071572869568,307,True,0.09186393866932714,0.0,,,0.0,,,0.0,,,0.0,,,0.0,,,0.0,,
moment3,100.0,3,128,2048,0.002,0.2,core_N128_s3,1,600000,600000,600000,0,True,600000,0.0913241399123038,0.09138321766071328,0.09039056486498763,0.001427862775948645,5.907774840947788e-05,0.7500000000000001,0.7500000000000001,0.7500000000000001,0.7500023469397121,0.8660253685498189,0.3991680608817289,0.0,0.0,5.9077748409470556e-05,-1.0441927581285084e-20,-6.343358239034986e-19,5.9077748409469906e-05,32,0.32821403131692395,,1e-24,185,-5741108.591325525,0.9354050009552713,16,True,0.09137276819961669,32,True,0.09138202718533636,0.0,,,0.0,,,0.0,,,0.0,,,0.0,,,0.0,,
moment5,0.0001,3,128,2048,0.002,2.0000000000000002e-07,core_N128_s3,1,600000,600000,600000,0,True,600000,0.0913241399123038,0.0956038580272279,0.09254805449543421,0.001493810281675436,0.0042797181149241,0.7500000000000002,0.7500000000000001,0.7500000000000002,0.7500092202150869,0.8660256919025306,0.39916806088172874,4.406061259568519e-16,2.63348916975813e-16,0.004278338810958793,-6.804160815700124e-19,1.3793039653143561e-06,0.004279718114924107,849,0.37569984510071197,,1e-24,18508,-55374484.93690928,0.9993604914593962,1671,True,0.09485012382447239,3511,True,0.09552298265943679,0.0,,,0.0,,,0.0,,,0.0,,,0.0,,,0.0,,
moment5,0.001,3,128,2048,0.002,2e-06,core_N128_s3,1,600000,600000,600000,0,True,600000,0.0913241399123038,0.09560075343303984,0.0925775371972544,0.0014937617723912474,0.004276613520736036,0.7500000000000002,0.7500000000000001,0.7500000000000002,0.7500092202150869,0.8660256919025306,0.39916806088172874,4.406061259568519e-16,2.633673378439255e-16,0.004275110419653028,-6.846397229393369e-19,1.5031010830288305e-06,0.004276613520736058,936,0.37562232316175803,,1e-24,18487,-49473146.278653055,0.9993605820077572,1669,True,0.0948476881772731,3507,True,0.09551987043594018,0.0,,,0.0,,,0.0,,,0.0,,,0.0,,,0.0,,
moment5,0.01,3,128,2048,0.002,2e-05,core_N128_s3,1,600000,600000,600000,0,True,600000,0.0913241399123038,0.09556973570357225,0.09275408112616161,0.0014932771203683163,0.0042455957912684444,0.7500000000000001,0.7500000000000001,0.7500000000000001,0.7500092202150868,0.8660256919025306,0.39916806088172874,6.249629264158935e-16,4.831733901321651e-16,0.004244304664351116,-6.718053015801669e-19,1.2911269173304417e-06,0.004245595791268446,903,0.3748565792829871,,1e-24,18280,-53916915.80490579,0.9993541784483266,1652,True,0.09482574861589232,3469,True,0.09548893091287074,0.0,,,0.0,,,0.0,,,0.0,,,0.0,,,0.0,,
moment5,0.1,3,128,2048,0.002,0.0002,core_N128_s3,1,600000,600000,600000,0,True,600000,0.0913241399123038,0.09530085399628856,0.09338826614976561,0.0014890758436920087,0.003976714083984756,0.7500000000000001,0.7500000000000001,0.7500000000000001,0.7500092202150868,0.8660256919025306,0.39916806088172874,7.771561526882149e-16,4.4192775876966135e-16,0.003975533599885033,-6.220707576333271e-19,1.180484099732928e-06,0.003976714083984765,842,0.368031597684921,,1e-24,16477,-54020744.54178687,0.999287503475413,1499,True,0.09463306101612888,3134,True,0.09523102922201918,0.0,,,0.0,,,0.0,,,0.0,,,0.0,,,0.0,,
moment5,1.0,3,128,2048,0.002,0.002,core_N128_s3,1,600000,600000,600000,0,True,600000,0.0913241399123038,0.09386329569700833,0.09445279884781638,0.001466613995265755,0.002539155784704525,0.7500000000000002,0.7500000000000001,0.7500000000000002,0.7500092202150868,0.8660256919025306,0.39916806088172874,1.0110805395602893e-15,9.538108415203859e-16,0.002538441687231392,-3.9862571447752867e-19,7.140974731474341e-07,0.002539155784704539,471,0.3393298316394866,,1e-24,8759,-55273015.75670576,0.9986522625593297,801,True,0.09340701833897343,1658,True,0.09381654164375175,0.0,,,0.0,,,0.0,,,0.0,,,0.0,,,0.0,,
moment5,10.0,3,128,2048,0.002,0.02,core_N128_s3,1,600000,600000,600000,0,True,600000,0.0913241399123038,0.09187474200220601,0.0912551683562971,0.0014355428437844689,0.0005506020899022079,0.7500000000000002,0.7500000000000001,0.7500000000000002,0.7500092202150869,0.8660256919025306,0.39916806088172874,4.807407289046552e-17,4.6605825155883544e-17,0.0005504502710659922,-9.05595819336861e-20,1.518188362293851e-07,0.0005506020899022214,110,0.32821403131692395,,1e-24,1693,-33448687.234142717,0.9928420562802441,147,True,0.09177071572869568,307,True,0.09186393866932714,0.0,,,0.0,,,0.0,,,0.0,,,0.0,,,0.0,,
moment5,100.0,3,128,2048,0.002,0.2,core_N128_s3,1,600000,600000,600000,0,True,600000,0.0913241399123038,0.09138321766071326,0.09039056486498763,0.0014278627759486448,5.9077748409464004e-05,0.7500000000000002,0.7500000000000001,0.7500000000000002,0.7500092202150869,0.8660256919025306,0.39916806088172874,4.807407289046552e-17,4.6851970838392664e-17,5.907774840947116e-05,-9.709042301726473e-21,-1.3124710724194337e-18,5.9077748409469845e-05,9,0.32821403131692395,,1e-24,185,-7504.319161949681,0.935404408256418,16,True,0.09137276819961669,32,True,0.09138202718533636,0.0,,,0.0,,,0.0,,,0.0,,,0.0,,,0.0,,
moment9,0.0001,3,128,2048,0.002,2.0000000000000002e-07,core_N128_s3,1,600000,600000,600000,0,True,600000,0.0913241399123038,0.0956038580272279,0.0925480544954342,0.001493810281675436,0.0042797181149241,0.7500000000000001,0.7500000000000001,0.7500000000000001,0.7500477815451927,0.8660284032587879,0.39916806088172896,4.406061259568519e-16,2.6334891697581305e-16,0.00427833881095886,-6.804623747007741e-19,1.3793039652451804e-06,0.004279718114924106,2619,0.375699845100712,,1e-24,18508,-61205034.77826935,0.9993725482101121,1671,True,0.09485012382447237,3511,True,0.09552298265943679,0.0,,,0.0,,,0.0,,,0.0,,,0.0,,,0.0,,
moment9,0.001,3,128,2048,0.002,2e-06,core_N128_s3,1,600000,600000,600000,0,True,600000,0.0913241399123038,0.09560075343303984,0.09257753719725445,0.0014937617723912474,0.004276613520736036,0.7500000000000001,0.7500000000000001,0.7500000000000001,0.7500477815451927,0.8660284032587879,0.39916806088172896,4.406061259568519e-16,2.633673378439255e-16,0.004275110419653036,-6.881516711882526e-19,1.503101083026213e-06,0.0042766135207360605,2754,0.37562232316175825,,1e-24,18487,-65457391.56174298,0.9993723108113713,1669,True,0.0948476881772731,3507,True,0.09551987043594018,0.0,,,0.0,,,0.0,,,0.0,,,0.0,,,0.0,,
moment9,0.01,3,128,2048,0.002,2e-05,core_N128_s3,1,600000,600000,600000,0,True,600000,0.0913241399123038,0.09556973570357223,0.09275408112616161,0.0014932771203683161,0.0042455957912684306,0.7500000000000002,0.7500000000000001,0.7500000000000002,0.7500477815451928,0.866028403258788,0.39916806088172896,6.249629264158935e-16,4.831733901321651e-16,0.004244304664351111,-6.679701465973637e-19,1.291126917330394e-06,0.004245595791268442,2740,0.3748565792829872,,1e-24,18280,-71879718.04875499,0.9993653535066613,1652,True,0.09482574861589232,3469,True,0.09548893091287074,0.0,,,0.0,,,0.0,,,0.0,,,0.0,,,0.0,,
moment9,0.1,3,128,2048,0.002,0.0002,core_N128_s3,1,600000,600000,600000,0,True,600000,0.0913241399123038,0.09530085399628856,0.09338826614976566,0.0014890758436920087,0.003976714083984756,0.7500000000000001,0.7500000000000001,0.7500000000000001,0.7500477815451928,0.866028403258788,0.39916806088172896,7.771561526882149e-16,4.4192775876966135e-16,0.003975533599885032,-6.170873462228435e-19,1.1804840997289917e-06,0.00397671408398476,2525,0.368031597684921,,1e-24,16477,-55410464.90122199,0.9992948587552272,1499,True,0.09463306101612888,3134,True,0.09523102922201918,0.0,,,0.0,,,0.0,,,0.0,,,0.0,,,0.0,,
moment9,1.0,3,128,2048,0.002,0.002,core_N128_s3,1,600000,600000,600000,0,True,600000,0.0913241399123038,0.09386329569700833,0.09445279884781638,0.001466613995265755,0.002539155784704525,0.7500000000000001,0.7500000000000001,0.7500000000000001,0.7500477815451927,0.8660284032587879,0.39916806088172896,1.0110805395602893e-15,9.538108415203859e-16,0.0025384416872313888,-3.905327507337474e-19,7.140974731536593e-07,0.002539155784704543,1482,0.3393298316394865,,1e-24,8759,-78698350.05264606,0.9986536232750727,801,True,0.09340701833897343,1658,True,0.09381654164375172,0.0,,,0.0,,,0.0,,,0.0,,,0.0,,,0.0,,
moment9,10.0,3,128,2048,0.002,0.02,core_N128_s3,1,600000,600000,600000,0,True,600000,0.0913241399123038,0.09187474200220601,0.0912551683562971,0.0014355428437844689,0.0005506020899022079,0.75,0.75,0.75,0.7500477815451927,0.8660284032587879,0.39916806088172896,4.807407289046552e-17,4.6605825155883556e-17,0.0005504502710660258,-9.003670125166568e-20,1.518188361957155e-07,0.0005506020899022215,311,0.32821403131692395,,1e-24,1693,-53059051.812559485,0.9928426078428958,147,True,0.09177071572869568,307,True,0.09186393866932714,0.0,,,0.0,,,0.0,,,0.0,,,0.0,,,0.0,,
moment9,100.0,3,128,2048,0.002,0.2,core_N128_s3,1,600000,600000,600000,0,True,600000,0.0913241399123038,0.09138321766071326,0.09039056486498763,0.0014278627759486448,5.9077748409464004e-05,0.75,0.75,0.75,0.7500477815451927,0.8660284032587879,0.39916806088172896,4.807407289046552e-17,4.6851970838392676e-17,5.907774840947042e-05,-1.0686558766963493e-20,-7.3784389275622985e-19,5.907774840946966e-05,35,0.32821403131692395,,1e-24,185,-52507519.680136055,0.9354052227833092,16,True,0.09137276819961669,32,True,0.09138202718533636,0.0,,,0.0,,,0.0,,,0.0,,,0.0,,,0.0,,
sine,0.0001,3,128,2048,0.002,2.0000000000000002e-07,core_N128_s3,3,600000,600000,600000,0,True,600000,0.0913241399123038,0.09145835600959099,0.0907233502548379,0.0014290368126498591,0.00013421609728718475,0.4237281891799869,0.4237634153278497,0.4237640974549759,0.42372842615004436,0.9205741970640328,0.35874803390933196,0.0007923697909987694,0.0015014383788629043,0.013763004452173825,-0.013631068781562965,2.2804266763267163e-06,0.00013421609728718692,0,0.5368422159481733,,1e-24,599999,0.9992835907273082,1.0000000118692056,1909,True,0.09165996917611992,4021,True,0.09202387694905963,0.0,,,0.0,,,0.0,,,0.0,,,0.0,,,0.0,,
sine,0.001,3,128,2048,0.002,2e-06,core_N128_s3,3,600000,600000,600000,0,True,600000,0.0913241399123038,0.0914769817738407,0.0907514921683498,0.001429327840216261,0.00015284186153689816,0.4237263903897411,0.4237618374005178,0.4237625260789235,0.4237266273405454,0.9205722430537925,0.35874803390933196,0.000793217620497499,0.0015060127964220897,0.01377074856771108,-0.013620170827438906,2.2641212647357452e-06,0.00015284186153691074,0,0.5374318564597502,,1e-24,599999,0.999282764151657,1.000000013802395,1908,True,0.09166052173972818,4017,True,0.0920237878399183,0.0,,,0.0,,,0.0,,,0.0,,,0.0,,,0.0,,
sine,0.01,3,128,2048,0.002,2e-05,core_N128_s3,3,600000,600000,600000,0,True,600000,0.0913241399123038,0.0916630696651515,0.09102871098606023,0.0014322354635179922,0.00033892975284770255,0.42370794474740336,0.4237456957383096,0.42374645398751176,0.4237081814956989,0.9205522054676735,0.35874803390933196,0.0008019222689423534,0.00155287205120234,0.01384730574625324,-0.013510830088193355,2.454094787819748e-06,0.0003389297528477047,0,0.5433542183321838,,1e-24,599999,0.9992744979143537,1.0000000344048152,1890,True,0.09166182790942184,3977,True,0.09202244316143614,0.0,,,0.0,,,0.0,,,0.0,,,0.0,,,0.0,,
sine,0.1,3,128,2048,0.002,0.0002,core_N128_s3,3,600000,600000,600000,0,True,600000,0.0913241399123038,0.09354947217630144,0.09185329016474207,0.00146171050275471,0.0022253322639976397,0.423461737385494,0.4235369751058008,0.42353912595745513,0.42346197052276147,0.920284706515067,0.35874803390933196,0.0009214333684394719,0.0021733553223947555,0.014600244923933574,-0.012376975821973233,2.063162037305098e-06,0.002225332263997643,0,0.6073404637565265,,1e-24,599999,0.9991917921797432,1.00000023470875,1727,True,0.09167796985236952,3620,True,0.09200439233468509,0.0,,,0.0,,,0.0,,,0.0,,,0.0,,,0.0,,
sine,1.0,3,128,2048,0.002,0.002,core_N128_s3,3,600000,600000,600000,0,True,600000,0.0913241399123038,0.11325381341477793,0.10796528510450756,0.0017695908346059051,0.02192967350247413,0.3558393217294963,0.35583932172949634,0.35583932172949634,0.355840270952681,0.8436116060755459,0.35874803390933196,2.261027503569685e-15,7.945478853166503e-14,0.021660688681651868,0.000268004878372663,9.799424496078525e-07,0.02192967350247414,8477,1.7567892854265565,502202,1e-24,544213,-78275136.55675738,1.000000957722692,933,True,0.09162510638181762,1924,True,0.09182467447508898,0.005649717514124294,,,0.0,,,0.0,,,0.0,,,0.0,,,0.0,,
sine,10.0,3,128,2048,0.002,0.02,core_N128_s3,3,600000,600000,600000,0,True,600000,0.0913241399123038,0.10758987909923308,0.10356156863350673,0.0016810918609255169,0.01626573918692928,0.35583932172949634,0.35583932172949634,0.35583932172949634,0.35584027095268106,0.843611606075546,0.35874803390933196,3.122248191327895e-16,8.889235173632634e-14,0.012784188933758227,0.0034814600688415015,9.018432955591267e-08,0.016265739186929286,4669,1.3472645158770302,,1e-24,258578,-54628437.9232813,1.0000029152753127,168,True,0.09146328114588446,344,True,0.09151113273368701,0.005649717514124294,,,0.0,,,0.0,,,0.0,,,0.0,,,0.0,,
sine,100.0,3,128,2048,0.002,0.2,core_N128_s3,3,600000,600000,600000,0,True,600000,0.0913241399123038,0.10463164569193355,0.09535531476307625,0.0016348694639364617,0.013307505779629747,0.35583932172949634,0.35583932172949634,0.35583932172949634,0.355840270952681,0.8436116060755459,0.35874803390933196,9.62287647892523e-17,5.495352908126139e-14,0.0075988852969229555,0.00570862033740589,1.453009026194066e-10,0.013307505779629747,8224,1.0154913592577648,,1e-24,105016,-49374096.445714794,1.0000082681460247,18,True,0.09133558826902806,36,True,0.09134037517642293,0.005649717514124294,,,0.0,,,0.0,,,0.0,,,0.0,,,0.0,,
runge,0.0001,3,128,2048,0.002,2.0000000000000002e-07,core_N128_s3,3,600000,600000,600000,0,True,600000,0.0913241399123038,0.11921328451333314,0.09166448797377634,0.0018627075705208304,0.027889144601029342,0.03724167145454106,0.03725485205807398,0.03725469149278739,0.037241693231456756,0.48770730451706207,0.2233166153786618,3.582843622794837e-05,0.002771099939867182,0.0015646911918034995,0.026324348464571778,1.0494465407751206e-07,0.027889144601029356,0,2.9432727311814726,134983,1e-24,599999,0.9982293158745353,0.9999989536722117,1041,True,0.0910157811638431,2993,True,0.09098227046623962,0.011299435028248588,,,0.0,,,0.0,,,0.0,,,0.0,,,0.0,,
runge,0.001,3,128,2048,0.002,2e-06,core_N128_s3,3,600000,600000,600000,0,True,600000,0.0913241399123038,0.11906678326041338,0.09120901121854368,0.001860418488443959,0.02774264334810958,0.03724515850156419,0.037258561033235875,0.03725840117778596,0.037245180255093935,0.4877301365494474,0.2233166153786618,3.959273344737394e-05,0.002788095564755302,0.0015860204820792349,0.026156523803866426,9.906216391406004e-08,0.027742643348109573,0,2.9285569774167195,134862,1e-24,599999,0.9982268141478925,0.9999989703289622,1040,True,0.09101616433908864,2990,True,0.09098268769148066,0.011299435028248588,,,0.0,,,0.0,,,0.0,,,0.0,,,0.0,,
runge,0.01,3,128,2048,0.002,2e-05,core_N128_s3,3,600000,600000,600000,0,True,600000,0.0913241399123038,0.11789377264911086,0.09173698276680152,0.0018420901976423571,0.026569632736807056,0.03727526722812205,0.03729029352577601,0.03729014666145316,0.0372752888138914,0.48792723433266866,0.2233166153786618,7.427892302900475e-05,0.0029033419298757036,0.0017450935870134356,0.024824435441626155,1.037081674775633e-07,0.026569632736807063,0,2.8177844148802613,133705,1e-24,599999,0.9982017949732354,0.999999101406366,1029,True,0.09102007572946995,2962,True,0.0909868456827171,0.011299435028248588,,,0.0,,,0.0,,,0.0,,,0.0,,,0.0,,
runge,0.1,3,128,2048,0.002,0.0002,core_N128_s3,3,600000,600000,600000,0,True,600000,0.0913241399123038,0.11316730793074052,0.09243299172669055,0.0017682391864178206,0.02184316801843672,0.037404976969571915,0.03742073349618528,0.03742070297775526,0.0374049985235062,0.4887754361797299,0.2233166153786618,0.00023360689382230634,0.002817396156756851,0.002083451493680638,0.019759517224105978,1.993006501199793e-07,0.021843168018436738,0,2.4564744425960816,125377,1e-24,599999,0.9979514378729617,0.9999994262904408,939,True,0.09105352081319956,2705,True,0.091023072293134,0.005649717514124294,,,0.0,,,0.0,,,0.0,,,0.0,,,0.0,,
runge,1.0,3,128,2048,0.002,0.002,core_N128_s3,3,600000,600000,600000,0,True,600000,0.0913241399123038,0.1065583146317964,0.08874538075356864,0.0016649736661218187,0.015234174719492594,0.03736699068832938,0.03737720967938594,0.037377217295120585,0.0373670128306048,0.48852719142071704,0.2233166153786618,0.00020319229159130458,0.0020885675561330965,0.0016274550684623047,0.013606697216016416,2.2435013867266225e-08,0.01523417471949259,0,1.989160748081396,99479,1e-24,599999,0.9954413509499325,0.999999167091032,507,True,0.09119467206041433,1456,True,0.09119380288858646,0.0,,,0.0,,,0.0,,,0.0,,,0.0,,,0.0,,
runge,10.0,3,128,2048,0.002,0.02,core_N128_s3,3,600000,600000,600000,0,True,600000,0.0913241399123038,0.10533053671924725,0.09114471858249007,0.0016457896362382382,0.014006396806943447,0.03711903865088295,0.037121035436362845,0.03712097900968756,0.03711906152865144,0.48690366633065363,0.2233166153786618,3.085802603069612e-05,0.0009073287923292696,0.0005550860547837849,0.013451309833093183,9.190665012047271e-10,0.014006396806943468,0,1.5298628421306466,,1e-24,599999,0.9703001776486402,0.9999983573491827,91,True,0.09129792264072742,259,True,0.09129752790424654,0.0,,,0.0,,,0.0,,,0.0,,,0.0,,,0.0,,
runge,100.0,3,128,2048,0.002,0.2,core_N128_s3,3,600000,600000,600000,0,True,600000,0.0913241399123038,0.10475199871429221,0.09225119536077785,0.0016367499799108157,0.013427858801988407,0.0371098414284088,0.03710984142840882,0.03710984142840881,0.03710986456385662,0.4868433426976248,0.2233166153786618,8.621933022613036e-16,1.2919561744272782e-13,2.3871491933024744e-05,0.013403987310076878,-2.149339573970015e-14,0.01342785880198841,120458,0.9442244351804914,,1e-24,442239,-44777891.536409125,0.9999786028432709,10,True,0.09132120210294033,27,True,0.09132124251962906,0.0,,,0.0,,,0.0,,,0.0,,,0.0,,,0.0,,
moment3,0.0001,3,128,2048,0.002,2.0000000000000002e-07,core_N128_s3,3,600000,600000,600000,0,True,600000,0.0913241399123038,0.14660609002673916,0.09983450653782704,0.0022907201566677994,0.05528195011443536,9.992007221626409e-16,1.204197852544553e-15,1.2212453270876722e-15,2.2492634256641707e-25,4.742632395777734e-13,0.3992785072156071,1.2788787720216431e-14,7.043588465859513e-06,0.04365061520086023,0.011624731917794544,6.602995780572155e-06,0.05528195011443535,39477,5.110638651843796,264517,1e-24,423242,-633253506.525748,0.9999996840093148,1789,True,0.09481567771869434,4835,True,0.09525809133863007,0.005649717514124294,,,0.005649717514124294,,,0.0,,,0.005649717514124294,,,0.0,,,0.0,,
moment3,0.001,3,128,2048,0.002,2e-06,core_N128_s3,3,600000,600000,600000,0,True,600000,0.0913241399123038,0.1411013071453794,0.09367763304255684,0.0022047079241465533,0.04977716723307561,1.3322676295501878e-15,1.3636813900319566e-15,1.3322676295501878e-15,1.903539359886019e-25,4.362949974909567e-13,0.3992785072156071,8.797730470404852e-15,6.0866247692995945e-06,0.04024786947969171,0.009521586260490036,7.711492893881827e-06,0.049777167233075625,36515,4.786559129758871,264145,1e-24,409846,-518682525.41423965,0.9999997968716204,1787,True,0.09481366845457022,4828,True,0.09525540208085806,0.005649717514124294,,,0.005649717514124294,,,0.0,,,0.005649717514124294,,,0.0,,,0.0,,
moment3,0.01,3,128,2048,0.002,2e-05,core_N128_s3,3,600000,600000,600000,0,True,600000,0.0913241399123038,0.12130275843812775,0.07860527919623725,0.0018953556005957461,0.029978618525823952,1.6653345369377348e-15,1.1639578190170141e-15,1.1102230246251565e-15,3.212331825128255e-26,1.792295040324406e-13,0.3992785072156071,4.4987161494487745e-15,2.7070979846001916e-06,0.025931318129367678,0.004040021308371265,7.279088085001247e-06,0.029978618525823952,29725,3.9153388948818617,260737,1e-24,374960,-514832720.4677655,1.0000000148889328,1768,True,0.09479401029285478,4765,True,0.09522793355617687,0.005649717514124294,,,0.0,,,0.0,,,0.005649717514124294,,,0.0,,,0.0,,
moment3,0.1,3,128,2048,0.002,0.0002,core_N128_s3,3,600000,600000,600000,0,True,600000,0.0913241399123038,0.09046147151952398,0.04937997581749575,0.0014134604924925622,-0.0008626683927798195,1.1102230246251565e-15,1.1102230246251565e-15,1.1102230246251565e-15,1.6464310401445127e-26,1.283131230268496e-13,0.3992785072156071,6.815675370389345e-16,3.3306901065300313e-06,0.00024841997440139534,-0.0011146765849906067,3.58821780939106e-06,-0.0008626683927798206,18124,2.9363134227107057,239004,1e-24,306033,-551291109.0686421,1.0000005991292962,1601,True,0.0946134798171557,4217,True,0.09497519202661808,0.005649717514124294,,,0.0,,,0.0,,,0.0,,,0.0,,,0.0,,
moment3,1.0,3,128,2048,0.002,0.002,core_N128_s3,3,600000,600000,600000,0,True,600000,0.0913241399123038,0.10371646480281406,0.09229186817751363,0.0016205697625439697,0.012392324890510259,1.7763568394002505e-15,1.7763568394002505e-15,1.7763568394002505e-15,9.203690819468976e-27,9.593571425685275e-14,0.3992785072156071,5.317203988080882e-16,2.534388604739554e-06,0.014870407558291826,-0.0024785826253653585,4.999575837908048e-07,0.012392324890510259,5789,2.263300844163696,149638,1e-24,170389,-478464421.75730634,1.000002043342186,847,True,0.0934205251144376,2038,True,0.09373737428597123,0.005649717514124294,,,0.0,,,0.0,,,0.0,,,0.0,,,0.0,,
moment3,10.0,3,128,2048,0.002,0.02,core_N128_s3,3,600000,600000,600000,0,True,600000,0.0913241399123038,0.11087271563008634,0.10642490656199688,0.001732386181720099,0.01954857571778254,1.6653345369377348e-15,1.4432899320127035e-15,1.4432899320127035e-15,1.5472204070578998e-27,3.9334659519700386e-14,0.3992785072156071,3.8459258312372415e-16,1.3397983036730938e-06,0.01677678356539574,0.00277172192489427,7.022749253485376e-08,0.019548575717782544,256629,1.7913310944633953,73314,1e-24,77753,-282127716.61178815,1.0000090775117974,154,True,0.09177338678163033,353,True,0.09185362131947179,0.005649717514124294,,,0.0,,,0.0,,,0.0,,,0.0,,,0.0,,
moment3,100.0,3,128,2048,0.002,0.2,core_N128_s3,3,600000,600000,600000,0,True,600000,0.0913241399123038,0.1102403756733703,0.10093444676947486,0.001722505869896411,0.018916235761066505,1.1102230246251565e-15,1.1102230246251565e-15,1.1102230246251565e-15,3.530135169575943e-28,1.878862378056296e-14,0.3992785072156071,1.4422221867139654e-16,1.0112012104265466e-06,0.01196427915735358,0.006951944238075765,1.2365637170715037e-08,0.018916235761066512,935,1.3633818266380549,,1e-24,32025,-291810864.42462987,1.0000273198669962,16,True,0.09137209381133711,37,True,0.09138109716168194,0.005649717514124294,,,0.0,,,0.0,,,0.0,,,0.0,,,0.0,,
moment5,0.0001,3,128,2048,0.002,2.0000000000000002e-07,core_N128_s3,3,600000,600000,600000,0,True,600000,0.0913241399123038,0.09550527534673582,0.09186804871476228,0.0014922699272927472,0.004181135434432021,0.7500025971686954,0.7500026041098037,0.7500026041035581,0.7500118312946695,0.8660271993906876,0.39927850721560687,7.291372593124666e-06,1.3480159810469428e-05,0.004495816257818387,-0.00031629876306495374,1.6179396786089895e-06,0.004181135434432043,0,0.3710403855812805,,1e-24,599999,0.9986465774079379,0.9999977463935429,1735,True,0.09492393890581864,3648,True,0.0956364193548894,0.0,,,0.0,,,0.0,,,0.0,,,0.0,,,0.0,,
moment5,0.001,3,128,2048,0.002,2e-06,core_N128_s3,3,600000,600000,600000,0,True,600000,0.0913241399123038,0.09550185837200326,0.09189448106524534,0.0014922165370625509,0.004177718459699456,0.7500025947034107,0.7500026016373708,0.7500026016311305,0.7500118288246069,0.8660271979646158,0.39927850721560687,7.283429935585101e-06,1.3471963962590035e-05,0.004492573045960888,-0.00031605369449567733,1.1991082342286344e-06,0.0041777184596994395,0,0.37096763092169216,,1e-24,599999,0.998644681573442,0.9999975432094579,1733,True,0.09492161876494887,3644,True,0.09563277253532448,0.0,,,0.0,,,0.0,,,0.0,,,0.0,,,0.0,,
moment5,0.01,3,128,2048,0.002,2e-05,core_N128_s3,3,600000,600000,600000,0,True,600000,0.0913241399123038,0.09546772378257103,0.09215565045827555,0.0014916831841026723,0.004143583870267226,0.750002570394056,0.7500025772575575,0.7500025772513721,0.7500118044678556,0.8660271839024315,0.39927850721560687,7.2051015218950984e-06,1.3390947304066655e-05,0.004455852320551571,-0.0003136353706980739,1.3669204137351088e-06,0.004143583870267233,0,0.3702490269095421,,1e-24,599999,0.9986257112176877,0.9999974721961064,1715,True,0.09489988253969346,3604,True,0.09559841500950989,0.0,,,0.0,,,0.0,,,0.0,,,0.0,,,0.0,,
moment5,0.1,3,128,2048,0.002,0.0002,core_N128_s3,3,600000,600000,600000,0,True,600000,0.0913241399123038,0.09517255658276287,0.09278215358015715,0.0014870711966056699,0.0038484166704590705,0.7500023573443267,0.7500023635934592,0.7500023635877561,0.7500115909800098,0.866027060646844,0.39927850721560687,6.5181984800880644e-06,1.2665363094266613e-05,0.0041395067164655755,-0.00029248213626907073,1.3920902625756205e-06,0.0038484166704590792,0,0.36384753187453556,,1e-24,599999,0.9984349502089013,0.9999977314090852,1554,True,0.0947050449048473,3251,True,0.0953132814647697,0.0,,,0.0,,,0.0,,,0.0,,,0.0,,,0.0,,
moment5,1.0,3,128,2048,0.002,0.002,core_N128_s3,3,600000,600000,600000,0,True,600000,0.0913241399123038,0.09378433274915857,0.09431758836384337,0.0014653801992056026,0.002460192836854766,0.7500014671823825,0.7500014710444542,0.7500014710405916,0.7500106984788675,0.8660265453678936,0.39927850721560687,3.6801184748373412e-06,9.295486601196091e-06,0.0026584308214900485,-0.0001986809206026181,4.429359673194922e-07,0.0024601928368547495,0,0.34165620550717407,,1e-24,599999,0.9964824751181397,0.9999976956284207,827,True,0.09346049100684188,1713,True,0.09387900305880052,0.0,,,0.0,,,0.0,,,0.0,,,0.0,,,0.0,,
moment5,10.0,3,128,2048,0.002,0.02,core_N128_s3,3,600000,600000,600000,0,True,600000,0.0913241399123038,0.09179876240676624,0.09105514510214653,0.0014343556626057225,0.0004746224944624372,0.750000740951791,0.7500007439041038,0.7500007438979033,0.7500099698220796,0.8660261246830452,0.39927850721560687,1.6513752129798482e-06,5.460057949589435e-06,0.0005933820400488292,-0.00011876720272375523,7.657137378369183e-09,0.00047462249446245233,0,0.32993064726539223,,1e-24,599999,0.9766462856247984,0.9999995036498921,152,True,0.09178167216460081,316,True,0.0918762378069842,0.0,,,0.0,,,0.0,,,0.0,,,0.0,,,0.0,,
moment5,100.0,3,128,2048,0.002,0.2,core_N128_s3,3,600000,600000,600000,0,True,600000,0.0913241399123038,0.09133217769147059,0.09029073704787235,0.001427065276429228,8.03777916678905e-06,0.7500004460975496,0.7500004470218173,0.7500004470189007,0.7500096742385579,0.866025954029929,0.39927850721560687,1.1157370041591185e-06,1.9470293339384407e-06,8.703918079715907e-05,-7.900140163049051e-05,1.0742093069690606e-16,8.037779166775999e-06,0,0.3287632871114439,,1e-24,599999,0.7780261744478745,0.9999982206791502,16,True,0.0913732341974765,33,True,0.09138343845395511,0.0,,,0.0,,,0.0,,,0.0,,,0.0,,,0.0,,
moment9,0.0001,3,128,2048,0.002,2.0000000000000002e-07,core_N128_s3,3,600000,600000,600000,0,True,600000,0.0913241399123038,0.0955052753467359,0.09186804871476276,0.0014922699272927485,0.004181135434432104,0.7500025971686953,0.7500026041098037,0.7500026041035579,0.7500504231257181,0.8660299282827975,0.3992785072156071,7.291372593090719e-06,1.3480159810465349e-05,0.004495816257818355,-0.000316298763064854,1.617939678615277e-06,0.004181135434432116,0,0.3710403855812806,,1e-24,599999,0.9986465774079373,0.9999975983340541,1735,True,0.09492393890581866,3648,True,0.0956364193548894,0.0,,,0.0,,,0.0,,,0.0,,,0.0,,,0.0,,
moment9,0.001,3,128,2048,0.002,2e-06,core_N128_s3,3,600000,600000,600000,0,True,600000,0.0913241399123038,0.09550185837200327,0.0918944810652456,0.001492216537062551,0.00417771845969947,0.7500025947034105,0.7500026016373706,0.7500026016311305,0.7500504206451711,0.8660299268507419,0.3992785072156071,7.283429935623141e-06,1.3471963962586508e-05,0.0044925730459608555,-0.0003160536944955775,1.1991082342141705e-06,0.004177718459699493,0,0.37096763092169227,,1e-24,599999,0.9986446815736109,0.9999975941829868,1733,True,0.0949216187649489,3644,True,0.09563277253532448,0.0,,,0.0,,,0.0,,,0.0,,,0.0,,,0.0,,
moment9,0.01,3,128,2048,0.002,2e-05,core_N128_s3,3,600000,600000,600000,0,True,600000,0.0913241399123038,0.09546772378257108,0.0921556504582761,0.0014916831841026732,0.004143583870267281,0.7500025703940557,0.7500025772575575,0.7500025772513721,0.7500503961844118,0.8660299127291914,0.3992785072156071,7.2051015218950984e-06,1.3390947304063269e-05,0.004455852320551552,-0.00031363537069797426,1.3669204137148958e-06,0.0041435838702672916,0,0.3702490269095421,,1e-24,599999,0.9986257112176871,0.9999976246418807,1715,True,0.09489988253969346,3604,True,0.09559841500950989,0.0,,,0.0,,,0.0,,,0.0,,,0.0,,,0.0,,
moment9,0.1,3,128,2048,0.002,0.0002,core_N128_s3,3,600000,600000,600000,0,True,600000,0.0913241399123038,0.09517255658276294,0.09278215358015753,0.001487071196605671,0.00384841667045914,0.7500023573443266,0.7500023635934591,0.750002363587756,0.7500501817351953,0.8660297889245441,0.3992785072156071,6.5181984800834625e-06,1.2665363094264628e-05,0.00413950671646555,-0.0002924821362689735,1.3920902625745575e-06,0.0038484166704591508,0,0.36384753187453556,,1e-24,599999,0.9984349502089005,0.999997625602007,1554,True,0.0947050449048473,3251,True,0.0953132814647697,0.0,,,0.0,,,0.0,,,0.0,,,0.0,,,0.0,,
moment9,1.0,3,128,2048,0.002,0.002,core_N128_s3,3,600000,600000,600000,0,True,600000,0.0913241399123038,0.09378433274915861,0.09431758836384363,0.0014653801992056033,0.0024601928368548076,0.7500014671823823,0.7500014710444541,0.7500014710405914,0.7500492841021973,0.8660292707077851,0.3992785072156071,3.68011847472737e-06,9.295486601203443e-06,0.002658430821490027,-0.00019868092060253424,4.4293596731210496e-07,0.0024601928368548037,0,0.3416562055071733,,1e-24,599999,0.9964824751181388,0.9999977983379348,827,True,0.09346049100684188,1713,True,0.09387900305880052,0.0,,,0.0,,,0.0,,,0.0,,,0.0,,,0.0,,
moment9,10.0,3,128,2048,0.002,0.02,core_N128_s3,3,600000,600000,600000,0,True,600000,0.0913241399123038,0.0917987624067663,0.09105514510214666,0.0014343556626057233,0.0004746224944624927,0.750000740951791,0.7500007439041038,0.7500007438979033,0.7500485501247779,0.8660288469715732,0.3992785072156071,1.6513752129798482e-06,5.460057949586802e-06,0.0005933820400488138,-0.00011876720272369044,7.657137380773394e-09,0.0004746224944625042,0,0.3299306472653908,,1e-24,599999,0.9766462856248092,0.9999988703248809,152,True,0.09178167216460081,316,True,0.0918762378069842,0.0,,,0.0,,,0.0,,,0.0,,,0.0,,,0.0,,
moment9,100.0,3,128,2048,0.002,0.2,core_N128_s3,3,600000,600000,600000,0,True,600000,0.0913241399123038,0.09133217769147062,0.0902907370478725,0.0014270652764292284,8.037779166816805e-06,0.7500004460975496,0.7500004470218171,0.7500004470189005,0.75004825294278,0.8660286754038737,0.3992785072156071,1.1157370040583016e-06,1.9470293339824923e-06,8.703918079714289e-05,-7.900140163044525e-05,1.0121329550042587e-16,8.037779166798885e-06,0,0.3287632871114437,,1e-24,599999,0.7780261744478749,0.9999980047314907,16,True,0.0913732341974765,33,True,0.09138343845395511,0.0,,,0.0,,,0.0,,,0.0,,,0.0,,,0.0,,
sine,0.0001,3,128,2048,0.002,2.0000000000000002e-07,core_N128_s3,5,600000,600000,600000,0,True,600000,0.0913241399123038,0.09086577971394846,0.08992622834922326,0.0014197778080304447,-0.00045836019835533703,0.423846413485389,0.42386623460560896,0.42386649372270235,0.42384665178533304,0.9207026140783278,0.3587331354902996,0.0007206341804203068,0.0011081709694451033,0.012829711285945759,-0.0132904427312122,2.371246911113383e-06,-0.00045836019835532576,0,0.43055285723514924,,1e-24,599999,0.999282945315452,0.9999999245196499,1906,True,0.09166273239537528,4003,True,0.09203060359447185,0.0,,,0.0,,,0.0,,,0.0,,,0.0,,,0.0,,
sine,0.001,3,128,2048,0.002,2e-06,core_N128_s3,5,600000,600000,600000,0,True,600000,0.0913241399123038,0.09088130040182847,0.08991808351441596,0.0014200203187785699,-0.0004428395104753291,0.42384533524360535,0.4238652513155766,0.42386551240310566,0.42384557353646035,0.9207014429623323,0.3587331354902996,0.0007211448774209461,0.0011107353753296186,0.012835924610986073,-0.013281095645308296,2.331523846910792e-06,-0.00044283951047530915,0,0.43086582872681223,,1e-24,599999,0.999282118536309,0.9999999266758209,1905,True,0.09166327529906865,3999,True,0.09203049340629174,0.0,,,0.0,,,0.0,,,0.0,,,0.0,,,0.0,,
sine,0.01,3,128,2048,0.002,2e-05,core_N128_s3,5,600000,600000,600000,0,True,600000,0.0913241399123038,0.09103531503412969,0.08983729871736552,0.0014224267974082764,-0.00028882487817410984,0.4238343794179618,0.42385527202445716,0.4238555536260889,0.42383461763737584,0.920689543372114,0.3587331354902996,0.0007263165785825616,0.0011367539108894222,0.012896126643592552,-0.013187551433244796,2.5999114781428286e-06,-0.0002888248781741016,0,0.4339779140612933,,1e-24,599999,0.9992738502575326,0.9999999445551382,1887,True,0.09166445711046411,3959,True,0.09202894042647362,0.0,,,0.0,,,0.0,,,0.0,,,0.0,,,0.0,,
sine,0.1,3,128,2048,0.002,0.0002,core_N128_s3,5,600000,600000,600000,0,True,600000,0.0913241399123038,0.09253124287742831,0.090122767599815,0.0014458006699598173,0.0012071029651245097,0.42370495625734217,0.4237390250561074,0.4237396245146928,0.4237051934062279,0.9205489594869226,0.3587331354902996,0.0007878631073365944,0.0014396478124442567,0.013452519637179975,-0.012247413389746482,1.996717691026509e-06,0.00120710296512452,0,0.4637896350344538,,1e-24,599999,0.9991911236560356,1.0000001209260865,1724,True,0.09168019409061562,3604,True,0.09201042581449725,0.0,,,0.0,,,0.0,,,0.0,,,0.0,,,0.0,,
sine,1.0,3,128,2048,0.002,0.002,core_N128_s3,5,600000,600000,600000,0,True,600000,0.0913241399123038,0.15670189177842425,0.15369700132207417,0.002448467059037879,0.06537775186612045,0.31927366028892623,0.33483657609342515,0.3353256226022039,0.3192719071127735,0.7990893656065928,0.3587331354902996,0.007112906835428661,0.021888638506446314,0.06740125612926594,-0.0020245248292526112,1.0205661071510791e-06,0.06537775186612046,0,1.5127919700284673,,1e-24,599999,0.9983617468444839,1.0000011704676588,932,True,0.09162662244829337,1917,True,0.09182716912195367,0.011299435028248588,,,0.0,,,0.0,,,0.0,,,0.0,,,0.0,,
sine,10.0,3,128,2048,0.002,0.02,core_N128_s3,5,600000,600000,600000,0,True,600000,0.0913241399123038,0.20449472347118722,0.21731830976082955,0.0031952300542373003,0.11317058355888342,0.04668501770335731,0.04668501849341121,0.04668501839958217,0.0466858613719707,0.30556786929247226,0.3587331354902996,3.4641411431966355e-07,3.2786267590174387e-06,0.1308588269329928,-0.017688340598092354,9.722398299180633e-08,0.11317058355888343,0,1.474451314682021,,1e-24,599999,0.8500744020802045,0.999999593348665,168,True,0.09146357001472817,343,True,0.09151154859320704,0.011299435028248588,,,0.0,,,0.0,,,0.0,,,0.0,,,0.0,,
sine,100.0,3,128,2048,0.002,0.2,core_N128_s3,5,600000,600000,600000,0,True,600000,0.0913241399123038,0.14516135369414937,0.13872279058597603,0.002268146151471084,0.05383721378184557,0.04668501685237869,0.04668501685237869,0.04668501685237869,0.046685860616617565,0.3055678668205071,0.3587331354902996,1.2018761676680846e-15,1.6794747375786483e-13,0.04047043839880075,0.013366768685487163,6.697557631796205e-09,0.05383721378184555,31376,1.4592590430722547,,1e-24,195415,-2870704026.585839,1.0000062536887295,18,True,0.09133561967152169,36,True,0.09134042462482678,0.011299435028248588,,,0.0,,,0.0,,,0.0,,,0.0,,,0.0,,
runge,0.0001,3,128,2048,0.002,2.0000000000000002e-07,core_N128_s3,5,600000,600000,600000,0,True,600000,0.0913241399123038,0.19735511709104214,0.08584642238910978,0.0030836737045475335,0.10603097717873834,0.037153491614794046,0.03746626728965109,0.03746449369529884,0.03715346875741046,0.48712927986548,0.22331551365043506,0.0004305911936588978,0.01277560138547172,0.00037252231909876116,0.10565839180591499,6.305372462414423e-08,0.10603097717873836,0,1.3697700091771017,,1e-24,599999,0.998228113403073,0.9999993087437462,1040,True,0.09101509288205449,2985,True,0.09097780434108836,0.0,,,0.0,,,0.0,,,0.0,,,0.0,,,0.0,,
runge,0.001,3,128,2048,0.002,2e-06,core_N128_s3,5,600000,600000,600000,0,True,600000,0.0913241399123038,0.19711470408994078,0.08602843328602686,0.0030799172514053247,0.10579056417763698,0.03669906704631595,0.03702252302665376,0.037020692324312356,0.03669904332779789,0.4841410665349371,0.22331551365043506,0.00044362474641408635,0.012771740458602734,0.00036923445983056243,0.10542125753133434,7.218647212211179e-08,0.105790564177637,0,1.370135177005687,,1e-24,599999,0.9982256110580396,0.999999320197316,1039,True,0.09101547710969889,2982,True,0.09097822844767837,0.0,,,0.0,,,0.0,,,0.0,,,0.0,,,0.0,,
runge,0.01,3,128,2048,0.002,2e-05,core_N128_s3,5,600000,600000,600000,0,True,600000,0.0913241399123038,0.19478724600659614,0.08390521849645467,0.0030435507188530646,0.10346310609429234,0.032784337598303404,0.03318186383695219,0.03317960090895675,0.03278430846515143,0.45759109542967186,0.22331551365043506,0.0005604342655675689,0.012691874854434583,0.0003720727692203034,0.1030909754127135,5.7912358521078825e-08,0.10346310609429232,0,1.3734646487175084,,1e-24,599999,0.998200585701678,0.9999994041726624,1029,True,0.09101928185044973,2954,True,0.09098245067498573,0.0,,,0.0,,,0.0,,,0.0,,,0.0,,,0.0,,
runge,0.1,3,128,2048,0.002,0.0002,core_N128_s3,5,600000,600000,600000,0,True,600000,0.0913241399123038,0.17918199516094177,0.080041458905306,0.002799718674389715,0.08785785524863797,0.019292745165689018,0.0195241134647314,0.019520713799353495,0.01929274797696972,0.35102786815216097,0.22331551365043506,0.000512557738610267,0.008909484086983119,0.0011795554735620642,0.08667813842532078,1.6134975514592224e-07,0.08785785524863801,0,1.4016972128909262,,1e-24,599999,0.9979501669323249,0.9999990544876302,938,True,0.09105293677266085,2698,True,0.09101926263913195,0.04519774011299435,,,0.0,,,0.0,,,0.0,,,0.0,,,0.0,,
runge,1.0,3,128,2048,0.002,0.002,core_N128_s3,5,600000,600000,600000,0,True,600000,0.0913241399123038,0.13906457509291328,0.0855388311025105,0.00217288398582677,0.04774043518060948,0.01683654490308012,0.016836801570976976,0.016836794008861747,0.016836587202890885,0.3279227769090344,0.22331551365043506,2.5115152533604365e-05,0.00041863684867107787,0.001746639041815906,0.04599377762960062,1.850919296820835e-08,0.0477404351806095,0,1.4565619369571268,,1e-24,599999,0.9954394682603527,0.9999945827158933,506,True,0.09119443489735846,1454,True,0.09119227565978119,0.022598870056497175,,,0.0,,,0.0,,,0.0,,,0.0,,,0.0,,
runge,10.0,3,128,2048,0.002,0.02,core_N128_s3,5,600000,600000,600000,0,True,600000,0.0913241399123038,0.11919260476220994,0.09305716833625903,0.0018623844494095303,0.02786846484990614,0.01683536048502185,0.016835430750837984,0.016835428344872505,0.01683540299409798,0.32791124440961233,0.22331551365043506,5.487802860734667e-06,0.00022818752404803755,0.002255050296000685,0.02561340098599766,1.356790781265674e-08,0.027868464849906155,0,1.5596630652658177,,1e-24,599999,0.9702921993618099,0.9999954710671228,91,True,0.09129788345646694,259,True,0.09129733448072644,0.005649717514124294,,,0.0,,,0.0,,,0.0,,,0.0,,,0.0,,
runge,100.0,3,128,2048,0.002,0.2,core_N128_s3,5,600000,600000,600000,0,True,600000,0.0913241399123038,0.10671754580183576,0.09582721790808757,0.0016674616531536838,0.015393405889531961,0.018193411726226544,0.018197657150609416,0.018197658054401197,0.018193457051849046,0.3408805060581631,0.22331551365043506,2.0304824342198842e-05,0.0014967990911861722,0.0049456429048541075,0.010447762652238282,3.3243957076164944e-10,0.015393405889531956,0,1.4186948759806897,,1e-24,599999,0.7187895406348691,0.9999992612744292,10,True,0.09132119777432875,27,True,0.09132122345196399,0.0,,,0.0,,,0.0,,,0.0,,,0.0,,,0.0,,
moment3,0.0001,3,128,2048,0.002,2.0000000000000002e-07,core_N128_s3,5,600000,600000,600000,0,True,600000,0.0913241399123038,0.14375324643440607,0.12013295525104535,0.002246144475537595,0.05242910652210227,0.7124708012934526,0.7131186567504848,0.713130123165516,0.7124730487528981,0.8440798311043318,0.39929256759261883,0.0035074208218193893,0.004876310362256468,0.11182959041639201,-0.05940219367584727,1.7097815574955022e-06,0.052429106522102246,0,1.1564268751419386,,1e-24,599999,0.998641336424301,1.000002428212477,1784,True,0.09481938872257151,4680,True,0.09528901587026993,0.02824858757062147,,,0.0,,,0.0,,,0.0,,,0.0,,,0.0,,
moment3,0.001,3,128,2048,0.002,2e-06,core_N128_s3,5,600000,600000,600000,0,True,600000,0.0913241399123038,0.14513096519129004,0.12280024154634409,0.002267671331113907,0.05380682527898624,0.7102519202977828,0.7109484083112533,0.7109567292129901,0.7102541633327484,0.8427644291146558,0.39929256759261883,0.0037248745567152216,0.004635225149281167,0.11494324041694311,-0.06113781595045428,1.40081249743393e-06,0.053806825278986246,0,1.156191309461807,,1e-24,599999,0.9986394350570245,1.0000017955104368,1782,True,0.09481735643102916,4674,True,0.09528617221798205,0.02824858757062147,,,0.0,,,0.0,,,0.0,,,0.0,,,0.0,,
moment3,0.01,3,128,2048,0.002,2e-05,core_N128_s3,5,600000,600000,600000,0,True,600000,0.0913241399123038,0.15858365734243926,0.1441651446493145,0.0024778696459756134,0.06725951743013546,0.688379451025487,0.6897956763005161,0.689790911934183,0.6883816180292224,0.8296863310322286,0.39929256759261883,0.005765021801262031,0.003671194922576202,0.1458675582782027,-0.07860947862733127,1.4377792640655068e-06,0.06725951743013547,0,1.1541295265506504,,1e-24,599999,0.9986204095557467,1.0000004376857585,1763,True,0.09479747987994111,4614,True,0.09525769956332922,0.022598870056497175,,,0.0,,,0.0,,,0.0,,,0.0,,,0.0,,
moment3,0.1,3,128,2048,0.002,0.0002,core_N128_s3,5,600000,600000,600000,0,True,600000,0.0913241399123038,0.2361039015027366,0.2431181419035427,0.0036891234609802595,0.14477976159043282,0.5239978773739902,0.5289424962192674,0.5289326805634602,0.5239995499853621,0.7238769699508277,0.39929256759261883,0.011911983414625611,0.0025252448292325683,0.3884876691726852,-0.24370960754649032,1.699964237910913e-06,0.1447797615904328,0,1.1465559140883086,,1e-24,599999,0.9984291135713603,0.999999646132892,1596,True,0.0946156165784018,4100,True,0.09499915761772364,0.022598870056497175,,,0.0,,,0.0,,,0.0,,,0.0,,,0.0,,
moment3,1.0,3,128,2048,0.002,0.002,core_N128_s3,5,600000,600000,600000,0,True,600000,0.0913241399123038,0.26056239818386023,0.2440994395674793,0.004071287471622816,0.16923825827155642,0.058179011176255124,0.0601319989024256,0.06010930371419665,0.05817963895833277,0.2412041711206148,0.39929256759261883,0.00264642402236634,0.0021986358299218587,0.817199867083536,-0.6479620647123889,4.5590040929499744e-07,0.16923825827155642,0,1.1421435706877356,,1e-24,599999,0.9964720594089767,0.9999979374963242,845,True,0.09342053715163556,2009,True,0.09374460050158075,0.022598870056497175,,,0.0,,,0.0,,,0.0,,,0.0,,,0.0,,
moment3,10.0,3,128,2048,0.002,0.02,core_N128_s3,5,600000,600000,600000,0,True,600000,0.0913241399123038,0.1822144925984095,0.1820074960162039,0.0028471014468501483,0.0908903526861057,0.011882670617791913,0.012006345240294269,0.012005633274266292,0.011882842003407456,0.10900827423728576,0.39929256759261883,0.0002570596861530813,0.0019524191985742017,0.36292494109146534,-0.2720346777288901,8.932353052323187e-08,0.0908903526861057,0,1.1283405125751413,,1e-24,599999,0.9765962196212393,0.9999982938499015,154,True,0.09177372472852474,350,True,0.09185442981933065,0.0,,,0.0,,,0.0,,,0.0,,,0.0,,,0.0,,
moment3,100.0,3,128,2048,0.002,0.2,core_N128_s3,5,600000,600000,600000,0,True,600000,0.0913241399123038,0.1744684050470953,0.1814106479693921,0.002726068828860864,0.08314426513479149,0.021729138561599637,0.02192390236252652,0.021916517658234214,0.021730127027114923,0.1474111843113333,0.39929256759261883,0.11124626006045188,0.03378222492600546,0.21587474178924856,-0.13273049173674223,1.5082285149439406e-08,0.08314426513479149,187405,1.1247425018244346,,1e-24,599999,-0.014770156510251806,0.0005028288121157377,16,True,0.0913721271003996,36,True,0.09138115871004529,0.0,,,0.0,,,0.0,,,0.0,,,0.0,,,0.0,,
moment5,0.0001,3,128,2048,0.002,2.0000000000000002e-07,core_N128_s3,5,600000,600000,600000,0,True,600000,0.0913241399123038,0.09596656632981092,0.09245911756198659,0.0014994775989032956,0.004642426417507117,0.7499943738658139,0.7499943918697398,0.7499943918762582,0.7500036077896224,0.866022451599873,0.3992925675926186,1.0307741303877186e-05,2.3577855794643814e-05,0.00425417984502604,0.0003868644147266717,1.3821577544349126e-06,0.004642426417507147,0,0.37146724010695076,,1e-24,599999,0.9986456873567688,0.9999985886401199,1733,True,0.09492294704576068,3641,True,0.09563505637682117,0.0,,,0.0,,,0.0,,,0.0,,,0.0,,,0.0,,
moment5,0.001,3,128,2048,0.002,2e-06,core_N128_s3,5,600000,600000,600000,0,True,600000,0.0913241399123038,0.09596331315585178,0.09248925995535767,0.0014994267680601841,0.004639173243547984,0.7499943765918264,0.7499943945817807,0.7499943945882899,0.7500036105110883,0.8660224531710992,0.3992925675926186,1.029943994822245e-05,2.356724994191962e-05,0.004250953562819251,0.0003867564754586421,1.4632052700997935e-06,0.004639173243547995,0,0.37139388220507435,,1e-24,599999,0.9986437910926942,0.9999987878616629,1731,True,0.09492062052711082,3637,True,0.09563140362015997,0.0,,,0.0,,,0.0,,,0.0,,,0.0,,,0.0,,
moment5,0.01,3,128,2048,0.002,2e-05,core_N128_s3,5,600000,600000,600000,0,True,600000,0.0913241399123038,0.09593081179293583,0.09278633902570131,0.0014989189342646224,0.004606671880632032,0.7499944036145434,0.7499944214665245,0.749994421472942,0.750003637488699,0.8660224687465018,0.3992925675926186,1.0217412224859772e-05,2.3462332991171265e-05,0.004219582739600514,0.0003856729862770854,1.416154754445178e-06,0.004606671880632046,0,0.37066934065099855,,1e-24,599999,0.9986248164600909,0.9999987851700383,1713,True,0.09489882509381407,3597,True,0.09559764948370214,0.0,,,0.0,,,0.0,,,0.0,,,0.0,,,0.0,,
moment5,0.1,3,128,2048,0.002,0.0002,core_N128_s3,5,600000,600000,600000,0,True,600000,0.0913241399123038,0.09563803732460875,0.09283992745702865,0.0014943443331970117,0.004313897412304951,0.7499946517967386,0.749994668425222,0.7499946684308446,0.7500038852539264,0.8660226117926321,0.3992925675926186,9.4847489117941e-06,2.2516594739552697e-05,0.003937414113468769,0.00037504373500257614,1.4395638336165861e-06,0.0043138974123049624,0,0.36421661083775425,,1e-24,599999,0.9984340142633147,0.9999987878789343,1552,True,0.09470368698026647,3245,True,0.09531305548528449,0.0,,,0.0,,,0.0,,,0.0,,,0.0,,,0.0,,
moment5,1.0,3,128,2048,0.002,0.002,core_N128_s3,5,600000,600000,600000,0,True,600000,0.0913241399123038,0.09413482283143779,0.09419980119605169,0.0014708566067412154,0.002810682919133986,0.7499959360638053,0.7499959475249393,0.7499959475273895,0.7500051672968387,0.8660233519739157,0.3992925675926186,6.111884796185478e-06,1.805538918523126e-05,0.0024986623653961365,0.0003116742520494652,3.4630168838426767e-07,0.002810682919133986,0,0.34884704812412415,,1e-24,599999,0.9964811815854852,0.9999989910637208,826,True,0.09345916017361235,1710,True,0.09387817888763922,0.0,,,0.0,,,0.0,,,0.0,,,0.0,,,0.0,,
moment5,10.0,3,128,2048,0.002,0.02,core_N128_s3,5,600000,600000,600000,0,True,600000,0.0913241399123038,0.09206376413778436,0.09102166241347903,0.0014384963146528806,0.0007396242254805591,0.7499970683802488,0.7499970778804259,0.7499970778780037,0.7500062974258626,0.8660240044479247,0.3992925675926186,3.165858016121058e-06,1.4092227192500376e-05,0.0004949282501351756,0.00024468838139006115,7.593955333486656e-09,0.0007396242254805706,0,0.3358313444514144,,1e-24,599999,0.9766416518018358,0.9999994321767925,151,True,0.0917802324193444,316,True,0.09187613119659016,0.0,,,0.0,,,0.0,,,0.0,,,0.0,,,0.0,,
moment5,100.0,3,128,2048,0.002,0.2,core_N128_s3,5,600000,600000,600000,0,True,600000,0.0913241399123038,0.09161393004677086,0.09028452967927747,0.0014314676569807947,0.0002897901344670606,0.7499965021837015,0.7499965200940011,0.7499965201027881,0.7500057320394639,0.866023678025142,0.3992925675926186,2.258668176832839e-06,1.4369430851776271e-05,8.13168016426237e-06,0.0002816584543028334,-2.9839888417636264e-17,0.0002897901344670659,0,0.33251955381809006,,1e-24,599999,0.7779882215952376,0.9999992996483882,16,True,0.09137323098338342,33,True,0.09138342512039373,0.0,,,0.0,,,0.0,,,0.0,,,0.0,,,0.0,,
moment9,0.0001,3,128,2048,0.002,2.0000000000000002e-07,core_N128_s3,5,600000,600000,600000,0,True,600000,0.0913241399123038,0.09552258019663311,0.09197024928558031,0.0014925403155723923,0.004198440284329308,0.7500023929706273,0.7500023987682672,0.7500023987636607,0.7500502164771665,0.8660298089815899,0.39929256759261883,6.598965743149283e-06,1.2317495008082132e-05,0.004482884507365372,-0.0002858445861949223,1.4003631588495757e-06,0.004198440284329299,0,0.3714337130936769,,1e-24,599999,0.9986456720531389,0.9999968069894639,1733,True,0.09492203179420625,3644,True,0.09563315318928059,0.0,,,0.0,,,0.0,,,0.0,,,0.0,,,0.0,,
moment9,0.001,3,128,2048,0.002,2e-06,core_N128_s3,5,600000,600000,600000,0,True,600000,0.0913241399123038,0.09551913058974733,0.09199654796399746,0.001492486415464802,0.0041949906774435275,0.7500023907645295,0.7500023965566088,0.7500023965520057,0.7500502142571803,0.8660298076999595,0.39929256759261883,6.592013738912548e-06,1.2310433771565036e-05,0.00447914952785589,-0.0002856332673849431,1.4744169725730779e-06,0.004194990677443521,0,0.371360416697171,,1e-24,599999,0.9986437757743115,0.9999969607238575,1731,True,0.09491970695002434,3640,True,0.0956295049143397,0.0,,,0.0,,,0.0,,,0.0,,,0.0,,,0.0,,
moment9,0.01,3,128,2048,0.002,2e-05,core_N128_s3,5,600000,600000,600000,0,True,600000,0.0913241399123038,0.09548467675046521,0.09215989501527616,0.0014919480742260189,0.004160536838161408,0.7500023690054949,0.7500023747427261,0.7500023747381586,0.7500501923603348,0.8660297950585918,0.39929256759261883,6.523426440866194e-06,1.2240596107055639e-05,0.004442597558770798,-0.00028354721031947515,1.4864897100963708e-06,0.004160536838161419,0,0.3706364793645578,,1e-24,599999,0.9986248009931434,0.9999969468110658,1713,True,0.09489792668860433,3599,True,0.09559560437340453,0.0,,,0.0,,,0.0,,,0.0,,,0.0,,,0.0,,
moment9,0.1,3,128,2048,0.002,0.0002,core_N128_s3,5,600000,600000,600000,0,True,600000,0.0913241399123038,0.09518895845941829,0.09283548535948896,0.0014873274759284107,0.0038648185471144847,0.75000217788818,0.7500021831444014,0.7500021831401488,0.7500499999663385,0.8660296839867292,0.39929256759261883,5.919792796959145e-06,1.1612303008238434e-05,0.004128618445526755,-0.0002652631416506453,1.4632432383831411e-06,0.003864818547114493,0,0.3641888687458518,,1e-24,599999,0.9984339973705568,0.9999967531806947,1552,True,0.09470290843883514,3247,True,0.09531126312944221,0.0,,,0.0,,,0.0,,,0.0,,,0.0,,,0.0,,
moment9,1.0,3,128,2048,0.002,0.002,core_N128_s3,5,600000,600000,600000,0,True,600000,0.0913241399123038,0.09379365585569845,0.09432635612283093,0.0014655258727452882,0.0024695159433946456,0.7500013712800104,0.7500013746289824,0.7500013746259658,0.7500491864766643,0.8660292143471074,0.39929256759261883,3.38799044522707e-06,8.640494286457317e-06,0.0026519605691836434,-0.00018277160352788473,3.269777388856211e-07,0.0024695159433946443,0,0.34147782787980585,,1e-24,599999,0.9964811532834237,0.9999975445242473,826,True,0.0934588326142749,1711,True,0.09387750197200097,0.0,,,0.0,,,0.0,,,0.0,,,0.0,,,0.0,,
moment9,10.0,3,128,2048,0.002,0.02,core_N128_s3,5,600000,600000,600000,0,True,600000,0.0913241399123038,0.09180362692201047,0.09106355894247749,0.0014344316706564136,0.0004794870097066667,0.7500007026182112,0.7500007053443283,0.7500007053390513,0.7500485105951388,0.8660288241505117,0.39929256759261883,1.5407112241562377e-06,5.197716873788346e-06,0.0005903744769551977,-0.00011089516963858038,7.702390051481817e-09,0.00047948700970666886,0,0.32982999081015685,,1e-24,599999,0.9766415331615181,0.9999989656318597,151,True,0.09178018426765024,316,True,0.09187601683374089,0.0,,,0.0,,,0.0,,,0.0,,,0.0,,,0.0,,
moment9,100.0,3,128,2048,0.002,0.2,core_N128_s3,5,600000,600000,600000,0,True,600000,0.0913241399123038,0.09133478509287492,0.09029131070792662,0.0014271060170761706,1.0645180571117185e-05,0.7500004163481923,0.7500004172093293,0.7500004172058596,0.7500482222127377,0.8660286576629498,0.39929256759261883,1.019345655924991e-06,1.788310579507557e-06,8.45301492657038e-05,-7.388496869422976e-05,-3.5281549058880825e-16,1.0645180571121234e-05,0,0.32862857679167484,,1e-24,599999,0.7779872223993478,0.9999980787800093,16,True,0.09137322614458761,33,True,0.09138341377930828,0.0,,,0.0,,,0.0,,,0.0,,,0.0,,,0.0,,
sine,0.0001,3,128,2048,0.002,2.0000000000000002e-07,core_N128_s3,7,600000,600000,600000,0,True,600000,0.0913241399123038,0.09087200434635094,0.09000663540170474,0.0014198750679117334,-0.0004521355659528603,0.423843890925534,0.42386400430651366,0.423864270305929,0.4238441292037855,0.9206998742302352,0.3587338134373992,0.0007227042449509597,0.0011170564104915077,0.012863380356295405,-0.01331765310994857,2.137187700300394e-06,-0.0004521355659528629,0,0.43502074684820596,,1e-24,599999,0.9992829644574238,0.9999999262128304,1907,True,0.0916629588194025,4004,True,0.09203019520795444,0.0,,,0.0,,,0.0,,,0.0,,,0.0,,,0.0,,
sine,0.001,3,128,2048,0.002,2e-06,core_N128_s3,7,600000,600000,600000,0,True,600000,0.0913241399123038,0.090887629150377,0.0899985990196508,0.0014201192054746406,-0.0004365107619268005,0.4238427990507673,0.42386300938381044,0.42386327741344887,0.4238430373217688,0.9206986883033654,0.3587338134373992,0.0007232221660400574,0.0011196585907179558,0.012869331900202308,-0.013308257736006333,2.4150738772255017e-06,-0.00043651076192680093,0,0.43534455098919395,,1e-24,599999,0.9992821376800554,0.9999999277731372,1905,True,0.09166303064029349,4000,True,0.09203008612096299,0.0,,,0.0,,,0.0,,,0.0,,,0.0,,,0.0,,
sine,0.01,3,128,2048,0.002,2e-05,core_N128_s3,7,600000,600000,600000,0,True,600000,0.0913241399123038,0.09104269563879869,0.0899189221952492,0.0014225421193562295,-0.00028144427350511314,0.42383170297467976,0.4238529106392736,0.4238531998120999,0.42383194117055656,0.9206866363432854,0.3587338134373992,0.0007284687812451275,0.0011460634506584419,0.012930316919750362,-0.013214224298878002,2.463105622545464e-06,-0.0002814442735050932,0,0.43856580792924993,,1e-24,599999,0.9992738694205062,0.9999999462323502,1887,True,0.09166421741805768,3960,True,0.09202854403252508,0.0,,,0.0,,,0.0,,,0.0,,,0.0,,,0.0,,
sine,0.1,3,128,2048,0.002,0.0002,core_N128_s3,7,600000,600000,600000,0,True,600000,0.0913241399123038,0.09254818551148049,0.09005118703177688,0.0014460653986168826,0.0012240455991766874,0.42370036820925855,0.42373507031280033,0.42373568829693753,0.4237006053071669,0.9205439753832154,0.3587338134373992,0.0007910995677601322,0.0014539628498767662,0.013490494204362971,-0.012268479413925408,2.0308087391215545e-06,0.0012240455991766853,0,0.4695820220155802,,1e-24,599999,0.9991911430405596,1.0000001233466749,1724,True,0.091679978910603,3604,True,0.09201004676766117,0.0,,,0.0,,,0.0,,,0.0,,,0.0,,,0.0,,
sine,1.0,3,128,2048,0.002,0.002,core_N128_s3,7,600000,600000,600000,0,True,600000,0.0913241399123038,0.13238910441140692,0.13013649124312543,0.002068579756428233,0.041064964499103115,0.3688567197577608,0.3716126072455254,0.3715986811820011,0.3688571867175242,0.8589030058365429,0.3587338134373992,0.002756107767978905,0.007625978721781644,0.043187885545981734,-0.0021239024723147606,9.814254361491544e-07,0.04106496449910313,0,1.4636539200151149,,1e-24,599999,0.9983617698817802,1.0000008010945962,932,True,0.09162651155009811,1918,True,0.09182704116723991,0.005649717514124294,,,0.0,,,0.0,,,0.0,,,0.0,,,0.0,,
sine,10.0,3,128,2048,0.002,0.02,core_N128_s3,7,600000,600000,600000,0,True,600000,0.0913241399123038,0.14300024604211073,0.142610280870654,0.00223437884440798,0.05167610612980693,0.33847069554423515,0.33848596258244484,0.33848581382845533,0.3384716784827634,0.8227656756121555,0.3587338134373992,6.973764216212498e-05,0.0005954673221630039,0.03713199368544576,0.014544025774337785,8.667002341154509e-08,0.05167610612980695,0,1.2813500454776239,,1e-24,599999,0.9900499386188039,0.9999981739673401,168,True,0.09146355431082992,343,True,0.09151152229629105,0.0,,,0.0,,,0.0,,,0.0,,,0.0,,,0.0,,
sine,100.0,3,128,2048,0.002,0.2,core_N128_s3,7,600000,600000,600000,0,True,600000,0.0913241399123038,0.12253324918100439,0.10116797482445485,0.0019145820184531936,0.03120910926870059,0.33672721104539316,0.3368331858767182,0.33683384845989517,0.33672818772446333,0.8206438785788429,0.3587338134373992,0.0001288377493935058,0.0014549883269438764,-0.004114848245957603,0.03532395600529962,1.5093585835376246e-09,0.031209109268700595,0,1.0258165223499782,,1e-24,599999,0.9069131965593527,1.0000009949595887,18,True,0.09133561801396997,36,True,0.09134042192006345,0.0,,,0.0,,,0.0,,,0.0,,,0.0,,,0.0,,
runge,0.0001,3,128,2048,0.002,2.0000000000000002e-07,core_N128_s3,7,600000,600000,600000,0,True,600000,0.0913241399123038,0.1366156389327022,0.10074061642698492,0.002134619358323472,0.045291499020398404,0.03775670216665425,0.03778260354225146,0.037782422819391114,0.03775672302096793,0.491068071613329,0.22331548442066615,0.0005573524083474202,0.002766451050774322,0.0032866776536509025,0.04200469131696199,1.3004978552091819e-07,0.04529149902039841,0,2.3040020788143067,166646,1e-24,599999,0.9982281480712054,0.9999987380641747,1040,True,0.0910151238487553,2985,True,0.09097798926851715,0.005649717514124294,,,0.0,,,0.0,,,0.0,,,0.0,,,0.0,,
runge,0.001,3,128,2048,0.002,2e-06,core_N128_s3,7,600000,600000,600000,0,True,600000,0.0913241399123038,0.1365167336463482,0.10074726271309457,0.0021330739632241906,0.0451925937340444,0.0377496399403186,0.037775518903970386,0.03777533846601965,0.03774966079726007,0.491022143438356,0.22331548442066615,0.0005545150844941595,0.0027596896179829964,0.0032388671334376102,0.041953585503166566,1.410974402559921e-07,0.04519259373404443,0,2.298990697588127,166475,1e-24,599999,0.998225645740754,0.9999987381412756,1039,True,0.09101550801780646,2982,True,0.09097841300955344,0.005649717514124294,,,0.0,,,0.0,,,0.0,,,0.0,,,0.0,,
runge,0.01,3,128,2048,0.002,2e-05,core_N128_s3,7,600000,600000,600000,0,True,600000,0.0913241399123038,0.13559482281602386,0.10132947308015965,0.002118669106500373,0.04427068290372006,0.03768306693819061,0.03770876069192403,0.037708582583241716,0.03768308781975459,0.4905889841710586,0.22331548442066615,0.0005280124430435271,0.002696633065060212,0.002811411523530724,0.04145914433388978,1.2704629957481036e-07,0.044270682903720084,0,2.256006069662204,164844,1e-24,599999,0.9982006205297713,0.9999987376737592,1029,True,0.09101931217574419,2954,True,0.09098263179396313,0.005649717514124294,,,0.0,,,0.0,,,0.0,,,0.0,,,0.0,,
runge,0.1,3,128,2048,0.002,0.0002,core_N128_s3,7,600000,600000,600000,0,True,600000,0.0913241399123038,0.12994447327390285,0.10152239515093793,0.002030382394904732,0.03862033336159905,0.037207967011402165,0.03723360534021748,0.03723344279994916,0.03720798802406479,0.48748655734601065,0.22331548442066615,0.00036609027997922786,0.0023518941064525115,0.0008832250106121276,0.037736916967565114,1.9138342181267764e-07,0.03862033336159906,0,2.0515200279696617,153158,1e-24,599999,0.9979502032121844,0.9999987688071965,938,True,0.09105296207761297,2698,True,0.09101941434319313,0.005649717514124294,,,0.0,,,0.0,,,0.0,,,0.0,,,0.0,,
runge,1.0,3,128,2048,0.002,0.002,core_N128_s3,7,600000,600000,600000,0,True,600000,0.0913241399123038,0.12324543625469754,0.08710479552418086,0.001925709941479649,0.03192129634239374,0.03427595803214367,0.03431020578527559,0.034309949720637216,0.03427597846412899,0.46788538711771777,0.22331548442066615,6.624296469401623e-05,0.0024918792229166663,0.0008246952263782658,0.03109658805928448,1.3056730986117571e-08,0.03192129634239373,0,1.6312032315186382,118080,1e-24,599999,0.9954395190042606,0.9999986907581665,506,True,0.09119444306302364,1454,True,0.09119232590737973,0.0,,,0.0,,,0.0,,,0.0,,,0.0,,,0.0,,
runge,10.0,3,128,2048,0.002,0.02,core_N128_s3,7,600000,600000,600000,0,True,600000,0.0913241399123038,0.11568288600702634,0.09322240561863773,0.0018075450938597865,0.024358746094722536,0.03282333135328183,0.032835414319963535,0.032835346570789,0.03282335244041987,0.45786349494107903,0.22331548442066615,2.7496511142745157e-05,0.0017971742472927391,-7.839050951806092e-05,0.02443713658511954,1.9121058916221908e-11,0.02435874609472253,0,1.3579096303762719,,1e-24,599999,0.9702923945678398,0.9999978692336667,91,True,0.09129788395978815,259,True,0.0912973391414125,0.0,,,0.0,,,0.0,,,0.0,,,0.0,,,0.0,,
runge,100.0,3,128,2048,0.002,0.2,core_N128_s3,7,600000,600000,600000,0,True,600000,0.0913241399123038,0.1038049179846475,0.09257088872180999,0.0016219518435101172,0.012480778072343698,0.03227536749493143,0.03229244409207456,0.03229248992722052,0.03227538800633614,0.45402554347841073,0.22331548442066615,2.2129719503161262e-05,0.0005942682981572468,-0.00010838679839945129,0.012589164870742782,3.532822354414092e-16,0.012480778072343683,0,1.0112157769494838,,1e-24,599999,0.7187911804334876,0.9999992438923824,10,True,0.09132119782115292,27,True,0.09132122386560451,0.0,,,0.0,,,0.0,,,0.0,,,0.0,,,0.0,,
moment3,0.0001,3,128,2048,0.002,2.0000000000000002e-07,core_N128_s3,7,600000,600000,600000,0,True,600000,0.0913241399123038,0.10522964966480368,0.05213673400022349,0.0016442132760125575,0.013905509752499878,0.09637639850111102,0.09698017320939757,0.09698407859636143,0.09637748991504591,0.31044674339433764,0.3992918930196105,0.0007004796578902633,0.012168762710837316,0.00797749328640937,0.005923105223899757,4.9112421907540885e-06,0.013905509752499889,0,2.6510555791865174,310667,1e-24,599999,0.9986413509530939,1.0000018347112685,1784,True,0.09481898948461075,4687,True,0.09528732790893066,0.022598870056497175,,,0.0,,,0.0,,,0.0,,,0.0,,,0.0,,
moment3,0.001,3,128,2048,0.002,2e-06,core_N128_s3,7,600000,600000,600000,0,True,600000,0.0913241399123038,0.105675283165792,0.05204820925750652,0.0016511762994655,0.0143511432534882,0.09556126481230853,0.09621570897087442,0.09622157239197737,0.09556234553216943,0.3091311028000693,0.3992918930196105,0.0007604313723056654,0.01243577614250126,0.008963112905356419,0.005382965671111354,5.0646770204421e-06,0.014351143253488215,0,2.6332767896829967,310170,1e-24,599999,0.998639449584163,1.000001865300986,1782,True,0.09481695824321483,4681,True,0.09528448884503775,0.022598870056497175,,,0.0,,,0.0,,,0.0,,,0.0,,,0.0,,
moment3,0.01,3,128,2048,0.002,2e-05,core_N128_s3,7,600000,600000,600000,0,True,600000,0.0913241399123038,0.11134550520585423,0.06251301590887699,0.0017397735188414724,0.020021365293550433,0.08688522780202512,0.08863917210679621,0.08875085256508353,0.08688597805415936,0.2947638022160147,0.3992918930196105,0.0006799638861579094,0.018898435581611958,0.019129060335521638,0.000888247087146116,4.05787088268274e-06,0.020021365293550437,0,2.517854362869989,305646,1e-24,599999,0.998620424065626,1.0000015243322504,1763,True,0.09479709171432411,4621,True,0.09525606163069004,0.022598870056497175,,,0.0,,,0.0,,,0.0,,,0.0,,,0.0,,
moment3,0.1,3,128,2048,0.002,0.0002,core_N128_s3,7,600000,600000,600000,0,True,600000,0.0913241399123038,0.1476521685639026,0.1339288597690608,0.002307065133810978,0.05632802865159879,0.040558477280692395,0.042218659547437504,0.0421904321733072,0.04055883475832639,0.20139191776129706,0.3992918930196105,0.0020585956299652695,0.019162266902076796,0.07827361033076403,-0.02194853954563272,2.9578664674499516e-06,0.05632802865159878,0,2.2328036489814487,277636,1e-24,599999,0.9983779015859857,1.0000004595649292,1596,True,0.0946152969351576,4106,True,0.09499781656647564,0.022598870056497175,,,0.0,,,0.0,,,0.0,,,0.0,,,0.0,,
moment3,1.0,3,128,2048,0.002,0.002,core_N128_s3,7,600000,600000,600000,0,True,600000,0.0913241399123038,0.1872403341251419,0.19110363761351765,0.0029256302207053423,0.0959161942128381,0.01230128784479212,0.012673370741200625,0.012670122571045828,0.01230155177353125,0.11091218273030126,0.3992918930196105,0.0008177600100822142,0.006280116265091774,0.14296439879061457,-0.04704874031216901,5.35734392524564e-07,0.09591619421283808,0,1.9546348242232354,176926,1e-24,599999,0.996472071715685,0.9999986078672605,845,True,0.09342043840267354,2010,True,0.09374424545021624,0.011299435028248588,,,0.0,,,0.0,,,0.0,,,0.0,,,0.0,,
moment3,10.0,3,128,2048,0.002,0.02,core_N128_s3,7,600000,600000,600000,0,True,600000,0.0913241399123038,0.16318533399890453,0.16886606355965184,0.0025497708437328833,0.07186119408660073,0.0009394489555940577,0.0009464316017894939,0.0009463569480603895,0.0009394789460435918,0.03065087159836652,0.3992918930196105,4.48360281966728e-05,0.003364622851835707,0.08128206123657049,-0.00942094086453497,7.37145651926508e-08,0.07186119408660072,0,1.7137175849442796,85348,1e-24,599999,0.9765962188437417,0.9999974312904343,154,True,0.09177371278460024,350,True,0.09185439428580988,0.011299435028248588,,,0.0,,,0.0,,,0.0,,,0.0,,,0.0,,
moment3,100.0,3,128,2048,0.002,0.2,core_N128_s3,7,600000,600000,600000,0,True,600000,0.0913241399123038,0.12201611573222189,0.11884552039488716,0.001906501808315967,0.030691975819918088,0.0007713839503035169,0.0007715153723807915,0.0007715153929636065,0.0007713976010743757,0.027774000871581606,0.3992918930196105,3.4681001057980386e-06,0.0010753527334337917,0.02655678560079274,0.00413517147043956,1.8748685783781646e-08,0.03069197581991808,0,1.4304808344344908,,1e-24,599999,0.7775851984218325,0.9999932547506982,16,True,0.09137212601804061,36,True,0.09138115541751425,0.005649717514124294,,,0.0,,,0.0,,,0.0,,,0.0,,,0.0,,
moment5,0.0001,3,128,2048,0.002,2.0000000000000002e-07,core_N128_s3,7,600000,600000,600000,0,True,600000,0.0913241399123038,0.09591641379460816,0.09236599812959491,0.0014986939655407525,0.004592273882304362,0.749995260156497,0.7499952751123808,0.749995275114582,0.7500044940618682,0.8660229632850358,0.39929189301961027,8.699464871507895e-06,2.1310006128851174e-05,0.0042809840198382845,0.00030986701773441053,1.4228447316750568e-06,0.00459227388230437,0,0.3714221196299573,,1e-24,599999,0.9986457126775339,0.9999992997018986,1733,True,0.09492285890836033,3641,True,0.09563491672951141,0.0,,,0.0,,,0.0,,,0.0,,,0.0,,,0.0,,
moment5,0.001,3,128,2048,0.002,2e-06,core_N128_s3,7,600000,600000,600000,0,True,600000,0.0913241399123038,0.09591264407427294,0.0923962809525226,0.0014986350636605147,0.00458850416196914,0.7499952621842312,0.7499952771282895,0.7499952771304863,0.7500044960850525,0.8660229644531116,0.39929189301961027,8.692645338331842e-06,2.130040224833543e-05,0.004277185815441754,0.00030981275301884717,1.5055935085431317e-06,0.004588504161969146,0,0.37134884633575244,,1e-24,599999,0.9986438164210293,0.999998347634276,1731,True,0.09492053270189622,3637,True,0.09563126453506345,0.0,,,0.0,,,0.0,,,0.0,,,0.0,,,0.0,,
moment5,0.01,3,128,2048,0.002,2e-05,core_N128_s3,7,600000,600000,600000,0,True,600000,0.0913241399123038,0.09587982095850203,0.09269474201904758,0.0014981222024765943,0.004555681046198232,0.7499952823097396,0.7499952971370454,0.7499952971392012,0.7500045161654217,0.8660229760464159,0.39929189301961027,8.625261567669042e-06,2.1205396372768288e-05,0.0042449632326642785,0.0003092611912265461,1.4566223074290722e-06,0.004555681046198254,0,0.370625134930744,,1e-24,599999,0.9986248418633846,0.9999985229251022,1713,True,0.0948987402242404,3597,True,0.09559748969004558,0.0,,,0.0,,,0.0,,,0.0,,,0.0,,,0.0,,
moment5,0.1,3,128,2048,0.002,0.0002,core_N128_s3,7,600000,600000,600000,0,True,600000,0.0913241399123038,0.09558858912241688,0.0929649241925126,0.0014935717050377638,0.004264449210113083,0.7499954691249052,0.7499954829191517,0.749995482920954,0.7500047025632733,0.8660230836623093,0.39929189301961027,8.023407358668088e-06,2.034871090259978e-05,0.003959629669749025,0.0003033625435871617,1.4569967769089084e-06,0.004264449210113098,0,0.36417936649383,,1e-24,599999,0.9984340403813683,0.999998894526906,1552,True,0.09470362009092499,3245,True,0.09531290596175833,0.0,,,0.0,,,0.0,,,0.0,,,0.0,,,0.0,,
moment5,1.0,3,128,2048,0.002,0.002,core_N128_s3,7,600000,600000,600000,0,True,600000,0.0913241399123038,0.09410160209097461,0.09421273540300981,0.0014703375326714783,0.0027774621786708087,0.749996478741081,0.7499964882033909,0.7499964882037444,0.7500057099519866,0.8660236652730539,0.39929189301961027,5.2388223824274906e-06,1.6276143826500136e-05,0.0025153824499308925,0.0002617285565571358,3.5117218278575976e-07,0.002777462178670814,0,0.3464762554323365,,1e-24,599999,0.9964812138869966,0.9999963655179319,826,True,0.09345914788577142,1711,True,0.0938782704572244,0.0,,,0.0,,,0.0,,,0.0,,,0.0,,,0.0,,
moment5,10.0,3,128,2048,0.002,0.02,core_N128_s3,7,600000,600000,600000,0,True,600000,0.0913241399123038,0.09204166673193502,0.09102481594544591,0.0014381510426864847,0.0007175268196312201,0.7499974024819471,0.7499974103288493,0.7499974103251968,0.7500066314892768,0.8660241973175743,0.39929189301961027,2.740492615653877e-06,1.2487676353896102e-05,0.0005049704845134345,0.00021254867559705894,7.659520740437571e-09,0.000717526819631234,0,0.3338897399264433,,1e-24,599999,0.9766417446124953,0.9999995721548655,151,True,0.09178023144984648,316,True,0.09187612912326594,0.0,,,0.0,,,0.0,,,0.0,,,0.0,,,0.0,,
moment5,100.0,3,128,2048,0.002,0.2,core_N128_s3,7,600000,600000,600000,0,True,600000,0.0913241399123038,0.09158636791009749,0.09028333976387502,0.0014310369985952732,0.0002622279977936848,0.7499969356257876,0.7499969494763532,0.7499969494808358,0.750006165301464,0.8660239281666281,0.39929189301961027,1.8988446489521998e-06,1.2320999905341042e-05,1.579910532325517e-05,0.0002464288924702373,1.983124924190335e-16,0.0002622279977936908,0,0.33015433932200816,,1e-24,599999,0.7779889226322122,0.9999994548173317,16,True,0.09137323093517423,33,True,0.09138342501827075,0.0,,,0.0,,,0.0,,,0.0,,,0.0,,,0.0,,
moment9,0.0001,3,128,2048,0.002,2.0000000000000002e-07,core_N128_s3,7,600000,600000,600000,0,True,600000,0.0913241399123038,0.09552170578670517,0.09196634940933875,0.0014925266529172683,0.004197565874401371,0.7500024015875225,0.7500024074353945,0.7500024074307143,0.7500502252215882,0.8660298140298717,0.39929189301961054,6.631388787393961e-06,1.2371519199084781e-05,0.004483428843631314,-0.00028728948928562746,1.4265200556742713e-06,0.004197565874401361,0,0.37141025853222465,,1e-24,599999,0.9986456991827587,0.9999968245245581,1733,True,0.09492202761621744,3644,True,0.0956332340044069,0.0,,,0.0,,,0.0,,,0.0,,,0.0,,,0.0,,
moment9,0.001,3,128,2048,0.002,2e-06,core_N128_s3,7,600000,600000,600000,0,True,600000,0.0913241399123038,0.09551825802759221,0.09199265490371916,0.0014924727816811284,0.004194118115288414,0.7500023993681866,0.7500024052104114,0.750002405205735,0.7500502229882666,0.8660298127405427,0.39929189301961054,6.62437973815366e-06,1.2364387238118887e-05,0.004479794675190506,-0.00028707615076721825,1.3995908651300343e-06,0.004194118115288417,0,0.3713370019440076,,1e-24,599999,0.9986438029128588,0.9999964629385335,1731,True,0.0949197029015697,3640,True,0.09562958580987868,0.0,,,0.0,,,0.0,,,0.0,,,0.0,,,0.0,,
moment9,0.01,3,128,2048,0.002,2e-05,core_N128_s3,7,600000,600000,600000,0,True,600000,0.0913241399123038,0.09548382226117558,0.09215794595144222,0.0014919347228308684,0.004159682348871777,0.7500023774790956,0.7500023832656226,0.7500023832609826,0.750050200960402,0.8660298000235358,0.39929189301961054,6.555232910117423e-06,1.2293854454261408e-05,0.004443184966197457,-0.0002849702396321594,1.4676223065036042e-06,0.004159682348871803,0,0.3706134554952495,,1e-24,599999,0.9986248282213834,0.9999966687756979,1713,True,0.0948979239362231,3599,True,0.09559566739710153,0.0,,,0.0,,,0.0,,,0.0,,,0.0,,,0.0,,
moment9,0.1,3,128,2048,0.002,0.0002,core_N128_s3,7,600000,600000,600000,0,True,600000,0.0913241399123038,0.09518816660852084,0.09283442066434251,0.001487315103258138,0.003864026696217035,0.7500021852583206,0.7500021905567154,0.7500021905523998,0.7500500074543932,0.8660296883096927,0.39929189301961054,5.946920238002053e-06,1.1659641933196393e-05,0.004129080345464338,-0.00026651693621481586,1.463286967531871e-06,0.0038640266962170554,0,0.3641691461277665,,1e-24,599999,0.9984340254559058,0.9999964183356448,1553,True,0.09470381362221911,3247,True,0.0953113065591105,0.0,,,0.0,,,0.0,,,0.0,,,0.0,,,0.0,,
moment9,1.0,3,128,2048,0.002,0.002,core_N128_s3,7,600000,600000,600000,0,True,600000,0.0913241399123038,0.0937932760369567,0.09432624639241025,0.0014655199380774484,0.002469136124652896,0.7500013747080438,0.7500013780756304,0.7500013780725817,0.7500491899841684,0.866029216372042,0.39929189301961054,3.3994982676239367e-06,8.666070606912752e-06,0.002652210084526364,-0.0001834051361032487,3.311762297733014e-07,0.002469136124652889,0,0.34148271652858747,,1e-24,599999,0.9964811887266939,0.9999974254156674,826,True,0.0934588451956426,1711,True,0.09387753638202732,0.0,,,0.0,,,0.0,,,0.0,,,0.0,,,0.0,,
moment9,10.0,3,128,2048,0.002,0.02,core_N128_s3,7,600000,600000,600000,0,True,600000,0.0913241399123038,0.09180347896284,0.09106346467834173,0.001434429358794375,0.0004793390505361955,0.7500007037632213,0.7500007064952174,0.7500007064899123,0.7500485117878564,0.8660288248390857,0.39929189301961054,1.5445130744770292e-06,5.2067083217789676e-06,0.0005904866593776495,-0.00011115536534019598,7.756498779789778e-09,0.0004793390505362336,0,0.3298319661206563,,1e-24,599999,0.976641638683199,0.9999990680322183,151,True,0.09178018628327858,316,True,0.09187602266289033,0.0,,,0.0,,,0.0,,,0.0,,,0.0,,,0.0,,
moment9,100.0,3,128,2048,0.002,0.2,core_N128_s3,7,600000,600000,600000,0,True,600000,0.0913241399123038,0.09133470303094422,0.09029139468328583,0.0014271047348585035,1.0563118640422031e-05,0.750000417348625,0.7500004182115945,0.750000418208149,0.7500482232508416,0.866028658262263,0.39929189301961054,1.0229571836237805e-06,1.7952665731682264e-06,8.46243098287478e-05,-7.406119118795964e-05,-3.7650146399259804e-16,1.0563118640411664e-05,0,0.3286382491446519,,1e-24,599999,0.7779880296837084,0.9999982797190327,16,True,0.09137322637880337,33,True,0.09138341442099898,0.0,,,0.0,,,0.0,,,0.0,,,0.0,,,0.0,,
