study,target,width,seed,kind,dt,model,offset,useful_horizon,integration_status,E0,M0,tau3,tau5,D3,B3,initial_force_slack,minimum_force_slack,median_force_slack,final_lambda_upper,final_error_floor,final_mass_ratio,actual_mass_ratio,maximum_actual_mass_over_bound,final_concentration_clock,average_sqrt_C6,maximum_clock_over_window_mean,clock_factor1_horizon,clock_factor2_horizon,clock_factor4_horizon,max_sampled_residual_over_initial,final_tracking_path,cubic_target_term_initial,cubic_generated_term_initial,cubic_remainder_initial
development,moment5,705.0,30.0,gd,0.002,generic,5000,16500.0,0,0.8660252492922434,6.072962137362314,1.5251761409605148e-16,0.866025403784438,0.17499462032760585,0.04070311391027527,35788.21575207419,35774.89112259529,35782.9012993612,,,,1.0000300075272286,1.0,303.0141909302907,1.5150709546514534,1.0000310958121765,0.0,100000.0,100000.0,1.0,2.265657919061652e-10,8.5837399927934145e-19,1.749019467583359e-05,0.0005906539752554222
development,moment5,705.0,30.0,gd,0.002,projected,5000,89500.0,1,0.8660252492922434,6.072962137362314,1.5251761409605148e-16,0.866025403784438,0.17499462032760585,0.04070311391027527,5733.186728564226,5731.135469823249,5732.368650358341,,,,1.0000300075272286,1.0,303.0141909302907,1.5150709546514534,1.0000310958121765,0.0,100000.0,100000.0,1.0,2.265657919061652e-10,8.5837399927934145e-19,1.749019467583359e-05,0.0005906539752554222
development,moment5,705.0,30.0,gd,0.002,target,5000,100000.0,0,0.8660252492922434,6.072962137362314,1.5251761409605148e-16,0.866025403784438,0.17499462032760585,0.04070311391027527,638.0262650726656,637.8739970120062,637.9655903939012,0.00038308166476544003,0.8621220796049585,1.1164806646191663,1.0000300075272286,1.0,303.0141909302907,1.5150709546514534,1.0000310958121765,0.0,100000.0,100000.0,1.0,2.265657919061652e-10,8.5837399927934145e-19,1.749019467583359e-05,0.0005906539752554222
development,moment5,705.0,30.0,gd,0.002,reference,5000,100000.0,0,0.8660252492922434,6.072962137362314,1.5251761409605148e-16,0.866025403784438,0.17499462032760585,0.04070311391027527,15.295709100875284,15.294130784504029,15.295081493877806,0.0003629789868833491,0.8629022907266615,1.0023778064720115,1.0000300075272286,1.0,303.0141909302907,1.5150709546514534,1.0000310958121765,0.0,100000.0,100000.0,1.0,2.265657919061652e-10,8.5837399927934145e-19,1.749019467583359e-05,0.0005906539752554222
development,moment5,705.0,30.0,effective,0.02,generic,5000,16500.0,0,0.8660252492921521,6.07296213734661,1.5251761409605148e-16,0.866025403784438,0.17499462032760585,0.04070311391027527,35788.215752794706,35774.891137452076,35782.90130567501,,,,1.0000300074754478,1.0000000000000002,303.0141909177337,1.5150709545886685,1.0000310957726177,0.0,100000.0,100000.0,1.0,0.0,8.583739992727801e-19,1.7490194675555875e-05,0.0005906539752450228
development,moment5,705.0,30.0,effective,0.02,projected,5000,89500.0,1,0.8660252492921521,6.07296213734661,1.5251761409605148e-16,0.866025403784438,0.17499462032760585,0.04070311391027527,5733.186728673541,5731.135472075014,5732.368651314825,,,,1.0000300074754478,1.0000000000000002,303.0141909177337,1.5150709545886685,1.0000310957726177,0.0,100000.0,100000.0,1.0,0.0,8.583739992727801e-19,1.7490194675555875e-05,0.0005906539752450228
development,moment5,705.0,30.0,effective,0.02,target,5000,100000.0,0,0.8660252492921521,6.07296213734661,1.5251761409605148e-16,0.866025403784438,0.17499462032760585,0.04070311391027527,638.0262650792532,637.8739971454426,637.9655904501307,0.000383081664723333,0.8621220796069767,1.1164806643766139,1.0000300074754478,1.0000000000000002,303.0141909177337,1.5150709545886685,1.0000310957726177,0.0,100000.0,100000.0,1.0,0.0,8.583739992727801e-19,1.7490194675555875e-05,0.0005906539752450228
development,moment5,705.0,30.0,effective,0.02,reference,5000,100000.0,0,0.8660252492921521,6.07296213734661,1.5251761409605148e-16,0.866025403784438,0.17499462032760585,0.04070311391027527,15.295709100845484,15.29413078373128,15.29508149352416,0.0003629789868493089,0.8629022907280612,1.0023778062865973,1.0000300074754478,1.0000000000000002,303.0141909177337,1.5150709545886685,1.0000310957726177,0.0,100000.0,100000.0,1.0,0.0,8.583739992727801e-19,1.7490194675555875e-05,0.0005906539752450228
development,mixed_sine,705.0,30.0,gd,0.002,generic,5000,16000.0,0,0.9125818199311656,6.044138126568324,0.42369889394169613,0.7239589869416317,0.17499462032760585,0.04070311391027527,112.42650052621336,112.42650052621336,116.68850601448023,,,,0.9895224028476601,1.0,290.90564516958466,1.4545282258479233,1.0,100000.0,100000.0,100000.0,1.0,1.5613638847695608e-05,0.002293479633382847,1.6365148348471846e-05,0.0005348592912019818
development,mixed_sine,705.0,30.0,gd,0.002,projected,5000,91500.0,1,0.9125818199311656,6.044138126568324,0.42369889394169613,0.7239589869416317,0.17499462032760585,0.04070311391027527,17.803094263174703,17.803094263174703,18.4392180644401,,,,0.9895224028476601,1.0,290.90564516958466,1.4545282258479233,1.0,100000.0,100000.0,100000.0,1.0,1.5613638847695608e-05,0.002293479633382847,1.6365148348471846e-05,0.0005348592912019818
development,mixed_sine,705.0,30.0,gd,0.002,target,5000,100000.0,0,0.9125818199311656,6.044138126568324,0.42369889394169613,0.7239589869416317,0.17499462032760585,0.04070311391027527,8.926854645070323,8.926854645070323,9.231969897729224,0.0004957612685527705,0.9013607449037517,1.8787969900332466,0.9895224028476601,1.0,290.90564516958466,1.4545282258479233,1.0,100000.0,100000.0,100000.0,1.0,1.5613638847695608e-05,0.002293479633382847,1.6365148348471846e-05,0.0005348592912019818
development,mixed_sine,705.0,30.0,gd,0.002,reference,5000,100000.0,0,0.9125818199311656,6.044138126568324,0.42369889394169613,0.7239589869416317,0.17499462032760585,0.04070311391027527,1.5897739976435972,1.5897739976435972,1.6080190601241229,0.00037639598383383907,0.9089431426591514,1.082990454043523,0.9895224028476601,1.0,290.90564516958466,1.4545282258479233,1.0,100000.0,100000.0,100000.0,1.0,1.5613638847695608e-05,0.002293479633382847,1.6365148348471846e-05,0.0005348592912019818
development,mixed_sine,705.0,30.0,effective,0.02,generic,5000,16000.0,0,0.9125817706800234,6.044136862360016,0.42369889394169613,0.7239589869416317,0.17499462032760585,0.04070311391027527,112.42655848747262,112.42655848747262,116.68903939936916,,,,0.9895190293123842,1.0,290.90495755560437,1.4545247877780219,1.0,100000.0,100000.0,100000.0,1.0,0.0,0.002293478304645526,1.6365128345820107e-05,0.0005348585798706795
development,mixed_sine,705.0,30.0,effective,0.02,projected,5000,91500.0,1,0.9125817706800234,6.044136862360016,0.42369889394169613,0.7239589869416317,0.17499462032760585,0.04070311391027527,17.803102229886466,17.803102229886466,18.43929251831315,,,,0.9895190293123842,1.0,290.90495755560437,1.4545247877780219,1.0,100000.0,100000.0,100000.0,1.0,0.0,0.002293478304645526,1.6365128345820107e-05,0.0005348585798706795
development,mixed_sine,705.0,30.0,effective,0.02,target,5000,100000.0,0,0.9125817706800234,6.044136862360016,0.42369889394169613,0.7239589869416317,0.17499462032760585,0.04070311391027527,8.926858680118814,8.926858680118814,9.232004094438281,0.0004957557693390761,0.9013613029370348,1.8787557022566008,0.9895190293123842,1.0,290.90495755560437,1.4545247877780219,1.0,100000.0,100000.0,100000.0,1.0,0.0,0.002293478304645526,1.6365128345820107e-05,0.0005348585798706795
development,mixed_sine,705.0,30.0,effective,0.02,reference,5000,100000.0,0,0.9125817706800234,6.044136862360016,0.42369889394169613,0.7239589869416317,0.17499462032760585,0.04070311391027527,1.5897741345231287,1.5897741345231287,1.608020187807828,0.00037639338251968676,0.9089432546968194,1.0829757112804697,0.9895190293123842,1.0,290.90495755560437,1.4545247877780219,1.0,100000.0,100000.0,100000.0,1.0,0.0,0.002293478304645526,1.6365128345820107e-05,0.0005348585798706795
development,gauss_left,705.0,30.0,gd,0.002,generic,5000,17500.0,0,0.7888820806283761,6.094156170905571,0.5919042096636233,0.6931855907967374,0.17499462032760585,0.04070311391027527,24.740142028815136,18.978044337155396,22.43623073306989,,,,1.0996943452884576,1.0,360.1672657578772,1.800836328789386,1.1775105875181087,0.0,100000.0,100000.0,1.0,0.000498400116624656,0.0033920855762254675,1.816519476882704e-05,0.0005569196684488324
development,gauss_left,705.0,30.0,gd,0.002,projected,5000,79000.0,1,0.7888820806283761,6.094156170905571,0.5919042096636233,0.6931855907967374,0.17499462032760585,0.04070311391027527,3.970391647165303,3.616328761643155,3.7587669072912684,,,,1.0996943452884576,1.0,360.1672657578772,1.800836328789386,1.1775105875181087,0.0,100000.0,100000.0,1.0,0.000498400116624656,0.0033920855762254675,1.816519476882704e-05,0.0005569196684488324
development,gauss_left,705.0,30.0,gd,0.002,target,5000,90000.0,1,0.7888820806283761,6.094156170905571,0.5919042096636233,0.6931855907967374,0.17499462032760585,0.04070311391027527,3.0599271831360912,2.839305034921049,2.9406451215074583,,,,1.0996943452884576,1.0,360.1672657578772,1.800836328789386,1.1775105875181087,0.0,100000.0,100000.0,1.0,0.000498400116624656,0.0033920855762254675,1.816519476882704e-05,0.0005569196684488324
development,gauss_left,705.0,30.0,gd,0.002,reference,5000,100000.0,0,0.7888820806283761,6.094156170905571,0.5919042096636233,0.6931855907967374,0.17499462032760585,0.04070311391027527,1.2614781828585646,1.2614781828585646,1.2773841942405242,0.0004602016188147424,0.7772237762586899,1.60565321137985,1.0996943452884576,1.0,360.1672657578772,1.800836328789386,1.1775105875181087,0.0,100000.0,100000.0,1.0,0.000498400116624656,0.0033920855762254675,1.816519476882704e-05,0.0005569196684488324
development,gauss_left,705.0,30.0,effective,0.02,generic,5000,17500.0,0,0.7888818774228433,6.094143964924955,0.5919042096636233,0.6931855907967374,0.17499462032760585,0.04070311391027527,24.740197737451197,18.97947876281528,22.436969339344056,,,,1.0995773317384199,0.9999999999999999,360.118731185415,1.800593655927075,1.177353771202066,0.0,100000.0,100000.0,1.0,0.0,0.003392064467215086,1.8164960397317552e-05,0.0005569116188039172
development,gauss_left,705.0,30.0,effective,0.02,projected,5000,79000.0,1,0.7888818774228433,6.094143964924955,0.5919042096636233,0.6931855907967374,0.17499462032760585,0.04070311391027527,3.9703971154440807,3.6163490424663993,3.7588190757231748,,,,1.0995773317384199,0.9999999999999999,360.118731185415,1.800593655927075,1.177353771202066,0.0,100000.0,100000.0,1.0,0.0,0.003392064467215086,1.8164960397317552e-05,0.0005569116188039172
development,gauss_left,705.0,30.0,effective,0.02,target,5000,90000.0,1,0.7888818774228433,6.094143964924955,0.5919042096636233,0.6931855907967374,0.17499462032760585,0.04070311391027527,3.0599315342107625,2.8393125941084874,2.9404136140900716,,,,1.0995773317384199,0.9999999999999999,360.118731185415,1.800593655927075,1.177353771202066,0.0,100000.0,100000.0,1.0,0.0,0.003392064467215086,1.8164960397317552e-05,0.0005569116188039172
development,gauss_left,705.0,30.0,effective,0.02,reference,5000,100000.0,0,0.7888818774228433,6.094143964924955,0.5919042096636233,0.6931855907967374,0.17499462032760585,0.04070311391027527,1.2614767447886728,1.2614767447886728,1.2773631415693065,0.0004600518467308449,0.7772459002898008,1.6046114793644437,1.0995773317384199,0.9999999999999999,360.118731185415,1.800593655927075,1.177353771202066,0.0,100000.0,100000.0,1.0,0.0,0.003392064467215086,1.8164960397317552e-05,0.0005569116188039172
development,bump_right,705.0,30.0,gd,0.002,generic,5000,16500.0,0,0.8813963256695417,5.974231865496965,0.506051291594874,0.6300983409598897,0.17499462032760585,0.04070311391027527,34.34396015569606,25.616688691222652,31.08683627970167,,,,1.0563831003384037,1.0,336.81917038175675,1.6840958519087836,1.1286346574237176,0.0,100000.0,100000.0,1.0,0.00027732736059071523,0.002743485946097673,1.609220570672538e-05,0.0005748394361073988
development,bump_right,705.0,30.0,gd,0.002,projected,5000,77500.0,1,0.8813963256695417,5.974231865496965,0.506051291594874,0.6300983409598897,0.17499462032760585,0.04070311391027527,5.497483516422678,4.8587018468106935,5.116256195234715,,,,1.0563831003384037,1.0,336.81917038175675,1.6840958519087836,1.1286346574237176,0.0,100000.0,100000.0,1.0,0.00027732736059071523,0.002743485946097673,1.609220570672538e-05,0.0005748394361073988
development,bump_right,705.0,30.0,gd,0.002,target,5000,100000.0,0,0.8813963256695417,5.974231865496965,0.506051291594874,0.6300983409598897,0.17499462032760585,0.04070311391027527,3.2706718910490142,2.9839751174097406,3.0862586508472107,0.0007938676640956016,0.7598218775027319,4.8739738952433775,1.0563831003384037,1.0,336.81917038175675,1.6840958519087836,1.1286346574237176,0.0,100000.0,100000.0,1.0,0.00027732736059071523,0.002743485946097673,1.609220570672538e-05,0.0005748394361073988
development,bump_right,705.0,30.0,gd,0.002,reference,5000,100000.0,0,0.8813963256695417,5.974231865496965,0.506051291594874,0.6300983409598897,0.17499462032760585,0.04070311391027527,1.2201641822158453,1.2201641822158453,1.2367132798413705,0.0004199809659723078,0.8745079381196393,1.3640999401464187,1.0563831003384037,1.0,336.81917038175675,1.6840958519087836,1.1286346574237176,0.0,100000.0,100000.0,1.0,0.00027732736059071523,0.002743485946097673,1.609220570672538e-05,0.0005748394361073988
development,bump_right,705.0,30.0,effective,0.02,generic,5000,16500.0,0,0.881396255626758,5.974226198412591,0.506051291594874,0.6300983409598897,0.17499462032760585,0.04070311391027527,34.344024221112136,25.618745657573204,31.0876601218123,,,,1.0563332835129022,1.0,336.79633133057564,1.6839816566528782,1.1285590772072707,0.0,100000.0,100000.0,1.0,0.0,0.0027434773420566493,1.60921040838658e-05,0.0005748346936942891
development,bump_right,705.0,30.0,effective,0.02,projected,5000,77500.0,1,0.881396255626758,5.974226198412591,0.506051291594874,0.6300983409598897,0.17499462032760585,0.04070311391027527,5.497490799510611,4.858742246964397,5.116339399435736,,,,1.0563332835129022,1.0,336.79633133057564,1.6839816566528782,1.1285590772072707,0.0,100000.0,100000.0,1.0,0.0,0.0027434773420566493,1.60921040838658e-05,0.0005748346936942891
development,bump_right,705.0,30.0,effective,0.02,target,5000,100000.0,0,0.881396255626758,5.974226198412591,0.506051291594874,0.6300983409598897,0.17499462032760585,0.04070311391027527,3.270675915616295,2.9839931556277755,3.086074711642765,0.0007929767708563007,0.7604953136723982,4.863045315889611,1.0563332835129022,1.0,336.79633133057564,1.6839816566528782,1.1285590772072707,0.0,100000.0,100000.0,1.0,0.0,0.0027434773420566493,1.60921040838658e-05,0.0005748346936942891
development,bump_right,705.0,30.0,effective,0.02,reference,5000,100000.0,0,0.881396255626758,5.974226198412591,0.506051291594874,0.6300983409598897,0.17499462032760585,0.04070311391027527,1.2201636494702914,1.2201636494702914,1.2367040388899002,0.0004199169840923988,0.8745137595125181,1.3636856385525065,1.0563332835129022,1.0,336.79633133057564,1.6839816566528782,1.1285590772072707,0.0,100000.0,100000.0,1.0,0.0,0.0027434773420566493,1.60921040838658e-05,0.0005748346936942891
development,step_right,705.0,30.0,gd,0.002,generic,5000,20500.0,0,0.4918438200439535,6.809939901531793,0.3568726632619385,0.43222705988280125,0.17499462032760585,0.04070311391027527,16.31207013591536,14.681188528428885,15.452532214404105,,,,1.100878227327806,1.0,447.7372448114455,2.2386862240572274,1.2619462275949425,0.0,100000.0,100000.0,1.0,0.0007186328164631021,0.0028066057471345853,3.536693562727583e-05,0.0006767456363987339
development,step_right,705.0,30.0,gd,0.002,projected,5000,80500.0,1,0.4918438200439535,6.809939901531793,0.3568726632619385,0.43222705988280125,0.17499462032760585,0.04070311391027527,2.738482322239299,2.7150458562331554,2.735813792451237,,,,1.100878227327806,1.0,447.7372448114455,2.2386862240572274,1.2619462275949425,0.0,100000.0,100000.0,1.0,0.0007186328164631021,0.0028066057471345853,3.536693562727583e-05,0.0006767456363987339
development,step_right,705.0,30.0,gd,0.002,target,5000,90000.0,1,0.4918438200439535,6.809939901531793,0.3568726632619385,0.43222705988280125,0.17499462032760585,0.04070311391027527,2.0861711720243177,2.080596458526416,2.1015738325177304,,,,1.100878227327806,1.0,447.7372448114455,2.2386862240572274,1.2619462275949425,0.0,100000.0,100000.0,1.0,0.0007186328164631021,0.0028066057471345853,3.536693562727583e-05,0.0006767456363987339
development,step_right,705.0,30.0,gd,0.002,reference,5000,100000.0,0,0.4918438200439535,6.809939901531793,0.3568726632619385,0.43222705988280125,0.17499462032760585,0.04070311391027527,1.2447767849515696,1.2447767849515696,1.2901976637277555,0.0005307554340131497,0.46181735122610523,1.9112375392385166,1.100878227327806,1.0,447.7372448114455,2.2386862240572274,1.2619462275949425,0.0,100000.0,100000.0,1.0,0.0007186328164631021,0.0028066057471345853,3.536693562727583e-05,0.0006767456363987339
development,step_right,705.0,30.0,effective,0.02,generic,5000,20500.0,0,0.4918435176770487,6.809893082049294,0.3568726632619385,0.43222705988280125,0.17499462032760585,0.04070311391027527,16.312058120207407,14.680467400379303,15.452487396646076,,,,1.1005802048751028,1.0000000000000002,447.65073727103544,2.2382536863551774,1.2617068282824755,0.0,100000.0,100000.0,1.0,0.0,0.0028065569536546856,3.5365585946503866e-05,0.0006767232953510862
development,step_right,705.0,30.0,effective,0.02,projected,5000,80500.0,1,0.4918435176770487,6.809893082049294,0.3568726632619385,0.43222705988280125,0.17499462032760585,0.04070311391027527,2.738474183240496,2.714986141311818,2.7358032003257713,,,,1.1005802048751028,1.0000000000000002,447.65073727103544,2.2382536863551774,1.2617068282824755,0.0,100000.0,100000.0,1.0,0.0,0.0028065569536546856,3.5365585946503866e-05,0.0006767232953510862
development,step_right,705.0,30.0,effective,0.02,target,5000,90000.0,1,0.4918435176770487,6.809893082049294,0.3568726632619385,0.43222705988280125,0.17499462032760585,0.04070311391027527,2.086164619161076,2.0805660873239895,2.101476547779346,,,,1.1005802048751028,1.0000000000000002,447.65073727103544,2.2382536863551774,1.2617068282824755,0.0,100000.0,100000.0,1.0,0.0,0.0028065569536546856,3.5365585946503866e-05,0.0006767232953510862
development,step_right,705.0,30.0,effective,0.02,reference,5000,100000.0,0,0.4918435176770487,6.809893082049294,0.3568726632619385,0.43222705988280125,0.17499462032760585,0.04070311391027527,1.2447744104667908,1.2447744104667908,1.2901632683134285,0.0005304797752469332,0.4619099810699493,1.9092659001505285,1.1005802048751028,1.0000000000000002,447.65073727103544,2.2382536863551774,1.2617068282824755,0.0,100000.0,100000.0,1.0,0.0,0.0028065569536546856,3.5365585946503866e-05,0.0006767232953510862
development,kink_abs,705.0,30.0,gd,0.002,generic,5000,32000.0,0,0.4283967121625494,6.138494284683415,0.41809614070420337,0.4258904171232181,0.17499462032760585,0.04070311391027527,12.971013149836041,11.910957921531576,12.909501929347062,,,,1.0340489816869276,1.0,313.2124108697577,1.5660620543487886,1.0260079231866184,53000.0,100000.0,100000.0,1.0,0.00027479836995609807,0.0024062352319078363,1.841991840570091e-05,0.0003005287262677987
development,kink_abs,705.0,30.0,gd,0.002,projected,5000,100000.0,0,0.4283967121625494,6.138494284683415,0.41809614070420337,0.4258904171232181,0.17499462032760585,0.04070311391027527,2.079238539326061,1.9832443532657582,2.0682266221107586,0.0005063257117186606,0.41434713504441306,1.9295994003117365,1.0340489816869276,1.0,313.2124108697577,1.5660620543487886,1.0260079231866184,53000.0,100000.0,100000.0,1.0,0.00027479836995609807,0.0024062352319078363,1.841991840570091e-05,0.0003005287262677987
development,kink_abs,705.0,30.0,gd,0.002,target,5000,100000.0,0,0.4283967121625494,6.138494284683415,0.41809614070420337,0.4258904171232181,0.17499462032760585,0.04070311391027527,2.0485224461866456,1.9570477423574195,2.037807255046054,0.0005042676771818353,0.41458502971742545,1.9139450047621325,1.0340489816869276,1.0,313.2124108697577,1.5660620543487886,1.0260079231866184,53000.0,100000.0,100000.0,1.0,0.00027479836995609807,0.0024062352319078363,1.841991840570091e-05,0.0003005287262677987
development,kink_abs,705.0,30.0,gd,0.002,reference,5000,100000.0,0,0.4283967121625494,6.138494284683415,0.41809614070420337,0.4258904171232181,0.17499462032760585,0.04070311391027527,1.1570319541922327,1.1567325458632471,1.1593952598762303,0.00042513690125310383,0.42155847417988496,1.360394280094462,1.0340489816869276,1.0,313.2124108697577,1.5660620543487886,1.0260079231866184,53000.0,100000.0,100000.0,1.0,0.00027479836995609807,0.0024062352319078363,1.841991840570091e-05,0.0003005287262677987
development,kink_abs,705.0,30.0,effective,0.02,generic,5000,32000.0,0,0.4283966084068543,6.138482421890309,0.41809614070420337,0.4258904171232181,0.17499462032760585,0.04070311391027527,12.971028325648147,11.912036399976031,12.909794827924175,,,,1.0339926327599454,1.0,313.19897327076404,1.5659948663538201,1.0259651684210915,53000.0,100000.0,100000.0,1.0,0.0,0.00240622235036573,1.8419711114914083e-05,0.00030052507366582154
development,kink_abs,705.0,30.0,effective,0.02,projected,5000,100000.0,0,0.4283966084068543,6.138482421890309,0.41809614070420337,0.4258904171232181,0.17499462032760585,0.04070311391027527,2.0792394904057434,1.9833353331645378,2.0682597278932744,0.0005062351264605098,0.4143590653437636,1.9289127517302742,1.0339926327599454,1.0,313.19897327076404,1.5659948663538201,1.0259651684210915,53000.0,100000.0,100000.0,1.0,0.0,0.00240622235036573,1.8419711114914083e-05,0.00030052507366582154
development,kink_abs,705.0,30.0,effective,0.02,target,5000,100000.0,0,0.4283966084068543,6.138482421890309,0.41809614070420337,0.4258904171232181,0.17499462032760585,0.04070311391027527,2.0485237210620535,1.9571336905346417,2.0378393089844025,0.0005041772476365055,0.4145967716288528,1.913262314123641,1.0339926327599454,1.0,313.19897327076404,1.5659948663538201,1.0259651684210915,53000.0,100000.0,100000.0,1.0,0.0,0.00240622235036573,1.8419711114914083e-05,0.00030052507366582154
development,kink_abs,705.0,30.0,effective,0.02,reference,5000,100000.0,0,0.4283966084068543,6.138482421890309,0.41809614070420337,0.4258904171232181,0.17499462032760585,0.04070311391027527,1.1570318571181488,1.156732465864089,1.1593954296880815,0.00042507841979475507,0.42156289565513644,1.3600226648320388,1.0339926327599454,1.0,313.19897327076404,1.5659948663538201,1.0259651684210915,53000.0,100000.0,100000.0,1.0,0.0,0.00240622235036573,1.8419711114914083e-05,0.00030052507366582154
panel30,sine,705.0,30.0,gd,0.002,generic,5000,23500.0,0,0.6512274645624547,5.917847591795603,0.26109296046048835,0.6142669117567388,0.17499462032760585,0.04070311391027527,138.4905819326811,138.4905819326811,141.10978326052063,,,,0.9950428126289894,1.0000000000000002,284.4096992594352,1.4220484962971758,1.0,100000.0,100000.0,100000.0,1.0,4.253822498816747e-06,0.0013318507633216714,1.4444046083690193e-05,0.0003343784249886862
panel30,sine,705.0,30.0,gd,0.002,projected,5000,100000.0,0,0.6512274645624547,5.917847591795603,0.26109296046048835,0.6142669117567388,0.17499462032760585,0.04070311391027527,21.779675968630553,21.779675968630553,22.1720983690911,0.0005872653584422572,0.8891609595957785,2.6926136210196523,0.9950428126289894,1.0000000000000002,284.4096992594352,1.4220484962971758,1.0,100000.0,100000.0,100000.0,1.0,4.253822498816747e-06,0.0013318507633216714,1.4444046083690193e-05,0.0003343784249886862
panel30,sine,705.0,30.0,gd,0.002,target,5000,100000.0,0,0.6512274645624547,5.917847591795603,0.26109296046048835,0.6142669117567388,0.17499462032760585,0.04070311391027527,9.938308947828324,9.938308947828324,10.106441653586998,0.0004226769942065641,0.9129510867829533,1.3948338944048173,0.9950428126289894,1.0000000000000002,284.4096992594352,1.4220484962971758,1.0,100000.0,100000.0,100000.0,1.0,4.253822498816747e-06,0.0013318507633216714,1.4444046083690193e-05,0.0003343784249886862
panel30,sine,705.0,30.0,gd,0.002,reference,5000,100000.0,0,0.6512274645624547,5.917847591795603,0.26109296046048835,0.6142669117567388,0.17499462032760585,0.04070311391027527,1.6104605487512975,1.6104605487512975,1.62041582732056,0.00036597079708938887,0.9165115177396999,1.0456783956357407,0.9950428126289894,1.0000000000000002,284.4096992594352,1.4220484962971758,1.0,100000.0,100000.0,100000.0,1.0,4.253822498816747e-06,0.0013318507633216714,1.4444046083690193e-05,0.0003343784249886862
panel30,runge,705.0,30.0,gd,0.002,generic,5000,53000.0,0,0.2846425321534697,5.836504150514896,0.20978993408293667,0.25354805049270845,0.17499462032760585,0.04070311391027527,16.196111677875113,15.289306842733378,15.904661660321509,,,,1.0203527667237793,1.0,292.26934033185125,1.4613467016592563,1.0286349821515148,0.0,100000.0,100000.0,1.0,9.731144451499053e-06,0.0010439674440182766,1.3608429223723166e-05,0.00014335886315351134
panel30,runge,705.0,30.0,gd,0.002,projected,5000,100000.0,0,0.2846425321534697,5.836504150514896,0.20978993408293667,0.25354805049270845,0.17499462032760585,0.04070311391027527,2.548354765376991,2.463047119034832,2.51802713704794,0.0004166663425139572,0.7058529709103208,1.3743365284805402,1.0203527667237793,1.0,292.26934033185125,1.4613467016592563,1.0286349821515148,0.0,100000.0,100000.0,1.0,9.731144451499053e-06,0.0010439674440182766,1.3608429223723166e-05,0.00014335886315351134
panel30,runge,705.0,30.0,gd,0.002,target,5000,100000.0,0,0.2846425321534697,5.836504150514896,0.20978993408293667,0.25354805049270845,0.17499462032760585,0.04070311391027527,1.9425676823385167,1.8904074149378118,1.922880260799464,0.00039949469254408937,0.7080948948496677,1.2633924485073635,1.0203527667237793,1.0,292.26934033185125,1.4613467016592563,1.0286349821515148,0.0,100000.0,100000.0,1.0,9.731144451499053e-06,0.0010439674440182766,1.3608429223723166e-05,0.00014335886315351134
panel30,runge,705.0,30.0,gd,0.002,reference,5000,100000.0,0,0.2846425321534697,5.836504150514896,0.20978993408293667,0.25354805049270845,0.17499462032760585,0.04070311391027527,1.1692195171223747,1.1692195171223747,1.1700129216017014,0.00038003587008387434,0.7102860918666033,1.143313755676209,1.0203527667237793,1.0,292.26934033185125,1.4613467016592563,1.0286349821515148,0.0,100000.0,100000.0,1.0,9.731144451499053e-06,0.0010439674440182766,1.3608429223723166e-05,0.00014335886315351134
panel30,moment3,705.0,30.0,gd,0.002,generic,5000,16500.0,0,0.8662490965685868,6.039375082082824,0.866025403784438,0.866025403784438,0.17499462032760585,0.04070311391027527,56.63446555770595,56.63446555770595,60.785746097276395,,,,0.9859819634732012,0.9999999999999999,294.85168677383143,1.4742584338691571,1.0,100000.0,100000.0,100000.0,1.0,4.8991752322364324e-05,0.004778602115279408,1.6810067154076984e-05,0.0005614141714325714
panel30,moment3,705.0,30.0,gd,0.002,projected,5000,94000.0,1,0.8662490965685868,6.039375082082824,0.866025403784438,0.866025403784438,0.17499462032760585,0.04070311391027527,9.04252659531168,9.04252659531168,9.667614670430082,,,,0.9859819634732012,0.9999999999999999,294.85168677383143,1.4742584338691571,1.0,100000.0,100000.0,100000.0,1.0,4.8991752322364324e-05,0.004778602115279408,1.6810067154076984e-05,0.0005614141714325714
panel30,moment3,705.0,30.0,gd,0.002,target,5000,94000.0,1,0.8662490965685868,6.039375082082824,0.866025403784438,0.866025403784438,0.17499462032760585,0.04070311391027527,9.04252659531168,9.04252659531168,9.667614670430082,,,,0.9859819634732012,0.9999999999999999,294.85168677383143,1.4742584338691571,1.0,100000.0,100000.0,100000.0,1.0,4.8991752322364324e-05,0.004778602115279408,1.6810067154076984e-05,0.0005614141714325714
panel30,moment3,705.0,30.0,gd,0.002,reference,5000,100000.0,0,0.8662490965685868,6.039375082082824,0.866025403784438,0.866025403784438,0.17499462032760585,0.04070311391027527,1.60346056798867,1.60346056798867,1.640566502069675,0.00039080130291625694,0.8619107073055883,1.168393280806589,0.9859819634732012,0.9999999999999999,294.85168677383143,1.4742584338691571,1.0,100000.0,100000.0,100000.0,1.0,4.8991752322364324e-05,0.004778602115279408,1.6810067154076984e-05,0.0005614141714325714
panel30,moment9,705.0,30.0,gd,0.002,generic,5000,16500.0,0,0.8660254485996008,6.072903842633773,1.6684036150605693e-16,2.569031175009756e-16,0.17499462032760585,0.04070311391027527,70134.38690329582,70134.38690329582,70194.60061499408,,,,0.9999913745723537,1.0000000000000002,302.99413581324393,1.5149706790662196,1.0,100000.0,100000.0,100000.0,1.0,1.2328893896181102e-10,9.389486800863463e-19,1.7488934512382635e-05,0.0005905955245293889
panel30,moment9,705.0,30.0,gd,0.002,projected,5000,89500.0,1,0.8660254485996008,6.072903842633773,1.6684036150605693e-16,2.569031175009756e-16,0.17499462032760585,0.04070311391027527,11235.2851267639,11235.2851267639,11244.873836102619,,,,0.9999913745723537,1.0000000000000002,302.99413581324393,1.5149706790662196,1.0,100000.0,100000.0,100000.0,1.0,1.2328893896181102e-10,9.389486800863463e-19,1.7488934512382635e-05,0.0005905955245293889
panel30,moment9,705.0,30.0,gd,0.002,target,5000,100000.0,0,0.8660254485996008,6.072903842633773,1.6684036150605693e-16,2.569031175009756e-16,0.17499462032760585,0.04070311391027527,65.2482498193474,65.2482498193474,65.30009811002749,0.0003634889020760746,0.8628843781644652,1.0052057271298083,0.9999913745723537,1.0000000000000002,302.99413581324393,1.5149706790662196,1.0,100000.0,100000.0,100000.0,1.0,1.2328893896181102e-10,9.389486800863463e-19,1.7488934512382635e-05,0.0005905955245293889
panel30,moment9,705.0,30.0,gd,0.002,reference,5000,100000.0,0,0.8660254485996008,6.072903842633773,1.6684036150605693e-16,2.569031175009756e-16,0.17499462032760585,0.04070311391027527,27.40554188592814,27.40554188592814,27.425061252172224,0.00036294007638930327,0.8629039205697473,1.0021725328164317,0.9999913745723537,1.0000000000000002,302.99413581324393,1.5149706790662196,1.0,100000.0,100000.0,100000.0,1.0,1.2328893896181102e-10,9.389486800863463e-19,1.7488934512382635e-05,0.0005905955245293889
panel30,localized_sine,705.0,30.0,gd,0.002,generic,5000,16000.0,0,0.9982592834484358,5.816252824402737,0.3796489291252578,0.6932475256733557,0.17499462032760585,0.04070311391027527,158.79371247421372,153.2059356912444,156.9641656154696,,,,1.0032102193631707,1.0000000000000002,281.93670366709364,1.4096835183354681,1.0040382875673022,0.0,100000.0,100000.0,1.0,4.038717517597701e-06,0.0018561819332598276,1.3156738960930477e-05,0.0004757926651171211
panel30,localized_sine,705.0,30.0,gd,0.002,projected,5000,91500.0,1,0.9982592834484358,5.816252824402737,0.3796489291252578,0.6932475256733557,0.17499462032760585,0.04070311391027527,24.90065701486108,24.083527000161812,24.633687404193264,,,,1.0032102193631707,1.0000000000000002,281.93670366709364,1.4096835183354681,1.0040382875673022,0.0,100000.0,100000.0,1.0,4.038717517597701e-06,0.0018561819332598276,1.3156738960930477e-05,0.0004757926651171211
panel30,localized_sine,705.0,30.0,gd,0.002,target,5000,100000.0,0,0.9982592834484358,5.816252824402737,0.3796489291252578,0.6932475256733557,0.17499462032760585,0.04070311391027527,10.266121101053086,9.94931132895847,10.16281170918314,0.0004524935808572308,0.9908549539789492,1.6264870747543667,1.0032102193631707,1.0000000000000002,281.93670366709364,1.4096835183354681,1.0040382875673022,0.0,100000.0,100000.0,1.0,4.038717517597701e-06,0.0018561819332598276,1.3156738960930477e-05,0.0004757926651171211
panel30,localized_sine,705.0,30.0,gd,0.002,reference,5000,100000.0,0,0.9982592834484358,5.816252824402737,0.3796489291252578,0.6932475256733557,0.17499462032760585,0.04070311391027527,1.6480786623419932,1.62652401189747,1.6411047200520241,0.0003659031433761354,0.9951999995646947,1.0635503430193773,1.0032102193631707,1.0000000000000002,281.93670366709364,1.4096835183354681,1.0040382875673022,0.0,100000.0,100000.0,1.0,4.038717517597701e-06,0.0018561819332598276,1.3156738960930477e-05,0.0004757926651171211
panel30,chirp,705.0,30.0,gd,0.002,generic,5000,16500.0,0,0.9600905247558558,5.905505049567274,0.1656452584970924,0.30758283134463016,0.17499462032760585,0.04070311391027527,93.3072666767647,93.3072666767647,94.34197236292732,,,,1.0010912509332386,1.0,285.39823558729347,1.4269911779364675,1.0,100000.0,100000.0,100000.0,1.0,1.036707482432202e-05,0.0008421846515801003,1.433209200747517e-05,0.0004901096310126044
panel30,chirp,705.0,30.0,gd,0.002,projected,5000,92000.0,1,0.9600905247558558,5.905505049567274,0.1656452584970924,0.30758283134463016,0.17499462032760585,0.04070311391027527,14.670565460642049,14.670565460642049,14.828085870998507,,,,1.0010912509332386,1.0,285.39823558729347,1.4269911779364675,1.0,100000.0,100000.0,100000.0,1.0,1.036707482432202e-05,0.0008421846515801003,1.433209200747517e-05,0.0004901096310126044
panel30,chirp,705.0,30.0,gd,0.002,target,5000,100000.0,0,0.9600905247558558,5.905505049567274,0.1656452584970924,0.30758283134463016,0.17499462032760585,0.04070311391027527,2.7931290157737734,2.7931290157737734,2.822180447373466,0.00039281080083550127,0.9559009617595071,1.207198935872386,1.0010912509332386,1.0,285.39823558729347,1.4269911779364675,1.0,100000.0,100000.0,100000.0,1.0,1.036707482432202e-05,0.0008421846515801003,1.433209200747517e-05,0.0004901096310126044
panel30,chirp,705.0,30.0,gd,0.002,reference,5000,100000.0,0,0.9600905247558558,5.905505049567274,0.1656452584970924,0.30758283134463016,0.17499462032760585,0.04070311391027527,1.22044792289178,1.2179871182919282,1.218959926731533,0.0003712620096807801,0.9567674083073107,1.0783829801139089,1.0010912509332386,1.0,285.39823558729347,1.4269911779364675,1.0,100000.0,100000.0,100000.0,1.0,1.036707482432202e-05,0.0008421846515801003,1.433209200747517e-05,0.0004901096310126044
panel30,moment4,705.0,30.0,gd,0.002,generic,5000,16500.0,0,0.866025395780215,6.072904601749372,4.970520100335829e-16,0.8660254037844392,0.17499462032760585,0.04070311391027527,5649.925374696726,5649.925374696726,5650.628711768133,,,,0.9999930668812376,1.0000000000000002,303.04980122330693,1.5152490061165347,1.0001146339168177,0.0,100000.0,100000.0,1.0,1.0771107003713955e-08,2.7974907054267433e-18,1.749049768665949e-05,0.0005908316343532568
panel30,moment4,705.0,30.0,gd,0.002,projected,5000,89500.0,1,0.866025395780215,6.072904601749372,4.970520100335829e-16,0.8660254037844392,0.17499462032760585,0.04070311391027527,905.1316528357487,905.1316528357487,905.2940518211824,,,,0.9999930668812376,1.0000000000000002,303.04980122330693,1.5152490061165347,1.0001146339168177,0.0,100000.0,100000.0,1.0,1.0771107003713955e-08,2.7974907054267433e-18,1.749049768665949e-05,0.0005908316343532568
panel30,moment4,705.0,30.0,gd,0.002,target,5000,100000.0,0,0.866025395780215,6.072904601749372,4.970520100335829e-16,0.8660254037844392,0.17499462032760585,0.04070311391027527,100.75299192354358,100.75299192354358,100.81535654503163,0.00038310231869971833,0.8621209166900577,1.1166116373244632,0.9999930668812376,1.0000000000000002,303.04980122330693,1.5152490061165347,1.0001146339168177,0.0,100000.0,100000.0,1.0,1.0771107003713955e-08,2.7974907054267433e-18,1.749049768665949e-05,0.0005908316343532568
panel30,moment4,705.0,30.0,gd,0.002,reference,5000,100000.0,0,0.866025395780215,6.072904601749372,4.970520100335829e-16,0.8660254037844392,0.17499462032760585,0.04070311391027527,3.339039397695073,3.339039397695073,3.344095705048031,0.00036314388968582064,0.8628962007793975,1.003298287140319,0.9999930668812376,1.0000000000000002,303.04980122330693,1.5152490061165347,1.0001146339168177,0.0,100000.0,100000.0,1.0,1.0771107003713955e-08,2.7974907054267433e-18,1.749049768665949e-05,0.0005908316343532568
panel30,blend_m010,705.0,30.0,gd,0.002,generic,5000,16500.0,0,0.86600068379316,6.076587720846005,0.08660254037844381,0.08660254037844381,0.17499462032760585,0.04070311391027527,537.8942431742114,526.7920164428967,533.4680981712111,,,,1.0025123880428406,1.0000000000000002,304.18608759481066,1.5209304379740534,1.0027615871744642,0.0,100000.0,100000.0,1.0,7.909828598613821e-07,0.000488453141178144,1.7565765873229384e-05,0.0005939583252164164
panel30,blend_m010,705.0,30.0,gd,0.002,projected,5000,89000.0,1,0.86600068379316,6.076587720846005,0.08660254037844381,0.08660254037844381,0.17499462032760585,0.04070311391027527,86.20158556472914,84.55770052899942,85.54535289722841,,,,1.0025123880428406,1.0000000000000002,304.18608759481066,1.5209304379740534,1.0027615871744642,0.0,100000.0,100000.0,1.0,7.909828598613821e-07,0.000488453141178144,1.7565765873229384e-05,0.0005939583252164164
panel30,blend_m010,705.0,30.0,gd,0.002,target,5000,100000.0,0,0.86600068379316,6.076587720846005,0.08660254037844381,0.08660254037844381,0.17499462032760585,0.04070311391027527,9.123160432938258,8.958034243065441,9.057174269781578,0.0003813223079973225,0.8621772337466781,1.1055889816724298,1.0025123880428406,1.0000000000000002,304.18608759481066,1.5209304379740534,1.0027615871744642,0.0,100000.0,100000.0,1.0,7.909828598613821e-07,0.000488453141178144,1.7565765873229384e-05,0.0005939583252164164
panel30,blend_m010,705.0,30.0,gd,0.002,reference,5000,100000.0,0,0.86600068379316,6.076587720846005,0.08660254037844381,0.08660254037844381,0.17499462032760585,0.04070311391027527,1.7723471143174847,1.765022908412813,1.7693729959254336,0.0003660617564940128,0.8627756980740251,1.0188681690979116,1.0025123880428406,1.0000000000000002,304.18608759481066,1.5209304379740534,1.0027615871744642,0.0,100000.0,100000.0,1.0,7.909828598613821e-07,0.000488453141178144,1.7565765873229384e-05,0.0005939583252164164
panel30,blend_p001,705.0,30.0,gd,0.002,generic,5000,16500.0,0,0.8660278993679676,6.0725389139101,0.008660254037844421,0.008660254037844421,0.17499462032760585,0.04070311391027527,5229.482837709496,5229.482837709496,5234.22953468141,,,,0.9997528432960358,1.0,302.8800410913739,1.5144002054568697,1.0,100000.0,100000.0,100000.0,1.0,8.692570768518653e-09,4.8727847017848014e-05,1.7481348988998125e-05,0.0005902641992600589
panel30,blend_p001,705.0,30.0,gd,0.002,projected,5000,90000.0,1,0.8660278993679676,6.0725389139101,0.008660254037844421,0.008660254037844421,0.17499462032760585,0.04070311391027527,837.7135498668392,837.7135498668392,838.4197864542442,,,,0.9997528432960358,1.0,302.8800410913739,1.5144002054568697,1.0,100000.0,100000.0,100000.0,1.0,8.692570768518653e-09,4.8727847017848014e-05,1.7481348988998125e-05,0.0005902641992600589
panel30,blend_p001,705.0,30.0,gd,0.002,target,5000,100000.0,0,0.8660278993679676,6.0725389139101,0.008660254037844421,0.008660254037844421,0.17499462032760585,0.04070311391027527,13.240028824757557,13.240028824757557,13.247657802923356,0.0003651172172631146,0.8628273132242691,1.014292856084759,0.9997528432960358,1.0,302.8800410913739,1.5144002054568697,1.0,100000.0,100000.0,100000.0,1.0,8.692570768518653e-09,4.8727847017848014e-05,1.7481348988998125e-05,0.0005902641992600589
panel30,blend_p001,705.0,30.0,gd,0.002,reference,5000,100000.0,0,0.8660278993679676,6.0725389139101,0.008660254037844421,0.008660254037844421,0.17499462032760585,0.04070311391027527,3.5530023850299894,3.551686982861712,3.552470410811148,0.000363219780855743,0.862895411698742,1.003778120828169,0.9997528432960358,1.0,302.8800410913739,1.5144002054568697,1.0,100000.0,100000.0,100000.0,1.0,8.692570768518653e-09,4.8727847017848014e-05,1.7481348988998125e-05,0.0005902641992600589
panel30,blend_p010,705.0,30.0,gd,0.002,generic,5000,16500.0,0,0.8660497489617618,6.06928259541565,0.08660254037844385,0.08660254037844385,0.17499462032760585,0.04070311391027527,540.3312711443439,540.3312711443439,544.7676093777809,,,,0.997711962167438,1.0,301.89198484991095,1.5094599242495548,1.0,100000.0,100000.0,100000.0,1.0,7.383218723240843e-07,0.0004863378858435792,1.7413863196553055e-05,0.0005873218834386407
panel30,blend_p010,705.0,30.0,gd,0.002,projected,5000,90500.0,1,0.8660497489617618,6.06928259541565,0.08660254037844385,0.08660254037844385,0.17499462032760585,0.04070311391027527,86.5270887111667,86.5270887111667,87.18728626923073,,,,0.997711962167438,1.0,301.89198484991095,1.5094599242495548,1.0,100000.0,100000.0,100000.0,1.0,7.383218723240843e-07,0.0004863378858435792,1.7413863196553055e-05,0.0005873218834386407
panel30,blend_p010,705.0,30.0,gd,0.002,target,5000,100000.0,0,0.8660497489617618,6.06928259541565,0.08660254037844385,0.08660254037844385,0.17499462032760585,0.04070311391027527,9.152870148563593,9.152870148563593,9.21944229912294,0.00038084800809197076,0.8622327048856886,1.1041677674750539,0.997711962167438,1.0,301.89198484991095,1.5094599242495548,1.0,100000.0,100000.0,100000.0,1.0,7.383218723240843e-07,0.0004863378858435792,1.7413863196553055e-05,0.0005873218834386407
panel30,blend_p010,705.0,30.0,gd,0.002,reference,5000,100000.0,0,0.8660497489617618,6.06928259541565,0.08660254037844385,0.08660254037844385,0.17499462032760585,0.04070311391027527,1.7659431928937348,1.7659431928937348,1.7691688615976469,0.00036573119798785284,0.8628176969424103,1.0182530165377002,0.997711962167438,1.0,301.89198484991095,1.5094599242495548,1.0,100000.0,100000.0,100000.0,1.0,7.383218723240843e-07,0.0004863378858435792,1.7413863196553055e-05,0.0005873218834386407
panel30,blend_p030,705.0,30.0,gd,0.002,generic,5000,16500.0,0,0.8660969960356167,6.062224573393044,0.2598076211353312,0.2598076211353312,0.17499462032760585,0.04070311391027527,182.3046041154702,182.3046041154702,186.67100027525512,,,,0.9938158192120942,1.0,299.921968171454,1.49960984085727,1.0,100000.0,100000.0,100000.0,1.0,6.004782039167906e-06,0.0014529347686198437,1.7268809942342244e-05,0.0005810301173142964
panel30,blend_p030,705.0,30.0,gd,0.002,projected,5000,91500.0,1,0.8660969960356167,6.062224573393044,0.2598076211353312,0.2598076211353312,0.17499462032760585,0.04070311391027527,29.172884309427317,29.172884309427317,29.824707655035606,,,,0.9938158192120942,1.0,299.921968171454,1.49960984085727,1.0,100000.0,100000.0,100000.0,1.0,6.004782039167906e-06,0.0014529347686198437,1.7268809942342244e-05,0.0005810301173142964
panel30,blend_p030,705.0,30.0,gd,0.002,target,5000,100000.0,0,0.8660969960356167,6.062224573393044,0.2598076211353312,0.2598076211353312,0.17499462032760585,0.04070311391027527,8.918496211212561,8.918496211212561,9.114733246530367,0.00042504702339280225,0.8600860090168969,1.3769272195141427,0.9938158192120942,1.0,299.921968171454,1.49960984085727,1.0,100000.0,100000.0,100000.0,1.0,6.004782039167906e-06,0.0014529347686198437,1.7268809942342244e-05,0.0005810301173142964
panel30,blend_p030,705.0,30.0,gd,0.002,reference,5000,100000.0,0,0.8660969960356167,6.062224573393044,0.2598076211353312,0.2598076211353312,0.17499462032760585,0.04070311391027527,1.6341339000323476,1.6341339000323476,1.6453793464685047,0.00037128531016465005,0.8626374243116609,1.0506366839824248,0.9938158192120942,1.0,299.921968171454,1.49960984085727,1.0,100000.0,100000.0,100000.0,1.0,6.004782039167906e-06,0.0014529347686198437,1.7268809942342244e-05,0.0005810301173142964
panel30,exp_right,705.0,30.0,gd,0.002,generic,5000,36500.0,0,0.31740500918286224,6.526293879048302,0.3161345194750153,0.3170222070529704,0.17499462032760585,0.04070311391027527,12.223024122443706,12.223024122443706,12.434620782724421,,,,1.023053479515444,1.0,334.55266534534314,1.6727633267267157,1.0224172308815984,52000.0,100000.0,100000.0,1.0,0.0002270546249128419,0.002138055591693934,2.6018445545514823e-05,0.00030928203025500024
panel30,exp_right,705.0,30.0,gd,0.002,projected,5000,100000.0,0,0.31740500918286224,6.526293879048302,0.3161345194750153,0.3170222070529704,0.17499462032760585,0.04070311391027527,1.9980800744221603,1.9980800744221603,2.039372948559394,0.0004899668404891209,0.304466578477218,1.6995572557354743,1.023053479515444,1.0,334.55266534534314,1.6727633267267157,1.0224172308815984,52000.0,100000.0,100000.0,1.0,0.0002270546249128419,0.002138055591693934,2.6018445545514823e-05,0.00030928203025500024
panel30,exp_right,705.0,30.0,gd,0.002,target,5000,100000.0,0,0.31740500918286224,6.526293879048302,0.3161345194750153,0.3170222070529704,0.17499462032760585,0.04070311391027527,1.9980800744221603,1.9980800744221603,2.039372948559394,0.0004899668404891209,0.304466578477218,1.6995572557354743,1.023053479515444,1.0,334.55266534534314,1.6727633267267157,1.0224172308815984,52000.0,100000.0,100000.0,1.0,0.0002270546249128419,0.002138055591693934,2.6018445545514823e-05,0.00030928203025500024
panel30,exp_right,705.0,30.0,gd,0.002,reference,5000,100000.0,0,0.31740500918286224,6.526293879048302,0.3161345194750153,0.3170222070529704,0.17499462032760585,0.04070311391027527,1.1813779565464475,1.1731997706790696,1.177453904686481,0.000428125478746611,0.3099402842231483,1.297611155237099,1.023053479515444,1.0,334.55266534534314,1.6727633267267157,1.0224172308815984,52000.0,100000.0,100000.0,1.0,0.0002270546249128419,0.002138055591693934,2.6018445545514823e-05,0.00030928203025500024
panel30,exp_left,705.0,30.0,gd,0.002,generic,5000,21500.0,0,0.5729270372217796,6.450442777249237,0.5582382928320788,0.5723859107798637,0.17499462032760585,0.04070311391027527,13.966525453239058,13.626468199010906,14.135782436997928,,,,1.061313745846359,0.9999999999999999,352.66086425880775,1.7633043212940387,1.1065842481970736,19000.0,100000.0,100000.0,1.0,0.0006094244150856987,0.003614372912816918,2.3969801991763456e-05,0.0004863675837390808
panel30,exp_left,705.0,30.0,gd,0.002,projected,5000,95000.0,1,0.5729270372217796,6.450442777249237,0.5582382928320788,0.5723859107798637,0.17499462032760585,0.04070311391027527,2.2572214032714486,2.2572214032714486,2.3626588716820716,,,,1.061313745846359,0.9999999999999999,352.66086425880775,1.7633043212940387,1.1065842481970736,19000.0,100000.0,100000.0,1.0,0.0006094244150856987,0.003614372912816918,2.3969801991763456e-05,0.0004863675837390808
panel30,exp_left,705.0,30.0,gd,0.002,target,5000,95500.0,1,0.5729270372217796,6.450442777249237,0.5582382928320788,0.5723859107798637,0.17499462032760585,0.04070311391027527,2.2189537177715417,2.2189537177715417,2.3237837190604065,,,,1.061313745846359,0.9999999999999999,352.66086425880775,1.7633043212940387,1.1065842481970736,19000.0,100000.0,100000.0,1.0,0.0006094244150856987,0.003614372912816918,2.3969801991763456e-05,0.0004863675837390808
panel30,exp_left,705.0,30.0,gd,0.002,reference,5000,100000.0,0,0.5729270372217796,6.450442777249237,0.5582382928320788,0.5723859107798637,0.17499462032760585,0.04070311391027527,1.2092903224278542,1.1892266394255164,1.2014048049887172,0.0004806278694211998,0.558685279607251,1.6546167658824977,1.061313745846359,0.9999999999999999,352.66086425880775,1.7633043212940387,1.1065842481970736,19000.0,100000.0,100000.0,1.0,0.0006094244150856987,0.003614372912816918,2.3969801991763456e-05,0.0004863675837390808
panel30,gauss_right,705.0,30.0,gd,0.002,generic,5000,16500.0,0,0.909563992699732,5.947731207894765,0.4207516386912913,0.5098655370736236,0.17499462032760585,0.04070311391027527,54.90825576449089,44.63590263351736,51.101343941603524,,,,1.025350317212806,1.0,309.0668153675948,1.545334076837974,1.047819827890459,0.0,100000.0,100000.0,1.0,8.35676795525299e-05,0.0022370222193297848,1.5506712785613075e-05,0.0005553998200573364
panel30,gauss_right,705.0,30.0,gd,0.002,projected,5000,84000.0,1,0.909563992699732,5.947731207894765,0.4207516386912913,0.5098655370736236,0.17499462032760585,0.04070311391027527,8.746470683542636,7.515771354860615,8.239546900263045,,,,1.025350317212806,1.0,309.0668153675948,1.545334076837974,1.047819827890459,0.0,100000.0,100000.0,1.0,8.35676795525299e-05,0.0022370222193297848,1.5506712785613075e-05,0.0005553998200573364
panel30,gauss_right,705.0,30.0,gd,0.002,target,5000,100000.0,0,0.909563992699732,5.947731207894765,0.4207516386912913,0.5098655370736236,0.17499462032760585,0.04070311391027527,4.18033400323254,3.656730179175596,3.9532248915913812,0.0004998506022497692,0.8970815872375605,1.9408776256709277,1.025350317212806,1.0,309.0668153675948,1.545334076837974,1.047819827890459,0.0,100000.0,100000.0,1.0,8.35676795525299e-05,0.0022370222193297848,1.5506712785613075e-05,0.0005553998200573364
panel30,gauss_right,705.0,30.0,gd,0.002,reference,5000,100000.0,0,0.909563992699732,5.947731207894765,0.4207516386912913,0.5098655370736236,0.17499462032760585,0.04070311391027527,1.2611596634920925,1.2611596634920925,1.2680981499371182,0.00038913429143156504,0.9052903401145688,1.1762962735812983,1.025350317212806,1.0,309.0668153675948,1.545334076837974,1.047819827890459,0.0,100000.0,100000.0,1.0,8.35676795525299e-05,0.0022370222193297848,1.5506712785613075e-05,0.0005553998200573364
panel30,bump_left,705.0,30.0,gd,0.002,generic,5000,17500.0,0,0.7893467480810914,6.07692208569029,0.6150243117754828,0.7316867509732182,0.17499462032760585,0.04070311391027527,21.107215593268016,16.236318975723744,19.019581571736907,,,,1.1405228194304138,1.0,390.2341667313669,1.9511708336568345,1.2774309126292702,0.0,100000.0,100000.0,1.0,0.0008623441212885542,0.0035076118114405154,1.7950770936720904e-05,0.0005552700005811373
panel30,bump_left,705.0,30.0,gd,0.002,projected,5000,75500.0,1,0.7893467480810914,6.07692208569029,0.6150243117754828,0.7316867509732182,0.17499462032760585,0.04070311391027527,3.3878384101932317,3.1390333449069576,3.277161358557925,,,,1.1405228194304138,1.0,390.2341667313669,1.9511708336568345,1.2774309126292702,0.0,100000.0,100000.0,1.0,0.0008623441212885542,0.0035076118114405154,1.7950770936720904e-05,0.0005552700005811373
panel30,bump_left,705.0,30.0,gd,0.002,target,5000,83000.0,1,0.7893467480810914,6.07692208569029,0.6150243117754828,0.7316867509732182,0.17499462032760585,0.04070311391027527,2.7159175875898347,2.5609290665455777,2.662050635457109,,,,1.1405228194304138,1.0,390.2341667313669,1.9511708336568345,1.2774309126292702,0.0,100000.0,100000.0,1.0,0.0008623441212885542,0.0035076118114405154,1.7950770936720904e-05,0.0005552700005811373
panel30,bump_left,705.0,30.0,gd,0.002,reference,5000,100000.0,0,0.7893467480810914,6.07692208569029,0.6150243117754828,0.7316867509732182,0.17499462032760585,0.04070311391027527,1.2389313215713804,1.2389313215713804,1.258978183366963,0.0005273584286877862,0.759836491983161,2.114448748124737,1.1405228194304138,1.0,390.2341667313669,1.9511708336568345,1.2774309126292702,0.0,100000.0,100000.0,1.0,0.0008623441212885542,0.0035076118114405154,1.7950770936720904e-05,0.0005552700005811373
panel30,step_left,705.0,30.0,gd,0.002,generic,5000,23000.0,0,0.4196189887289414,6.872442369164302,0.3393305424164085,0.3948869669868921,0.17499462032760585,0.04070311391027527,15.691850059964906,13.342043642134852,14.460315948905333,,,,1.0754024956584007,0.9999999999999999,484.8282924873796,2.424141462436898,1.3609029775986743,0.0,100000.0,100000.0,1.0,0.0007740345422043844,0.00271479965349002,3.673044759612745e-05,0.0006242996264074611
panel30,step_left,705.0,30.0,gd,0.002,projected,5000,80500.0,1,0.4196189887289414,6.872442369164302,0.3393305424164085,0.3948869669868921,0.17499462032760585,0.04070311391027527,2.6590335641614318,2.623945422207389,2.6560149216123397,,,,1.0754024956584007,0.9999999999999999,484.8282924873796,2.424141462436898,1.3609029775986743,0.0,100000.0,100000.0,1.0,0.0007740345422043844,0.00271479965349002,3.673044759612745e-05,0.0006242996264074611
panel30,step_left,705.0,30.0,gd,0.002,target,5000,84500.0,1,0.4196189887289414,6.872442369164302,0.3393305424164085,0.3948869669868921,0.17499462032760585,0.04070311391027527,2.2484664443666613,2.2358798364336208,2.2658432199305936,,,,1.0754024956584007,0.9999999999999999,484.8282924873796,2.424141462436898,1.3609029775986743,0.0,100000.0,100000.0,1.0,0.0007740345422043844,0.00271479965349002,3.673044759612745e-05,0.0006242996264074611
panel30,step_left,705.0,30.0,gd,0.002,reference,5000,100000.0,0,0.4196189887289414,6.872442369164302,0.3393305424164085,0.3948869669868921,0.17499462032760585,0.04070311391027527,1.2260190893874838,1.2260190893874838,1.275061119668178,0.0005850532208317077,0.3517583177256547,2.3011699287571896,1.0754024956584007,0.9999999999999999,484.8282924873796,2.424141462436898,1.3609029775986743,0.0,100000.0,100000.0,1.0,0.0007740345422043844,0.00271479965349002,3.673044759612745e-05,0.0006242996264074611
panel30,kink_relu,705.0,30.0,gd,0.002,generic,5000,21000.0,0,0.5670184987564395,6.506357504104777,0.5567088889410121,0.562803606341221,0.17499462032760585,0.04070311391027527,12.942264354024289,12.690574432290466,12.981605697705767,,,,1.1132127659931066,0.9999999999999999,398.51539029206015,1.9925769514603007,1.2193085276970836,0.0,100000.0,100000.0,1.0,0.001007165143077568,0.003752214843824087,2.5788809098551803e-05,0.0005446203431228135
panel30,kink_relu,705.0,30.0,gd,0.002,projected,5000,86000.0,1,0.5670184987564395,6.506357504104777,0.5567088889410121,0.562803606341221,0.17499462032760585,0.04070311391027527,2.1127509982837887,2.1127509982837887,2.208418311637691,,,,1.1132127659931066,0.9999999999999999,398.51539029206015,1.9925769514603007,1.2193085276970836,0.0,100000.0,100000.0,1.0,0.001007165143077568,0.003752214843824087,2.5788809098551803e-05,0.0005446203431228135
panel30,kink_relu,705.0,30.0,gd,0.002,target,5000,86000.0,1,0.5670184987564395,6.506357504104777,0.5567088889410121,0.562803606341221,0.17499462032760585,0.04070311391027527,2.0916067050017775,2.0916067050017775,2.188341242934976,,,,1.1132127659931066,0.9999999999999999,398.51539029206015,1.9925769514603007,1.2193085276970836,0.0,100000.0,100000.0,1.0,0.001007165143077568,0.003752214843824087,2.5788809098551803e-05,0.0005446203431228135
panel30,kink_relu,705.0,30.0,gd,0.002,reference,5000,100000.0,0,0.5670184987564395,6.506357504104777,0.5567088889410121,0.562803606341221,0.17499462032760585,0.04070311391027527,1.1791302098291283,1.1781879747901793,1.1909150064648106,0.0005332130827311993,0.5385576825819449,2.0189832596911663,1.1132127659931066,0.9999999999999999,398.51539029206015,1.9925769514603007,1.2193085276970836,0.0,100000.0,100000.0,1.0,0.001007165143077568,0.003752214843824087,2.5788809098551803e-05,0.0005446203431228135
panel31,sine,705.0,31.0,gd,0.002,generic,5000,22500.0,0,0.6512209909857788,6.346704769215082,0.26109296046048835,0.6142669117567388,0.17499462032760585,0.04070311391027527,143.0676538007972,143.0676538007972,145.18613049135257,,,,0.9966522444862872,1.0,276.1118452179203,1.3805592260896014,1.0,100000.0,100000.0,100000.0,1.0,3.113229966834846e-06,0.0014353703291081741,1.7448255954763795e-05,0.0003767394381911119
panel31,sine,705.0,31.0,gd,0.002,projected,5000,100000.0,0,0.6512209909857788,6.346704769215082,0.26109296046048835,0.6142669117567388,0.17499462032760585,0.04070311391027527,22.59298425915741,22.59298425915741,22.909911917154847,0.0006374512289870986,0.8771737672282856,2.9581124310936664,0.9966522444862872,1.0,276.1118452179203,1.3805592260896014,1.0,100000.0,100000.0,100000.0,1.0,3.113229966834846e-06,0.0014353703291081741,1.7448255954763795e-05,0.0003767394381911119
panel31,sine,705.0,31.0,gd,0.002,target,5000,100000.0,0,0.6512209909857788,6.346704769215082,0.26109296046048835,0.6142669117567388,0.17499462032760585,0.04070311391027527,10.370588523616808,10.370588523616808,10.506194913447345,0.0004426886132984685,0.9115516123134944,1.4266500424374116,0.9966522444862872,1.0,276.1118452179203,1.3805592260896014,1.0,100000.0,100000.0,100000.0,1.0,3.113229966834846e-06,0.0014353703291081741,1.7448255954763795e-05,0.0003767394381911119
panel31,sine,705.0,31.0,gd,0.002,reference,5000,100000.0,0,0.6512209909857788,6.346704769215082,0.26109296046048835,0.6142669117567388,0.17499462032760585,0.04070311391027527,1.6429280005218516,1.6429280005218516,1.6511011829302458,0.0003792765777760893,0.9159652027444524,1.0472076311927556,0.9966522444862872,1.0,276.1118452179203,1.3805592260896014,1.0,100000.0,100000.0,100000.0,1.0,3.113229966834846e-06,0.0014353703291081741,1.7448255954763795e-05,0.0003767394381911119
panel31,runge,705.0,31.0,gd,0.002,generic,5000,49500.0,0,0.2845885573499451,6.283022001701263,0.20978993408293667,0.25354805049270845,0.17499462032760585,0.04070311391027527,15.828605587792259,14.95744701918381,15.544521199620146,,,,1.024598163598638,1.0000000000000002,288.50007717629416,1.4425003858814707,1.0355471596528731,0.0,100000.0,100000.0,1.0,1.2111570117552646e-05,0.001143592367745834,1.701374568526423e-05,0.00016565469868554114
panel31,runge,705.0,31.0,gd,0.002,projected,5000,100000.0,0,0.2845885573499451,6.283022001701263,0.20978993408293667,0.25354805049270845,0.17499462032760585,0.04070311391027527,2.503133282008114,2.4303240564130917,2.476435277947082,0.0004382688142926918,0.7027296810574791,1.4124777156880293,1.024598163598638,1.0000000000000002,288.50007717629416,1.4425003858814707,1.0355471596528731,0.0,100000.0,100000.0,1.0,1.2111570117552646e-05,0.001143592367745834,1.701374568526423e-05,0.00016565469868554114
panel31,runge,705.0,31.0,gd,0.002,target,5000,100000.0,0,0.2845885573499451,6.283022001701263,0.20978993408293667,0.25354805049270845,0.17499462032760585,0.04070311391027527,1.9139903248119747,1.8733430352384786,1.8977066014514816,0.0004187397680774548,0.7056903846464578,1.289403614900758,1.024598163598638,1.0000000000000002,288.50007717629416,1.4425003858814707,1.0355471596528731,0.0,100000.0,100000.0,1.0,1.2111570117552646e-05,0.001143592367745834,1.701374568526423e-05,0.00016565469868554114
panel31,runge,705.0,31.0,gd,0.002,reference,5000,100000.0,0,0.2845885573499451,6.283022001701263,0.20978993408293667,0.25354805049270845,0.17499462032760585,0.04070311391027527,1.1676136775254462,1.1676136775254462,1.1698232822355854,0.000396805905656281,0.7085220427195933,1.1578617876401283,1.024598163598638,1.0000000000000002,288.50007717629416,1.4425003858814707,1.0355471596528731,0.0,100000.0,100000.0,1.0,1.2111570117552646e-05,0.001143592367745834,1.701374568526423e-05,0.00016565469868554114
panel31,moment3,705.0,31.0,gd,0.002,generic,5000,16000.0,0,0.866288805953905,6.4508805321332385,0.866025403784438,0.866025403784438,0.17499462032760585,0.04070311391027527,53.757529576542225,53.757529576542225,57.937626719332485,,,,0.9828362717417929,0.9999999999999999,289.99413141443733,1.4499706570721866,1.0,100000.0,100000.0,100000.0,1.0,5.719072306237522e-05,0.005195662590930598,2.069155822636661e-05,0.0006259517935517773
panel31,moment3,705.0,31.0,gd,0.002,projected,5000,89000.0,1,0.866288805953905,6.4508805321332385,0.866025403784438,0.866025403784438,0.17499462032760585,0.04070311391027527,8.606105530956446,8.606105530956446,9.236343877321575,,,,0.9828362717417929,0.9999999999999999,289.99413141443733,1.4499706570721866,1.0,100000.0,100000.0,100000.0,1.0,5.719072306237522e-05,0.005195662590930598,2.069155822636661e-05,0.0006259517935517773
panel31,moment3,705.0,31.0,gd,0.002,target,5000,89000.0,1,0.866288805953905,6.4508805321332385,0.866025403784438,0.866025403784438,0.17499462032760585,0.04070311391027527,8.606105530956446,8.606105530956446,9.236343877321575,,,,0.9828362717417929,0.9999999999999999,289.99413141443733,1.4499706570721866,1.0,100000.0,100000.0,100000.0,1.0,5.719072306237522e-05,0.005195662590930598,2.069155822636661e-05,0.0006259517935517773
panel31,moment3,705.0,31.0,gd,0.002,reference,5000,100000.0,0,0.866288805953905,6.4508805321332385,0.866025403784438,0.866025403784438,0.17499462032760585,0.04070311391027527,1.5910029652569986,1.5910029652569986,1.6285700607542215,0.0004071251216526793,0.8612179658271164,1.187150695566603,0.9828362717417929,0.9999999999999999,289.99413141443733,1.4499706570721866,1.0,100000.0,100000.0,100000.0,1.0,5.719072306237522e-05,0.005195662590930598,2.069155822636661e-05,0.0006259517935517773
panel31,moment5,705.0,31.0,gd,0.002,generic,5000,15500.0,0,0.8660252270795218,6.494886707518846,1.5251761409605148e-16,0.866025403784438,0.17499462032760585,0.04070311391027527,29916.181999427306,29916.181999427306,29919.102948003532,,,,1.000032808836674,1.0000000000000002,298.7058143738923,1.4935290718694614,1.0000224214257294,0.0,100000.0,100000.0,1.0,3.743931345883197e-10,9.358739510013728e-19,2.1661794579369835e-05,0.0006609298321438756
panel31,moment5,705.0,31.0,gd,0.002,projected,5000,84500.0,1,0.8660252270795218,6.494886707518846,1.5251761409605148e-16,0.866025403784438,0.17499462032760585,0.04070311391027527,4806.133078471119,4806.133078471119,4806.6196768909,,,,1.000032808836674,1.0000000000000002,298.7058143738923,1.4935290718694614,1.0000224214257294,0.0,100000.0,100000.0,1.0,3.743931345883197e-10,9.358739510013728e-19,2.1661794579369835e-05,0.0006609298321438756
panel31,moment5,705.0,31.0,gd,0.002,target,5000,100000.0,0,0.8660252270795218,6.494886707518846,1.5251761409605148e-16,0.866025403784438,0.17499462032760585,0.04070311391027527,549.0580860696243,549.0580860696243,549.1297451172549,0.0003982863287685028,0.8614905273949459,1.1284654491463473,1.000032808836674,1.0000000000000002,298.7058143738923,1.4935290718694614,1.0000224214257294,0.0,100000.0,100000.0,1.0,3.743931345883197e-10,9.358739510013728e-19,2.1661794579369835e-05,0.0006609298321438756
panel31,moment5,705.0,31.0,gd,0.002,reference,5000,100000.0,0,0.8660252270795218,6.494886707518846,1.5251761409605148e-16,0.866025403784438,0.17499462032760585,0.04070311391027527,13.47638918970735,13.47638918970735,13.47809706175968,0.00037542612757526594,0.862475774736314,1.0026432983221079,1.000032808836674,1.0000000000000002,298.7058143738923,1.4935290718694614,1.0000224214257294,0.0,100000.0,100000.0,1.0,3.743931345883197e-10,9.358739510013728e-19,2.1661794579369835e-05,0.0006609298321438756
panel31,moment9,705.0,31.0,gd,0.002,generic,5000,15500.0,0,0.8660254837181713,6.494807437638516,1.6684036150605693e-16,2.569031175009756e-16,0.17499462032760585,0.04070311391027527,40876.91912245505,40876.91912245505,40921.505975142696,,,,0.9999837248632567,1.0,298.68442441653696,1.4934221220826849,1.0,100000.0,100000.0,100000.0,1.0,3.1295266067668973e-10,1.0237175877987272e-18,2.1659952693593682e-05,0.0006608602921798579
panel31,moment9,705.0,31.0,gd,0.002,projected,5000,84500.0,1,0.8660254837181713,6.494807437638516,1.6684036150605693e-16,2.569031175009756e-16,0.17499462032760585,0.04070311391027527,6566.965548888903,6566.965548888903,6574.078358674539,,,,0.9999837248632567,1.0,298.68442441653696,1.4934221220826849,1.0,100000.0,100000.0,100000.0,1.0,3.1295266067668973e-10,1.0237175877987272e-18,2.1659952693593682e-05,0.0006608602921798579
panel31,moment9,705.0,31.0,gd,0.002,target,5000,100000.0,0,0.8660254837181713,6.494807437638516,1.6684036150605693e-16,2.569031175009756e-16,0.17499462032760585,0.04070311391027527,41.601463002160045,41.601463002160045,41.64309313653194,0.00037605429185362104,0.8624514574993646,1.0060136360750844,0.9999837248632567,1.0,298.68442441653696,1.4934221220826849,1.0,100000.0,100000.0,100000.0,1.0,3.1295266067668973e-10,1.0237175877987272e-18,2.1659952693593682e-05,0.0006608602921798579
panel31,moment9,705.0,31.0,gd,0.002,reference,5000,100000.0,0,0.8660254837181713,6.494807437638516,1.6684036150605693e-16,2.569031175009756e-16,0.17499462032760585,0.04070311391027527,16.769868455081653,16.769868455081653,16.784405973262974,0.00037537933209680493,0.8624779172163372,1.002405596668835,0.9999837248632567,1.0,298.68442441653696,1.4934221220826849,1.0,100000.0,100000.0,100000.0,1.0,3.1295266067668973e-10,1.0237175877987272e-18,2.1659952693593682e-05,0.0006608602921798579
panel31,mixed_sine,705.0,31.0,gd,0.002,generic,5000,15500.0,0,0.9125746408847876,6.461418716809709,0.42369889394169613,0.7239589869416317,0.17499462032760585,0.04070311391027527,118.1120598112928,118.1120598112928,122.04596857402062,,,,0.9919252314628629,0.9999999999999999,280.3076588138163,1.4015382940690815,1.0,100000.0,100000.0,100000.0,1.0,1.2393735183612882e-05,0.002440470156213532,1.9246985100081875e-05,0.0005882243296565553
panel31,mixed_sine,705.0,31.0,gd,0.002,projected,5000,88000.0,1,0.9125746408847876,6.461418716809709,0.42369889394169613,0.7239589869416317,0.17499462032760585,0.04070311391027527,18.764711562629355,18.764711562629355,19.353640720871816,,,,0.9919252314628629,0.9999999999999999,280.3076588138163,1.4015382940690815,1.0,100000.0,100000.0,100000.0,1.0,1.2393735183612882e-05,0.002440470156213532,1.9246985100081875e-05,0.0005882243296565553
panel31,mixed_sine,705.0,31.0,gd,0.002,target,5000,100000.0,0,0.9125746408847876,6.461418716809709,0.42369889394169613,0.7239589869416317,0.17499462032760585,0.04070311391027527,9.436109525219727,9.436109525219727,9.719348630035405,0.0005226023436056546,0.8991138125595576,1.9529173699982605,0.9919252314628629,0.9999999999999999,280.3076588138163,1.4015382940690815,1.0,100000.0,100000.0,100000.0,1.0,1.2393735183612882e-05,0.002440470156213532,1.9246985100081875e-05,0.0005882243296565553
panel31,mixed_sine,705.0,31.0,gd,0.002,reference,5000,100000.0,0,0.9125746408847876,6.461418716809709,0.42369889394169613,0.7239589869416317,0.17499462032760585,0.04070311391027527,1.6245568248512616,1.6245568248512616,1.6418398395035771,0.0003892802201065939,0.908563194643535,1.0835921160106625,0.9919252314628629,0.9999999999999999,280.3076588138163,1.4015382940690815,1.0,100000.0,100000.0,100000.0,1.0,1.2393735183612882e-05,0.002440470156213532,1.9246985100081875e-05,0.0005882243296565553
panel31,localized_sine,705.0,31.0,gd,0.002,generic,5000,15000.0,0,0.9982489315684603,6.257761470956961,0.3796489291252578,0.6932475256733557,0.17499462032760585,0.04070311391027527,152.95734630571303,145.4997574823365,150.31235039980845,,,,1.0058745313435171,1.0,277.6711705803349,1.3883558529016744,1.0045974405766327,0.0,100000.0,100000.0,1.0,6.307397388978943e-06,0.0020390681893526093,1.6549717323985554e-05,0.0005490582306959017
panel31,localized_sine,705.0,31.0,gd,0.002,projected,5000,85500.0,1,0.9982489315684603,6.257761470956961,0.3796489291252578,0.6932475256733557,0.17499462032760585,0.04070311391027527,24.0930289393994,22.98136639452838,23.698066760066116,,,,1.0058745313435171,1.0,277.6711705803349,1.3883558529016744,1.0045974405766327,0.0,100000.0,100000.0,1.0,6.307397388978943e-06,0.0020390681893526093,1.6549717323985554e-05,0.0005490582306959017
panel31,localized_sine,705.0,31.0,gd,0.002,target,5000,100000.0,0,0.9982489315684603,6.257761470956961,0.3796489291252578,0.6932475256733557,0.17499462032760585,0.04070311391027527,9.976271170794927,9.53764809625865,9.820177546488855,0.0004810749512554751,0.9888253774386431,1.708738212553519,1.0058745313435171,1.0,277.6711705803349,1.3883558529016744,1.0045974405766327,0.0,100000.0,100000.0,1.0,6.307397388978943e-06,0.0020390681893526093,1.6549717323985554e-05,0.0005490582306959017
panel31,localized_sine,705.0,31.0,gd,0.002,reference,5000,100000.0,0,0.9982489315684603,6.257761470956961,0.3796489291252578,0.6932475256733557,0.17499462032760585,0.04070311391027527,1.642617612526252,1.6135663488235834,1.63233447549522,0.0003807718865336497,0.9947022890452298,1.0704830474360976,1.0058745313435171,1.0,277.6711705803349,1.3883558529016744,1.0045974405766327,0.0,100000.0,100000.0,1.0,6.307397388978943e-06,0.0020390681893526093,1.6549717323985554e-05,0.0005490582306959017
panel31,chirp,705.0,31.0,gd,0.002,generic,5000,15500.0,0,0.9600886056866061,6.336301887362792,0.1656452584970924,0.30758283134463016,0.17499462032760585,0.04070311391027527,92.49174175106535,92.49174175106535,93.44603280545513,,,,1.0019723018505708,0.9999999999999999,276.56721131024744,1.3828360565512372,1.0,100000.0,100000.0,100000.0,1.0,9.105132278464315e-06,0.0009068586897159057,1.7292199370194812e-05,0.0005508693846953588
panel31,chirp,705.0,31.0,gd,0.002,projected,5000,87500.0,1,0.9600886056866061,6.336301887362792,0.1656452584970924,0.30758283134463016,0.17499462032760585,0.04070311391027527,14.600480726677974,14.600480726677974,14.744801080567843,,,,1.0019723018505708,0.9999999999999999,276.56721131024744,1.3828360565512372,1.0,100000.0,100000.0,100000.0,1.0,9.105132278464315e-06,0.0009068586897159057,1.7292199370194812e-05,0.0005508693846953588
panel31,chirp,705.0,31.0,gd,0.002,target,5000,100000.0,0,0.9600886056866061,6.336301887362792,0.1656452584970924,0.30758283134463016,0.17499462032760585,0.04070311391027527,2.794715499358864,2.794715499358864,2.821167870779929,0.0004090818078992962,0.9552886636075519,1.2202632166324578,1.0019723018505708,0.9999999999999999,276.56721131024744,1.3828360565512372,1.0,100000.0,100000.0,100000.0,1.0,9.105132278464315e-06,0.0009068586897159057,1.7292199370194812e-05,0.0005508693846953588
panel31,chirp,705.0,31.0,gd,0.002,reference,5000,100000.0,0,0.9600886056866061,6.336301887362792,0.1656452584970924,0.30758283134463016,0.17499462032760585,0.04070311391027527,1.2078536774733006,1.2065679755628473,1.2067826010499902,0.000385168493149853,0.9563429069514161,1.0817694091139956,1.0019723018505708,0.9999999999999999,276.56721131024744,1.3828360565512372,1.0,100000.0,100000.0,100000.0,1.0,9.105132278464315e-06,0.0009068586897159057,1.7292199370194812e-05,0.0005508693846953588
panel31,moment4,705.0,31.0,gd,0.002,generic,5000,15500.0,0,0.866025206697387,6.494886982132627,4.970520100335829e-16,0.8660254037844392,0.17499462032760585,0.04070311391027527,5796.99390533886,5796.99390533886,5797.803141568672,,,,1.0000341447747942,0.9999999999999999,298.75337354397715,1.4937668677198856,1.0001349295325774,0.0,100000.0,100000.0,1.0,1.034666964223585e-08,3.0501541483411447e-18,2.1663559048954992e-05,0.0006611252515886446
panel31,moment4,705.0,31.0,gd,0.002,projected,5000,84500.0,1,0.866025206697387,6.494886982132627,4.970520100335829e-16,0.8660254037844392,0.17499462032760585,0.04070311391027527,931.3312463158679,931.3312463158679,931.505663088554,,,,1.0000341447747942,0.9999999999999999,298.75337354397715,1.4937668677198856,1.0001349295325774,0.0,100000.0,100000.0,1.0,1.034666964223585e-08,3.0501541483411447e-18,2.1663559048954992e-05,0.0006611252515886446
panel31,moment4,705.0,31.0,gd,0.002,target,5000,100000.0,0,0.866025206697387,6.494886982132627,4.970520100335829e-16,0.8660254037844392,0.17499462032760585,0.04070311391027527,106.41866850309056,106.41866850309056,106.47823329839072,0.0003983103892589479,0.8614886860689793,1.128601746816592,1.0000341447747942,0.9999999999999999,298.75337354397715,1.4937668677198856,1.0001349295325774,0.0,100000.0,100000.0,1.0,1.034666964223585e-08,3.0501541483411447e-18,2.1663559048954992e-05,0.0006611252515886446
panel31,moment4,705.0,31.0,gd,0.002,reference,5000,100000.0,0,0.866025206697387,6.494886982132627,4.970520100335829e-16,0.8660254037844392,0.17499462032760585,0.04070311391027527,3.5747478491655333,3.5747478491655333,3.5798610817898857,0.0003756108447198149,0.8624680047275984,1.0036301396217957,1.0000341447747942,0.9999999999999999,298.75337354397715,1.4937668677198856,1.0001349295325774,0.0,100000.0,100000.0,1.0,1.034666964223585e-08,3.0501541483411447e-18,2.1663559048954992e-05,0.0006611252515886446
panel31,blend_m010,705.0,31.0,gd,0.002,generic,5000,15500.0,0,0.8659959875357932,6.499644379121275,0.08660254037844381,0.08660254037844381,0.17499462032760585,0.04070311391027527,510.1978813326192,499.39765111685864,505.88256695064536,,,,1.0030857516794043,0.9999999999999999,299.9412660589231,1.4997063302946154,1.0029394014055206,0.0,100000.0,100000.0,1.0,9.184013662846106e-07,0.0005327103789410513,2.17697645584345e-05,0.0006648523161737849
panel31,blend_m010,705.0,31.0,gd,0.002,projected,5000,84000.0,1,0.8659959875357932,6.499644379121275,0.08660254037844381,0.08660254037844381,0.17499462032760585,0.04070311391027527,81.99678431337219,80.39305219109247,81.35524039437657,,,,1.0030857516794043,0.9999999999999999,299.9412660589231,1.4997063302946154,1.0029394014055206,0.0,100000.0,100000.0,1.0,9.184013662846106e-07,0.0005327103789410513,2.17697645584345e-05,0.0006648523161737849
panel31,blend_m010,705.0,31.0,gd,0.002,target,5000,100000.0,0,0.8659959875357932,6.499644379121275,0.08660254037844381,0.08660254037844381,0.17499462032760585,0.04070311391027527,8.721623098882874,8.560083414112079,8.656938566657649,0.0003957238254240417,0.8615870401842946,1.1131760391658918,1.0030857516794043,0.9999999999999999,299.9412660589231,1.4997063302946154,1.0029394014055206,0.0,100000.0,100000.0,1.0,9.184013662846106e-07,0.0005327103789410513,2.17697645584345e-05,0.0006648523161737849
panel31,blend_m010,705.0,31.0,gd,0.002,reference,5000,100000.0,0,0.8659959875357932,6.499644379121275,0.08660254037844381,0.08660254037844381,0.17499462032760585,0.04070311391027527,1.7617339565191916,1.7543608083226603,1.7587409037472652,0.0003789684739287098,0.8623157908411205,1.0209056750992571,1.0030857516794043,0.9999999999999999,299.9412660589231,1.4997063302946154,1.0029394014055206,0.0,100000.0,100000.0,1.0,9.184013662846106e-07,0.0005327103789410513,2.17697645584345e-05,0.0006648523161737849
panel31,blend_p001,705.0,31.0,gd,0.002,generic,5000,15500.0,0,0.8660283992831258,6.494328405133505,0.008660254037844421,0.008660254037844421,0.17499462032760585,0.04070311391027527,4870.845749213537,4870.845749213537,4875.586793194215,,,,0.9996906481652688,0.9999999999999999,298.5638856511042,1.4928194282555212,1.0,100000.0,100000.0,100000.0,1.0,1.0656361441611245e-08,5.312545233321381e-05,2.1649113176873972e-05,0.0006604666277567965
panel31,blend_p001,705.0,31.0,gd,0.002,projected,5000,84500.0,1,0.8660283992831258,6.494328405133505,0.008660254037844421,0.008660254037844421,0.17499462032760585,0.04070311391027527,782.4813857134271,782.4813857134271,783.1886297586607,,,,0.9996906481652688,0.9999999999999999,298.5638856511042,1.4928194282555212,1.0,100000.0,100000.0,100000.0,1.0,1.0656361441611245e-08,5.312545233321381e-05,2.1649113176873972e-05,0.0006604666277567965
panel31,blend_p001,705.0,31.0,gd,0.002,target,5000,100000.0,0,0.8660283992831258,6.494328405133505,0.008660254037844421,0.008660254037844421,0.17499462032760585,0.04070311391027527,12.779684658077116,12.779684658077116,12.787527896535973,0.0003778371298754087,0.8623826625386067,1.0156499899644067,0.9996906481652688,0.9999999999999999,298.5638856511042,1.4928194282555212,1.0,100000.0,100000.0,100000.0,1.0,1.0656361441611245e-08,5.312545233321381e-05,2.1649113176873972e-05,0.0006604666277567965
panel31,blend_p001,705.0,31.0,gd,0.002,reference,5000,100000.0,0,0.8660283992831258,6.494328405133505,0.008660254037844421,0.008660254037844421,0.17499462032760585,0.04070311391027527,3.4711162891852583,3.470016764218676,3.4706714543587367,0.0003756976156766844,0.8624672439600358,1.0041802583217427,0.9996906481652688,0.9999999999999999,298.5638856511042,1.4928194282555212,1.0,100000.0,100000.0,100000.0,1.0,1.0656361441611245e-08,5.312545233321381e-05,2.1649113176873972e-05,0.0006604666277567965
panel31,blend_p010,705.0,31.0,gd,0.002,generic,5000,15500.0,0,0.866054365050841,6.490054868887137,0.08660254037844385,0.08660254037844385,0.17499462032760585,0.04070311391027527,511.2918789229716,511.2918789229716,515.6391347313355,,,,0.9971860599017295,1.0000000000000002,297.5183727538982,1.487591863769491,1.0,100000.0,100000.0,100000.0,1.0,8.648704221973097e-07,0.0005300884509074916,2.1552695137331594e-05,0.0006569680049839577
panel31,blend_p010,705.0,31.0,gd,0.002,projected,5000,85000.0,1,0.866054365050841,6.490054868887137,0.08660254037844385,0.08660254037844385,0.17499462032760585,0.04070311391027527,82.10843365076249,82.10843365076249,82.75661368707058,,,,0.9971860599017295,1.0000000000000002,297.5183727538982,1.487591863769491,1.0,100000.0,100000.0,100000.0,1.0,8.648704221973097e-07,0.0005300884509074916,2.1552695137331594e-05,0.0006569680049839577
panel31,blend_p010,705.0,31.0,gd,0.002,target,5000,100000.0,0,0.866054365050841,6.490054868887137,0.08660254037844385,0.08660254037844385,0.17499462032760585,0.04070311391027527,8.728552600107703,8.728552600107703,8.794060944909472,0.00039513925677071566,0.8616590663567729,1.1115296101770125,0.9971860599017295,1.0000000000000002,297.5183727538982,1.487591863769491,1.0,100000.0,100000.0,100000.0,1.0,8.648704221973097e-07,0.0005300884509074916,2.1552695137331594e-05,0.0006569680049839577
panel31,blend_p010,705.0,31.0,gd,0.002,reference,5000,100000.0,0,0.866054365050841,6.490054868887137,0.08660254037844385,0.08660254037844385,0.17499462032760585,0.04070311391027527,1.7506359232878146,1.7506359232878146,1.753861484598109,0.0003785560406370287,0.8623696594640305,1.020189948765493,0.9971860599017295,1.0000000000000002,297.5183727538982,1.487591863769491,1.0,100000.0,100000.0,100000.0,1.0,8.648704221973097e-07,0.0005300884509074916,2.1552695137331594e-05,0.0006569680049839577
panel31,blend_p030,705.0,31.0,gd,0.002,generic,5000,15500.0,0,0.8661103391001482,6.480797823665426,0.2598076211353312,0.2598076211353312,0.17499462032760585,0.04070311391027527,172.73263303016697,172.73263303016697,177.03941404973912,,,,0.9924186796335327,1.0,295.42532990798134,1.4771266495399067,1.0,100000.0,100000.0,100000.0,1.0,7.014377394581441e-06,0.0015827262263882994,2.1345564274422418e-05,0.0006494703110993439
panel31,blend_p030,705.0,31.0,gd,0.002,projected,5000,86000.0,1,0.8661103391001482,6.480797823665426,0.2598076211353312,0.2598076211353312,0.17499462032760585,0.04070311391027527,27.71845705277952,27.71845705277952,28.362539155069143,,,,0.9924186796335327,1.0,295.42532990798134,1.4771266495399067,1.0,100000.0,100000.0,100000.0,1.0,7.014377394581441e-06,0.0015827262263882994,2.1345564274422418e-05,0.0006494703110993439
panel31,blend_p030,705.0,31.0,gd,0.002,target,5000,100000.0,0,0.8661103391001482,6.480797823665426,0.2598076211353312,0.2598076211353312,0.17499462032760585,0.04070311391027527,8.488171050797407,8.488171050797407,8.682223955493376,0.00044461122030796775,0.8589493612621812,1.4092933777845185,0.9924186796335327,1.0,295.42532990798134,1.4771266495399067,1.0,100000.0,100000.0,100000.0,1.0,7.014377394581441e-06,0.0015827262263882994,2.1345564274422418e-05,0.0006494703110993439
panel31,blend_p030,705.0,31.0,gd,0.002,reference,5000,100000.0,0,0.8661103391001482,6.480797823665426,0.2598076211353312,0.2598076211353312,0.17499462032760585,0.04070311391027527,1.6211342100492145,1.6211342100492145,1.6322719388263525,0.0003848806388096063,0.8621426040738172,1.0560699952067591,0.9924186796335327,1.0,295.42532990798134,1.4771266495399067,1.0,100000.0,100000.0,100000.0,1.0,7.014377394581441e-06,0.0015827262263882994,2.1345564274422418e-05,0.0006494703110993439
panel31,exp_right,705.0,31.0,gd,0.002,generic,5000,35000.0,0,0.3175199728973662,6.915964836877771,0.3161345194750153,0.3170222070529704,0.17499462032760585,0.04070311391027527,12.238490350710387,12.238490350710387,12.482354679985589,,,,1.0216511418544132,0.9999999999999999,327.38339521476354,1.6369169760738176,1.0176955886155206,62000.0,100000.0,100000.0,1.0,0.0002229503817598306,0.0022925885793832423,3.1040670170572554e-05,0.0003363645061350874
panel31,exp_right,705.0,31.0,gd,0.002,projected,5000,100000.0,0,0.3175199728973662,6.915964836877771,0.3161345194750153,0.3170222070529704,0.17499462032760585,0.04070311391027527,2.004107927966771,2.004107927966771,2.0537752424267315,0.000512593204172527,0.3021838994473836,1.7553428692061648,1.0216511418544132,0.9999999999999999,327.38339521476354,1.6369169760738176,1.0176955886155206,62000.0,100000.0,100000.0,1.0,0.0002229503817598306,0.0022925885793832423,3.1040670170572554e-05,0.0003363645061350874
panel31,exp_right,705.0,31.0,gd,0.002,target,5000,100000.0,0,0.3175199728973662,6.915964836877771,0.3161345194750153,0.3170222070529704,0.17499462032760585,0.04070311391027527,2.004107927966771,2.004107927966771,2.0537752424267315,0.000512593204172527,0.3021838994473836,1.7553428692061648,1.0216511418544132,0.9999999999999999,327.38339521476354,1.6369169760738176,1.0176955886155206,62000.0,100000.0,100000.0,1.0,0.0002229503817598306,0.0022925885793832423,3.1040670170572554e-05,0.0003363645061350874
panel31,exp_right,705.0,31.0,gd,0.002,reference,5000,100000.0,0,0.3175199728973662,6.915964836877771,0.3161345194750153,0.3170222070529704,0.17499462032760585,0.04070311391027527,1.1886370728660447,1.177215959312484,1.181772231883765,0.0004431955429109212,0.309032463234087,1.312221168539402,1.0216511418544132,0.9999999999999999,327.38339521476354,1.6369169760738176,1.0176955886155206,62000.0,100000.0,100000.0,1.0,0.0002229503817598306,0.0022925885793832423,3.1040670170572554e-05,0.0003363645061350874
panel31,exp_left,705.0,31.0,gd,0.002,generic,5000,21500.0,0,0.5728461714074583,6.8447460469481545,0.5582382928320788,0.5723859107798637,0.17499462032760585,0.04070311391027527,13.669763991266802,13.568627464907939,13.862394113696395,,,,1.0750001082837073,0.9999999999999999,334.97949536507684,1.6748974768253841,1.1175342901217737,6000.0,100000.0,100000.0,1.0,0.0005748489854610407,0.003717852520689418,2.6259744652596364e-05,0.0005022035709364465
panel31,exp_left,705.0,31.0,gd,0.002,projected,5000,95500.0,1,0.5728461714074583,6.8447460469481545,0.5582382928320788,0.5723859107798637,0.17499462032760585,0.04070311391027527,2.21027447422374,2.21027447422374,2.313483212438868,,,,1.0750001082837073,0.9999999999999999,334.97949536507684,1.6748974768253841,1.1175342901217737,6000.0,100000.0,100000.0,1.0,0.0005748489854610407,0.003717852520689418,2.6259744652596364e-05,0.0005022035709364465
panel31,exp_left,705.0,31.0,gd,0.002,target,5000,95500.0,1,0.5728461714074583,6.8447460469481545,0.5582382928320788,0.5723859107798637,0.17499462032760585,0.04070311391027527,2.173911345503229,2.173911345503229,2.2768574818924607,,,,1.0750001082837073,0.9999999999999999,334.97949536507684,1.6748974768253841,1.1175342901217737,6000.0,100000.0,100000.0,1.0,0.0005748489854610407,0.003717852520689418,2.6259744652596364e-05,0.0005022035709364465
panel31,exp_left,705.0,31.0,gd,0.002,reference,5000,100000.0,0,0.5728461714074583,6.8447460469481545,0.5582382928320788,0.5723859107798637,0.17499462032760585,0.04070311391027527,1.1917026676233884,1.1814725252650333,1.1895842967780461,0.0004977773412964053,0.5573299981998209,1.6725609599132156,1.0750001082837073,0.9999999999999999,334.97949536507684,1.6748974768253841,1.1175342901217737,6000.0,100000.0,100000.0,1.0,0.0005748489854610407,0.003717852520689418,2.6259744652596364e-05,0.0005022035709364465
panel31,gauss_left,705.0,31.0,gd,0.002,generic,5000,17000.0,0,0.7888757969961092,6.524134458840637,0.5919042096636233,0.6931855907967374,0.17499462032760585,0.04070311391027527,24.772086249269943,18.748079434367238,22.302506550883905,,,,1.1056323459528588,1.0,355.1891393420785,1.7759456967103924,1.2100036113984556,0.0,100000.0,100000.0,1.0,0.0005365743917462218,0.0036073224310756886,2.1331952696379366e-05,0.0006209536989774128
panel31,gauss_left,705.0,31.0,gd,0.002,projected,5000,75000.0,1,0.7888757969961092,6.524134458840637,0.5919042096636233,0.6931855907967374,0.17499462032760585,0.04070311391027527,3.9966478204168054,3.6281770682900456,3.77082432339343,,,,1.1056323459528588,1.0,355.1891393420785,1.7759456967103924,1.2100036113984556,0.0,100000.0,100000.0,1.0,0.0005365743917462218,0.0036073224310756886,2.1331952696379366e-05,0.0006209536989774128
panel31,gauss_left,705.0,31.0,gd,0.002,target,5000,85500.0,1,0.7888757969961092,6.524134458840637,0.5919042096636233,0.6931855907967374,0.17499462032760585,0.04070311391027527,3.085281799406153,2.860043287023885,2.959930970091576,,,,1.1056323459528588,1.0,355.1891393420785,1.7759456967103924,1.2100036113984556,0.0,100000.0,100000.0,1.0,0.0005365743917462218,0.0036073224310756886,2.1331952696379366e-05,0.0006209536989774128
panel31,gauss_left,705.0,31.0,gd,0.002,reference,5000,100000.0,0,0.7888757969961092,6.524134458840637,0.5919042096636233,0.6931855907967374,0.17499462032760585,0.04070311391027527,1.2454609559790186,1.2454609559790186,1.2640846794357732,0.0004855605941317633,0.7737600612240185,1.6696791073518924,1.1056323459528588,1.0,355.1891393420785,1.7759456967103924,1.2100036113984556,0.0,100000.0,100000.0,1.0,0.0005365743917462218,0.0036073224310756886,2.1331952696379366e-05,0.0006209536989774128
panel31,gauss_right,705.0,31.0,gd,0.002,generic,5000,15500.0,0,0.9095261287361419,6.392245676930456,0.4207516386912913,0.5098655370736236,0.17499462032760585,0.04070311391027527,52.60895238294014,44.15345928754628,49.41378476297704,,,,1.033069195487099,1.0,305.4641270690678,1.527320635345339,1.050846446724708,0.0,100000.0,100000.0,1.0,9.046022639858788e-05,0.0024568042318976026,1.951348368675436e-05,0.0006308052588484961
panel31,gauss_right,705.0,31.0,gd,0.002,projected,5000,79500.0,1,0.9095261287361419,6.392245676930456,0.4207516386912913,0.5098655370736236,0.17499462032760585,0.04070311391027527,8.409740094284867,7.4233263405732846,7.992117657182218,,,,1.033069195487099,1.0,305.4641270690678,1.527320635345339,1.050846446724708,0.0,100000.0,100000.0,1.0,9.046022639858788e-05,0.0024568042318976026,1.951348368675436e-05,0.0006308052588484961
panel31,gauss_right,705.0,31.0,gd,0.002,target,5000,100000.0,0,0.9095261287361419,6.392245676930456,0.4207516386912913,0.5098655370736236,0.17499462032760585,0.04070311391027527,4.026571541879749,3.6133845022714124,3.8409904746113352,0.0005374665544796084,0.8926228187450429,2.0879422273353745,1.033069195487099,1.0,305.4641270690678,1.527320635345339,1.050846446724708,0.0,100000.0,100000.0,1.0,9.046022639858788e-05,0.0024568042318976026,1.951348368675436e-05,0.0006308052588484961
panel31,gauss_right,705.0,31.0,gd,0.002,reference,5000,100000.0,0,0.9095261287361419,6.392245676930456,0.4207516386912913,0.5098655370736236,0.17499462032760585,0.04070311391027527,1.276412767014494,1.276412767014494,1.2855588217763076,0.00040733747925676537,0.9044017307780041,1.1992903315668357,1.033069195487099,1.0,305.4641270690678,1.527320635345339,1.050846446724708,0.0,100000.0,100000.0,1.0,9.046022639858788e-05,0.0024568042318976026,1.951348368675436e-05,0.0006308052588484961
panel31,bump_left,705.0,31.0,gd,0.002,generic,5000,16500.0,0,0.7893280954169827,6.5120929285845275,0.6150243117754828,0.7316867509732182,0.17499462032760585,0.04070311391027527,20.982195856413533,16.119632378792772,18.769598701534136,,,,1.1566429441196138,1.0,390.81233308217475,1.9540616654108738,1.3289090484087869,0.0,100000.0,100000.0,1.0,0.000981866801031998,0.003748059221518648,2.1282111859948273e-05,0.0006258420896046013
panel31,bump_left,705.0,31.0,gd,0.002,projected,5000,71500.0,1,0.7893280954169827,6.5120929285845275,0.6150243117754828,0.7316867509732182,0.17499462032760585,0.04070311391027527,3.3880412779288385,3.1410583391832865,3.2759880708607922,,,,1.1566429441196138,1.0,390.81233308217475,1.9540616654108738,1.3289090484087869,0.0,100000.0,100000.0,1.0,0.000981866801031998,0.003748059221518648,2.1282111859948273e-05,0.0006258420896046013
panel31,bump_left,705.0,31.0,gd,0.002,target,5000,79000.0,1,0.7893280954169827,6.5120929285845275,0.6150243117754828,0.7316867509732182,0.17499462032760585,0.04070311391027527,2.721231783083378,2.572168104806376,2.6702940752447555,,,,1.1566429441196138,1.0,390.81233308217475,1.9540616654108738,1.3289090484087869,0.0,100000.0,100000.0,1.0,0.000981866801031998,0.003748059221518648,2.1282111859948273e-05,0.0006258420896046013
panel31,bump_left,705.0,31.0,gd,0.002,reference,5000,100000.0,0,0.7893280954169827,6.5120929285845275,0.6150243117754828,0.7316867509732182,0.17499462032760585,0.04070311391027527,1.2238115539458672,1.2238115539458672,1.2473932867895883,0.0005729785697263088,0.7436430242376475,2.3292988712277505,1.1566429441196138,1.0,390.81233308217475,1.9540616654108738,1.3289090484087869,0.0,100000.0,100000.0,1.0,0.000981866801031998,0.003748059221518648,2.1282111859948273e-05,0.0006258420896046013
panel31,bump_right,705.0,31.0,gd,0.002,generic,5000,15500.0,0,0.8813364726110848,6.423578232939168,0.506051291594874,0.6300983409598897,0.17499462032760585,0.04070311391027527,33.23297097130376,25.984101312175447,30.48040896718917,,,,1.070229637487224,0.9999999999999999,331.40874052576424,1.6570437026288212,1.1268419168611508,0.0,100000.0,100000.0,1.0,0.00028446100990814,0.0030153444641131052,2.0289984719036366e-05,0.000651272285785037
panel31,bump_right,705.0,31.0,gd,0.002,projected,5000,74000.0,1,0.8813364726110848,6.423578232939168,0.506051291594874,0.6300983409598897,0.17499462032760585,0.04070311391027527,5.337290133637332,4.839039304562229,5.0242830054592655,,,,1.070229637487224,0.9999999999999999,331.40874052576424,1.6570437026288212,1.1268419168611508,0.0,100000.0,100000.0,1.0,0.00028446100990814,0.0030153444641131052,2.0289984719036366e-05,0.000651272285785037
panel31,bump_right,705.0,31.0,gd,0.002,target,5000,100000.0,0,0.8813364726110848,6.423578232939168,0.506051291594874,0.6300983409598897,0.17499462032760585,0.04070311391027527,3.1806567925497835,2.96146660548426,3.0419334120555708,0.0011094693895590676,0.28354241728712437,8.853656711596628,1.070229637487224,0.9999999999999999,331.40874052576424,1.6570437026288212,1.1268419168611508,0.0,100000.0,100000.0,1.0,0.00028446100990814,0.0030153444641131052,2.0289984719036366e-05,0.000651272285785037
panel31,bump_right,705.0,31.0,gd,0.002,reference,5000,100000.0,0,0.8813364726110848,6.423578232939168,0.506051291594874,0.6300983409598897,0.17499462032760585,0.04070311391027527,1.2340278062210202,1.2340278062210202,1.253034615199777,0.00044206860479518236,0.8729174731753705,1.4056311587925225,1.070229637487224,0.9999999999999999,331.40874052576424,1.6570437026288212,1.1268419168611508,0.0,100000.0,100000.0,1.0,0.00028446100990814,0.0030153444641131052,2.0289984719036366e-05,0.000651272285785037
panel31,step_left,705.0,31.0,gd,0.002,generic,5000,22000.0,0,0.4194488391442755,7.25209987238744,0.3393305424164085,0.3948869669868921,0.17499462032760585,0.04070311391027527,15.836471912716155,13.558747882955666,14.711078509228397,,,,1.0856225453184385,0.9999999999999999,450.8788652024059,2.2543943260120294,1.2768427442223966,0.0,100000.0,100000.0,1.0,0.0006580440746528541,0.002916151562178469,4.401153192666749e-05,0.0006637103716815807
panel31,step_left,705.0,31.0,gd,0.002,projected,5000,82000.0,1,0.4194488391442755,7.25209987238744,0.3393305424164085,0.3948869669868921,0.17499462032760585,0.04070311391027527,2.6793842979219833,2.6327857558006107,2.6727186401153165,,,,1.0856225453184385,0.9999999999999999,450.8788652024059,2.2543943260120294,1.2768427442223966,0.0,100000.0,100000.0,1.0,0.0006580440746528541,0.002916151562178469,4.401153192666749e-05,0.0006637103716815807
panel31,step_left,705.0,31.0,gd,0.002,target,5000,87000.0,1,0.4194488391442755,7.25209987238744,0.3393305424164085,0.3948869669868921,0.17499462032760585,0.04070311391027527,2.268553580769832,2.247864892263651,2.268072687598001,,,,1.0856225453184385,0.9999999999999999,450.8788652024059,2.2543943260120294,1.2768427442223966,0.0,100000.0,100000.0,1.0,0.0006580440746528541,0.002916151562178469,4.401153192666749e-05,0.0006637103716815807
panel31,step_left,705.0,31.0,gd,0.002,reference,5000,100000.0,0,0.4194488391442755,7.25209987238744,0.3393305424164085,0.3948869669868921,0.17499462032760585,0.04070311391027527,1.240109744518362,1.240109744518362,1.287762921397023,0.0005606472601960571,0.3765241176297648,2.0025560457576854,1.0856225453184385,0.9999999999999999,450.8788652024059,2.2543943260120294,1.2768427442223966,0.0,100000.0,100000.0,1.0,0.0006580440746528541,0.002916151562178469,4.401153192666749e-05,0.0006637103716815807
panel31,step_right,705.0,31.0,gd,0.002,generic,5000,19500.0,0,0.4918917305673148,7.164045531555805,0.3568726632619385,0.43222705988280125,0.17499462032760585,0.04070311391027527,16.70887875625419,14.627592283218652,15.70007867636285,,,,1.1022004594163863,1.0000000000000002,436.26212992283183,2.181310649614159,1.25031979107256,0.0,100000.0,100000.0,1.0,0.0006991514180429924,0.0029761387601748373,4.118929297315811e-05,0.0007280310906845586
panel31,step_right,705.0,31.0,gd,0.002,projected,5000,78500.0,1,0.4918917305673148,7.164045531555805,0.3568726632619385,0.43222705988280125,0.17499462032760585,0.04070311391027527,2.811114739620889,2.7718603288478687,2.804463697256334,,,,1.1022004594163863,1.0000000000000002,436.26212992283183,2.181310649614159,1.25031979107256,0.0,100000.0,100000.0,1.0,0.0006991514180429924,0.0029761387601748373,4.118929297315811e-05,0.0007280310906845586
panel31,step_right,705.0,31.0,gd,0.002,target,5000,88000.0,1,0.4918917305673148,7.164045531555805,0.3568726632619385,0.43222705988280125,0.17499462032760585,0.04070311391027527,2.1449587804949335,2.133197308538616,2.1460638434219383,,,,1.1022004594163863,1.0000000000000002,436.26212992283183,2.181310649614159,1.25031979107256,0.0,100000.0,100000.0,1.0,0.0006991514180429924,0.0029761387601748373,4.118929297315811e-05,0.0007280310906845586
panel31,step_right,705.0,31.0,gd,0.002,reference,5000,100000.0,0,0.4918917305673148,7.164045531555805,0.3568726632619385,0.43222705988280125,0.17499462032760585,0.04070311391027527,1.2370195024444572,1.2370195024444572,1.2812554373842102,0.0005493697272088579,0.45736808252218353,1.946436134783875,1.1022004594163863,1.0000000000000002,436.26212992283183,2.181310649614159,1.25031979107256,0.0,100000.0,100000.0,1.0,0.0006991514180429924,0.0029761387601748373,4.118929297315811e-05,0.0007280310906845586
panel31,kink_abs,705.0,31.0,gd,0.002,generic,5000,30500.0,0,0.4284520965999238,6.5657808314632575,0.41809614070420337,0.4258904171232181,0.17499462032760585,0.04070311391027527,12.815996799088824,11.665763539190097,12.7452369187939,,,,1.0378136127444415,1.0,304.0194085323727,1.5200970426618636,1.0237695410595828,62500.0,100000.0,100000.0,1.0,0.0002722361368266034,0.0025885138908225943,2.224040774086401e-05,0.0003263787006424947
panel31,kink_abs,705.0,31.0,gd,0.002,projected,5000,100000.0,0,0.4284520965999238,6.5657808314632575,0.41809614070420337,0.4258904171232181,0.17499462032760585,0.04070311391027527,2.0564898019161175,1.9666432676755505,2.0458606946223448,0.0005355950892721161,0.41106965852903926,2.018625888831928,1.0378136127444415,1.0,304.0194085323727,1.5200970426618636,1.0237695410595828,62500.0,100000.0,100000.0,1.0,0.0002722361368266034,0.0025885138908225943,2.224040774086401e-05,0.0003263787006424947
panel31,kink_abs,705.0,31.0,gd,0.002,target,5000,100000.0,0,0.4284520965999238,6.5657808314632575,0.41809614070420337,0.4258904171232181,0.17499462032760585,0.04070311391027527,2.0275821432220287,1.942634698836979,2.0172281724699412,0.0005335690590125193,0.41134522378224064,2.003382799994893,1.0378136127444415,1.0,304.0194085323727,1.5200970426618636,1.0237695410595828,62500.0,100000.0,100000.0,1.0,0.0002722361368266034,0.0025885138908225943,2.224040774086401e-05,0.0003263787006424947
panel31,kink_abs,705.0,31.0,gd,0.002,reference,5000,100000.0,0,0.4284520965999238,6.5657808314632575,0.41809614070420337,0.4258904171232181,0.17499462032760585,0.04070311391027527,1.1596246135712862,1.158119083083522,1.1595623057441944,0.0004440303738747306,0.42044647497869236,1.3874202341277133,1.0378136127444415,1.0,304.0194085323727,1.5200970426618636,1.0237695410595828,62500.0,100000.0,100000.0,1.0,0.0002722361368266034,0.0025885138908225943,2.224040774086401e-05,0.0003263787006424947
panel31,kink_relu,705.0,31.0,gd,0.002,generic,5000,20000.0,0,0.5671086800908639,6.886754933734041,0.5567088889410121,0.562803606341221,0.17499462032760585,0.04070311391027527,13.005238090523823,12.60897136912411,13.04508276503565,,,,1.1178131639628501,1.0,392.3058445660026,1.961529222830013,1.2201761794713795,0.0,100000.0,100000.0,1.0,0.0010131526484549775,0.004017411444473074,3.0633178473721936e-05,0.0005981990193725559
panel31,kink_relu,705.0,31.0,gd,0.002,projected,5000,82500.0,1,0.5671086800908639,6.886754933734041,0.5567088889410121,0.562803606341221,0.17499462032760585,0.04070311391027527,2.129839097164565,2.129839097164565,2.235181556271814,,,,1.1178131639628501,1.0,392.3058445660026,1.961529222830013,1.2201761794713795,0.0,100000.0,100000.0,1.0,0.0010131526484549775,0.004017411444473074,3.0633178473721936e-05,0.0005981990193725559
panel31,kink_relu,705.0,31.0,gd,0.002,target,5000,83000.0,1,0.5671086800908639,6.886754933734041,0.5567088889410121,0.562803606341221,0.17499462032760585,0.04070311391027527,2.1096718316662937,2.1096718316662937,2.2160433934493318,,,,1.1178131639628501,1.0,392.3058445660026,1.961529222830013,1.2201761794713795,0.0,100000.0,100000.0,1.0,0.0010131526484549775,0.004017411444473074,3.0633178473721936e-05,0.0005981990193725559
panel31,kink_relu,705.0,31.0,gd,0.002,reference,5000,100000.0,0,0.5671086800908639,6.886754933734041,0.5567088889410121,0.562803606341221,0.17499462032760585,0.04070311391027527,1.1852089593595259,1.182452813924689,1.1915134279546464,0.0005666048686365236,0.5289590727054903,2.1538478580901605,1.1178131639628501,1.0,392.3058445660026,1.961529222830013,1.2201761794713795,0.0,100000.0,100000.0,1.0,0.0010131526484549775,0.004017411444473074,3.0633178473721936e-05,0.0005981990193725559
confirmation,moment5,705.0,33.0,gd,0.002,generic,5000,16000.0,0,0.8660252544422402,6.3429395293910815,1.5251761409605148e-16,0.866025403784438,0.17499462032760585,0.04070311391027527,32140.902420534065,32135.131188884046,32138.613600208693,,,,1.0000284982815904,0.9999999999999999,294.16382223162213,1.4708191111581106,1.0000202719822797,0.0,100000.0,100000.0,1.0,3.426349834384496e-10,8.894925578009615e-19,1.9255737042276228e-05,0.0006174450235920217
confirmation,moment5,705.0,33.0,gd,0.002,projected,5000,88000.0,1,0.8660252544422402,6.3429395293910815,1.5251761409605148e-16,0.866025403784438,0.17499462032760585,0.04070311391027527,5153.7859035452975,5152.896648958135,5153.433301034786,,,,1.0000284982815904,0.9999999999999999,294.16382223162213,1.4708191111581106,1.0000202719822797,0.0,100000.0,100000.0,1.0,3.426349834384496e-10,8.894925578009615e-19,1.9255737042276228e-05,0.0006174450235920217
confirmation,moment5,705.0,33.0,gd,0.002,target,5000,100000.0,0,0.8660252544422402,6.3429395293910815,1.5251761409605148e-16,0.866025403784438,0.17499462032760585,0.04070311391027527,578.9214357344724,578.8552347696606,578.8952539214347,0.00039209827166563157,0.8618519683918796,1.119871861593167,1.0000284982815904,0.9999999999999999,294.16382223162213,1.4708191111581106,1.0000202719822797,0.0,100000.0,100000.0,1.0,3.426349834384496e-10,8.894925578009615e-19,1.9255737042276228e-05,0.0006174450235920217
confirmation,moment5,705.0,33.0,gd,0.002,reference,5000,100000.0,0,0.8660252544422402,6.3429395293910815,1.5251761409605148e-16,0.866025403784438,0.17499462032760585,0.04070311391027527,13.907410861635192,13.905992686433489,13.906848531229453,0.0003709711758382856,0.8627069259256515,1.0024409738757094,1.0000284982815904,0.9999999999999999,294.16382223162213,1.4708191111581106,1.0000202719822797,0.0,100000.0,100000.0,1.0,3.426349834384496e-10,8.894925578009615e-19,1.9255737042276228e-05,0.0006174450235920217
confirmation,mixed_sine,705.0,33.0,gd,0.002,generic,5000,16000.0,0,0.9125790237580741,6.311046701928773,0.42369889394169613,0.7239589869416317,0.17499462032760585,0.04070311391027527,113.51599015553703,113.51599015553703,117.67496386579874,,,,0.9903573731973926,1.0000000000000002,280.6144708699955,1.4030723543499775,1.0,100000.0,100000.0,100000.0,1.0,1.463469218036086e-05,0.002361869507152436,1.7751543615704372e-05,0.0005651041086794628
confirmation,mixed_sine,705.0,33.0,gd,0.002,projected,5000,90500.0,1,0.9125790237580741,6.311046701928773,0.42369889394169613,0.7239589869416317,0.17499462032760585,0.04070311391027527,18.02120362579602,18.02120362579602,18.64094044518469,,,,0.9903573731973926,1.0000000000000002,280.6144708699955,1.4030723543499775,1.0,100000.0,100000.0,100000.0,1.0,1.463469218036086e-05,0.002361869507152436,1.7751543615704372e-05,0.0005651041086794628
confirmation,mixed_sine,705.0,33.0,gd,0.002,target,5000,100000.0,0,0.9125790237580741,6.311046701928773,0.42369889394169613,0.7239589869416317,0.17499462032760585,0.04070311391027527,9.055174105853032,9.055174105853032,9.352134414532777,0.000509839361833984,0.9004559154529733,1.9029806722474967,0.9903573731973926,1.0000000000000002,280.6144708699955,1.4030723543499775,1.0,100000.0,100000.0,100000.0,1.0,1.463469218036086e-05,0.002361869507152436,1.7751543615704372e-05,0.0005651041086794628
confirmation,mixed_sine,705.0,33.0,gd,0.002,reference,5000,100000.0,0,0.9125790237580741,6.311046701928773,0.42369889394169613,0.7239589869416317,0.17499462032760585,0.04070311391027527,1.5756719908048844,1.5756719908048844,1.592411133609941,0.0003844479692786334,0.9087651977769026,1.0820387053414127,0.9903573731973926,1.0000000000000002,280.6144708699955,1.4030723543499775,1.0,100000.0,100000.0,100000.0,1.0,1.463469218036086e-05,0.002361869507152436,1.7751543615704372e-05,0.0005651041086794628
confirmation,gauss_left,705.0,33.0,gd,0.002,generic,5000,17000.0,0,0.7889280297358383,6.363761528450709,0.5919042096636233,0.6931855907967374,0.17499462032760585,0.04070311391027527,25.25824763715573,18.606399981255766,22.438060998075855,,,,1.0952463057962125,1.0000000000000002,358.92000850378963,1.7946000425189481,1.2131831336532026,0.0,100000.0,100000.0,1.0,0.0005705008150850948,0.0035020483085240303,1.978690785696378e-05,0.0005984740642423946
confirmation,gauss_left,705.0,33.0,gd,0.002,projected,5000,76000.0,1,0.7889280297358383,6.363761528450709,0.5919042096636233,0.6931855907967374,0.17499462032760585,0.04070311391027527,4.071683140200443,3.6239078986532682,3.7818473070809695,,,,1.0952463057962125,1.0000000000000002,358.92000850378963,1.7946000425189481,1.2131831336532026,0.0,100000.0,100000.0,1.0,0.0005705008150850948,0.0035020483085240303,1.978690785696378e-05,0.0005984740642423946
confirmation,gauss_left,705.0,33.0,gd,0.002,target,5000,86500.0,1,0.7889280297358383,6.363761528450709,0.5919042096636233,0.6931855907967374,0.17499462032760585,0.04070311391027527,3.1418605985374586,2.8609927820592134,2.9762214101529016,,,,1.0952463057962125,1.0000000000000002,358.92000850378963,1.7946000425189481,1.2131831336532026,0.0,100000.0,100000.0,1.0,0.0005705008150850948,0.0035020483085240303,1.978690785696378e-05,0.0005984740642423946
confirmation,gauss_left,705.0,33.0,gd,0.002,reference,5000,100000.0,0,0.7889280297358383,6.363761528450709,0.5919042096636233,0.6931855907967374,0.17499462032760585,0.04070311391027527,1.227004010061144,1.227004010061144,1.2486201058916129,0.000475181377337264,0.7749815976206365,1.6393586436119987,1.0952463057962125,1.0000000000000002,358.92000850378963,1.7946000425189481,1.2131831336532026,0.0,100000.0,100000.0,1.0,0.0005705008150850948,0.0035020483085240303,1.978690785696378e-05,0.0005984740642423946
confirmation,bump_right,705.0,33.0,gd,0.002,generic,5000,16000.0,0,0.881377447150428,6.25390938339334,0.506051291594874,0.6300983409598897,0.17499462032760585,0.04070311391027527,34.15433557426909,26.597504417668965,31.232384339427654,,,,1.058235026630219,1.0000000000000002,324.6293464931356,1.6231467324656779,1.1144666891552708,0.0,100000.0,100000.0,1.0,0.00024815666787617724,0.0028687508671024252,1.803995802138697e-05,0.0006079348358153997
confirmation,bump_right,705.0,33.0,gd,0.002,projected,5000,77500.0,1,0.881377447150428,6.25390938339334,0.506051291594874,0.6300983409598897,0.17499462032760585,0.04070311391027527,5.473831894242158,4.775510011450213,5.118987188393704,,,,1.058235026630219,1.0000000000000002,324.6293464931356,1.6231467324656779,1.1144666891552708,0.0,100000.0,100000.0,1.0,0.00024815666787617724,0.0028687508671024252,1.803995802138697e-05,0.0006079348358153997
confirmation,bump_right,705.0,33.0,gd,0.002,target,5000,100000.0,0,0.881377447150428,6.25390938339334,0.506051291594874,0.6300983409598897,0.17499462032760585,0.04070311391027527,3.258562610709439,2.9345948959693895,3.0687203791938846,0.000719530212576689,0.8106900108659072,3.8248599006732706,1.058235026630219,1.0000000000000002,324.6293464931356,1.6231467324656779,1.1144666891552708,0.0,100000.0,100000.0,1.0,0.00024815666787617724,0.0028687508671024252,1.803995802138697e-05,0.0006079348358153997
confirmation,bump_right,705.0,33.0,gd,0.002,reference,5000,100000.0,0,0.881377447150428,6.25390938339334,0.506051291594874,0.6300983409598897,0.17499462032760585,0.04070311391027527,1.231449712442585,1.231449712442585,1.243975371415958,0.00042856247927156797,0.8742958733890321,1.3568934780496678,1.058235026630219,1.0000000000000002,324.6293464931356,1.6231467324656779,1.1144666891552708,0.0,100000.0,100000.0,1.0,0.00024815666787617724,0.0028687508671024252,1.803995802138697e-05,0.0006079348358153997
confirmation,step_right,705.0,33.0,gd,0.002,generic,5000,21000.0,0,0.4919996733466384,7.040226894176358,0.3568726632619385,0.43222705988280125,0.17499462032760585,0.04070311391027527,16.962639003914404,14.535484161952867,15.8914759356734,,,,1.0849991743715748,0.9999999999999999,407.7809675628708,2.038904837814354,1.2194250694767694,0.0,100000.0,100000.0,1.0,0.0006025478288410981,0.002776458658997614,3.545600876432906e-05,0.0006450453190161935
confirmation,step_right,705.0,33.0,gd,0.002,projected,5000,84500.0,1,0.4919996733466384,7.040226894176358,0.3568726632619385,0.43222705988280125,0.17499462032760585,0.04070311391027527,2.832096621661002,2.768255078610896,2.8128478085010222,,,,1.0849991743715748,0.9999999999999999,407.7809675628708,2.038904837814354,1.2194250694767694,0.0,100000.0,100000.0,1.0,0.0006025478288410981,0.002776458658997614,3.545600876432906e-05,0.0006450453190161935
confirmation,step_right,705.0,33.0,gd,0.002,target,5000,94000.0,1,0.4919996733466384,7.040226894176358,0.3568726632619385,0.43222705988280125,0.17499462032760585,0.04070311391027527,2.15444791865048,2.128950871422565,2.150962349718114,,,,1.0849991743715748,0.9999999999999999,407.7809675628708,2.038904837814354,1.2194250694767694,0.0,100000.0,100000.0,1.0,0.0006025478288410981,0.002776458658997614,3.545600876432906e-05,0.0006450453190161935
confirmation,step_right,705.0,33.0,gd,0.002,reference,5000,100000.0,0,0.4919996733466384,7.040226894176358,0.3568726632619385,0.43222705988280125,0.17499462032760585,0.04070311391027527,1.2220118825134638,1.2220118825134638,1.2607351599432624,0.0005160229753738692,0.4689919017817867,1.747513215688812,1.0849991743715748,0.9999999999999999,407.7809675628708,2.038904837814354,1.2194250694767694,0.0,100000.0,100000.0,1.0,0.0006025478288410981,0.002776458658997614,3.545600876432906e-05,0.0006450453190161935
confirmation,kink_abs,705.0,33.0,gd,0.002,generic,5000,31500.0,0,0.4284266505513032,6.412624225314046,0.41809614070420337,0.4258904171232181,0.17499462032760585,0.04070311391027527,13.487836277088611,12.396443416983727,13.492538278548642,,,,1.032256497849115,1.0,300.289435614859,1.5014471780742948,1.0087562383359867,83000.0,100000.0,100000.0,1.0,0.0002262831761377993,0.002504130617506937,2.0443196294602606e-05,0.00031698011693554124
confirmation,kink_abs,705.0,33.0,gd,0.002,projected,5000,100000.0,0,0.4284266505513032,6.412624225314046,0.41809614070420337,0.4258904171232181,0.17499462032760585,0.04070311391027527,2.1652411792112924,2.050830364862013,2.164279483578693,0.0005170843765764416,0.41391766323754015,1.926442666064168,1.032256497849115,1.0,300.289435614859,1.5014471780742948,1.0087562383359867,83000.0,100000.0,100000.0,1.0,0.0002262831761377993,0.002504130617506937,2.0443196294602606e-05,0.00031698011693554124
confirmation,kink_abs,705.0,33.0,gd,0.002,target,5000,100000.0,0,0.4284266505513032,6.412624225314046,0.41809614070420337,0.4258904171232181,0.17499462032760585,0.04070311391027527,2.134125518683224,2.0239539350496867,2.1331441860545026,0.0005151071812566658,0.414148037957743,1.9117384074368176,1.032256497849115,1.0,300.289435614859,1.5014471780742948,1.0087562383359867,83000.0,100000.0,100000.0,1.0,0.0002262831761377993,0.002504130617506937,2.0443196294602606e-05,0.00031698011693554124
confirmation,kink_abs,705.0,33.0,gd,0.002,reference,5000,100000.0,0,0.4284266505513032,6.412624225314046,0.41809614070420337,0.4258904171232181,0.17499462032760585,0.04070311391027527,1.151731473267526,1.1472094976441514,1.150233604680537,0.000430280993381348,0.42159557080115906,1.3339439493863303,1.032256497849115,1.0,300.289435614859,1.5014471780742948,1.0087562383359867,83000.0,100000.0,100000.0,1.0,0.0002262831761377993,0.002504130617506937,2.0443196294602606e-05,0.00031698011693554124
widths,moment5,1409.0,31.0,gd,0.002,generic,5000,33500.0,0,0.8660253621250684,6.41770468981561,1.5251761409605148e-16,0.866025403784438,0.17499462032760585,0.04070311391027527,61711.03177255171,61709.294757177835,61710.339226659125,,,,1.0000077539835748,0.9999999999999999,288.4340926114104,1.442170463057052,1.0000073678215124,0.0,100000.0,100000.0,1.0,1.853093313609087e-11,4.441368933107344e-19,4.721822901675732e-06,0.0001462828859051211
widths,moment5,1409.0,31.0,gd,0.002,projected,5000,100000.0,0,0.8660253621250684,6.41770468981561,1.5251761409605148e-16,0.866025403784438,0.17499462032760585,0.04070311391027527,9328.8826624828,9328.63980782916,9328.785859022666,0.00017433296250711023,0.860940407704387,1.7491626956245485,1.0000077539835748,0.9999999999999999,288.4340926114104,1.442170463057052,1.0000073678215124,0.0,100000.0,100000.0,1.0,1.853093313609087e-11,4.441368933107344e-19,4.721822901675732e-06,0.0001462828859051211
widths,moment5,1409.0,31.0,gd,0.002,target,5000,100000.0,0,0.8660253621250684,6.41770468981561,1.5251761409605148e-16,0.866025403784438,0.17499462032760585,0.04070311391027527,527.9647259690604,527.9647259690604,527.9668580243371,0.0001334355742361977,0.8643212687370129,1.0247417810804982,1.0000077539835748,0.9999999999999999,288.4340926114104,1.442170463057052,1.0000073678215124,0.0,100000.0,100000.0,1.0,1.853093313609087e-11,4.441368933107344e-19,4.721822901675732e-06,0.0001462828859051211
widths,moment5,1409.0,31.0,gd,0.002,reference,5000,100000.0,0,0.8660253621250684,6.41770468981561,1.5251761409605148e-16,0.866025403784438,0.17499462032760585,0.04070311391027527,7.3004888736865,7.3004888736865,7.30061419425681,0.0001318366122717188,0.8644028154709039,1.0003299117872468,1.0000077539835748,0.9999999999999999,288.4340926114104,1.442170463057052,1.0000073678215124,0.0,100000.0,100000.0,1.0,1.853093313609087e-11,4.441368933107344e-19,4.721822901675732e-06,0.0001462828859051211
widths,mixed_sine,1409.0,31.0,gd,0.002,generic,5000,32500.0,0,0.9125218158682311,6.385755190333548,0.42369889394169613,0.7239589869416317,0.17499462032760585,0.04070311391027527,113.07270843082597,113.07270843082597,115.19108134761242,,,,0.9948941333297759,1.0,282.6075809184138,1.4130379045920691,1.0,100000.0,100000.0,100000.0,1.0,3.954060198871864e-06,0.0012062441191799528,4.517483376359369e-06,0.0001468870208866833
widths,mixed_sine,1409.0,31.0,gd,0.002,projected,5000,100000.0,0,0.9125218158682311,6.385755190333548,0.42369889394169613,0.7239589869416317,0.17499462032760585,0.04070311391027527,17.069592527267588,17.069592527267588,17.37801511697703,0.000175557441672189,0.9073299811040952,1.7826953713030869,0.9948941333297759,1.0,282.6075809184138,1.4130379045920691,1.0,100000.0,100000.0,100000.0,1.0,3.954060198871864e-06,0.0012062441191799528,4.517483376359369e-06,0.0001468870208866833
widths,mixed_sine,1409.0,31.0,gd,0.002,target,5000,100000.0,0,0.9125218158682311,6.385755190333548,0.42369889394169613,0.7239589869416317,0.17499462032760585,0.04070311391027527,8.264436435834815,8.264436435834815,8.409768406813747,0.00014807450109898692,0.9099073737429639,1.268233457333418,0.9948941333297759,1.0,282.6075809184138,1.4130379045920691,1.0,100000.0,100000.0,100000.0,1.0,3.954060198871864e-06,0.0012062441191799528,4.517483376359369e-06,0.0001468870208866833
widths,mixed_sine,1409.0,31.0,gd,0.002,reference,5000,100000.0,0,0.9125218158682311,6.385755190333548,0.42369889394169613,0.7239589869416317,0.17499462032760585,0.04070311391027527,1.5342002386486195,1.5342002386486195,1.5433579487225049,0.00013407695905494858,0.910757857807918,1.039793151574474,0.9948941333297759,1.0,282.6075809184138,1.4130379045920691,1.0,100000.0,100000.0,100000.0,1.0,3.954060198871864e-06,0.0012062441191799528,4.517483376359369e-06,0.0001468870208866833
widths,gauss_left,1409.0,31.0,gd,0.002,generic,5000,36500.0,0,0.7890957817516164,6.41464254388308,0.5919042096636233,0.6931855907967374,0.17499462032760585,0.04070311391027527,25.369010219751637,22.232895847738597,24.164678309919832,,,,1.0286708798216648,1.0,300.42275712643954,1.5021137856321978,1.042606361373375,0.0,100000.0,100000.0,1.0,6.455976943494857e-05,0.0017230175113500403,4.707728369278594e-06,0.0001360127625554819
widths,gauss_left,1409.0,31.0,gd,0.002,projected,5000,100000.0,0,0.7890957817516164,6.41464254388308,0.5919042096636233,0.6931855907967374,0.17499462032760585,0.04070311391027527,3.839419735022801,3.4313438840404444,3.6759488633508646,0.00017164772337613883,0.7842071823866523,1.6965026796152447,1.0286708798216648,1.0,300.42275712643954,1.5021137856321978,1.042606361373375,0.0,100000.0,100000.0,1.0,6.455976943494857e-05,0.0017230175113500403,4.707728369278594e-06,0.0001360127625554819
widths,gauss_left,1409.0,31.0,gd,0.002,target,5000,100000.0,0,0.7890957817516164,6.41464254388308,0.5919042096636233,0.6931855907967374,0.17499462032760585,0.04070311391027527,2.9175189920847524,2.6182995033420484,2.796334282187713,0.0001588599971287251,0.7855908569446121,1.453140327529969,1.0286708798216648,1.0,300.42275712643954,1.5021137856321978,1.042606361373375,0.0,100000.0,100000.0,1.0,6.455976943494857e-05,0.0017230175113500403,4.707728369278594e-06,0.0001360127625554819
widths,gauss_left,1409.0,31.0,gd,0.002,reference,5000,100000.0,0,0.7890957817516164,6.41464254388308,0.5919042096636233,0.6931855907967374,0.17499462032760585,0.04070311391027527,1.2189153304811113,1.2189153304811113,1.2207621700386182,0.00014177608374330502,0.7869642787040981,1.1574024736589597,1.0286708798216648,1.0,300.42275712643954,1.5021137856321978,1.042606361373375,0.0,100000.0,100000.0,1.0,6.455976943494857e-05,0.0017230175113500403,4.707728369278594e-06,0.0001360127625554819
widths,bump_right,1409.0,31.0,gd,0.002,generic,5000,34000.0,0,0.8814845892293917,6.318275537984968,0.506051291594874,0.6300983409598897,0.17499462032760585,0.04070311391027527,34.66529047586832,31.22168942355901,33.376062856950504,,,,1.0185969799897328,1.0,288.7715684799987,1.4438578423999935,1.02536839128337,0.0,100000.0,100000.0,1.0,3.489271989132694e-05,0.00140672325581904,4.292629914001446e-06,0.0001344408607779658
widths,bump_right,1409.0,31.0,gd,0.002,projected,5000,100000.0,0,0.8814845892293917,6.318275537984968,0.506051291594874,0.6300983409598897,0.17499462032760585,0.04070311391027527,5.224817933346904,4.758404674832995,5.045866228654668,0.0001733328174091434,0.8765210565581742,1.756361651472024,1.0185969799897328,1.0,288.7715684799987,1.4438578423999935,1.02536839128337,0.0,100000.0,100000.0,1.0,3.489271989132694e-05,0.00140672325581904,4.292629914001446e-06,0.0001344408607779658
widths,bump_right,1409.0,31.0,gd,0.002,target,5000,100000.0,0,0.8814845892293917,6.318275537984968,0.506051291594874,0.6300983409598897,0.17499462032760585,0.04070311391027527,3.049339995902608,2.7861314034080387,2.9475180997014783,0.00015104777175528998,0.8787049213180849,1.333770168379675,1.0185969799897328,1.0,288.7715684799987,1.4438578423999935,1.02536839128337,0.0,100000.0,100000.0,1.0,3.489271989132694e-05,0.00140672325581904,4.292629914001446e-06,0.0001344408607779658
widths,bump_right,1409.0,31.0,gd,0.002,reference,5000,100000.0,0,0.8814845892293917,6.318275537984968,0.506051291594874,0.6300983409598897,0.17499462032760585,0.04070311391027527,1.1844842087514822,1.1844842087514822,1.1861666530324866,0.0001379241245449588,0.8795969931229684,1.1120717939621054,1.0185969799897328,1.0,288.7715684799987,1.4438578423999935,1.02536839128337,0.0,100000.0,100000.0,1.0,3.489271989132694e-05,0.00140672325581904,4.292629914001446e-06,0.0001344408607779658
widths,step_right,1409.0,31.0,gd,0.002,generic,5000,44500.0,0,0.49235505342708946,7.061157560802013,0.3568726632619385,0.43222705988280125,0.17499462032760585,0.04070311391027527,17.070515022260903,15.669347176912376,16.56347117834494,,,,1.0225778434569543,1.0000000000000002,349.63729907311944,1.7481864953655972,1.054321897465587,0.0,100000.0,100000.0,1.0,9.372843702690625e-05,0.0013810840784907487,8.48491473945073e-06,0.0001549882677127737
widths,step_right,1409.0,31.0,gd,0.002,projected,5000,100000.0,0,0.49235505342708946,7.061157560802013,0.3568726632619385,0.43222705988280125,0.17499462032760585,0.04070311391027527,2.6374769285811968,2.499263441084234,2.5795123568397575,0.00016980905342054608,0.4871193246898931,1.508331131534643,1.0225778434569543,1.0000000000000002,349.63729907311944,1.7481864953655972,1.054321897465587,0.0,100000.0,100000.0,1.0,9.372843702690625e-05,0.0013810840784907487,8.48491473945073e-06,0.0001549882677127737
widths,step_right,1409.0,31.0,gd,0.002,target,5000,100000.0,0,0.49235505342708946,7.061157560802013,0.3568726632619385,0.43222705988280125,0.17499462032760585,0.04070311391027527,1.956511633478135,1.8695633163435845,1.917499277637659,0.00015971806989874276,0.4883601119198365,1.3343910469952895,1.0225778434569543,1.0000000000000002,349.63729907311944,1.7481864953655972,1.054321897465587,0.0,100000.0,100000.0,1.0,9.372843702690625e-05,0.0013810840784907487,8.48491473945073e-06,0.0001549882677127737
widths,step_right,1409.0,31.0,gd,0.002,reference,5000,100000.0,0,0.49235505342708946,7.061157560802013,0.3568726632619385,0.43222705988280125,0.17499462032760585,0.04070311391027527,1.1936005271878283,1.1936005271878283,1.2042924657682896,0.00015051116202734508,0.4892934548073272,1.1849838466761877,1.0225778434569543,1.0000000000000002,349.63729907311944,1.7481864953655972,1.054321897465587,0.0,100000.0,100000.0,1.0,9.372843702690625e-05,0.0013810840784907487,8.48491473945073e-06,0.0001549882677127737
widths,kink_abs,1409.0,31.0,gd,0.002,generic,5000,66000.0,0,0.4283414464410479,6.509105286372037,0.41809614070420337,0.4258904171232181,0.17499462032760585,0.04070311391027527,12.987840064189587,12.987840064189587,13.100438212699201,,,,0.9999670865202808,0.9999999999999999,287.9877118956413,1.4399385594782066,1.0,100000.0,100000.0,100000.0,1.0,4.519122985655844e-05,0.0012500848018022076,5.014358656332075e-06,7.541943711653685e-05
widths,kink_abs,1409.0,31.0,gd,0.002,projected,5000,100000.0,0,0.4283414464410479,6.509105286372037,0.41809614070420337,0.4258904171232181,0.17499462032760585,0.04070311391027527,1.965016481972005,1.965016481972005,1.9801614869562882,0.00014958747053347315,0.4254108012700055,1.2697553624357178,0.9999670865202808,0.9999999999999999,287.9877118956413,1.4399385594782066,1.0,100000.0,100000.0,100000.0,1.0,4.519122985655844e-05,0.0012500848018022076,5.014358656332075e-06,7.541943711653685e-05
widths,kink_abs,1409.0,31.0,gd,0.002,target,5000,100000.0,0,0.4283414464410479,6.509105286372037,0.41809614070420337,0.4258904171232181,0.17499462032760585,0.04070311391027527,1.927895698456588,1.927895698456588,1.9426483266272034,0.00014922648457701978,0.4254375335172483,1.263634384679283,0.9999670865202808,0.9999999999999999,287.9877118956413,1.4399385594782066,1.0,100000.0,100000.0,100000.0,1.0,4.519122985655844e-05,0.0012500848018022076,5.014358656332075e-06,7.541943711653685e-05
widths,kink_abs,1409.0,31.0,gd,0.002,reference,5000,100000.0,0,0.4283414464410479,6.509105286372037,0.41809614070420337,0.4258904171232181,0.17499462032760585,0.04070311391027527,1.1364636634686276,1.1355488442998969,1.1357930972895416,0.00014160429044137165,0.4259566335969486,1.1378432643071321,0.9999670865202808,0.9999999999999999,287.9877118956413,1.4399385594782066,1.0,100000.0,100000.0,100000.0,1.0,4.519122985655844e-05,0.0012500848018022076,5.014358656332075e-06,7.541943711653685e-05
refinement,moment5,705.0,30.0,gd,0.001,generic,5000,16500.0,0,0.8660252492922434,6.072962137362378,1.5251761409605148e-16,0.866025403784438,0.17499462032760585,0.04070311391027527,35788.215752066564,35774.89112242824,35782.901299264304,,,,1.0000300075273247,1.0,303.0141909303441,1.5150709546517205,1.0000310958123468,0.0,100000.0,100000.0,1.0,2.2657251490092138e-10,8.583739992793671e-19,1.749019467583467e-05,0.0005906539752554704
refinement,moment5,705.0,30.0,gd,0.001,projected,5000,89500.0,1,0.8660252492922434,6.072962137362378,1.5251761409605148e-16,0.866025403784438,0.17499462032760585,0.04070311391027527,5733.186728563035,5731.135469797169,5732.36865034311,,,,1.0000300075273247,1.0,303.0141909303441,1.5150709546517205,1.0000310958123468,0.0,100000.0,100000.0,1.0,2.2657251490092138e-10,8.583739992793671e-19,1.749019467583467e-05,0.0005906539752554704
refinement,moment5,705.0,30.0,gd,0.001,target,5000,100000.0,0,0.8660252492922434,6.072962137362378,1.5251761409605148e-16,0.866025403784438,0.17499462032760585,0.04070311391027527,638.0262650725621,637.8739970097175,637.9655903924692,0.0003830816647654599,0.8621220796049567,1.1164806646192706,1.0000300075273247,1.0,303.0141909303441,1.5150709546517205,1.0000310958123468,0.0,100000.0,100000.0,1.0,2.2657251490092138e-10,8.583739992793671e-19,1.749019467583467e-05,0.0005906539752554704
refinement,moment5,705.0,30.0,gd,0.001,reference,5000,100000.0,0,0.8660252492922434,6.072962137362378,1.5251761409605148e-16,0.866025403784438,0.17499462032760585,0.04070311391027527,15.295709100874085,15.294130784477133,15.295081493855491,0.00036297898688335273,0.8629022907266607,1.002377806472021,1.0000300075273247,1.0,303.0141909303441,1.5150709546517205,1.0000310958123468,0.0,100000.0,100000.0,1.0,2.2657251490092138e-10,8.583739992793671e-19,1.749019467583467e-05,0.0005906539752554704
refinement,moment5,705.0,30.0,effective,0.01,generic,5000,16500.0,0,0.8660252492921521,6.072962137346609,1.5251761409605148e-16,0.866025403784438,0.17499462032760585,0.04070311391027527,35788.215752771095,35774.89113745394,35782.901305733794,,,,1.0000300074754478,1.0,303.0141909177338,1.515070954588669,1.0000310957726182,0.0,100000.0,100000.0,1.0,0.0,8.583739992727801e-19,1.7490194675555875e-05,0.0005906539752450224
refinement,moment5,705.0,30.0,effective,0.01,projected,5000,89500.0,1,0.8660252492921521,6.072962137346609,1.5251761409605148e-16,0.866025403784438,0.17499462032760585,0.04070311391027527,5733.186728669759,5731.135472075314,5732.368651324243,,,,1.0000300074754478,1.0,303.0141909177338,1.515070954588669,1.0000310957726182,0.0,100000.0,100000.0,1.0,0.0,8.583739992727801e-19,1.7490194675555875e-05,0.0005906539752450224
refinement,moment5,705.0,30.0,effective,0.01,target,5000,100000.0,0,0.8660252492921521,6.072962137346609,1.5251761409605148e-16,0.866025403784438,0.17499462032760585,0.04070311391027527,638.026265078832,637.8739971454761,637.9655904511786,0.00038308166472333314,0.8621220796069767,1.1164806643766148,1.0000300074754478,1.0,303.0141909177338,1.515070954588669,1.0000310957726182,0.0,100000.0,100000.0,1.0,0.0,8.583739992727801e-19,1.7490194675555875e-05,0.0005906539752450224
refinement,moment5,705.0,30.0,effective,0.01,reference,5000,100000.0,0,0.8660252492921521,6.072962137346609,1.5251761409605148e-16,0.866025403784438,0.17499462032760585,0.04070311391027527,15.295709100835383,15.294130783732125,15.295081493549292,0.0003629789868493089,0.8629022907280612,1.0023778062865976,1.0000300074754478,1.0,303.0141909177338,1.515070954588669,1.0000310957726182,0.0,100000.0,100000.0,1.0,0.0,8.583739992727801e-19,1.7490194675555875e-05,0.0005906539752450224
refinement,gauss_left,705.0,30.0,gd,0.001,generic,5000,17500.0,0,0.7888820806059591,6.094156208824738,0.5919042096636233,0.6931855907967374,0.17499462032760585,0.04070311391027527,24.740141562959096,18.97802248152315,22.436224968816788,,,,1.0996948385426024,1.0,360.1677332510155,1.8008386662550775,1.177512107542729,0.0,100000.0,100000.0,1.0,0.0004984560918143396,0.003392085657578908,1.8165195617285353e-05,0.0005569197093525343
refinement,gauss_left,705.0,30.0,gd,0.001,projected,5000,79000.0,1,0.7888820806059591,6.094156208824738,0.5919042096636233,0.6931855907967374,0.17499462032760585,0.04070311391027527,3.9703915939544028,3.616329207596491,3.75876653202282,,,,1.0996948385426024,1.0,360.1677332510155,1.8008386662550775,1.177512107542729,0.0,100000.0,100000.0,1.0,0.0004984560918143396,0.003392085657578908,1.8165195617285353e-05,0.0005569197093525343
refinement,gauss_left,705.0,30.0,gd,0.001,target,5000,90000.0,1,0.7888820806059591,6.094156208824738,0.5919042096636233,0.6931855907967374,0.17499462032760585,0.04070311391027527,3.0599271461443287,2.839305362463772,2.9406497808421768,,,,1.0996948385426024,1.0,360.1677332510155,1.8008386662550775,1.177512107542729,0.0,100000.0,100000.0,1.0,0.0004984560918143396,0.003392085657578908,1.8165195617285353e-05,0.0005569197093525343
refinement,gauss_left,705.0,30.0,gd,0.001,reference,5000,100000.0,0,0.7888820806059591,6.094156208824738,0.5919042096636233,0.6931855907967374,0.17499462032760585,0.04070311391027527,1.2614781838900573,1.2614781838900573,1.2773842445019727,0.00046020206769697546,0.7772236712610482,1.6056563337099032,1.0996948385426024,1.0,360.1677332510155,1.8008386662550775,1.177512107542729,0.0,100000.0,100000.0,1.0,0.0004984560918143396,0.003392085657578908,1.8165195617285353e-05,0.0005569197093525343
refinement,gauss_left,705.0,30.0,effective,0.01,generic,5000,17500.0,0,0.7888818774228433,6.094143964924955,0.5919042096636233,0.6931855907967374,0.17499462032760585,0.04070311391027527,24.74019773745116,18.97947876281521,22.436969339344014,,,,1.0995773317384203,0.9999999999999999,360.1187311854165,1.8005936559270825,1.177353771202071,0.0,100000.0,100000.0,1.0,0.0,0.0033920644672150837,1.8164960397317538e-05,0.0005569116188039166
refinement,gauss_left,705.0,30.0,effective,0.01,projected,5000,79000.0,1,0.7888818774228433,6.094143964924955,0.5919042096636233,0.6931855907967374,0.17499462032760585,0.04070311391027527,3.970397115444076,3.6163490424664038,3.7588190757231716,,,,1.0995773317384203,0.9999999999999999,360.1187311854165,1.8005936559270825,1.177353771202071,0.0,100000.0,100000.0,1.0,0.0,0.0033920644672150837,1.8164960397317538e-05,0.0005569116188039166
refinement,gauss_left,705.0,30.0,effective,0.01,target,5000,90000.0,1,0.7888818774228433,6.094143964924955,0.5919042096636233,0.6931855907967374,0.17499462032760585,0.04070311391027527,3.0599315342107585,2.839312594108485,2.9404136140900863,,,,1.0995773317384203,0.9999999999999999,360.1187311854165,1.8005936559270825,1.177353771202071,0.0,100000.0,100000.0,1.0,0.0,0.0033920644672150837,1.8164960397317538e-05,0.0005569116188039166
refinement,gauss_left,705.0,30.0,effective,0.01,reference,5000,100000.0,0,0.7888818774228433,6.094143964924955,0.5919042096636233,0.6931855907967374,0.17499462032760585,0.04070311391027527,1.2614767447886712,1.2614767447886712,1.277363141569305,0.0004600518460091494,0.7772459003722649,1.6046114743300508,1.0995773317384203,0.9999999999999999,360.1187311854165,1.8005936559270825,1.177353771202071,0.0,100000.0,100000.0,1.0,0.0,0.0033920644672150837,1.8164960397317538e-05,0.0005569116188039166
refinement,step_right,705.0,30.0,gd,0.001,generic,5000,20500.0,0,0.4918438199891016,6.809939946324494,0.3568726632619385,0.43222705988280125,0.17499462032760585,0.04070311391027527,16.312069906390587,14.681186799306742,15.45252988783912,,,,1.1008787811303373,1.0,447.7378298596363,2.2386891492981813,1.2619478614353075,0.0,100000.0,100000.0,1.0,0.0007187250559377315,0.0028066058437846288,3.5366937969447466e-05,0.0006767457002031591
refinement,step_right,705.0,30.0,gd,0.001,projected,5000,80500.0,1,0.4918438199891016,6.809939946324494,0.3568726632619385,0.43222705988280125,0.17499462032760585,0.04070311391027527,2.738482308154995,2.715045855982452,2.735813774077665,,,,1.1008787811303373,1.0,447.7378298596363,2.2386891492981813,1.2619478614353075,0.0,100000.0,100000.0,1.0,0.0007187250559377315,0.0028066058437846288,3.5366937969447466e-05,0.0006767457002031591
refinement,step_right,705.0,30.0,gd,0.001,target,5000,90000.0,1,0.4918438199891016,6.809939946324494,0.3568726632619385,0.43222705988280125,0.17499462032760585,0.04070311391027527,2.0861711669195397,2.0805964625845808,2.1015740310744024,,,,1.1008787811303373,1.0,447.7378298596363,2.2386891492981813,1.2619478614353075,0.0,100000.0,100000.0,1.0,0.0007187250559377315,0.0028066058437846288,3.5366937969447466e-05,0.0006767457002031591
refinement,step_right,705.0,30.0,gd,0.001,reference,5000,100000.0,0,0.4918438199891016,6.809939946324494,0.3568726632619385,0.43222705988280125,0.17499462032760585,0.04070311391027527,1.244776787094723,1.244776787094723,1.2901977449661988,0.0005307560310491397,0.46181705516552946,1.9112418264941025,1.1008787811303373,1.0,447.7378298596363,2.2386891492981813,1.2619478614353075,0.0,100000.0,100000.0,1.0,0.0007187250559377315,0.0028066058437846288,3.5366937969447466e-05,0.0006767457002031591
refinement,step_right,705.0,30.0,effective,0.01,generic,5000,20500.0,0,0.4918435176770487,6.809893082049293,0.3568726632619385,0.43222705988280125,0.17499462032760585,0.04070311391027527,16.312058120207425,14.68046740037932,15.452487396646074,,,,1.1005802048751017,1.0,447.6507372710341,2.2382536863551703,1.2617068282824715,0.0,100000.0,100000.0,1.0,0.0,0.0028065569536546865,3.536558594650388e-05,0.0006767232953510869
refinement,step_right,705.0,30.0,effective,0.01,projected,5000,80500.0,1,0.4918435176770487,6.809893082049293,0.3568726632619385,0.43222705988280125,0.17499462032760585,0.04070311391027527,2.7384741832404997,2.7149861413118175,2.735803200325769,,,,1.1005802048751017,1.0,447.6507372710341,2.2382536863551703,1.2617068282824715,0.0,100000.0,100000.0,1.0,0.0,0.0028065569536546865,3.536558594650388e-05,0.0006767232953510869
refinement,step_right,705.0,30.0,effective,0.01,target,5000,90000.0,1,0.4918435176770487,6.809893082049293,0.3568726632619385,0.43222705988280125,0.17499462032760585,0.04070311391027527,2.0861646191610785,2.080566087323992,2.1014765477793445,,,,1.1005802048751017,1.0,447.6507372710341,2.2382536863551703,1.2617068282824715,0.0,100000.0,100000.0,1.0,0.0,0.0028065569536546865,3.536558594650388e-05,0.0006767232953510869
refinement,step_right,705.0,30.0,effective,0.01,reference,5000,100000.0,0,0.4918435176770487,6.809893082049293,0.3568726632619385,0.43222705988280125,0.17499462032760585,0.04070311391027527,1.2447744104667928,1.2447744104667928,1.2901632683134279,0.0005304797752469314,0.46190998106995007,1.9092659001505154,1.1005802048751017,1.0,447.6507372710341,2.2382536863551703,1.2617068282824715,0.0,100000.0,100000.0,1.0,0.0,0.0028065569536546865,3.536558594650388e-05,0.0006767232953510869
refinement,kink_abs,705.0,30.0,gd,0.001,generic,5000,32000.0,0,0.4283967121722321,6.1384943277776305,0.41809614070420337,0.4258904171232181,0.17499462032760585,0.04070311391027527,12.971013006224585,11.910952309032226,12.909500419152781,,,,1.0340491958513893,1.0,313.21247832331693,1.5660623916165846,1.0260081382612312,53000.0,100000.0,100000.0,1.0,0.00027482957605640086,0.002406235284560248,1.841991922932313e-05,0.00030052874313598243
refinement,kink_abs,705.0,30.0,gd,0.001,projected,5000,100000.0,0,0.4283967121722321,6.1384943277776305,0.41809614070420337,0.4258904171232181,0.17499462032760585,0.04070311391027527,2.079238524036793,1.9832440010002055,2.068226446374451,0.0005063258037966928,0.41434711699883114,1.9296000885812765,1.0340491958513893,1.0,313.21247832331693,1.5660623916165846,1.0260081382612312,53000.0,100000.0,100000.0,1.0,0.00027482957605640086,0.002406235284560248,1.841991922932313e-05,0.00030052874313598243
refinement,kink_abs,705.0,30.0,gd,0.001,target,5000,100000.0,0,0.4283967121722321,6.1384943277776305,0.41809614070420337,0.4258904171232181,0.17499462032760585,0.04070311391027527,2.0485224315124015,1.9570474159096807,2.0378070858170423,0.0005042677684461257,0.4145850120515549,1.9139456841118327,1.0340491958513893,1.0,313.21247832331693,1.5660623916165846,1.0260081382612312,53000.0,100000.0,100000.0,1.0,0.00027482957605640086,0.002406235284560248,1.841991922932313e-05,0.00030052874313598243
refinement,kink_abs,705.0,30.0,gd,0.001,reference,5000,100000.0,0,0.4283967121722321,6.1384943277776305,0.41809614070420337,0.4258904171232181,0.17499462032760585,0.04070311391027527,1.1570319543546568,1.1567325464294187,1.1593952672985677,0.00042513694365591746,0.4215584681704682,1.3603945419133354,1.0340491958513893,1.0,313.21247832331693,1.5660623916165846,1.0260081382612312,53000.0,100000.0,100000.0,1.0,0.00027482957605640086,0.002406235284560248,1.841991922932313e-05,0.00030052874313598243
refinement,kink_abs,705.0,30.0,effective,0.01,generic,5000,32000.0,0,0.4283966084068543,6.138482421890309,0.41809614070420337,0.4258904171232181,0.17499462032760585,0.04070311391027527,12.97102832564816,11.912036399976074,12.909794827924213,,,,1.0339926327599451,1.0,313.1989732707639,1.5659948663538195,1.0259651684210909,53000.0,100000.0,100000.0,1.0,0.0,0.00240622235036573,1.8419711114914083e-05,0.0003005250736658214
refinement,kink_abs,705.0,30.0,effective,0.01,projected,5000,100000.0,0,0.4283966084068543,6.138482421890309,0.41809614070420337,0.4258904171232181,0.17499462032760585,0.04070311391027527,2.079239490405745,1.9833353331645405,2.0682597278932797,0.0005062351264605091,0.4143590653437637,1.928912751730269,1.0339926327599451,1.0,313.1989732707639,1.5659948663538195,1.0259651684210909,53000.0,100000.0,100000.0,1.0,0.0,0.00240622235036573,1.8419711114914083e-05,0.0003005250736658214
refinement,kink_abs,705.0,30.0,effective,0.01,target,5000,100000.0,0,0.4283966084068543,6.138482421890309,0.41809614070420337,0.4258904171232181,0.17499462032760585,0.04070311391027527,2.0485237210620553,1.9571336905346441,2.0378393089844073,0.0005041772476365051,0.4145967716288529,1.9132623141236382,1.0339926327599451,1.0,313.1989732707639,1.5659948663538195,1.0259651684210909,53000.0,100000.0,100000.0,1.0,0.0,0.00240622235036573,1.8419711114914083e-05,0.0003005250736658214
refinement,kink_abs,705.0,30.0,effective,0.01,reference,5000,100000.0,0,0.4283966084068543,6.138482421890309,0.41809614070420337,0.4258904171232181,0.17499462032760585,0.04070311391027527,1.15703185711815,1.1567324658640874,1.1593954296880848,0.0004250784197947548,0.4215628956551365,1.3600226648320375,1.0339926327599451,1.0,313.1989732707639,1.5659948663538195,1.0259651684210909,53000.0,100000.0,100000.0,1.0,0.0,0.00240622235036573,1.8419711114914083e-05,0.0003005250736658214
