target,seed,start,eta,width,target_scale,cohort,nref,arm,horizon,failed,relative_mse,mean_lambda,actual_mean_lambda_change,slope_displacement_norm,positive,negative,effective,tracking,physical_readout_rms_over_h,original_hidden_clock_offset,hidden_clock_comparison_available,residual_tracking_ratio,actual_mean_lambda_contrast,noeffect_contrast_vector_error,noeffect_contrast_signed_error,hidden_clock_mean_lambda_contrast,tangent_supported,tangent_displacement_error,tangent_mean_lambda_change,tangent_contrast_vector_error,tangent_contrast_signed_prediction,tangent_contrast_signed_error,effective_pure_supported,effective_pure_displacement_error,effective_pure_mean_lambda_change,effective_pure_contrast_vector_error,effective_pure_contrast_signed_prediction,effective_pure_contrast_signed_error,effective_remainder_supported,effective_remainder_displacement_error,effective_remainder_mean_lambda_change,effective_remainder_contrast_vector_error,effective_remainder_contrast_signed_prediction,effective_remainder_contrast_signed_error,constant_full_displacement_error,constant_full_contrast_vector_error,constant_full_contrast_signed_prediction,constant_full_contrast_signed_error,constant_effective_displacement_error,constant_effective_contrast_vector_error,constant_effective_contrast_signed_prediction,constant_effective_contrast_signed_error,family
sine,0,600000,0.002,177,1.0,development,128,original,1,0,0.7773858685511149,0.0016957614914963242,1.565429065681894e-08,5.281411215350099e-05,1.754898643240833e-08,1.894695775589393e-09,1.5791059083359855e-08,-1.36768426539733e-10,8.973457598527567,1.0,True,0.0023012427072358166,0.0,0.0,0.0,0.0,True,0.0,1.565429065681894e-08,0.0,0.0,0.0,True,2.062401890502836e-07,1.579105908336079e-08,0.0,0.0,0.0,True,1.3052569419076756e-16,1.5654290656830272e-08,0.0,0.0,0.0,0.0,0.0,0.0,0.0,2.062401890502836e-07,0.0,0.0,0.0,
runge,0,600000,0.002,177,1.0,development,128,original,1,0,0.04769831935819373,0.001961701233298251,7.171580802649124e-10,5.961423258889089e-06,1.3699105989759556e-09,6.527525187110431e-10,7.170888946783735e-10,6.918559722935068e-14,10.382933561630955,1.0,True,0.0018731017204319628,0.0,0.0,0.0,0.0,True,0.0,7.171580802649124e-10,0.0,0.0,0.0,True,2.092442877187293e-09,7.170888946725962e-10,0.0,0.0,0.0,True,1.295365263554949e-16,7.171580802725883e-10,0.0,0.0,0.0,0.0,0.0,0.0,0.0,2.092442877187293e-09,0.0,0.0,0.0,
moment3,0,600000,0.002,177,1.0,development,128,original,1,0,0.00636866322521205,0.003790458375010763,4.690548351827683e-10,6.259384249216314e-07,4.946350239301856e-10,2.5580188747417252e-11,4.685176479059339e-10,5.371872608517872e-13,38.633513331072486,1.0,True,0.002481396918500785,0.0,0.0,0.0,0.0,True,0.0,4.690548351827683e-10,0.0,0.0,0.0,True,5.700100495935103e-10,4.685176479294032e-10,0.0,0.0,0.0,True,5.377530856719871e-16,4.690548351864436e-10,0.0,0.0,0.0,0.0,0.0,0.0,0.0,5.700100495935103e-10,0.0,0.0,0.0,
moment5,0,600000,0.002,177,1.0,development,128,original,1,0,0.7499971640812086,0.001408342334060862,4.012795869217361e-12,2.104140987720864e-08,9.76075285682969e-12,5.747956987612329e-12,4.012744054408775e-12,5.182830397008703e-17,7.154791285383959,1.0,True,7.575433007619002e-06,0.0,0.0,0.0,0.0,True,4.336808689942018e-19,4.012795869179077e-12,0.0,0.0,0.0,True,1.4765007480046052e-13,4.0127440497898404e-12,0.0,0.0,0.0,True,1.2837686270362196e-16,4.012795873505166e-12,0.0,0.0,0.0,4.336808689942018e-19,0.0,0.0,0.0,1.4765007480046052e-13,0.0,0.0,0.0,
moment9,0,600000,0.002,177,1.0,development,128,original,1,0,0.7500008937000184,0.0014050342040256769,-1.6638026394346565e-12,1.1338193003403894e-08,3.663764350722172e-12,5.327566990156828e-12,-1.6638184452665674e-12,1.580813024690066e-17,7.158088186033262,1.0,True,7.22204287892297e-06,0.0,0.0,0.0,0.0,True,0.0,-1.6638026394346565e-12,0.0,0.0,0.0,True,4.484889436727388e-14,-1.663818439499134e-12,0.0,0.0,0.0,True,1.3045434838848702e-16,-1.6638026305910583e-12,0.0,0.0,0.0,0.0,0.0,0.0,0.0,4.484889436727388e-14,0.0,0.0,0.0,
mixed_sine,0,600000,0.002,177,0.8100925873009825,development,128,original,1,0,0.3224050891987311,0.0027717920237318077,1.7080852538395486e-09,1.2046893350451378e-05,2.512141879677384e-09,8.040566258378354e-10,1.7079524211367342e-09,1.3283270319628972e-13,13.766768342778116,1.0,True,0.00010526498278566851,0.0,0.0,0.0,0.0,True,1.3877787807814457e-17,1.7080852538383234e-09,0.0,0.0,0.0,True,1.6011825616629958e-10,1.7079524211881412e-09,0.0,0.0,0.0,True,2.0874650988038547e-16,1.7080852538519144e-09,0.0,0.0,0.0,1.3877787807814457e-17,0.0,0.0,0.0,1.6011825616629958e-10,0.0,0.0,0.0,
localized_sine,0,600000,0.002,177,0.4822374526221915,development,128,original,1,0,0.1931507534726904,0.003281167542124458,1.5113857610233482e-09,8.1213673737021e-06,2.516328580571425e-09,1.0049428195480767e-09,1.5106949573288802e-09,6.908036414902253e-13,26.189927864337328,1.0,True,0.002684811523849983,0.0,0.0,0.0,0.0,True,0.0,1.5113857610233482e-09,0.0,0.0,0.0,True,3.039719577055688e-09,1.510695663620132e-09,0.0,0.0,0.0,True,1.5504500480139257e-16,1.5113857610272913e-09,0.0,0.0,0.0,0.0,0.0,0.0,0.0,3.039719577055688e-09,0.0,0.0,0.0,
chirp,0,600000,0.002,177,0.7001068817853702,development,128,original,1,0,0.7347883663538762,0.0021733530706729565,3.0039728021940614e-09,2.2585608775024963e-05,3.6943011646734474e-09,6.903283624793857e-10,3.0037936194044585e-09,1.7918280468490115e-13,18.64451663538871,1.0,True,0.0005418741518910129,0.0,0.0,0.0,0.0,True,0.0,3.0039728021940614e-09,0.0,0.0,0.0,True,7.811990928414665e-10,3.0037936194066063e-09,0.0,0.0,0.0,True,1.214616165731382e-16,3.0039728021669563e-09,0.0,0.0,0.0,0.0,0.0,0.0,0.0,7.811990928414665e-10,0.0,0.0,0.0,
moment4,0,600000,0.002,177,1.0,development,128,original,1,0,0.7499835149013488,0.0014156189280925084,2.3193162464518413e-11,1.4813912057103154e-07,4.4611344699603624e-11,2.1418182235085208e-11,2.3190469495005806e-11,2.692974420531352e-15,7.16882030831318,1.0,True,1.9011342425306448e-05,0.0,0.0,0.0,0.0,True,1.734723475976807e-18,2.319316246467155e-11,0.0,0.0,0.0,True,7.66113771117581e-12,2.31904694947174e-11,0.0,0.0,0.0,True,1.181205302537374e-16,2.319316247095012e-11,0.0,0.0,0.0,1.734723475976807e-18,0.0,0.0,0.0,7.66113771117581e-12,0.0,0.0,0.0,
blend_m010,0,600000,0.002,177,1.0,development,128,original,1,0,0.7496060479738925,0.001512013226577968,2.99213835420536e-10,9.64818435308204e-07,4.338444530667692e-10,1.346306176462332e-10,2.9916833718500337e-10,4.5498239846946725e-14,7.193417559831719,1.0,True,0.0003081119134730099,0.0,0.0,0.0,0.0,True,0.0,2.99213835420536e-10,0.0,0.0,0.0,True,3.0254157005642275e-10,2.9916833718865004e-10,0.0,0.0,0.0,True,1.5012438179839218e-16,2.9921383543328456e-10,0.0,0.0,0.0,0.0,0.0,0.0,0.0,3.0254157005642275e-10,0.0,0.0,0.0,
blend_p001,0,600000,0.002,177,1.0,development,128,original,1,0,0.7500129637624379,0.0013994825348523053,-1.0405939708722115e-11,4.3238690000369804e-08,1.2157613180990664e-11,2.2563552889712778e-11,-1.0406222504694437e-11,2.827911180325874e-16,7.165816868108099,1.0,True,1.7147282211198197e-05,0.0,0.0,0.0,0.0,True,0.0,-1.0405939708722115e-11,0.0,0.0,0.0,True,7.867210616067214e-13,-1.0406222504482501e-11,0.0,0.0,0.0,True,1.1835674530408128e-16,-1.0405939713431045e-11,0.0,0.0,0.0,0.0,0.0,0.0,0.0,7.867210616067214e-13,0.0,0.0,0.0,
blend_p010,0,600000,0.002,177,1.0,development,128,original,1,0,0.7500464330766761,0.0013763479974095777,1.6835542834723785e-12,3.4467349369848337e-07,1.4179068702311473e-10,1.4010713273964236e-10,1.687741129974694e-12,-4.186844612332689e-15,7.292572641995341,1.0,True,3.246796769123963e-05,0.0,0.0,0.0,0.0,True,0.0,1.6835542834723785e-12,0.0,0.0,0.0,True,9.286939267419677e-12,1.6877411343298702e-12,0.0,0.0,0.0,True,1.134885743283862e-16,1.6835542816347477e-12,0.0,0.0,0.0,0.0,0.0,0.0,0.0,9.286939267419677e-12,0.0,0.0,0.0,
blend_p030,0,600000,0.002,177,1.0,development,128,original,1,0,0.6899493241315872,0.0021824891145888095,1.1014611641303463e-09,3.094472689591995e-06,1.3938584136150437e-09,2.9239724948469723e-10,1.1003512318682746e-09,1.109932248298623e-12,13.50210130830659,1.0,True,0.0011500804687599052,0.0,0.0,0.0,0.0,True,0.0,1.1014611641303463e-09,0.0,0.0,0.0,True,1.3167272725356675e-09,1.1003512318753803e-09,0.0,0.0,0.0,True,1.5192701864267035e-16,1.101461164130423e-09,0.0,0.0,0.0,0.0,0.0,0.0,0.0,1.3167272725356675e-09,0.0,0.0,0.0,
exp_right,22,600000,0.002,177,2.6119867843594364,development,128,original,1,0,0.00014992931807068747,0.0016852404515497559,4.417370859381925e-11,2.5616227710809966e-07,7.09581435431261e-11,2.678443494930686e-11,4.417466235993147e-11,-9.537503763011035e-16,12.972770162550733,1.0,True,0.00035400315006522466,0.0,0.0,0.0,0.0,True,0.0,4.417370859381925e-11,0.0,0.0,0.0,True,1.308704811332443e-11,4.417466235177891e-11,0.0,0.0,0.0,True,1.2342773912964964e-16,4.417370860943911e-11,0.0,0.0,0.0,0.0,0.0,0.0,0.0,1.308704811332443e-11,0.0,0.0,0.0,exponential
exp_left,22,600000,0.002,177,13.649519383995864,development,128,original,1,0,0.0005812313360506604,0.0018555398676192868,-4.441502166000591e-11,3.0037138579754254e-07,5.0649704526115444e-11,9.506472618612136e-11,-4.44187260594549e-11,3.704378247417413e-15,18.59888133244191,1.0,True,0.0005469224969871967,0.0,0.0,0.0,0.0,True,0.0,-4.441502166000591e-11,0.0,0.0,0.0,True,1.8634291324334965e-11,-4.441872604246629e-11,0.0,0.0,0.0,True,4.601879230314812e-16,-4.441502168328257e-11,0.0,0.0,0.0,0.0,0.0,0.0,0.0,1.8634291324334965e-11,0.0,0.0,0.0,exponential
gauss_left,22,600000,0.002,177,0.3713011646461742,development,128,original,1,0,0.006229936332474738,0.00346727814205503,9.355895766715605e-10,5.467123753960035e-06,1.6103337297148574e-09,6.74744153043297e-10,9.354232949012092e-10,1.6628175204307977e-13,22.541205645426384,1.0,True,0.0031576440476676045,0.0,0.0,0.0,0.0,True,0.0,9.355895766715605e-10,0.0,0.0,0.0,True,1.406251838674779e-09,9.354232949240532e-10,0.0,0.0,0.0,True,1.5374827842353144e-16,9.355895766829692e-10,0.0,0.0,0.0,0.0,0.0,0.0,0.0,1.406251838674779e-09,0.0,0.0,0.0,gaussian
gauss_right,22,600000,0.002,177,0.23748502306292393,development,128,original,1,0,0.0378641532826493,0.0042497213935596845,1.862721511552306e-09,1.2729017405895855e-05,2.2412045637666237e-09,3.7848305221431774e-10,1.8619617091378516e-09,7.5980236836597e-13,35.10115992125126,1.0,True,0.003463157189588551,0.0,0.0,0.0,0.0,True,0.0,1.862721511552306e-09,0.0,0.0,0.0,True,1.7455585369459005e-09,1.8619630323068892e-09,0.0,0.0,0.0,True,1.8124083898251057e-15,1.86272151137463e-09,0.0,0.0,0.0,0.0,0.0,0.0,0.0,1.7455585369459005e-09,0.0,0.0,0.0,gaussian
bump_left,22,600000,0.002,177,0.44348186274361356,development,128,original,1,0,0.023117982224952278,0.0031842008983079414,3.551378125003839e-10,4.152074199530461e-06,1.3149613115498048e-09,9.598234990494208e-10,3.551458878545027e-10,-8.075395945264407e-15,19.69504519419115,1.0,True,0.000981642099968231,0.0,0.0,0.0,0.0,True,0.0,3.551378125003839e-10,0.0,0.0,0.0,True,3.0441703651177555e-10,3.5514588078966876e-10,0.0,0.0,0.0,True,9.308484792088106e-16,3.551378123957921e-10,0.0,0.0,0.0,0.0,0.0,0.0,0.0,3.0441703651177555e-10,0.0,0.0,0.0,compact_bump
bump_right,22,600000,0.002,177,0.32889495195335533,development,128,original,1,0,0.021058587888087267,0.0036181406661449627,1.7024206712212232e-10,1.7448684747070739e-06,3.2898298012047997e-10,1.5874091299835767e-10,1.7014588142782823e-10,9.618567850679945e-14,29.160187421417113,1.0,True,0.002939844562629571,0.0,0.0,0.0,0.0,True,0.0,1.7024206712212232e-10,0.0,0.0,0.0,True,2.544841541338746e-10,1.7013925214983358e-10,0.0,0.0,0.0,True,2.1355843692393745e-16,1.7024206715117985e-10,0.0,0.0,0.0,0.0,0.0,0.0,0.0,2.544841541338746e-10,0.0,0.0,0.0,compact_bump
step_left,22,600000,0.002,177,0.9128852702404965,development,128,original,1,0,0.001151217483583595,0.0021545056991936714,8.910534424670665e-11,1.9268810989345937e-06,2.36741075141498e-10,1.4763573089479138e-10,8.913240334989605e-11,-2.705907892763244e-14,8.847556156839694,1.0,True,0.0005691378102725502,0.0,0.0,0.0,0.0,True,0.0,8.910534424670665e-11,0.0,0.0,0.0,True,1.2480652418870054e-10,8.91324033773617e-11,0.0,0.0,0.0,True,8.990359224225659e-16,8.91053443244614e-11,0.0,0.0,0.0,0.0,0.0,0.0,0.0,1.2480652418870054e-10,0.0,0.0,0.0,tanh_step
step_right,22,600000,0.002,177,0.9636241118102141,development,128,original,1,0,0.007240198761209195,0.0022917131736759255,4.828996597058748e-10,3.7604131032097442e-06,7.272391670279536e-10,2.443395073220787e-10,4.828909726435902e-10,8.687073400633494e-15,9.888461582230706,1.0,True,0.0011823098366296183,0.0,0.0,0.0,0.0,True,0.0,4.828996597058748e-10,0.0,0.0,0.0,True,4.6201079076042987e-10,4.828909707441247e-10,0.0,0.0,0.0,True,1.8356948410806306e-16,4.828996597144504e-10,0.0,0.0,0.0,0.0,0.0,0.0,0.0,4.6201079076042987e-10,0.0,0.0,0.0,tanh_step
kink_abs,22,600000,0.002,177,0.6214766720163144,development,128,original,1,0,0.0038176255138972696,0.002133633598797012,1.0295281938766055e-13,1.0467296298462919e-06,2.2968479308556315e-10,2.2958184026617548e-10,1.3525281038954873e-15,1.016003041726479e-13,15.807706681068728,1.0,True,0.0005892445256341847,0.0,0.0,0.0,0.0,True,0.0,1.0295281938766055e-13,0.0,0.0,0.0,True,1.5387453329208803e-10,1.352535850250317e-15,0.0,0.0,0.0,True,2.6721499888085e-16,1.0295284511927725e-13,0.0,0.0,0.0,0.0,0.0,0.0,0.0,1.5387453329208803e-10,0.0,0.0,0.0,kink
kink_relu,22,600000,0.002,177,0.2041432706959443,development,128,original,1,0,0.003527592431785204,0.0018141264386268188,8.266872152912036e-11,8.678260911422939e-07,2.1790809525013613e-10,1.3523937372101576e-10,8.267295571092887e-11,-4.2341512504790304e-15,11.565018253385768,1.0,True,0.0008962150714594121,0.0,0.0,0.0,0.0,True,0.0,8.266872152912036e-11,0.0,0.0,0.0,True,8.511945274080691e-11,8.267295570651292e-11,0.0,0.0,0.0,True,1.333171953816648e-16,8.266872153134084e-11,0.0,0.0,0.0,0.0,0.0,0.0,0.0,8.511945274080691e-11,0.0,0.0,0.0,kink
sine,0,600000,0.002,177,1.0,development,128,original,10,0,0.777315583662421,0.0016959024230481237,1.565858424564888e-07,0.0005282747666195167,1.7553644824968604e-07,1.895060579319725e-08,1.579535453642147e-07,-1.3677029077025243e-09,8.974314092873673,10.0,True,0.002300083535596335,0.0,0.0,0.0,0.0,True,1.767854502153086e-07,1.5656544283212873e-07,0.0,0.0,0.0,True,2.046030485719374e-06,1.5789684179651742e-07,0.0,0.0,0.0,True,1.7567180447854404e-07,1.5652912589162565e-07,0.0,0.0,0.0,1.3435604652578556e-07,0.0,0.0,0.0,2.0487051015544353e-06,0.0,0.0,0.0,
runge,0,600000,0.002,177,1.0,development,128,original,10,0,0.04769522649170172,0.0019617076876472057,7.171507034813437e-09,5.961332755034154e-05,1.36988109301841e-08,6.5273038953706634e-09,7.170815084921001e-09,6.919498993691135e-13,10.383038294733687,10.0,True,0.0018732576097501325,0.0,0.0,0.0,0.0,True,6.428248896368831e-10,7.171385605808159e-09,0.0,0.0,0.0,True,2.095337878571149e-08,7.170686030064215e-09,0.0,0.0,0.0,True,6.414912047100758e-10,7.171378219126049e-09,0.0,0.0,0.0,1.0406848924436394e-09,0.0,0.0,0.0,2.0751270427173864e-08,0.0,0.0,0.0,
moment3,0,600000,0.002,177,1.0,development,128,original,10,0,0.006368592788764247,0.0037904625960247904,4.690068862556431e-09,6.258152626960386e-06,4.945909421341288e-09,2.558405587848567e-10,4.684697622174611e-09,5.371240348914426e-12,38.63361676862538,10.0,True,0.002481444487294684,0.0,0.0,0.0,0.0,True,5.2694521230925194e-11,4.690082312009536e-09,0.0,0.0,0.0,True,5.654198689231907e-09,4.684748001608773e-09,0.0,0.0,0.0,True,8.056487135800902e-11,4.690141010258043e-09,0.0,0.0,0.0,1.6996988777944189e-09,0.0,0.0,0.0,6.169898139715164e-09,0.0,0.0,0.0,
moment5,0,600000,0.002,177,1.0,development,128,original,10,0,0.7499971640763925,0.001408342370176066,4.012799991926749e-11,2.1041411617544203e-07,9.760754005846633e-11,5.7479540139198836e-11,4.012748163775996e-11,5.182836580537425e-16,7.15479124244794,10.0,True,7.5754401174634965e-06,0.0,0.0,0.0,0.0,True,1.1820984949292127e-13,4.012795586191591e-11,0.0,0.0,0.0,True,1.4940895310514008e-12,4.0127447010079126e-11,0.0,0.0,0.0,True,1.1191660099512523e-13,4.012796529332629e-11,0.0,0.0,0.0,1.6982888298342968e-13,0.0,0.0,0.0,1.497502565519092e-12,0.0,0.0,0.0,
moment9,0,600000,0.002,177,1.0,development,128,original,10,0,0.7500008936983323,0.001405034189051469,-1.6638010451176587e-11,1.1338179479840237e-07,3.6637598832579315e-11,5.327560928375591e-11,-1.663816855310788e-11,1.5808093026807012e-16,7.15808819152456,10.0,True,7.222049736444099e-06,0.0,0.0,0.0,0.0,True,1.3445495044646587e-14,-1.663801724799866e-11,0.0,0.0,0.0,True,4.489955979961951e-13,-1.6638173866630222e-11,0.0,0.0,0.0,True,1.2674053457746233e-14,-1.6638015786661052e-11,0.0,0.0,0.0,1.4019237485475025e-13,0.0,0.0,0.0,4.694635119983211e-13,0.0,0.0,0.0,
mixed_sine,0,600000,0.002,177,0.8100925873009825,development,128,original,10,0,0.3224037222939572,0.002771807396503099,1.7080856545143863e-08,0.0001204664841884731,2.5121456049692306e-08,8.040599504548445e-09,1.7079527614263952e-08,1.3289309321819888e-12,13.766684131767553,10.0,True,0.00010536883098419012,0.0,0.0,0.0,0.0,True,1.3202446857046543e-09,1.7080539346041498e-08,0.0,0.0,0.0,True,2.940067581347888e-09,1.7078772628964094e-08,0.0,0.0,0.0,True,1.6149715361120035e-09,1.708010128534748e-08,0.0,0.0,0.0,2.779927507571204e-09,0.0,0.0,0.0,3.3826483527192905e-09,0.0,0.0,0.0,
localized_sine,0,600000,0.002,177,0.4822374526221915,development,128,original,10,0,0.19314939639077947,0.0032811811439970033,1.5113258307092107e-08,8.121103984080822e-05,2.5162483791320876e-08,1.004922548422877e-08,1.510635028757849e-08,6.90801958639399e-12,26.190217366687314,10.0,True,0.0026849343773623856,0.0,0.0,0.0,0.0,True,1.1841334712816186e-09,1.5112924940951117e-08,0.0,0.0,0.0,True,3.016308724938243e-08,1.5105991998060758e-08,0.0,0.0,0.0,True,1.1635904644190642e-09,1.511290652803763e-08,0.0,0.0,0.0,3.6657810624568024e-09,0.0,0.0,0.0,3.100211630316967e-08,0.0,0.0,0.0,
chirp,0,600000,0.002,177,0.7001068817853702,development,128,original,10,0,0.7347781581185179,0.002173380106319773,3.0039619618446956e-08,0.00022585117400903307,3.694262456634132e-08,6.903004947894363e-09,3.003782357500667e-08,1.796043399101278e-12,18.645340187708545,10.0,True,0.0005416147687557927,0.0,0.0,0.0,0.0,True,1.4176801548165822e-08,3.003870020992048e-08,0.0,0.0,0.0,True,1.1506561544487367e-08,3.003851108956177e-08,0.0,0.0,0.0,True,1.3368282139938771e-08,3.004030209826356e-08,0.0,0.0,0.0,5.930691075555922e-09,0.0,0.0,0.0,1.2442890478336088e-08,0.0,0.0,0.0,
moment4,0,600000,0.002,177,1.0,development,128,original,10,0,0.749983514670402,0.001415619136832246,2.3193289951820572e-10,1.4813967823128405e-06,4.4611452796160486e-10,2.1418162844339914e-10,2.3190596957537111e-10,2.6929956775564674e-14,7.168820553042977,10.0,True,1.9011532898742916e-05,0.0,0.0,0.0,0.0,True,8.078340096075549e-12,2.3193109012761736e-10,0.0,0.0,0.0,True,7.740701328418627e-11,2.3190451343438768e-10,0.0,0.0,0.0,True,7.969308490563135e-12,2.3193144317447191e-10,0.0,0.0,0.0,7.218775754676553e-12,0.0,0.0,0.0,7.731018283328602e-11,0.0,0.0,0.0,
blend_m010,0,600000,0.002,177,1.0,development,128,original,10,0,0.7496060381050202,0.0015120159195252164,2.9921610839913222e-09,9.648293475468602e-06,4.3384769107777005e-09,1.346315826786378e-09,2.9917060953175272e-09,4.549886989400232e-13,7.193420879704805,10.0,True,0.0003081151755600676,0.0,0.0,0.0,0.0,True,1.3336175395453e-10,2.9921306700007916e-09,0.0,0.0,0.0,True,3.0305943164856493e-09,2.9916821267346685e-09,0.0,0.0,0.0,True,1.2542482644731557e-10,2.9921371087769267e-09,0.0,0.0,0.0,1.211594567111404e-10,0.0,0.0,0.0,3.0299680728922613e-09,0.0,0.0,0.0,
blend_p001,0,600000,0.002,177,1.0,development,128,original,10,0,0.7500129637429442,0.001399482441198938,-1.0405930715456515e-10,4.323866667356655e-07,1.2157612362065812e-10,2.2563543077522325e-10,-1.0406213507473056e-10,2.8279073107765085e-15,7.1658170002952986,10.0,True,1.7147272977033644e-05,0.0,0.0,0.0,0.0,True,2.6822076365262886e-13,-1.0405940920298901e-10,0.0,0.0,0.0,True,7.894735545458907e-12,-1.0406221025453866e-10,0.0,0.0,0.0,True,2.5065028045452857e-13,-1.0405938234057854e-10,0.0,0.0,0.0,3.2711087615589136e-13,0.0,0.0,0.0,7.904209444118373e-12,0.0,0.0,0.0,
blend_p010,0,600000,0.002,177,1.0,development,128,original,10,0,0.7500464318202983,0.001376348012568886,1.6842862686490788e-11,3.4467406876209114e-06,1.4179101941220434e-09,1.4010673314355526e-09,1.6884733812600856e-11,-4.187107876583143e-14,7.292575692127051,10.0,True,3.247154000840812e-05,0.0,0.0,0.0,0.0,True,1.8163357661902822e-11,1.683605349612921e-11,0.0,0.0,0.0,True,9.313990549758715e-11,1.6877360158964044e-11,0.0,0.0,0.0,True,1.82251321919716e-11,1.6835491723894358e-11,0.0,0.0,0.0,1.8033924462595793e-11,0.0,0.0,0.0,9.308247736101125e-11,0.0,0.0,0.0,
blend_p030,0,600000,0.002,177,1.0,development,128,original,10,0,0.689949037908466,0.0021824990275736774,1.1014446031666406e-08,3.0944058006479056e-05,1.3938327387489225e-08,2.923881355822818e-09,1.1003347353733495e-08,1.1098677880261433e-11,13.502272593077706,10.0,True,0.0011500350455524073,0.0,0.0,0.0,0.0,True,2.546728057609097e-09,1.1014182271784675e-08,0.0,0.0,0.0,True,1.3046428672309212e-08,1.1002865600880682e-08,0.0,0.0,0.0,True,2.4972682629173607e-09,1.101396587491792e-08,0.0,0.0,0.0,8.407735556444506e-10,0.0,0.0,0.0,1.2729105101215686e-08,0.0,0.0,0.0,
exp_right,22,600000,0.002,177,2.6119867843594364,development,128,original,10,0,0.00014992709720763387,0.0016852408491125782,4.4173653077566677e-10,2.5616184945093994e-06,7.095808480775401e-10,2.6784431730187337e-10,4.4174606690020757e-10,-9.536129403383613e-15,12.97278193803473,10.0,True,0.0003539294196148292,0.0,0.0,0.0,0.0,True,2.3266433683969137e-11,4.4173396973007963e-10,0.0,0.0,0.0,True,1.3419376213087687e-10,4.4174260350860477e-10,0.0,0.0,0.0,True,2.0828712421514222e-11,4.4173304631804675e-10,0.0,0.0,0.0,1.1226848167218425e-11,0.0,0.0,0.0,1.2279687699559305e-10,0.0,0.0,0.0,exponential
exp_left,22,600000,0.002,177,13.649519383995864,development,128,original,10,0,0.0005812248870191354,0.0018555394678786005,-4.4415570833493766e-10,3.003688626653601e-06,5.064924712263492e-10,9.50648179561287e-10,-4.4419275034199316e-10,3.704203133785175e-14,18.59890288502168,10.0,True,0.0005468952757238861,0.0,0.0,0.0,0.0,True,9.504617109121462e-11,-4.4416296697579696e-10,0.0,0.0,0.0,True,2.0523552707782683e-10,-4.441933180984893e-10,0.0,0.0,0.0,True,9.109250680042577e-11,-4.4415627471736706e-10,0.0,0.0,0.0,4.629654159577402e-11,0.0,0.0,0.0,1.6695898718392343e-10,0.0,0.0,0.0,exponential
gauss_left,22,600000,0.002,177,0.3713011646461742,development,128,original,10,0,0.006229292198264368,0.0034672865621529934,9.35568754007254e-09,5.466970612910553e-05,1.6102883428003744e-08,6.7471958879312045e-09,9.354024643839097e-09,1.6628960692213206e-12,22.541277799830024,10.0,True,0.003157741259978123,0.0,0.0,0.0,0.0,True,3.345642031657338e-10,9.355542834888176e-09,0.0,0.0,0.0,True,1.4131023673603057e-08,9.353870125844005e-09,0.0,0.0,0.0,True,3.314379259386825e-10,9.355539527906508e-09,0.0,0.0,0.0,1.6305191521849912e-09,0.0,0.0,0.0,1.4371424404029805e-08,0.0,0.0,0.0,gaussian
gauss_right,22,600000,0.002,177,0.23748502306292393,development,128,original,10,0,0.03786195535639051,0.004249738157437426,1.8626599252179145e-08,0.00012728774167016044,2.2411284229289085e-08,3.78468497710994e-09,1.861900165221407e-08,7.597599914518009e-12,35.101443612008424,10.0,True,0.0034629674018819808,0.0,0.0,0.0,0.0,True,6.770773523614558e-09,1.862673507218827e-08,0.0,0.0,0.0,True,1.832715938602281e-08,1.8619959246468056e-08,0.0,0.0,0.0,True,5.969953409012277e-09,1.862757354924986e-08,0.0,0.0,0.0,2.533958684133216e-09,0.0,0.0,0.0,1.7570171361181773e-08,0.0,0.0,0.0,gaussian
bump_left,22,600000,0.002,177,0.44348186274361356,development,128,original,10,0,0.02311757006587658,0.003184204094615614,3.551445485034791e-09,4.1520551432859406e-05,1.3149583921699939e-08,9.598138436665148e-09,3.551526219537829e-09,-8.073448405317299e-14,19.695052103243636,10.0,True,0.0009816961368828382,0.0,0.0,0.0,0.0,True,4.3251945942220415e-10,3.5512965424549784e-09,0.0,0.0,0.0,True,3.0092113176300195e-09,3.551375823979364e-09,0.0,0.0,0.0,True,4.43470545475724e-10,3.551295547841691e-09,0.0,0.0,0.0,4.0310658723616037e-10,0.0,0.0,0.0,3.15945953189749e-09,0.0,0.0,0.0,compact_bump
bump_right,22,600000,0.002,177,0.32889495195335533,development,128,original,10,0,0.021058550262727828,0.0036181421982398273,1.702336931482475e-09,1.7448218424400938e-05,3.2897174158366757e-09,1.5873804843542008e-09,1.701375138610521e-09,9.6179317870345e-13,29.160204738623538,10.0,True,0.002939703675145775,0.0,0.0,0.0,0.0,True,2.469199024367212e-10,1.7023501288750556e-09,0.0,0.0,0.0,True,2.524954807240479e-09,1.7013458683452096e-09,0.0,0.0,0.0,True,2.32839698951425e-10,1.7023773719007462e-09,0.0,0.0,0.0,4.960810951285153e-10,0.0,0.0,0.0,2.441106852671752e-09,0.0,0.0,0.0,compact_bump
step_left,22,600000,0.002,177,0.9128852702404965,development,128,original,10,0,0.0011511721402203531,0.002154506501141416,8.910530892560503e-10,1.9268577142357193e-05,2.3673835682288944e-09,1.4763304789728442e-09,8.913236698401085e-10,-2.7058051465031905e-13,8.847553670638042,10.0,True,0.0005691124076922835,0.0,0.0,0.0,0.0,True,5.5022940279434366e-11,8.910437213751689e-10,0.0,0.0,0.0,True,1.204166558714059e-09,8.913040555255826e-10,0.0,0.0,0.0,True,7.156783091207267e-11,8.910333665819941e-10,0.0,0.0,0.0,2.3790500519184085e-10,0.0,0.0,0.0,1.2393190987265785e-09,0.0,0.0,0.0,tanh_step
step_right,22,600000,0.002,177,0.9636241118102141,development,128,original,10,0,0.0072400384192411,0.0022917175197283424,4.828952076312723e-09,3.760369129275904e-05,7.272307118198701e-09,2.4433550418859788e-09,4.828865196641498e-09,8.687973317410735e-14,9.888500627931979,10.0,True,0.0011823679456978557,0.0,0.0,0.0,0.0,True,2.997268031113348e-10,4.82890661849275e-09,0.0,0.0,0.0,True,4.545009456321611e-09,4.828819809949681e-09,0.0,0.0,0.0,True,3.0291664546427396e-10,4.828906882034887e-09,0.0,0.0,0.0,4.6395824526748483e-10,0.0,0.0,0.0,4.6602425128048175e-09,0.0,0.0,0.0,tanh_step
kink_abs,22,600000,0.002,177,0.6214766720163144,development,128,original,10,0,0.0038175944793784754,0.0021336335997066453,1.0125857272435725e-12,1.0467333601367555e-05,2.2968526517715773e-09,2.2958400660443337e-09,-3.403191860373067e-15,1.0159889345690216e-12,15.807722558849422,10.0,True,0.0005892357522665011,0.0,0.0,0.0,0.0,True,2.5640753125073204e-10,9.750627474383683e-13,0.0,0.0,0.0,True,1.509974537500773e-09,-6.930949483313694e-14,0.0,0.0,0.0,True,2.4018983557702973e-10,9.469133866553975e-13,0.0,0.0,0.0,1.0781571687905169e-10,0.0,0.0,0.0,1.4904155844009159e-09,0.0,0.0,0.0,kink
kink_relu,22,600000,0.002,177,0.2041432706959443,development,128,original,10,0,0.0035275817877664936,0.0018141271826424984,8.266844010944301e-10,8.678149335616668e-06,2.1790658530598514e-09,1.3523814519654213e-09,8.26726741703288e-10,-4.234052267932001e-14,11.56500450261022,10.0,True,0.0008962067324457048,0.0,0.0,0.0,0.0,True,8.72975455157388e-11,8.266704403490385e-10,0.0,0.0,0.0,True,8.193600440872885e-10,8.267103007565794e-10,0.0,0.0,0.0,True,8.317747278391404e-11,8.266678675911105e-10,0.0,0.0,0.0,1.1503359782650003e-10,0.0,0.0,0.0,8.165506950878382e-10,0.0,0.0,0.0,kink
sine,0,600000,0.002,177,1.0,development,128,original,1000,0,0.7691242292175433,0.001711881443326277,1.613560612060993e-05,0.05430610915087273,1.807292612982335e-05,1.9373200092134185e-06,1.6272207787610766e-05,-1.3660166700086845e-07,9.072535279832511,1000.0,True,0.0021599512825924466,0.0,0.0,0.0,0.0,True,0.00193710890423429,1.5650111929430863e-05,0.0,0.0,0.0,True,0.0019374288206511648,1.5639375726635724e-05,0.0,0.0,0.0,True,0.0019556521899729493,1.5502258240542067e-05,0.0,0.0,0.0,0.0014998958376432451,0.0,0.0,0.0,0.0014862705499517827,0.0,0.0,0.0,
runge,0,600000,0.002,177,1.0,development,128,original,1000,0,0.04735627741803254,0.0019624208535835128,7.203374433419174e-07,0.005951356413148021,1.368628697366067e-06,6.482912540241499e-07,7.202551623095663e-07,7.601722531659995e-11,10.394554919386003,1000.0,True,0.0018902088033278877,0.0,0.0,0.0,0.0,True,6.8080319390724135e-06,7.189668408553219e-07,0.0,0.0,0.0,True,7.309661254057574e-06,7.188591915763834e-07,0.0,0.0,0.0,True,6.8388492141452955e-06,7.189418687599741e-07,0.0,0.0,0.0,1.1568357921749197e-05,0.0,0.0,0.0,1.1356090374117657e-05,0.0,0.0,0.0,
moment3,0,600000,0.002,177,1.0,development,128,original,1000,0,0.006360922396746194,0.0037909216863919464,4.6378043601918464e-07,0.0006125287873704234,4.897856673562382e-07,2.6005231337053562e-08,4.632502091946873e-07,5.302268250753743e-10,38.6449575276365,1000.0,True,0.002486632169265473,0.0,0.0,0.0,0.0,True,4.080721134082202e-07,4.640524456321703e-07,0.0,0.0,0.0,True,4.291731145350881e-07,4.6343402920321836e-07,0.0,0.0,0.0,True,4.231759719834634e-07,4.6407380900998747e-07,0.0,0.0,0.0,1.8688426710504755e-05,0.0,0.0,0.0,1.877593438237939e-05,0.0,0.0,0.0,
moment5,0,600000,0.002,177,1.0,development,128,original,1000,0,0.7499971635466183,0.0014083463433000832,4.013252017112513e-09,2.104160279853206e-05,9.760879780721904e-09,5.74762776360939e-09,4.013200181711507e-09,5.1835260851882136e-14,7.154786519958192,1000.0,True,7.576214174375647e-06,0.0,0.0,0.0,0.0,True,1.2686385850642404e-09,4.012816184282448e-09,0.0,0.0,0.0,True,1.2687873491977484e-09,4.012815872616436e-09,0.0,0.0,0.0,True,1.2425540863819081e-09,4.012867699914911e-09,0.0,0.0,0.0,1.885131655557606e-09,0.0,0.0,0.0,1.9007614961009055e-09,0.0,0.0,0.0,
moment9,0,600000,0.002,177,1.0,development,128,original,1000,0,0.7500008935129094,0.0014050325420632964,-1.6636261828588248e-09,1.1336691670666174e-05,3.663267972548501e-09,5.326894155407326e-09,-1.6636419868785864e-09,1.5803922353259335e-14,7.15808879582986,1000.0,True,7.221781478248268e-06,0.0,0.0,0.0,0.0,True,1.4319925095480967e-10,-1.6636932349312802e-09,0.0,0.0,0.0,True,1.486631045928977e-10,-1.663701094466998e-09,0.0,0.0,0.0,True,1.4071192113180592e-10,-1.6636852872107612e-09,0.0,0.0,0.0,1.555874244648168e-09,0.0,0.0,0.0,1.556366846433164e-09,0.0,0.0,0.0,
mixed_sine,0,600000,0.002,177,0.8100925873009825,development,128,original,1000,0,0.3222540200071715,0.002773498448525431,1.7081328788775893e-06,0.01201982061963718,2.5125654267685503e-06,8.044325478909612e-07,1.7079933701025637e-06,1.3950877404624058e-10,13.757448171480581,1000.0,True,0.00011682522619596756,0.0,0.0,0.0,0.0,True,1.6896084804684856e-05,1.7012607661305465e-06,0.0,0.0,0.0,True,1.7813960243308462e-05,1.7000397212231995e-06,0.0,0.0,0.0,True,1.7707878618749393e-05,1.7001759842958717e-06,0.0,0.0,0.0,3.0756451674734745e-05,0.0,0.0,0.0,3.077758700593983e-05,0.0,0.0,0.0,
localized_sine,0,600000,0.002,177,0.4822374526221915,development,128,original,1000,0,0.19300148148794877,0.00328271230445254,1.54627371384394e-06,0.008092266649637496,2.528201644110745e-06,9.819279302668052e-07,1.545516790361513e-06,7.28329412869292e-10,26.22182064086829,1000.0,True,0.002698378437262408,0.0,0.0,0.0,0.0,True,1.2416110892282244e-05,1.542538133133339e-06,0.0,0.0,0.0,True,1.2639176868682586e-05,1.5416334302233504e-06,0.0,0.0,0.0,True,1.2410793485313154e-05,1.5425028765009828e-06,0.0,0.0,0.0,4.052311136844677e-05,0.0,0.0,0.0,4.095706114937412e-05,0.0,0.0,0.0,
chirp,0,600000,0.002,177,0.7001068817853702,development,128,original,1000,0,0.7336611028182534,0.0021763526416705885,3.0025749704345397e-06,0.02253061033799667,3.6897638117745806e-06,6.871888413400409e-07,3.002349808802234e-06,2.2516163220400033e-10,18.735776467805383,1000.0,True,0.0005221862942875075,0.0,0.0,0.0,0.0,True,0.00012739371339895263,3.0018924892672658e-06,0.0,0.0,0.0,True,0.00012886877678375966,3.005067022731733e-06,0.0,0.0,0.0,True,0.00012905337278540054,3.0052414407760486e-06,0.0,0.0,0.0,6.601499536704976e-05,0.0,0.0,0.0,6.65061843643669e-05,0.0,0.0,0.0,
moment4,0,600000,0.002,177,1.0,development,128,original,1000,0,0.7499834892450356,0.001415642112217366,2.320731801986267e-08,0.00014820107810730764,4.462335019527856e-08,2.1416032175415883e-08,2.3204622681737333e-08,2.6953382123517407e-12,7.168847490597533,1000.0,True,1.9032525312720095e-05,0.0,0.0,0.0,0.0,True,8.89460855954397e-08,2.3189231455765835e-08,0.0,0.0,0.0,True,8.921949624380135e-08,2.3188454855628007e-08,0.0,0.0,0.0,True,8.852055603837289e-08,2.3191147809803453e-08,0.0,0.0,0.0,8.019111219086637e-08,0.0,0.0,0.0,8.093750380815117e-08,0.0,0.0,0.0,
blend_m010,0,600000,0.002,177,1.0,development,128,original,1000,0,0.7496049496747311,0.0015123123937985606,2.9946643442773904e-07,0.0009660316887325324,4.3420432070615047e-07,1.3473788627841145e-07,2.9942086614031665e-07,4.5568287407091714e-11,7.193787060901132,1000.0,True,0.0003084748617624484,0.0,0.0,0.0,0.0,True,1.4157336050262e-06,2.991672546387702e-07,0.0,0.0,0.0,True,1.432908766115575e-06,2.9915451732295434e-07,0.0,0.0,0.0,True,1.3944318841857524e-06,2.992000114640737e-07,0.0,0.0,0.0,1.3470939630445804e-06,0.0,0.0,0.0,1.3857990055537059e-06,0.0,0.0,0.0,
blend_p001,0,600000,0.002,177,1.0,development,128,original,1000,0,0.75001296159892,0.0013994721403171187,-1.0404941126371523e-08,4.323610005947477e-05,1.2157521750569076e-08,2.25624628769406e-08,-1.0405223874136719e-08,2.8274800291290975e-13,7.165831543000142,1000.0,True,1.714672343110625e-05,0.0,0.0,0.0,0.0,True,2.8501297354648657e-09,-1.0405922810320717e-08,0.0,0.0,0.0,True,2.961758508858872e-09,-1.0406058353234604e-08,0.0,0.0,0.0,True,2.782006437097506e-09,-1.0405775564416636e-08,0.0,0.0,0.0,3.6306731301932396e-09,0.0,0.0,0.0,3.78567357370253e-09,0.0,0.0,0.0,
blend_p010,0,600000,0.002,177,1.0,development,128,original,1000,0,0.7500462935611987,0.001376349760564381,1.764838357707802e-09,0.00034473748118381145,1.4182762141987666e-07,1.4006278306216884e-07,1.7690544469660992e-09,-4.216089089513756e-12,7.292911434851426,1000.0,True,3.286427321716088e-05,0.0,0.0,0.0,0.0,True,2.019496210292378e-07,1.6860758884268428e-09,0.0,0.0,0.0,True,2.018446029914006e-07,1.6871734971725814e-09,0.0,0.0,0.0,True,2.0240534917820566e-07,1.6829866460229067e-09,0.0,0.0,0.0,2.0028267267255575e-07,0.0,0.0,0.0,1.997055549142394e-07,0.0,0.0,0.0,
blend_p030,0,600000,0.002,177,1.0,development,128,original,1000,0,0.6899176950375454,0.002183587645521091,1.099632393445268e-06,0.003087078952782025,1.3910214118492017e-06,2.913890184039336e-07,1.0985295205246595e-06,1.10287292060703e-09,13.521078564463794,1000.0,True,0.0011451755144191338,0.0,0.0,0.0,0.0,True,2.724118332651885e-05,1.0950793274877978e-06,0.0,0.0,0.0,True,2.7012432622217467e-05,1.0933635015014696e-06,0.0,0.0,0.0,True,2.7143885288123405e-05,1.094483699891403e-06,0.0,0.0,0.0,9.303042957720904e-06,0.0,0.0,0.0,8.657445454005758e-06,0.0,0.0,0.0,
exp_right,22,600000,0.002,177,2.6119867843594364,development,128,original,1000,0,0.00014968311359142092,0.0016852845748741973,4.416749814973065e-08,0.00025611452790316605,7.09515174228823e-08,2.6784019273151658e-08,4.416843668278524e-08,-9.385330254269443e-13,12.974076274272901,1000.0,True,0.00034583028399618474,0.0,0.0,0.0,0.0,True,2.124050539140008e-07,4.413546712414539e-08,0.0,0.0,0.0,True,2.133409279834169e-07,4.413312547226677e-08,0.0,0.0,0.0,True,2.1293096783347722e-07,4.4131974838159105e-08,0.0,0.0,0.0,1.241888461570789e-07,0.0,0.0,0.0,1.1484562410307173e-07,0.0,0.0,0.0,exponential
exp_left,22,600000,0.002,177,13.649519383995864,development,128,original,1000,0,0.0005805166762026941,0.0018554954362947657,-4.4475739542839296e-08,0.00030009249942969705,5.059904379259533e-08,9.507478333543462e-08,-4.4479424553665475e-08,3.6850112646867055e-12,18.601271767971262,1000.0,True,0.0005439002798053838,0.0,0.0,0.0,0.0,True,8.942787153286948e-07,-4.449568055085341e-08,0.0,0.0,0.0,True,9.01462893090845e-07,-4.448533989474726e-08,0.0,0.0,0.0,True,9.038463231139239e-07,-4.448163800464674e-08,0.0,0.0,0.0,5.129217628576762e-07,0.0,0.0,0.0,5.034696126390429e-07,0.0,0.0,0.0,exponential
gauss_left,22,600000,0.002,177,0.3713011646461742,development,128,original,1000,0,0.006158862444686984,0.00346821048084254,9.332743770868788e-07,0.005450143147493103,1.6052974030793156e-06,6.720230259924366e-07,9.331072306478662e-07,1.67146436060425e-10,22.549192939947275,1000.0,True,0.0031683188211639973,0.0,0.0,0.0,0.0,True,3.3249843114045504e-06,9.31541122488194e-07,0.0,0.0,0.0,True,3.9150919505380665e-06,9.312997866407207e-07,0.0,0.0,0.0,True,3.371190289375048e-06,9.315202581086034e-07,0.0,0.0,0.0,1.807426141193172e-05,0.0,0.0,0.0,1.8314588685132557e-05,0.0,0.0,0.0,gaussian
gauss_right,22,600000,0.002,177,0.23748502306292393,development,128,original,1000,0,0.0376212756244809,0.004251575438394349,1.8559075561744856e-06,0.012702074971367683,2.2327797507726245e-06,3.7687219459813896e-07,1.8551524447852302e-06,7.551113871005305e-10,35.13257102720137,1000.0,True,0.003442066332559197,0.0,0.0,0.0,0.0,True,2.6738862376281094e-05,1.8577900092611113e-06,0.0,0.0,0.0,True,2.6394734761457784e-05,1.8571155418687466e-06,0.0,0.0,0.0,True,2.6829836294582874e-05,1.8580176774345413e-06,0.0,0.0,0.0,2.8061307113358698e-05,0.0,0.0,0.0,2.8067933834452224e-05,0.0,0.0,0.0,gaussian
bump_left,22,600000,0.002,177,0.44348186274361356,development,128,original,1000,0,0.023072292162029752,0.0031845564292141255,3.558860439970035e-07,0.004149957736111178,1.3146364882207426e-06,9.58750444223739e-07,3.5589390263622054e-07,-7.858641048912157e-12,19.69580530646064,1000.0,True,0.0009876371617860108,0.0,0.0,0.0,0.0,True,5.512532047292198e-06,3.5414237487156864e-07,0.0,0.0,0.0,True,5.534936798756214e-06,3.541446835002769e-07,0.0,0.0,0.0,True,5.536268800600348e-06,3.5414065698694126e-07,0.0,0.0,0.0,4.464352491997085e-06,0.0,0.0,0.0,4.542538744325722e-06,0.0,0.0,0.0,compact_bump
bump_right,22,600000,0.002,177,0.32889495195335533,development,128,original,1000,0,0.021054436232223417,0.003618309812204334,1.6931630143709509e-07,0.0017397065088364174,3.2774008520777627e-07,1.5842378377068118e-07,1.6922081872954009e-07,9.548271039583804e-11,29.162096315584588,1000.0,True,0.002924212493798515,0.0,0.0,0.0,0.0,True,1.8978638598169518e-06,1.6947785411010854e-07,0.0,0.0,0.0,True,1.8301883511606792e-06,1.6936868572831126e-07,0.0,0.0,0.0,True,1.901771774487179e-06,1.6949027662999527e-07,0.0,0.0,0.0,5.491047992976754e-06,0.0,0.0,0.0,5.41952377531007e-06,0.0,0.0,0.0,compact_bump
step_left,22,600000,0.002,177,0.9128852702404965,development,128,original,1000,0,0.0011461970350523818,0.002154594711281143,8.91011928160696e-08,0.0019242881638046935,2.36439614356672e-07,1.473384215406024e-07,8.912813805661861e-08,-2.694524148690146e-11,8.847282362233134,1000.0,True,0.0005663208288296518,0.0,0.0,0.0,0.0,True,6.826943103490815e-07,8.89274543872549e-08,0.0,0.0,0.0,True,7.096624827636443e-07,8.891621918591619e-08,0.0,0.0,0.0,True,7.82641065979325e-07,8.88881243823244e-08,0.0,0.0,0.0,2.6378196704745654e-06,0.0,0.0,0.0,2.6242899938112793e-06,0.0,0.0,0.0,tanh_step
step_right,22,600000,0.002,177,0.9636241118102141,development,128,original,1000,0,0.00722245677474962,0.002292195096654513,4.824058782472715e-07,0.0037555399481709055,7.263008569476426e-07,2.438949787003711e-07,4.823970910513579e-07,8.787195839924256e-12,9.892784506764565,1000.0,True,0.001188836285732268,0.0,0.0,0.0,0.0,True,3.3447491207798194e-06,4.819055121986969e-07,0.0,0.0,0.0,True,3.2664760242078875e-06,4.81895523136995e-07,0.0,0.0,0.0,True,3.3496178177538426e-06,4.819060576323311e-07,0.0,0.0,0.0,5.142043856309098e-06,0.0,0.0,0.0,5.179459986079956e-06,0.0,0.0,0.0,tanh_step
kink_abs,22,600000,0.002,177,0.6214766720163144,development,128,original,1000,0,0.003814182075920562,0.0021336335139047185,-8.478934129262848e-11,0.0010471445120373644,2.2973726699943093e-07,2.2982205634072358e-07,-1.8623333236820272e-10,1.0144399147985578e-10,15.809464545933976,1000.0,True,0.0005882730114507747,0.0,0.0,0.0,0.0,True,2.6371918655192252e-06,-7.213687447975974e-10,0.0,0.0,0.0,True,2.5902059034111084e-06,-8.952251084633834e-10,0.0,0.0,0.0,True,2.6104175959686385e-06,-7.913156952440224e-10,0.0,0.0,0.0,1.1960642008659438e-06,0.0,0.0,0.0,1.1309236792000784e-06,0.0,0.0,0.0,kink
kink_relu,22,600000,0.002,177,0.2041432706959443,development,128,original,1000,0,0.0035264142086204914,0.0018142089934430733,8.263748497589254e-08,0.0008665889626688577,2.1774067370139553e-07,1.3510318872550297e-07,8.264170816068132e-08,-4.223184850964875e-12,11.563494632986734,1000.0,True,0.0008952904482430222,0.0,0.0,0.0,0.0,True,7.62560903450425e-07,8.247735306335236e-08,0.0,0.0,0.0,True,7.943806665309527e-07,8.247063799665755e-08,0.0,0.0,0.0,True,8.349197748252195e-07,8.246548984418155e-08,0.0,0.0,0.0,1.2755058238010547e-06,0.0,0.0,0.0,1.2471661266596693e-06,0.0,0.0,0.0,kink
sine,0,600000,0.002,177,1.0,development,128,original,10000,0,0.6487862513572263,0.0018985997056792704,0.00020285386847360346,0.6666638649399577,0.0002249489045607466,2.209503608714311e-05,0.00020374473444889938,-8.908659752953028e-07,10.365598335510496,10000.0,True,0.00012502182113503945,0.0,0.0,0.0,0.0,True,0.18193180361875855,0.00014401586087936473,0.0,0.0,0.0,True,0.18204896802543902,0.00014353776509439732,0.0,0.0,0.0,True,0.1824126635830403,0.00014213700229105282,0.0,0.0,0.0,0.13928591924893952,0.0,0.0,0.0,0.13902820278234498,0.0,0.0,0.0,
runge,0,600000,0.002,177,1.0,development,128,original,10000,0,0.04439073869411961,0.001968910767472648,7.210251332477073e-06,0.05858965572101717,1.3426649646209503e-05,6.216398313732431e-06,7.209248570554218e-06,9.86676649121732e-10,10.498774293252318,10000.0,True,0.002026259833453597,0.0,0.0,0.0,0.0,True,0.0005791814297200286,7.093164685548578e-06,0.0,0.0,0.0,True,0.0005841700913334602,7.091401363787782e-06,0.0,0.0,0.0,True,0.0005799499829876972,7.092854160862634e-06,0.0,0.0,0.0,0.0011708724162549239,0.0,0.0,0.0,0.001166992218114858,0.0,0.0,0.0,
moment3,0,600000,0.002,177,1.0,development,128,original,10000,0,0.00629711873001271,0.003794661644221485,4.203738265557736e-06,0.005150145184317088,4.501351429815616e-06,2.976131642578805e-07,4.1990128639764915e-06,4.725401586472541e-09,38.74493001820285,10000.0,True,0.002529490246436996,0.0,0.0,0.0,0.0,True,2.9058087309037796e-05,4.203475536935568e-06,0.0,0.0,0.0,True,2.8892985740386734e-05,4.197268172211861e-06,0.0,0.0,0.0,True,2.91783768596709e-05,4.204238776838449e-06,0.0,0.0,0.0,0.0017177901450605635,0.0,0.0,0.0,0.0017185859127811065,0.0,0.0,0.0,
moment5,0,600000,0.002,177,1.0,development,128,original,10000,0,0.7499971587307481,0.0014083825036500942,4.0173602027957995e-08,0.00021043358944314625,9.762026304734592e-08,5.7446661019387935e-08,4.017308304633626e-08,5.189818891959017e-13,7.154743631121513,10000.0,True,7.583267056654923e-06,0.0,0.0,0.0,0.0,True,1.2471383771425408e-07,4.0134377261915324e-08,0.0,0.0,0.0,True,1.2461943848952222e-07,4.013462052508554e-08,0.0,0.0,0.0,True,1.244336283230618e-07,4.013513870641379e-08,0.0,0.0,0.0,1.8864580749221084e-07,0.0,0.0,0.0,1.8875075923827028e-07,0.0,0.0,0.0,
moment9,0,600000,0.002,177,1.0,development,128,original,10000,0,0.7500008918317903,0.001405017585300167,-1.662038931217464e-08,0.00011323181151963753,3.6588002811219875e-08,5.320839212339452e-08,-1.6620546968752423e-08,1.5765637367534223e-13,7.158094313315697,10000.0,True,7.219750328787884e-06,0.0,0.0,0.0,0.0,True,1.406388649347363e-08,-1.662640770735545e-08,0.0,0.0,0.0,True,1.4066310201434792e-08,-1.6626448104280092e-08,0.0,0.0,0.0,True,1.4049339106460977e-08,-1.6626290112371225e-08,0.0,0.0,0.0,1.5557934837727113e-07,0.0,0.0,0.0,1.5557845830194036e-07,0.0,0.0,0.0,
mixed_sine,0,600000,0.002,177,0.8100925873009825,development,128,original,10000,0,0.3209493801972678,0.002788878881417278,1.7088565770724757e-05,0.11785984785611713,2.517322089238931e-05,8.08465512166455e-06,1.7086591940500084e-05,1.9738302237055315e-09,13.675847814776901,10000.0,True,0.00022418610729597438,0.0,0.0,0.0,0.0,True,0.0016512911917049282,1.6546911606948478e-05,0.0,0.0,0.0,True,0.0016538366468894523,1.6542259258211476e-05,0.0,0.0,0.0,True,0.001652958281141433,1.6543796756960377e-05,0.0,0.0,0.0,0.0029909216771270724,0.0,0.0,0.0,0.0029911323654423457,0.0,0.0,0.0,
localized_sine,0,600000,0.002,177,0.4822374526221915,development,128,original,10000,0,0.1917705421951621,0.0032960843182387547,1.49182875000583e-05,0.07842424049216509,2.452388054276922e-05,9.605593042710919e-06,1.4911008420805494e-05,7.250485184293314e-09,26.488159746548007,10000.0,True,0.00281595984033553,0.0,0.0,0.0,0.0,True,0.0010173379320328212,1.4616759788154476e-05,0.0,0.0,0.0,True,0.0010304203357360232,1.4604520498460782e-05,0.0,0.0,0.0,True,0.0010163589974308328,1.4618111079541637e-05,0.0,0.0,0.0,0.0039027176012190784,0.0,0.0,0.0,0.0039059584536168222,0.0,0.0,0.0,
chirp,0,600000,0.002,177,0.7001068817853702,development,128,original,10000,0,0.7240618293469672,0.002203090644596636,2.9740577896481906e-05,0.2199790895170897,3.62967472327582e-05,6.556169336276284e-06,2.973486256648927e-05,5.715329994951697e-09,19.54110838280275,10000.0,True,0.0008620246306467587,0.0,0.0,0.0,0.0,True,0.007367862440256746,2.8584616500669724e-05,0.0,0.0,0.0,True,0.007363322722617657,2.8551267456622616e-05,0.0,0.0,0.0,True,0.0073596217468184,2.8553062998226406e-05,0.0,0.0,0.0,0.006786314208810531,0.0,0.0,0.0,0.006790725888631591,0.0,0.0,0.0,
moment4,0,600000,0.002,177,1.0,development,128,original,10000,0,0.7499832561520027,0.0014158522578023344,2.3335290298816396e-07,0.0014876461233290837,4.4732139492490687e-07,2.139684919367429e-07,2.3332573334339657e-07,2.7169644927735783e-11,7.1690939546486545,10000.0,True,1.922760234540314e-05,0.0,0.0,0.0,0.0,True,8.920774785356772e-06,2.317019570023711e-07,0.0,0.0,0.0,True,8.920628866757599e-06,2.3170324546116503e-07,0.0,0.0,0.0,True,8.916611097340507e-06,2.3173017317875796e-07,0.0,0.0,0.0,8.08421726819344e-06,0.0,0.0,0.0,8.088408826803053e-06,0.0,0.0,0.0,
blend_m010,0,600000,0.002,177,1.0,development,128,original,10000,0,0.7495947883181256,0.0015150306245042297,3.0176971400969363e-06,0.009771468363827454,4.375188876075076e-06,1.35749173597814e-06,3.01723504301951e-06,4.6209707655643957e-10,7.197208091229106,10000.0,True,0.0003118239916034391,0.0,0.0,0.0,0.0,True,0.00014171429639060686,2.9902931421234325e-06,0.0,0.0,0.0,True,0.00014171227567725707,2.9903009482716643e-06,0.0,0.0,0.0,True,0.000141622129713237,2.9907555205800285e-06,0.0,0.0,0.0,0.0001368914463504344,0.0,0.0,0.0,0.0001369748820065821,0.0,0.0,0.0,
blend_p001,0,600000,0.002,177,1.0,development,128,original,10000,0,0.750012942131481,0.0013993785857543256,-1.0395950391959574e-07,0.00043212799959285183,1.215670050135348e-07,2.2552650893313053e-07,-1.0396232751581703e-07,2.8235958241540424e-12,7.165963941358761,10000.0,True,1.714166862104866e-05,0.0,0.0,0.0,0.0,True,2.788085229713507e-07,-1.040451596389566e-07,0.0,0.0,0.0,True,2.790202656927518e-07,-1.0404580412992482e-07,0.0,0.0,0.0,True,2.7816745909349693e-07,-1.0404297644886403e-07,0.0,0.0,0.0,3.6301196790668795e-07,0.0,0.0,0.0,3.638274481293547e-07,0.0,0.0,0.0,
blend_p010,0,600000,0.002,177,1.0,development,128,original,10000,0,0.7500450312885594,0.0013763729977426303,2.5002016606950097e-08,0.0034532804194197316,1.4216387762458777e-06,1.3966367596389277e-06,2.504683247805041e-08,-4.481587072630341e-11,7.295984510382621,10000.0,True,3.6415297242398815e-05,0.0,0.0,0.0,0.0,True,2.0348581575863903e-05,1.6824653981952185e-08,0.0,0.0,0.0,True,2.0349287123243354e-05,1.6820642590770515e-08,0.0,0.0,0.0,True,2.0356792345600643e-05,1.6778773488928058e-08,0.0,0.0,0.0,2.0144031021229292e-05,0.0,0.0,0.0,2.013634668954964e-05,0.0,0.0,0.0,
blend_p030,0,600000,0.002,177,1.0,development,128,original,10000,0,0.6896450107108976,0.0021934667981720075,1.097878504436235e-05,0.03023358474656503,1.3735139832964231e-05,2.7563547886018795e-06,1.0968222595113048e-05,1.0553682701757475e-08,13.68890570620044,10000.0,True,0.001110722641348275,0.0,0.0,0.0,0.0,True,0.0022826551049609134,1.059826737609548e-05,0.0,0.0,0.0,True,0.002283012012671852,1.0583904383257843e-05,0.0,0.0,0.0,True,0.0022829338964938666,1.0595945763063291e-05,0.0,0.0,0.0,0.0009027164308443248,0.0,0.0,0.0,0.0008956421745490554,0.0,0.0,0.0,
exp_right,22,600000,0.002,177,2.6119867843594364,development,128,original,10000,0,0.00014749289070727884,0.0016856814814260354,4.4107404998825556e-07,0.002556596807444864,7.088247785522335e-07,2.6775072856397777e-07,4.410821027095773e-07,-8.052720117320786e-12,12.985756196037945,10000.0,True,0.0002735435955199506,0.0,0.0,0.0,0.0,True,1.2710436596373607e-05,4.390378607569291e-07,0.0,0.0,0.0,True,1.2753439116603422e-05,4.3902444959034635e-07,0.0,0.0,0.0,True,1.279001033048957e-05,4.3900539067607466e-07,0.0,0.0,0.0,1.2057127825625346e-05,0.0,0.0,0.0,1.1960788667057243e-05,0.0,0.0,0.0,exponential
exp_left,22,600000,0.002,177,13.649519383995864,development,128,original,10000,0,0.000574183025481486,0.0018550898956937424,-4.5001634056597483e-07,0.002976835709690522,5.015236629809228e-07,9.515400035468976e-07,-4.5005150627856954e-07,3.5165711774168086e-11,18.622637096333346,10000.0,True,0.0005168833339593822,0.0,0.0,0.0,0.0,True,7.245853916212277e-05,-4.5042531835253543e-07,0.0,0.0,0.0,True,7.244777011166402e-05,-4.5044905654342995e-07,0.0,0.0,0.0,True,7.246639869793695e-05,-4.5041188827523715e-07,0.0,0.0,0.0,5.047822518941359e-05,0.0,0.0,0.0,5.038210150283421e-05,0.0,0.0,0.0,exponential
gauss_left,22,600000,0.002,177,0.3713011646461742,development,128,original,10000,0,0.005556077674465042,0.003476525452947504,9.2482464820511e-06,0.05298885124709103,1.569352730767216e-05,6.445280825621059e-06,9.246384780010039e-06,1.8205479531274471e-09,22.61915495818979,10000.0,True,0.0032542359899707385,0.0,0.0,0.0,0.0,True,0.0004074297050773083,9.055732467111077e-06,0.0,0.0,0.0,True,0.00041420937344561185,9.051226308383329e-06,0.0,0.0,0.0,True,0.00040827132093947696,9.055162355981134e-06,0.0,0.0,0.0,0.001786103020023986,0.0,0.0,0.0,0.0017879762155989828,0.0,0.0,0.0,gaussian
gauss_right,22,600000,0.002,177,0.23748502306292393,development,128,original,10000,0,0.03552875892662733,0.004267735408065714,1.801587722753994e-05,0.12464433028287936,2.1618201225475128e-05,3.6023239979351895e-06,1.800865118286171e-05,7.221843176617444e-09,35.40856473206455,10000.0,True,0.00325044679409116,0.0,0.0,0.0,0.0,True,0.000998583183852222,1.7812838456941323e-05,0.0,0.0,0.0,True,0.0009986520540067568,1.7798849983431127e-05,0.0,0.0,0.0,True,0.000998291030926113,1.78098369059738e-05,0.0,0.0,0.0,0.00275032520634747,0.0,0.0,0.0,0.002749890738184666,0.0,0.0,0.0,gaussian
bump_left,22,600000,0.002,177,0.44348186274361356,development,128,original,10000,0,0.02266605688836098,0.0031878272416145286,3.6266984443995965e-06,0.041307780996207716,1.3116433562381415e-05,9.48973511798182e-06,3.6267569983840064e-06,-5.855398463995735e-11,19.7020472216232,10000.0,True,0.0010413377099236345,0.0,0.0,0.0,0.0,True,0.000724892531656019,3.4334924820499003e-06,0.0,0.0,0.0,True,0.000726936894340326,3.4333050977638767e-06,0.0,0.0,0.0,True,0.0007260064941955524,3.4333845767625956e-06,0.0,0.0,0.0,0.00043777420867181245,0.0,0.0,0.0,0.00043846314267122736,0.0,0.0,0.0,compact_bump
bump_right,22,600000,0.002,177,0.32889495195335533,development,128,original,10000,0,0.021019173304776245,0.0036197535631989587,1.6130672960632503e-06,0.0169445923490474,3.169617919481195e-06,1.556550623417945e-06,1.6121730989948174e-06,8.941970740252143e-10,29.178117770340748,10000.0,True,0.0027838975234504857,0.0,0.0,0.0,0.0,True,0.00014754336187340606,1.6052932011206134e-06,0.0,0.0,0.0,True,0.00014678640186295826,1.6036665407766737e-06,0.0,0.0,0.0,True,0.00014746645392774504,1.6050703425913648e-06,0.0,0.0,0.0,0.000535912299073639,0.0,0.0,0.0,0.0005351464199125119,0.0,0.0,0.0,compact_bump
step_left,22,600000,0.002,177,0.9128852702404965,development,128,original,10000,0,0.001102101169222247,0.00215539604229179,8.904322034627437e-07,0.01901178870135895,2.3374842368215975e-06,1.4470520333588536e-06,8.906915933097138e-07,-2.593898466139728e-10,8.845008053144571,10000.0,True,0.0005412026562287869,0.0,0.0,0.0,0.0,True,7.076019063514784e-05,8.733287655353162e-07,0.0,0.0,0.0,True,7.098923098318406e-05,8.732334802685028e-07,0.0,0.0,0.0,True,7.174408352171753e-05,8.728942552376617e-07,0.0,0.0,0.0,0.00026139631830329415,0.0,0.0,0.0,0.000261236584814513,0.0,0.0,0.0,tanh_step
step_right,22,600000,0.002,177,0.9636241118102141,development,128,original,10000,0,0.00706755062287251,0.0022964926102264807,4.77991945021434e-06,0.03712342807882835,7.178650197776069e-06,2.3987307475617292e-06,4.779822317957695e-06,9.713225641958456e-11,9.93071377360222,10000.0,True,0.0012547612143526512,0.0,0.0,0.0,0.0,True,0.00032783884764808313,4.731529201318387e-06,0.0,0.0,0.0,True,0.0003273516411639807,4.73130514969046e-06,0.0,0.0,0.0,True,0.0003275408041305407,4.731489504716485e-06,0.0,0.0,0.0,0.0005076322558092421,0.0,0.0,0.0,0.0005078070158455747,0.0,0.0,0.0,tanh_step
kink_abs,22,600000,0.002,177,0.6214766720163144,development,128,original,10000,0,0.0037832813668189124,0.002133616125033795,-1.7473660265079847e-08,0.01050955549581891,2.302221858114442e-06,2.3196955183795216e-06,-1.8474247586363603e-08,1.0005873211144154e-09,15.824889905130986,10000.0,True,0.0005796889437316441,0.0,0.0,0.0,0.0,True,0.00022347178052526276,-7.193308449950471e-08,0.0,0.0,0.0,True,0.00022350402555988236,-7.352945207127338e-08,0.0,0.0,0.0,True,0.00022345462569505338,-7.235029179627779e-08,0.0,0.0,0.0,0.00011909678142596705,0.0,0.0,0.0,0.00011837348663320034,0.0,0.0,0.0,kink
kink_relu,22,600000,0.002,177,0.2041432706959443,development,128,original,10000,0,0.003516090292695559,0.0018149499206140728,8.235646559750631e-07,0.008555675963198917,2.162489553284852e-06,1.338924897309789e-06,8.2360591887037e-07,-4.126289440219775e-11,11.55001193431116,10000.0,True,0.0008870854067517519,0.0,0.0,0.0,0.0,True,4.42476937075243e-05,8.119255473386261e-07,0.0,0.0,0.0,True,4.456865136976136e-05,8.11885043221387e-07,0.0,0.0,0.0,True,4.5248398270284724e-05,8.11799409771976e-07,0.0,0.0,0.0,0.00012644213170352002,0.0,0.0,0.0,0.00012613599395476952,0.0,0.0,0.0,kink
sine,0,600000,0.002,177,1.0,development,128,original,20000,0,0.4883314026476686,0.0021277992918032978,0.0004320534545976309,1.414825800758169,0.00047267061991589104,4.06171653182601e-05,0.00043166620009010473,3.8719623543665737e-07,12.188612156812315,20000.0,True,0.0025701389964019983,0.0,0.0,0.0,0.0,True,0.5224833342448607,0.0002625605724285528,0.0,0.0,0.0,True,0.5227460402332005,0.0002616256081840453,0.0,0.0,0.0,True,0.5235655733218831,0.0002587654968015695,0.0,0.0,0.0,0.36154279652643634,0.0,0.0,0.0,0.361153356107344,0.0,0.0,0.0,
runge,0,600000,0.002,177,1.0,development,128,original,20000,0,0.041340484849165166,0.001976050851460861,1.435033532069032e-05,0.11507097055671324,2.6221078415477374e-05,1.1870743094787052e-05,1.4347946741783037e-05,2.3724936329858927e-09,10.613127699484904,20000.0,True,0.002139066022360723,0.0,0.0,0.0,0.0,True,0.0021950301739504375,1.3946462358461765e-05,0.0,0.0,0.0,True,0.0021986175583525117,1.3942918104731957e-05,0.0,0.0,0.0,True,0.00219513738366838,1.394617700115103e-05,0.0,0.0,0.0,0.004723449312910237,0.0,0.0,0.0,0.0047153932441611835,0.0,0.0,0.0,
moment3,0,600000,0.002,177,1.0,development,128,original,20000,0,0.006235098846502693,0.0037980544700636607,7.596564107732634e-06,0.009052337554304806,8.336735277663602e-06,7.401711699309685e-07,7.588202664246008e-06,8.361443494179691e-09,38.85042290360908,20000.0,True,0.0025654912015525924,0.0,0.0,0.0,0.0,True,0.00010527642871703808,7.590550173714564e-06,0.0,0.0,0.0,True,0.00010519938022891309,7.579409640448262e-06,0.0,0.0,0.0,True,0.00010556410377659896,7.5935607819569824e-06,0.0,0.0,0.0,0.006267332380572428,0.0,0.0,0.0,0.0062689066230122124,0.0,0.0,0.0,
moment5,0,600000,0.002,177,1.0,development,128,original,20000,0,0.7499971533802832,0.0014084227684976864,8.043844962024245e-08,0.00042090697063768944,1.9526613629569702e-07,1.1482768667545458e-07,8.043741025523002e-08,1.039365655348658e-12,7.154696067261807,20000.0,True,7.591173226278866e-06,0.0,0.0,0.0,0.0,True,4.986075226365603e-07,8.02830493354098e-08,0.0,0.0,0.0,True,4.984176067665467e-07,8.028356556284291e-08,0.0,0.0,0.0,True,4.980550243107152e-07,8.028460172232827e-08,0.0,0.0,0.0,7.544573045893872e-07,0.0,0.0,0.0,7.546616366056368e-07,0.0,0.0,0.0,
moment9,0,600000,0.002,177,1.0,development,128,original,20000,0,0.7500008899734405,0.0014050010000809894,-3.320560849004536e-08,0.0002261640234516069,7.307690177981404e-08,1.062825102698594e-07,-3.320592295488752e-08,3.1446449514668954e-13,7.158100493911372,20000.0,True,7.217518227387928e-06,0.0,0.0,0.0,0.0,True,5.607294656008116e-08,-3.322938639202851e-08,0.0,0.0,0.0,True,5.607304673762005e-08,-3.322946247085521e-08,0.0,0.0,0.0,True,5.604724179518823e-08,-3.322914666578941e-08,0.0,0.0,0.0,6.216907736661879e-07,0.0,0.0,0.0,6.216883502181297e-07,0.0,0.0,0.0,
mixed_sine,0,600000,0.002,177,0.8100925873009825,development,128,original,20000,0,0.31960546696985404,0.002806257923741402,3.4467608094848354e-05,0.23091962495258417,5.0620613104181797e-05,1.6153005009333442e-05,3.446247899270066e-05,5.122811973847506e-09,13.589747312620325,20000.0,True,0.00035136946276545674,0.0,0.0,0.0,0.0,True,0.006333780025813982,3.2805891794287236e-05,0.0,0.0,0.0,True,0.0063337324568122615,3.2805680111825996e-05,0.0,0.0,0.0,True,0.00633223573255882,3.280885088585388e-05,0.0,0.0,0.0,0.011608122698598088,0.0,0.0,0.0,0.011608550600145161,0.0,0.0,0.0,
localized_sine,0,600000,0.002,177,0.4822374526221915,development,128,original,20000,0,0.19060431942507958,0.003310364761361395,2.9198730622698735e-05,0.15180849951574674,4.771176063867972e-05,1.8513030015980987e-05,2.9183947377347332e-05,1.4708376765992743e-08,26.744097797760134,20000.0,True,0.0029442950615173992,0.0,0.0,0.0,0.0,True,0.0037162633979912,2.8168458107437603e-05,0.0,0.0,0.0,True,0.003742463453405161,2.814332529928621e-05,0.0,0.0,0.0,True,0.0037114152322776763,2.8173780434544114e-05,0.0,0.0,0.0,0.014926731959243612,0.0,0.0,0.0,0.014932862718536886,0.0,0.0,0.0,
chirp,0,600000,0.002,177,0.7001068817853702,development,128,original,20000,0,0.7146352558191863,0.0022316630829317405,5.831301623158666e-05,0.4269051254545826,7.062146241778633e-05,1.2308446186199678e-05,5.8296249910620815e-05,1.6766320968850654e-08,20.390307206187323,20000.0,True,0.001370595492213334,0.0,0.0,0.0,0.0,True,0.022863319861331874,5.323869019709423e-05,0.0,0.0,0.0,True,0.022887169777513316,5.314262554322674e-05,0.0,0.0,0.0,True,0.022877795268518117,5.314581456111334e-05,0.0,0.0,0.0,0.02792962492295713,0.0,0.0,0.0,0.02793762516881288,0.0,0.0,0.0,
moment4,0,600000,0.002,177,1.0,development,128,original,20000,0,0.749982992921696,0.0014160884736202904,4.695687209443164e-07,0.002988045595733518,8.970906467643868e-07,4.2752192582007046e-07,4.695138867678869e-07,5.483417624652695e-11,7.169371164809398,20000.0,True,1.9453524457773832e-05,0.0,0.0,0.0,0.0,True,3.5932529612756896e-05,4.6300076581550323e-07,0.0,0.0,0.0,True,3.593212576946311e-05,4.6300442120352195e-07,0.0,0.0,0.0,True,3.592444807807223e-05,4.6305827258716075e-07,0.0,0.0,0.0,3.260055378139067e-05,0.0,0.0,0.0,3.2608550941350426e-05,0.0,0.0,0.0,
blend_m010,0,600000,0.002,177,1.0,development,128,original,20000,0,0.749582903271959,0.0015181007106029201,6.087783238787642e-06,0.01979804235982397,8.826217863860978e-06,2.7384346250733353e-06,6.0868443398579985e-06,9.388989295741113e-10,7.201211115441446,20000.0,True,0.0003157196892609263,0.0,0.0,0.0,0.0,True,0.0005761118604048367,5.977808935334701e-06,0.0,0.0,0.0,True,0.0005761061591353025,5.977840354795789e-06,0.0,0.0,0.0,True,0.0005759677622161522,5.978748679824909e-06,0.0,0.0,0.0,0.0005570773395002976,0.0,0.0,0.0,0.0005572037482946626,0.0,0.0,0.0,
blend_p001,0,600000,0.002,177,1.0,development,128,original,20000,0,0.7500129205508614,0.001399274825810944,-2.0771944730135052e-07,0.0008637395993769826,2.431158650759062e-07,4.508353123772567e-07,-2.0772508588689814e-07,5.638584131580695e-12,7.166111455704114,20000.0,True,1.7136054909824243e-05,0.0,0.0,0.0,0.0,True,1.1127096483802007e-06,-2.0805760008792853e-07,0.0,0.0,0.0,True,1.1130630558410227e-06,-2.0805880316540703e-07,0.0,0.0,0.0,True,1.111467924442737e-06,-2.0805314826298967e-07,0.0,0.0,0.0,1.450425319518959e-06,0.0,0.0,0.0,1.4519730260528763e-06,0.0,0.0,0.0,
blend_p010,0,600000,0.002,177,1.0,development,128,original,20000,0,0.7500436168094757,0.0013764144739985347,6.647827251137849e-08,0.006920287453439964,2.850900357441563e-06,2.784422084930184e-06,6.657389265567685e-08,-9.562014397273672e-11,7.299443659281497,20000.0,True,4.0320053754540356e-05,0.0,0.0,0.0,0.0,True,8.186160622513004e-05,3.353776932099551e-08,0.0,0.0,0.0,True,8.186338078262918e-05,3.352793932069676e-08,0.0,0.0,0.0,True,8.187857122601536e-05,3.344419980788488e-08,0.0,0.0,0.0,8.102616689492298e-05,0.0,0.0,0.0,8.101062612091717e-05,0.0,0.0,0.0,
blend_p030,0,600000,0.002,177,1.0,development,128,original,20000,0,0.6893654950805139,0.0022041551641592055,2.1667151031559906e-05,0.05917378551046064,2.698121310870779e-05,5.3140620771478835e-06,2.1647056099005352e-05,2.0086166007028982e-08,13.869036566920531,20000.0,True,0.0010849929143952445,0.0,0.0,0.0,0.0,True,0.007760720424061442,2.0544623463417234e-05,0.0,0.0,0.0,True,0.007763622967577795,2.0521988275793933e-05,0.0,0.0,0.0,True,0.007761531020438849,2.054703949348113e-05,0.0,0.0,0.0,0.00347899031697466,0.0,0.0,0.0,0.003464765807472963,0.0,0.0,0.0,
exp_right,22,600000,0.002,177,2.6119867843594364,development,128,original,20000,0,0.00014511613652487602,0.0016861210513385968,8.806439625495066e-07,0.0051020727887293735,1.415751348916926e-06,5.351073863674197e-07,8.806572623188911e-07,-1.3299767748127751e-11,12.998555128041522,20000.0,True,0.00019631853652291162,0.0,0.0,0.0,0.0,True,3.877622431620342e-05,8.746488088583077e-07,0.0,0.0,0.0,True,3.8814122963646885e-05,8.746392227517356e-07,0.0,0.0,0.0,True,3.889733337690679e-05,8.745970709231629e-07,0.0,0.0,0.0,4.6729267518074885e-05,0.0,0.0,0.0,4.6536957218724535e-05,0.0,0.0,0.0,exponential
exp_left,22,600000,0.002,177,13.649519383995864,development,128,original,20000,0,0.0005673552292752246,0.0018546290419204278,-9.108701138807457e-07,0.005904302773166783,9.9351407429498e-07,1.9043841881757258e-06,-9.109369457782789e-07,6.68318941256479e-11,18.646028642751777,20000.0,True,0.0004874624749719467,0.0,0.0,0.0,0.0,True,0.0002775814387504652,-9.118488496700098e-07,0.0,0.0,0.0,True,0.00027756236322187415,-9.119199825760298e-07,0.0,0.0,0.0,True,0.000277581526909994,-9.118451887115694e-07,0.0,0.0,0.0,0.00019826029592689802,0.0,0.0,0.0,0.0001980692437585846,0.0,0.0,0.0,exponential
gauss_left,22,600000,0.002,177,0.3713011646461742,development,128,original,20000,0,0.004960671608333797,0.003486179955606875,1.890274914142201e-05,0.10269486344947684,3.0913565449631e-05,1.201081630820899e-05,1.8898357216864095e-05,4.324429809656406e-09,22.692662730985983,20000.0,True,0.0033293438936277653,0.0,0.0,0.0,0.0,True,0.0016465010466491293,1.8177218886822366e-05,0.0,0.0,0.0,True,0.0016588961269517145,1.8167218562192488e-05,0.0,0.0,0.0,True,0.0016475135844613894,1.8176348392871918e-05,0.0,0.0,0.0,0.007038036975328686,0.0,0.0,0.0,0.007041616252987251,0.0,0.0,0.0,gaussian
gauss_right,22,600000,0.002,177,0.23748502306292393,development,128,original,20000,0,0.03339056003564786,0.004284597746136881,3.487821529870719e-05,0.24421352042979602,4.174419132076358e-05,6.865976022056391e-06,3.486448338706287e-05,1.3726243830360018e-08,35.701120340098164,20000.0,True,0.0030365013780582232,0.0,0.0,0.0,0.0,True,0.0033446591379773095,3.4044276114865694e-05,0.0,0.0,0.0,True,0.0033529016375311747,3.401525773324807e-05,0.0,0.0,0.0,True,0.003346054684305144,3.403938414329383e-05,0.0,0.0,0.0,0.010753927028052095,0.0,0.0,0.0,0.010752979783612936,0.0,0.0,0.0,gaussian
bump_left,22,600000,0.002,177,0.44348186274361356,development,128,original,20000,0,0.022225912699634528,0.003192290814110431,8.090270940301846e-06,0.08218442567908912,2.6509830747398993e-05,1.8419559807097143e-05,8.090177439615817e-06,2.2952646440041692e-11,19.707754792050277,20000.0,True,0.0011002315683480207,0.0,0.0,0.0,0.0,True,0.002978209515721467,7.2811860420252575e-06,0.0,0.0,0.0,True,0.0029829765229437218,7.279685638076124e-06,0.0,0.0,0.0,True,0.002980766813782032,7.280385090455117e-06,0.0,0.0,0.0,0.0017122365467734909,0.0,0.0,0.0,0.0017135904884396913,0.0,0.0,0.0,compact_bump
bump_right,22,600000,0.002,177,0.32889495195335533,development,128,original,20000,0,0.020984069896973476,0.0036212018193975994,3.0613234947030764e-06,0.032934145088266066,6.116584532850422e-06,3.055261038147346e-06,3.059659085530905e-06,1.6644091741704156e-09,29.193580739358215,20000.0,True,0.002629619229606289,0.0,0.0,0.0,0.0,True,0.0005629874438531086,3.0203965697810487e-06,0.0,0.0,0.0,True,0.0005618140856315639,3.0171186116018e-06,0.0,0.0,0.0,True,0.0005629195212878389,3.020077544538202e-06,0.0,0.0,0.0,0.002085753229717451,0.0,0.0,0.0,0.0020842122818361215,0.0,0.0,0.0,compact_bump
step_left,22,600000,0.002,177,0.9128852702404965,development,128,original,20000,0,0.0010554209602270507,0.0021562843391643555,1.778729076028355e-06,0.03752039294517504,4.616187794976759e-06,2.837458718948404e-06,1.779226297551349e-06,-4.972215248516594e-10,8.84286426905988,20000.0,True,0.0005138952159574987,0.0,0.0,0.0,0.0,True,0.0002714063784775339,1.7187726515807103e-06,0.0,0.0,0.0,True,0.0002715252554008101,1.7187258636108866e-06,0.0,0.0,0.0,True,0.0002728697972801054,1.7179927157027263e-06,0.0,0.0,0.0,0.0010342074892336754,0.0,0.0,0.0,0.0010338890941649806,0.0,0.0,0.0,tanh_step
step_right,22,600000,0.002,177,0.9636241118102141,development,128,original,20000,0,0.006905216591407938,0.00230117570644272,9.463015666453993e-06,0.07331490276129958,1.4169875971889378e-05,4.706860305435385e-06,9.462799598826662e-06,2.1606762795800007e-10,9.970717133936624,20000.0,True,0.001343339780469003,0.0,0.0,0.0,0.0,True,0.0012782520354461908,9.27653523960718e-06,0.0,0.0,0.0,True,0.0012784583612918702,9.275972445345728e-06,0.0,0.0,0.0,True,0.0012778641234831953,9.27640102616303e-06,0.0,0.0,0.0,0.002000800078193991,0.0,0.0,0.0,0.0020010935172231326,0.0,0.0,0.0,tanh_step
kink_abs,22,600000,0.002,177,0.6214766720163144,development,128,original,20000,0,0.0037491803636962406,0.0021335902106627814,-4.33880312782615e-08,0.021106805567071313,4.629343464626837e-06,4.6727314959051e-06,-4.53469646561152e-08,1.9588587207516752e-09,15.841179519271405,20000.0,True,0.0005704686069462747,0.0,0.0,0.0,0.0,True,0.000791452098593236,-2.1631864969278027e-07,0.0,0.0,0.0,True,0.0007918721373989214,-2.1902213737847847e-07,0.0,0.0,0.0,True,0.0007915212841337806,-2.165434400499493e-07,0.0,0.0,0.0,0.00047377998866310805,0.0,0.0,0.0,0.00047232931973927505,0.0,0.0,0.0,kink
kink_relu,22,600000,0.002,177,0.2041432706959443,development,128,original,20000,0,0.0035052077508535683,0.00181576726324579,1.6409072876923794e-06,0.0168715780957501,4.292518851273886e-06,2.6516115635815066e-06,1.640987737846438e-06,-8.045015444505158e-11,11.53553112759926,20000.0,True,0.0008782204697747426,0.0,0.0,0.0,0.0,True,0.00013685952072565818,1.602343559739901e-06,0.0,0.0,0.0,True,0.0001367806792278156,1.6023571771519216e-06,0.0,0.0,0.0,True,0.00013802332086708033,1.602169466723547e-06,0.0,0.0,0.0,0.0005004455291237161,0.0,0.0,0.0,0.0004998308281995342,0.0,0.0,0.0,kink
sine,0,600000,0.002,177,1.0,development,128,k2_none,1,0,0.7773864344920114,0.0016957536643509956,7.827145328416436e-09,2.6407056076753013e-05,8.774493216214502e-09,9.473478877980654e-10,8.78276316491237e-09,-9.556178365023097e-10,4.486776363389789,0.5,False,0.051435841358138674,-7.827145328402502e-09,2.6407056076747988e-05,7.827145328402502e-09,,True,0.0,7.827145328416436e-09,0.0,-7.827145328402502e-09,0.0,True,1.4410258905014953e-06,8.782763164913449e-09,1.234785701544872e-06,-7.008295918447338e-09,8.188494099551639e-10,True,1.3053722116515227e-16,7.827145328404952e-09,2.0953922982038906e-16,-7.827145328425318e-09,2.2816950016662715e-20,0.0,0.0,-7.827145328402502e-09,0.0,1.4410258905014953e-06,1.234785701544872e-06,-7.008295918447338e-09,8.188494099551639e-10,
runge,0,600000,0.002,177,1.0,development,128,k2_none,1,0,0.04769834456631601,0.001961700874719211,3.5857904014137637e-10,2.9807116294433674e-06,6.849552994889349e-10,3.263762593475585e-10,3.6197597549002416e-10,-3.3969353522225907e-12,5.19147259935137,0.5,False,0.19015401562476844,-3.5857904012353604e-10,2.980711629445721e-06,3.5857904012353604e-10,,True,0.0,3.5857904014137637e-10,0.0,-3.5857904012353604e-10,0.0,True,9.706843085031395e-08,3.6197597547859206e-10,9.916069161957566e-08,-3.5511291919400416e-10,3.4661209295318814e-12,True,8.292268540375458e-17,3.5857904013846676e-10,1.5966068831450642e-16,-3.5857904013412153e-10,1.058548199762938e-20,0.0,0.0,-3.5857904012353604e-10,0.0,9.706843085031395e-08,9.916069161957566e-08,-3.5511291919400416e-10,3.4661209295318814e-12,
moment3,0,600000,0.002,177,1.0,development,128,k2_none,1,0,0.006368656227055426,0.0037904581404833446,2.345274176085354e-10,3.129692124513335e-07,2.47317511967543e-10,1.279009435900758e-11,3.47717997530982e-10,-1.131905799475892e-10,19.31676241225797,0.5,False,0.4264409552426047,-2.3452741757423294e-10,3.129692124702979e-07,2.3452741757423294e-10,,True,0.0,2.345274176085354e-10,0.0,-2.3452741757423294e-10,0.0,True,1.2350008655667734e-07,3.4771799755272955e-10,1.2406630578231583e-07,-1.2079965037667365e-10,1.1372776719755928e-10,True,5.389297560362442e-16,2.3452741759398746e-10,7.756154101467064e-16,-2.3452741759245614e-10,1.8223202484849476e-20,0.0,0.0,-2.3452741757423294e-10,0.0,1.2350008655667734e-07,1.2406630578231583e-07,-1.2079965037667365e-10,1.1372776719755928e-10,
moment5,0,600000,0.002,177,1.0,development,128,k2_none,1,0,0.7499971640813989,0.001408342332054464,2.006397953827236e-12,1.052070494179798e-08,4.880376439019506e-12,2.87397848519227e-12,2.4738875296669424e-12,-4.674895883105701e-13,3.5773956403066425,0.5,False,0.09814108909607885,-2.006397915390125e-12,1.0520704935410658e-08,2.006397915390125e-12,,True,0.0,2.006397953827236e-12,4.336808689942018e-19,-2.0063979153518413e-12,3.828376051828676e-23,True,1.3303583679526861e-09,2.473887534693582e-12,1.3305060159583317e-09,-1.5388565150962586e-12,4.675414002938665e-13,True,1.2444449676652296e-16,2.0063979411935242e-12,1.8011806019419136e-16,-2.006397932311642e-12,1.6921517064826863e-20,0.0,4.336808689942018e-19,-2.0063979153518413e-12,3.828376051828676e-23,1.3303583679526861e-09,1.3305060159583317e-09,-1.5388565150962586e-12,4.675414002938665e-13,
moment9,0,600000,0.002,177,1.0,development,128,k2_none,1,0,0.7500008937000732,0.0014050342048575778,-8.319013228566142e-13,5.669096502349854e-09,1.8318821760310553e-12,2.6637834988876697e-12,-9.485095217881323e-13,1.1660820321997216e-13,3.5790440933217016,0.5,False,0.023033149476969238,8.319013165780423e-13,5.669096501054042e-09,8.319013165780423e-13,,True,0.0,-8.319013228566142e-13,0.0,8.319013165780423e-13,0.0,True,3.2951160153454895e-10,-9.48509524151721e-13,3.294667605860715e-10,7.153089153474129e-13,1.1659240123062936e-13,True,1.0227239497129605e-16,-8.319013205212917e-13,1.7061360352645528e-16,8.319013100697666e-13,6.5082757397934574e-21,0.0,0.0,8.319013165780423e-13,0.0,3.2951160153454895e-10,3.294667605860715e-10,7.153089153474129e-13,1.1659240123062936e-13,
mixed_sine,0,600000,0.002,177,0.8100925873009825,development,128,k2_none,1,0,0.32240515512297196,0.0027717911696891807,8.540426268953109e-10,6.023446674800966e-06,1.2560709398125632e-09,4.020283129172524e-10,1.0360636168620312e-09,-1.8202098994206616e-10,6.883379492863571,0.5,False,0.3006606879996587,-8.540426269442378e-10,6.0234466756504135e-06,8.540426269442378e-10,,True,0.0,8.540426268953109e-10,1.3877787807814457e-17,-8.540426269430126e-10,1.2251578847676031e-21,True,2.1939823396766493e-07,1.0360636169136597e-09,2.195583520582833e-07,-6.718888042744816e-10,1.8215382266975613e-10,True,9.03463009589692e-16,8.540426269838617e-10,9.285622905947613e-16,-8.540426268680526e-10,7.618519557251209e-20,0.0,1.3877787807814457e-17,-8.540426269430126e-10,1.2251578847676031e-21,2.1939823396766493e-07,2.195583520582833e-07,-6.718888042744816e-10,1.8215382266975613e-10,
localized_sine,0,600000,0.002,177,0.4822374526221915,development,128,k2_none,1,0,0.19315070162087422,0.0032811667864315764,7.556928804077953e-10,4.060683686206403e-06,1.25816429019039e-09,5.024714097825949e-10,7.929123990142956e-10,-3.7219518529110307e-11,13.09498001687943,0.5,False,0.29100679594007844,-7.556928806155528e-10,4.060683687495697e-06,7.556928806155528e-10,,True,0.0,7.556928804077953e-10,0.0,-7.556928806155528e-10,0.0,True,1.6374309130710188e-07,7.929127431565206e-10,1.667827960211963e-07,-7.177829204636114e-10,3.790996015194135e-11,True,1.8773773828872838e-16,7.556928804291194e-10,2.715285583506059e-16,-7.556928805981718e-10,1.7380925826117356e-20,0.0,0.0,-7.556928806155528e-10,0.0,1.6374309130710188e-07,1.667827960211963e-07,-7.177829204636114e-10,3.790996015194135e-11,
chirp,0,600000,0.002,177,0.7001068817853702,development,128,k2_none,1,0,0.7347882934789831,0.0021733515686865553,1.5019864010919295e-09,1.1292804387512563e-05,1.847150582337097e-09,3.451641812451674e-10,1.6150738848725535e-09,-1.1308748376798215e-10,9.322304071405073,0.5,False,0.19008657160367776,-1.5019864011021321e-09,1.1292804387512399e-05,1.5019864011021321e-09,,True,0.0,1.5019864010919295e-09,0.0,-1.5019864011021321e-09,0.0,True,3.440398426768038e-07,1.6150738848952487e-09,3.439039484825033e-07,-1.3887197345113576e-09,1.132666665907745e-10,True,1.16851042874933e-16,1.5019864011103057e-09,1.8644747072030057e-16,-1.5019864010566508e-09,4.54812852103094e-20,0.0,0.0,-1.5019864011021321e-09,0.0,3.440398426768038e-07,3.439039484825033e-07,-1.3887197345113576e-09,1.132666665907745e-10,
moment4,0,600000,0.002,177,1.0,development,128,k2_none,1,0,0.7499835149120216,0.0014156189164959273,1.1596581234479678e-11,7.406956028627144e-08,2.2305672350261217e-11,1.0709091115781541e-11,1.204095729566234e-11,-4.4437606094917067e-13,3.584410167752605,0.5,False,0.013774818239439926,-1.1596581230038736e-11,7.406956028476011e-08,1.1596581230038736e-11,,True,0.0,1.1596581234479678e-11,1.734723475976807e-18,-1.1596581230191872e-11,1.5313665766028093e-22,True,1.265230593248817e-09,1.2040957293673968e-11,1.2728917043740896e-09,-1.1149512201043433e-11,4.4706902899530283e-13,True,1.183114476730619e-16,1.1596581230038736e-11,1.798766884999431e-16,-1.1596581240911385e-11,1.0872649379504527e-20,0.0,1.734723475976807e-18,-1.1596581230191872e-11,1.5313665766028093e-22,1.265230593248817e-09,1.2728917043740896e-09,-1.1149512201043433e-11,4.4706902899530283e-13,
blend_m010,0,600000,0.002,177,1.0,development,128,k2_none,1,0,0.7496060482841176,0.0015120130769710504,1.4960691771779082e-10,4.824092176550335e-07,2.169222265441424e-10,6.731530882635158e-11,1.5560315790533265e-10,-5.996240192907486e-12,3.5967089643484766,0.5,False,0.11932596291892533,-1.496069177027452e-10,4.824092176531705e-07,1.496069177027452e-10,,True,0.0,1.4960691771779082e-10,0.0,-1.496069177027452e-10,0.0,True,3.985452816654062e-08,1.5560315790345627e-10,4.015706959742485e-08,-1.435651792851938e-10,6.04173841755141e-12,True,1.5046351345244045e-16,1.4960691771223964e-10,2.349157637761663e-16,-1.4960691772104495e-10,1.8299742540904774e-20,0.0,0.0,-1.496069177027452e-10,0.0,3.985452816654062e-08,4.015706959742485e-08,-1.435651792851938e-10,6.04173841755141e-12,
blend_p001,0,600000,0.002,177,1.0,development,128,k2_none,1,0,0.750012963763125,0.0013994825400552753,-5.202969860390784e-12,2.1619345008948245e-08,6.0788065928306545e-12,1.1281776453221439e-11,-6.500878327439559e-12,1.2979084706513572e-12,3.5829084413977723,0.5,False,0.20904752995840903,5.202969848331332e-12,2.161934499142156e-08,5.202969848331332e-12,,True,0.0,-5.202969860390784e-12,0.0,5.202969848331332e-12,0.0,True,3.6100359695943847e-09,-6.50087832288326e-12,3.609249248885437e-09,3.9053441815992404e-12,1.2976256667320914e-12,True,1.1017030629781548e-16,-5.202969848139912e-12,1.7635034103353142e-16,5.202969865291133e-12,1.6959801229241934e-20,0.0,0.0,5.202969848331332e-12,0.0,3.6100359695943847e-09,3.609249248885437e-09,3.9053441815992404e-12,1.2976256667320914e-12,
blend_p010,0,600000,0.002,177,1.0,development,128,k2_none,1,0,0.7500464331161434,0.0013763479965678005,8.417771366827046e-13,1.7233674683424695e-07,7.089534350428341e-11,7.00535663676007e-11,-1.230818618130023e-11,1.3149963323981403e-11,3.646286490448303,0.5,False,0.26506860499275414,-8.41777146789674e-13,1.723367468642364e-07,8.41777146789674e-13,,True,0.0,8.417771366827046e-13,0.0,-8.41777146789674e-13,0.0,True,2.9172745904103943e-08,-1.2308186176698972e-11,2.9182032840518053e-08,-1.3995927311028843e-11,1.3154150164239169e-11,True,1.285218212548307e-16,8.417771552121485e-13,1.750524235037144e-16,-8.417771264225992e-13,2.0367074797544083e-20,0.0,0.0,-8.41777146789674e-13,0.0,2.9172745904103943e-08,2.9182032840518053e-08,-1.3995927311028843e-11,1.3154150164239169e-11,
blend_p030,0,600000,0.002,177,1.0,development,128,k2_none,1,0,0.6899493067597813,0.0021824885638582277,5.507305820641395e-10,1.5472363447927137e-06,6.969292067986399e-10,1.461986247345004e-10,8.869118392140613e-10,-3.361812571557746e-10,6.751060170158719,0.5,False,0.20081996907782942,-5.507305820662068e-10,1.547236344799281e-06,5.507305820662068e-10,,True,0.0,5.507305820641395e-10,0.0,-5.507305820662068e-10,0.0,True,3.988084897051692e-07,8.869118392084795e-10,4.001252165696724e-07,-2.134393926669009e-10,3.372911893993059e-10,True,2.776546719786286e-16,5.507305820357328e-10,3.241682544966388e-16,-5.507305820946902e-10,2.8483344007804093e-20,0.0,0.0,-5.507305820662068e-10,0.0,3.988084897051692e-07,4.001252165696724e-07,-2.134393926669009e-10,3.372911893993059e-10,
exp_right,22,600000,0.002,177,2.6119867843594364,development,128,k2_none,1,0,0.00014992928422799073,0.0016852404294629018,2.2086854324761217e-11,1.280811386104981e-07,3.547907179924237e-11,1.3392217474481152e-11,2.4602102326824045e-11,-2.515248022046459e-12,6.486385735473844,0.5,False,0.2539844455044027,-2.208685426905803e-11,1.2808113849760154e-07,2.208685426905803e-11,,True,0.0,2.2086854324761217e-11,0.0,-2.208685426905803e-11,0.0,True,2.3300695398990784e-08,2.4602102321678197e-11,2.3287855342763022e-08,-1.9572560030100713e-11,2.5142942389573184e-12,True,3.019097955923679e-16,2.2086854299417224e-11,3.301658910960956e-16,-2.2086854310021886e-11,4.096385478352698e-20,0.0,0.0,-2.208685426905803e-11,0.0,2.3300695398990784e-08,2.3287855342763022e-08,-1.9572560030100713e-11,2.5142942389573184e-12,exponential
exp_left,22,600000,0.002,177,13.649519383995864,development,128,k2_none,1,0,0.0005812312716879095,0.0018555398898267975,-2.2207510826442548e-11,1.5018569289570136e-07,2.532485226160293e-11,4.7532363088045476e-11,-3.030045637716612e-11,8.092945536562379e-12,9.299441863596142,0.5,False,0.32056302730644254,2.2207510833563368e-11,1.5018569290184123e-07,2.2207510833563368e-11,,True,0.0,-2.2207510826442548e-11,0.0,2.2207510833563368e-11,0.0,True,4.190336133791462e-08,-3.030045639671559e-11,4.18851576153833e-08,1.4118269645750707e-11,8.089241187812661e-12,True,1.4521511029597155e-16,-2.2207510828739587e-11,4.841250071970095e-16,2.2207510854542985e-11,2.0979617086294784e-20,0.0,0.0,2.2207510833563368e-11,0.0,4.190336133791462e-08,4.18851576153833e-08,1.4118269645750707e-11,8.089241187812661e-12,exponential
gauss_left,22,600000,0.002,177,0.3713011646461742,development,128,k2_none,1,0,0.006229934611379197,0.0034672776742602413,4.677947883106468e-10,2.733561877184523e-06,8.051668648390907e-10,3.373720765284439e-10,4.869243573739928e-10,-1.912956904736672e-11,11.270606831412955,0.5,False,0.37996882929655407,-4.677947883609136e-10,2.7335618767755126e-06,4.677947883609136e-10,,True,0.0,4.677947883106468e-10,0.0,-4.677947883609136e-10,0.0,True,1.2506314996997996e-07,4.869243574337279e-10,1.2618842300954288e-07,-4.484989374903253e-10,1.9295850870588307e-11,True,1.0350493319586328e-15,4.677947883987e-10,1.0532403977367492e-15,-4.677947882842691e-10,7.664448760763216e-20,0.0,0.0,-4.677947883609136e-10,0.0,1.2506314996997996e-07,1.2618842300954288e-07,-4.484989374903253e-10,1.9295850870588307e-11,gaussian
gauss_right,22,600000,0.002,177,0.23748502306292393,development,128,k2_none,1,0,0.03786420317461772,0.0042497204621989295,9.313607557109745e-10,6.3645087022849955e-06,1.1206022818183823e-09,1.8924152610740772e-10,9.482090650905019e-10,-1.6848309337393225e-11,17.550595721623036,0.5,False,0.06660250697796424,-9.313607558413315e-10,6.364508703610858e-06,9.313607558413315e-10,,True,0.0,9.313607557109745e-10,0.0,-9.313607558413315e-10,0.0,True,3.878809812064754e-08,9.482098856883441e-10,4.0533010005145844e-08,-9.137531466185452e-10,1.7607609222786377e-11,True,1.8661787179284253e-16,9.313607556997956e-10,1.8153191687088093e-15,-9.313607556748346e-10,1.664969816462048e-19,0.0,0.0,-9.313607558413315e-10,0.0,3.878809812064754e-08,4.0533010005145844e-08,-9.137531466185452e-10,1.7607609222786377e-11,gaussian
bump_left,22,600000,0.002,177,0.44348186274361356,development,128,k2_none,1,0,0.023117978345657826,0.003184200720739035,1.7756890623415577e-10,2.076037099580146e-06,6.574806557500944e-10,4.799117495159387e-10,1.7676879301293888e-10,8.001132163398939e-13,9.847522980976695,0.5,False,0.4509384544404852,-1.7756890626622817e-10,2.0760370999503143e-06,1.7756890626622817e-10,,True,0.0,1.7756890623415577e-10,0.0,-1.7756890626622817e-10,0.0,True,1.2854706606399357e-07,1.767687899934967e-10,1.2884342678519022e-07,-1.7837709079617206e-10,8.081845299438902e-13,True,1.671196979986292e-16,1.7756890626554862e-10,9.460368194144584e-16,-1.7756890613024348e-10,1.3598469284277883e-19,0.0,0.0,-1.7756890626622817e-10,0.0,1.2854706606399357e-07,1.2884342678519022e-07,-1.7837709079617206e-10,8.081845299438902e-13,compact_bump
bump_right,22,600000,0.002,177,0.32889495195335533,development,128,k2_none,1,0,0.021058589131853066,0.0036181405810239288,8.512103344976007e-11,8.724342365431269e-07,1.644914899546145e-10,7.937045650485443e-11,9.294360674998468e-11,-7.822573196817159e-12,14.58009467284326,0.5,False,0.27326755798237556,-8.512103367236224e-11,8.724342381639469e-07,8.512103367236224e-11,,True,0.0,8.512103344976007e-11,0.0,-8.512103367236224e-11,0.0,True,1.9492420494992057e-08,9.293978400514706e-11,1.9723046381265337e-08,-7.719946814468652e-11,7.921565527675718e-12,True,2.005354828595145e-15,8.512103367169227e-11,2.0176037752430425e-15,-8.512103347948758e-11,1.9287465985657273e-19,0.0,0.0,-8.512103367236224e-11,0.0,1.9492420494992057e-08,1.9723046381265337e-08,-7.719946814468652e-11,7.921565527675718e-12,compact_bump
step_left,22,600000,0.002,177,0.9128852702404965,development,128,k2_none,1,0,0.0011512193158882504,0.002154505654640999,4.455267216326437e-11,9.634405498998948e-07,1.183705376094541e-10,7.381786544618975e-11,4.3220650957749354e-11,1.332021177734836e-12,4.4237779402870965,0.5,False,0.1255786928966741,-4.455267208344228e-11,9.63440549034699e-07,4.455267208344228e-11,,True,0.0,4.455267216326437e-11,0.0,-4.455267208344228e-11,0.0,True,5.879182803194355e-09,4.3220650925357575e-11,6.003315017181279e-09,-4.591175245200413e-11,1.3590803685618519e-12,True,9.053745389617197e-16,4.455267207180395e-11,1.7933730159242595e-15,-4.455267225265745e-11,1.6921516822488793e-19,0.0,0.0,-4.455267208344228e-11,0.0,5.879182803194355e-09,6.003315017181279e-09,-4.591175245200413e-11,1.3590803685618519e-12,tanh_step
step_right,22,600000,0.002,177,0.9636241118102141,development,128,k2_none,1,0,0.007240203825918932,0.0022917129322260962,2.4144982989367156e-10,1.880206551976239e-06,3.6361958355624226e-10,1.221697536625707e-10,2.4089544886409e-10,5.543809944054479e-13,4.944232960379369,0.5,False,0.220715781917258,-2.4144982981220327e-10,1.880206551233505e-06,2.4144982981220327e-10,,True,0.0,2.4144982989367156e-10,0.0,-2.4144982981220327e-10,0.0,True,4.5736307194490877e-08,2.408954478998073e-10,4.5279737682015674e-08,-2.4199552284431734e-10,5.456930321140748e-13,True,8.961538494871908e-16,2.41449829812969e-10,9.156201800186045e-16,-2.414498299014815e-10,8.927822389830769e-20,0.0,0.0,-2.4144982981220327e-10,0.0,4.5736307194490877e-08,4.5279737682015674e-08,-2.4199552284431734e-10,5.456930321140748e-13,tanh_step
kink_abs,22,600000,0.002,177,0.6214766720163144,development,128,k2_none,1,0,0.003817625781350637,0.0021336335987455365,5.147642990776908e-14,5.233648149460166e-07,1.1484239656284237e-10,1.147909201329346e-10,1.64045296192897e-12,-1.5889765457906943e-12,7.903854222657022,0.5,False,0.29580133360196087,-5.1476389479891464e-14,5.233648149002754e-07,5.1476389479891464e-14,,True,0.0,5.147642990776908e-14,0.0,-5.1476389479891464e-14,0.0,True,1.1442537361738088e-08,1.6404529497733826e-12,1.1384068911631528e-08,1.6391004139231323e-12,1.6905768034030239e-12,True,2.1240447562058462e-16,5.147640471691352e-14,3.451020837247525e-16,-5.147644040236373e-14,5.092247226828749e-20,0.0,0.0,-5.1476389479891464e-14,0.0,1.1442537361738088e-08,1.1384068911631528e-08,1.6391004139231323e-12,1.6905768034030239e-12,kink
kink_relu,22,600000,0.002,177,0.2041432706959443,development,128,k2_none,1,0,0.003527592682687329,0.0018141263972924586,4.13343607918758e-11,4.3391304576701484e-07,1.0895404765246025e-10,6.761968686058445e-11,4.004298331141893e-11,1.2913774684202688e-12,5.78250836274728,0.5,False,0.21613363619711207,-4.1334360737244564e-11,4.3391304537527904e-07,4.1334360737244564e-11,,True,0.0,4.13343607918758e-11,0.0,-4.1334360737244564e-11,0.0,True,2.06869286202901e-08,4.0042983338084033e-11,2.0771463671124764e-08,-4.262997236842889e-11,1.2956116311843259e-12,True,1.362400011675283e-16,4.133436080041312e-11,1.8422659182167346e-16,-4.133436073092771e-11,6.316855220640694e-21,0.0,0.0,-4.1334360737244564e-11,0.0,2.06869286202901e-08,2.0771463671124764e-08,-4.262997236842889e-11,1.2956116311843259e-12,kink
sine,0,600000,0.002,177,1.0,development,128,k2_none,10,0,0.7773212812789224,0.0016958243605748864,7.852336921934474e-08,0.00026419101438105873,8.803923732764542e-08,9.515868108300673e-09,8.784933954814834e-08,-9.325970328830365e-09,4.487633268252512,5.0,False,0.048947375232385286,-7.806247323714406e-08,0.00026408417582028757,7.806247323714406e-08,,True,1.0990451078026073e-07,7.85079850021921e-08,6.696972256359941e-08,-7.805745782993663e-08,5.0154072074304705e-12,True,1.4059336847392636e-05,8.781996651739833e-08,1.2020487794019487e-05,-7.007687527911908e-08,7.985597958024978e-09,True,3.679333938942963e-07,7.826339190458982e-08,3.3424858281812293e-07,-7.826573398703583e-08,2.0326074989176322e-10,3.5797736167878747e-07,3.3219407433841324e-07,-7.827145328410336e-08,2.0898004695930046e-10,1.4063448280763637e-05,1.2018887431112842e-05,-7.008295918447553e-08,7.979514052668528e-09,
runge,0,600000,0.002,177,1.0,development,128,k2_none,10,0,0.04769547976645839,0.0019617041030542365,3.5869140651169768e-09,2.9809814140184717e-05,6.865873452906512e-09,3.2789593877895356e-09,3.6197001922180013e-09,-3.278612703251766e-11,5.1915773055835475,5.0,False,0.17753762900722228,-3.584592969696461e-09,2.9803551684537025e-05,3.584592969696461e-09,,True,5.991715420993666e-10,3.5867946830980643e-09,5.1523404525179156e-11,-3.5845909227100946e-09,2.046986366201401e-15,True,9.375796795957956e-07,3.619599797685582e-09,9.585251484294298e-07,-3.5510862323786327e-09,3.350673731782817e-11,True,3.355604198140148e-08,3.5856027142760614e-09,3.353148199269361e-08,-3.5857755048499876e-09,1.1825351535268016e-12,3.383935290221128e-08,3.401048043802088e-08,-3.5857904013382963e-09,1.1974316418355224e-12,9.369207691577922e-07,9.576412139137557e-07,-3.551129191922651e-09,3.3463777773809946e-11,
moment3,0,600000,0.002,177,1.0,development,128,k2_none,10,0,0.006368523174837564,0.00379046036111677,2.455160842471474e-09,3.1554032666383173e-06,2.563659892742206e-09,1.0849905027073229e-10,3.4698026838610985e-09,-1.0146418414577032e-09,19.316865849203708,5.0,False,0.3216744755203364,-2.2349080200849576e-09,3.107730144877648e-06,2.2349080200849576e-09,,True,6.389981962220085e-12,2.455158309580563e-09,4.8538800897429714e-11,-2.2349240024289724e-09,1.598234401483718e-14,True,1.1054325487352063e-06,3.472356025833541e-09,1.111050957702685e-06,-1.212391975775232e-09,1.0225160443097256e-09,True,1.3113248735054372e-07,2.33768529562982e-09,1.311935554081182e-07,-2.3524557146282233e-09,1.1754769454326565e-10,1.2725693068663516e-07,1.2698974539466174e-07,-2.3452741757832166e-09,1.1036615569825897e-10,1.108335269805307e-06,1.114177037663605e-06,-1.2079965037222889e-09,1.0269115163626688e-09,
moment5,0,600000,0.002,177,1.0,development,128,k2_none,10,0,0.7499971640783001,0.0014083423501789077,2.0130841624128193e-11,1.0524316028586783e-07,4.881392638883214e-11,2.868308476470395e-11,2.4738887917463503e-11,-4.6080462713805264e-12,3.5773955979432217,5.0,False,0.09530881530754601,-1.99971582951393e-11,1.0517128754878512e-07,1.99971582951393e-11,,True,3.055574304134476e-14,2.013082967060782e-11,8.785182110637614e-14,-1.9997126191308084e-11,3.210383121539718e-17,True,1.3113355265664003e-08,2.4738877711622106e-11,1.3114845271891601e-08,-1.538856929845702e-11,4.608588996682279e-12,True,1.9022804276509512e-10,2.006398211355879e-11,1.902145340821369e-10,-2.0063983179767497e-11,6.682488462819765e-14,1.902278984233218e-10,1.902157757186218e-10,-2.0063979421697658e-11,6.682112655835875e-14,1.311335586742314e-08,1.3114844435370946e-08,-1.5388565251304886e-11,4.6085930438344134e-12,
moment9,0,600000,0.002,177,1.0,development,128,k2_none,10,0,0.7500008936988807,0.001405034197353876,-8.335603511078796e-12,5.66948929649392e-08,1.8309039219225872e-11,2.664464273030467e-11,-9.485089397876293e-12,1.1494858767235732e-12,3.579044098655859,5.0,False,0.02227239111105136,8.302406940097793e-12,5.668694038331133e-08,8.302406940097793e-12,,True,5.007533558277732e-15,-8.335605977102762e-12,8.788609643634269e-15,8.302411270895898e-12,4.330798104805523e-18,True,3.248198937664353e-09,-9.48509135159736e-12,3.2477500857405334e-09,7.153082515032861e-12,1.149324425064932e-12,True,4.6917199571140305e-11,-8.319009409012238e-12,4.691761121117124e-11,8.319006377648812e-12,1.659943755101926e-14,4.691643188972437e-11,4.691836417608831e-11,8.319013174585738e-12,1.6606234487944297e-14,3.248199943667799e-09,3.2477493549172338e-09,7.1530892331430815e-12,1.1493177069547117e-12,
mixed_sine,0,600000,0.002,177,0.8100925873009825,development,128,k2_none,10,0,0.32240438226646945,0.0027717989385101826,8.622863629187839e-09,6.0244827059681254e-05,1.2600351593918796e-08,3.977487964730957e-09,1.0363417813137422e-08,-1.7405541839813997e-09,6.8832954692478125,5.0,False,0.27534529270057007,-8.457992915956023e-09,6.022181795157443e-05,8.457992915956023e-09,,True,5.497473703584404e-10,8.622759349941779e-09,8.520896751125747e-10,-8.457779996099717e-09,2.129198563052058e-13,True,2.0989366717190912e-06,1.0364283790321206e-08,2.1016215238027934e-06,-6.7144888386428856e-09,1.743504077313137e-09,True,9.6385300508783e-08,8.542907217769985e-09,9.530325033464154e-08,-8.537194067577496e-09,7.92011516214732e-11,9.925910562391547e-08,9.894428530347403e-08,-8.54042626914315e-09,8.243335318712724e-11,2.094723884789142e-06,2.0966862269136516e-06,-6.7188880427909865e-09,1.7391048731650361e-09,
localized_sine,0,600000,0.002,177,0.4822374526221915,development,128,k2_none,10,0,0.19314887936118863,0.003281173607355307,7.576616610782949e-09,4.063369347118484e-05,1.2633717915531666e-08,5.057101304748716e-09,7.925817005877453e-09,-3.492003954156788e-10,13.095269578206869,5.0,False,0.2559696687674687,-7.536641696309158e-09,4.0577584148927324e-05,7.536641696309158e-09,,True,8.488648823233757e-10,7.576267772349667e-09,1.2792086874809713e-09,-7.536657168601451e-09,1.547229229330429e-14,True,1.5364433427006e-06,7.92666269577716e-09,1.5665876525014213e-06,-7.179329302283597e-09,3.573123940255613e-10,True,1.0121018014350405e-07,7.553187729734701e-09,1.0147106693625429e-07,-7.559718798302932e-09,2.307710199377431e-11,1.0252690272816188e-07,1.018794093366189e-07,-7.55692880469169e-09,2.028710838253257e-11,1.5362407645162882e-06,1.5670013474189536e-06,-7.1778292036678445e-09,3.588124926413135e-10,
chirp,0,600000,0.002,177,0.7001068817853702,development,128,k2_none,10,0,0.7347774316560262,0.0021733651288809754,1.506218082077525e-08,0.00011293232775718261,1.8526322379204954e-08,3.464141558429703e-09,1.615570969530928e-08,-1.0935288746585602e-09,9.323127617000441,5.0,False,0.17568982169946532,-1.4977438797671705e-08,0.00011291893965601698,1.4977438797671705e-08,,True,7.424030194168589e-09,1.5061411590795558e-08,7.458785293262308e-09,-1.497728861912492e-08,1.5017854678451192e-13,True,3.3468898881900304e-06,1.6158582096091264e-08,3.344036482179865e-06,-1.3879928993470506e-08,1.0975098042011993e-09,True,9.70511176519934e-08,1.50243936160013e-08,9.994309417392386e-08,-1.5015908482262262e-08,3.8469684590557503e-11,1.0262229625061748e-07,1.0330206425957286e-07,-1.5019864011031083e-08,4.242521335937836e-11,3.344056699674361e-06,3.340926781361994e-06,-1.3887197345281146e-08,1.0902414523905588e-09,
moment4,0,600000,0.002,177,1.0,development,128,k2_none,10,0,0.7499835147771364,0.0014156190209304016,1.1603105551577993e-10,7.407013025794217e-07,2.2305876289202868e-10,1.0702770737624876e-10,1.2040998897498163e-10,-4.37893345516791e-12,3.5844104132122676,5.0,False,0.012916331128816176,-1.159018440024258e-10,7.406955259132116e-07,1.159018440024258e-10,,True,2.4038743940554387e-12,1.1603050561509945e-10,5.682557053916564e-12,-1.1590058451251791e-10,1.2594899078860526e-15,True,1.2467163534948074e-08,1.2040951311531055e-10,1.254414985081736e-08,-1.1149500031907714e-10,4.406843683348658e-12,True,1.8515246684496556e-10,1.1596575339291157e-10,1.8487737544987663e-10,-1.1596568978156034e-10,6.384577913453826e-14,1.851434472902591e-10,1.8486547862588238e-10,-1.1596581235180273e-10,6.396834937693513e-14,1.2467173468487506e-08,1.2544140180401174e-08,-1.1149512199431677e-10,4.406722008109028e-12,
blend_m010,0,600000,0.002,177,1.0,development,128,k2_none,10,0,0.7496060412135991,0.0015120144244829086,1.497118775961858e-09,4.82517934541334e-06,2.168731765700105e-09,6.716129897382473e-10,1.5560401407999349e-09,-5.892136484208833e-11,3.5967123034077058,5.0,False,0.115258110034041,-1.4950423080294643e-09,4.823123811205319e-06,1.4950423080294643e-09,,True,4.960251509722684e-11,1.4971073620080587e-09,8.415318857415673e-11,-1.495023307992733e-09,1.900003673122149e-14,True,3.916331508183265e-07,1.5560311074300475e-09,3.9466120215934287e-07,-1.4356510193046212e-09,5.939128872484308e-11,True,6.912311650350307e-09,1.4960687592802586e-09,6.909856626454902e-09,-1.496068349496668e-09,1.026041467203634e-12,6.9121042860094785e-09,6.910093204936237e-09,-1.4960691771247699e-09,1.0268690953055957e-12,3.9163338313134104e-07,3.946609769893783e-07,-1.4356517927893054e-09,5.939051524015892e-11,
blend_p001,0,600000,0.002,177,1.0,development,128,k2_none,10,0,0.7500129637498478,0.001399482493045737,-5.221250810945856e-11,2.1631885447530875e-07,6.07016955882099e-11,1.1291420369766847e-10,-6.500876102501465e-11,1.2796252910470412e-11,3.5829085719744516,5.0,False,0.203136363691563,5.1846799045106586e-11,2.1606893668007858e-07,5.1846799045106586e-11,,True,7.108831854646238e-14,-5.22125348233655e-11,1.9822258408693182e-13,5.184687437962351e-11,7.533451692364319e-17,True,3.559173895760566e-08,-6.500877770533554e-11,3.558384809516617e-08,3.905343254920311e-11,1.2793366495903475e-11,True,5.086198998468639e-10,-5.202969378250059e-11,5.086436004896961e-10,5.2029688558077945e-11,1.8288951297135882e-13,5.086173665417903e-10,5.086478087558571e-10,5.2029698569413977e-11,1.828995243073902e-13,3.559174262118286e-08,3.55838449335546e-08,3.9053441779814046e-11,1.279335726529254e-11,
blend_p010,0,600000,0.002,177,1.0,development,128,k2_none,10,0,0.7500464322169575,0.001376348002351219,6.625195602036834e-12,1.7243024256748356e-06,7.080935650843934e-10,7.014683694823565e-10,-1.2307987754843582e-10,1.2970507314194825e-10,3.6462895277630807,5.0,False,0.25806551960580315,-1.0217667084453955e-11,1.7224469705102344e-06,1.0217667084453955e-11,,True,5.802276419149059e-12,6.623299298287851e-12,1.260757188100742e-11,-1.0212754197841362e-11,4.912886612593002e-15,True,2.8774466042046183e-07,-1.2308188051515e-10,2.8783601675972176e-07,-1.3995924067411402e-10,1.2974157358966007e-10,True,3.982807904551209e-09,8.417751655365408e-12,3.984325623115229e-09,-8.41774006852895e-12,1.799927015925005e-12,3.9828040917091815e-09,3.984343280864183e-09,-8.41777143428341e-12,1.7998956501705454e-12,2.8774467041751875e-07,2.8783600610520745e-07,-1.3995927311388712e-10,1.2974160602943317e-10,
blend_p030,0,600000,0.002,177,1.0,development,128,k2_none,10,0,0.6899488656485115,0.0021824936450861015,5.631958456222631e-09,1.555211269034322e-05,7.10534734492574e-09,1.4733888887031084e-09,8.866774388584013e-09,-3.2348159323570107e-09,6.7512315935221565,5.0,False,0.18591533374502317,-5.382487575443776e-09,1.5393001623382957e-05,5.382487575443776e-09,,True,5.019438079563369e-10,5.631861253468905e-09,2.08132561403581e-09,-5.38232101831577e-09,1.665571280057417e-13,True,3.8375681709157865e-06,8.867061583168237e-09,3.850378877732939e-06,-2.1358040177124462e-09,3.2466835577313297e-09,True,1.5058350400014526e-07,5.504828937473676e-09,1.5095372440682132e-07,-5.509136937444243e-09,1.2664936200046746e-10,1.5033012225891496e-07,1.5081897833110764e-07,-5.507305820595303e-09,1.2481824515152742e-10,3.837896173044483e-06,3.850606875335741e-06,-2.1343939265427606e-09,3.2480936489010153e-09,
exp_right,22,600000,0.002,177,2.6119867843594364,development,128,k2_none,10,0,0.00014992676755486219,0.001685240629041802,2.216657546720702e-10,1.2805028883847708e-06,3.568140667998118e-10,1.3514831212774158e-10,2.45879312635242e-10,-2.4213557959671535e-11,6.4863974984945605,5.0,False,0.23040369503911973,-2.2007077610359657e-10,1.281142629451126e-06,2.2007077610359657e-10,,True,6.678730962844213e-12,2.216647759244708e-10,1.7089356133011973e-11,-2.2006919380560887e-10,1.5822979877011986e-15,True,2.2722321788531364e-07,2.4590710462332796e-10,2.27096741890992e-07,-1.958354988852768e-10,2.4235277218319762e-11,True,6.072360430604747e-09,2.207247797787959e-10,6.063984677789511e-09,-2.2100826653925084e-10,9.374904356542738e-13,5.8945158351665145e-09,5.8892443387670825e-09,-2.2086854305409146e-10,7.977669504948915e-13,2.2718697776414607e-07,2.2706524152815347e-07,-1.9572560034304291e-10,2.4345175760553656e-11,exponential
exp_left,22,600000,0.002,177,13.649519383995864,development,128,k2_none,10,0,0.00058122428119475,0.0018555396882241038,-2.2381020482792238e-10,1.5020194955326887e-06,2.5378952075710765e-10,4.7759972558503e-10,-3.031419638992679e-10,7.933175910789029e-11,9.29946338280707,5.0,False,0.2922394254275095,2.203455035070153e-10,1.501732051152307e-06,2.203455035070153e-10,,True,2.50847127928301e-11,-2.2381218013367822e-10,7.00797136166487e-11,2.2035078684211874e-10,5.283335103434877e-15,True,4.095374043090462e-07,-3.031103098712267e-10,4.0936820963357904e-07,1.4108300822726262e-10,7.926249527975268e-11,True,1.0902629291193744e-08,-2.2221452783609672e-10,1.0865001331629402e-08,2.2194174688127034e-10,1.5962433742550334e-12,9.724957639719422e-09,9.719143235856984e-09,2.2207510843406178e-10,1.7296049270464713e-12,4.096051719891945e-07,4.0943941383216125e-07,1.411826968396577e-10,7.91628066673576e-11,exponential
gauss_left,22,600000,0.002,177,0.3713011646461742,development,128,k2_none,10,0,0.006229278501311807,0.003467281895401469,4.688936015903746e-09,2.7355589833755854e-05,8.084827182094387e-09,3.3958911661906414e-09,4.865502352765876e-09,-1.765663369755824e-10,11.270678794911682,5.0,False,0.32870290120364765,-4.666751524168795e-09,2.7314373888873454e-05,4.666751524168795e-09,,True,2.8367860064146395e-10,4.688774547696166e-09,3.453890876015974e-10,-4.66676828719201e-09,1.6763023215485612e-14,True,1.1571645214513771e-06,4.866316147275392e-09,1.1684480835910267e-06,-4.487553978568613e-09,1.7919754560018125e-10,True,9.706762557604312e-08,4.673981425083186e-09,9.699952568323612e-08,-4.681558102823322e-09,1.480657865452739e-11,8.635313054939687e-08,8.646640176937072e-08,-4.67794788322779e-09,1.1196359058995655e-11,1.1663318417430698e-06,1.1770708301178597e-06,-4.484989375352669e-09,1.8176214881612573e-10,gaussian
gauss_right,22,600000,0.002,177,0.23748502306292393,development,128,k2_none,10,0,0.03786245457314451,0.004249728858655995,9.327817820529121e-09,6.364898468416976e-05,1.1224054687647253e-08,1.8962368671181317e-09,9.485479732805738e-09,-1.5766191226486167e-10,17.550879372109154,5.0,False,0.05912314618190588,-9.298781431650024e-09,6.363877584476163e-05,9.298781431650024e-09,,True,1.7150575570388683e-09,9.327778099953153e-09,5.120714489338159e-09,-9.29895697223512e-09,1.755405850953272e-13,True,3.6237720821572323e-07,9.485897158310347e-09,3.798665556964081e-07,-9.134062088157708e-09,1.647193434923162e-10,True,2.5316341791978733e-08,9.317009639471346e-09,2.5565300212156323e-08,-9.310563909778512e-09,1.1782478128488168e-11,3.467280865664281e-08,3.5406321284783104e-08,-9.31360755760124e-09,1.4826125951216392e-11,3.6862399039407996e-07,3.8597767680241417e-07,-9.137531466558759e-09,1.612499650912651e-10,gaussian
bump_left,22,600000,0.002,177,0.44348186274361356,development,128,k2_none,10,0,0.023117532315752153,0.0031842023171207963,1.7739506672977512e-09,2.0754867823392664e-05,6.599920116969189e-09,4.825969449671438e-09,1.7668865112317462e-09,7.064156053890194e-12,9.84752991705743,5.0,False,0.3945473680561373,-1.77749481773704e-09,2.0766054202500948e-05,1.77749481773704e-09,,True,2.466352731882474e-10,1.7737957453692584e-09,2.3231803315707343e-10,-1.7775007970857202e-09,5.9793486802228e-15,True,1.198096618063285e-06,1.7670600298100715e-09,1.2010788591162198e-06,-1.7843157941692926e-09,6.820976432252564e-12,True,8.813642547258215e-08,1.7747039269138336e-09,8.81346303002796e-08,-1.7765916209278575e-09,9.031968091824821e-13,8.794402040319797e-08,8.783959179329852e-08,-1.77568906234463e-09,1.8057553924099623e-12,1.198327829627946e-06,1.2013646131137202e-06,-1.783770908993646e-09,6.276091256605904e-12,compact_bump
bump_right,22,600000,0.002,177,0.32889495195335533,development,128,k2_none,10,0,0.021058562735663745,0.0036181413522755725,8.56372676874322e-10,8.723549528646923e-06,1.65073347837189e-09,7.943608014975679e-10,9.298379909777356e-10,-7.346531403671795e-11,14.580112006433989,5.0,False,0.2377560249313313,-8.45964254608153e-10,8.724687530509543e-06,8.45964254608153e-10,,True,6.021330166001682e-11,8.56374452037716e-10,1.8829818460611354e-10,-8.459756768373398e-10,1.1422229186714528e-14,True,1.8230957928624698e-07,9.299542822142786e-10,1.8464526690651783e-07,-7.71391586130931e-10,7.4572668477222e-11,True,1.2321287143080409e-08,8.516104956923025e-10,1.2272851415963202e-08,-8.507668762084438e-10,4.802621600290715e-12,1.2778935214912846e-08,1.2751974223272982e-08,-8.512103355417291e-10,5.246080933576066e-12,1.821518012706613e-07,1.8450012716817797e-07,-7.71994681462533e-10,7.396957314562006e-11,compact_bump
step_left,22,600000,0.002,177,0.9128852702404965,development,128,k2_none,10,0,0.001151190468062827,0.002154506055023864,4.4493553694487345e-10,9.634193648394256e-06,1.1838725164625594e-09,7.389369795176861e-10,4.323071187887201e-10,1.2628418007303965e-11,4.423775491403665,5.0,False,0.11209092754477804,-4.461175523111768e-10,9.634384193999325e-06,4.461175523111768e-10,,True,3.854567911820871e-11,4.449304535835102e-10,3.040685605745727e-11,-4.461132677916587e-10,4.284519518090555e-15,True,5.584055699666658e-08,4.322847510298389e-10,5.703845225529555e-08,-4.5901930449574376e-10,1.2901752184566954e-11,True,3.012904558823356e-09,4.4561957056417094e-10,3.0562431637469754e-09,-4.4541379601782317e-10,7.037562933536378e-13,2.600659209099274e-09,2.6022548032210273e-09,-4.4552672140944807e-10,5.908309017287359e-13,5.619880100487102e-08,5.7431250299504584e-08,-4.591175239251849e-10,1.2999971614008074e-11,tanh_step
step_right,22,600000,0.002,177,0.9636241118102141,development,128,k2_none,10,0,0.007240089103900367,0.002291715105203906,2.4144276401676883e-09,1.880194805116536e-05,3.632343707652119e-09,1.217916067484431e-09,2.4089674895510212e-09,5.4601506373915116e-12,4.944271967864404,5.0,False,0.21579050195814192,-2.4145244361450343e-09,1.8801748400954573e-05,2.4145244361450343e-09,,True,2.062652925855617e-10,2.4143934958477715e-09,9.440555496566381e-11,-2.4145131226449783e-09,1.1313500056074485e-14,True,4.4728631829418954e-07,2.408919001933968e-09,4.4282791030378963e-07,-2.4199008080157132e-09,5.376371870678878e-12,True,1.0367389506604966e-08,2.4144785942211745e-09,1.0242393565114322e-08,-2.414428287813712e-09,9.614833132239062e-14,9.837825545503504e-09,9.866902838786688e-09,-2.4144982986057893e-09,2.6137539245023855e-14,4.4762697802514427e-07,4.430359789273243e-07,-2.4199552283690555e-09,5.4307922240211305e-12,tanh_step
kink_abs,22,600000,0.002,177,0.6214766720163144,development,128,k2_none,10,0,0.0038175972727533115,0.002133633604267703,5.5736434910176535e-12,5.239298022303139e-06,1.1501059676589566e-09,1.144532324167939e-09,1.60943885282454e-11,-1.052074503365659e-11,7.9038701229228785,5.0,False,0.23700847510295805,4.561057763774081e-12,5.228045754692581e-06,4.561057763774081e-12,,True,7.357665121442346e-11,5.561502239762232e-12,1.8620643061642868e-10,4.586439492323864e-12,2.5381728549782818e-14,True,1.055843530175267e-07,1.615603778763784e-11,1.0513470839917646e-07,1.6225347282470974e-11,1.1664289518696892e-11,True,1.0760278372604719e-08,1.8777835327567735e-13,1.056532334899702e-08,-7.591350333797202e-13,5.320192797153801e-12,9.237057859421636e-09,9.192447240266723e-09,-5.147641795599063e-13,5.075821943333988e-12,1.0683499392300829e-07,1.0625113096850509e-07,1.639100433321144e-11,1.1829946569437358e-11,kink
kink_relu,22,600000,0.002,177,0.2041432706959443,development,128,k2_none,10,0,0.003527584318296876,0.0018141267687987162,4.128406183734229e-10,4.339198654143908e-06,1.090250620538314e-09,6.774100021648911e-10,4.0058480180565877e-10,1.2255816499176964e-11,5.782494637440347,5.0,False,0.1911373321019747,-4.138437827210072e-10,4.338958374179817e-06,4.138437827210072e-10,,True,2.780857586119144e-11,4.1283500208354585e-10,6.636933041300119e-11,-4.1383543826549267e-10,8.344455514516771e-15,True,2.009556825792072e-07,4.005494108903388e-10,2.0175975526698766e-07,-4.261608898662407e-10,1.2317107145233509e-11,True,6.586540220197434e-09,4.13493447304801e-10,6.6537690505632045e-09,-4.1317442028630947e-10,6.693624346977222e-13,5.776927074495003e-09,5.781097422992129e-09,-4.1334360781833915e-10,5.001749026680378e-13,2.013008025477763e-07,2.0211576291602046e-07,-4.262997239719547e-10,1.24559412509475e-11,kink
sine,0,600000,0.002,177,1.0,development,128,k2_none,1000,0,0.7699088496151014,0.0017045828391412336,8.83700193556622e-06,0.027467440173374668,9.929140481357017e-06,1.0921385457907985e-06,9.029275813638394e-06,-1.922738780725389e-07,4.586330131070228,500.0,False,0.0015417638411718269,-7.298604185043712e-06,0.02687744333018025,7.298604185043712e-06,,True,0.0011613767708020697,8.547732822171904e-06,0.0007791745009895708,-7.10237910725896e-06,1.9622507778475245e-07,True,0.0011835606975786387,8.698217599029399e-06,0.0008365787257960872,-6.941158127606328e-06,3.5744605743738394e-07,True,0.0016751950709089493,7.738229196385184e-06,0.0012102177600265252,-7.764029044156883e-06,4.654248591131707e-07,0.0014846745185629398,0.0010959331309599977,-7.827145328410057e-06,5.285411433663451e-07,0.0009828762455246448,0.0006194146133304062,-7.008295918447476e-06,2.9030826659623636e-07,
runge,0,600000,0.002,177,1.0,development,128,k2_none,1000,0,0.04738513534232721,0.0019620628014628836,3.6228532271271e-07,0.0029854571824145435,7.268223961183945e-07,3.645370734056845e-07,3.627028836853989e-07,-4.211465054143764e-10,5.202891622188485,500.0,False,0.0008253530387167212,-3.580521206292072e-07,0.0029686854835731615,3.580521206292072e-07,,True,6.189012632117306e-06,3.6083470531261985e-07,1.1300028215006733e-06,-3.58132135542702e-07,8.00149134947878e-11,True,1.51403328466714e-05,3.613777770956395e-07,1.672059937052941e-05,-3.5748141448074397e-07,5.707061484632543e-10,True,8.807962301689862e-05,3.5721128707145953e-07,8.727711368831699e-05,-3.6173058168851464e-07,3.6784610593074136e-09,9.099823023292678e-05,9.226454246634522e-05,-3.6191588175764115e-07,3.863761128433932e-09,2.0626323756764814e-05,1.585212961977892e-05,-3.579957223802924e-07,5.639824891484429e-11,
moment3,0,600000,0.002,177,1.0,development,128,k2_none,1000,0,0.006354295737692166,0.0037907728666196927,3.149606637654263e-07,0.0003245613247320376,3.176394205204343e-07,2.6787567550080304e-09,3.181789036685871e-07,-3.2182399022407605e-09,19.328151891329362,500.0,False,0.005175014699112248,-1.488197722537584e-07,0.00032493400346992295,1.488197722537584e-07,,True,6.231667418159038e-07,3.149332633460643e-07,5.158930224438515e-07,-1.4911918228610597e-07,2.9941003234757935e-10,True,3.7310117511202587e-06,3.186758273147363e-07,4.042479330706927e-06,-1.4475820188848213e-07,4.061570365276264e-09,True,0.00012765973393086768,1.8900143568082354e-07,0.00012800848455360924,-2.7507237332916396e-07,1.2625260107540557e-07,0.00011223809733135214,0.0001044204989358105,-2.3452741758348317e-07,8.570764532972478e-08,4.892892997605913e-05,3.502208689874458e-05,-1.2079965037491422e-07,2.8020121878844167e-08,
moment5,0,600000,0.002,177,1.0,development,128,k2_none,1000,0,0.7499971637504164,0.0014083446641221225,2.3340740564195167e-09,1.073604585985478e-05,4.9565436407087925e-09,2.6224695842892757e-09,2.4740356976760027e-09,-1.3996164129625503e-10,3.577393709988304,500.0,False,0.003955468294193205,-1.679177960692997e-09,1.0385049946393217e-05,1.679177960692997e-09,,True,3.52274728212649e-10,2.3339447791800044e-09,9.190320715814707e-10,-1.6788714051024434e-09,3.065555905536351e-13,True,3.9823885644629073e-07,2.4739143634859068e-09,3.985374534623916e-07,-1.538901509130529e-09,1.4027645156246804e-10,True,9.321148427778081e-07,2.006428048402886e-09,9.319650955306824e-07,-2.006439651512025e-09,3.272616908190282e-10,9.321131938793453e-07,9.319794520363559e-07,-2.0063979413568437e-09,3.272199806638467e-10,3.982459112827017e-07,3.9852937366804007e-07,-1.5388565247293491e-09,1.403214359636479e-10,
moment9,0,600000,0.002,177,1.0,development,128,k2_none,1000,0,0.7500008935685242,0.0014050332923276692,-9.133618101901755e-10,5.693025493958842e-06,1.7855444749666036e-09,2.6989062851567793e-09,-9.484435307654635e-10,3.5081720419726656e-11,3.5790439753015613,500.0,False,0.0009283055161081213,7.502643726686492e-10,5.652955407141883e-06,7.502643726686492e-10,,True,5.549306752177004e-11,-9.133872141167694e-10,9.122485545123086e-11,7.503060208145108e-10,4.1648145861567404e-14,True,9.912681131386811e-08,-9.48466558015779e-10,9.9077451109749e-08,7.152345364512193e-10,3.502983621742997e-11,True,2.3038363353003658e-07,-8.318594285755736e-10,2.3038813470734895e-07,8.318258586351875e-10,8.156148596653829e-11,2.3037448664634576e-07,2.3039943226104455e-07,8.319013185508155e-10,8.163694588216628e-11,9.913977023977958e-08,9.907385384313548e-08,7.153089234871603e-10,3.495544918148891e-11,
mixed_sine,0,600000,0.002,177,0.8100925873009825,development,128,k2_none,1000,0,0.32232124873148127,0.0027728388931721024,1.048577525548778e-06,0.00605552747357548,1.3565102559140789e-06,3.07932730365301e-07,1.0726772116810561e-06,-2.4099686132985556e-08,6.875172507870098,500.0,False,0.014726443173376378,-6.595553533288112e-07,0.0059729660255781955,6.595553533288112e-07,,True,7.48457354584702e-06,1.0460098434461507e-06,1.024792555969818e-05,-6.552509226843959e-07,4.304430644415342e-09,True,2.8871669426495585e-05,1.0721366742817123e-06,4.0199261043278796e-05,-6.279030469414872e-07,3.1652306387324075e-08,True,0.00020479457221050574,8.785611425981049e-07,0.0001935281700208785,-8.216148416977669e-07,1.620594883689557e-07,0.00023326755694898848,0.00023184367221497736,-8.540426269200253e-07,1.9448727359121407e-07,1.4812182528188722e-05,3.605470217643514e-05,-6.718888042808565e-07,1.2333450952045207e-08,
localized_sine,0,600000,0.002,177,0.4822374526221915,development,128,k2_none,1000,0,0.19295317811705703,0.0032819559272135924,7.8989647489594e-07,0.004103511093354393,1.3281733394363389e-06,5.382768645403989e-07,7.912506244464108e-07,-1.35621502521741e-09,13.127103673802003,500.0,False,0.01011558143398343,-7.563772389480001e-07,0.003996430540394498,7.563772389480001e-07,,True,8.815377604576204e-06,7.855591026262684e-07,1.3252055721428037e-05,-7.569790305070706e-07,6.017915590705217e-10,True,1.128936116518558e-05,7.882140374657958e-07,1.8853334796599614e-05,-7.534193927575547e-07,2.9578461904453953e-09,True,0.00016739284620359094,7.362741394183324e-07,0.00016709439199551098,-8.062287370826503e-07,4.985149813465015e-08,0.00019231968985031203,0.00017805839277097987,-7.79145586909797e-07,2.2768347961796883e-08,0.0001070898691909962,8.732647844616615e-05,-7.388879554006597e-07,1.7489283547340435e-08,
chirp,0,600000,0.002,177,0.7001068817853702,development,128,k2_none,1000,0,0.733599604906785,0.0021750062641450996,1.656197444945373e-06,0.011312697477666835,2.055315619011126e-06,3.9911817406575314e-07,1.6812546376353825e-06,-2.505719269056081e-08,9.412985268788063,500.0,False,0.017846363169154677,-1.3463775254891669e-06,0.011228241317468286,1.3463775254891669e-06,,True,7.512079609114232e-05,1.6501355130244581e-06,5.6849040886637375e-05,-1.3517569762428072e-06,5.379450753640341e-09,True,0.0001228892834904918,1.6848210285396985e-06,9.092106639339455e-05,-1.320245994192034e-06,2.6131531297132783e-08,True,0.00028299157557197085,1.540571272965754e-06,0.0003024673826591023,-1.4646701678102944e-06,1.1829264232112754e-07,0.00034431967203144253,0.0003463367673943234,-1.5019864011045445e-06,1.5560887561537764e-07,0.0002129241361675847,0.00018364219775028704,-1.3887197345318873e-06,4.234220904272044e-08,
moment4,0,600000,0.002,177,1.0,development,128,k2_none,1000,0,0.7499834999461586,0.0014156308194829559,1.1914583609580906e-08,7.411709202923431e-05,2.232467817339313e-08,1.0410094563812225e-08,1.204558290660872e-08,-1.309992971417216e-10,3.5844403450112288,500.0,False,0.0003623128503003564,-1.1292734410281766e-08,7.409473631577124e-05,1.1292734410281766e-08,,True,2.6619118045652958e-08,1.1908931439590314e-08,6.241678259854242e-08,-1.128030001617552e-08,1.2434394106245371e-11,True,3.71616000194664e-07,1.20402930680567e-08,3.875740160012166e-07,-1.1148161787571307e-08,1.4457262271045884e-10,True,8.949037581194766e-07,1.1595926946048817e-08,8.925646547240384e-07,-1.1595220863754638e-08,3.0248645347287185e-10,8.947292792893641e-07,8.922888061304688e-07,-1.1596581234714817e-08,3.038468244330506e-10,3.715540626512253e-07,3.8658932217281764e-07,-1.1149512199355377e-08,1.432222109263889e-10,
blend_m010,0,600000,0.002,177,1.0,development,128,k2_none,1000,0,0.7496052766955972,0.0015121671340311627,1.5420666702999908e-07,0.00048826552557295374,2.1527496474190785e-07,6.106829771190877e-08,1.5570830997021032e-07,-1.5016429401236282e-09,3.597165950968308,500.0,False,0.0022724729254466817,-1.4525976739773993e-07,0.0004795759922646596,1.4525976739773993e-07,,True,5.608646510818649e-07,1.540875938325881e-07,8.580372508261141e-07,-1.450796608061821e-07,1.8010659155783754e-10,True,9.958071774267123e-06,1.5559792312469948e-07,1.0308696452207144e-05,-1.435565941982549e-07,1.703173199485038e-09,True,2.99166509324598e-05,1.4960227981602442e-07,2.9894292554645984e-05,-1.495977316480493e-07,4.337964250309377e-09,2.991419817376558e-05,2.9896355641522616e-05,-1.4960691771240652e-07,4.347150314666593e-09,9.959664183565794e-06,1.030386149202224e-05,-1.4356517927966152e-07,1.6945881180784085e-09,
blend_p001,0,600000,0.002,177,1.0,development,128,k2_none,1000,0,0.750012962383068,0.0013994764385566578,-6.10670158730013e-09,2.2369726243962516e-05,5.668895655586499e-09,1.177559724288663e-08,-6.500557470884307e-09,3.938558836100083e-10,3.5829153461778236,500.0,False,0.008934507776425578,4.298239539071393e-09,2.1140535815214244e-05,4.298239539071393e-09,,True,8.450493048858565e-10,-6.107002534648442e-09,2.0154003501621526e-09,4.298920275672274e-09,6.807366008803882e-13,True,1.0955348774336497e-06,-6.500816446499525e-09,1.0944857697133743e-06,3.905241906735079e-09,3.929976323363139e-10,True,2.5144892884626883e-06,-5.202916762577726e-09,2.5147535010376644e-06,5.20285880183891e-09,9.046192627675169e-10,2.514461026533222e-06,2.514801173978504e-06,5.2029698567850075e-09,9.047303177136143e-10,1.0955760704723616e-06,1.0944517467850864e-06,3.905344177256383e-09,3.9289536181501063e-10,
blend_p010,0,600000,0.002,177,1.0,development,128,k2_none,1000,0,0.7500463390027114,0.0013763398152455218,-8.18048050170472e-09,0.0001781104086095673,6.713679279805392e-08,7.531727329975864e-08,-1.2281120944946582e-08,4.1006404433543335e-09,3.646564271425605,500.0,False,0.013035201853040922,-9.945318859412522e-09,0.00016883453809962278,9.945318859412522e-09,,True,7.052679752855826e-08,-8.206478237732023e-09,1.337377388639199e-07,-9.892554126158865e-09,5.276473325365653e-11,True,9.100957477224243e-06,-1.2308393734545992e-08,9.09411976507998e-06,-1.3995567231718574e-08,4.050248372306052e-09,True,2.0072128682767726e-05,8.415576784334864e-10,2.0089233746548003e-05,-8.414289675894203e-10,9.103889891823101e-09,2.0072088889495513e-05,2.0089418809077666e-05,-8.417771426916424e-10,9.10354171672088e-09,9.10106062659892e-06,9.093985187585962e-06,-1.3995927311271333e-08,4.050608451858812e-09,
blend_p030,0,600000,0.002,177,1.0,development,128,k2_none,1000,0,0.6899029360752258,0.002183317331450987,8.293183233415507e-07,0.0017821082910100925,1.005201140993078e-06,1.758828176515273e-07,8.651970878163889e-07,-3.587876447457166e-08,6.77017893019937,500.0,False,0.0026194812546834327,-2.703140701037174e-07,0.0013593672706431257,2.703140701037174e-07,,True,5.895097547560103e-06,8.278163814299026e-07,2.1537728416472075e-05,-2.672629460578952e-07,3.0511240458222244e-09,True,4.376467017952427e-05,8.646000041420799e-07,4.73492766550815e-05,-2.2876349735938967e-07,4.155057274432775e-08,True,0.00035624764966122945,5.238644918092265e-07,0.00036003709368138856,-5.706192080821765e-07,3.0030513797845906e-07,0.000356541073041149,0.00036288130782205177,-5.507305820582583e-07,2.804165119545409e-07,7.530649426048992e-05,7.941845750360254e-05,-2.1343939265420526e-07,5.687467744951216e-08,
exp_right,22,600000,0.002,177,2.6119867843594364,development,128,k2_none,1000,0,0.00014966140529203188,0.001685263426313826,2.3018937778536932e-08,0.00012494790714980057,4.095364067669585e-08,1.7934702898158915e-08,2.3376143962441097e-08,-3.5720618331513464e-10,6.487629705741627,500.0,False,0.008049954271789412,-2.1148560371193718e-08,0.00013449155901885376,2.1148560371193718e-08,,True,7.293730016314321e-08,2.3006658190536686e-08,1.4436142016237044e-07,-2.1128808933608703e-08,1.9751437585015454e-11,True,3.7864825896328966e-06,2.342950245371107e-08,3.804740354145079e-06,-2.07036230185557e-08,4.4493735263801866e-10,True,1.9538896780064557e-05,2.06068260565816e-08,1.9497037837898616e-05,-2.3525148781577505e-08,2.3765884103837867e-09,2.1296511620659023e-05,2.119196902442218e-05,-2.2086854304772587e-08,9.382939335788685e-10,8.465496599619287e-06,8.404762823878655e-06,-1.957256003310365e-08,1.5760003380900679e-09,exponential
exp_left,22,600000,0.002,177,13.649519383995864,development,128,k2_none,1000,0,0.0005804900391896667,0.0018555097437970547,-3.0168237253509836e-08,0.00013130345670459316,2.420127415670856e-08,5.4369511410218397e-08,-3.1334944915665444e-08,1.1667076624451963e-09,9.301725332971982,500.0,False,0.019380359007496035,1.4307502289329458e-08,0.00017642407137208582,1.4307502289329458e-08,,True,2.9389222817954777e-07,-3.0181799229771025e-08,6.110729356829489e-07,1.4313881321082386e-08,6.379031752927812e-12,True,6.003707323272382e-06,-3.128306234877598e-08,6.193911487136603e-06,1.3202277545971281e-08,1.1052247433581767e-09,True,3.6736790711586304e-05,-2.3500897492600183e-08,3.654749950160793e-05,2.0980740512046558e-08,6.6732382227171005e-09,4.1034899044836184e-05,4.0676346933654766e-05,2.2207510840626568e-08,7.90000855129711e-09,2.2228567707089425e-05,2.1904712380988626e-05,1.4118269682308879e-08,1.892326070205786e-10,exponential
gauss_left,22,600000,0.002,177,0.3713011646461742,development,128,k2_none,1000,0,0.006161935367546112,0.003467740515625917,4.633091604642614e-07,0.0026824860122878387,8.1653395290528e-07,3.5322479244101856e-07,4.635887717940115e-07,-2.7961133078711184e-10,11.278400200475375,500.0,False,0.021091037725485425,-4.699652166226175e-07,0.0027705813499554494,4.699652166226175e-07,,True,2.8689444537076536e-06,4.6142226252483894e-07,2.1430326086867334e-06,-4.7011885996335494e-07,1.5364334073741734e-10,True,3.1932728567701857e-06,4.621552253952796e-07,5.4205809582300745e-06,-4.691445612454411e-07,8.206553771764364e-10,True,0.00015197124977275292,4.3448484208144534e-07,0.00015067028753276186,-4.97035416027158e-07,2.707019940454047e-08,0.00010538252599447451,9.423333505545303e-05,-4.677947883266443e-07,2.170428295973207e-09,0.0001194531649189634,0.00010497731168359535,-4.484989375321979e-07,2.146627909041965e-08,gaussian
gauss_right,22,600000,0.002,177,0.23748502306292393,development,128,k2_none,1000,0,0.037672021227922216,0.004250686177395784,9.666465576097464e-07,0.0063962575145329655,1.163974409754341e-06,1.9732785214459498e-07,9.687086799054356e-07,-2.062122296151545e-09,17.581710265535136,500.0,False,0.0027024919226135507,-8.892609985647392e-07,0.006310355026395353,8.892609985647392e-07,,True,1.4761445781562534e-05,9.663387471008747e-07,1.3624954819022735e-05,-8.91451262160237e-07,2.1902635954978277e-09,True,1.6481652423779813e-05,9.688864141253746e-07,1.1514729072249159e-05,-8.88229127743372e-07,1.0318708213671712e-09,True,3.699577921964325e-05,9.492473571534029e-07,4.3213899593909464e-05,-9.087703202811381e-07,1.9509321716398887e-08,0.00017052295426806918,0.0001806989285967038,-9.313607557531373e-07,4.209975718839808e-08,0.0001725337251150897,0.00018264147666171177,-9.137531466376693e-07,2.4492148072930105e-08,gaussian
bump_left,22,600000,0.002,177,0.44348186274361356,development,128,k2_none,1000,0,0.023069774608338776,0.0031843728033055766,1.7226013544784842e-07,0.0020278247439090014,6.774467852634203e-07,5.051866498155719e-07,1.7230180715436314e-07,-4.1671707337078904e-11,9.848590515502853,500.0,False,0.013356773642356951,-1.8362590854915506e-07,0.0021296245484889657,1.8362590854915506e-07,,True,3.19459263428898e-06,1.703095992062155e-07,2.8258913576163365e-06,-1.8383277566535315e-07,2.0686711619808778e-10,True,6.209419661654736e-06,1.7066305502629067e-07,8.626765054258784e-06,-1.8348162847398625e-07,1.4428007516881502e-10,True,0.0001306266219554807,1.6822135007632747e-07,0.0001294485526577353,-1.8591930691061377e-07,2.2933983614587046e-09,0.00013570005143608138,0.00013377131622187635,-1.7756890622928597e-07,6.057002319869095e-09,6.186507062262649e-05,5.9468585799107194e-05,-1.783770908983587e-07,5.248817650796372e-09,compact_bump
bump_right,22,600000,0.002,177,0.32889495195335533,development,128,k2_none,1000,0,0.021055726171735963,0.003618236296771101,9.580086820589608e-08,0.0008772852865054736,1.7688761981811557e-07,8.108675161221952e-08,9.668610830485782e-08,-8.852400968215539e-10,14.582000191008104,500.0,False,0.014411285177401449,-7.351543323119902e-08,0.0008630908125155757,7.351543323119902e-08,,True,5.090835877481207e-07,9.580978213234523e-08,1.4243313143297814e-06,-7.366807197776333e-08,1.5263874656430328e-10,True,2.460617064734996e-06,9.690203317504934e-08,2.4329475420348557e-06,-7.24666525532619e-08,1.0487806779371206e-09,True,1.6223328720893466e-05,8.791597922600911e-08,1.6320928886883935e-05,-8.157429740398614e-08,8.058864172787114e-09,2.4693837975705738e-05,2.5906491347830223e-05,-8.512103355317513e-08,1.1605600321976106e-08,1.4750237685975617e-05,1.7225652716323555e-05,-7.71994681551902e-08,3.684034923991184e-09,compact_bump
step_left,22,600000,0.002,177,0.9128852702404965,development,128,k2_none,1000,0,0.0011480363401382876,0.0021545496615971854,4.4051508858314663e-08,0.000962211008800283,1.1840280380476948e-07,7.435129494645481e-08,4.4089715855320217e-08,-3.820699765154061e-11,4.423613954464004,500.0,False,0.01394419295521077,-4.5049683957754935e-08,0.000962083199582673,4.5049683957754935e-08,,True,4.364066735242744e-07,4.397213470430903e-08,3.7189911505661336e-07,-4.4955319682945884e-08,9.436427480905093e-11,True,4.039738399781493e-07,4.399135506576856e-08,4.887775559254275e-07,-4.4924864120147636e-08,1.248198376072983e-10,True,6.486154451183359e-06,4.546948731154298e-08,6.94972750163959e-06,-4.341863707078142e-08,1.6310468869735133e-09,2.6657509605258554e-06,2.830638513864769e-06,-4.455267213541454e-08,4.970118223403963e-10,3.7903887129919843e-06,3.874588836427654e-06,-4.591175239216892e-08,8.620684344139825e-10,tanh_step
step_right,22,600000,0.002,177,0.9636241118102141,development,128,k2_none,1000,0,0.0072275909738911135,0.0022919536786314377,2.409878551713783e-07,0.0018783184706071899,3.4939715071708187e-07,1.0840929554570356e-07,2.408872204029159e-07,1.0063476773842069e-10,4.948360528702669,500.0,False,0.0041816170366137115,-2.4141802307589323e-07,0.001877881645565662,2.4141802307589323e-07,,True,2.3226711886005467e-06,2.4062805373395737e-07,1.0341034381447113e-06,-2.412774584647395e-07,1.405646111537344e-10,True,8.061086846948847e-06,2.4047651896690787e-07,8.29986974885345e-06,-2.414190041700872e-07,9.81094193992883e-13,True,4.057074522791151e-05,2.4118026522806177e-07,3.939469924569096e-05,-2.4072579240426934e-07,6.922306716238896e-10,3.516112229047928e-05,3.5447375214106246e-05,-2.4144982985844804e-07,3.180678255480837e-11,1.1866257802633448e-05,1.1291236368853219e-05,-2.419955228337825e-07,5.774997578892968e-10,tanh_step
kink_abs,22,600000,0.002,177,0.6214766720163144,development,128,k2_none,1000,0,0.0038145405601796682,0.0021336332807119778,-3.179820821370165e-10,0.0005209844562671137,1.1439001882184251e-07,1.1470800090397954e-07,-7.17993345013968e-10,4.000112625568609e-10,7.905578082066857,500.0,False,0.0025693542205195595,-2.3319274084438323e-10,0.0005262336069495663,2.3319274084438323e-10,,True,8.973022355959748e-07,-4.493917102419988e-10,1.763351047495227e-06,2.7197703455559386e-10,5.051697753999771e-10,True,8.494698290123098e-07,-8.090513717023126e-10,2.4665813112895763e-06,8.617373676107089e-11,3.1936647760545413e-10,True,1.5386728102985338e-05,-3.1697092503542885e-09,1.332494737720118e-05,-2.378393555110266e-09,2.1452008142658826e-09,7.002867228042072e-06,6.5171577760476195e-06,-5.1476416125791707e-11,1.8171632471859154e-10,1.4341101716894216e-05,1.4650286457333052e-05,1.6391004337993203e-09,1.8722931746437037e-09,kink
kink_relu,22,600000,0.002,177,0.2041432706959443,development,128,k2_none,1000,0,0.0035266982970246392,0.0018141677767647007,4.142080660337675e-08,0.0004450601687111441,1.1131993393390906e-07,6.98991273305323e-08,4.1314696206494535e-08,1.0611039696002316e-10,5.781133635813267,500.0,False,0.016274983672935936,-4.12166783725158e-08,0.00042196101284168013,4.12166783725158e-08,,True,2.8052068207455776e-07,4.13605376182686e-08,5.467991182666043e-07,-4.111681544508376e-08,9.986292743204067e-11,True,2.4331316095089874e-06,4.12048438321939e-08,2.1008902281128297e-06,-4.126579416446365e-08,4.9115791947849863e-11,True,1.9185896591542546e-05,4.279335075885734e-08,1.9708782747192057e-05,-3.967213908532421e-08,1.54453928719159e-09,1.7474169565766087e-05,1.8354887015872426e-05,-4.133436077983652e-08,1.1768240732071995e-10,1.105389019818068e-05,1.1855990252350608e-05,-4.262997239949771e-08,1.4132940269819122e-09,kink
sine,0,600000,0.002,177,1.0,development,128,k2_none,10000,0,0.6746981289846259,0.0018082100432315444,0.00011246420602587736,0.3524024900113564,0.0001226807125522833,1.0216506526405951e-05,0.00011279427160425904,-3.3006557838206797e-07,5.725153822002096,5000.0,True,0.0003201787318357968,-9.038966244772611e-05,0.3143458162113043,9.038966244772611e-05,2.195643649453768e-05,True,0.10861783264832817,7.987539056543887e-05,0.07438211712869273,-6.414047031392584e-05,2.624919213380027e-05,True,0.10860901551608088,7.983181077000467e-05,0.07457721245634093,-6.370595432439266e-05,2.668370812333345e-05,True,0.11120293502140431,6.98622924173593e-05,0.07157825857648631,-7.227470987369355e-05,1.8114952574032562e-05,0.08895115410853703,0.050679666146143186,-7.827145328410061e-05,1.2118209163625501e-05,0.08781532656799394,0.053158481950840324,-7.008295918447483e-05,2.0306703263251282e-05,
runge,0,600000,0.002,177,1.0,development,128,k2_none,10000,0,0.04474562012844495,0.001965332455961394,3.631939821223275e-06,0.029438427096504686,7.153055646685128e-06,3.5211158254618525e-06,3.6317728808819553e-06,1.633548099292287e-10,5.298681214882422,5000.0,True,0.004766805805589457,-3.578311511253798e-06,0.029226308833501025,3.578311511253798e-06,3.722922612938334e-08,True,0.00046861286165879047,3.5070398185262957e-06,0.00024556336352494964,-3.5861248670222824e-06,7.813355768484627e-09,True,0.0004670958570448237,3.507300166883145e-06,0.0002573409311807832,-3.584101196904636e-06,5.7896856508382755e-09,True,0.0014048589014376304,3.445323868203226e-06,0.001249501498616356,-3.6475302926594063e-06,6.921878140560846e-08,0.0016895673046375195,0.001501689922858406,-3.6916730048298166e-06,1.1336149357601885e-07,0.0013807344631453756,0.0009217255602802727,-3.6521609910728186e-06,7.384947981902078e-08,
moment3,0,600000,0.002,177,1.0,development,128,k2_none,10000,0,0.006239841028601661,0.003793182585764541,2.724679808613385e-06,0.002764971930915702,2.8008676150184514e-06,7.618780640506688e-08,2.724362480099729e-06,3.173285184650457e-10,19.42569943993241,5000.0,True,0.00156293626435129,-1.4790584569443511e-06,0.0030435593868293957,1.4790584569443511e-06,5.066670558047854e-07,True,6.978995693614167e-05,2.712477812505517e-06,4.286050037154298e-05,-1.4909977244300507e-06,1.1939267485699572e-08,True,6.951247344823414e-05,2.7121362064894145e-06,4.230845606550522e-05,-1.4851319657224465e-06,6.0735087780953385e-09,True,0.001359261898714742,1.28608242854356e-06,0.001364435510305853,-2.9181563482948885e-06,1.4390978913505374e-06,0.002075072381722113,0.0009032175330366244,-2.3452741758350502e-06,8.662157188906991e-07,0.0018578730104387537,0.0006523745110468981,-1.2079965037489798e-06,2.710619531953713e-07,
moment5,0,600000,0.002,177,1.0,development,128,k2_none,10000,0,0.749997160791661,0.0014083669385001163,2.460845205012892e-08,0.00010838809932609751,4.995503689656738e-08,2.5346584846438458e-08,2.4754235689814037e-08,-1.4578364004107734e-10,3.5773872314163735,5000.0,True,6.67689237846905e-06,-1.556514997782907e-08,0.00010356338492308047,1.556514997782907e-08,4.533061407841534e-09,True,3.618686259759239e-08,2.4595669762345076e-08,8.89161415268565e-08,-1.553870749957025e-08,2.644247825882167e-11,True,4.096587680557525e-07,2.4741558900766112e-08,4.337053049380981e-07,-1.539306162431943e-08,1.72088353509642e-10,True,1.2895026568546616e-05,2.006699064897519e-08,1.2880254216169005e-05,-2.00681480574386e-08,4.50299807960953e-09,1.2894945565590259e-05,1.2881970414807907e-05,-2.0063979413546386e-08,4.498829435717316e-09,4.133988223759718e-07,4.423791316869645e-07,-1.5388565247390693e-08,1.765847304383776e-10,
moment9,0,600000,0.002,177,1.0,development,128,k2_none,10000,0,0.7500008923870338,0.0014050247638730442,-9.441816435250193e-09,5.7002004885503224e-05,1.767214877573843e-08,2.7113965210988624e-08,-9.478425012029084e-09,3.660857652890823e-11,3.5790402054541937,5000.0,True,6.958541629814536e-06,7.1785728769244465e-09,5.640800100090885e-05,7.1785728769244465e-09,-1.1272154400486096e-09,True,5.550602223985604e-09,-9.444221220895761e-09,8.870415356723667e-09,7.1821864864596904e-09,3.613609535243924e-12,True,1.0405614350638413e-07,-9.48079737589958e-09,1.0338895966989345e-07,7.1456507283805125e-09,3.2922148543934015e-11,True,3.1910895645178832e-06,-8.314822803738177e-09,3.191546212657078e-06,8.311467308633047e-09,1.1328944317086002e-09,3.1905699363383416e-06,3.1940466221325337e-06,8.319013185691575e-09,1.140440308767128e-09,1.1866816255536747e-07,1.4322350235808136e-07,7.153089234878035e-09,2.5483642046411625e-11,
mixed_sine,0,600000,0.002,177,0.8100925873009825,development,128,k2_none,10000,0,0.3216026483822481,0.002783901877560082,1.2111561913528872e-05,0.0606611085554492,1.449698314592188e-05,2.385421232393008e-06,1.2152370522269496e-05,-4.080860874070806e-08,6.836649860537007,5000.0,True,0.0010551059565506236,-4.977003857195887e-06,0.057467570143356704,4.977003857195887e-06,3.5696209663312667e-06,True,0.0006680945688788515,1.1931416229083819e-05,0.0010668420421968078,-4.615495377864656e-06,3.615084793312312e-07,True,0.0006495675626578475,1.1987438608994038e-05,0.001104670631251495,-4.554820649217441e-06,4.2218320797844643e-07,True,0.003031557726079246,9.637725898556722e-06,0.0023816828771025776,-6.906070858403652e-06,1.9290670012077644e-06,0.004305184669901895,0.00477053793837439,-8.540426269199629e-06,3.5634224120037414e-06,0.0021300437381104867,0.0032368970843046443,-6.718888042808216e-06,1.7418841856123285e-06,
localized_sine,0,600000,0.002,177,0.4822374526221915,development,128,k2_none,10000,0,0.19144956201358707,0.0032882177510473115,7.051720308614705e-06,0.04052250015458603,1.2215058681830187e-05,5.163338373215482e-06,7.047346297527639e-06,4.371945607678415e-09,13.39286842490244,5000.0,True,0.003814228357280621,-7.866567191443593e-06,0.03846102130471137,7.866567191443593e-06,-5.66756888856969e-07,True,0.0006947928860915174,6.706615739211477e-06,0.0011222196663712783,-7.910144048942998e-06,4.357685749940481e-08,True,0.0007007826703919616,6.698429300116138e-06,0.0011227633503707504,-7.906091198344644e-06,3.952400690105104e-08,True,0.002974057480919462,5.82863245885566e-06,0.0026538880875055437,-8.789478620685977e-06,9.229114292423835e-07,0.006075026873500837,0.004105128623695615,-7.812720606598971e-06,5.38465848446221e-08,0.005735340980459556,0.0037588542493440682,-7.409560349578615e-06,4.5700684186497794e-07,
chirp,0,600000,0.002,177,0.7001068817853702,development,128,k2_none,10000,0,0.7238666071266879,0.0021915151236771447,1.8165056976990257e-05,0.11107767476148735,2.260038883670024e-05,4.435331859709984e-06,1.8193748287591466e-05,-2.8691310605838987e-08,10.177620675905224,5000.0,True,0.004110797758807653,-1.1575520919491652e-05,0.10941208172947078,1.1575520919491652e-05,3.198829658978144e-06,True,0.005941423018032662,1.7339847920525268e-05,0.001998039756333587,-1.1244768580144453e-05,3.3075233934719826e-07,True,0.00596360610305932,1.7409738027642454e-05,0.002053113037263544,-1.1141529428980166e-05,4.3399149051148576e-07,True,0.0074108515850793595,1.5095594408205117e-05,0.004988892020678189,-1.3457468590021288e-05,1.8819476705296362e-06,0.00888028831080277,0.007617155387587046,-1.5019864011045686e-05,3.444343091554034e-06,0.008618419515580452,0.00638802888222371,-1.3887197345319017e-05,2.3116764258273654e-06,
moment4,0,600000,0.002,177,1.0,development,128,k2_none,10000,0,0.7499833645025968,0.0014157396460252453,1.2074112589904862e-07,0.0007429896406819438,2.2367917352855795e-07,1.0293804762950933e-07,1.2087318534297741e-07,-1.320594434440409e-10,3.584723716514276,5000.0,True,1.0081149278659569e-05,-1.1261177708911534e-07,0.0007448616347199196,1.1261177708911534e-07,4.420649203937001e-09,True,2.67007889588802e-06,1.2020606724173464e-07,6.260997443448818e-06,-1.1149588976063648e-07,1.1158873284788693e-09,True,2.665651854178713e-06,1.203431368417903e-07,6.290084816758638e-06,-1.1136010861937474e-07,1.2516684697406004e-09,True,1.276460837534213e-05,1.1590037053222256e-07,1.3594481763482193e-05,-1.158298026465354e-07,3.218025557420055e-09,1.270176609181092e-05,1.3353251770953428e-05,-1.1596581234717198e-07,3.3540352580566336e-09,2.397808546746795e-06,5.729967165703299e-06,-1.1149512199349857e-07,1.1166550956167735e-09,
blend_m010,0,600000,0.002,177,1.0,development,128,k2_none,10000,0,0.7495982093949807,0.0015135786985631772,1.565771199044334e-06,0.004946788294740471,2.1606664078799962e-06,5.948952088356618e-07,1.5672097366978806e-06,-1.4385376540818958e-09,3.6016228076745396,5000.0,True,0.00021423900300151827,-1.4519259410526022e-06,0.0048557866663958464,1.4519259410526022e-06,6.335156148525215e-08,True,5.7506593783841216e-05,1.5539639019213574e-06,8.464667226210762e-05,-1.4363292402020748e-06,1.5596700850527383e-08,True,5.7417009639865406e-05,1.555507875826398e-06,8.527368326236507e-05,-1.434793072445266e-06,1.71328686073362e-08,True,0.0003980413715254529,1.4956052034534585e-06,0.0004001928286065677,-1.4951503171265698e-06,4.3224376073967554e-08,0.0003975986753692221,0.00039983311177943466,-1.4960691771242488e-06,4.4143236071646556e-08,5.5659954077883134e-05,8.233368731311912e-05,-1.4356517927967005e-06,1.6274148255901767e-08,
blend_p001,0,600000,0.002,177,1.0,development,128,k2_none,10000,0,0.7500129501234004,0.0013994179854288414,-6.4559829403444e-08,0.0002272404508898303,5.524673343800533e-08,1.1980656284144931e-07,-6.497166485440002e-08,4.1183545000210915e-10,3.582947771807182,5000.0,True,1.1339833046764704e-05,3.9399674516151746e-08,0.0002101729527363151,3.9399674516151746e-08,-1.2555109342660876e-08,True,8.871552329339402e-08,-6.459129281695559e-08,1.9133778350760593e-07,3.945386682200101e-08,5.419230584926057e-11,True,1.1624275758772818e-06,-6.500259195269386e-08,1.1409234118433734e-06,3.904321217723094e-08,3.564623389208067e-10,True,3.494009866800335e-05,-5.202438667425069e-08,3.496686848033978e-05,5.2018589774613346e-08,1.26189152584616e-08,3.493734110221746e-05,3.4971940924185525e-05,5.2029698567861105e-08,1.2630024051709359e-08,1.1692560669609062e-06,1.1476065833071408e-06,3.905344177248408e-08,3.462327436676669e-10,
blend_p010,0,600000,0.002,177,1.0,development,128,k2_none,10000,0,0.7500454980727973,0.0013762322743046766,-1.1572142134656877e-07,0.00181279036040593,6.589514439572434e-07,7.74672865303812e-07,-1.2000459482653015e-07,4.2831734806458e-09,3.648840540431761,5000.0,True,4.754045622195091e-05,-1.4072343795351886e-07,0.0016840303830894545,1.4072343795351886e-07,-1.2617631793622037e-07,True,7.555712008383674e-06,-1.1879736830276559e-07,1.300707724036355e-05,-1.3562202228471776e-07,5.101415668801105e-09,True,1.2605433705674737e-05,-1.231026216066044e-07,1.5507979659039057e-05,-1.3992326419737494e-07,8.001737561439292e-10,True,0.00028171724106569834,8.39581924166448e-09,0.00028359894695690886,-8.382954247263578e-09,1.323404837062553e-07,0.0002817114767513769,0.00028361228681894726,-8.417771426871058e-09,1.3230566652664782e-07,1.2562077415281052e-05,1.5397311576949664e-05,-1.3995927311280266e-07,7.641648407162044e-10,
blend_p030,0,600000,0.002,177,1.0,development,128,k2_none,10000,0,0.6895460680417983,0.0021897280836979185,7.240070570273077e-06,0.020218142032667218,9.229828953484917e-06,1.98975838321184e-06,7.248095333519747e-06,-8.035286382429948e-09,6.922975316523815,5000.0,True,0.0024924689790101788,-3.7387144740892752e-06,0.011114207729435947,3.7387144740892752e-06,1.7280534284439919e-06,True,0.000666964312149194,7.094749419795536e-06,0.0016237203723957357,-3.503517956299944e-06,2.3519651778933122e-07,True,0.0006579850166489505,7.1071311116811525e-06,0.0016333799833801853,-3.4767732715766893e-06,2.6194120251258595e-07,True,0.004266458551367632,3.3311843238166346e-06,0.004355845200191021,-7.264761439246656e-06,3.5260469651573806e-06,0.005686202776390242,0.006583206198754813,-5.600397777015016e-06,1.8616833029257406e-06,0.00444588884501576,0.005183015509086476,-2.189719469497213e-06,1.548995004592062e-06,
exp_right,22,600000,0.002,177,2.6119867843594364,development,128,k2_none,10000,0,0.00014742301428722528,0.0016854207630915255,1.803557154781998e-07,0.0012126434673678816,3.584343200157508e-07,1.7807860453755097e-07,1.8037567539481747e-07,-1.9959915812447454e-11,6.497666518519804,5000.0,True,0.004312676398240432,-2.607183345100557e-07,0.0015097725358419346,2.607183345100557e-07,-4.035279724848157e-08,True,7.198911093155719e-06,1.792329619753498e-07,6.125063059599439e-06,-2.598048987815793e-07,9.134357284764383e-10,True,6.670728122964985e-06,1.7933680088507307e-07,6.698366194448942e-06,-2.5968764870527326e-07,1.0306858047824673e-09,True,0.00025673060399307543,1.3656867420288204e-07,0.0002504118656896886,-3.024367164731926e-07,4.17183819631369e-08,0.0004967030367310118,0.0004849561335645162,-2.2086854304775082e-07,3.9849791462304904e-08,0.0004291273702360064,0.000419529704017153,-1.9572560033107328e-07,6.499273417898245e-08,exponential
exp_left,22,600000,0.002,177,13.649519383995864,development,128,k2_none,10000,0,0.0005740895169498454,0.0018552025934221571,-3.3731861215108437e-07,0.0009942604527405506,1.7607253612247948e-07,5.133911482735638e-07,-3.377766499221464e-07,4.580377697904185e-10,9.320934911684235,5000.0,True,0.00015906556727916988,1.1269772841489049e-07,0.0021630079275696645,1.1269772841489049e-07,-1.1374808574669205e-07,True,2.834879092657204e-05,-3.3816129909925527e-07,4.6699804050271365e-05,1.1226401925328018e-07,4.337091616103053e-10,True,2.8014707427894557e-05,-3.385490850068676e-07,4.6912935778147076e-05,1.118999715365623e-07,7.977568783281874e-10,True,0.0004905146603574495,-2.6805554914567737e-07,0.0004838862355378688,1.8235633912955976e-07,6.965861071466927e-08,0.0008075173935852482,0.0007652263756788355,2.2207510840608396e-07,1.0937737999119347e-07,0.0007056886104103987,0.0006680243971472457,1.4118269682287068e-07,2.8484968407980192e-08,exponential
gauss_left,22,600000,0.002,177,0.3713011646461742,development,128,k2_none,10000,0,0.005610793554922497,0.003471494915469399,4.2177090039455785e-06,0.025014610792612427,7.356633051304796e-06,3.138924047359218e-06,4.216497674433569e-06,1.2113295093171747e-09,11.348497989828536,5000.0,True,0.0040867557236962185,-5.030537478105523e-06,0.028105742112356263,5.030537478105523e-06,-4.019415293165783e-07,True,0.0003425650765252139,4.059429255682531e-06,0.0001466616395021098,-4.996303211428546e-06,3.423426667697671e-08,True,0.00034771742764750117,4.056606418468222e-06,0.00015192667233039314,-4.994619889915106e-06,3.5917588190417035e-08,True,0.002152139215397366,3.6368512331264013e-06,0.0019009392422702199,-5.418311122854735e-06,3.877736447492121e-07,0.0031698984120421387,0.0018169041266368343,-4.834298393696154e-06,1.962390844093683e-07,0.0035053536634049964,0.0021044936760003983,-4.640795431736232e-06,3.897420463692904e-07,gaussian
gauss_right,22,600000,0.002,177,0.23748502306292393,development,128,k2_none,10000,0,0.036020725579498494,0.0042592326236530545,9.51309281488029e-06,0.06334827227606481,1.147696962701442e-05,1.9638768121341303e-06,9.512888117373053e-06,2.0469750069550698e-10,17.852510602176235,5000.0,True,0.0024637102807324165,-8.502784412659648e-06,0.06139121877860905,8.502784412659648e-06,3.6774960636628515e-07,True,0.0007329492839496035,9.394495238092121e-06,0.000571712626956339,-8.418343218849203e-06,8.444119381044474e-08,True,0.0007323780904580046,9.393729910737535e-06,0.0005725112461369463,-8.405120072693589e-06,9.766433996605913e-08,True,0.0008547788781432653,9.137871189704875e-06,0.000721608282031215,-8.671965716268926e-06,1.6918130360927805e-07,0.0023474904408734383,0.0034716337151347813,-9.376166373315672e-06,8.733819606560242e-07,0.0023551362595860287,0.003467394748868262,-9.19987028458439e-06,6.970858719247412e-07,gaussian
bump_left,22,600000,0.002,177,0.44348186274361356,development,128,k2_none,10000,0,0.022655283124009717,0.003185860720403297,1.6601772331683202e-06,0.018745884413718182,6.285706918470374e-06,4.625529685302053e-06,1.660291087030306e-06,-1.1385385940978981e-10,9.866555332089316,5000.0,True,0.0024168055253125987,-1.966521211231277e-06,0.022692114950378938,1.966521211231277e-06,-1.3428326418968952e-07,True,0.0004678414036161493,1.4747893786920918e-06,0.0002858559296738103,-1.9587031033578082e-06,7.818107873468728e-09,True,0.0004677537161944676,1.4748743346014359e-06,0.00028855222433516527,-1.958430763162441e-06,8.090448068835878e-09,True,0.0019366145125833231,1.3674530420251443e-06,0.0015147701782218974,-2.065931534737451e-06,9.941032350617389e-08,0.0027187736823894412,0.002424452670439408,-1.775689062292811e-06,1.90832148938466e-07,0.002369218604528627,0.0020780696740714086,-1.7837709089829708e-06,1.8275030224830612e-07,compact_bump
bump_right,22,600000,0.002,177,0.32889495195335533,development,128,k2_none,10000,0,0.0210315503286421,0.0036190965054854404,9.56009582544165e-07,0.008646641337276708,1.7679340375740676e-06,8.119244550299025e-07,9.56693264304854e-07,-6.836817540178389e-10,14.597854984477982,5000.0,True,0.003333506871336713,-6.57057713519085e-07,0.008321103500842605,6.57057713519085e-07,1.2758923949731765e-07,True,4.2494463436272536e-05,9.527030877038801e-07,0.00010709518534899022,-6.52590113416733e-07,4.467600102351983e-09,True,4.275792675665399e-05,9.53793299693993e-07,0.00010632925559046667,-6.498732410826807e-07,7.184472436404303e-09,True,0.00021281889498630364,8.428191142802942e-07,0.00023005686510238293,-7.622512283110706e-07,1.0519351479198559e-07,0.0004975676260755099,0.0005844590688580685,-8.512103355318524e-07,1.941526220127674e-07,0.0004041083815527063,0.0005245778367469143,-7.719946815520685e-07,1.1493696803298347e-07,compact_bump
step_left,22,600000,0.002,177,0.9128852702404965,development,128,k2_none,10000,0,0.0011200633145370714,0.0021549774550769715,4.718449886446119e-07,0.009529718271791075,1.1648802153030173e-06,6.930352266584055e-07,4.723991540328391e-07,-5.541653915255997e-10,4.4242690460325225,5000.0,True,0.0011912198957891782,-4.1858721481813186e-07,0.009483357559600626,4.1858721481813186e-07,2.6445134261533022e-08,True,4.2895315352284835e-05,4.6405652620962195e-07,4.1132740934800214e-05,-4.092722393256941e-07,9.31497549243776e-09,True,4.217754068341562e-05,4.647811095976492e-07,4.330868079767982e-05,-4.084523706708537e-07,1.0134844147278166e-08,True,9.05299509546986e-05,4.852283352200252e-07,0.00011981745894099198,-3.876659200176365e-07,3.0921294800495366e-08,0.0001593089902106912,0.00018528570811707107,-4.455267213549054e-07,2.6939506536773523e-08,0.0002047786944010186,0.00022406190265642368,-4.5911752392144666e-07,4.0530309103314795e-08,tanh_step
step_right,22,600000,0.002,177,0.9636241118102141,development,128,k2_none,10000,0,0.0071194458674957726,0.0022941080403235,2.3953495472340424e-06,0.018562505203754288,3.474495814886797e-06,1.0791462676527547e-06,2.3952519223173346e-06,9.762491708534543e-11,4.982656526814085,5000.0,True,0.001897271111082269,-2.384569902980298e-06,0.018569754298270354,2.384569902980298e-06,-6.833787391958739e-09,True,0.0002242529589375159,2.360182670473234e-06,0.00010386077547295644,-2.3713465308451535e-06,1.322337213514433e-08,True,0.00022352079798219204,2.3599278810398392e-06,0.00010463899885052226,-2.37137726865062e-06,1.3192634329677823e-08,True,0.0006329038211156449,2.3705340804218376e-06,0.0005432816492422867,-2.360955424294647e-06,2.3614478685650594e-08,0.0004710472453165147,0.000484641849011662,-2.414498298584913e-06,2.9928395604615193e-08,0.0003295518293150547,0.0003140789433238149,-2.419955228337257e-06,3.538532535695931e-08,tanh_step
kink_abs,22,600000,0.002,177,0.6214766720163144,development,128,k2_none,10000,0,0.0037876181040961466,0.002133554048772908,-7.95499211510877e-08,0.00491946466018584,1.0653456483244115e-06,1.144895569475499e-06,-8.009828366790324e-08,5.483625165006295e-10,7.918596248659842,5000.0,True,0.00042983316744492497,-6.207626088600785e-08,0.005619390008875698,6.207626088600785e-08,-7.539956341359936e-08,True,9.909743518191938e-05,-9.2836399705394e-08,0.000127858174049866,-2.0903315205889238e-08,4.117294568011861e-08,True,9.871439874780881e-05,-9.340026610535465e-08,0.00012838886150311684,-1.9870814034081264e-08,4.220544685192659e-08,True,0.00037880473740233803,-1.4291610697603317e-07,0.00022236886051194598,-7.056581517975539e-08,8.489554293747534e-09,0.0005238855488380426,0.0005347281629131061,-5.147641612177859e-10,6.156149672479007e-08,0.000607791562756872,0.0006302368701224208,1.6391004338223577e-08,7.846726522423142e-08,kink
kink_relu,22,600000,0.002,177,0.2041432706959443,development,128,k2_none,10000,0,0.0035192264829444556,0.0018145772941187894,4.509381606920423e-07,0.004628022692191762,1.105654610034387e-06,6.547164493423447e-07,4.510635628207149e-07,-1.254021280580839e-10,5.772572153636945,5000.0,True,0.0014066514039897818,-3.726264952830209e-07,0.003939963868721303,3.726264952830209e-07,3.8375701320723705e-08,True,2.5703786237078228e-05,4.4526316276923465e-07,2.6193109647558023e-05,-3.666623845693917e-07,5.9641107136291905e-09,True,2.546284536830786e-05,4.455052073326784e-07,2.956398389395473e-05,-3.6637983588870857e-07,6.24665939431231e-09,True,0.0002602491980788014,4.7124743160367846e-07,0.0002927230085335314,-3.405519781682976e-07,3.2074517114723277e-08,0.0003592909495299053,0.00047012503928436553,-4.1334360779838576e-07,4.071711251536488e-08,0.0003908119792634494,0.00048061277936276096,-4.2629972399509404e-07,5.367322871207316e-08,kink
sine,0,600000,0.002,177,1.0,development,128,k2_none,20000,0,0.5498706080302813,0.001944200722369639,0.0002484548851639723,0.7909449258556804,0.0002650064191996387,1.6551534035666445e-05,0.00024825488900250805,1.9999616146457953e-07,7.116045185029235,10000.0,True,0.0027388085401194332,-0.00018359856943365855,0.6242834203341738,0.00018359856943365855,4.5601016690368826e-05,True,0.3418021029249505,0.0001458056216071617,0.18483489655711677,-0.00011675495082139112,6.684361861226743e-05,True,0.34183122946074734,0.00014556576787836396,0.18518922063724486,-0.0001160598403056813,6.753872912797725e-05,True,0.34772016427663127,0.0001248979543049804,0.17671037671600667,-0.00013386754249658904,4.973102693706951e-05,0.26465125258815747,0.09886330339960947,-0.00015687302961600374,2.672553981765481e-05,0.264129589492746,0.10593706033110939,-0.00014053040525628113,4.3068164177377424e-05,
runge,0,600000,0.002,177,1.0,development,128,k2_none,20000,0,0.04206044642465787,0.0019690077966514484,7.307280511277073e-06,0.05796116834512504,1.3841810814916921e-05,6.534530303639848e-06,7.306335107090031e-06,9.39410910172731e-10,5.4018291626724535,10000.0,True,0.0033433297589554076,-7.043054809413247e-06,0.05731105856768028,7.043054809413247e-06,9.702917880000176e-08,True,0.0015913250739581417,6.874577894849152e-06,0.001129817934175301,-7.071884463612613e-06,2.8829654199365976e-08,True,0.0015907681719811917,6.8739142321628534e-06,0.001135488537113085,-7.069003872569105e-06,2.594906315585812e-08,True,0.003409163394035434,6.680992674012309e-06,0.0031321111682046003,-7.265184327138724e-06,2.221295177254763e-07,0.004584935245287497,0.0036775254112455962,-7.4542706089037825e-06,4.112157994905352e-07,0.004374900704265225,0.002817405745081076,-7.3464854045467935e-06,3.0343059513354623e-07,
moment3,0,600000,0.002,177,1.0,development,128,k2_none,20000,0,0.006135718543468124,0.0037952119389881127,4.7540330321851945e-06,0.005680730081693926,5.127344587843433e-06,3.7331155565823854e-07,4.750571107744957e-06,3.46192444511895e-09,19.52503890332282,10000.0,True,0.0016719198166380152,-2.8425310755474396e-06,0.005634618156808568,2.8425310755474396e-06,5.50294766627459e-07,True,0.0002307557910145264,4.71095921865873e-06,0.00013144847000559436,-2.8795909550558337e-06,3.7059879508394125e-08,True,0.00023087735297467446,4.7067687979449285e-06,0.0001304455241109136,-2.872640842503333e-06,3.0109766955893616e-08,True,0.002773707804658142,1.7941740387203572e-06,0.002776988652052511,-5.799386743236626e-06,2.9568556676891865e-06,0.006280032542345739,0.0018022561657336244,-4.690548351670148e-06,1.8480172761227083e-06,0.0059550886543796545,0.0016208781651602478,-2.4159930074978927e-06,4.2653806804954686e-07,
moment5,0,600000,0.002,177,1.0,development,128,k2_none,20000,0,0.7499971575058126,0.0014083917236777533,4.9393629687221484e-08,0.00021690699475182285,9.995732889244892e-08,5.0563699205227436e-08,4.953934582996114e-08,-1.4571613932998984e-10,3.5773801632228848,10000.0,True,6.6765027410024e-06,-3.104481993302097e-08,0.00020713415615104434,3.104481993302097e-08,9.220027659263489e-09,True,1.4509648584849374e-07,4.9342545562981796e-08,3.5513267490950395e-07,-3.0940503772428e-08,1.0431616059296707e-10,True,4.129639023200064e-07,4.9488475799508736e-08,5.725721281694123e-07,-3.079508976333418e-08,2.497301696867908e-10,True,2.6217986887642706e-05,4.013999468304149e-08,2.615986737661902e-05,-4.014460703928679e-08,9.099787106265819e-09,2.621804695457659e-05,2.616797026466101e-05,-4.0127958827093765e-08,9.083138894072797e-09,4.6157458278967984e-07,6.769572078924749e-07,-3.077713049474295e-08,2.676894382780175e-10,
moment9,0,600000,0.002,177,1.0,development,128,k2_none,20000,0,0.750000891079043,0.0014050152988083968,-1.8906881082604655e-08,0.00011391286976477399,3.5289786117889826e-08,5.419666720049448e-08,-1.894351551526689e-08,3.6634432176757743e-11,3.5790360421429157,10000.0,True,6.957531768049084e-06,1.4298727407440707e-08,0.00011261913905932009,1.4298727407440707e-08,-2.2864917704300147e-09,True,2.2167756470095032e-08,-1.8916440218449695e-08,3.533899373466328e-08,1.4312946173578817e-08,1.4218766138110523e-11,True,1.0770113230290125e-07,-1.8953008891184666e-08,1.0862231507513803e-07,1.4276453579670543e-08,2.2273827770163502e-11,True,6.4843662597422895e-06,-1.6621274623099153e-08,6.486213830166486e-06,1.6607872042690257e-08,2.30914463524955e-09,6.484112613992906e-06,6.502242837457656e-06,1.663802637138326e-08,2.339298963942555e-09,2.465195225449894e-07,4.132112924541084e-07,1.430617846974581e-08,7.451062305102742e-12,
mixed_sine,0,600000,0.002,177,0.8100925873009825,development,128,k2_none,20000,0,0.3208348132167711,0.0027967918300475523,2.5001514400999095e-05,0.12039619204944493,2.9494074502696092e-05,4.492560101696998e-06,2.504196002504335e-05,-4.044562404057798e-08,6.8077506590744115,10000.0,True,0.0007109910053270282,-9.466093693849258e-06,0.11116254876327643,9.466093693849258e-06,7.912948630274338e-06,True,0.002526091264389032,2.4421849884157095e-05,0.004171824593771208,-8.384041910130136e-06,1.082051783719122e-06,True,0.00250743434442448,2.448080793933412e-05,0.004200792082442684,-8.324872172491872e-06,1.1412215213573859e-06,True,0.006922761062102597,1.959099523466607e-05,0.005569842194178613,-1.321785565118781e-05,3.7517619573385516e-06,0.00988285277697851,0.012653939730969415,-1.733824836956745e-05,7.87215467571819e-06,0.005694457714293684,0.010413678521113884,-1.3695206789905383e-05,4.229113096056125e-06,
localized_sine,0,600000,0.002,177,0.4822374526221915,development,128,k2_none,20000,0,0.1902014231100735,0.003294049723538594,1.2883692799897039e-05,0.07976960000478897,2.2953348668629157e-05,1.0069655868732122e-05,1.2875158118401276e-05,8.532616022885293e-09,13.631788822068597,10000.0,True,0.003723943265328576,-1.6315037822801696e-05,0.07428911026272272,1.6315037822801696e-05,-2.0345947001612596e-06,True,0.0021906153113526224,1.1725623513859818e-05,0.004108208191873716,-1.644283459357779e-05,1.2779677077609373e-07,True,0.002206723760955862,1.1708294928966876e-05,0.004108093224281194,-1.643503037031934e-05,1.1999254751764542e-07,True,0.0069455330724422105,9.80517596013754e-06,0.006296446075765591,-1.8368604474406576e-05,2.0535666516048793e-06,0.01857207202959074,0.011208591791970115,-1.6222942063426788e-05,9.209575937490854e-08,0.017982376889916368,0.010655004560612472,-1.535371436017425e-05,9.613234626274475e-07,
chirp,0,600000,0.002,177,0.7001068817853702,development,128,k2_none,20000,0,0.7148301229245656,0.0022088137385445927,3.5463671844438504e-05,0.2167599213986306,4.351646834474925e-05,8.052796500310743e-06,3.547540028203758e-05,-1.172843760431432e-08,10.938131691974373,10000.0,True,0.003774110967077245,-2.2849344387148154e-05,0.21124133381548993,2.2849344387148154e-05,5.723093947956596e-06,True,0.020350092906990854,3.2238256968746946e-05,0.006793291165243205,-2.1000433228347296e-05,1.848911158800858e-06,True,0.020342319605894752,3.226836090340159e-05,0.006950504601694648,-2.0874264639825154e-05,1.975079747323e-06,True,0.02296727610966496,2.7240848339288835e-05,0.009333758537362269,-2.5904966221824495e-05,3.0556218346763416e-06,0.022610256066701133,0.01904152992692646,-3.0039728022091486e-05,7.1903836349433325e-06,0.023406348095472748,0.01731352068350868,-2.7774394690638068e-05,4.925050303489914e-06,
moment4,0,600000,0.002,177,1.0,development,128,k2_none,20000,0,0.749983212644606,0.0014158614550094034,2.4255011005727053e-07,0.0014897584846186858,4.4808891148085373e-07,2.0553880142358322e-07,2.4267743171591627e-07,-1.2732165753623245e-10,3.585041000199758,10000.0,True,1.014208584187892e-05,-2.2701861088704585e-07,0.0014987203967469617,2.2701861088704585e-07,9.19720706910656e-09,True,1.0723560546845876e-05,2.404160474662958e-07,2.5251214516365804e-05,-2.2258471834920742e-07,4.433892537838423e-09,True,1.0698819260087367e-05,2.4055359454657197e-07,2.5269011556530104e-05,-2.2245082665695e-07,4.567784230095841e-09,True,2.790157874671013e-05,2.3167004854645518e-07,3.490514371092285e-05,-2.3138822404070557e-07,4.369613153659722e-09,2.7474108493996557e-05,3.3339172805913466e-05,-2.3193162469429562e-07,4.913013807249775e-09,9.621921863897901e-06,2.3025541059368587e-05,-2.229902439869328e-07,4.028366900113053e-09,
blend_m010,0,600000,0.002,177,1.0,development,128,k2_none,20000,0,0.7495900576978819,0.0015151690066616042,3.1560792974718447e-06,0.00999713427161668,4.348474048355056e-06,1.1923947508832114e-06,3.1574117808900135e-06,-1.3324834194613922e-09,3.606723673629434,10000.0,True,0.00021576531463262419,-2.9317039413157976e-06,0.009865823366008745,2.9317039413157976e-06,1.3838215737490876e-07,True,0.0002331667670099784,3.1084227311575593e-06,0.000344810651491647,-2.8693862041771416e-06,6.2317737138656e-08,True,0.00023245810287567575,3.109969333980347e-06,0.00034480477982389447,-2.8678710208154424e-06,6.383292050035519e-08,True,0.0008407416818853348,2.990283404147945e-06,0.0008689836144196938,-2.9884652756769646e-06,5.676133436116697e-08,0.0008381510428955185,0.0008652133284399995,-2.992138354248479e-06,6.04344129326813e-08,0.00022528727027838196,0.00033308658558629513,-2.871303585593382e-06,6.040035572241577e-08,
blend_p001,0,600000,0.002,177,1.0,development,128,k2_none,20000,0,0.7500129365223455,0.0013993530901347322,-1.2945512351279238e-07,0.000454757535936891,1.1032742676186814e-07,2.397825502746605e-07,-1.29867563511245e-07,4.1243999816069006e-10,3.582983927664268,10000.0,True,1.1335316601222707e-05,7.826432378855815e-08,0.0004198986403383279,7.826432378855815e-08,-2.549561959319663e-08,True,3.560023475167808e-07,-1.2958145474730716e-07,7.618530336822574e-07,7.847614534062136e-08,2.1182155206321414e-10,True,1.2527953305104033e-06,-1.2999281044209147e-07,1.3215771722127285e-06,7.806599272331556e-08,1.983310652425895e-10,True,7.099407313561939e-05,-1.0403815875650897e-07,7.110257603230211e-05,1.0401498950648071e-07,2.5750665717922566e-08,7.098338045684902e-05,7.112417626334475e-05,1.040593971357708e-07,2.579507334721265e-08,1.308379640592541e-06,1.4442445354141298e-06,7.810688354497677e-08,1.5744024358137117e-10,
blend_p010,0,600000,0.002,177,1.0,development,128,k2_none,20000,0,0.7500445563849569,0.0013761185579980186,-2.294377280045621e-07,0.0036350125264607456,1.3196491135993266e-06,1.549086841603889e-06,-2.3369828594322064e-07,4.26055794020084e-09,3.651398764374166,10000.0,True,4.921679564907725e-05,-2.959160005159406e-07,0.0033753955413017202,2.959160005159406e-07,-2.544397446115122e-07,True,3.0533854469369704e-05,-2.419397998039031e-07,5.2173274493649744e-05,-2.754775691248986e-07,2.0438431391041987e-08,True,3.2687662440768026e-05,-2.4624670376446267e-07,5.2270805420111484e-05,-2.797746430851594e-07,1.6141357430781194e-08,True,0.0005723409809489019,1.674779194441799e-08,0.0005806300369098145,-1.6696407863466895e-08,2.792195926524737e-07,0.0005723096262805317,0.0005806601589348512,-1.683554285373147e-08,2.7908045766220914e-07,3.237784803921197e-05,5.1767525033867295e-05,-2.7991854622561284e-07,1.5997454290327756e-08,
blend_p030,0,600000,0.002,177,1.0,development,128,k2_none,20000,0,0.6892151468339558,0.002194931983296326,1.2443970168680732e-05,0.043520094495843265,1.6696482434111737e-05,4.252512265431003e-06,1.2435826410619458e-05,8.133234925639985e-09,7.066000256441711,10000.0,True,0.0021539234493088717,-9.223180862879172e-06,0.020706217111358217,9.223180862879172e-06,1.4651851243183798e-06,True,0.002903095390827678,1.187869419578858e-05,0.004872995362749433,-8.665929267628652e-06,5.572515952505197e-07,True,0.002897057137206033,1.187244506243249e-05,0.004881912088892711,-8.649543213361443e-06,5.73637649517729e-07,True,0.009879764106798299,3.837155345688276e-06,0.009312994120262354,-1.6709884147792853e-05,7.486703284913681e-06,0.015189024798508009,0.018636598902534062,-1.1200795554030028e-05,1.977614691150856e-06,0.01382227647559662,0.01665899643509856,-4.3794389389943925e-06,4.84374192388478e-06,
exp_right,22,600000,0.002,177,2.6119867843594364,development,128,k2_none,20000,0,0.00014503118780927906,0.0016855643101324597,3.2390275641229887e-07,0.0024392086934379767,6.740663254900517e-07,3.5016356907775284e-07,3.2387750445516915e-07,2.525195798337567e-11,6.508095690099566,10000.0,True,0.0006322245865630922,-5.567412061372077e-07,0.0031417613210663014,5.567412061372077e-07,-1.1717129357595672e-07,True,2.6695226203519235e-05,3.1997472648717504e-07,1.4754953736868935e-05,-5.546740823711325e-07,2.067123766075137e-09,True,2.6611477837076588e-05,3.199425357893081e-07,1.464731114059641e-05,-5.546966869624276e-07,2.044519174780026e-09,True,0.0005495692406909452,2.237599288172154e-07,0.0005280026480259344,-6.508371421059474e-07,9.409593596873978e-08,0.001206511538132349,0.001162003269582185,-4.4173708609553754e-07,1.1500412004167013e-07,0.0010936532506085467,0.0010567592259266966,-3.914512006621489e-07,1.6529000547505878e-07,exponential
exp_left,22,600000,0.002,177,13.649519383995864,development,128,k2_none,20000,0,0.0005672021182730503,0.0018548540258996223,-6.858861346859306e-07,0.0019176268329070753,3.3404745998750155e-07,1.0199335946734323e-06,-6.863597290476021e-07,4.735943596843142e-10,9.341741180007565,10000.0,True,0.0002229967964275972,2.2498397919481506e-07,0.004403532056756936,2.2498397919481506e-07,-2.3586979411995585e-07,True,0.00010904507063499443,-6.886622587762771e-07,0.00017715815986191208,2.231865908937328e-07,1.7973883010822591e-09,True,0.0001087849915571863,-6.890715490628872e-07,0.00017716939431671402,2.2284843351314264e-07,2.1355456816724264e-09,True,0.0010185427051679797,-5.496283615930643e-07,0.0010126938487312325,3.622168271185054e-07,1.3723284792369035e-07,0.0017618954790615303,0.0015979266315738734,4.441502168122504e-07,2.1916623761743533e-07,0.0015732618789199488,0.0014279849807719966,2.8236539364580394e-07,5.738141445098887e-08,exponential
gauss_left,22,600000,0.002,177,0.3713011646461742,development,128,k2_none,20000,0,0.005077231716564357,0.0034754491897730005,8.171983307547264e-06,0.04883214590684947,1.4064062941448724e-05,5.89207963390146e-06,8.16979814831871e-06,2.1723453832202753e-09,11.421301951375948,10000.0,True,0.0036466450123785643,-1.0730765833874746e-05,0.05440939734386118,1.0730765833874746e-05,-1.0762631745038374e-06,True,0.0013091904137678013,7.618264333321685e-06,0.0005866710984473049,-1.0558954553500682e-05,1.718112803740642e-07,True,0.0013175606348880338,7.612415218353413e-06,0.0005977588489307516,-1.0554803343839073e-05,1.7596249003567256e-07,True,0.00480649781265143,6.647137881662888e-06,0.0038689745097743597,-1.152921051120903e-05,7.984446773342833e-07,0.008692243148280527,0.004588615806631771,-1.0496501454671636e-05,2.3426437920311012e-07,0.009176338515378723,0.004533918926162413,-1.0027161720109735e-05,7.036041137650108e-07,gaussian
gauss_right,22,600000,0.002,177,0.23748502306292393,development,128,k2_none,20000,0,0.0343328121530517,0.004268184211363615,1.84646805254417e-05,0.1248128179056494,2.2250091067642534e-05,3.785410542200836e-06,1.846211321057603e-05,2.567165513650469e-09,18.13799832823981,10000.0,True,0.0021449560088970016,-1.6413534773265482e-05,0.11957017366260045,1.6413534773265482e-05,4.4880329790175905e-07,True,0.002495937145455157,1.800494800868351e-05,0.002049456574783843,-1.6039328106182184e-05,3.742066670832984e-07,True,0.002495585058030303,1.799914066759319e-05,0.0020566447987894767,-1.6016117065654886e-05,3.9741770761059616e-07,True,0.0027439992202999437,1.7403956243679162e-05,0.0020414039400401297,-1.663542789961467e-05,2.21893126349187e-07,0.005034044291969482,0.009360877855460595,-1.8811177323109894e-05,2.397642549844411e-06,0.005036624051496065,0.009332589432827434,-1.8447352590052513e-05,2.033817816787031e-06,gaussian
bump_left,22,600000,0.002,177,0.44348186274361356,development,128,k2_none,20000,0,0.022218564969937148,0.0031876377008542675,3.4371576841388305e-06,0.03684952983844627,1.235438820556011e-05,8.917230521421279e-06,3.4372088831739078e-06,-5.119902768224169e-11,9.8871418117054,10000.0,True,0.0021355047872619456,-4.653113256163016e-06,0.04571540930003786,4.653113256163016e-06,-1.8954076026076676e-07,True,0.0020121862351929897,2.72156755229252e-06,0.0010752774892672525,-4.559618489732737e-06,9.349476643027908e-08,True,0.002014656338799479,2.7212705821409407e-06,0.0010786831519367507,-4.558415055935184e-06,9.469820022783191e-08,True,0.004827912129758269,2.459883515497945e-06,0.002876242740259968,-4.820501574957172e-06,1.673883187941557e-07,0.006597131302499795,0.005346991701630218,-4.268124803466568e-06,3.84988452696448e-07,0.005924610192104871,0.004674933062212452,-4.283950604615157e-06,3.6916265154785915e-07,compact_bump
bump_right,22,600000,0.002,177,0.32889495195335533,development,128,k2_none,20000,0,0.021007164339811736,0.00361994827901405,1.8077831111543736e-06,0.016953525189989372,3.4064621834853622e-06,1.5986790723309889e-06,1.8080372248751343e-06,-2.5411370443327196e-10,14.613524325864605,10000.0,True,0.003189729035171953,-1.253540383548703e-06,0.01603765286688138,1.253540383548703e-06,1.947158150911235e-07,True,0.00016349136626267122,1.7927455057948568e-06,0.0004052604635356103,-1.2276510639861924e-06,2.588931956251071e-08,True,0.00016300841948537381,1.793224391526562e-06,0.00040472916318448984,-1.2238942200752386e-06,2.964616347346448e-08,True,0.0004939432029958033,1.5511785744122008e-06,0.0005809244815197074,-1.468898970126001e-06,2.1535858657729784e-07,0.0013100837669894198,0.001660792970186711,-1.7024206710635545e-06,4.488802875148514e-07,0.0011540240389447628,0.0015858804114646696,-1.5439893631044222e-06,2.9044897955571916e-07,compact_bump
step_left,22,600000,0.002,177,0.9128852702404965,development,128,k2_none,20000,0,0.0010899910662129837,0.002155466492039167,9.608819508398206e-07,0.01888772468191118,2.308280137871445e-06,1.3473981870316243e-06,9.614730536942396e-07,-5.911028597300739e-10,4.425943169433571,10000.0,True,0.00027845044467428765,-8.178471251885345e-07,0.01863718084764531,8.178471251885345e-07,7.044974737707715e-08,True,0.0001673459324278474,9.319686952095245e-07,0.00015912453332691707,-7.868039563711861e-07,3.1043168817348356e-08,True,0.0001666384099437639,9.327638954782999e-07,0.0001608846188237878,-7.859619681325866e-07,3.1885157055947914e-08,True,0.000227092956525402,9.76783110811913e-07,0.00030036860006543936,-7.412096048908133e-07,7.663752029772116e-08,0.0005088956460044911,0.0006903100855518971,-8.910534427096689e-07,7.320631752113441e-08,0.0005841883317566584,0.000743291460607108,-9.182350478428878e-07,1.0038792265435333e-07,tanh_step
step_right,22,600000,0.002,177,0.9636241118102141,development,128,k2_none,20000,0,0.007009211671406338,0.0022964717264847374,4.759035708470937e-06,0.036715934506129096,6.870381703147819e-06,2.1113459946768837e-06,4.758878485096554e-06,1.5722337648630128e-10,5.017675354066566,10000.0,True,0.002324782283453853,-4.703979957983057e-06,0.03662037754367196,4.703979957983057e-06,-2.088374174340384e-08,True,0.0008514430202079156,4.625801923467002e-06,0.0004281408404755278,-4.6507333161401775e-06,5.324664184287981e-08,True,0.0008511252741742403,4.625376811217277e-06,0.0004287131586499682,-4.650595634128452e-06,5.338432385460561e-08,True,0.0015219326626236557,4.646851359594318e-06,0.0011872105934425485,-4.629549666568712e-06,7.443029141434518e-08,0.0012845211947320326,0.0013878113801099221,-4.828996597169944e-06,1.2501663918688636e-07,0.0010804684816534927,0.0011307155513209852,-4.839910456674654e-06,1.359304986915966e-07,tanh_step
kink_abs,22,600000,0.002,177,0.6214766720163144,development,128,k2_none,20000,0,0.003758308220161331,0.0021334559208504335,-1.7767784362634267e-07,0.009784407129740547,2.1121748389330884e-06,2.289852682559431e-06,-1.7840285596788635e-07,7.250123397827872e-10,7.931885078911006,10000.0,True,0.00032077198637836144,-1.3428981234808115e-07,0.01141911457437049,1.3428981234808115e-07,-1.6020418336126286e-07,True,0.00039267094941974125,-2.2603124334431204e-07,0.0004212536012196465,-9.712593651531784e-09,1.2457721869654935e-07,True,0.00039255152608096437,-2.2676930716825056e-07,0.0004220455477299141,-7.747169789772091e-09,1.2654264255830906e-07,True,0.0009772505257973367,-3.354449575099612e-07,0.0004050707155866026,-1.1890151746001201e-07,1.538829488806914e-08,0.001317307330071288,0.0013263163487685012,-2.5154700088673904e-08,1.0913511225940724e-07,0.0014584289684195012,0.0015107915283056618,8.614164439465025e-09,1.4290397678754618e-07,kink
kink_relu,22,600000,0.002,177,0.2041432706959443,development,128,k2_none,20000,0,0.0035112825245071813,0.0018150387650544694,9.124090963716663e-07,0.009197932151139421,2.1928068894446308e-06,1.2803977930729645e-06,9.125357747973683e-07,-1.266784239670023e-10,5.764892941281096,10000.0,True,0.00017092408254127737,-7.284981913207129e-07,0.0077065344831349376,7.284981913207129e-07,8.884444039660325e-08,True,9.556346575063427e-05,8.911607566514128e-07,7.208281718153372e-05,-7.111828030884884e-07,1.731538823222451e-08,True,9.51071356417381e-05,8.914387747381153e-07,7.479824042327916e-05,-7.10918402413806e-07,1.7579788906906955e-08,True,0.0005374011150890134,9.463394379182473e-07,0.0006157537104479594,-6.558300288052996e-07,7.266816251541328e-08,0.0007082719943383665,0.001136278804722117,-8.266872155967661e-07,9.818902427605319e-08,0.0008116045625044771,0.0011573513637089207,-8.52599447990164e-07,1.2410125666945112e-07,kink
sine,0,600000,0.002,177,1.0,development,128,k2_hidden,1,0,0.7773836440781327,0.0016957614914963242,1.565429065681894e-08,5.281411215350099e-05,1.754898643240833e-08,1.894695775589393e-09,1.6803616399108282e-08,-1.1493257422881593e-09,4.486776363389789,1.0,True,0.02496384797210972,0.0,0.0,0.0,0.0,True,0.0,1.565429065681894e-08,0.0,0.0,0.0,True,1.7331277374783084e-06,1.680361639911158e-08,1.5268875484288916e-06,1.0125573157507952e-09,1.0125573157507952e-09,True,1.294375752376407e-16,1.565429065682384e-08,1.2390832407635896e-16,-6.431707802880111e-21,6.431707802880111e-21,0.0,0.0,0.0,0.0,1.7331277374783084e-06,1.5268875484288916e-06,1.0125573157507952e-09,1.0125573157507952e-09,
runge,0,600000,0.002,177,1.0,development,128,k2_hidden,1,0,0.047698221664020525,0.001961701233298251,7.171580802649124e-10,5.961423258889089e-06,1.3699105989759556e-09,6.527525187110431e-10,7.211277847120575e-10,-3.969704436454371e-12,5.19147259935137,1.0,True,0.11762110730877944,0.0,0.0,0.0,0.0,True,0.0,7.171580802649124e-10,0.0,0.0,0.0,True,1.162841794927015e-07,7.211277847225848e-10,1.1837656596005529e-07,4.038890049988658e-12,4.038890049988658e-12,True,1.1426158712363616e-16,7.171580802750098e-10,1.0944606091196117e-16,2.4214614198343276e-21,2.4214614198343276e-21,0.0,0.0,0.0,0.0,1.162841794927015e-07,1.1837656596005529e-07,4.038890049988658e-12,4.038890049988658e-12,
moment3,0,600000,0.002,177,1.0,development,128,k2_hidden,1,0,0.0063686559523561835,0.003790458375010763,4.690548351827683e-10,6.259384249216314e-07,4.946350239301856e-10,2.5580188747417252e-11,5.831730261216075e-10,-1.1411819095482194e-10,19.31676241225797,1.0,True,0.43137347043858804,0.0,0.0,0.0,0.0,True,0.0,4.690548351827683e-10,0.0,0.0,0.0,True,1.236757206678141e-07,5.83173026119221e-10,1.2424330906155104e-07,1.1465537818981782e-10,1.1465537818981782e-10,True,5.235769339606193e-16,4.690548351656937e-10,3.2631365910224143e-16,-2.0749914459291787e-20,2.0749914459291787e-20,0.0,0.0,0.0,0.0,1.236757206678141e-07,1.2424330906155104e-07,1.1465537818981782e-10,1.1465537818981782e-10,
moment5,0,600000,0.002,177,1.0,development,128,k2_hidden,1,0,0.7499971640811602,0.001408342334060862,4.012795869217361e-12,2.104140987720864e-08,9.76075285682969e-12,5.747956987612329e-12,4.522002893608656e-12,-5.092070108959109e-13,3.5773956403066425,1.0,True,0.04726675640817671,0.0,0.0,0.0,0.0,True,4.336808689942018e-19,4.012795869179077e-12,0.0,0.0,0.0,True,1.4493935451107668e-09,4.52200288860013e-12,1.4495411938641584e-09,5.092588388102892e-13,5.092588388102892e-13,True,1.1572048930318045e-16,4.012795879324331e-12,1.33050293821905e-16,5.8191642026058146e-21,5.8191642026058146e-21,4.336808689942018e-19,0.0,0.0,0.0,1.4493935451107668e-09,1.4495411938641584e-09,5.092588388102892e-13,5.092588388102892e-13,
moment9,0,600000,0.002,177,1.0,development,128,k2_hidden,1,0,0.7500008936999953,0.0014050342040256769,-1.6638026394346565e-12,1.1338193003403894e-08,3.663764350722172e-12,5.327566990156828e-12,-1.791875805827599e-12,1.2807316869127837e-13,3.5790440933217016,1.0,True,0.016553118784619777,0.0,0.0,0.0,0.0,True,0.0,-1.6638026394346565e-12,0.0,0.0,0.0,True,3.6161694444555963e-10,-1.7918758030636918e-12,3.6157210720879484e-10,-1.2805736356455793e-13,1.2805736356455793e-13,True,1.2598634513244382e-16,-1.6638026323521212e-12,1.3326780949540583e-16,-1.7610628507886018e-21,1.7610628507886018e-21,0.0,0.0,0.0,0.0,3.6161694444555963e-10,3.6157210720879484e-10,-1.2805736356455793e-13,1.2805736356455793e-13,
mixed_sine,0,600000,0.002,177,0.8100925873009825,development,128,k2_hidden,1,0,0.32240508251900923,0.0027717920237318077,1.7080852538395486e-09,1.2046893350451378e-05,2.512141879677384e-09,8.040566258378354e-10,1.9249477721815092e-09,-2.168625183415793e-10,6.883379492863571,1.0,True,0.23316579408509222,0.0,0.0,0.0,0.0,True,1.3877787807814457e-17,1.7080852538383234e-09,0.0,0.0,0.0,True,2.6139248586656823e-07,1.9249477721907525e-09,2.6155260391188335e-07,2.1699535100261127e-10,2.1699535100261127e-10,True,2.0861672657664817e-16,1.7080852538225122e-09,2.1324049079275832e-16,-2.940209281316622e-20,2.940209281316622e-20,1.3877787807814457e-17,0.0,0.0,0.0,2.6139248586656823e-07,2.6155260391188335e-07,2.1699535100261127e-10,2.1699535100261127e-10,
localized_sine,0,600000,0.002,177,0.4822374526221915,development,128,k2_hidden,1,0,0.19315066863655642,0.003281167542124458,1.5113857610233482e-09,8.1213673737021e-06,2.516328580571425e-09,1.0049428195480767e-09,1.5582483302510366e-09,-4.6862569280665507e-11,13.09498001687943,1.0,True,0.18573045834608656,0.0,0.0,0.0,0.0,True,0.0,1.5113857610233482e-09,0.0,0.0,0.0,True,2.0616778609125042e-07,1.558249025068973e-09,2.0920749071513777e-07,4.755336144884102e-11,4.755336144884102e-11,True,1.8396159714005603e-15,1.5113857608268748e-09,1.8428882119765377e-15,-2.0041660921474632e-19,2.0041660921474632e-19,0.0,0.0,0.0,0.0,2.0616778609125042e-07,2.0920749071513777e-07,4.755336144884102e-11,4.755336144884102e-11,
chirp,0,600000,0.002,177,0.7001068817853702,development,128,k2_hidden,1,0,0.7347879407645278,0.0021733530706729565,3.0039728021940614e-09,2.2585608775024963e-05,3.6943011646734474e-09,6.903283624793857e-10,3.127110280138921e-09,-1.2313747792977775e-10,9.322304071405073,1.0,True,0.11918673015948711,0.0,0.0,0.0,0.0,True,0.0,3.0039728021940614e-09,0.0,0.0,0.0,True,3.417137850516336e-07,3.1271102801128795e-09,3.416682605110152e-07,1.2331666070627302e-10,1.2331666070627302e-10,True,9.684978411061875e-17,3.0039728021911518e-09,1.3680689680803521e-16,2.4195472210834703e-20,2.4195472210834703e-20,0.0,0.0,0.0,0.0,3.417137850516336e-07,3.416682605110152e-07,1.2331666070627302e-10,1.2331666070627302e-10,
moment4,0,600000,0.002,177,1.0,development,128,k2_hidden,1,0,0.7499835148999441,0.0014156189280925084,2.3193162464518413e-11,1.4813912057103154e-07,4.4611344699603624e-11,2.1418182235085208e-11,2.3684311047995992e-11,-4.911485785696543e-13,3.584410167752605,1.0,True,0.004319692757935477,0.0,0.0,0.0,0.0,True,1.734723475976807e-18,2.319316246467155e-11,0.0,0.0,0.0,True,1.3967646432991479e-09,2.3684311047010125e-11,1.4044257762201669e-09,4.938415522927247e-13,4.938415522927247e-13,True,1.162555970610204e-16,2.319316246566693e-11,1.3082794068683124e-16,-5.283188552365806e-21,5.283188552365806e-21,1.734723475976807e-18,0.0,0.0,0.0,1.3967646432991479e-09,1.4044257762201669e-09,4.938415522927247e-13,4.938415522927247e-13,
blend_m010,0,600000,0.002,177,1.0,development,128,k2_hidden,1,0,0.7496060478152193,0.001512013226577968,2.99213835420536e-10,9.64818435308204e-07,4.338444530667692e-10,1.346306176462332e-10,3.059496762388116e-10,-6.735840813961256e-12,3.5967089643484766,1.0,True,0.054407893397119746,0.0,0.0,0.0,0.0,True,0.0,2.99213835420536e-10,0.0,0.0,0.0,True,4.47726743163282e-08,3.0594967624013235e-10,4.507521577798229e-08,6.781339051482273e-12,6.781339051482273e-12,True,1.1392689947523092e-16,2.9921383543385883e-10,1.5471591593549947e-16,5.742596252571527e-22,5.742596252571527e-22,0.0,0.0,0.0,0.0,4.47726743163282e-08,4.507521577798229e-08,6.781339051482273e-12,6.781339051482273e-12,
blend_p001,0,600000,0.002,177,1.0,development,128,k2_hidden,1,0,0.7500129637621762,0.0013994825348523053,-1.0405939708722115e-11,4.3238690000369804e-08,1.2157613180990664e-11,2.2563552889712778e-11,-1.1818652854655562e-11,1.4127131410791571e-12,3.5829084413977723,1.0,True,0.09431311591890985,0.0,0.0,0.0,0.0,True,0.0,-1.0405939708722115e-11,0.0,0.0,0.0,True,3.9291071974357685e-09,-1.1818652848021688e-11,3.928320476994543e-09,-1.4124303435391867e-12,1.4124303435391867e-12,True,1.146887076701852e-16,-1.0405939706731348e-11,1.2633816720692662e-16,6.699695628000116e-21,6.699695628000116e-21,0.0,0.0,0.0,0.0,3.9291071974357685e-09,3.928320476994543e-09,-1.4124303435391867e-12,1.4124303435391867e-12,
blend_p010,0,600000,0.002,177,1.0,development,128,k2_hidden,1,0,0.7500464330564527,0.0013763479974095777,1.6835542834723785e-12,3.4467349369848337e-07,1.4179068702311473e-10,1.4010713273964236e-10,-1.2433169619965612e-11,1.4116723905327968e-11,3.646286490448303,1.0,True,0.12135167362711273,0.0,0.0,0.0,0.0,True,0.0,1.6835542834723785e-12,0.0,0.0,0.0,True,3.131775969537678e-08,-1.2433169615049597e-11,3.132704663144288e-08,-1.4120910749379467e-11,1.4120910749379467e-11,True,1.115942704271119e-16,1.683554295072423e-12,1.241304956510629e-16,1.3437675231017375e-20,1.3437675231017375e-20,0.0,0.0,0.0,0.0,3.131775969537678e-08,3.132704663144288e-08,-1.4120910749379467e-11,1.4120910749379467e-11,
blend_p030,0,600000,0.002,177,1.0,development,128,k2_hidden,1,0,0.6899493019472298,0.0021824891145888095,1.1014611641303463e-09,3.094472689591995e-06,1.3938584136150437e-09,2.9239724948469723e-10,1.4833487536663208e-09,-3.818875895497474e-10,6.751060170158719,1.0,True,0.16495907480738486,0.0,0.0,0.0,0.0,True,0.0,1.1014611641303463e-09,0.0,0.0,0.0,True,4.5303111317400904e-07,1.4833487536663756e-09,4.543478401786777e-07,3.8299752179099516e-10,3.8299752179099516e-10,True,1.8402996336711801e-16,1.1014611641190933e-09,2.0962538194327291e-16,-1.1329663856635909e-20,1.1329663856635909e-20,0.0,0.0,0.0,0.0,4.5303111317400904e-07,4.543478401786777e-07,3.8299752179099516e-10,3.8299752179099516e-10,
exp_right,22,600000,0.002,177,2.6119867843594364,development,128,k2_hidden,1,0,0.00014992921460501687,0.0016852404515497559,4.417370859381925e-11,2.5616227710809966e-07,7.09581435431261e-11,2.678443494930686e-11,4.687328466268493e-11,-2.699576053129751e-12,6.486385735473844,1.0,True,0.2665201690749875,0.0,0.0,0.0,0.0,True,0.0,4.417370859381925e-11,0.0,0.0,0.0,True,2.3444138938012365e-08,4.687328466848305e-11,2.3431418749153827e-08,2.6986223167041444e-12,2.6986223167041444e-12,True,2.8686604490843e-16,4.417370862559495e-11,2.8138236131054416e-16,1.6155837457234565e-20,1.6155837457234565e-20,0.0,0.0,0.0,0.0,2.3444138938012365e-08,2.3431418749153827e-08,2.6986223167041444e-12,2.6986223167041444e-12,exponential
exp_left,22,600000,0.002,177,13.649519383995864,development,128,k2_hidden,1,0,0.0005812310570466028,0.0018555398676192868,-4.441502166000591e-11,3.0037138579754254e-07,5.0649704526115444e-11,9.506472618612136e-11,-5.224392422908475e-11,7.828902547877267e-12,9.299441863596142,1.0,True,0.33689163822522655,0.0,0.0,0.0,0.0,True,0.0,-4.441502166000591e-11,0.0,0.0,0.0,True,4.0995657267217526e-08,-5.224392425428161e-11,4.097763732640593e-08,-7.825198211815318e-12,7.825198211815318e-12,True,4.66752850724412e-16,-4.441502170039551e-11,1.617048195202465e-16,-1.7112936832663152e-20,1.7112936832663152e-20,0.0,0.0,0.0,0.0,4.0995657267217526e-08,4.097763732640593e-08,-7.825198211815318e-12,7.825198211815318e-12,exponential
gauss_left,22,600000,0.002,177,0.3713011646461742,development,128,k2_hidden,1,0,0.0062299113440824555,0.00346727814205503,9.355895766715605e-10,5.467123753960035e-06,1.6103337297148574e-09,6.74744153043297e-10,9.579622196840187e-10,-2.2372643030766753e-11,11.270606831412955,1.0,True,0.3683107583934799,0.0,0.0,0.0,0.0,True,0.0,9.355895766715605e-10,0.0,0.0,0.0,True,1.474442978195073e-07,9.579622197208843e-10,1.4864129793985e-07,2.253892479683107e-11,2.253892479683107e-11,True,5.716071792600921e-16,9.355895767439171e-10,5.749018594059211e-16,6.094808822729248e-20,6.094808822729248e-20,0.0,0.0,0.0,0.0,1.474442978195073e-07,1.4864129793985e-07,2.253892479683107e-11,2.253892479683107e-11,gaussian
gauss_right,22,600000,0.002,177,0.23748502306292393,development,128,k2_hidden,1,0,0.037864105251124915,0.0042497213935596845,1.862721511552306e-09,1.2729017405895855e-05,2.2412045637666237e-09,3.7848305221431774e-10,1.8826060715201822e-09,-1.9884560013964378e-11,17.550595721623036,1.0,True,0.07779515585875645,0.0,0.0,0.0,0.0,True,0.0,1.862721511552306e-09,0.0,0.0,0.0,True,4.694553889965163e-08,1.8826075936134572e-09,4.866649857801387e-08,2.0644561306567855e-11,2.0644561306567855e-11,True,4.1409052460241114e-16,1.8627215115463383e-09,1.826711646773998e-15,1.7170841344876582e-19,1.7170841344876582e-19,0.0,0.0,0.0,0.0,4.694553889965163e-08,4.866649857801387e-08,2.0644561306567855e-11,2.0644561306567855e-11,gaussian
bump_left,22,600000,0.002,177,0.44348186274361356,development,128,k2_hidden,1,0,0.023117964386292274,0.0031842008983079414,3.551378125003839e-10,4.152074199530461e-06,1.3149613115498048e-09,9.598234990494208e-10,3.5357653091008265e-10,1.5612815484747798e-12,9.847522980976695,1.0,True,0.38752350231892885,0.0,0.0,0.0,0.0,True,0.0,3.551378125003839e-10,0.0,0.0,0.0,True,1.5484081310140097e-07,3.5357652435522937e-10,1.551398979675259e-07,-1.5693564344393746e-12,1.5693564344393746e-12,True,1.033229994295417e-15,3.5513781243250646e-10,5.84537624398718e-16,3.6714332041440636e-20,3.6714332041440636e-20,0.0,0.0,0.0,0.0,1.5484081310140097e-07,1.551398979675259e-07,-1.5693564344393746e-12,1.5693564344393746e-12,compact_bump
bump_right,22,600000,0.002,177,0.32889495195335533,development,128,k2_hidden,1,0,0.021058587334933734,0.0036181406661449627,1.7024206712212232e-10,1.7448684747070739e-06,3.2898298012047997e-10,1.5874091299835767e-10,1.7968250398974148e-10,-9.440436883406445e-12,14.58009467284326,1.0,True,0.33172903698076406,0.0,0.0,0.0,0.0,True,0.0,1.7024206712212232e-10,0.0,0.0,0.0,True,2.395295484018834e-08,1.7967524819033482e-10,2.4181682038637936e-08,9.535996040501235e-12,9.535996040501235e-12,True,2.0243956325341095e-16,1.7024206711921274e-10,2.500142939990538e-16,-3.196711913931484e-20,3.196711913931484e-20,0.0,0.0,0.0,0.0,2.395295484018834e-08,2.4181682038637936e-08,9.535996040501235e-12,9.535996040501235e-12,compact_bump
step_left,22,600000,0.002,177,0.9128852702404965,development,128,k2_hidden,1,0,0.0011512170335241825,0.0021545056991936714,8.910534424670665e-11,1.9268810989345937e-06,2.36741075141498e-10,1.4763573089479138e-10,8.765397890327396e-11,1.4513653676944449e-12,4.4237779402870965,1.0,True,0.08378302758508321,0.0,0.0,0.0,0.0,True,0.0,8.910534424670665e-11,0.0,0.0,0.0,True,6.214997742923538e-09,8.765397892339679e-11,6.3372411397727785e-09,-1.478424453964912e-12,1.478424453964912e-12,True,1.3518605554165712e-16,8.910534426339845e-11,9.048562964739994e-16,-6.106294015234392e-20,6.106294015234392e-20,0.0,0.0,0.0,0.0,6.214997742923538e-09,6.3372411397727785e-09,-1.478424453964912e-12,1.478424453964912e-12,tanh_step
step_right,22,600000,0.002,177,0.9636241118102141,development,128,k2_hidden,1,0,0.0072401961989044545,0.0022917131736759255,4.828996597058748e-10,3.7604131032097442e-06,7.272391670279536e-10,2.443395073220787e-10,4.822761684017288e-10,6.234913152621276e-13,4.944232960379369,1.0,True,0.10141849103142497,0.0,0.0,0.0,0.0,True,0.0,4.828996597058748e-10,0.0,0.0,0.0,True,5.052718468153539e-08,4.8227616652857e-10,5.007026906067e-08,-6.148042155546294e-13,6.148042155546294e-13,True,1.266823315017302e-16,4.828996597041904e-10,1.9797899796144628e-16,-1.0260105304594463e-20,1.0260105304594463e-20,0.0,0.0,0.0,0.0,5.052718468153539e-08,5.007026906067e-08,-6.148042155546294e-13,6.148042155546294e-13,tanh_step
kink_abs,22,600000,0.002,177,0.6214766720163144,development,128,k2_hidden,1,0,0.00381762454999414,0.002133633598797012,1.0295281938766055e-13,1.0467296298462919e-06,2.2968479308556315e-10,2.2958184026617548e-10,5.7251747831006224e-12,-5.622221950824072e-12,7.903854222657022,1.0,True,0.34105131885550793,0.0,0.0,0.0,0.0,True,0.0,1.0295281938766055e-13,0.0,0.0,0.0,True,1.1931583430251628e-08,5.725174766396341e-12,1.1943211070392164e-08,5.72382223054609e-12,5.72382223054609e-12,True,1.1539497392050867e-16,1.0295281188400144e-13,2.667246698846537e-16,-3.3235275811757715e-20,3.3235275811757715e-20,0.0,0.0,0.0,0.0,1.1931583430251628e-08,1.1943211070392164e-08,5.72382223054609e-12,5.72382223054609e-12,kink
kink_relu,22,600000,0.002,177,0.2041432706959443,development,128,k2_hidden,1,0,0.0035275922102592575,0.0018141264386268188,8.266872152912036e-11,8.678260911422939e-07,2.1790809525013613e-10,1.3523937372101576e-10,8.114693499309952e-11,1.5217865665788692e-12,5.78250836274728,1.0,True,0.190686060321224,0.0,0.0,0.0,0.0,True,0.0,8.266872152912036e-11,0.0,0.0,0.0,True,2.1304371854410213e-08,8.114693501610618e-11,2.138769661790816e-08,-1.5260206904067375e-12,1.5260206904067375e-12,True,4.582568478784662e-16,8.266872156962481e-11,4.68394612822444e-16,3.828397501714352e-20,3.828397501714352e-20,0.0,0.0,0.0,0.0,2.1304371854410213e-08,2.138769661790816e-08,-1.5260206904067375e-12,1.5260206904067375e-12,kink
sine,0,600000,0.002,177,1.0,development,128,k2_hidden,10,0,0.7772933255626819,0.001695902743941996,1.56906736328904e-07,0.0005283906485920619,1.7591251796759037e-07,1.900578163868636e-08,1.6809777505824898e-07,-1.1191038729321261e-08,4.487633251864748,10.0,True,0.023643952670693514,3.208938724152017e-10,4.614640948558674e-07,3.208938724152017e-10,3.208938724152017e-10,True,2.6432394083297953e-07,1.5687233731326625e-07,8.759796060891883e-08,3.068944811375336e-10,1.399939127766806e-11,True,1.6849710121687528e-05,1.6801655621734388e-07,1.4809337672345008e-05,1.011971442082647e-08,9.798820548411268e-09,True,5.496226507206628e-07,1.565228064809565e-07,4.6812888238778975e-07,-6.31941066914467e-12,3.2721328308434633e-10,5.164585172152335e-07,4.614640948558674e-07,0.0,3.208938724152017e-10,1.6858771557551387e-05,1.4813320731875593e-05,1.0125573157479966e-08,9.804679285064764e-09,
runge,0,600000,0.002,177,1.0,development,128,k2_hidden,10,0,0.04769425015094549,0.0019617076891161878,7.1729760171601e-09,5.9616986568181905e-05,1.3720582526306253e-08,6.547606509146153e-09,7.21113977330154e-09,-3.816375616426752e-11,5.191577317392002,10.0,True,0.10885612810307525,1.4689823466633132e-12,4.502245596562503e-08,1.4689823466633132e-12,1.4689823466633132e-12,True,1.2270301701590238e-09,7.172735879099887e-09,5.847530576987774e-10,1.3502732917285012e-12,1.1870905493481197e-13,True,1.118583215313192e-06,7.210918685632115e-09,1.13952796669714e-06,4.023265556790079e-11,3.876367322123748e-11,True,4.4780004915008284e-08,7.171187198170691e-09,4.4749826059887755e-08,-1.9102095535748633e-13,1.6600033020207995e-12,4.487265933985734e-08,4.502245596562503e-08,0.0,1.4689823466633132e-12,1.118105940717526e-06,1.138827889923452e-06,4.0388900325952763e-11,3.891991797928945e-11,
moment3,0,600000,0.002,177,1.0,development,128,k2_hidden,10,0,0.0063685202231014894,0.003790462739155723,4.833199795000988e-09,6.2909249844382305e-06,5.062469914059648e-09,2.2927011905865954e-10,5.8193590117672375e-09,-9.86159216739582e-10,19.316865848356,10.0,True,0.2776430965264151,1.4313093244455723e-10,1.6538335055580816e-07,1.4313093244455723e-10,1.4313093244455723e-10,True,4.0033159933188097e-11,4.83320608403169e-09,1.544336589797965e-11,1.4312377202215466e-10,7.16042240256885e-15,True,1.067410453347683e-06,5.824713411999983e-09,1.073045209903015e-06,1.1399654103912105e-09,9.968344779466532e-10,True,1.735330703056353e-07,4.677537524283804e-09,1.7359419378928346e-07,-1.2603485974239818e-11,1.5573441841879704e-10,1.656644377258093e-07,1.6538335055580816e-07,0.0,1.4313093244455723e-10,1.0722280500223036e-06,1.0780914398946073e-06,1.1465537821652472e-09,1.00342284972069e-09,
moment5,0,600000,0.002,177,1.0,development,128,k2_hidden,10,0,0.7499971640759113,0.0014083423702649569,4.0216890592250454e-11,2.1046249281324486e-07,9.762122303926265e-11,5.740433244701219e-11,4.522007378478988e-11,-5.003183133049635e-12,3.5773955978012086,10.0,True,0.04527927254833901,8.889067298296141e-14,2.5313331446357613e-10,8.889067298296141e-14,8.889067298296141e-14,True,1.1942420571491546e-13,4.021684532968105e-11,4.1332580162528626e-15,8.88894677651439e-14,1.2052178175129124e-18,True,1.4240788669731905e-08,4.522003618304179e-11,1.4242278667979134e-08,5.0925891729626636e-12,5.003698499979702e-12,True,2.5314689198004943e-10,4.0127966663816025e-11,2.5313339652385633e-10,1.3704897376637037e-18,8.888930249322374e-14,2.531450207711033e-10,2.5313331446357613e-10,0.0,8.889067298296141e-14,1.424079081549101e-08,1.4242279251564958e-08,5.09258838239858e-12,5.0036977094156185e-12,
moment9,0,600000,0.002,177,1.0,development,128,k2_hidden,10,0,0.750000893698102,0.0014050341890293123,-1.6660167272468802e-11,1.1338792412145838e-07,3.662490277448981e-11,5.328507004695862e-11,-1.7918739623238968e-11,1.258572336426242e-12,3.579044098755379,10.0,True,0.015166040129396265,-2.2156821292214897e-14,6.246205446761714e-11,2.2156821292214897e-14,-2.2156821292214897e-14,True,1.5544264889702546e-14,-1.666017508117462e-11,2.81359417163791e-15,-2.2157833175958576e-14,1.0118837436791008e-18,True,3.553708942407954e-09,-1.791874593711205e-11,3.5532601027324003e-09,-1.2805720704818287e-12,1.2584152491896137e-12,True,6.246263655286955e-11,-1.6638014191980356e-11,6.246313467312454e-11,1.5946806953640962e-18,2.2158415972910262e-14,6.245834735557988e-11,6.246205446761714e-11,0.0,2.2156821292214897e-14,3.5537122212141106e-09,3.553261130239972e-09,-1.2805736104164398e-12,1.2584167891242248e-12,
mixed_sine,0,600000,0.002,177,0.8100925873009825,development,128,k2_hidden,10,0,0.32240365584037,0.0027718075060640043,1.719041745068145e-08,0.00012048103474157979,2.5173895243531406e-08,7.983477792849956e-09,1.925285122073225e-08,-2.0624337701967953e-09,6.8832954073006425,10.0,True,0.21101907714934443,1.0956090553758697e-10,1.3180347699602444e-07,1.0956090553758697e-10,1.0956090553758697e-10,True,1.5796721649037036e-09,1.71900594218569e-08,3.802648072951584e-10,1.0952007581540267e-10,4.082972218430363e-14,True,2.486048965309597e-06,1.925312433466467e-08,2.488733308916433e-06,2.174351705700577e-09,2.06479080016299e-09,True,1.293251115661072e-07,1.70832364255422e-08,1.2823380083156049e-07,3.1351401947201962e-12,1.0642576534286678e-10,1.3216627216507404e-07,1.3180347699602444e-07,0.0,1.0956090553758697e-10,2.4817688395225404e-06,2.483728867009208e-06,2.1699535104581092e-09,2.060392604920522e-09,
localized_sine,0,600000,0.002,177,0.4822374526221915,development,128,k2_hidden,10,0,0.19314854884022944,0.003281181170392853,1.5139654155940103e-08,8.124760586987959e-05,2.5232046459190006e-08,1.00923923032499e-08,1.5577684723798492e-08,-4.380305677853532e-10,13.09526955115635,10.0,True,0.16202576557690004,2.6395848847996863e-11,1.3621374366303968e-07,2.6395848847996863e-11,2.6395848847996863e-11,True,1.5288367331670245e-09,1.513896659584876e-08,1.1051278032917342e-09,2.6041654897641233e-11,3.541939503556295e-13,True,1.9274762977576105e-06,1.557856248556953e-08,1.9576202958079357e-06,4.725704875087722e-10,4.4617463866077526e-10,True,1.344837085432086e-07,1.5108245303006877e-08,1.3473651916234432e-07,-4.661225030752873e-12,3.105707387874974e-11,1.3694078222264122e-07,1.3621374366303968e-07,0.0,2.6395848847996863e-11,1.926783532507211e-06,1.9575366704874443e-06,4.755336160295305e-10,4.491377671815336e-10,
chirp,0,600000,0.002,177,0.7001068817853702,development,128,k2_hidden,10,0,0.7347739038910922,0.0021733801641471468,3.009744699252142e-08,0.00022585447480964914,3.701736240502706e-08,6.919915412505637e-09,3.1276895151675026e-08,-1.1794481591280095e-09,9.32312761121626,10.0,True,0.10853625050613644,5.7827374074466804e-11,1.3188270522026682e-07,5.7827374074466804e-11,5.7827374074466804e-11,True,1.910798270490871e-08,3.00958185948215e-08,5.590560878121906e-09,5.711838490101554e-11,7.089891734512648e-13,True,3.3049868750269683e-06,3.1281152112073056e-08,3.302165134447298e-06,1.2426410225112878e-09,1.184813648436821e-09,True,1.2064824930991108e-07,3.0045365816114924e-08,1.23759914409595e-07,5.063717851361322e-12,5.2763656223105485e-11,1.3224251689200698e-07,1.3188270522026682e-07,0.0,5.7827374074466804e-11,3.299330459234175e-06,3.2974334362636705e-06,1.2331666073595458e-09,1.175339233285079e-09,
moment4,0,600000,0.002,177,1.0,development,128,k2_hidden,10,0,0.7499835146563557,0.001415619136919104,2.3201975775249584e-10,1.481405294833055e-06,4.461179537378734e-10,2.1409819598537755e-10,2.3684452629010974e-10,-4.8247685156226514e-12,3.5844104127996776,10.0,True,0.004129261726567288,8.685823429011571e-14,2.4650684496908766e-10,8.685823429011571e-14,8.685823429011571e-14,True,8.5853053074482e-12,2.320178193331585e-10,5.502119328822264e-13,8.67292055411276e-14,1.2902874898810748e-16,True,1.3720744610815773e-08,2.368429095995207e-10,1.3797743279018405e-08,4.938396165132971e-12,4.851537930842855e-12,True,2.470662390713918e-10,2.3193142401805134e-10,2.4651707740806984e-10,-1.915642056715322e-17,8.687739071068287e-14,2.4699912218626197e-10,2.4650684496908766e-10,0.0,8.685823429011571e-14,1.3720779295248857e-08,1.3797753407125716e-08,4.938415522123283e-12,4.851557287833167e-12,
blend_m010,0,600000,0.002,177,1.0,development,128,k2_hidden,10,0,0.749606036520919,0.0015120159209142576,2.993550124924892e-09,9.649700964689447e-06,4.337813383492908e-09,1.3442632585680169e-09,3.0595233304601068e-09,-6.597320555122426e-11,3.5967122971549537,10.0,True,0.05218597507529076,1.3890409335695066e-12,9.197649786230718e-09,1.3890409335695066e-12,1.3890409335695066e-12,True,1.5481344405406003e-10,2.9935146457010346e-09,2.232296034709697e-11,1.3839757002427063e-12,5.065233326800275e-15,True,4.3852634100478707e-07,3.0594952924508906e-09,4.4155435795107057e-07,6.781316571622177e-11,6.642412478265227e-11,True,9.20167234745259e-09,2.9921369589015195e-09,9.197811187628698e-09,-1.4987540705226402e-16,1.3891908089765589e-12,9.200973372095213e-09,9.197649786230718e-09,0.0,1.3890409335695066e-12,4.38527001138492e-07,4.415545629708556e-07,6.781339052703531e-11,6.642434959346581e-11,
blend_p001,0,600000,0.002,177,1.0,development,128,k2_hidden,10,0,0.7500129637403425,0.0013994824409555566,-1.0430268847111714e-10,4.3255358531318554e-07,1.2146117315372693e-10,2.2576386162484407e-10,-1.1818643674900669e-10,1.3883748281695668e-11,3.582908572556025,10.0,True,0.09107428626522411,-2.4338131655199065e-13,6.769001152205173e-10,2.4338131655199065e-13,-2.4338131655199065e-13,True,2.7291155014833486e-13,-1.0430279210246852e-10,1.4895538674208013e-14,-2.433828994795057e-13,1.5829275150666354e-18,True,3.861419209252864e-08,-1.1818651100802323e-10,3.860630120772732e-08,-1.4124300753484566e-11,1.3880919436932576e-11,True,6.76878610029404e-10,-1.0405938052989966e-10,6.769023308201797e-10,1.8106788824108198e-18,2.4338312723087305e-13,6.768695518199418e-10,6.769001152205173e-10,0.0,2.4338131655199065e-13,3.8614202493290147e-08,3.860630474449798e-08,-1.412430349377493e-11,1.388092217722294e-11,
blend_p010,0,600000,0.002,177,1.0,development,128,k2_hidden,10,0,0.750046431618941,0.0013763480101810501,1.4455026870640471e-11,3.4479809955388634e-06,1.4167637588976104e-09,1.4023087320269697e-09,-1.2432396036018882e-10,1.3877898723884845e-10,3.6462895320599804,10.0,True,0.11716704849319552,-2.387835815850317e-12,5.300469807780958e-09,2.387835815850317e-12,-2.387835815850317e-12,True,1.9710120449409043e-11,1.4447951068418122e-11,2.3579740203892082e-12,-2.388102427711091e-12,2.6661186077398877e-16,True,3.078786424512412e-07,-1.2433175325789754e-10,3.0796999817110925e-07,-1.4120911341686157e-10,1.3882127760101126e-10,True,5.299005839951853e-09,1.683548429879397e-11,5.300471723505231e-09,-7.42510038662495e-18,2.3878283907499302e-12,5.298981355165346e-09,5.300469807780958e-09,0.0,2.387835815850317e-12,3.078786730270148e-07,3.0797000809191313e-07,-1.412091074892006e-10,1.3882127167335028e-10,
blend_p030,0,600000,0.002,177,1.0,development,128,k2_hidden,10,0,0.6899488167234984,0.0021824991931822116,1.1180054566135362e-08,3.1049984075945135e-05,1.4119112865033206e-08,2.9390582988978433e-09,1.4830252213772884e-08,-3.6501976476491723e-09,6.751231545840154,10.0,True,0.15060682121522723,1.656085344689551e-10,1.9982909722158955e-07,1.656085344689551e-10,1.656085344689551e-10,True,2.340005214021445e-09,1.1179748852144884e-08,3.139634489822166e-10,1.6556658036020918e-10,4.195410874593024e-14,True,4.330677795878939e-06,1.4830340410677493e-08,4.343487566222266e-06,3.8274748097968105e-09,3.6618662753278555e-09,True,1.9972077052876146e-07,1.1010926757834695e-08,2.000655209107205e-07,-3.039117083223949e-12,1.6864765155217907e-10,1.9934210245088505e-07,1.9982909722158955e-07,0.0,1.656085344689551e-10,4.331139254682226e-06,4.343850094252181e-06,3.829975217984436e-09,3.6643666835154807e-09,
exp_right,22,600000,0.002,177,2.6119867843594364,development,128,k2_hidden,10,0,0.00014992606727157263,0.0016852408502351613,4.428591141205686e-10,2.561427769393114e-06,7.123219081163389e-10,2.694627939957704e-10,4.685336469747905e-10,-2.5674532839861142e-11,6.486397503116071,10.0,True,0.2426822733658284,1.1225833449018286e-12,7.713440573897867e-09,1.1225833449018286e-12,1.1225833449018286e-12,True,2.4086207604829067e-11,4.4285610144178993e-10,2.962219005443877e-12,1.1221317117102786e-12,4.516331915500091e-16,True,2.2677308368332517e-07,4.685748684657179e-10,2.2664848034520282e-07,2.6832264957113214e-11,2.5709681612211384e-11,True,8.149771582619208e-09,4.4153273885207083e-10,8.140227183142483e-09,-2.003074659759166e-13,1.3228908108777452e-12,7.718035280221754e-09,7.713440573897867e-09,0.0,1.1225833449018286e-12,2.2685628775202125e-07,2.267353019646123e-07,2.698622302228016e-11,2.5863639677378332e-11,exponential
exp_left,22,600000,0.002,177,13.649519383995864,development,128,k2_hidden,10,0,0.0005812221162738138,0.0018555394656654236,-4.4636888514808547e-10,3.0045941194574236e-06,5.073095120875233e-10,9.536783972356088e-10,-5.225321560507753e-10,7.616327086179689e-11,9.299463393182974,10.0,True,0.31432362202022635,-2.2131768131478042e-12,1.2885393734231103e-08,2.2131768131478042e-12,-2.2131768131478042e-12,True,9.666036811569343e-11,-4.463763279436699e-10,3.176926214770021e-12,-2.2133609678729508e-12,1.8415472514654312e-16,True,3.970048167053667e-07,-5.225116894761883e-10,3.9683914239555206e-07,-7.831837137769898e-11,7.610519456455118e-11,True,1.5054412188334453e-08,-4.442458313268109e-10,1.5014959794170517e-08,-8.955660944384529e-14,2.1236202037039588e-12,1.2888571824007832e-08,1.2885393734231103e-08,0.0,2.2131768131478042e-12,3.9753887502291774e-07,3.9737326363263376e-07,-7.825198165082069e-11,7.603880483767289e-11,exponential
gauss_left,22,600000,0.002,177,0.3713011646461742,development,128,k2_hidden,10,0,0.006229043813295619,0.0034672865765747528,9.370109299781451e-09,5.469432880313486e-05,1.614690435140853e-08,6.776795051627079e-09,9.574405001086608e-09,-2.0429570133370475e-10,11.27067886566484,10.0,True,0.3089131012761919,1.4421759708909885e-11,1.1376014787270023e-07,1.4421759708909885e-11,1.4421759708909885e-11,True,5.067391029163648e-10,9.369797600646627e-09,3.4874171290320015e-10,1.4254765758451668e-11,1.66993950458217e-13,True,1.3506906173903107e-06,9.575445871945762e-09,1.3627407474475659e-06,2.215757461017575e-10,2.071539863928476e-10,True,1.2839868510905132e-07,9.350266487831492e-09,1.2832961605264786e-07,-5.273040075016159e-12,1.9694799783926042e-11,1.1369072571520159e-07,1.1376014787270023e-07,0.0,1.4421759708909885e-11,1.3625723553722471e-06,1.3741482057773672e-06,2.2538924785338223e-10,2.1096748814447234e-10,gaussian
gauss_right,22,600000,0.002,177,0.23748502306292393,development,128,k2_hidden,10,0,0.03786147524891726,0.0042497381765262245,1.8645688050945948e-08,0.00012729200436222238,2.2435315034121025e-08,3.789626983175075e-09,1.8831403480233533e-08,-1.8571542928410575e-10,17.550879388361004,10.0,True,0.06820533014593241,1.9088798766804053e-11,4.230760350107785e-08,1.9088798766804053e-11,1.9088798766804053e-11,True,6.7403461783702426e-09,1.8645729862625762e-08,5.450372024893945e-10,1.899479043749119e-11,9.400832931286414e-14,True,4.353803157444806e-07,1.883276838213839e-08,4.533138891287794e-07,2.1280913567033658e-10,1.9372033690353253e-10,True,3.360280626761019e-08,1.8633042079712374e-08,3.209052955986778e-08,5.468530462515421e-12,1.3620268304288631e-11,4.172376867370414e-08,4.230760350107785e-08,0.0,1.9088798766804053e-11,4.47217349386125e-07,4.642536001177484e-07,2.0644561261646875e-10,1.873568138496647e-10,gaussian
bump_left,22,600000,0.002,177,0.44348186274361356,development,128,k2_hidden,10,0,0.02311739212791899,0.003184204092109042,3.5489389127117163e-09,4.151218873210888e-05,1.3182870703143296e-08,9.633931790431579e-09,3.5347715665325118e-09,1.416734606667339e-11,9.847529913487897,10.0,True,0.33290530001690277,-2.5065723230750946e-12,1.1642002631410264e-07,2.5065723230750946e-12,-2.5065723230750946e-12,True,6.045430818904154e-10,3.54863292094829e-09,2.0773762304039855e-10,-2.663621506688663e-12,1.570491836135686e-13,True,1.432156852838952e-06,3.534910730863639e-09,1.4351508910799433e-06,-1.6465093115725163e-11,1.3958520792650068e-11,True,1.1717586622049526e-07,3.5500388452306796e-09,1.1717996140921594e-07,-1.2567026110114289e-12,1.2498697120636657e-12,1.1652645337844086e-07,1.1642002631410264e-07,0.0,2.5065723230750946e-12,1.432703012872657e-06,1.4357708687038836e-06,-1.5693564948476586e-11,1.3186992625401491e-11,compact_bump
bump_right,22,600000,0.002,177,0.32889495195335533,development,128,k2_hidden,10,0,0.02105854475272844,0.003618142205103455,1.70920055931077e-09,1.7446433472097923e-05,3.29743484639379e-09,1.5882342870830202e-09,1.7973017407105232e-09,-8.810118124334823e-11,14.580112002701581,10.0,True,0.2792649639870562,6.8636278282949914e-12,1.7496426053812552e-08,6.8636278282949914e-12,6.8636278282949914e-12,True,2.429389817499292e-10,1.709211755861236e-09,1.6496850945897053e-11,6.861626986180261e-12,2.0008421147302427e-15,True,2.2189602909558954e-07,1.797612577696785e-09,2.242233663483431e-07,9.626670935157548e-11,8.940308152328049e-11,True,1.7164126858707206e-08,1.7029072251811948e-09,1.7095163687728537e-08,5.298532804486804e-13,6.333774547846311e-12,1.755151050020517e-08,1.7496426053812552e-08,0.0,6.8636278282949914e-12,2.2199002413611864e-07,2.2432976762100726e-07,9.535996143083146e-11,8.849633360253647e-11,compact_bump
step_left,22,600000,0.002,177,0.9128852702404965,development,128,k2_hidden,10,0,0.0011511676441330963,0.0021545065003276648,8.902393380415223e-10,1.9268076649376732e-05,2.367592694192278e-09,1.4773533561507557e-09,8.766623164898711e-10,1.3577021558622438e-11,4.4237754840475985,10.0,True,0.07297421872986429,-8.137512145279708e-13,3.4915908837812896e-09,8.137512145279708e-13,-8.137512145279708e-13,True,8.470570263664888e-11,8.902262451981704e-10,3.719838713452266e-11,-8.174761769985275e-13,3.724962470556677e-15,True,5.82704447183566e-08,8.766207754256165e-10,5.945152143269896e-08,-1.468328009996608e-11,1.386952888543811e-11,True,3.955290407686053e-09,8.91151913668466e-10,3.996193386395498e-09,1.1854708647187036e-13,9.322983009998412e-13,3.523927698312957e-09,3.4915908837812896e-09,0.0,8.137512145279708e-13,5.8650150748589224e-08,5.988550465266076e-08,-1.478424445653461e-11,1.3970493242006639e-11,tanh_step
step_right,22,600000,0.002,177,0.9636241118102141,development,128,k2_hidden,10,0,0.007240012816124744,0.002291717519647562,4.8288712960158135e-09,3.7603679120779346e-05,7.267212202800722e-09,2.438340906784908e-09,4.822748758074525e-09,6.1225379115887554e-12,4.944271980158652,10.0,True,0.0983468728392495,-8.078029690890472e-14,1.3058233546317006e-08,8.078029690890472e-14,-8.078029690890472e-14,True,4.747052656294118e-10,4.828795455353344e-09,1.7536220527621704e-10,-1.1116313940590612e-13,3.03828424970014e-14,True,4.918133607982413e-07,4.822661362218454e-09,4.873500404448397e-07,-6.158447731227208e-12,6.0776674343183035e-12,True,1.3781800066135978e-08,4.828909494822922e-09,1.3652519839886201e-08,2.6127880351569032e-15,8.339308494406163e-14,1.3042927541405003e-08,1.3058233546317006e-08,0.0,8.078029690890472e-14,4.92374791130228e-07,4.877798470022652e-07,-6.148042357073139e-12,6.067262060164235e-12,tanh_step
kink_abs,22,600000,0.002,177,0.6214766720163144,development,128,k2_hidden,10,0,0.003817584900184918,0.0021336336066672713,7.973211378897913e-12,1.0475580578151993e-05,2.299300817687078e-09,2.29132760630818e-09,5.687300519395356e-11,-4.889979382840503e-11,7.903870116947383,10.0,True,0.25877239406001734,6.9606256516543405e-12,1.3240447802396885e-08,6.9606256516543405e-12,6.9606256516543405e-12,True,2.6767606994607865e-10,7.93199217107594e-12,2.6642378347248383e-11,6.956929423637571e-12,3.696228016769211e-15,True,1.045032184237212e-07,5.692178315095956e-11,1.0481353117729703e-07,5.69910926457927e-11,5.003046699413836e-11,True,1.5478616206708212e-08,5.886138421506648e-13,1.528023078733254e-08,-3.582995445047326e-13,7.318925196159073e-12,1.3287561169652797e-08,1.3240447802396885e-08,0.0,6.9606256516543405e-12,1.0611897829704993e-07,1.0626863790385318e-07,5.723822256061881e-11,5.027759690896447e-11,kink
kink_relu,22,600000,0.002,177,0.2041432706959443,development,128,k2_hidden,10,0,0.00352757958508777,0.0018141271818842204,8.25926122870203e-10,8.677360042040503e-06,2.1799348666250244e-09,1.3540087437548215e-09,8.116750012334975e-10,1.4251121698342995e-11,5.782494628177932,10.0,True,0.16679215373264603,-7.582782242270345e-13,7.746333492138471e-09,7.582782242270345e-13,-7.582782242270345e-13,True,9.101557076182899e-11,8.25909342026678e-10,2.117431110405611e-11,-7.610983223605156e-13,2.820098133481124e-15,True,2.051118770879802e-07,8.116174322134577e-10,2.059001860435495e-07,-1.509286854312169e-11,1.4334590318894654e-11,True,8.97927850047133e-09,8.268752194225663e-10,9.050720351463237e-09,2.0735183145574554e-13,9.656300556827801e-13,7.757968662992716e-09,7.746333492138471e-09,0.0,7.582782242270345e-13,2.0570794907434403e-07,2.0652045457520216e-07,-1.526020720413717e-11,1.4501928979910136e-11,kink
sine,0,600000,0.002,177,1.0,development,128,k2_hidden,1000,0,0.7666451559459813,0.0017129804074310104,1.7234570225343362e-05,0.055216759494741044,1.933462023655578e-05,2.10005001121242e-06,1.7496530276264044e-05,-2.6196005092076306e-07,4.5874672261017535,1000.0,True,0.0020609597531586624,1.0989641047334333e-06,0.0015393362563004612,1.0989641047334333e-06,1.0989641047334333e-06,True,0.002858685888219614,1.6456090968662548e-05,0.0009229883955185173,8.059790392316871e-07,2.9298506550174624e-07,True,0.0028550418305960386,1.65877716636821e-05,0.0009304374743121125,9.483959370463716e-07,1.505681676870617e-07,True,0.003305027057630731,1.5433026449712262e-05,0.0016621393194475882,-6.923179082980307e-08,1.1681958955632364e-06,0.002730922405759519,0.0015393362563004612,0.0,1.0989641047334333e-06,0.002270222429896598,0.0008005820715958337,1.0125573157484264e-06,8.640678898500698e-08,
runge,0,600000,0.002,177,1.0,development,128,k2_hidden,1000,0,0.047260971309760855,0.001962424614065167,7.240979249964471e-07,0.00595863301457284,1.4194304684836832e-06,6.953325434872363e-07,7.244946441479326e-07,-3.979644703989663e-10,5.202975669362107,1000.0,True,0.0017498421385853597,3.7604816545297485e-09,0.00010991668427178939,3.7604816545297485e-09,3.7604816545297485e-09,True,1.2584182149693945e-05,7.213013158734321e-07,5.823945549759554e-06,2.3344750181103197e-09,1.4260066364194288e-09,True,1.8212576339912123e-05,7.218162942787725e-07,1.7115387585417236e-05,2.9571027023889647e-09,8.033789521407838e-10,True,0.00010886556735381124,7.169145573088656e-07,0.0001077040559767755,-2.0273114511084917e-09,5.7877931056382406e-09,0.0001097189499711135,0.00010991668427178939,0.0,3.7604816545297485e-09,3.184826921409456e-05,2.407992182740096e-05,4.581248259521533e-09,8.207666049917848e-10,
moment3,0,600000,0.002,177,1.0,development,128,k2_hidden,1000,0,0.006353870733623246,0.0037910068667572077,5.489608012789939e-07,0.0006238699362435066,5.614350178584465e-07,1.2474216579452624e-08,5.513439458710643e-07,-2.383144591091385e-09,19.32817430044048,1000.0,True,0.002050491677905907,8.518036525980926e-08,0.00010644709991514843,8.518036525980926e-08,8.518036525980926e-08,True,1.149719994343834e-06,5.490348052821645e-07,9.355582592816952e-07,8.49823596499942e-08,1.9800560981506176e-10,True,3.2229001717983734e-06,5.519623782923795e-07,3.502140778996095e-06,8.852834908916112e-08,3.3479838293518516e-09,True,0.00013506389772491333,4.1266139867528625e-07,0.00013540297969348857,-5.141241033470125e-08,1.3659277559451052e-07,0.00011547474141199722,0.00010644709991514843,0.0,8.518036525980926e-08,5.801185229240936e-05,4.379388707442705e-05,1.1465537821569047e-07,2.9475012955881202e-08,
moment5,0,600000,0.002,177,1.0,development,128,k2_hidden,1000,0,0.7499971635034461,0.0014083467251486841,4.395100618044052e-09,2.1274463395098345e-05,9.832713357702592e-09,5.4376127396585394e-09,4.522510979519286e-09,-1.2741036109560207e-10,3.577392602675118,1000.0,True,0.000899426501231005,3.818486009315382e-10,1.0868355494557213e-06,3.818486009315382e-10,3.818486009315382e-10,True,1.3179572923991505e-09,4.394639310834924e-09,6.608158623709331e-11,3.8182312655247645e-10,2.547437906172943e-14,True,3.6240355317329377e-07,4.5220832750593746e-09,3.626989747025971e-07,5.092674024429389e-10,1.2741880151140073e-10,True,1.0869867840000505e-06,4.012882795526225e-09,1.0868361302393975e-06,1.5095611313215097e-14,3.8183350532022495e-10,1.086969891268346e-06,1.0868355494557213e-06,0.0,3.818486009315382e-10,3.624299678301333e-07,3.627056572893406e-07,5.092588392263594e-10,1.2741023829482126e-10,
moment9,0,600000,0.002,177,1.0,development,128,k2_hidden,1000,0,0.7500008934902598,0.0014050324462490439,-1.7594404356212805e-09,1.136428134174818e-05,3.607886550157817e-09,5.367326985779098e-09,-1.7916724087487866e-09,3.223197363768098e-11,3.5790443460404417,1000.0,True,0.00021371958780349952,-9.581425276245577e-11,2.705513869142015e-07,9.581425276245577e-11,-9.581425276245577e-11,True,1.6559212039450164e-10,-1.7595159546783759e-09,2.944548160722508e-11,-9.582271974709571e-11,8.46698463993674e-15,True,9.10591161646623e-08,-1.7917412261392155e-09,9.100951510187884e-08,-1.280401316722175e-10,3.2225878909761737e-11,True,2.705570465361803e-07,-1.6636675684562866e-09,2.705618330866777e-07,1.7718754474502586e-14,9.583197151693028e-11,2.705257580476587e-07,2.705513869142015e-07,0.0,9.581425276245577e-11,9.110846564117439e-08,9.102072740087702e-08,-1.280573605532553e-10,3.224310779079953e-11,
mixed_sine,0,600000,0.002,177,0.8100925873009825,development,128,k2_hidden,1000,0,0.32224809775775554,0.0027737330199512217,1.942704304668222e-06,0.012065667263656312,2.629558985839332e-06,6.868546811711096e-07,1.9682950667243813e-06,-2.5590762057433768e-08,6.874778453076258,1000.0,True,0.008507639148987129,2.345714257906333e-07,0.0002802407929451857,2.345714257906333e-07,2.345714257906333e-07,True,2.1589459062754074e-05,1.9337503939690904e-06,5.500805147902605e-06,2.3248962783854383e-07,2.081797952089474e-09,True,2.7002330502767982e-05,1.960697291470849e-06,3.196495999823049e-05,2.6065757024764917e-07,2.6086144457015865e-08,True,0.0002562084516546236,1.7313876640132497e-06,0.0002443335733381406,3.121167971737779e-08,2.033597460732555e-07,0.0002842210986738566,0.0002802407929451857,0.0,2.345714257906333e-07,2.7503931422026144e-05,2.4162538656756772e-05,2.169953510456624e-07,1.7576074744970905e-08,
localized_sine,0,600000,0.002,177,0.4822374526221915,development,128,k2_hidden,1000,0,0.19291983840603677,0.003282734243239016,1.5682125003187748e-06,0.008154344083088561,2.607760500620069e-06,1.0395480003012939e-06,1.5695248714713009e-06,-1.349631911041283e-09,13.126938956123976,1000.0,True,0.006979723431799384,2.1938786474834878e-08,0.00024023009790807894,2.1938786474834878e-08,2.1938786474834878e-08,True,1.6187452673731235e-05,1.5599924379317497e-06,1.1379551018370625e-05,1.7454304798410907e-08,4.4844816764239715e-09,True,1.5705009529561926e-05,1.562773203107582e-06,1.621492865531104e-05,2.113977288423164e-08,7.990135906032386e-10,True,0.0002136555036085728,1.4970797337511601e-06,0.00021267043687635113,-4.5423142749822346e-08,6.736192922465722e-08,0.00025930392053118953,0.00024023009790807894,0.0,2.1938786474834878e-08,0.0001576051740646373,0.0001307128253445467,5.0498250641407706e-08,2.8559464166572828e-08,
chirp,0,600000,0.002,177,0.7001068817853702,development,128,k2_hidden,1000,0,0.7332450733394504,0.0021765341654464143,3.1840987462603348e-06,0.022560416291298565,3.92882363717473e-06,7.447248909143964e-07,3.2060632358957723e-06,-2.196448963559251e-08,9.41310255552683,1000.0,True,0.00825299254257948,1.8152377582579443e-07,0.00040094213212751325,1.8152377582579443e-07,1.8152377582579443e-07,True,0.0001811970875017638,3.1756794286185186e-06,5.808637873138187e-05,1.7378693935125295e-07,7.736836474541473e-09,True,0.00021347316943379107,3.2098074842504746e-06,0.00010072133643683466,2.0474046151874193e-07,2.32166856929475e-08,True,0.0003293039310305805,3.046399088738859e-06,0.00031511886553235035,4.1157647962810506e-08,1.403661278629839e-07,0.00041558436528678746,0.00040094213212751325,0.0,1.8152377582579443e-07,0.00029982372792942177,0.00026083737683594335,1.2331666073447739e-07,5.820711509131704e-08,
moment4,0,600000,0.002,177,1.0,development,128,k2_hidden,1000,0,0.749983487842801,0.0014156424844278053,2.357952845897384e-08,0.00014824101493590212,4.4639140949848035e-08,2.1059612490874198e-08,2.3700009848003022e-08,-1.20481389068414e-10,3.584438869786605,1000.0,True,6.624600490169877e-05,3.722104391111671e-10,1.0556979603206089e-06,3.722104391111671e-10,3.722104391111671e-10,True,9.462674561311513e-08,2.356022674729378e-08,6.146426075592239e-09,3.709952915279431e-10,1.215147583224002e-12,True,3.495905602516826e-07,2.3682081463620922e-08,3.4868700105456164e-07,4.936266079929146e-10,1.2141616888174749e-10,True,1.0643075533109595e-06,2.3190935139432904e-08,1.05580923011725e-06,-2.1267037055011076e-13,3.724231094817172e-10,1.0631508196942107e-06,1.0556979603206089e-06,0.0,3.722104391111671e-10,3.4761252892790515e-07,3.4878641077892953e-07,4.938415529845161e-10,1.2163111387334907e-10,
blend_m010,0,600000,0.002,177,1.0,development,128,k2_hidden,1000,0,0.7496047958742765,0.0015123177652891593,3.0483792502669754e-07,0.0009721882305652452,4.3187963051979125e-07,1.2704170549309377e-07,3.062607077078238e-07,-1.4227826811324306e-09,3.5971307524742877,1000.0,True,0.0002820668906189845,5.3714905989585314e-09,3.534534265441045e-05,5.3714905989585314e-09,5.3714905989585314e-09,True,1.6843569437310613e-06,3.044833107598038e-07,2.7794085561714094e-07,5.316056121033544e-09,5.5434477924987846e-11,True,9.544211498662212e-06,3.0593336123182863e-07,9.732714616481066e-06,6.77884390887427e-09,1.4073533099157382e-09,True,3.5414397424643566e-05,2.991983482532389e-07,3.5347149776063634e-05,-1.6632108348379086e-12,5.373153809793369e-09,3.5405107239579986e-05,3.534534265441045e-05,0.0,5.3714905989585314e-09,9.541897784590462e-06,9.734755258489443e-06,6.781339053818552e-09,1.4098484548600207e-09,
blend_p001,0,600000,0.002,177,1.0,development,128,k2_hidden,1000,0,0.7500129613737793,0.0013994710854793539,-1.1459778891362293e-08,4.404917577560227e-05,1.1660312034257045e-08,2.3120090925619337e-08,-1.1817519140674758e-08,3.57740249152554e-10,3.582918646586009,1000.0,True,0.0019741902294565508,-1.0548377649907694e-09,2.9340152430856347e-06,1.0548377649907694e-09,-1.0548377649907694e-09,True,3.0272208390826706e-09,-1.1460841653103592e-08,2.269888644597331e-10,-1.054918842782877e-09,8.107779210762081e-14,True,9.95320886224341e-07,-1.181845805557342e-08,9.942659266208578e-07,-1.4123997023388157e-09,3.5756193734804625e-10,True,2.9337775243736702e-06,-1.0405755148677902e-08,2.9340399964096997e-06,2.041573873313582e-14,1.0548581807295025e-09,2.933677728447041e-06,2.9340152430856347e-06,0.0,1.0548377649907694e-09,9.954397190154965e-07,9.94305317127595e-07,-1.412430349951829e-09,3.575925849610597e-10,
blend_p010,0,600000,0.002,177,1.0,development,128,k2_hidden,1000,0,0.7500462755212585,0.0013763392900091912,-8.705716832158621e-09,0.00035089363057095864,1.373065158443664e-07,1.4601223267652502e-07,-1.2339008047395128e-08,3.6332912152923816e-09,3.6465900209007835,1000.0,True,0.0027448397787267777,-1.0470555189866422e-08,2.3252771872212316e-05,1.0470555189866422e-08,-1.0470555189866422e-08,True,2.2890473177085282e-07,-8.796768137805514e-09,3.2257475227278175e-08,-1.0482844026232357e-08,1.2288836365934974e-11,True,8.084966029016753e-06,-1.2433802948841254e-08,8.0742574812195e-06,-1.4120976446013836e-08,3.6504212561474135e-09,True,2.323710744651392e-05,1.6829043135150174e-09,2.3252791576275756e-05,-8.233250788912714e-14,1.0470472857358534e-08,2.3236832736529488e-05,2.3252771872212316e-05,0.0,1.0470555189866422e-08,8.085228854092203e-06,8.074365711264605e-06,-1.4120910749940556e-08,3.650355560074133e-09,
blend_p030,0,600000,0.002,177,1.0,development,128,k2_hidden,1000,0,0.6898967303007328,0.0021839077605927443,1.4197474650988086e-06,0.003355432831391393,1.7464074176025196e-06,3.2665995250371104e-07,1.4534161902765613e-06,-3.3668725177875764e-08,6.770089406483022,1000.0,True,0.0023810454255866896,3.2011507165354034e-07,0.0004159209601557273,3.2011507165354034e-07,3.2011507165354034e-07,True,2.6620437230324567e-05,1.4151089645467961e-06,1.8728206007756787e-06,3.200296370589982e-07,8.543459454211674e-11,True,5.060435436280096e-05,1.449564026261311e-06,4.237604347657517e-05,3.562005247598412e-07,3.608545310630086e-08,True,0.0004108929954877301,1.0619131761749503e-06,0.00041314430138027854,-3.257052371645263e-08,3.5268559536999296e-07,0.0004095261530263959,0.0004159209601557273,0.0,3.2011507165354034e-07,8.692292618209423e-05,9.147205549564666e-05,3.8299752179804806e-07,6.288245014450772e-08,
exp_right,22,600000,0.002,177,2.6119867843594364,development,128,k2_hidden,1000,0,0.0001495848919955385,0.0016852854424800974,4.503510405007002e-08,0.00025193377864471064,7.599835384934164e-08,3.096324979927161e-08,4.5278047499047965e-08,-2.42943448642132e-10,6.487657735597984,1000.0,True,0.012710328784561022,8.676059003393734e-10,2.212841597599943e-05,8.676059003393734e-10,8.676059003393734e-10,True,2.398805017990447e-07,4.499729772993838e-08,3.715978704856021e-08,8.618306057929874e-10,5.7752945463860264e-12,True,2.4782878823191395e-06,4.5318389128020564e-08,2.5074638709577937e-06,1.1852636557537923e-09,3.176577554144189e-10,True,2.143320911979032e-05,4.216234224330153e-08,2.1376618258981527e-05,-1.969632594857571e-09,2.8372384951969443e-09,2.2234839258812268e-05,2.212841597599943e-05,0.0,8.676059003393734e-10,1.0131181788036542e-05,1.0058954615888687e-05,2.698622302764083e-09,1.8310164024247096e-09,exponential
exp_left,22,600000,0.002,177,13.649519383995864,development,128,k2_hidden,1000,0,0.000580253144031734,0.0018554877012047746,-5.221082953347788e-08,0.00027823499795341194,4.877261158301225e-08,1.0098344111649012e-07,-5.2868750978532756e-08,6.579214441199658e-10,9.301773626230062,1000.0,True,0.02540981226651229,-7.73508999063858e-09,4.0233108907279956e-05,7.73508999063858e-09,-7.73508999063858e-09,True,9.922507484763744e-07,-5.2239865527541156e-08,1.2050723320634046e-07,-7.744184976687742e-09,9.094986049161347e-12,True,3.6276438608351187e-06,-5.285912879877156e-08,3.7410458187106075e-06,-8.373788904024301e-09,6.386989133857212e-10,True,4.004951918839541e-05,-4.5218699606380983e-08,3.981410159342901e-05,-7.370616017342421e-10,6.998028388904338e-09,4.0601994202716986e-05,4.0233108907279956e-05,0.0,7.73508999063858e-09,2.518195410440421e-05,2.484984873434088e-05,-7.825198169663741e-09,9.010817902516059e-11,exponential
gauss_left,22,600000,0.002,177,0.3713011646461742,development,128,k2_hidden,1000,0,0.0061359080010463495,0.0034682053522740305,9.281458085774339e-07,0.005380734557201374,1.6194389726562026e-06,6.912931640787689e-07,9.282956879688688e-07,-1.498793922028366e-10,11.278526815084009,1000.0,True,0.013277873334486209,-5.1285685094450515e-09,0.00012968286412267668,5.1285685094450515e-09,-5.1285685094450515e-09,True,6.147902244982142e-06,9.243968594735728e-07,3.5582043376069394e-06,-7.144263014621138e-09,2.0156945051760867e-09,True,4.609917364849114e-06,9.249146118359738e-07,3.3201529103882546e-06,-6.385174804746968e-09,1.2566062953019164e-09,True,0.00018370602216874227,8.918135833313111e-07,0.00018236557212055135,-3.970667477729227e-08,3.457810626784722e-08,0.00014263096824724977,0.00012968286412267668,0.0,5.1285685094450515e-09,0.00015538427236300376,0.00014027624554225002,2.2538924782701718e-08,2.766749329214677e-08,gaussian
gauss_right,22,600000,0.002,177,0.23748502306292393,development,128,k2_hidden,1000,0,0.037574199993272786,0.004251619897686992,1.9003668488183868e-06,0.012736173475842312,2.288240747919237e-06,3.878738991008502e-07,1.9022521409449076e-06,-1.8852921260158246e-09,17.581850210622903,1000.0,True,0.0025429086164491846,4.445929264390136e-08,0.0001579174831390959,4.445929264390136e-08,4.445929264390136e-08,True,3.326877304459268e-05,1.900290182115216e-06,8.20928827316018e-06,4.2500172854104586e-08,1.959119789796773e-09,True,3.462115477912332e-05,1.9026999639611164e-06,8.932606676371092e-06,4.558442209236975e-08,1.1251294484683933e-09,True,5.100664882880946e-05,1.8787228178831222e-06,4.5465663326181146e-05,2.070514044858132e-08,2.3754152195320038e-08,0.00015083612028500535,0.0001579174831390959,0.0,4.445929264390136e-08,0.0001533175557905757,0.00016042716370274975,2.064456127109907e-08,2.381473137280229e-08,gaussian
bump_left,22,600000,0.002,177,0.44348186274361356,development,128,k2_hidden,1000,0,0.023055025885585573,0.0031845494958788593,3.4895270873061715e-07,0.004088480101596907,1.338292479312684e-06,9.89339770582067e-07,3.4896156854351806e-07,-8.859813021714125e-12,9.848476411303569,1000.0,True,0.009717865352836587,-6.933335266386362e-09,0.00016073462564826328,6.933335266386362e-09,-6.933335266386362e-09,True,8.477873123713467e-06,3.451553365591352e-07,3.2093759087631347e-06,-8.987038312433413e-09,2.0537030460470513e-09,True,8.333439423409435e-06,3.4549247637776683e-07,6.556910759525265e-06,-8.652207122510098e-09,1.7188718561237356e-09,True,0.00016074549073150107,3.429249453427501e-07,0.00015953703809178676,-1.1215711644191099e-08,4.2823763778047365e-09,0.00016276571274070127,0.00016073462564826328,0.0,6.933335266386362e-09,7.545045773901105e-05,7.29463595661717e-05,-1.5693564905013173e-09,5.363978775885045e-09,compact_bump
bump_right,22,600000,0.002,177,0.32889495195335533,development,128,k2_hidden,1000,0,0.02105391766652284,0.003618323570671832,1.830747689357717e-07,0.0017463652200914864,3.433385626906157e-07,1.6026379375484403e-07,1.8403966740403292e-07,-9.648984672387872e-10,14.581996647414329,1000.0,True,0.005429220839717038,1.3758467498676605e-08,3.086537770037885e-05,1.3758467498676605e-08,1.3758467498676605e-08,True,1.8628811573141418e-06,1.8314859048354487e-07,2.026828587316691e-07,1.3670736373436328e-08,8.773112524027737e-11,True,3.4522916436077074e-06,1.8436884435452677e-07,2.6257859651343777e-06,1.5000158626215517e-08,1.2416911275389118e-09,True,2.0630656970466578e-05,1.7296677149969534e-07,2.055878858372931e-05,3.4764948697000703e-09,1.0281972628976534e-08,3.052196269581375e-05,3.086537770037885e-05,0.0,1.3758467498676605e-08,1.8413356900797952e-05,1.9679915632800936e-05,9.535996131082354e-09,4.222471367594251e-09,compact_bump
step_left,22,600000,0.002,177,0.9128852702404965,development,128,k2_hidden,1000,0,0.0011457565792309338,0.00215459423272777,8.862263944268724e-08,0.0019232367565190556,2.36478899999085e-07,1.4785626055639777e-07,8.871239055060746e-08,-8.975110820747928e-11,4.423580525591183,1000.0,True,0.0067756102175766785,-4.785533733823605e-10,2.4414430088275594e-06,4.785533733823605e-10,-4.785533733823605e-10,True,1.026418352442794e-06,8.839005284057487e-08,4.1388873059930933e-07,-5.374015466800368e-10,5.884817329767625e-11,True,9.166481770276185e-07,8.844271938157588e-08,4.306552647835447e-07,-4.734998043403092e-10,5.053569042051313e-12,True,6.89803225303784e-06,9.006814281825336e-08,7.2923791206003764e-06,1.1800184359289513e-09,1.6585718093113117e-09,4.251559649360627e-06,2.4414430088275594e-06,0.0,4.785533733823605e-10,5.197397559290521e-06,4.215793921495276e-06,-1.478424446667259e-09,9.998710732848986e-10,tanh_step
step_right,22,600000,0.002,177,0.9636241118102141,development,128,k2_hidden,1000,0,0.007219961955951388,0.0022921947751879906,4.820844117244699e-07,0.0037548162025925393,7.10573076328918e-07,2.284886646044481e-07,4.819892249802441e-07,9.518674487297477e-11,4.948432297719741,1000.0,True,0.0018235765555767482,-3.2146652280163115e-10,3.969430351929968e-05,3.2146652280163115e-10,-3.2146652280163115e-10,True,5.330682206544639e-06,4.812622396917465e-07,1.991118634038271e-06,-6.432725069503812e-10,3.218059841487501e-10,True,8.127354045223958e-06,4.811260551430849e-07,7.038150412942955e-06,-7.694679939101166e-10,4.480014711084855e-10,True,4.719273111440677e-05,4.818710633674305e-07,4.583369243979955e-05,-3.499426490062853e-11,2.864722579010026e-10,3.990549972279937e-05,3.969430351929968e-05,0.0,3.2146652280163115e-10,1.4002292549604678e-05,1.1953239543821164e-05,-6.14804233205839e-10,2.9333771040420783e-10,tanh_step
kink_abs,22,600000,0.002,177,0.6214766720163144,development,128,k2_hidden,1000,0,0.0038132546157027747,0.0021336366523803415,3.0536862819234497e-09,0.0010436862010078855,2.290571809218176e-07,2.2600349463989414e-07,3.158452899648426e-09,-1.0476661786635414e-10,7.905589918905697,1000.0,True,0.002278330382689293,3.138475623216078e-09,8.823297940434287e-06,3.138475623216078e-09,3.138475623216078e-09,True,3.05665994057959e-06,2.4785148962429654e-09,4.822397245619752e-07,3.199883641040553e-09,6.140801782447525e-11,True,2.601601912123493e-06,2.608173354361782e-09,6.081589621566985e-07,3.503398462825161e-09,3.64922839609083e-10,True,2.007026857543328e-05,-4.007244446156125e-09,1.7986266286302582e-05,-3.2159287509121028e-09,6.354404374128181e-09,9.02146835960641e-06,8.823297940434287e-06,0.0,3.138475623216078e-09,1.5761379008385037e-05,1.6002474807798944e-05,5.723822254994241e-09,2.5853466317781633e-09,kink
kink_relu,22,600000,0.002,177,0.2041432706959443,development,128,k2_hidden,1000,0,0.0035262098196446774,0.0018142091933177266,8.283735962912359e-08,0.0008788624848598209,2.2021007138405043e-07,1.3737271175492686e-07,8.277033101534242e-08,6.70286141039879e-11,5.781076508461073,1000.0,True,0.015954738910741978,1.9987465323104746e-10,1.848884377719773e-05,1.9987465323104746e-10,1.9987465323104746e-10,True,8.414108521043049e-07,8.265320284102268e-08,2.0395591383862586e-07,1.7584977767031944e-10,2.402487556072802e-11,True,1.9148767511000347e-06,8.253043892722718e-08,1.2628825994690266e-06,5.980093056962632e-11,1.4007372266142114e-10,True,2.1174180172297276e-05,8.443210705483122e-08,2.173263244218098e-05,1.9666172106496806e-09,1.7667425574186333e-09,1.761398628690856e-05,1.848884377719773e-05,0.0,1.9987465323104746e-10,1.3236319611181267e-05,1.4050957639003635e-05,-1.5260207178324201e-09,1.7258953710634675e-09,kink
sine,0,600000,0.002,177,1.0,development,128,k2_hidden,10000,0,0.6033669734603508,0.001926117750834219,0.00023037191362855188,0.7268063414227014,0.0002515200626724973,2.1148149043945444e-05,0.00023084542136251072,-4.735077339587482e-07,5.89486541921955,10000.0,True,0.0013617035339453553,2.7518045154948414e-05,0.061004904329161794,2.7518045154948414e-05,2.7518045154948414e-05,True,0.2536293116130642,0.00014826239128943846,0.0723173109212066,4.2465304100737324e-06,2.3271514744874683e-05,True,0.25368302800037934,0.00014797307581031668,0.07230277973612094,4.43531071591937e-06,2.3082734439029043e-05,True,0.2571775902214188,0.0001359760463831934,0.07514334545830782,-6.160955907859406e-06,3.367900106280782e-05,0.19994669135890808,0.061004904329161794,0.0,2.7518045154948414e-05,0.19813774721822563,0.06015146199079433,1.0125573157484155e-05,1.7392471997464258e-05,
runge,0,600000,0.002,177,1.0,development,128,k2_hidden,10000,0,0.043540262752612975,0.001968968619177729,7.268103037557951e-06,0.05841280775931603,1.3815561335879614e-05,6.547458298321661e-06,7.267355648151655e-06,7.420079537326988e-10,5.303287190495969,10000.0,True,0.0029149384770927834,5.7851705080879665e-08,0.001584946375796478,5.7851705080879665e-08,5.7851705080879665e-08,True,0.0009407383996376125,7.039146862989955e-06,0.00038655778352915615,-5.4017822558622666e-08,1.1186952763950233e-07,True,0.0009410246267359872,7.038496769930967e-06,0.0003884531025001069,-5.2904593856816345e-08,1.10756298937696e-07,True,0.001858183385354527,6.9432249828275555e-06,0.001557376107862892,-1.4962917803507823e-07,2.0748088311595789e-07,0.002290789311529729,0.001584946375796478,0.0,5.7851705080879665e-08,0.00216147640935624,0.0011865983588036733,6.336120180030532e-08,5.5094967194256595e-09,
moment3,0,600000,0.002,177,1.0,development,128,k2_hidden,10000,0,0.006237358182259348,0.00379521657711647,4.758671160542829e-06,0.005089271451512481,4.962530800427997e-06,2.0385963988516837e-07,4.755734247575725e-06,2.9369129679606132e-09,19.425762300552357,10000.0,True,0.0021260256558563125,5.549328949850926e-07,0.0017658955120229756,5.549328949850926e-07,5.549328949850926e-07,True,9.507169605949777e-05,4.745076054741584e-06,6.818672924701446e-05,5.416005178060171e-07,1.3332377179075544e-08,True,9.491733120516648e-05,4.741423831113015e-06,6.806151495637092e-05,5.441556589011541e-07,1.0777236083938504e-08,True,0.0014344069048256077,3.231599971687926e-06,0.0014379088591888992,-9.726388051505231e-07,1.5275717001356157e-06,0.0033362957334765785,0.0017658955120229756,0.0,5.549328949850926e-07,0.003133615390510456,0.0015150367423853786,1.1465537821568629e-06,5.916208871717703e-07,
moment5,0,600000,0.002,177,1.0,development,128,k2_hidden,10000,0,0.7499971583063112,0.001408387471885153,4.5141837086883166e-08,0.00021356053312903195,9.861285952620395e-08,5.3471022439320775e-08,4.527156233652003e-08,-1.297252495287229e-10,3.5773703017478065,10000.0,True,7.507668920044771e-06,4.968235058925176e-09,1.41299977396518e-05,4.968235058925176e-09,4.968235058925176e-09,True,1.3215485829095756e-07,4.509790191798506e-08,9.606456762341913e-09,4.963524656069738e-09,4.710402855438435e-12,True,3.718350556675257e-07,4.522806364124694e-08,3.648419471745834e-07,5.093443116161398e-09,1.2520805723622193e-10,True,1.4145645005192304e-05,4.013664707932867e-08,1.413004366348196e-05,1.5083729148813244e-12,4.966726686010295e-09,1.4144772584010959e-05,1.41299977396518e-05,0.0,4.968235058925176e-09,4.063759906087675e-07,3.658942389286096e-07,5.092588392001119e-09,1.243533330759427e-10,
moment9,0,600000,0.002,177,1.0,development,128,k2_hidden,10000,0,0.7500008916069071,0.0014050163402825903,-1.7865406889071558e-08,0.00011358540514790522,3.586425462371234e-08,5.37296615127839e-08,-1.7898387688820726e-08,3.298079903933058e-11,3.5790454419594107,10000.0,True,7.743354469942875e-06,-1.245017576896917e-09,3.5214895299553737e-06,1.245017576896917e-09,-1.245017576896917e-09,True,1.641722297414082e-08,-1.7872406374534795e-08,2.9879865529105267e-09,-1.2459986671793426e-09,9.81090282425545e-13,True,9.546260596733264e-08,-1.7905299882924843e-08,9.318469603112521e-08,-1.2788517786447488e-09,3.383420174783178e-11,True,3.522030943582253e-06,-1.6624519404026372e-08,3.5224750303888923e-06,1.7707083448519993e-12,1.246788285241769e-09,3.522762466543898e-06,3.5214895299553737e-06,0.0,1.245017576896917e-09,1.9996511095566477e-07,9.618085868754415e-08,-1.2805736056066709e-09,3.5556028709753884e-11,
mixed_sine,0,600000,0.002,177,0.8100925873009825,development,128,k2_hidden,10000,0,0.3208996127239918,0.002793066632602635,2.127631695608192e-05,0.11911324438802276,2.732586730729448e-05,6.049550351212563e-06,2.1317287481311088e-05,-4.097052523406656e-08,6.820663595748002,10000.0,True,7.283312631609736e-05,4.1877511853571635e-06,0.004962877006162268,4.1877511853571635e-06,4.1877511853571635e-06,True,0.0019669610764976725,2.069813964754322e-05,0.0004439348479514224,4.151228040594742e-06,3.6523144762421643e-08,True,0.0019424072137211913,2.0753228262566613e-05,0.0004472781138189736,4.210969004355136e-06,2.3217818997972622e-08,True,0.004366250734094031,1.8027502277965468e-05,0.0032379471404266626,1.4837055210050908e-06,2.704045664352073e-06,0.005800625333817922,0.004962877006162268,0.0,4.1877511853571635e-06,0.003576117993688582,0.0024116708367761617,2.169953510456797e-06,2.0177976749003666e-06,
localized_sine,0,600000,0.002,177,0.4822374526221915,development,128,k2_hidden,10000,0,0.19114691506287168,0.0032954578524286627,1.429182168996595e-05,0.07906047428368282,2.4290052270222367e-05,9.998230580256416e-06,1.4284336537672478e-05,7.447891538821282e-09,13.384956034906187,10000.0,True,0.003297944722415239,-6.264658100923472e-07,0.006428328164844629,6.264658100923472e-07,-6.264658100923472e-07,True,0.0012721366886724148,1.3630509671236955e-05,0.0008748302688554393,-9.862501169175195e-07,3.5978430682517236e-07,True,0.0012905156027292616,1.3616895571471875e-05,0.0008762162961030893,-9.876249269889051e-07,3.6115911689655797e-07,True,0.003995706161352337,1.2571333302794442e-05,0.003497028733213021,-2.0467777767471926e-06,1.4203119666548456e-06,0.009480222998701415,0.006428328164844629,0.0,6.264658100923472e-07,0.009079185776695175,0.005956512247857612,5.45169908090719e-07,1.1716357181830662e-06,
chirp,0,600000,0.002,177,0.7001068817853702,development,128,k2_hidden,10000,0,0.7205415503899362,0.002206390665962006,3.304059926185188e-05,0.21959188947650357,4.052129800841485e-05,7.480698746562975e-06,3.3057361399248715e-05,-1.676213739893139e-08,10.185063987422284,10000.0,True,0.0026099349754685063,3.3000213653699697e-06,0.009209089851150588,3.3000213653699697e-06,3.3000213653699697e-06,True,0.012244699836635342,3.1127252448625706e-05,0.005062192268623972,2.542635947955988e-06,7.573854174139815e-07,True,0.012240314183679362,3.1156641770127687e-05,0.00506907536603046,2.6053743135050654e-06,6.946470518649043e-07,True,0.013503323423757757,2.8549275309366898e-05,0.00757114006910865,-3.787688859500312e-09,3.30380905422947e-06,0.013662855733098703,0.009209089851150588,0.0,3.3000213653699697e-06,0.013742179663754657,0.00879134226120959,1.2331666073445965e-06,2.066854758025373e-06,
moment4,0,600000,0.002,177,1.0,development,128,k2_hidden,10000,0,0.7499832419190464,0.0014158572161413819,2.3831124203588013e-07,0.001488534716392511,4.4759884390739447e-07,2.0928760187151437e-07,2.384188967711714e-07,-1.0765473392411372e-10,3.5847039728671333,10000.0,True,1.4391951236903894e-05,4.958339047716181e-09,1.3839779064632251e-05,4.958339047716181e-09,4.958339047716181e-09,True,9.511628025899075e-06,2.3649460890312398e-07,6.439324117481731e-07,4.792651900752862e-09,1.6568714696331905e-10,True,9.493630932336089e-06,2.3662019595990438e-07,6.590582555946684e-07,4.916950498739344e-09,4.138854897683709e-11,True,1.714096566388353e-05,2.3170893604714771e-07,1.3853560251933182e-05,-2.123713161023698e-11,4.9795761793264175e-09,1.662126604037455e-05,1.3839779064632251e-05,0.0,4.958339047716181e-09,8.582824997158615e-06,5.944600891917369e-07,4.9384155298687055e-09,1.992351784747549e-11,
blend_m010,0,600000,0.002,177,1.0,development,128,k2_hidden,10000,0,0.7495931608551589,0.001515103593089373,3.0906657252402156e-06,0.009871944356113917,4.351876763905839e-06,1.261211038665624e-06,3.0918045215868574e-06,-1.1387963466919653e-09,3.6011678171965857,10000.0,True,0.000272289343506123,7.296858514327889e-08,0.00044497938207438837,7.296858514327889e-08,7.296858514327889e-08,True,0.00017173101354458147,3.056388753002781e-06,3.055904192430883e-05,6.609561087934871e-08,6.872974263930182e-09,True,0.00017150203901704307,3.057864926831386e-06,3.1091323328573236e-05,6.756397855972196e-08,5.404606583556931e-09,True,0.0004786778349313735,2.9905893507014952e-06,0.0004451950756827253,-1.6616987853263103e-10,7.313475502181152e-08,0.0004761634980990999,0.00044497938207438837,0.0,7.296858514327889e-08,0.00016596679442968236,3.0344720454676433e-05,6.781339053806799e-08,5.155194605210902e-09,
blend_p001,0,600000,0.002,177,1.0,development,128,k2_hidden,10000,0,0.7500129399339055,0.0013993648455902336,-1.1769966801140431e-07,0.0004430659973422103,1.1510544720658548e-07,2.328051152179898e-07,-1.1806671674535621e-07,3.6704873296541186e-10,3.582997235809426,10000.0,True,1.4384163975150835e-05,-1.374016409180857e-08,3.8254625439990004e-05,1.374016409180857e-08,-1.374016409180857e-08,True,3.0491861252502136e-07,-1.178015812682183e-07,3.058170213279313e-08,-1.3756421629261702e-08,1.6257537453132716e-11,True,1.1011068828667433e-06,-1.1816704273806272e-07,1.0250676783233523e-06,-1.4121238608137916e-08,3.810745163293468e-10,True,3.8231888529810634e-05,-1.0404093571967322e-07,3.825709403267819e-05,2.0407291908109736e-12,1.374220482099938e-08,3.822266049530305e-05,3.8254625439990004e-05,0.0,1.374016409180857e-08,1.142308998301971e-06,1.0293936730673667e-06,-1.4124303499605387e-08,3.841394077968176e-10,
blend_p010,0,600000,0.002,177,1.0,development,128,k2_hidden,10000,0,0.7500448513059772,0.0013762372724430635,-1.1072328295954806e-07,0.003538117587502228,1.3638469305388059e-06,1.474570213498354e-06,-1.1439417710544458e-07,3.6708941442588066e-09,3.649241598603322,10000.0,True,4.706893089194839e-05,-1.3572529956649816e-07,0.0003043152442328334,1.3572529956649816e-07,-1.3572529956649816e-07,True,2.3678170497405713e-05,-1.20670920444937e-07,3.7736826715781973e-06,-1.3749557442688917e-07,1.7702748603910108e-09,True,2.582566584762112e-05,-1.2439502215882992e-07,9.70263927656338e-06,-1.4121566474960045e-07,5.490365183102297e-09,True,0.0003035254988564346,1.677055139222048e-08,0.00030431749476096513,-8.222096707578096e-12,1.3571707746979058e-07,0.0003034811714589381,0.0003043152442328334,0.0,1.3572529956649816e-07,2.560178669866878e-05,9.697867139918556e-06,-1.4120910749942478e-07,5.483807932926627e-09,
blend_p030,0,600000,0.002,177,1.0,development,128,k2_hidden,10000,0,0.6894678808048468,0.0021953264040503037,1.2838390922658075e-05,0.03562580538752581,1.6247550663537205e-05,3.4091597408791295e-06,1.2840723617434374e-05,-2.3462050624142923e-09,6.927811738891942,10000.0,True,0.0019749997911883647,1.8596058782957215e-06,0.006700717505695104,1.8596058782957215e-06,1.8596058782957215e-06,True,0.002614040081512807,1.2433161154115009e-05,0.0003469260744806822,1.83489377801953e-06,2.4712100276191618e-08,True,0.0026069443484359146,1.2438337482935053e-05,0.00034476096571619874,1.8544330996772097e-06,5.172778618511827e-09,True,0.005546554680452172,8.139475158363865e-06,0.004710859983803179,-2.4564706046994262e-06,4.316076482995148e-06,0.005803632269204113,0.006700717505695104,0.0,1.8596058782957215e-06,0.004636645724610278,0.005318853314145016,3.872859968111473e-06,2.0132540898157517e-06,
exp_right,22,600000,0.002,177,2.6119867843594364,development,128,k2_hidden,10000,0,0.00014657281627439463,0.001685642077644783,4.0167026873588257e-07,0.002449037182720684,6.876965891596368e-07,2.8602632042375424e-07,4.0166928826673044e-07,9.804691039535623e-13,6.4985573622197,10000.0,True,0.0007591506024778947,-3.940378125237301e-08,0.00044500116835296063,3.940378125237301e-08,-3.940378125237301e-08,True,1.7391958704567854e-05,3.989683585187406e-07,5.070955757335299e-06,-4.0069502238188505e-08,6.657209858154948e-10,True,1.7221179435455785e-05,3.9896900688261074e-07,4.813827051893014e-06,-4.0055442707735605e-08,6.516614553625956e-10,True,0.0002835284066993252,3.514633195504101e-07,0.0002764178162117159,-8.754207112566461e-08,4.8138289873291604e-08,0.0004566929162185848,0.00044500116835296063,0.0,3.940378125237301e-08,0.0004128107547907366,0.0004038253804192686,2.6986223027544313e-08,6.639000427991733e-08,exponential
exp_left,22,600000,0.002,177,13.649519383995864,development,128,k2_hidden,10000,0,0.0005716646625238812,0.001854997719921146,-5.421921131626071e-07,0.0025182414420350805,4.36813099737676e-07,9.79005212900283e-07,-5.425391938116071e-07,3.4708064964918e-10,9.322173890870266,10000.0,True,0.0003850106209799178,-9.217577259663222e-08,0.0006272147669168729,9.217577259663222e-08,-9.217577259663222e-08,True,8.448269945086071e-05,-5.431590503950626e-07,1.3899236241168502e-05,-9.273373204252706e-08,5.579594458948402e-10,True,8.429161287404643e-05,-5.434766127164212e-07,1.3780497870996722e-05,-9.302755617299124e-08,8.51783576359023e-10,True,0.0005113667197355128,-4.6946420804407863e-07,0.000497135142223392,-1.9052319768841556e-08,7.312345282779066e-08,0.000669992671930462,0.0006272147669168729,0.0,9.217577259663222e-08,0.0006006410993248629,0.0005641378020035718,-7.825198169631908e-08,1.3923790900313138e-08,exponential
gauss_left,22,600000,0.002,177,0.3713011646461742,development,128,k2_hidden,10000,0,0.0053624422551454155,0.003476149123099156,8.871916633702916e-06,0.05109217092298616,1.5161433677137586e-05,6.28951704343467e-06,8.86994796192247e-06,1.960228219712975e-09,11.348329310871707,10000.0,True,0.003420819808648642,-3.7632984834818535e-07,0.002781402566252458,3.7632984834818535e-07,-3.7632984834818535e-07,True,0.0007768887369035977,8.526245187436153e-06,0.0003909407653791998,-5.294872796749248e-07,1.531574313267395e-07,True,0.0007829145004136511,8.521325806628506e-06,0.00039287404549469057,-5.299005017548205e-07,1.5357065340663516e-07,True,0.002612904347751476,8.000944789859731e-06,0.002338928862778692,-1.0542175661214042e-06,6.778877177732188e-07,0.004373530189081039,0.002781402566252458,0.0,3.7632984834818535e-07,0.004702745608610964,0.003111110637102834,2.768516695492756e-07,6.53181517897461e-07,gaussian
gauss_right,22,600000,0.002,177,0.23748502306292393,development,128,k2_hidden,10000,0,0.03510981150410395,0.004268084362822311,1.8364831984138002e-05,0.12474407574426766,2.2092890953874877e-05,3.728058969736873e-06,1.8361340779866415e-05,3.4816309383303274e-09,17.85315013361606,10000.0,True,0.002629196175160703,3.489547565980663e-07,0.0018076106630257724,3.489547565980663e-07,3.489547565980663e-07,True,0.00142980071923114,1.8059064824801588e-05,0.0005577170851417271,2.4622636786026297e-07,1.0272838873780333e-07,True,0.0014297527772074335,1.8051502420551364e-05,0.0005561697203540349,2.5265243712023985e-07,9.630231947782646e-08,True,0.0015909943631003563,1.7742942641844875e-05,0.0008125594650108763,-6.689426412892429e-08,4.158490207269906e-07,0.0031332368776373423,0.0018076106630257724,0.0,3.489547565980663e-07,0.0031194245192174078,0.001786276301816757,2.1254982278799544e-07,1.3640493381007087e-07,gaussian
bump_left,22,600000,0.002,177,0.44348186274361356,development,128,k2_hidden,10000,0,0.022503190756726788,0.0031877497941648313,3.5492509947025947e-06,0.03949274031402095,1.2922083306761806e-05,9.372832312059213e-06,3.549334569601423e-06,-8.357489467284314e-11,9.86018928721503,10000.0,True,0.0016325883160485989,-7.744744969700247e-08,0.002553823236012479,7.744744969700247e-08,-7.744744969700247e-08,True,0.001199771138709482,3.1611265982216184e-06,0.0004867906405473239,-2.723658838282815e-07,1.9491843413127903e-07,True,0.0012003152416262795,3.1611425623921315e-06,0.0004861175957739894,-2.721625353717449e-07,1.9471508567474242e-07,True,0.0026795600155386143,3.053927442322194e-06,0.0021615375212404716,-3.7945713444040167e-07,3.020096847433992e-07,0.0028706922314634584,0.002553823236012479,0.0,7.744744969700247e-08,0.0024241002609214665,0.0021048095467656857,-1.569356490519089e-08,6.175388479181157e-08,compact_bump
bump_right,22,600000,0.002,177,0.32889495195335533,development,128,k2_hidden,10000,0,0.02101483170729549,0.0036199040833698347,1.7635874669389659e-06,0.017002785977767682,3.343865751415528e-06,1.5802782844765616e-06,1.7639385835425422e-06,-3.5111660144137165e-10,14.597581400334962,10000.0,True,0.003016819821471301,1.5052017087571577e-07,0.0005524253988777317,1.5052017087571577e-07,1.5052017087571577e-07,True,0.00015455132196224945,1.7526019595003235e-06,1.3968481918079286e-05,1.473087583797104e-07,3.2114124960053684e-09,True,0.0001541024778043455,1.75302184352477e-06,1.4265392312188647e-05,1.493553027480965e-07,1.164868127619273e-09,True,0.0003089774585022969,1.6196684987697497e-06,0.00025300315209465167,1.45981561783847e-08,1.3592201469733106e-07,0.0008045083044386928,0.0005524253988777317,0.0,1.5052017087571577e-07,0.0007117204042451528,0.000437867054675816,9.535996130996367e-08,5.51602095657521e-08,compact_bump
step_left,22,600000,0.002,177,0.9128852702404965,development,128,k2_hidden,10000,0,0.0010979731280687925,0.0021554317784360853,9.261683477585583e-07,0.018987464191348537,2.3254523795728613e-06,1.399284031814303e-06,9.269142785795669e-07,-7.4593082069505e-10,4.423315159255218,10000.0,True,0.0008147792136341078,3.573614429581456e-08,0.000146083045169718,3.573614429581456e-08,3.573614429581456e-08,True,9.965813727414432e-05,9.052801303248164e-07,3.859613962829024e-05,3.195136478950065e-08,3.784779506313907e-09,True,9.842234948317191e-05,9.060753827920486e-07,3.854218074623749e-05,3.284190252354582e-08,2.894241772268737e-09,True,0.00011649302322721731,9.288841494417704e-07,0.00010750420199974178,5.5989894204108854e-08,2.0253749908294294e-08,0.0003282184038369723,0.000146083045169718,0.0,3.573614429581456e-08,0.00035577658854764246,0.0002063339607168545,-1.478424446619802e-08,5.052038876201258e-08,tanh_step
step_right,22,600000,0.002,177,0.9636241118102141,development,128,k2_hidden,10000,0,0.007046260813658599,0.002296491231361841,4.778540585575513e-06,0.0370143504693788,7.048379430205003e-06,2.269838844629489e-06,4.778414916209065e-06,1.2566936742730888e-10,4.983657611827569,10000.0,True,0.0015702994248716284,-1.3788646388264968e-09,0.0004335913364426874,1.3788646388264968e-09,-1.3788646388264968e-09,True,0.0005123653686728175,4.699393074547055e-06,0.000185589962589835,-3.2136126771331804e-08,3.075726213250531e-08,True,0.0005119157893739413,4.699059563355394e-06,0.00018571243232491514,-3.224558633506468e-08,3.086672169623818e-08,True,0.0008471983340806192,4.709123152223069e-06,0.0006454706935472602,-2.2366352493415564e-08,2.0987487854589068e-08,0.0007442426297413702,0.0004335913364426874,0.0,1.3788646388264968e-09,0.000685662461540712,0.0002804017423805043,-6.1480423318728656e-09,4.769177693046369e-09,tanh_step
kink_abs,22,600000,0.002,177,0.6214766720163144,development,128,k2_hidden,10000,0,0.0037743122538744134,0.0021336009428843624,-3.265580969746027e-08,0.01026703431720542,2.2407031250427195e-06,2.2733589347401798e-06,-3.329048607903253e-08,6.346763826080024e-10,7.919944404784921,10000.0,True,0.0005095586564562362,-1.5182149432380443e-08,0.00041278036947187054,1.5182149432380443e-08,-1.5182149432380443e-08,True,0.00028553484296448006,-8.099823518706668e-08,6.854551742781484e-05,-9.06515068756188e-09,6.116998744818564e-09,True,0.0002850987468431492,-8.173377408473772e-08,6.862336772964015e-05,-8.20432201346434e-09,6.977827418916103e-09,True,0.0005631755004112871,-1.666977523627743e-07,0.00036892858217126863,-9.434746056649653e-08,7.916531113411608e-08,0.000429562629065805,0.00041278036947187054,0.0,1.5182149432380443e-08,0.0004975201577329989,0.000495450924628627,5.723822254996612e-08,7.242037198234657e-08,kink
kink_relu,22,600000,0.002,177,0.2041432706959443,development,128,k2_hidden,10000,0,0.0035143191019777723,0.0018149933405749025,8.669846168048937e-07,0.008886677074200006,2.1789198386726545e-06,1.311935221867761e-06,8.671205498609703e-07,-1.3593305375049328e-10,5.770712012962462,10000.0,True,0.0005456962325375122,4.3419960829830524e-08,0.00041280697392823346,4.3419960829830524e-08,4.3419960829830524e-08,True,5.810018450376875e-05,8.52451865273515e-07,2.195141722475908e-05,4.052631793488859e-08,2.8936428949419358e-09,True,5.69597134367591e-05,8.527183675406278e-07,2.331858181481027e-05,4.083332431924082e-08,2.5866365105897054e-09,True,0.0002658606632974517,8.819653895114975e-07,0.00029626314805163704,7.016597973952141e-08,2.6746018909690885e-08,0.0003144623768311028,0.00041280697392823346,0.0,4.3419960829830524e-08,0.0003973166148499045,0.00046856519559544885,-1.5260207178274663e-08,5.8680168008105186e-08,kink
sine,0,600000,0.002,177,1.0,development,128,k2_hidden,20000,0,0.4570652182578449,0.0021342001608011135,0.00043845432359544635,1.4507537407348787,0.0004696387750298805,3.11844514344341e-05,0.000437174870463498,1.2793498270069884e-06,7.121226556934005,20000.0,True,0.0037914981711526805,6.4008689978154285e-06,0.04942087993671856,6.4008689978154285e-06,6.4008689978154285e-06,True,0.6015733200685343,0.0002626008865546351,0.0922677959598592,4.0314126082235636e-08,6.360554871733193e-06,True,0.6017193185211879,0.00026191042426400123,0.0924283084632731,2.8481607995592353e-07,6.116052917859505e-06,True,0.6086865275705505,0.00023706163346360254,0.08826209235166968,-2.1703863337966915e-05,2.8104732335782342e-05,0.39951325620907147,0.04942087993671856,0.0,6.4008689978154285e-06,0.39996608957297847,0.06960638501579663,2.050555695099515e-05,1.4104687953179723e-05,
runge,0,600000,0.002,177,1.0,development,128,k2_hidden,20000,0,0.039823038543322864,0.001976181542791697,1.448102665152609e-05,0.11425756098053005,2.664390095738104e-05,1.2162874305854948e-05,1.44788653317006e-05,2.1559383727298067e-09,5.412359589487069,20000.0,True,0.0025457162669278864,1.306913308357684e-07,0.0035566858331577285,1.306913308357684e-07,1.306913308357684e-07,True,0.0033266539917945555,1.3707461655114506e-05,0.0012513960599550204,-2.390007033472591e-07,3.6969203418302756e-07,True,0.003325823616379046,1.3705133792887087e-05,0.0012556140650934469,-2.3778431184487182e-07,3.684756426806402e-07,True,0.004709033482873661,1.3486830666184703e-05,0.003464508215764657,-4.593463349663274e-07,5.900376658020958e-07,0.00729914236968315,0.0035566858331577285,0.0,1.306913308357684e-07,0.007445420428584906,0.0032407620759590454,1.2672240360051035e-07,3.968927235258055e-09,
moment3,0,600000,0.002,177,1.0,development,128,k2_hidden,20000,0,0.006131171564865055,0.0037986196124670025,8.161706511074452e-06,0.009933676615491794,9.009938410116018e-06,8.482318990415651e-07,8.15432728481335e-06,7.379226260159549e-09,19.525086849269,20000.0,True,0.0021832786199515474,5.651424033418185e-07,0.004970593609753503,5.651424033418185e-07,5.651424033418185e-07,True,0.000313068668424895,8.116361199381631e-06,0.00021283984763282768,5.258110256670672e-07,3.9331377674751304e-08,True,0.00031339940031067926,8.106961157362759e-06,0.00021289246564588302,5.275515169144979e-07,3.759088642732065e-08,True,0.002934034866152547,5.027235148394533e-06,0.002932692423742801,-2.566325633562451e-06,3.1314680369042696e-06,0.011025533553499183,0.004970593609753503,0.0,5.651424033418185e-07,0.01068953079753531,0.004576209828777403,2.2931075643137237e-06,1.7279651609719051e-06,
moment5,0,600000,0.002,177,1.0,development,128,k2_hidden,20000,0,0.7499971525334724,0.0014084328469480482,9.051689998197372e-08,0.00042725208327406785,1.9727461519222383e-07,1.0675771521025012e-07,9.064634089754261e-08,-1.2944091532172912e-10,3.5773456472070735,20000.0,True,7.509358954792836e-06,1.0078450361731264e-08,2.8640623944854998e-05,1.0078450361731264e-08,1.0078450361731264e-08,True,5.290885074576373e-07,9.034182469933503e-08,3.980121558729028e-08,1.0058775363925233e-08,1.9674997806030952e-11,True,5.945669113781739e-07,9.047215089444836e-08,3.491775298595347e-07,1.0188585331605446e-08,1.1013496987418203e-10,True,2.870550314423928e-05,8.029062420663493e-08,2.8640770356307025e-05,6.022484306654984e-12,1.0072427877424608e-08,2.870552153874481e-05,2.8640623944854998e-05,0.0,1.0078450361731264e-08,8.732322820926924e-07,3.58187353280201e-07,1.0185176784023868e-08,1.0672642229260456e-10,
moment9,0,600000,0.002,177,1.0,development,128,k2_hidden,20000,0,0.7500008895263104,0.0014049984826110674,-3.572307841198931e-08,0.00022684619603926404,7.159865032369902e-08,1.0732172873568833e-07,-3.575615483150047e-08,3.3076419774106033e-11,3.579046714283835,20000.0,True,7.741096483827574e-06,-2.5174699219439485e-09,7.133045834729457e-06,2.5174699219439485e-09,-2.5174699219439485e-09,True,6.546116377577053e-08,-3.5750833610635306e-08,1.1933958167680336e-08,-2.5214472186067965e-09,3.9772966628479604e-12,True,1.1692484150216031e-07,-3.5783733622401605e-08,9.496932463863754e-08,-2.554271151546395e-09,3.6801229602446675e-11,True,7.135141821886435e-06,-3.32220757326202e-08,7.1367842254863086e-06,7.070933169203693e-12,2.5245408551131523e-09,7.154749260911814e-06,7.133045834729457e-06,0.0,2.5174699219439485e-09,7.065456689792511e-07,1.249541246396077e-07,-2.56114721122766e-09,4.367728928371135e-11,
mixed_sine,0,600000,0.002,177,0.8100925873009825,development,128,k2_hidden,20000,0,0.31950664844645094,0.0028153805643683044,4.3590248721750614e-05,0.2337891421776416,5.5365000858396764e-05,1.1774752136646148e-05,4.362863081632993e-05,-3.83847147443148e-08,6.7709803134608615,20000.0,True,0.0006439559192876264,9.122640626902256e-06,0.010964369359494628,9.122640626902256e-06,9.122640626902256e-06,True,0.0074362636599058845,4.181263867445045e-05,0.001678963741239433,9.006746880163222e-06,1.1589374673903455e-07,True,0.007413083136430445,4.187192411115142e-05,0.0016795913176799234,9.066243999325426e-06,5.6396627576830015e-08,True,0.011511384610830377,3.6305751574757716e-05,0.006905245551093936,3.496900688903846e-06,5.62573993799841e-06,0.016088485844298315,0.010964369359494628,0.0,9.122640626902256e-06,0.012545306607134927,0.005909085410692686,4.282938045475375e-06,4.839702581426881e-06,
localized_sine,0,600000,0.002,177,0.4822374526221915,development,128,k2_hidden,20000,0,0.1896449303344946,0.0033081403954985903,2.6974364759893395e-05,0.15303782140943054,4.609915660683854e-05,1.9124791846945146e-05,2.695922707410644e-05,1.5083289093554315e-08,13.610973255443083,20000.0,True,0.0033512187093666162,-2.2243658628053397e-06,0.01801991873871195,2.2243658628053397e-06,-2.2243658628053397e-06,True,0.004148577272639644,2.4748325834954945e-05,0.002745054273474815,-3.420132272482662e-06,1.1957664096773223e-06,True,0.00419242122169648,2.4719155031313218e-05,0.002749381196107752,-3.424170267972996e-06,1.1998044051676563e-06,True,0.009790840158259614,2.2342904343485823e-05,0.008002164542837633,-5.830876091058294e-06,3.606510228252954e-06,0.030474229307075683,0.01801991873871195,0.0,2.2243658628053397e-06,0.02979492151590141,0.017190910177513785,1.0903398161813476e-06,3.3147056789866874e-06,
chirp,0,600000,0.002,177,0.7001068817853702,development,128,k2_hidden,20000,0,0.708968197846301,0.0022370976153397036,6.374754863954938e-05,0.4235775932805901,7.7095954733062e-05,1.3348406093512624e-05,6.374343210035871e-05,4.1165391899542175e-09,10.949059729877783,20000.0,True,0.0026214992595517484,5.4345324079627204e-06,0.020863608348318703,5.4345324079627204e-06,5.4345324079627204e-06,True,0.03815213062470966,5.6493666105585826e-05,0.01622855254517811,3.254975908491581e-06,2.1795564994711393e-06,True,0.03814291432630079,5.645565463547975e-05,0.016229884069485407,3.3130290922530015e-06,2.121503315709719e-06,True,0.04147776634923989,5.0827471490349306e-05,0.020491430423244337,-2.3183430707640344e-06,7.752875478726755e-06,0.04337957616108802,0.020863608348318703,0.0,5.4345324079627204e-06,0.044498850518808676,0.021358003611899736,2.466333214689179e-06,2.9681991932735414e-06,
moment4,0,600000,0.002,177,1.0,development,128,k2_hidden,20000,0,0.7499829639540135,0.0014160988279749605,4.799230756142394e-07,0.0029906937329910936,8.978168654396222e-07,4.178937898253826e-07,4.800135474761066e-07,-9.047185998491941e-11,3.5850024894201877,20000.0,True,1.457356133213128e-05,1.0354354669923103e-08,2.8441005909242677e-05,1.0354354669923103e-08,1.0354354669923103e-08,True,3.8333536029273045e-05,4.726684838226707e-07,2.623192885069329e-06,9.667718007167451e-09,6.866366627556517e-10,True,3.8311371803135574e-05,4.7279560432887196e-07,2.5578005248907277e-06,9.79118312534994e-09,5.631715445731632e-10,True,4.8700083040469796e-05,4.629735373180931e-07,2.850799343391393e-05,-8.473526906768348e-11,1.0439089938990787e-08,4.5800070861911034e-05,2.8441005909242677e-05,0.0,1.0354354669923103e-08,3.467552516516717e-05,2.2650783648808825e-06,9.876831059748781e-09,4.775236101743213e-10,
blend_m010,0,600000,0.002,177,1.0,development,128,k2_hidden,20000,0,0.7495794157453706,0.00151826268223531,6.249754871177558e-06,0.02005473002319877,8.791808249036197e-06,2.542053377858639e-06,6.250552636323313e-06,-7.977651453802739e-10,3.605887784826098,20000.0,True,0.0002760334415285657,1.6197163238991553e-07,0.0009142111875532539,1.6197163238991553e-07,1.6197163238991553e-07,True,0.0007013929974337953,6.110981890270074e-06,0.000127692525669902,1.3317295493537156e-07,2.8798677454543964e-08,True,0.0007010340576825692,6.1124708879494395e-06,0.00012694398715794701,1.3463053315365073e-07,2.73410992362648e-08,True,0.0011537813149732213,5.978085300359534e-06,0.0009152328455822594,-6.633794653744992e-10,1.6263501185529002e-07,0.0011388574760616656,0.0009142111875532539,0.0,1.6197163238991553e-07,0.0006788411552452057,0.0001236612451346565,1.356267810761737e-07,2.6344851313741828e-08,
blend_p001,0,600000,0.002,177,1.0,development,128,k2_hidden,20000,0,0.7500129161724227,0.0013992470220080234,-2.3552325022183805e-07,0.0008858950728712526,2.300363609660087e-07,4.655596111878467e-07,-2.3589222590419465e-07,3.6897568149640513e-10,3.583084996041129,20000.0,True,1.4374199925762336e-05,-2.7803802920487537e-08,7.749304537104302e-05,2.7803802920487537e-08,-2.7803802920487537e-08,True,1.2191815574391548e-06,-2.359293937003803e-07,1.252692650331579e-07,-2.787179361245177e-08,6.799069196423452e-11,True,1.6881539066843377e-06,-2.362951616576287e-07,1.064260134125082e-06,-2.823635849222166e-08,4.3255557173412203e-10,True,7.740680901086973e-05,-2.0804499684962216e-07,7.750288099136415e-05,8.151413367512595e-12,2.7811954333855048e-08,7.737328905589548e-05,7.749304537104302e-05,0.0,2.7803802920487537e-08,2.011060295384828e-06,1.0858558533323074e-06,-2.82486069991803e-08,4.448040786927642e-10,
blend_p010,0,600000,0.002,177,1.0,development,128,k2_hidden,20000,0,0.7500432511166225,0.0013761430438096836,-2.0495191633984598e-07,0.007095530959203165,2.7361064573422864e-06,2.9410583736821328e-06,-2.0856708320050154e-07,3.615166859412347e-09,3.6522390069126396,20000.0,True,5.078614456557736e-05,-2.714301888512245e-07,0.0006155071183812124,2.714301888512245e-07,-2.714301888512245e-07,True,9.561882105687943e-05,-2.451878834300746e-07,1.5521790377407107e-05,-2.787256527510701e-07,7.295463899845583e-09,True,9.679227417892073e-05,-2.4891642491182835e-07,1.890331660988267e-05,-2.8244436423252514e-07,1.1014175381300611e-08,True,0.0006159568629783696,3.341139216550026e-08,0.000615517473395464,-3.2807642384623304e-11,2.7139738120883993e-07,0.0006157032457770752,0.0006155071183812124,0.0,2.714301888512245e-07,9.579141190289367e-05,1.8803507012205497e-05,-2.8241821499884607e-07,1.0988026147621544e-08,
blend_p030,0,600000,0.002,177,1.0,development,128,k2_hidden,20000,0,0.6890540240077574,0.0022059653395462594,2.3477326418613834e-05,0.07216219191795421,3.0337191142804636e-05,6.859864724190798e-06,2.346295117499409e-05,1.436173333162384e-08,7.085518906393472,20000.0,True,0.0015085179111755432,1.8101753870539291e-06,0.016595523277638934,1.8101753870539291e-06,1.8101753870539291e-06,True,0.009935097972999954,2.214877373175443e-05,0.0021861297846961342,1.6041502683371977e-06,2.060251187167314e-07,True,0.00993307619934701,2.213663101324906e-05,0.0021826509706847,1.6146427374551323e-06,1.9553264959879684e-07,True,0.015185912723266417,1.307280321762983e-05,0.010410846900097963,-7.474236275851299e-06,9.284411662905229e-06,0.013150801147610375,0.016595523277638934,0.0,1.8101753870539291e-06,0.01238532206501891,0.014890316520509941,7.745719936223046e-06,5.935544549169117e-06,
exp_right,22,600000,0.002,177,2.6119867843594364,development,128,k2_hidden,20000,0,0.00014333964703456973,0.0016860201387986777,7.797314226304912e-07,0.004866058885313829,1.3436101797011746e-06,5.638787570706835e-07,7.797226182985811e-07,8.804330778546932e-12,6.510307827560145,20000.0,True,3.616660680041605e-05,-1.0091253991901531e-07,0.0009965829940157757,1.0091253991901531e-07,-1.0091253991901531e-07,True,5.7583966945105014e-05,7.712574802137788e-07,1.9781630117834103e-05,-1.0339132864452878e-07,2.478788725513475e-09,True,5.760042103473521e-05,7.712117340277039e-07,1.9685440032461087e-05,-1.0342748872403177e-07,2.5149488050164632e-09,True,0.0006025363108432999,6.683242521056002e-07,0.0005798345379478652,-2.0627281881756246e-07,1.0536027889854715e-07,0.0010410972591514288,0.0009965829940157757,0.0,1.0091253991901531e-07,0.0009672074781793477,0.0009324614380557503,5.3972446055053706e-08,1.5488498597406902e-07,exponential
exp_left,22,600000,0.002,177,13.649519383995864,development,128,k2_hidden,20000,0,0.0005624989413869787,0.0018544403833271625,-1.0995287071460351e-06,0.0049492817901981585,8.551813929521959e-07,1.954710100098231e-06,-1.099910920092825e-06,3.822129464302978e-10,9.344345899752595,20000.0,True,0.00035736643967586193,-1.886585932652894e-07,0.001313264286643616,1.886585932652894e-07,-1.886585932652894e-07,True,0.00032419580130405316,-1.1021553585617506e-06,5.3466014778482426e-05,-1.9030650889174086e-07,1.647915626451458e-09,True,0.0003240831485265676,-1.1025173379858055e-06,5.326986211804007e-05,-1.905973554097757e-07,1.9387621444863096e-09,True,0.0010768448416175749,-9.5418597245146e-07,0.0010152448380565235,-4.234078373989032e-08,1.4631780952539907e-07,0.0014817546972226202,0.001313264286643616,0.0,1.886585932652894e-07,0.0013427115518247032,0.0011970350408892717,-1.5650396339260957e-07,3.2154629872679824e-08,exponential
gauss_left,22,600000,0.002,177,0.3713011646461742,development,128,k2_hidden,20000,0,0.004633207647680365,0.0034851999074161553,1.792270095070181e-05,0.0983925543316568,2.9332707283830167e-05,1.1410006333128357e-05,1.791834755339835e-05,4.338961696465811e-09,11.420516847014683,20000.0,True,0.003233391749529273,-9.800481907201993e-07,0.007022318127886911,9.800481907201993e-07,-9.800481907201993e-07,True,0.002909307308371722,1.671596509275313e-05,0.0013357553774371814,-1.461253794069234e-06,4.812056033490346e-07,True,0.0029189914857981774,1.670558481692336e-05,0.0013386011538832178,-1.4616337452691289e-06,4.815855545489295e-07,True,0.006223554200651395,1.5451687082604805e-05,0.005044320064543489,-2.7246613102671093e-06,1.74461311954691e-06,0.013285253331188882,0.007022318127886911,0.0,9.800481907201993e-07,0.013873498995349391,0.007524701429211278,5.896495844274879e-07,1.5696977751476872e-06,gaussian
gauss_right,22,600000,0.002,177,0.23748502306292393,development,128,k2_hidden,20000,0,0.032649024425586794,0.004284924784917974,3.520525407979971e-05,0.24366360268337225,4.227291627536187e-05,7.067662195562161e-06,3.5196775312870965e-05,8.468144669772833e-09,18.13535554247871,20000.0,True,0.0023225122049482755,3.270387810925333e-07,0.0034136038447648066,3.270387810925333e-07,3.270387810925333e-07,True,0.004787110506570852,3.4071263933682757e-05,0.0020136939323865603,2.6987818817055546e-08,3.0005096227547776e-07,True,0.004792437915190876,3.405178524578363e-05,0.002011758102374205,3.652751253555793e-08,2.905112685569754e-07,True,0.005187358598780324,3.3349347176951184e-05,0.0023916595819807136,-6.900369663426518e-07,1.0170757474351852e-06,0.01182110957842132,0.0034136038447648066,0.0,3.270387810925333e-07,0.011789808172969776,0.003314012078985967,4.2855955200992753e-07,1.0152077091739424e-07,gaussian
bump_left,22,600000,0.002,177,0.44348186274361356,development,128,k2_hidden,20000,0,0.021916774641998992,0.0031923377125658353,8.137169395706718e-06,0.07835209167172154,2.5955096382121984e-05,1.781792698641526e-05,8.137006041164517e-06,1.363585600796318e-10,9.872897367127827,20000.0,True,0.001563897678703262,4.689845540487261e-08,0.005700712230380026,4.689845540487261e-08,4.689845540487261e-08,True,0.004880817351312295,6.59788328273858e-06,0.0019522061609261808,-6.833027592866771e-07,7.302012146915496e-07,True,0.00488443907662843,6.5966503641873025e-06,0.001952677906456727,-6.830352738888228e-07,7.299337292936954e-07,True,0.007529806388362319,6.176432972860844e-06,0.005002992369301839,-1.1039521175942732e-06,1.1508505729991458e-06,0.00705866427545456,0.005700712230380026,0.0,4.689845540487261e-08,0.006238718051383595,0.004867866101079583,1.3606497763368943e-07,8.916652222881683e-08,compact_bump
bump_right,22,600000,0.002,177,0.32889495195335533,development,128,k2_hidden,20000,0,0.020976700424523667,0.0036214297377605655,3.289241857669404e-06,0.03297845115564403,6.379983451892612e-06,3.090741594223206e-06,3.288813591968601e-06,4.282656928993515e-10,14.612138277908764,20000.0,True,0.0027795354327443023,2.2791836296632786e-07,0.00125340458852717,2.2791836296632786e-07,2.2791836296632786e-07,True,0.0005920588260924764,3.2402011543626276e-06,5.212688827371987e-05,2.1980458458157915e-07,8.113778384748706e-09,True,0.000590858230947249,3.239254223659871e-06,5.2531013611930914e-05,2.2213561205807114e-07,5.782750908256713e-09,True,0.0008612317888108347,2.9508457680225364e-06,0.0005500881154912564,-6.923177651566538e-08,2.9715013948199326e-07,0.0026490306065796777,0.00125340458852717,0.0,2.2791836296632786e-07,0.0025157942934672093,0.0010479500143862528,1.907199226198046e-07,3.7198440346523264e-08,compact_bump
step_left,22,600000,0.002,177,0.9128852702404965,development,128,k2_hidden,20000,0,0.0010475905817141685,0.002156379905685502,1.8742955971746273e-06,0.03744957632815873,4.5869772354945664e-06,2.71268163831994e-06,1.8751781191528397e-06,-8.825219824141474e-10,4.423845812177619,20000.0,True,0.000440788177956554,9.556652114627174e-08,0.0003921625945985651,9.556652114627174e-08,9.556652114627174e-08,True,0.00038269600346408413,1.8010901481462007e-06,0.00015007648576968938,8.231749656548994e-08,1.3249024580781808e-08,True,0.0003815621139463502,1.8019956137136409e-06,0.00015005370726998095,8.326975010275442e-08,1.2296771043517321e-08,True,0.00038790255644849825,1.850997761719787e-06,0.00026131350384008814,1.3300504601706006e-07,3.743852487078832e-08,0.0012003315098339518,0.0003921625945985651,0.0,9.556652114627174e-08,0.001235826554403513,0.0005078777942291627,-2.956848893244179e-08,1.2513501007871353e-07,tanh_step
step_right,22,600000,0.002,177,0.9636241118102141,development,128,k2_hidden,20000,0,0.0068693534618511016,0.002301170617133636,9.457926357369696e-06,0.07293123290382135,1.3883399377267047e-05,4.425473019897351e-06,9.457678222845541e-06,2.481345217114351e-10,5.019415358891103,20000.0,True,0.0017890361694991319,-5.0893090842987176e-09,0.000987067177430355,5.0893090842987176e-09,-5.0893090842987176e-09,True,0.001938888301746039,9.16138439994652e-06,0.0006638688321218461,-1.1515083966066056e-07,1.1006153057636185e-07,True,0.0019398051502167604,9.160692647203989e-06,0.0006642693008937702,-1.1527979814174126e-07,1.1019048905744254e-07,True,0.002404585940952037,9.181824065986208e-06,0.0014379690076824637,-9.457696017682385e-08,8.948765109252513e-08,0.0025783920162326607,0.000987067177430355,0.0,5.0893090842987176e-09,0.002527153573406054,0.0007277889879697255,-1.2296084663899327e-08,7.2067755796006095e-09,tanh_step
kink_abs,22,600000,0.002,177,0.6214766720163144,development,128,k2_hidden,20000,0,0.0037316601744722955,0.0021335472084129045,-8.639028115525853e-08,0.02062819381881932,4.505987551037213e-06,4.592377832192472e-06,-8.787836087348176e-08,1.4837757294599797e-09,7.9347949634489225,20000.0,True,0.0005159124264914142,-4.300224987699695e-08,0.0009879128805900972,4.300224987699695e-08,-4.300224987699695e-08,True,0.0010391812126515202,-2.3770515580880257e-07,0.00027469884700868203,-2.1386506116022172e-08,2.1615743760974778e-08,True,0.0010390480695617063,-2.3918211280490263e-07,0.0002748405971258586,-2.0159975426424227e-08,2.2842274450572723e-08,True,0.001595955069474386,-4.093104194170956e-07,0.0008591740776443768,-1.9276697936714638e-07,1.4976472949014942e-07,0.001169146414085843,0.0009879128805900972,0.0,4.300224987699695e-08,0.0012495410883897288,0.0011263378727231128,1.1290565940353876e-07,1.559079092805357e-07,kink
kink_relu,22,600000,0.002,177,0.2041432706959443,development,128,k2_hidden,20000,0,0.0035018921352371417,0.0018158645966741443,1.7382407160468958e-06,0.01751825095911301,4.314287793665307e-06,2.5760470776184103e-06,1.7383933505682333e-06,-1.5263451804810787e-10,5.760697899618296,20000.0,True,0.0005867999114842754,9.733342835451646e-08,0.000851558638315095,9.733342835451646e-08,9.733342835451646e-08,True,0.000200524548532166,1.6876180293128197e-06,8.293697093648797e-05,8.527446957291861e-08,1.2058958781597848e-08,True,0.00019950490528585074,1.6879129309284778e-06,8.363674145895583e-05,8.55557537765563e-08,1.1777674577960157e-08,True,0.0005510340436371493,1.7485395165011151e-06,0.0006105171302151676,1.4637004977756817e-07,4.903662142305171e-08,0.0005465118804714946,0.000851558638315095,0.0,9.733342835451646e-08,0.0007846391941726755,0.0009816567805853295,-3.052041435657827e-08,1.2785384271109473e-07,kink
sine,0,600000,0.002,177,1.0,development,128,k2_readout,1,0,0.7773886588280922,0.0016957536643509956,7.827145328416436e-09,2.6407056076753013e-05,8.774493216214502e-09,9.473478877980654e-10,8.401756396143988e-09,-5.74611067733927e-10,4.486728799263783,0.5,False,0.025043482271703017,-7.827145328402502e-09,2.6407056076747988e-05,7.827145328402502e-09,,True,0.0,7.827145328416436e-09,0.0,-7.827145328402502e-09,0.0,True,8.664864739155755e-07,8.401756396149664e-09,6.60246286507323e-07,-7.389302687211122e-09,4.378426411913791e-10,True,1.2433563200318e-16,7.827145328412072e-09,1.8911867500795134e-16,-7.827145328418198e-09,1.5696579303806253e-20,0.0,0.0,-7.827145328402502e-09,0.0,8.664864739155755e-07,6.60246286507323e-07,-7.389302687211122e-09,4.378426411913791e-10,
runge,0,600000,0.002,177,1.0,development,128,k2_readout,1,0,0.04769844225753111,0.001961700874719211,3.5857904014137637e-10,2.9807116294433674e-06,6.849552994889349e-10,3.263762593475585e-10,3.6067380618669223e-10,-2.0947660488906297e-12,5.191466780815477,0.5,False,0.11468577921460565,-3.5857904012353604e-10,2.980711629445721e-06,3.5857904012353604e-10,,True,0.0,3.5857904014137637e-10,0.0,-3.5857904012353604e-10,0.0,True,5.908747776552428e-08,3.6067380617521153e-10,6.117964571965205e-08,-3.564150884973847e-10,2.163951626151356e-12,True,1.0212424804466175e-16,3.585790401523256e-10,1.651705060591931e-16,-3.5857904012026274e-10,3.2733087802371842e-21,0.0,0.0,-3.5857904012353604e-10,0.0,5.908747776552428e-08,6.117964571965205e-08,-3.564150884973847e-10,2.163951626151356e-12,
moment3,0,600000,0.002,177,1.0,development,128,k2_readout,1,0,0.006368663498894501,0.0037904581404833446,2.345274176085354e-10,3.129692124513335e-07,2.47317511967543e-10,1.279009435900758e-11,2.9205829232216787e-10,-5.753087473877503e-11,19.316756665536243,0.5,False,0.4013778052457593,-2.3452741757423294e-10,3.129692124702979e-07,2.3452741757423294e-10,,True,0.0,2.345274176085354e-10,0.0,-2.3452741757423294e-10,0.0,True,6.207689104600396e-08,2.9205829234580817e-10,6.264526457133258e-08,-1.7645935558359502e-10,5.806806199063791e-11,True,5.217683726533146e-16,2.3452741757760194e-10,4.3688865234854465e-16,-2.3452741760884165e-10,3.460871984133583e-20,0.0,0.0,-2.3452741757423294e-10,0.0,6.207689104600396e-08,6.264526457133258e-08,-1.7645935558359502e-10,5.806806199063791e-11,
moment5,0,600000,0.002,177,1.0,development,128,k2_readout,1,0,0.7499971640814472,0.001408342332054464,2.006397953827236e-12,1.052070494179798e-08,4.880376439019506e-12,2.87397848519227e-12,2.2623436550563325e-12,-2.5594571369996046e-13,3.5773956426919793,0.5,False,0.05435161379974979,-2.006397915390125e-12,1.0520704935410658e-08,2.006397915390125e-12,,True,0.0,2.006397953827236e-12,4.336808689942018e-19,-2.0063979153518413e-12,3.828376051828676e-23,True,7.280872148169912e-10,2.2623436451089153e-12,7.282348611552337e-10,-1.7504004046809257e-12,2.559975107091993e-13,True,1.4390430459012015e-16,2.0063979221663886e-12,2.012096965754695e-16,-2.0063979513387777e-12,3.594865267116622e-20,0.0,4.336808689942018e-19,-2.0063979153518413e-12,3.828376051828676e-23,7.280872148169912e-10,7.282348611552337e-10,-1.7504004046809257e-12,2.559975107091993e-13,
moment9,0,600000,0.002,177,1.0,development,128,k2_readout,1,0,0.7500008937000963,0.0014050342048575778,-8.319013228566142e-13,5.669096502349854e-09,1.8318821760310553e-12,2.6637834988876697e-12,-8.946651031879944e-13,6.27637846198342e-14,3.579044093016631,0.5,False,0.029554204970852174,8.319013165780423e-13,5.669096501054042e-09,8.319013165780423e-13,,True,0.0,-8.319013228566142e-13,0.0,8.319013165780423e-13,0.0,True,1.7762308414707556e-10,-8.946650982376452e-13,1.7757823833477946e-10,7.691533412614886e-13,6.274797531655365e-14,True,1.126009596207655e-16,-8.319013166928942e-13,1.8453923599104374e-16,8.31901313898164e-13,2.6798782814352575e-21,0.0,0.0,8.319013165780423e-13,0.0,1.7762308414707556e-10,1.7757823833477946e-10,7.691533412614886e-13,6.274797531655365e-14,
mixed_sine,0,600000,0.002,177,0.8100925873009825,development,128,k2_readout,1,0,0.3224051618006802,0.0027717911696891807,8.540426268953109e-10,6.023446674800966e-06,1.2560709398125632e-09,4.020283129172524e-10,9.62470822181265e-10,-1.0842819526129985e-10,6.883384171389058,0.5,False,0.2344675535342862,-8.540426269442378e-10,6.0234466756504135e-06,8.540426269442378e-10,,True,0.0,8.540426268953109e-10,1.3877787807814457e-17,-8.540426269430126e-10,1.2251578847676031e-21,True,1.3069291512853063e-07,9.62470822161897e-10,1.30853033192647e-07,-7.454815990262443e-10,1.0856102791799345e-10,True,2.1267525871734126e-16,8.54042626870809e-10,3.1065992795222055e-16,-8.540426269811052e-10,3.6867439901488443e-20,0.0,1.3877787807814457e-17,-8.540426269430126e-10,1.2251578847676031e-21,1.3069291512576451e-07,1.3085303318988089e-07,-7.454815990286945e-10,1.0856102791554324e-10,
localized_sine,0,600000,0.002,177,0.4822374526221915,development,128,k2_readout,1,0,0.19315078645359005,0.0032811667864315764,7.556928804077953e-10,4.060683686206403e-06,1.25816429019039e-09,5.024714097825949e-10,7.791217354656154e-10,-2.3428854980430026e-11,13.094963932168664,0.5,False,0.18703641819699418,-7.556928806155528e-10,4.060683687495697e-06,7.556928806155528e-10,,True,0.0,7.556928804077953e-10,0.0,-7.556928806155528e-10,0.0,True,1.030740409470655e-07,7.791220829988062e-10,1.0611374589464841e-07,-7.315735806213259e-10,2.41192999942269e-11,True,1.785510910869753e-15,7.556928805950323e-10,1.793868063386316e-15,-7.556928804322591e-10,1.8329371116470657e-19,0.0,0.0,-7.556928806155528e-10,0.0,1.030740409470655e-07,1.0611374589464841e-07,-7.315735806213259e-10,2.41192999942269e-11,
chirp,0,600000,0.002,177,0.7001068817853702,development,128,k2_readout,1,0,0.7347887190644014,0.0021733515686865553,1.5019864010919295e-09,1.1292804387512563e-05,1.847150582337097e-09,3.451641812451674e-10,1.5615446645711633e-09,-5.955826346659181e-11,9.322258317694356,0.5,False,0.11396685009875687,-1.5019864011021321e-09,1.1292804387512399e-05,1.5019864011021321e-09,,True,0.0,1.5019864010919295e-09,0.0,-1.5019864011021321e-09,0.0,True,1.977130037602028e-07,1.5615446645316772e-09,1.9750923803188604e-07,-1.4422489548749293e-09,5.973744622720281e-11,True,1.115908996100258e-16,1.5019864010898239e-09,1.698839286757069e-16,-1.5019864010771327e-09,2.499946606288388e-20,0.0,0.0,-1.5019864011021321e-09,0.0,1.977130037602028e-07,1.9750923803188604e-07,-1.4422489548749293e-09,5.973744622720281e-11,
moment4,0,600000,0.002,177,1.0,development,128,k2_readout,1,0,0.7499835149134263,0.0014156189164959273,1.1596581234479678e-11,7.406956028627144e-08,2.2305672350261217e-11,1.0709091115781541e-11,1.1834279406019369e-11,-2.376981713061992e-13,3.58441015415659,0.5,False,0.013479709305378633,-1.1596581230038736e-11,7.406956028476011e-08,1.1596581230038736e-11,,True,0.0,1.1596581234479678e-11,1.734723475976807e-18,-1.1596581230191872e-11,1.5313665766028093e-22,True,6.782478788898133e-10,1.1834279408222655e-11,6.859086750952412e-10,-1.1356190086494744e-11,2.4039114354399124e-13,True,1.2760539105651634e-16,1.1596581240298842e-11,1.852827602846592e-16,-1.1596581230651279e-11,6.125433994668559e-22,0.0,1.734723475976807e-18,-1.1596581230191872e-11,1.5313665766028093e-22,6.782478788898133e-10,6.859086750952412e-10,-1.1356190086494744e-11,2.4039114354399124e-13,
blend_m010,0,600000,0.002,177,1.0,development,128,k2_readout,1,0,0.7496060484427745,0.0015120130769710504,1.4960691771779082e-10,4.824092176550335e-07,2.169222265441424e-10,6.731530882635158e-11,1.5297567787565503e-10,-3.368760163229822e-12,3.5967087799158595,0.5,False,0.05463240155207267,-1.496069177027452e-10,4.824092176531705e-07,1.496069177027452e-10,,True,0.0,1.4960691771779082e-10,0.0,-1.496069177027452e-10,0.0,True,2.2390269135372975e-08,1.529756778848582e-10,2.2692810553112424e-08,-1.4619265930379186e-10,3.414258398953352e-12,True,1.3439489543096051e-16,1.4960691771442182e-10,2.2779312120655914e-16,-1.4960691771886277e-10,1.611756253680746e-20,0.0,0.0,-1.496069177027452e-10,0.0,2.2390269135372975e-08,2.2692810553112424e-08,-1.4619265930379186e-10,3.414258398953352e-12,
blend_p001,0,600000,0.002,177,1.0,development,128,k2_readout,1,0,0.7500129637633864,0.0013994825400552753,-5.202969860390784e-12,2.1619345008948245e-08,6.0788065928306545e-12,1.1281776453221439e-11,-5.908175740110548e-12,7.052058833223449e-13,3.5829084340540494,0.5,False,0.09469051590826433,5.202969848331332e-12,2.161934499142156e-08,5.202969848331332e-12,,True,0.0,-5.202969860390784e-12,0.0,5.202969848331332e-12,0.0,True,1.9617134918017684e-09,-5.908175739437845e-12,1.9609267707947085e-09,4.498046765044656e-12,7.049230832866759e-13,True,1.1804328017765065e-16,-5.202969855988127e-12,1.6753895208239538e-16,5.202969857442918e-12,9.111585894346966e-21,0.0,0.0,5.202969848331332e-12,0.0,1.9617134918017684e-09,1.9609267707947085e-09,4.498046765044656e-12,7.049230832866759e-13,
blend_p010,0,600000,0.002,177,1.0,development,128,k2_readout,1,0,0.7500464331363617,0.0013763479965678005,8.417771366827046e-13,1.7233674683424695e-07,7.089534350428341e-11,7.00535663676007e-11,-6.217515550377698e-12,7.059292693058877e-12,3.6462863209976706,0.5,False,0.12119379139728759,-8.41777146789674e-13,1.723367468642364e-07,8.41777146789674e-13,,True,0.0,8.417771366827046e-13,0.0,-8.41777146789674e-13,0.0,True,1.5660689551621982e-08,-6.217515551331293e-12,1.566997648829092e-08,-7.905256685661164e-12,7.06347953887149e-12,True,9.670986140218852e-17,8.417771425018688e-13,1.6269449798063877e-16,-8.41777139132879e-13,7.656795017690596e-21,0.0,0.0,-8.41777146789674e-13,0.0,1.5660689551621982e-08,1.566997648829092e-08,-7.905256685661164e-12,7.06347953887149e-12,
blend_p030,0,600000,0.002,177,1.0,development,128,k2_readout,1,0,0.6899493289404095,0.0021824885638582277,5.507305820641395e-10,1.5472363447927137e-06,6.969292067986399e-10,1.461986247345004e-10,7.416569172788772e-10,-1.9092633522059068e-10,6.751050654153295,0.5,False,0.16551855873662255,-5.507305820662068e-10,1.547236344799281e-06,5.507305820662068e-10,,True,0.0,5.507305820641395e-10,0.0,-5.507305820662068e-10,0.0,True,2.2649539951240637e-07,7.416569172917042e-10,2.278121265949019e-07,-3.586943145836762e-10,1.9203626748253063e-10,True,1.4276468572299503e-16,5.50730582065824e-10,2.2529543747622256e-16,-5.507305820645989e-10,1.6079357132265167e-21,0.0,0.0,-5.507305820662068e-10,0.0,2.2649539951240637e-07,2.278121265949019e-07,-3.586943145836762e-10,1.9203626748253063e-10,
exp_right,22,600000,0.002,177,2.6119867843594364,development,128,k2_readout,1,0,0.00014992938767290217,0.0016852404294629018,2.2086854324761217e-11,1.280811386104981e-07,3.547907179924237e-11,1.3392217474481152e-11,2.3448230104477228e-11,-1.3613757996996363e-12,6.486385081275366,0.5,False,0.2735292813426388,-2.208685426905803e-11,1.2808113849760154e-07,2.208685426905803e-11,,True,0.0,2.2086854324761217e-11,0.0,-2.208685426905803e-11,0.0,True,1.3136574520325832e-08,2.3448230111799408e-11,1.3123675164626711e-08,-2.07264322399795e-11,1.3604220290785299e-12,True,1.2438175995898364e-16,2.208685431170638e-11,1.846609880947613e-16,-2.208685429773273e-11,2.8674697379116604e-20,0.0,0.0,-2.208685426905803e-11,0.0,1.3136574520325832e-08,1.3123675164626711e-08,-2.07264322399795e-11,1.3604220290785299e-12,exponential
exp_left,22,600000,0.002,177,13.649519383995864,development,128,k2_readout,1,0,0.0005812315505940026,0.0018555398898267975,-2.2207510826442548e-11,1.5018569289570136e-07,2.532485226160293e-11,4.7532363088045476e-11,-2.6271398356017026e-11,4.063887515413289e-12,9.299440666220955,0.5,False,0.33861667041232935,2.2207510833563368e-11,1.5018569290184123e-07,2.2207510833563368e-11,,True,0.0,-2.2207510826442548e-11,0.0,2.2207510833563368e-11,0.0,True,2.0988609452428426e-08,-2.627139836468457e-11,2.0970364809858215e-08,1.8147327677781724e-11,4.060183155781644e-12,True,1.4471430888498073e-16,-2.220751081028671e-11,4.836095913343362e-16,2.2207510872995863e-11,3.9432494669272704e-20,0.0,0.0,2.2207510833563368e-11,0.0,2.0988609452428426e-08,2.0970364809858215e-08,1.8147327677781724e-11,4.060183155781644e-12,exponential
gauss_left,22,600000,0.002,177,0.3713011646461742,development,128,k2_readout,1,0,0.006229959590142549,0.0034672776742602413,4.677947883106468e-10,2.733561877184523e-06,8.051668648390907e-10,3.373720765284439e-10,4.790086471195679e-10,-1.1213858792941783e-11,11.270602822713192,0.5,False,0.3740643084531616,-4.677947883609136e-10,2.7335618767755126e-06,4.677947883609136e-10,,True,0.0,4.677947883106468e-10,0.0,-4.677947883609136e-10,0.0,True,7.387546231511782e-08,4.790086471551313e-10,7.507217016062424e-08,-4.5641464776892195e-10,1.1380140591991678e-11,True,9.067249599078622e-16,4.677947884022986e-10,9.320478908872648e-16,-4.677947882806705e-10,8.024313686254411e-20,0.0,0.0,-4.677947883609136e-10,0.0,7.387546231511782e-08,7.507217016062424e-08,-4.5641464776892195e-10,1.1380140591991678e-11,gaussian
gauss_right,22,600000,0.002,177,0.23748502306292393,development,128,k2_readout,1,0,0.03786425120551125,0.0042497204621989295,9.313607557109745e-10,6.3645087022849955e-06,1.1206022818183823e-09,1.8924152610740772e-10,9.421573328863763e-10,-1.0796577133267421e-11,17.55057996062563,0.5,False,0.06416609889225279,-9.313607558413315e-10,6.364508703610858e-06,9.313607558413315e-10,,True,0.0,9.313607557109745e-10,0.0,-9.313607558413315e-10,0.0,True,2.5144923736390198e-08,9.421580928799533e-10,2.6838415772944893e-08,-9.198049394269358e-10,1.1555816414395694e-11,True,3.668929899173809e-16,9.313607556870853e-10,1.7890895977761977e-15,-9.313607556875448e-10,1.537867311488681e-19,0.0,0.0,-9.313607558413315e-10,0.0,2.5144923736390198e-08,2.6838415772944893e-08,-9.198049394269358e-10,1.1555816414395694e-11,gaussian
bump_left,22,600000,0.002,177,0.44348186274361356,development,128,k2_readout,1,0,0.023117996181481942,0.003184200720739035,1.7756890623415577e-10,2.076037099580146e-06,6.574806557500944e-10,4.799117495159387e-10,1.7693508778166986e-10,6.338184476088888e-13,9.847522597095574,0.5,False,0.4032427221958411,-1.7756890626622817e-10,2.0760370999503143e-06,1.7756890626622817e-10,,True,0.0,1.7756890623415577e-10,0.0,-1.7756890626622817e-10,0.0,True,7.853217656150412e-08,1.7693508455718668e-10,7.882991967493751e-08,-1.7821079623248205e-10,6.418899662538771e-13,True,6.530244729638803e-16,1.7756890624635878e-10,1.1414089182341263e-15,-1.7756890614943332e-10,1.1679485226397872e-19,0.0,0.0,-1.7756890626622817e-10,0.0,7.853217656150412e-08,7.882991967493751e-08,-1.7821079623248205e-10,6.418899662538771e-13,compact_bump
bump_right,22,600000,0.002,177,0.32889495195335533,development,128,k2_readout,1,0,0.021058589684931267,0.0036181405810239288,8.512103344976007e-11,8.724342365431269e-07,1.644914899546145e-10,7.937045650485443e-11,9.000235810485745e-11,-4.881324551689896e-12,14.580093710708557,0.5,False,0.21710534243993304,-8.512103367236224e-11,8.724342381639469e-07,8.512103367236224e-11,,True,0.0,8.512103344976007e-11,0.0,-8.512103367236224e-11,0.0,True,1.158278361551284e-08,8.999873309586263e-11,1.1813836226925076e-08,-8.014051905397095e-11,4.9805146183912865e-12,True,1.9964688983160652e-15,8.512103371453204e-11,2.004066347703306e-15,-8.51210334366478e-11,2.3571443425357353e-19,0.0,0.0,-8.512103367236224e-11,0.0,1.158278361551284e-08,1.1813836226925076e-08,-8.014051905397095e-11,4.9805146183912865e-12,compact_bump
step_left,22,600000,0.002,177,0.9128852702404965,development,128,k2_readout,1,0,0.0011512197659432778,0.002154505654640999,4.455267216326437e-11,9.634405498998948e-07,1.183705376094541e-10,7.381786544618975e-11,4.346367698605639e-11,1.088995149427817e-12,4.423778078419847,0.5,False,0.059429325242548264,-4.455267208344228e-11,9.63440549034699e-07,4.455267208344228e-11,,True,0.0,4.455267216326437e-11,0.0,-4.455267208344228e-11,0.0,True,5.111629259490265e-09,4.3463677014820925e-11,5.236361953076938e-09,-4.5668726362540774e-11,1.1160542790984953e-12,True,1.958500115477756e-16,4.455267217099773e-11,9.175927805070306e-16,-4.455267215346367e-11,7.002138815223932e-20,0.0,0.0,-4.455267208344228e-11,0.0,5.111629259490265e-09,5.236361953076938e-09,-4.5668726362540774e-11,1.1160542790984953e-12,tanh_step
step_right,22,600000,0.002,177,0.9636241118102141,development,128,k2_readout,1,0,0.007240206388129939,0.0022917129322260962,2.4144982989367156e-10,1.880206551976239e-06,3.6361958355624226e-10,1.221697536625707e-10,2.4114143922212055e-10,3.0839063637490287e-13,4.944230791115353,0.5,False,0.10148921513883251,-2.4144982981220327e-10,1.880206551233505e-06,2.4144982981220327e-10,,True,0.0,2.4144982989367156e-10,0.0,-2.4144982981220327e-10,0.0,True,2.434995166817877e-08,2.411414382652752e-10,2.389259407218899e-08,-2.4174953247884946e-10,2.997026666461919e-13,True,8.962596195743793e-16,2.4144982982261654e-10,9.182407696904204e-16,-2.4144982989183393e-10,7.963066131773688e-20,0.0,0.0,-2.4144982981220327e-10,0.0,2.434995166817877e-08,2.389259407218899e-08,-2.4174953247884946e-10,2.997026666461919e-13,tanh_step
kink_abs,22,600000,0.002,177,0.6214766720163144,development,128,k2_readout,1,0,0.003817626744947282,0.0021336335987455365,5.147642990776908e-14,5.233648149460166e-07,1.1484239656284237e-10,1.147909201329346e-10,3.5344662259594974e-12,-3.4829898098212234e-12,7.903853340534364,0.5,False,0.22806177434828107,-5.1476389479891464e-14,5.233648149002754e-07,5.1476389479891464e-14,,True,0.0,5.147642990776908e-14,0.0,-5.1476389479891464e-14,0.0,True,4.885026774584532e-09,3.5344662315894615e-12,4.968802233338189e-09,3.5331136957392114e-12,3.584590085219103e-12,True,2.0613303810414136e-16,5.147642316978948e-14,3.4131318528568276e-16,-5.147642194948777e-14,3.246959630720759e-20,0.0,0.0,-5.1476389479891464e-14,0.0,4.885026774584532e-09,4.968802233338189e-09,3.5331136957392114e-12,3.584590085219103e-12,kink
kink_relu,22,600000,0.002,177,0.2041432706959443,development,128,k2_readout,1,0,0.003527592904166308,0.0018141263972924586,4.13343607918758e-11,4.3391304576701484e-07,1.0895404765246025e-10,6.761968686058445e-11,4.061259322159555e-11,7.21767558243648e-13,5.782509126692884,0.5,False,0.17602571995017907,-4.1334360737244564e-11,4.3391304537527904e-07,4.1334360737244564e-11,,True,0.0,4.13343607918758e-11,0.0,-4.1334360737244564e-11,0.0,True,1.3799847207319412e-08,4.061259323816955e-11,1.3884943989161989e-08,-4.206036246834337e-11,7.260017310988076e-13,True,1.1793648034521677e-16,4.1334360785405805e-11,1.8270115966830078e-16,-4.133436074593503e-11,8.690462913058678e-21,0.0,0.0,-4.1334360737244564e-11,0.0,1.3799847207319412e-08,1.3884943989161989e-08,-4.206036246834337e-11,7.260017310988076e-13,kink
sine,0,600000,0.002,177,1.0,development,128,k2_readout,10,0,0.7773435137129034,0.0016958242002677879,7.836306212078695e-08,0.00026413302548853386,8.785137123095516e-08,9.48830911016821e-09,8.40329661590925e-08,-5.669904038329407e-09,4.487157054841216,5.0,False,0.024372006013880704,-7.822278033570185e-08,0.0002641417880842526,7.822278033570185e-08,,True,6.612150188327691e-08,7.835457555182383e-08,1.1067289556490784e-07,-7.82108672803049e-08,1.1913055396949785e-11,True,8.543231782275958e-06,8.401266191054198e-08,6.50527937442497e-06,-7.388417988597544e-08,4.338600449726414e-09,True,1.382814949728885e-07,7.826642815116682e-08,1.4656403427853406e-07,-7.826269774045883e-08,3.991740475697922e-11,1.3002574671386122e-07,1.3023708786302194e-07,-7.827145328410336e-08,4.867294840151328e-11,8.545591441485682e-06,6.501576883936684e-06,-7.389302687216643e-08,4.3297534635354224e-09,
runge,0,600000,0.002,177,1.0,development,128,k2_readout,10,0,0.0476964555669226,0.0019617041023216168,3.58618144600122e-09,2.9807980964333053e-05,6.855015291568259e-09,3.268833845567039e-09,3.6067039176051348e-09,-2.0522471637193225e-11,5.1915191414684045,5.0,False,0.11070270162599175,-3.5853255888122163e-09,2.980535094245182e-05,3.5853255888122163e-09,,True,3.069017801174493e-10,3.5861215039315217e-09,3.361756537133014e-10,-3.5852641018766376e-09,6.148693557864061e-14,True,5.796435564750198e-07,3.606649130510247e-09,6.005889953521931e-07,-3.5640368995539675e-09,2.1288689258248732e-11,True,1.135551948964768e-08,3.5856925506618337e-09,1.1332837751898813e-08,-3.5856856684642153e-09,3.6007965199904837e-13,1.1387360309688001e-08,1.1577138583143842e-08,-3.5857904013382963e-09,4.648125260800743e-13,5.795258607640688e-07,6.002455238528423e-07,-3.5641508849375152e-09,2.1174703874701024e-11,
moment3,0,600000,0.002,177,1.0,development,128,k2_readout,10,0,0.006368595563017709,0.0037904602885697916,2.382613863654901e-09,3.1376467163116834e-06,2.5031234050549162e-09,1.205095414000152e-10,2.917366507472613e-09,-5.347526438356937e-10,19.31680838497149,5.0,False,0.32382439043457695,-2.30745499890153e-09,3.1210734322779694e-06,2.30745499890153e-09,,True,1.0436614081452328e-11,2.3826150111840517e-09,4.242133947104496e-11,-2.307467300825484e-09,1.2301923954060972e-14,True,5.766780557996611e-07,2.9187242296138415e-09,5.823167395875955e-07,-1.766023771994931e-09,5.41431226906599e-10,True,4.505877012559927e-08,2.341986326022985e-09,4.511957263399659e-08,-2.348154684235058e-09,4.069968533352813e-11,4.308804296793933e-08,4.282522547735699e-08,-2.3452741757832166e-09,3.781917688168651e-11,5.779537061810792e-07,5.83838126770512e-07,-1.7645935558304757e-09,5.428614430710544e-10,
moment5,0,600000,0.002,177,1.0,development,128,k2_readout,10,0,0.7499971640787795,0.0014083423501344515,2.0086385395022715e-11,1.0521888871443308e-07,4.880708182250801e-11,2.8720696427485293e-11,2.262344775363384e-11,-2.5370623775513193e-12,3.5773956212945235,5.0,False,0.052434253977131785,-2.0041614524244778e-11,1.051952646128036e-07,2.0041614524244778e-11,,True,2.9886410467728217e-14,2.0086374038847205e-11,8.834683074193247e-14,-2.0041581823068702e-11,3.270117607583717e-17,True,7.2172414614982425e-09,2.2623438481747755e-11,7.218731476877787e-09,-1.7504008528331374e-11,2.537605995913404e-12,True,6.363180421934026e-11,2.0063981369701157e-11,6.361821954234836e-11,-2.006398392362513e-11,2.2369399380352552e-14,6.363171672675307e-11,6.361863684917758e-11,-2.0063979421697658e-11,2.2364897452880187e-14,7.217241898674994e-09,7.218730689491077e-09,-1.7504003992407728e-11,2.5376105318370497e-12,
moment9,0,600000,0.002,177,1.0,development,128,k2_readout,10,0,0.7500008936991112,0.001405034197364956,-8.324523350242487e-12,5.669181229200587e-08,1.831538539182325e-11,2.6639908742065737e-11,-8.946646431105925e-12,6.22123067481774e-13,3.5790440957121383,5.0,False,0.027606906119459665,8.313487100934102e-12,5.6689986835255466e-08,8.313487100934102e-12,,True,3.9122002649642795e-15,-8.324525307204438e-12,9.595751662247545e-15,8.313491940794224e-12,4.839860122351854e-18,True,1.7605430840418912e-09,-8.94664789354878e-12,1.760094226658457e-09,7.691525973081441e-12,6.219611278526605e-13,True,1.5692556041127157e-11,-8.319010155779455e-12,1.569278979112603e-11,8.319005630881595e-12,5.518529947493782e-15,1.56931889312131e-11,1.5691208072319763e-11,8.319013174585738e-12,5.526073651635859e-15,1.7605434937628126e-09,1.7600938358299598e-09,7.69153341977399e-12,6.219536811601121e-13,
mixed_sine,0,600000,0.002,177,0.8100925873009825,development,128,k2_readout,10,0,0.32240444835703624,0.002771798883874246,8.568227692735565e-09,6.023753244047459e-05,1.2573992330036357e-08,4.005764637300791e-09,9.625547325889325e-09,-1.0573196330337031e-09,6.883342096914724,5.0,False,0.22306954918541316,-8.512628852408296e-09,6.022896993023224e-05,8.512628852408296e-09,,True,3.9341353545514323e-10,8.568140502835867e-09,9.374806258952445e-10,-8.51239884320563e-09,2.3000920266608156e-13,True,1.27446572231598e-06,9.625620325967962e-09,1.2771508316122236e-06,-7.453152302996132e-09,1.0594765494121644e-09,True,3.282579895241764e-08,8.541022547017061e-09,3.1751249903781317e-08,-8.539078738330418e-09,2.6449885922121354e-11,3.353642895055288e-08,3.325928676744937e-08,-8.54042626914315e-09,2.7797416734853354e-11,1.2733952115216557e-06,1.2753575831298235e-06,-7.454815989642013e-09,1.057812862766283e-09,
localized_sine,0,600000,0.002,177,0.4822374526221915,development,128,k2_readout,10,0,0.19314972631481658,0.003281173594253946,7.56351524994645e-09,4.0615478596343244e-05,1.2599180816058045e-08,5.035665566111596e-09,7.790008656252431e-09,-2.2649340630110556e-10,13.095108696960414,5.0,False,0.17476036445167062,-7.549743057145657e-09,4.0595588188981137e-05,7.549743057145657e-09,,True,3.824886236277978e-10,7.5633440563045e-09,9.58545462333586e-10,-7.549580884646618e-09,1.6217249903926822e-13,True,9.965434714397627e-07,7.790238306467597e-09,1.0266860348865233e-06,-7.315753691593161e-09,2.339893655524966e-10,True,3.426536032399062e-08,7.555524933424617e-09,3.4533450067495854e-08,-7.557381594613015e-09,7.638537467357318e-12,3.487792038559747e-08,3.429659382109322e-08,-7.55692880469169e-09,7.185747546033203e-12,9.963547967697533e-07,1.0271272827302535e-06,-7.315735806292246e-09,2.34007250853411e-10,
chirp,0,600000,0.002,177,0.7001068817853702,development,128,k2_readout,10,0,0.7347816851469481,0.002173365099977079,1.503327692517253e-08,0.00011293068900345359,1.8488903637523156e-08,3.4556267123506273e-09,1.561687202155715e-08,-5.835950963230846e-10,9.32267009680497,5.0,False,0.1094015423740521,-1.5006342693274427e-08,0.00011292050001923839,1.5006342693274427e-08,,True,4.781656568120541e-09,1.5032865059738656e-08,9.483241152099715e-09,-1.5005835150181823e-08,5.075430926039716e-13,True,1.936235570787066e-06,1.561787364358201e-08,1.9333661680304916e-06,-1.442063744597976e-08,5.857052472946667e-10,True,4.155726090362192e-08,1.5021273740736235e-08,4.275973803720829e-08,-1.5019028357527326e-08,1.2685664252899061e-11,4.0549464404394894e-08,4.2615581146991925e-08,-1.5019864011031083e-08,1.3521317756656667e-11,1.936761435043103e-06,1.932744331624275e-06,-1.4422489548271126e-08,5.838531450033005e-10,
moment4,0,600000,0.002,177,1.0,development,128,k2_readout,10,0,0.7499835147911825,0.0014156190208869717,1.1598762577238561e-10,7.406970133204592e-07,2.2305704128058444e-10,1.0706941550819883e-10,1.1834314800111515e-10,-2.3555222262389818e-12,3.5844102767291863,5.0,False,0.012614117831719224,-1.1594527374582013e-10,7.406997741453509e-07,1.1594527374582013e-10,,True,2.14660661989269e-12,1.159871406560008e-10,5.93269618486325e-12,-1.1594394947161656e-10,1.324274203563488e-15,True,6.720577078689036e-09,1.1834274333831073e-10,6.7975324595343275e-09,-1.1356177009607694e-10,2.3835036497431804e-12,True,6.192903134124693e-11,1.1596576234868184e-10,6.194694651222928e-11,-1.1596568082579006e-10,2.0407079969934006e-14,6.193037575154935e-11,6.187155238049779e-11,-1.1596581235180273e-10,2.053860598260744e-14,6.7205809667279005e-09,6.797526869739751e-09,-1.1356190090499249e-10,2.383372840827636e-12,
blend_m010,0,600000,0.002,177,1.0,development,128,k2_readout,10,0,0.7496060427947225,0.0015120144237885428,1.4964244103265514e-09,4.824473596814411e-06,2.1690634611516973e-09,6.726390508251459e-10,1.5297634174172777e-09,-3.333900708973715e-11,3.596710442979585,5.0,False,0.05348535933208244,-1.4957366736647709e-09,4.823820965692101e-06,1.4957366736647709e-09,,True,3.8716027069261284e-11,1.4964155310788975e-09,9.46949167786365e-11,-1.4957151389218943e-09,2.1534742876571915e-14,True,2.2158844172199233e-07,1.5297564116409061e-09,2.246165051764915e-07,-1.4619257150937626e-09,3.3810958571008316e-11,True,2.3145794633178675e-09,1.4960688284022053e-09,2.3132214992490334e-09,-1.4960682803747215e-09,3.316067099506085e-13,2.3144041164269685e-09,2.313417029152108e-09,-1.4960691771247699e-09,3.3250345999900733e-13,2.2158860674053291e-07,2.2461621187086922e-07,-1.4619265931023124e-09,3.381008056245847e-11,
blend_p001,0,600000,0.002,177,1.0,development,128,k2_readout,10,0,0.7500129637524346,0.001399482493167459,-5.209078627401497e-11,2.1623512236966958e-07,6.075918537724278e-11,1.1284997165125776e-10,-5.908173448206435e-11,6.990948218025258e-12,3.582908499856635,5.0,False,0.09267622930863628,5.196852088055018e-11,2.161516701433319e-07,5.196852088055018e-11,,True,6.822293479080929e-14,-5.2090812197242976e-11,2.0012423187245768e-13,5.196859700574604e-11,7.612519586522185e-17,True,1.9447050323452046e-08,-5.908175291955603e-11,1.943915950420412e-08,4.498045733498263e-11,6.988063545567548e-12,True,1.7008506595785806e-10,-5.202969442092416e-11,1.7010863159191086e-10,5.202968791965438e-11,6.116703910420021e-14,1.7008294792701087e-10,1.7011298445292643e-10,5.2029698569413977e-11,6.117768886379891e-14,1.9447052891260652e-08,1.9439155320423173e-08,4.4980467650216857e-11,6.988053230333321e-12,
blend_p010,0,600000,0.002,177,1.0,development,128,k2_readout,10,0,0.7500464324173799,0.0013763480035456329,7.819609741371556e-12,1.723680077189988e-06,7.086662016023763e-10,7.008465918610047e-10,-6.217322314781072e-11,6.999283287699533e-11,3.646287843916808,5.0,False,0.11912658866067792,-9.023252945119233e-12,1.7230615848123286e-06,9.023252945119233e-12,,True,4.925765140977394e-12,7.817842871109745e-12,1.3267609133805679e-11,-9.018210625019468e-12,5.042320099764558e-15,True,1.552754255563906e-07,-6.217516983550113e-11,1.553667820276269e-07,-7.905252999446517e-11,7.002927704934593e-11,True,1.331483000588154e-09,8.417756820869021e-12,1.333041878210425e-09,-8.417734903025337e-12,6.055180420938959e-13,1.3314768005307628e-09,1.3330562773573702e-09,-8.41777143428341e-12,6.054815108358229e-13,1.552754332303967e-07,1.5536676905735366e-07,-7.90525668053494e-11,7.002931386023016e-11,
blend_p030,0,600000,0.002,177,1.0,development,128,k2_readout,10,0,0.6899490861563528,0.0021824935623505977,5.549222951995488e-09,1.5498956691849628e-05,7.015029381783292e-09,1.4658064297878045e-09,7.415758445297461e-09,-1.8665354933406897e-09,6.751136320445465,5.0,False,0.15817437156864453,-5.465223079670919e-09,1.5445221066380403e-05,5.465223079670919e-09,,True,5.849256692419418e-10,5.549147150395818e-09,1.9653907494982213e-09,-5.465035121388857e-09,1.87958282062694e-13,True,2.214383301081595e-06,7.415782144953408e-09,2.227193997055988e-06,-3.5870834559272746e-09,1.8781396237436448e-09,True,5.059230982111983e-08,5.5063844945469755e-09,5.098249312716422e-08,-5.507581380370944e-09,4.235830070002447e-11,5.049743488943067e-08,5.098758221630376e-08,-5.507305820595303e-09,4.208274092438398e-11,2.2144978686846902e-06,2.2272081208784293e-06,-3.5869431458907568e-09,1.8782799337801626e-09,
exp_right,22,600000,0.002,177,2.6119867843594364,development,128,k2_readout,10,0,0.00014992779388892474,0.0016852406284813683,2.2110532077599986e-10,1.2805903072625346e-06,3.554337586948861e-10,1.343284379188862e-10,2.344322915126222e-10,-1.332697080178487e-11,6.486390966695002,5.0,False,0.2628666280947634,-2.206312099996669e-10,1.281031500378777e-06,2.206312099996669e-10,,True,6.038254439127717e-12,2.2110456766518116e-10,1.728778163994156e-11,-2.2062940206489847e-10,1.8079347684432162e-15,True,1.2928771511395887e-07,2.344429967709007e-10,1.2916035492705335e-07,-2.0729960673770406e-10,1.3331603261962848e-11,True,2.1224448861770177e-09,2.2081743116223174e-10,2.116796070880796e-09,-2.2091561515581504e-10,2.8440515614812615e-13,2.0750023806093494e-09,2.06851140763788e-09,-2.2086854305409146e-10,2.3733305442455103e-13,1.2929359817044398e-07,1.2917154202605954e-07,-2.0726432256849814e-10,1.3366887431168768e-11,exponential
exp_left,22,600000,0.002,177,13.649519383995864,development,128,k2_readout,10,0,0.0005812270355720008,0.0018555396893300896,-2.2270421897625767e-10,1.5015524902944098e-06,2.5336740666671723e-10,4.760716256429749e-10,-2.62737301193467e-10,4.0033082194841073e-11,9.299451437310044,5.0,False,0.3273498185586778,2.2145148935868e-10,1.5021434324671541e-06,2.2145148935868e-10,,True,2.4221733654969855e-11,-2.2270610287546277e-10,7.083861848756962e-11,2.214568641003342e-10,5.374741654182941e-15,True,2.0648190002768857e-07,-2.6273211526102826e-10,2.0631227201776295e-07,1.8146120283746104e-10,3.999028652121897e-11,True,3.7109038890273037e-09,-2.2209904003742036e-10,3.679405006080095e-09,2.2205723467994673e-10,6.057453212667179e-13,3.3289753330282663e-09,3.317960927577781e-09,2.2207510843406178e-10,6.236190753817661e-13,2.065838878387654e-07,2.0641812623678012e-07,1.81473277077887e-10,3.9978212280793e-11,exponential
gauss_left,22,600000,0.002,177,0.3713011646461742,development,128,k2_readout,10,0,0.006229525192158867,0.003467281888235239,4.681769785323905e-09,2.734305089994477e-05,8.063003011673775e-09,3.38123322634987e-09,4.788784247628676e-09,-1.070144622597861e-10,11.27063886518501,5.0,False,0.3408322208153977,-4.673917754748636e-09,2.7326685590818707e-05,4.673917754748636e-09,,True,1.2671635304882918e-10,4.6816921732062465e-09,2.575605841534139e-10,-4.67385066168193e-09,6.70930667059917e-14,True,7.062699885322523e-07,4.789050795990171e-09,7.183353099992894e-07,-4.5648193298538335e-09,1.0909842489480235e-10,True,3.367697054036903e-08,4.676551941766526e-09,3.360965439839901e-08,-4.678987586139982e-09,5.0698313913460506e-12,2.987712073163971e-08,3.004100545289219e-08,-4.67794788322779e-09,4.030128479154407e-12,7.091758884634066e-07,7.208151261800352e-07,-4.564146477905409e-09,1.0977127684322653e-10,gaussian
gauss_right,22,600000,0.002,177,0.23748502306292393,development,128,k2_readout,10,0,0.03786293456304203,0.004249728849196445,9.318358271477798e-09,6.364683945060646e-05,1.1212153177216939e-08,1.8937949057391406e-09,9.422914792852589e-09,-1.045565213040737e-10,17.55072179794553,5.0,False,0.05999533761360262,-9.308240980701347e-09,6.364090531190196e-05,9.308240980701347e-09,,True,1.7014887415997423e-09,9.318365777694731e-09,5.076444636970071e-09,-9.308369294493541e-09,1.2831379219400607e-13,True,2.4368919185669946e-07,9.423211309422296e-09,2.593880250271386e-07,-9.196747937045759e-09,1.1149304365558853e-10,True,8.057864778430893e-09,9.315078877665696e-09,1.0862265061802101e-08,-9.312494671584162e-09,4.25369088281467e-12,1.3978321655675786e-08,1.4800067887526694e-08,-9.31360755760124e-09,5.366576899892933e-12,2.420790622116771e-07,2.5894445811089793e-07,-9.198049394910778e-09,1.1019158579056953e-10,gaussian
bump_left,22,600000,0.002,177,0.44348186274361356,development,128,k2_readout,10,0,0.023117709757752836,0.003184202318361906,1.775191777242676e-09,2.075892964076921e-05,6.58338626324938e-09,4.808194486006704e-09,1.7691002315801245e-09,6.091545587791028e-12,9.847526053634553,5.0,False,0.3733872700218463,-1.7762537077921153e-09,2.0761665184069572e-05,1.7762537077921153e-09,,True,1.5061008084586433e-10,1.775115633387902e-09,2.8786031586734544e-10,-1.7761809090670766e-09,7.279872503865002e-14,True,7.552480573833289e-07,1.7691423536101558e-09,7.582375055164255e-07,-1.7822334703692082e-09,5.979762577092965e-12,True,3.0329793789855786e-08,1.775354564384831e-09,3.031869933011347e-08,-1.7759409834568602e-09,3.1272433525513156e-13,3.00964266053351e-08,2.99947964100018e-08,-1.77568906234463e-09,5.646454474852294e-13,7.553753656969599e-07,7.584320386304496e-07,-1.7821079629441595e-09,5.854255152044241e-12,compact_bump
bump_right,22,600000,0.002,177,0.32889495195335533,development,128,k2_readout,10,0,0.02105856823220667,0.0036181413488615,8.529586045720389e-10,8.72445908966887e-06,1.6468952431255802e-09,7.939366385535412e-10,9.001404296092059e-10,-4.718182482778293e-11,14.580102371114469,5.0,False,0.2015298331394046,-8.493783269104362e-10,8.723761329833828e-06,8.493783269104362e-10,,True,6.117977641503622e-11,8.529613499254297e-10,1.8592051406608748e-10,-8.49388778949626e-10,1.0452039189863536e-14,True,1.1191921069359025e-07,9.001931310567232e-10,1.1421338119696633e-07,-8.011527372884863e-10,4.822558962194987e-11,True,3.929680315631573e-09,8.51332031959274e-10,3.930004395116593e-09,-8.510453399414721e-10,1.6670130310359267e-12,4.183775838508669e-09,4.203983375543669e-09,-8.512103355417291e-10,1.8320086312929255e-12,1.1164515989910837e-07,1.1396067604143615e-07,-8.014051906510297e-10,4.797313625940647e-11,compact_bump
step_left,22,600000,0.002,177,0.9128852702404965,development,128,k2_readout,10,0,0.0011511949633043106,0.0021545060554295174,4.45341190079541e-10,9.634446621889203e-06,1.1837635444352555e-09,7.384223543557146e-10,4.346676946240722e-10,1.0673495384066938e-11,4.423776838984005,5.0,False,0.05707459821443389,-4.457118991765093e-10,9.634130600959522e-06,4.457118991765093e-10,,True,2.1187076466465467e-11,4.4533794187158424e-10,3.564015228629974e-11,-4.457057795035847e-10,6.119672924583035e-15,True,5.012921927367853e-08,4.346577090718018e-10,5.1330976396780756e-08,-4.5664634645378086e-10,1.0934447277271584e-11,True,1.0008783726428625e-09,4.455515124657263e-10,1.0471464053112446e-09,-4.4548185411626783e-10,2.3004506024144654e-13,8.758503770758946e-10,9.284813749541853e-10,-4.4552672140944807e-10,1.8517776706120571e-13,5.0243018290106046e-08,5.1451811068825324e-08,-4.566872636488758e-10,1.0975364472366539e-11,tanh_step
step_right,22,600000,0.002,177,0.9636241118102141,development,128,k2_readout,10,0,0.007240114689945511,0.002291715105244522,2.414468255802018e-09,1.8801953610558345e-05,3.6348960171902862e-09,1.2204277613882686e-09,2.4114111648908016e-09,3.0570908602649886e-12,4.944250307836143,5.0,False,0.1001204773056386,-2.4144838205107052e-09,1.8801738264657525e-05,2.4144838205107052e-09,,True,1.1865628160521913e-10,2.4144492876912885e-09,1.8116426123235718e-10,-2.4144573308014613e-09,2.6489709243871027e-14,True,2.401073930539347e-07,2.4113890704642478e-09,2.3564013424454325e-07,-2.4174307394854333e-09,2.9469189747280413e-12,True,3.480554808984786e-09,2.4144765218947527e-09,3.358281689650473e-09,-2.414430360140134e-09,5.3460370571043033e-14,3.299067325798998e-09,3.339086144798266e-09,-2.4144982986057893e-09,1.4478095084096587e-14,2.4024541575858147e-07,2.3564783126415298e-07,-2.417495324820347e-09,3.0115043096416337e-12,tanh_step
kink_abs,22,600000,0.002,177,0.6214766720163144,development,128,k2_readout,10,0,0.003817606799530984,0.0021336336008658265,2.1717665132429247e-12,5.2351125368812774e-06,1.1488657296257533e-09,1.1466939631125104e-09,3.524731115469276e-11,-3.3075544645013e-11,7.903861282283991,5.0,False,0.19694591490021238,1.159180785999352e-12,5.232221964475563e-06,1.159180785999352e-12,,True,6.676989816291579e-11,2.1614991552833233e-12,1.900349095374111e-10,1.1864364078449552e-12,2.7255621845603205e-14,True,4.5994209800709654e-08,3.525486681783001e-11,4.699804196021087e-08,3.532417631266315e-11,3.41649955266638e-11,True,3.121364621471086e-09,4.0318992543909505e-13,2.9377908365312773e-09,-5.437234612163024e-13,1.7029042472156543e-12,2.6253133345825534e-09,2.590701745379035e-09,-5.147641795599063e-13,1.6739449655592583e-12,4.6310353968153615e-08,4.717693549049673e-08,3.533113698314766e-11,3.417195619714831e-11,kink
kink_relu,22,600000,0.002,177,0.2041432706959443,development,128,k2_readout,10,0,0.0035275865127686757,0.0018141267691773179,4.13219220350456e-10,4.339601399926433e-06,1.0898190359460051e-09,6.765998155955491e-10,4.0617758572391666e-10,7.041634592816399e-12,5.782502255971014,5.0,False,0.1680260363905534,-4.134651807439741e-10,4.3385488336831935e-06,4.134651807439741e-10,,True,2.2842158631153135e-11,4.1321501544453133e-10,6.529394417565798e-11,-4.134554249045072e-10,9.755839466909654e-15,True,1.3587782400284533e-07,4.0616260580106936e-10,1.3669226755300807e-07,-4.205476949555101e-10,7.082514211536016e-12,True,2.2164498558332885e-09,4.1339062245041335e-10,2.2710250199331385e-09,-4.132772451406971e-10,1.8793560327701695e-13,2.027222949915475e-09,2.0600604925952e-09,-4.1334360781833915e-10,1.2157292563495596e-13,1.359804601250756e-07,1.3679182979193678e-07,-4.206036249190333e-10,7.138444175059174e-12,kink
sine,0,600000,0.002,177,1.0,development,128,k2_readout,1000,0,0.7722056973947785,0.0017041144116373098,8.368574431642635e-06,0.027031011006504558,9.395985083632186e-06,1.0274106519895525e-06,8.573786025472982e-06,-2.052115938303776e-07,4.535807446550716,500.0,False,0.0029605116417310597,-7.767031688967294e-06,0.027285042320634216,7.767031688967294e-06,,True,0.0007157081623741174,8.197240394244768e-06,0.001222136652989973,-7.452871535186095e-06,3.141601537811991e-07,True,0.0007515358033667977,8.347569530982483e-06,0.0012571158400849609,-7.291806195653244e-06,4.7522549331405034e-07,True,0.0009571817782872398,7.771597922119547e-06,0.0012740191871157941,-7.73066031842252e-06,3.637137054477379e-08,0.0008283575652329137,0.0010054911363759494,-7.827145328410057e-06,6.011363944276328e-08,0.000622848544346256,0.0009560469907197068,-7.389302687215863e-06,3.7772900175143115e-07,
runge,0,600000,0.002,177,1.0,development,128,k2_readout,1000,0,0.04747897455419127,0.0019620613444148445,3.608282746735597e-07,0.002982202765871024,7.07025175184819e-07,3.4619690051125913e-07,3.6127215287230553e-07,-4.4687724177382634e-10,5.197241411960885,500.0,False,0.0009304209524828611,-3.595091686683575e-07,0.00296990834739748,3.595091686683575e-07,,True,3.2391312030388003e-06,3.6012541914779146e-07,3.6108883427674088e-06,-3.5884142170753035e-07,6.677469608271599e-10,True,1.3988876160823586e-05,3.6065918399465777e-07,1.6705266841859088e-05,-3.582000075817257e-07,1.3091610866318071e-09,True,4.684009552342485e-05,3.58188908763787e-07,4.635323544925536e-05,-3.607529599961872e-07,1.243791327829667e-09,4.71075374542864e-05,4.914411377232364e-05,-3.6191588175764115e-07,2.406713089283646e-09,1.498263221880961e-05,1.4236487145968496e-05,-3.594718893084161e-07,3.7279359941431624e-11,
moment3,0,600000,0.002,177,1.0,development,128,k2_readout,1000,0,0.006361209609976464,0.0037907350292534984,2.7712329757080765e-07,0.0003176904371353429,2.8330247124997347e-07,6.179173679165821e-09,2.7989463410232516e-07,-2.771336532932355e-09,19.322479225969843,500.0,False,0.005036400590809018,-1.86657138448377e-07,0.0003030916122838745,1.86657138448377e-07,,True,2.5959644473697683e-07,2.771761043826918e-07,2.6359345064555686e-07,-1.868763412494785e-07,2.1920280110150213e-10,True,3.283743597750129e-06,2.8045900197688896e-07,3.6060840237661327e-06,-1.8297502722632943e-07,3.682111222047568e-09,True,6.383771677571794e-05,2.1396813367889781e-07,6.417532314981359e-05,-2.501056753310897e-07,6.344853688271271e-08,5.412960328600874e-05,4.940239164165471e-05,-2.3452741758348317e-07,4.787027913510617e-08,2.0050264807928186e-05,1.427632221487018e-05,-1.7645935558375766e-07,1.0197782864619336e-08,
moment5,0,600000,0.002,177,1.0,development,128,k2_readout,1000,0,0.7499971637877184,0.001408344480177314,2.1501292479876318e-09,1.0605057340802719e-05,4.905138819145821e-09,2.7550095711581893e-09,2.2624718749152207e-09,-1.1234262702524525e-10,3.5773938198619954,500.0,False,0.006181075977882451,-1.8631227691248816e-09,1.0451834796736956e-05,1.8631227691248816e-09,,True,3.3050562670031336e-10,2.1500094867020753e-09,9.386864372103558e-10,-1.862806697580373e-09,3.1607154450866535e-13,True,3.196226932646648e-07,2.2623650695111736e-09,3.1992166177700875e-07,-1.750450803105262e-09,1.1267196601961958e-10,True,4.0846417566052084e-07,2.0064195788717877e-09,4.083145005054912e-07,-2.0064481210431237e-09,1.433253519182421e-10,4.08461254400811e-07,4.0832442358997104e-07,-2.0063979413568437e-09,1.4327517223196215e-10,3.1962840591267037e-07,3.1991345944101396e-07,-1.7504003993373634e-09,1.127223697875182e-10,
moment9,0,600000,0.002,177,1.0,development,128,k2_readout,1000,0,0.7500008935911329,0.0014050333386602346,-8.670292447266429e-10,5.677029220881771e-06,1.810692056532582e-09,2.677721301259225e-09,-8.946123428405912e-10,2.7583097949728416e-11,3.5790441818182726,500.0,False,0.001410336094659194,7.965969381321819e-10,5.661403642642041e-06,7.965969381321819e-10,,True,4.271858338055276e-11,-8.670499913183977e-10,1.009904254613182e-10,7.966432436128825e-10,4.6305480700602276e-14,True,7.796971494744468e-08,-8.946302186076422e-10,7.79205177498373e-08,7.690708758593559e-10,2.7526062272826005e-11,True,9.965547791660692e-08,-8.318676508005777e-10,9.965923421352268e-08,8.318176364101834e-10,3.5220698278001585e-11,9.965444816653348e-08,9.966525531826699e-08,8.319013185508155e-10,3.530438041863367e-11,7.797782612791472e-08,7.79179912039052e-08,7.691533420882693e-10,2.744359604391253e-11,
mixed_sine,0,600000,0.002,177,0.8100925873009825,development,128,k2_readout,1000,0,0.3223263921813475,0.002772741881717989,9.515660714355973e-07,0.006033271760905675,1.304592494982628e-06,3.5302642354703053e-07,9.735300745582067e-07,-2.196400312240512e-08,6.878929392766232,500.0,False,0.010127235884966763,-7.565668074419918e-07,0.005988718789720005,7.565668074419918e-07,,True,5.268240698138537e-06,9.4944836806934e-07,1.1723160321206915e-05,-7.518123980612064e-07,4.754409380785401e-09,True,2.4565841393221924e-05,9.719771965471069e-07,3.6871953145547765e-05,-7.280625246760925e-07,2.850428276589936e-08,True,0.00011040829417308127,8.602484255955643e-07,9.933352657604456e-05,-8.399275587003075e-07,8.336075125831567e-08,0.00011783327167154764,0.00011689875494089699,-8.540426269200253e-07,9.74758194780335e-08,1.3502609934134785e-05,3.175502572856856e-05,-7.454815989619017e-07,1.1085208480090132e-08,
localized_sine,0,600000,0.002,177,0.4822374526221915,development,128,k2_readout,1000,0,0.19303434763195934,0.0032819530374052952,7.870066665985975e-07,0.004080886351091984,1.3077416749407095e-06,5.207350083421121e-07,7.893164521949831e-07,-2.3227168259969282e-09,13.11100064961981,500.0,False,0.008037487747844437,-7.592670472453426e-07,0.004013458298468001,7.592670472453426e-07,,True,4.122376578768598e-06,7.849263743241583e-07,9.948111342843454e-06,-7.576117588091808e-07,1.6552884361618646e-09,True,1.160366011237962e-05,7.882459885623045e-07,1.7814464467589717e-05,-7.533874416610459e-07,5.879605584296714e-09,True,9.443649764295617e-05,7.589952794210056e-07,9.584989410584733e-05,-7.83507597079977e-07,2.4240549834634334e-08,0.00010395560667687156,9.542249614657894e-05,-7.79145586909797e-07,1.9878539664454344e-08,4.489416348682482e-05,3.567178260415593e-05,-7.535325615209345e-07,5.734485724408149e-09,
chirp,0,600000,0.002,177,0.7001068817853702,development,128,k2_readout,1000,0,0.7340118567921252,0.002174914740326236,1.5646736260823077e-06,0.011289769224900978,1.9296407651417616e-06,3.6496713905945416e-07,1.5814811814233677e-06,-1.680755534112401e-08,9.367834194840928,500.0,False,0.012224124262392513,-1.4379013443522321e-06,0.011242926629136812,1.4379013443522321e-06,,True,4.693687523378333e-05,1.5626104035100208e-06,8.081740350353237e-05,-1.4392820857572445e-06,1.3807414050124212e-09,True,8.019418554872501e-05,1.5846902529764274e-06,9.071609043320878e-05,-1.420376769755305e-06,1.7524574596927024e-08,True,0.0001481415303650258,1.5149081006179993e-06,0.000176197445835949,-1.4903333401580495e-06,5.243199580581742e-08,0.00015145589298882928,0.00016530983225235545,-1.5019864011045445e-06,6.408505675231238e-08,9.661753592838086e-05,7.063679808566725e-05,-1.4422489548332831e-06,4.347610481050996e-09,
moment4,0,600000,0.002,177,1.0,development,128,k2_readout,1000,0,0.7499835013444708,0.0014156306404652628,1.1735565916692337e-08,7.409374210149748e-05,2.2312340301090177e-08,1.0576774384397839e-08,1.183822149590828e-08,-1.0265557910170293e-10,3.5844246058979836,500.0,False,0.0005431927475728698,-1.1471752103170334e-08,7.410934522511121e-05,1.1471752103170334e-08,,True,2.3738330494043868e-08,1.1730544171914917e-08,6.522302348918195e-08,-1.145868728385092e-08,1.3064819319414321e-11,True,2.9178346801423917e-07,1.1833716425196794e-08,3.095081944979783e-07,-1.1354738430431214e-08,1.1701367273911947e-10,True,3.8798911727733817e-07,1.1596026417206588e-08,3.891588645450086e-07,-1.1595121392596867e-08,1.2336928942653316e-10,3.878407070644556e-07,3.881843724007136e-07,-1.1596581234714817e-08,1.248291315444826e-10,2.916806062690668e-07,3.081682309215452e-07,-1.135619008898818e-08,1.1556201418215406e-10,
blend_m010,0,600000,0.002,177,1.0,development,128,k2_readout,1000,0,0.7496054230883725,0.0015121646723394767,1.5174497534393537e-07,0.0004850146232759328,2.1607618801033214e-07,6.433121266639676e-08,1.530522513796434e-07,-1.3072760358747268e-09,3.5969132596487987,500.0,False,0.0053002746396412816,-1.4772145908380364e-07,0.00048139883652318613,1.4772145908380364e-07,,True,4.22109318805103e-07,1.5165359093583287e-07,9.94278914643761e-07,-1.4751366370293735e-07,2.0779538086629524e-10,True,8.688474419989639e-06,1.5297160297925184e-07,9.063116905866514e-06,-1.461829143437025e-07,1.5385447401011373e-09,True,1.3717960743253353e-05,1.4960304702281444e-07,1.3717439071020433e-05,-1.4959696444125926e-07,1.8755053574556204e-09,1.3715857562473912e-05,1.3718431472168829e-05,-1.4960691771240652e-07,1.885458628602884e-09,8.68964923038115e-06,9.056359532441556e-06,-1.461926593093531e-07,1.528799774450534e-09,
blend_p001,0,600000,0.002,177,1.0,development,128,k2_readout,1000,0,0.7500129625633214,0.001399476949332055,-5.595926190092618e-09,2.1912923886434563e-05,5.893030678793303e-09,1.148895686888592e-08,-5.907899784058812e-09,3.1197359433704793e-10,3.582914025230965,500.0,False,0.013286899852012552,4.809014936278905e-09,2.137516857326547e-05,4.809014936278905e-09,,True,7.567016122552424e-10,-5.596199356392153e-09,2.0954259833379843e-09,4.809723453928563e-09,7.085176496578111e-13,True,8.678048929479941e-07,-5.908125933984809e-09,8.667565923640381e-07,4.497932419249796e-09,3.1108251702910947e-10,True,1.0939058629348869e-06,-5.202923811183931e-09,1.0941702367951798e-06,5.202851753232705e-09,3.938368169537997e-10,1.0938816258184494e-06,1.0942212716424972e-06,5.2029698567850075e-09,3.9395492050610246e-10,8.678338911120847e-07,8.667111910670109e-07,4.498046764567331e-09,3.109681717115737e-10,
blend_p010,0,600000,0.002,177,1.0,development,128,k2_readout,1000,0,0.7500463542296936,0.0013763449633123466,-3.0324136766563814e-09,0.0001745711353612285,6.92027717293073e-08,7.223518540596368e-08,-6.194637360143521e-09,3.1622236836580037e-09,3.6464425006318715,500.0,False,0.018603664133954756,-4.797252034364183e-09,0.00017057699730357986,4.797252034364183e-09,,True,5.637965845385257e-08,-3.0541171189192726e-09,1.458502778495938e-07,-4.740193007346116e-09,5.705902701806707e-11,True,7.01996096010364e-06,-6.217674607909544e-09,7.013704500376483e-06,-7.904848105082126e-09,3.1075960707179435e-09,True,8.64113156854792e-06,8.416150713527304e-10,8.658951875500738e-06,-8.413715746701762e-10,3.955880459694007e-09,8.641063953285482e-06,8.6590943096758e-06,-8.417771426916424e-10,3.95547489167254e-09,7.0200402151794045e-06,7.013531741226841e-06,-7.90525668036534e-09,3.1080046460011577e-09,
blend_p030,0,600000,0.002,177,1.0,development,128,k2_readout,1000,0,0.6899228581151392,0.0021831858435377863,6.978304101411023e-07,0.0016563859633371958,8.585432815624807e-07,1.6071287142137822e-07,7.338237150294455e-07,-3.599330488869194e-08,6.760603988204382,500.0,False,0.0012045395294402205,-4.018019833041656e-07,0.0014457017209473693,4.018019833041656e-07,,True,6.616342594451572e-06,6.96702260503509e-07,2.064836797843873e-05,-3.9837706698428897e-07,3.424916319876651e-09,True,4.423982770521742e-05,7.330663997704583e-07,4.6633937411689924e-05,-3.6029710173101123e-07,4.150488157315439e-08,True,0.0001830019222205799,5.406753554091216e-07,0.0001875556359211194,-5.538083444822814e-07,1.5200636117811576e-07,0.00018230026109989232,0.0001882805970961241,-5.507305820582583e-07,1.4892859875409273e-07,4.896648299654511e-05,4.9277760584947945e-05,-3.586943145893904e-07,4.310766871477524e-08,
exp_right,22,600000,0.002,177,2.6119867843594364,development,128,k2_readout,1000,0,0.00014975417419986023,0.0016852630961418718,2.268876582455764e-08,0.00012636030501400383,3.8202944998952234e-08,1.5514179174394594e-08,2.3003613783353845e-08,-3.148479589059315e-10,6.487024685888097,500.0,False,0.003134124369896303,-2.147873232517301e-08,0.00013050586976665626,2.147873232517301e-08,,True,6.281482598190329e-08,2.2679260527163297e-08,1.5073587487920831e-07,-2.1456206596982088e-08,2.2525728190923045e-11,True,3.3225664501885167e-06,2.3037808824086526e-08,3.3364906599687552e-06,-2.1095316648180243e-08,3.83415676992768e-10,True,9.868435655690511e-06,2.1553128716173503e-08,9.838710138391086e-06,-2.25788461219856e-08,1.1001137968125884e-09,1.0083771372140916e-05,9.985403927825915e-06,-2.2086854304772587e-08,6.081219795995758e-10,4.254055218264271e-06,4.250173195154198e-06,-2.0726432255456066e-08,7.523000697169447e-10,exponential
exp_left,22,600000,0.002,177,13.649519383995864,development,128,k2_readout,1000,0,0.0005807354809775953,0.0018555143166979371,-2.559533637126565e-08,0.00014234629224856404,2.4885377902042326e-08,5.0480714273307974e-08,-2.6458698303686407e-08,8.633619333145005e-10,9.300614998651817,500.0,False,0.019281276067207462,1.8880403171573644e-08,0.00015917777940544287,1.8880403171573644e-08,,True,2.5679836736597745e-07,-2.5605973519005147e-08,6.412711829431702e-07,1.8889707031848265e-08,9.30386027462085e-12,True,4.5046419475581725e-06,-2.6446240833969265e-08,4.688310264582372e-06,1.8039099060778e-08,8.413041107956434e-10,True,1.701923502102371e-05,-2.2437099775459483e-08,1.686348710295862e-05,2.2044538229187258e-08,3.164135057613614e-09,1.708149884930552e-05,1.6752080701132854e-05,2.2207510840626568e-08,3.3271076690529236e-09,9.000339073993154e-06,8.800789204463019e-06,1.8147327703426318e-08,7.330754681473259e-10,exponential
gauss_left,22,600000,0.002,177,0.3713011646461742,development,128,k2_readout,1000,0,0.006182609484914883,0.003467746627975626,4.6942151017340723e-07,0.002717163578232275,8.187653396155851e-07,3.493438294421778e-07,4.6998799873598733e-07,-5.664885634335194e-10,11.274553499508109,500.0,False,0.018271759699744955,-4.638528669134717e-07,0.0027340486181937013,4.638528669134717e-07,,True,1.4253651033656445e-06,4.684915912448861e-07,2.0752427531565673e-06,-4.6304953124330783e-07,8.033356701638734e-10,True,4.599189092613345e-06,4.694367748960138e-07,7.300728442727837e-06,-4.6186301174470687e-07,1.9898551687648396e-09,True,7.99826476493684e-05,4.55011315774143e-07,7.876638352683378e-05,-4.765089423344604e-07,1.2656075420988674e-08,5.816502732780465e-05,5.2438177834981416e-05,-4.677947883266443e-07,3.941921413172614e-09,4.878138407669285e-05,3.5607817178614774e-05,-4.564146477866305e-07,7.438219126841189e-09,gaussian
gauss_right,22,600000,0.002,177,0.23748502306292393,development,128,k2_readout,1000,0,0.037718666399731336,0.0042506677435886694,9.48212750495813e-07,0.006372456239510191,1.141970307979879e-06,1.9375755748406627e-07,9.50301393984176e-07,-2.0886434851336034e-09,17.56624802643845,500.0,False,0.00249482405028821,-9.076948056786725e-07,0.006330279690412794,9.076948056786725e-07,,True,1.1246184398969778e-05,9.485939731654051e-07,1.5898987784235794e-05,-9.091960360957066e-07,1.5012304170341522e-09,True,1.3420933899044229e-05,9.51125539340638e-07,1.4589310915531773e-05,-9.059900025281088e-07,1.704803150563681e-09,True,2.2734131698899805e-05,9.390771697551434e-07,3.2733151049200023e-05,-9.189405076793974e-07,1.1245702000724926e-08,6.347643517339154e-05,7.51641860098097e-05,-9.313607557531373e-07,2.366595007446481e-08,5.513813194797488e-05,6.73499264837922e-05,-9.198049394939962e-07,1.2110133815323713e-08,gaussian
bump_left,22,600000,0.002,177,0.44348186274361356,development,128,k2_readout,1000,0,0.023086441367188133,0.0031843760882052994,1.7554503517046792e-07,0.002059550221386114,6.729738478490957e-07,4.974288126786278e-07,1.7551827960144641e-07,2.675556963846023e-11,9.847954196857602,500.0,False,0.012301929285701741,-1.8034100882653559e-07,0.0020927936281455303,1.8034100882653559e-07,,True,1.9298486712966692e-06,1.7460813432263274e-07,3.6467315655137096e-06,-1.795342405489359e-07,8.067682775996901e-10,True,7.557635230637341e-06,1.7479470204015588e-07,9.702619883905584e-06,-1.7934998146012101e-07,9.91027366414572e-10,True,7.399087196373379e-05,1.742179690358899e-07,7.329885496144402e-05,-1.7992268795105134e-07,4.183208754842482e-10,7.311411553549678e-05,7.156793971222602e-05,-1.7756890622928597e-07,2.7721025972496207e-09,2.3530574004519592e-05,2.1810890325587035e-05,-1.782107962996781e-07,2.130212526857492e-09,compact_bump
bump_right,22,600000,0.002,177,0.32889495195335533,development,128,k2_readout,1000,0,0.021056224654143793,0.0036182310388241557,9.054292126018337e-08,0.0008744676920772608,1.7061913708864072e-07,8.007621582845736e-08,9.14155605094154e-08,-8.726392498443168e-10,14.581049966117321,500.0,False,0.011304753374452149,-7.877338017691171e-08,0.0008654255010733553,7.877338017691171e-08,,True,5.162721838357295e-07,9.057715017410693e-08,1.3966848940890509e-06,-7.890070393600163e-08,1.2732375908991576e-10,True,2.4401314544447034e-06,9.16094880300017e-08,2.442916970254992e-06,-7.775919769830954e-08,1.014182478602173e-09,True,9.707352346904426e-06,8.607269848359024e-08,1.0094691213377171e-05,-8.341757814640502e-08,4.644197969493303e-09,1.3060327456261261e-05,1.4497503297806404e-05,-8.512103355317513e-08,6.347653376263414e-09,4.80852060570552e-06,7.994261827159419e-06,-8.014051907226737e-08,1.36713889535566e-09,compact_bump
step_left,22,600000,0.002,177,0.9128852702404965,development,128,k2_readout,1000,0,0.0011484721859411676,0.0021545495411110422,4.3931022715441103e-08,0.000963090212011831,1.1855857290692709e-07,7.462755019148599e-08,4.3760616919645734e-08,1.704057960130676e-10,4.423662387394599,500.0,False,0.006536731784347396,-4.5170170100628495e-08,0.0009612076894767353,4.5170170100628495e-08,,True,2.503532450235467e-07,4.387580587017523e-08,4.4970928506768965e-07,-4.505164851707968e-08,1.185215835488159e-10,True,1.021715636823501e-06,4.368106083000184e-08,7.40456799715605e-07,-4.523515835591435e-08,6.498825528585416e-11,True,4.266610388528121e-06,4.481075086345432e-08,4.769775925787467e-06,-4.4077373518870084e-08,1.0927965817584109e-09,3.0187120570742717e-06,3.857010059663269e-06,-4.455267213541454e-08,6.174979652139564e-10,2.311007518429199e-06,2.6770433401580636e-06,-4.566872636383454e-08,4.98556263206046e-10,tanh_step
step_right,22,600000,0.002,177,0.9636241118102141,development,128,k2_readout,1000,0,0.007230062505547531,0.0022919538668055347,2.411760292690546e-07,0.0018788577205190065,3.5667902215062023e-07,1.1550299288156563e-07,2.410819304135893e-07,9.409885447367328e-11,4.946349784489486,500.0,False,0.0015277495809713952,-2.41229848978217e-07,0.0018768295729004057,2.41229848978217e-07,,True,1.3314727689106904e-06,2.4096980264775134e-07,2.0138921806972897e-06,-2.4093570955094547e-07,2.9413942727152006e-10,True,6.685584659337119e-06,2.4085570418268466e-07,7.367902010743833e-06,-2.4103981895431043e-07,1.9003002390655866e-10,True,1.8537842155565226e-05,2.41199862291236e-07,1.743691628576381e-05,-2.407061953410951e-07,5.236536371219012e-10,1.65737743716775e-05,1.714522744748573e-05,-2.4144982985844804e-07,2.199808802310453e-10,8.240082738668714e-06,8.239434709144068e-06,-2.417495324787997e-07,5.196835005827296e-10,tanh_step
kink_abs,22,600000,0.002,177,0.6214766720163144,development,128,k2_readout,1000,0,0.003815423080022731,0.0021336359783730363,2.3796789763501493e-09,0.0005223241485676214,1.1464349769510736e-07,1.1226381871875721e-07,2.7459624157455846e-09,-3.6628343894970977e-10,7.904726462328501,500.0,False,0.0025702611917959067,2.4644683176427824e-09,0.0005248491555264183,2.4644683176427824e-09,,True,7.542887963432318e-07,2.2408182474208533e-09,1.8873844062762834e-06,2.962186992218446e-09,4.977186745756636e-10,True,7.784919137831295e-07,2.6217379860020475e-09,2.1279380555429715e-06,3.5169630944654313e-09,1.0524947768226489e-09,True,5.907135172681602e-06,-1.0792272226994229e-09,4.338683957314932e-06,-2.879115274554004e-10,2.752379845098183e-09,4.008876993939596e-06,4.240504537635976e-06,-5.1476416125791707e-11,2.515944733768574e-09,4.943045349460735e-06,5.258299308826369e-06,3.53311369785509e-09,1.0686453802123076e-09,kink
kink_relu,22,600000,0.002,177,0.2041432706959443,development,128,k2_readout,1000,0,0.003526888922604995,0.0018141675737930751,4.121783497791583e-08,0.0004392781362067111,1.1032084839194441e-07,6.910301341402858e-08,4.107291034210068e-08,1.4492463591457015e-10,5.781779391532149,500.0,False,0.00844937331136839,-4.141964999797672e-08,0.00042746995640596065,4.141964999797672e-08,,True,2.2447243772054183e-07,4.1169917634144465e-08,5.50627378197253e-07,-4.130743542920789e-08,1.1221456876883002e-10,True,3.457482273963615e-06,4.09852253820864e-08,3.1922923787193694e-06,-4.148541261457115e-08,6.576261659443008e-11,True,1.0602281536562802e-05,4.181347423666066e-08,1.1043951164441977e-05,-4.065201560752089e-08,7.676343904558312e-10,9.804838923866644e-06,1.059754973768501e-05,-4.133436077983652e-08,8.528921814019985e-11,5.515926677306532e-06,5.93225972852243e-06,-4.2060362489323486e-08,6.407124913467659e-10,kink
sine,0,600000,0.002,177,1.0,development,128,k2_readout,10000,0,0.707272078211465,0.0017968715276055179,0.00010112569039985116,0.3209211859709004,0.00011210517510532186,1.0979484705470697e-05,0.00010172242232727786,-5.967319274273694e-07,5.090375314098472,5000.0,True,0.000760486533948812,-0.00010172817807375232,0.3458132319431896,0.00010172817807375232,1.0617920868511472e-05,True,0.07072399300645803,7.885596555402615e-05,0.11127361529098082,-6.515989532533856e-05,3.656828274841376e-05,True,0.0707267192765061,7.879322436728368e-05,0.11139717779665548,-6.474454072711364e-05,3.6983637346638676e-05,True,0.07238877726584209,7.291593689962719e-05,0.11037673897832691,-6.922106539142564e-05,3.250711268232668e-05,0.05747053124991343,0.08218434322902496,-7.827145328410061e-05,2.3456724789651704e-05,0.05623972422146519,0.08292919380285359,-7.389302687215865e-05,2.7835151201593665e-05,
runge,0,600000,0.002,177,1.0,development,128,k2_readout,10000,0,0.045560602513930785,0.0019653175789998353,3.6170628596645165e-06,0.029539028253414985,7.03192699158492e-06,3.414864131920403e-06,3.6170464571488005e-06,1.3403472616287164e-11,5.247899646963149,5000.0,True,0.003278824083479946,-3.5931884728125564e-06,0.029066489400760263,3.5931884728125564e-06,2.2352264570624906e-08,True,0.00026440520884300376,3.553625414508263e-06,0.0003400618781533398,-3.5395392710403154e-06,5.364920177224107e-08,True,0.0002632534624643227,3.5538421492029775e-06,0.0003475411296301875,-3.5375592145848037e-06,5.5629258227752744e-08,True,0.0007610508836859805,3.5217444329385505e-06,0.0007041680139008755,-3.5711097279240827e-06,2.2078744888473763e-08,0.0008170163690893893,0.001029112650350134,-3.6916730048298166e-06,9.84845320172602e-08,0.0006147638246864012,0.000699030571300333,-3.6669226603538663e-06,7.37341875413098e-08,
moment3,0,600000,0.002,177,1.0,development,128,k2_readout,10000,0,0.0062987568094413846,0.0037930320182296006,2.5741122736730113e-06,0.0027906638063811416,2.6435894549826468e-06,6.947718130963505e-08,2.573987183602733e-06,1.250900678284817e-10,19.372655921949427,5000.0,True,0.0020364359379529285,-1.6296259918847242e-06,0.00243807817582079,1.6296259918847242e-06,3.560995208644125e-07,True,2.7485157820266447e-05,2.5707923393397914e-06,7.4483222914078396e-06,-1.6326831975957765e-06,3.057205711052291e-09,True,2.7244892685912866e-05,2.5706530770665664e-06,7.610469110116034e-06,-1.6266150951452948e-06,3.0108967394294215e-09,True,0.0007051429238782566,1.830500061928946e-06,0.00071115725440267,-2.3737387149095028e-06,7.441127230247786e-07,0.0010428439834750441,0.0009262342464250331,-2.3452741758350502e-06,7.15648183950326e-07,0.000902386240007476,0.0009170703265486249,-1.7645935558371773e-06,1.3496756395245313e-07,
moment5,0,600000,0.002,177,1.0,development,128,k2_readout,10000,0,0.7499971611485639,0.0014083648359800433,2.250593197706862e-08,0.00010672775787722708,4.928741457829413e-08,2.678148260122551e-08,2.2636570767843243e-08,-1.3063879027176366e-10,3.5773816507270264,5000.0,True,6.003612365458333e-06,-1.7667670050889373e-08,0.00010414293455400759,1.7667670050889373e-08,2.430541334781231e-09,True,3.310762323018293e-08,2.249472223699081e-08,9.167773796595974e-08,-1.7639655024924514e-08,2.8015025964858765e-11,True,3.679485275430443e-07,2.2625578467294562e-08,3.9366562087758267e-07,-1.750904205779098e-08,1.5862799309839424e-10,True,6.914322128203798e-06,2.0066143703537905e-08,6.899783960319541e-06,-2.0068995002875886e-08,2.4013249519865136e-09,6.914094698029189e-06,6.901479854656504e-06,-2.0063979413546386e-08,2.3963093626570137e-09,3.7084189789920896e-07,4.0529883464516717e-07,-1.7504003993502957e-08,1.6366605738641609e-10,
moment9,0,600000,0.002,177,1.0,development,128,k2_readout,10000,0,0.7500008926115685,0.001405025296574919,-8.909114560516445e-09,5.6805463242018254e-05,1.7953963303281577e-08,2.686307786379802e-08,-8.941310190450733e-09,3.219562916581884e-11,3.579043858547036,5000.0,True,5.98161137037234e-06,7.711274751658194e-09,5.647603836419727e-05,7.711274751658194e-09,-5.945135653148619e-10,True,4.231447647060465e-09,-8.911012875577415e-09,9.882557874479635e-09,7.715394831778036e-09,4.120080119842058e-12,True,9.131316286432118e-08,-8.943161044347804e-09,9.086525437771897e-08,7.68328705993229e-09,2.7987691725903943e-11,True,1.6849944691033773e-06,-8.315644943586587e-09,1.6854129314682218e-06,8.310645168784637e-09,5.993704171264436e-10,1.6852212887943254e-06,1.6894156149016308e-06,8.319013185691575e-09,6.077384340333807e-10,1.0253348681173082e-07,1.4175161911175375e-07,7.691533420879593e-09,1.9741330778601232e-11,
mixed_sine,0,600000,0.002,177,0.8100925873009825,development,128,k2_readout,10000,0,0.32163613248128475,0.0027821284695473663,1.0338153900812785e-05,0.06006305638531716,1.3485481321663292e-05,3.1473274208505065e-06,1.0376922486638322e-05,-3.876858582902515e-08,6.847926987235921,5000.0,True,0.002116733679326855,-6.750411869911972e-06,0.05786169471129874,6.750411869911972e-06,1.796212953615182e-06,True,0.0005171107620098514,1.0155391777052996e-05,0.0011430075102400806,-6.391519829895483e-06,3.588920400164892e-07,True,0.0004936029693108289,1.0202433298600255e-05,0.0011725730405304487,-6.339825959611221e-06,4.1058591030075076e-07,True,0.0017935619858776702,8.911863905906484e-06,0.0013823785204184528,-7.631932851053892e-06,8.815209811419201e-07,0.002272114294157824,0.003063477068532139,-8.540426269199629e-06,1.7900143992876567e-06,0.0010420877195857004,0.002516482735451665,-7.454815989618901e-06,7.044041197069292e-07,
localized_sine,0,600000,0.002,177,0.4822374526221915,development,128,k2_readout,10000,0,0.19206957145986925,0.0032886422333088246,7.476202570127263e-06,0.0402432785368219,1.2569552260397468e-05,5.0933496902702065e-06,7.472797674347743e-06,3.3919645551212577e-09,13.248648323355255,5000.0,True,0.0036166769659961395,-7.442084929931033e-06,0.0382477488437222,7.442084929931033e-06,-1.4227462734440994e-07,True,0.00035979748431282343,7.292648313699745e-06,0.0008174904000707411,-7.324111474454731e-06,1.1797345547630222e-07,True,0.000363955654226992,7.287606952356106e-06,0.000824654755140411,-7.316913546104676e-06,1.2517138382635702e-07,True,0.0016258726010377786,6.818288232019866e-06,0.0014548939471380512,-7.79982284752177e-06,3.577379175907362e-07,0.003020158505452169,0.0023927506258665287,-7.812720606598971e-06,3.706356766679377e-07,0.002767699355912458,0.0022557556281183355,-7.556006410780861e-06,1.1392148084982802e-07,
chirp,0,600000,0.002,177,0.7001068817853702,development,128,k2_readout,10000,0,0.7273163638984558,0.002189876405151713,1.652633845155834e-05,0.11137072502599384,2.0385573802763224e-05,3.85923535120488e-06,1.6553490049514682e-05,-2.715159795611624e-08,9.76613834700485,5000.0,True,0.001748125756318445,-1.3214239444923566e-05,0.10870976966475475,1.3214239444923566e-05,1.5601111335462282e-06,True,0.0036151351696876574,1.611316888075428e-05,0.003824488754039164,-1.2471447619915442e-05,7.427918250081233e-07,True,0.003644185519889727,1.6173580114934655e-05,0.003835704836677394,-1.2377687341687964e-05,8.365521032356015e-07,True,0.003977474995185439,1.5061619342543902e-05,0.004485106650846765,-1.3491443655682499e-05,2.7720421075893336e-07,0.00461245476388726,0.0052540262958156465,-1.5019864011045686e-05,1.8056245661221198e-06,0.004691363859038015,0.004458082886703645,-1.4422489548332988e-05,1.2082501034094226e-06,
moment4,0,600000,0.002,177,1.0,development,128,k2_readout,10000,0,0.7499833785722472,0.0014157375314540752,1.1862655472907746e-07,0.0007425189537763815,2.2344822585517455e-07,1.0482167112609709e-07,1.1873814131526925e-07,-1.1158658585844167e-10,3.5845595618927195,5000.0,True,1.4174959280586855e-05,-1.1472634825908649e-07,0.0007451849292485805,1.1472634825908649e-07,2.3060780339658505e-09,True,2.374884632216399e-06,1.1816615088404249e-07,6.547484495686891e-06,-1.1353580611832863e-07,1.190542140757864e-09,True,2.374724779690261e-06,1.182864773952682e-07,6.5729548364247545e-06,-1.1341676806589682e-07,1.3095801931896748e-09,True,7.014307317500697e-06,1.1591031232562035e-07,9.029408261284593e-06,-1.158198608531376e-07,1.0935125940511121e-09,6.9372595436266e-06,8.604247951019828e-06,-1.1596581234717198e-07,1.2394640880854884e-09,2.1454276029247747e-06,5.973122465055935e-06,-1.1356190088990118e-07,1.1644473691853087e-09,
blend_m010,0,600000,0.002,177,1.0,development,128,k2_readout,10000,0,0.7495997065364475,0.0015135493677765626,1.536440412430031e-06,0.004897635597115976,2.1655290398022053e-06,6.290886273721744e-07,1.5377462356164282e-06,-1.305823187563098e-09,3.5988995252586906,5000.0,True,0.0002710055567013417,-1.4812567276669052e-06,0.004883486211772165,1.4812567276669052e-06,3.40207748709491e-08,True,4.247914050570618e-05,1.5278790773379168e-06,9.928759270395123e-05,-1.4624140647855163e-06,1.8842662881388918e-08,True,4.296181166782079e-05,1.5293490659473616e-06,0.00010005535246304206,-1.4609518823243027e-06,2.030484534260253e-08,True,0.0002210201052262422,1.4956819004842698e-06,0.0002360024724765873,-1.4950736200957587e-06,1.3816892428853472e-08,0.00022060193045489657,0.00023490307019605834,-1.4960691771242488e-06,1.4812449457343583e-08,4.1627424558698554e-05,9.670556597482246e-05,-1.4619265930934791e-06,1.933013457342607e-08,
blend_p001,0,600000,0.002,177,1.0,development,128,k2_readout,10000,0,0.7500129518067622,0.0013994238588470335,-5.8686411211299564e-08,0.00022142607088546722,5.764301135619653e-08,1.1632942256749609e-07,-5.90518214693697e-08,3.6541025857983817e-10,3.5829526831850824,5000.0,True,1.352015022832979e-05,4.527309270829617e-08,0.0002122030539914854,4.527309270829617e-08,-6.681691150516451e-09,True,7.628179127679081e-08,-5.871214287928961e-08,2.0272425972925563e-07,4.533301675966698e-08,5.992405137081197e-11,True,1.0285388274280209e-06,-5.907677387160068e-08,1.011837899207873e-06,4.496903025832413e-08,3.0406244997203947e-10,True,1.8591145962678022e-05,-5.2025091379690536e-08,1.8618390917509125e-05,5.20178850691735e-08,6.744792360877327e-09,1.858879794372202e-05,1.8624163199463803e-05,5.2029698567861105e-08,6.756605859564934e-09,1.0335597097761456e-06,1.0207548883903158e-06,4.498046764576267e-08,2.92625062533502e-10,
blend_p010,0,600000,0.002,177,1.0,development,128,k2_readout,10000,0,0.7500456443105378,0.0013762919792070282,-5.601651899509991e-08,0.0017657667412212066,6.814692454712e-07,7.374857644662999e-07,-5.971384281087091e-08,3.6973238165852564e-09,3.6477639043090817,5000.0,True,4.4758456510832846e-05,-8.101853560205e-08,0.0016996685529571955,8.101853560205e-08,-6.647141558475151e-08,True,5.87604749121037e-06,-5.846856373264257e-08,1.4497788605458794e-05,-7.529321771459476e-08,5.725317887455244e-09,True,1.0567861510510814e-05,-6.219106723668804e-08,1.6155027244811452e-05,-7.901170982745855e-08,2.006825774591447e-09,True,0.00014792116008679036,8.40155802905705e-09,0.0001501890523996297,-8.377215459871009e-09,7.2641320142179e-08,0.00014791238511156594,0.00015019109182707924,-8.417771426871058e-09,7.260076417517894e-08,1.0538803615014715e-05,1.601484216615124e-05,-7.905256680357685e-08,1.965968798473153e-09,
blend_p030,0,600000,0.002,177,1.0,development,128,k2_readout,10000,0,0.689697683648407,0.0021893187215111585,6.830708383512925e-06,0.017403005096573873,8.502961574631588e-06,1.6722531911186621e-06,6.847347474264576e-06,-1.664096132423785e-08,6.842835759845683,5000.0,True,0.002228069012979081,-4.148076660849426e-06,0.013070891230960061,4.148076660849426e-06,1.318691241683841e-06,True,0.0006645893696287883,6.7194780527159175e-06,0.0016190873045718746,-3.878789323379563e-06,2.692873374698638e-07,True,0.0006602129203095678,6.738941249101833e-06,0.001625157444037736,-3.844963134156011e-06,3.0311352669341574e-07,True,0.0023582205673599193,4.681092150912194e-06,0.002821226465459764,-5.914853612151095e-06,1.7667769513016688e-06,0.002464178388339914,0.003318619290728697,-5.600397777015016e-06,1.4523211161655894e-06,0.001451517077891536,0.002196271841118426,-3.6585323343012485e-06,4.895443265481779e-07,
exp_right,22,600000,0.002,177,2.6119867843594364,development,128,k2_readout,10000,0,0.00014820840768609396,0.0016854499424083804,2.095350323329439e-07,0.001231812889037478,3.591021275364198e-07,1.495670952034759e-07,2.096146262268702e-07,-7.959389355873455e-11,6.4925546554868525,5000.0,True,0.004822918506331293,-2.315390176553117e-07,0.0013510063551752003,2.315390176553117e-07,-1.1173480393737514e-08,True,5.203013390414332e-06,2.0870078751222253e-07,7.599889435632504e-06,-2.3033707324470658e-07,1.2019444106051191e-09,True,4.6338334597163e-06,2.0889363763524916e-07,8.432221957299594e-06,-2.3013081195509713e-07,1.4082057002145668e-09,True,0.0001414417451675327,1.8758855559479506e-07,0.00013691696460669528,-2.514168350812796e-07,1.9877817425967905e-08,0.00019890841769771618,0.0001870713124417983,-2.2086854304775082e-07,1.0670474607560879e-08,0.00015325004213569298,0.00014448966193940618,-2.0726432255454397e-07,2.4274695100767727e-08,exponential
exp_left,22,600000,0.002,177,13.649519383995864,development,128,k2_readout,10000,0,0.000576338199477893,0.0018552700266511772,-2.6988538313140877e-07,0.001278864090408783,2.2266188208887947e-07,4.925472652202883e-07,-2.7023949387014734e-07,3.5411073903249277e-10,9.310912281830761,5000.0,True,0.0003454812316970133,1.8013095743456606e-07,0.0017216706746027391,1.8013095743456606e-07,-4.631485672701647e-08,True,2.2224044951243607e-05,-2.702565274597083e-07,5.094849144891811e-05,1.8016879089282713e-07,3.783345826107007e-11,True,2.1960672490914768e-05,-2.705732615363603e-07,5.112159578483721e-05,1.7987579500706961e-07,2.551624274964465e-10,True,0.00024483316364373584,-2.319139522809734e-07,0.00024248762185937725,2.1849793599426374e-07,3.836697855969768e-08,0.0003116005071489159,0.0002702720885205553,2.2207510840608396e-07,4.1944150971517895e-08,0.00026004848424891096,0.00022614287340768345,1.8147327703435465e-07,1.3423195997885882e-09,exponential
gauss_left,22,600000,0.002,177,0.3713011646461742,development,128,k2_readout,10000,0,0.0057770736052233755,0.0034717589497437417,4.481743278288316e-06,0.026085638841442087,7.769685211092317e-06,3.2879419328040024e-06,4.480812038570306e-06,9.312397155938434e-10,11.310102847224842,5000.0,True,0.0035994551092850186,-4.766503203762785e-06,0.02692025502756163,4.766503203762785e-06,-1.3790725497384015e-07,True,0.0001907943742694613,4.390387157190363e-06,0.00022464440033592327,-4.665345309920715e-06,1.0115789384207063e-07,True,0.00019371554120137816,4.3885179582203e-06,0.00022848568498825972,-4.662708350163027e-06,1.0379485359975823e-07,True,0.001158858689522908,4.174979844639335e-06,0.000942591046257066,-4.8801825113418e-06,1.1367930757901465e-07,0.0015316309483838493,0.0007075979854134119,-4.834298393696154e-06,6.779518993336914e-08,0.001709037953396923,0.0007425383877628545,-4.719952534280162e-06,4.6550669482623486e-08,gaussian
gauss_right,22,600000,0.002,177,0.23748502306292393,development,128,k2_readout,10000,0,0.03644563461715332,0.004259097916917186,9.378386079011994e-06,0.06314182180265415,1.1306770356090865e-05,1.928384277078873e-06,9.378092048889975e-06,2.9403012994434825e-10,17.704577481526393,5000.0,True,0.002795447436736895,-8.637491148527948e-06,0.06152064546756609,8.637491148527948e-06,2.3304287049798746e-07,True,0.0004303182133177452,9.307827708933566e-06,0.0006212591153635065,-8.505010748007762e-06,1.3248040052018586e-07,True,0.00043002786265648973,9.306525414340789e-06,0.0006220647780384972,-8.492324569090335e-06,1.451665794376127e-07,True,0.000495455152305415,9.159423648781829e-06,0.0007427194919150886,-8.650413257191971e-06,1.2922108664023495e-08,0.0010900562142514142,0.0024837200507385067,-9.376166373315672e-06,7.386752247877247e-07,0.0010010420070964755,0.002415759057085356,-9.260388213148598e-06,6.228970646206506e-07,gaussian
bump_left,22,600000,0.002,177,0.44348186274361356,development,128,k2_readout,10000,0,0.022806733928538023,0.0031859411334903094,1.7405903201802638e-06,0.019938649499008025,6.528466004429665e-06,4.787875684249402e-06,1.7406798659422765e-06,-8.95457587292362e-11,9.853573818099518,5000.0,True,0.0020560424209037295,-1.8861081242193342e-06,0.02139879284524666,1.8861081242193342e-06,-5.3870177177746316e-08,True,0.0002765301910684226,1.6432396276049612e-06,0.0004521720066447256,-1.7902528544449383e-06,9.58552697743959e-08,True,0.00027502925455173254,1.6435088922018173e-06,0.0004559773879962659,-1.78979620556206e-06,9.631191865727413e-08,True,0.001091139203856261,1.5984436416124157e-06,0.000849342354517098,-1.8349409351501795e-06,5.116718906915465e-08,0.0012072410519705216,0.0009644095779646914,-1.775689062292811e-06,1.1041906192652322e-07,0.0009479928470075931,0.0007127428307253842,-1.7821079629966223e-06,1.0400016122271189e-07,compact_bump
bump_right,22,600000,0.002,177,0.32889495195335533,development,128,k2_readout,10000,0,0.021035762109987026,0.0036190553742584176,9.148783555221847e-07,0.008657091015268792,1.7147788706385244e-06,7.999005151163398e-07,9.157451350781586e-07,-8.66779556717622e-10,14.589230403189392,5000.0,True,0.002957531109153542,-6.981889405410654e-07,0.00829504831470468,6.981889405410654e-07,8.645801247533746e-08,True,3.9995588243433665e-05,9.129202610878616e-07,0.00010820350484118945,-6.923729400327516e-07,5.816000508313819e-09,True,4.053034963039864e-05,9.141380998505553e-07,0.00010723764571738207,-6.895284409261183e-07,8.660499614947173e-09,True,0.00013541009449364967,8.471298793586914e-07,0.00018009021076709848,-7.579404632326736e-07,5.975152269160818e-08,0.00030128371589689174,0.0004962615952493707,-8.512103355318524e-07,1.53021394990787e-07,0.00022734855671869653,0.0004560594359311667,-8.014051907227326e-07,1.0321625018166718e-07,compact_bump
step_left,22,600000,0.002,177,0.9128852702404965,development,128,k2_readout,10000,0,0.001124105324044079,0.0021549583319498944,4.5272186156744274e-07,0.009563940110846969,1.1731128128951727e-06,7.203909513277301e-07,4.5315077683197494e-07,-4.289152583234491e-10,4.42323619218394,5000.0,True,0.0022535448176829133,-4.3771034189530084e-07,0.009447926411957224,4.3771034189530084e-07,7.322007184363934e-09,True,2.5796634667741798e-05,4.4684572718720817e-07,4.6561129534127365e-05,-4.2648303834810783e-07,1.122730354719301e-08,True,2.5121020050583293e-05,4.4723526250153275e-07,4.7733589695985244e-05,-4.259982177669701e-07,1.1712124128330751e-08,True,5.635084182332509e-05,4.6088424932551703e-07,9.751636783722442e-05,-4.120100059121448e-07,2.5700335983156035e-08,7.841105317121045e-05,0.0001903282465071309,-4.455267213549054e-07,7.816379459604544e-09,0.00011120339536738316,0.00019555388592522522,-4.566872636383639e-07,1.897692174306307e-08,tanh_step
step_right,22,600000,0.002,177,0.9636241118102141,development,128,k2_readout,10000,0,0.007140918797175582,0.0022941139856658657,2.4012948896001095e-06,0.018651793350470777,3.545128909398664e-06,1.1438340197985543e-06,2.401210154400664e-06,8.473519532113361e-11,4.964528863045341,5000.0,True,0.000900467409786344,-2.3786245606142303e-06,0.018473926804397058,2.3786245606142303e-06,-8.884450258911955e-10,True,0.00013153478109313268,2.380930785804221e-06,0.00019636953609089528,-2.350598415514166e-06,2.8026145100064514e-08,True,0.00013085619906231337,2.380728117929702e-06,0.00019678836184183838,-2.3505770317607573e-06,2.804752885347296e-08,True,0.00032843805345541193,2.3855966018591797e-06,0.00030526366741576367,-2.3458929028573055e-06,3.273165775692482e-08,0.0002508884853466144,0.00040842480630463775,-2.414498298584913e-06,3.587373797068268e-08,0.00018957016227909973,0.0003575865808083079,-2.4174953247881135e-06,3.8870764173883154e-08,tanh_step
kink_abs,22,600000,0.002,177,0.6214766720163144,development,128,k2_readout,10000,0,0.0037957367356752873,0.002133631414917492,-2.18377656774129e-09,0.005112969371810805,1.1163909082589929e-06,1.118574684826734e-06,-2.1499206601736624e-09,-3.38559070606485e-11,7.912040606489019,5000.0,True,0.0005460257773749773,1.5289883697338554e-08,0.0054010890977215,1.5289883697338554e-08,1.9665811697470325e-09,True,7.48587534935919e-05,-1.5942649627775805e-08,0.00014926325910088976,5.599043487172895e-08,4.070055117439039e-08,True,7.45717613925282e-05,-1.5931749992156832e-08,0.0001496593005801572,5.759770207911659e-08,4.230781838177804e-08,True,0.00016319271248817912,-6.141861526404178e-08,0.00010187210143806291,1.0931676532235976e-08,4.358207165102578e-09,0.00020044375473240105,0.0002361253938366243,-5.147641612177859e-10,1.580464785855634e-08,0.00022425609479078575,0.00025933860554492216,3.533113697854734e-08,2.004125328120879e-08,kink
kink_relu,22,600000,0.002,177,0.2041432706959443,development,128,k2_readout,10000,0,0.0035207422631663866,0.00181455514391587,4.2878795777244647e-07,0.004473694463825583,1.1005030408412336e-06,6.717150830687874e-07,4.2885985791922985e-07,-7.19001455776852e-11,5.776233308312982,5000.0,True,0.003508434250944957,-3.947766982026167e-07,0.004085127069966193,3.947766982026167e-07,1.6225498401127836e-08,True,1.7624086214377427e-05,4.245300761756358e-07,2.8057181507821406e-05,-3.8739547116299044e-07,7.381227039626274e-09,True,1.7431564051287475e-05,4.245894684803123e-07,2.9186389234507426e-05,-3.8729557474107465e-07,7.481123461542068e-09,True,0.00015359863096865603,4.378487750553189e-07,0.0001839851471869077,-3.7395063471665717e-07,2.082606348595955e-08,0.00017104335715583465,0.0002848643819646442,-4.1334360779838576e-07,1.856690959576904e-08,0.00016978179483690374,0.00026222752027056016,-4.2060362489334597e-07,2.582692669072925e-08,kink
sine,0,600000,0.002,177,1.0,development,128,k2_readout,20000,0,0.6033645187679615,0.001926118074419276,0.00023037223721360885,0.7268159511542984,0.00025152183204079845,2.114959482718961e-05,0.0002308457336794391,-4.734964658311289e-07,5.894895753351985,10000.0,True,0.0013619863784739613,-0.00020168121738402205,0.6881840214762549,0.00020168121738402205,2.7518368740005377e-05,True,0.2536413565465051,0.00014826072324051044,0.2689812171355679,-0.00011429984918804238,8.738136819597967e-05,True,0.2536950786994616,0.00014797139981869087,0.2691975462502512,-0.00011365420836535441,8.802700901866764e-05,True,0.25718945361824,0.0001359753908281762,0.26690242006066267,-0.00012279010597339326,7.889111141062878e-05,0.19995615412460158,0.16237852170110983,-0.00015687302961600374,4.4808187768018306e-05,0.19814738700896253,0.16345991843828683,-0.00014815054063164874,5.353067675237331e-05,
runge,0,600000,0.002,177,1.0,development,128,k2_readout,20000,0,0.04353803863059034,0.0019689732203884394,7.2727042482687525e-06,0.058420730233059846,1.3823196387762434e-05,6.550492139493679e-06,7.271984508113725e-06,7.14005727463334e-10,5.303305828050755,10000.0,True,0.0029199492893525586,-7.077631072421567e-06,0.056683446765763354,7.077631072421567e-06,6.245291579168159e-08,True,0.0009394585040560092,7.0428665421847674e-06,0.001373932328578703,-6.903595816276998e-06,1.740352561445694e-07,True,0.0009396649048923672,7.042258421268364e-06,0.0013753441384783266,-6.900659683463596e-06,1.7697138895797153e-07,True,0.0018678930327692058,6.944165851480796e-06,0.002023417585258444,-7.002011149670235e-06,7.561992275133243e-08,0.002291759760591667,0.003351723390234404,-7.4542706089037825e-06,3.766395364822152e-07,0.002157643812535562,0.0028890618656001524,-7.387268589608424e-06,3.096375171868563e-07,
moment3,0,600000,0.002,177,1.0,development,128,k2_readout,20000,0,0.00623730289564377,0.0037952145771454598,4.756671189532044e-06,0.005085894416253975,4.959533812231397e-06,2.028626226993529e-07,4.753745534935099e-06,2.925654592488965e-09,19.42576314949429,10000.0,True,0.0021337668729965965,-2.83989291820059e-06,0.004126493899912339,2.83989291820059e-06,5.529329239743084e-07,True,9.496601654207569e-05,4.742990576174637e-06,2.3111227756053854e-05,-2.8475595975399267e-06,7.666679339336525e-09,True,9.481603855716687e-05,4.73932187708657e-06,2.1952421642793863e-05,-2.8400877633616914e-06,1.9484516110127554e-10,True,0.0014309479681848686,3.2323949619268006e-06,0.0014414204826984395,-4.361165820030183e-06,1.521272901829593e-06,0.0033382793203962187,0.003227612908026515,-4.690548351670148e-06,1.8506554334695577e-06,0.003128785100567263,0.0033040531101860312,-3.5291871116743195e-06,6.892941934737293e-07,
moment5,0,600000,0.002,177,1.0,development,128,k2_readout,20000,0,0.7499971582168679,0.0014083874990701512,4.5169022085121206e-08,0.00021355695751164584,9.861045229812875e-08,5.3441430213007544e-08,4.5299516610386586e-08,-1.3049452463704416e-10,3.5773682483024345,10000.0,True,6.0054929250749395e-06,-3.5269427535121254e-08,0.00020827164393349493,3.5269427535121254e-08,4.995420057163209e-09,True,1.3253526549852963e-07,4.5124493634054225e-08,3.6635678496811783e-07,-3.5158555701355573e-08,1.1087183376568032e-10,True,3.739197727204458e-07,4.525543471666408e-08,5.50775896111632e-07,-3.5028130846178836e-08,2.4129668894241725e-10,True,1.4211502547714692e-05,4.013661015000968e-08,1.4155307801906307e-05,-4.01479915723186e-08,4.878564037197346e-09,1.4211062212269094e-05,1.4164854972900234e-05,-4.0127958827093765e-08,4.858531291972512e-09,4.1125586460689775e-07,6.786256517574817e-07,-3.5008007986958744e-08,2.6141954816250965e-10,
moment9,0,600000,0.002,177,1.0,development,128,k2_readout,20000,0,0.7500008915264309,0.0014050163659990495,-1.7839690429882148e-08,0.0001135339143483533,3.5860608835822526e-08,5.370029926570468e-08,-1.787193662250079e-08,3.2246192292753505e-11,3.57904349373329,10000.0,True,5.980665840293627e-06,1.5365918060163212e-08,0.00011273476419770225,1.5365918060163212e-08,-1.2193011177075086e-09,True,1.6898204818028417e-08,-1.7847199625475464e-08,3.9373632284467334e-08,1.538218676655305e-08,1.6268706389837455e-11,True,9.354279848891558e-08,-1.7879348584408336e-08,9.764776361969426e-08,1.535011388644687e-08,1.5804173716341394e-11,True,3.460384861218367e-06,-1.6624559694223062e-08,3.4621290020997972e-06,1.6604586971566344e-08,1.2386689114031321e-09,3.4635580033474893e-06,3.4915655124382968e-06,1.663802637138326e-08,1.2721083112200494e-09,2.0498997570312282e-07,4.4803720404163866e-07,1.5383066841747277e-08,1.7148781584064968e-11,
mixed_sine,0,600000,0.002,177,0.8100925873009825,development,128,k2_readout,20000,0,0.3208996134126269,0.0027930665522094525,2.1276236562898872e-05,0.11911311414310949,2.7325817830038026e-05,6.0495812671391535e-06,2.1317205316041942e-05,-4.0968753141242584e-08,6.8206644945149755,10000.0,True,7.27011346340852e-05,-1.3191371531949484e-05,0.11197611590670674,1.3191371531949484e-05,4.1876707921741115e-06,True,0.0019670417092864123,2.0698032211449986e-05,0.004405360528337487,-1.2107859582837244e-05,1.0835119491122394e-06,True,0.0019424888268132028,2.075311805955444e-05,0.004430133796992684,-1.2052562052271557e-05,1.1388094796779272e-06,True,0.004366246026697468,1.8027473215851052e-05,0.004344816081029523,-1.4781377670002825e-05,1.5900061380533411e-06,0.005800626540740789,0.00991841158292516,-1.733824836956745e-05,4.1468768376179645e-06,0.0035762194092289605,0.00925228494927183,-1.5167062683526576e-05,1.975691151577092e-06,
localized_sine,0,600000,0.002,177,0.4822374526221915,development,128,k2_readout,20000,0,0.1911469194493744,0.003295457652233594,1.4291621494896697e-05,0.07906032264488115,2.4289806742270444e-05,9.99818524737375e-06,1.4284160223055712e-05,7.448340622337211e-09,13.384955957186405,10000.0,True,0.003297944586130048,-1.4907109127802038e-05,0.07294926349992734,1.4907109127802038e-05,-6.266660051616008e-07,True,0.0012721853275472878,1.3630332400916018e-05,0.003034468479729599,-1.4538125706521588e-05,3.6898342128045015e-07,True,0.0012905673486028613,1.3616716883305956e-05,0.003041308275506257,-1.4526608415980257e-05,3.8050071182178177e-07,True,0.003995352219320994,1.2571297245490805e-05,0.003743551051448944,-1.5602483189053307e-05,6.953740612512689e-07,0.009480553284011487,0.008410836593578516,-1.6222942063426788e-05,1.3158329356247494e-06,0.009079582515738099,0.008327690863970089,-1.566991343006349e-05,7.628043022614506e-07,
chirp,0,600000,0.002,177,0.7001068817853702,development,128,k2_readout,20000,0,0.7205116691281584,0.002206322017581843,3.297195088168897e-05,0.2191835340102866,4.04221449995788e-05,7.450194117889825e-06,3.298881664496698e-05,-1.6865763278366013e-08,10.185920919827403,10000.0,True,0.0025248281531844753,-2.5341065349897694e-05,0.2079463003625028,2.5341065349897694e-05,3.2313729852070545e-06,True,0.012349014298521664,3.10112706393944e-05,0.011028439539969539,-2.2227419557699844e-05,3.11364579219785e-06,True,0.012347634944932961,3.104045399947862e-05,0.01111214487426712,-2.210217154374813e-05,3.238893806149565e-06,True,0.01307543622070766,2.8548095905712752e-05,0.011150417500584302,-2.459771865540058e-05,7.433466944971155e-07,0.013209765302154652,0.019355268554705162,-3.0039728022091486e-05,4.698662672193792e-06,0.013949532852675004,0.018126793578778153,-2.88449790966659e-05,3.503913746768205e-06,
moment4,0,600000,0.002,177,1.0,development,128,k2_readout,20000,0,0.7499832410076043,0.001415857071810857,2.3816691151111253e-07,0.0014884006266094028,4.4754902661078484e-07,2.093821150996723e-07,2.3827000336159393e-07,-1.0309185053913727e-10,3.5847105631351246,10000.0,True,1.426373126292601e-05,-2.3140180943320385e-07,0.001499777172047492,2.3140180943320385e-07,4.814008522948564e-09,True,9.533314090111796e-06,2.3633933856740304e-07,2.6405597772898735e-05,-2.266614272481002e-07,4.740382185103656e-09,True,9.51640804645661e-06,2.3646045289842663e-07,2.6422733985378067e-05,-2.2654396830509537e-07,4.857841128108474e-09,True,1.6776790608401917e-05,2.3170975432971505e-07,2.9117392334682665e-05,-2.313485182574457e-07,5.329117575814938e-11,1.626644314176348e-05,2.695460769036158e-05,-2.3193162469429562e-07,5.298152610917743e-10,8.594555964322544e-06,2.4021801335452258e-05,-2.271238017797572e-07,4.2780076534466435e-09,
blend_m010,0,600000,0.002,177,1.0,development,128,k2_readout,20000,0,0.7495931606380092,0.0015151036157672164,3.0906884030834496e-06,0.00987198667566583,4.351877259961358e-06,1.2611888568779093e-06,3.091827387553764e-06,-1.1389844708306628e-09,3.601164720629625,10000.0,True,0.00027280386344170595,-2.997094835704193e-06,0.009946920607954386,2.997094835704193e-06,7.299126298651288e-08,True,0.00017173139934632448,3.056406824011597e-06,0.0004045745650284249,-2.9214021113231043e-06,7.569272438108885e-08,True,0.0001715024706174566,3.0578832636490394e-06,0.00040486487635668465,-2.91995709114675e-06,7.713774455744317e-08,True,0.00047876195952564787,2.9905897962327126e-06,0.0005950361648396804,-2.9881588835921972e-06,8.935952111995973e-09,0.000476249432379511,0.0005869104906454889,-2.992138354248479e-06,4.9564814557142665e-09,0.0001659748307664406,0.0003915039212774953,-2.923853186186927e-06,7.324164951726628e-08,
blend_p001,0,600000,0.002,177,1.0,development,128,k2_readout,20000,0,0.7500129398705959,0.0013993648687478984,-1.1767651034685591e-07,0.00044303815272610025,1.1511526397123921e-07,2.327917743180951e-07,-1.1804288892080446e-07,3.663785737240489e-10,3.5829955092731183,10000.0,True,1.3516621829413042e-05,9.00429369544946e-08,0.0004238679505732093,9.00429369544946e-08,-1.3717006427260174e-08,True,3.054041836216846e-07,-1.1777880470305642e-07,8.080789862300378e-07,9.027879538487211e-08,2.3585843037751064e-10,True,1.0994615090872847e-06,-1.181435866579578e-07,1.234268304437286e-06,8.991521650744923e-08,1.2772044704537102e-10,True,3.817693503251299e-05,-1.0404097421140898e-07,3.82892961760001e-05,1.040121740515807e-07,1.3969237097086093e-08,3.8167977839306884e-05,3.831519101605193e-05,1.040593971357708e-07,1.4016460181276193e-08,1.1420974338578444e-06,1.3877789310050934e-06,8.996093529154273e-08,8.20016629518733e-11,
blend_p010,0,600000,0.002,177,1.0,development,128,k2_readout,20000,0,0.7500448512700886,0.001376237254518883,-1.1074120714051223e-07,0.0035381260055064494,1.3638385080667378e-06,1.4745797152072502e-06,-1.1441270966238598e-07,3.671502523496309e-09,3.6492428587400916,10000.0,True,4.663273064023994e-05,-1.772194796518907e-07,0.0034080457747242207,1.772194796518907e-07,-1.3574322374746233e-07,True,2.3681322915253648e-05,-1.2068919945197091e-07,5.8278716211036516e-05,-1.5422696877296644e-07,2.2992510878924263e-08,True,2.58290361413922e-05,-1.2441392403883035e-07,5.825730321026612e-05,-1.579418633595271e-07,1.9277616292363592e-08,True,0.00030356045525711144,1.677072304392518e-08,0.000314821083478545,-1.6673476763959707e-08,1.60546002887931e-07,0.0003035158634970221,0.0003147747683723097,-1.683554285373147e-08,1.6038393679815922e-07,2.560416536547798e-05,5.765488514864346e-05,-1.5810513360714078e-07,1.911434604474992e-08,
blend_p030,0,600000,0.002,177,1.0,development,128,k2_readout,20000,0,0.6894678782955428,0.002195325840788456,1.2837827660810673e-05,0.0356254617626534,1.6246974830912742e-05,3.409147170102067e-06,1.2840159271861403e-05,-2.3334816230385974e-09,6.927816600282107,10000.0,True,0.001974645165844724,-8.829323370749231e-06,0.024394696374192282,8.829323370749231e-06,1.8590426164483207e-06,True,0.0026141396761541324,1.2432575166621584e-05,0.005148072325917136,-8.112048296795648e-06,7.172750739535833e-07,True,0.00260704702192969,1.2437741165759974e-05,0.005158159613763503,-8.084247110033957e-06,7.450762607152742e-07,True,0.005546088973324979,8.139482361582002e-06,0.006791313155165328,-1.2407557131899127e-05,3.578233761149896e-06,0.0058034574746901,0.009267030771750529,-1.1200795554030028e-05,2.371472183280797e-06,0.004636912751849433,0.0075191402743161,-7.317064668602436e-06,1.5122587021467953e-06,
exp_right,22,600000,0.002,177,2.6119867843594364,development,128,k2_readout,20000,0,0.00014652570476655279,0.001685642668054521,4.0226067847377213e-07,0.002444273738064146,6.950728118666897e-07,2.928121333929176e-07,4.0229362885561817e-07,-3.295038047866522e-11,6.498522381310161,10000.0,True,0.0007595295333521773,-4.783832840757345e-07,0.0027321406751625718,4.783832840757345e-07,-3.8813371514483485e-08,True,1.778091624876949e-05,3.994873858856391e-07,2.1327619024339255e-05,-4.751614229726685e-07,3.221861103065936e-09,True,1.7529332894007954e-05,3.995579259288958e-07,2.1638209490014608e-05,-4.750812968228399e-07,3.301987252894542e-09,True,0.0003012595615285367,3.5146291243152604e-07,0.0002852436557184761,-5.231341584916368e-07,4.4750874415902357e-08,0.00048278778563447646,0.00043760846767955424,-4.4173708609553754e-07,3.6646197980196925e-08,0.00041051664598194343,0.0003769216893135334,-4.145286451091025e-07,6.385463896663196e-08,exponential
exp_left,22,600000,0.002,177,13.649519383995864,development,128,k2_readout,20000,0,0.000571554899454135,0.001854994876599205,-5.450354351033984e-07,0.0025023918749081417,4.3412060046544045e-07,9.79156035568839e-07,-5.454018804168515e-07,3.664453120526053e-10,9.322188599682207,10000.0,True,0.00038318749705887675,3.658346787773473e-07,0.0034517623644622028,3.658346787773473e-07,-9.501909453742362e-08,True,8.494263720151489e-05,-5.461548585890642e-07,0.00019451480656022287,3.656939910809457e-07,1.406876964015881e-10,True,8.476225967426016e-05,-5.46491470062066e-07,0.0001945523058975141,3.6542851251396393e-07,4.0616626338336345e-10,True,0.0005109975744232185,-4.694483547036173e-07,0.0005280899382912427,4.423968340079522e-07,7.65621552306049e-08,0.0006932416210795119,0.0005341371780596399,4.441502168122504e-07,7.83155380349031e-08,0.0006000317159104956,0.0004729124179547112,3.6294655406872883e-07,2.888124708618465e-09,exponential
gauss_left,22,600000,0.002,177,0.3713011646461742,development,128,k2_readout,20000,0,0.0053620986460524685,0.0034761605226655873,8.883316200134392e-06,0.05111813579891741,1.5175728719332337e-05,6.292412519197945e-06,8.881402456604191e-06,1.9079813741860637e-09,11.348306314027562,10000.0,True,0.0034070262512617493,-1.0019432941287616e-05,0.05163226755979914,1.0019432941287616e-05,-3.649302819167099e-07,True,0.0007745807876974151,8.537284443568603e-06,0.0009017780453738517,-9.639934443253765e-06,3.7949849803385144e-07,True,0.0007804003901853611,8.532481347999364e-06,0.0009085598495632505,-9.634737214193122e-06,3.846957270944943e-07,True,0.002590971483670016,8.016174892037078e-06,0.0018417820962580626,-1.0160173500834838e-05,1.4074055954722187e-07,0.004360420896929941,0.0034045680055720343,-1.0496501454671636e-05,4.770685133840198e-07,0.004678354428422513,0.003181287065933486,-1.0216481096571826e-05,1.9704815528421032e-07,gaussian
gauss_right,22,600000,0.002,177,0.23748502306292393,development,128,k2_readout,20000,0,0.03510688201579658,0.004268108941998817,1.8389411160643282e-05,0.1247576976683568,2.2128531473343937e-05,3.7391203127006584e-06,1.838616430024135e-05,3.2468087301297054e-09,17.85315434434782,10000.0,True,0.002610783220982261,-1.6488804138063902e-05,0.11949422903557562,1.6488804138063902e-05,3.73533933103342e-07,True,0.0014300882803214353,1.8079826789588464e-05,0.0020898444243828314,-1.5964449325277237e-05,5.243548127866653e-07,True,0.0014302332240996745,1.8072671609947058e-05,0.0020982815545092363,-1.5942586123301015e-05,5.462180147628873e-07,True,0.0015602552268236345,1.774239872562849e-05,0.00218786618480995,-1.6296985417665342e-05,1.9181872039856007e-07,0.0032313708721219184,0.00840320388349909,-1.8811177323109894e-05,2.322373185045992e-06,0.003131166459930491,0.008296367576997936,-1.857300635853977e-05,2.0842022204758677e-06,gaussian
bump_left,22,600000,0.002,177,0.44348186274361356,development,128,k2_readout,20000,0,0.022503048324777224,0.0031877556164229214,3.5550732527924807e-06,0.03951014739348165,1.2930299163300542e-05,9.375225910508063e-06,3.555164423529491e-06,-9.117073461902117e-11,9.86018127149613,10000.0,True,0.0016235313688348822,-4.535197687509366e-06,0.04273909752160953,4.535197687509366e-06,-7.162519160711663e-08,True,0.0011966072618286435,3.1668019111847016e-06,0.00179685040530493,-4.114384130840554e-06,4.2081355666881203e-07,True,0.001197027420986258,3.166838223040649e-06,0.001801331528503767,-4.112847415035476e-06,4.2235027247388995e-07,True,0.0027105520714489685,3.0553481905110276e-06,0.0018912742300012909,-4.225036899944089e-06,3.1016078756527693e-07,0.002885219239813324,0.0019192912362899588,-4.268124803466568e-06,2.670728840427979e-07,0.0024270171243455166,0.0015168904127526874,-4.280624712642694e-06,2.545729748666719e-07,compact_bump
bump_right,22,600000,0.002,177,0.32889495195335533,development,128,k2_readout,20000,0,0.021014525203314253,0.003619911848110703,1.7713522078068877e-06,0.017033224114838097,3.35350126350999e-06,1.5821490557031024e-06,1.7717756876866556e-06,-4.2347987420468273e-10,14.597571274518828,10000.0,True,0.002986548894164841,-1.2899712868961888e-06,0.015918795317762822,1.2899712868961888e-06,1.5828491174363763e-07,True,0.00015367439360354051,1.7601070267393638e-06,0.0004106352944166665,-1.260289543041685e-06,2.968174385450384e-08,True,0.00015343341515562878,1.760667244620942e-06,0.0004098359321693241,-1.2564513669808584e-06,3.35199199153304e-08,True,0.0003108795841930485,1.6187556919524032e-06,0.000508951463561298,-1.4013218525857988e-06,1.1135056568961001e-07,0.0008484025008164319,0.0016325465481559272,-1.7024206710635545e-06,4.124493841673657e-07,0.0007367571133201257,0.0015797479702441134,-1.6028103814453746e-06,3.128390945491858e-07,compact_bump
step_left,22,600000,0.002,177,0.9128852702404965,development,128,k2_readout,20000,0,0.0010977455383725492,0.0021554261089542642,9.20498865937188e-07,0.018991878618743012,2.326880098722197e-06,1.4063812327850086e-06,9.211136247132947e-07,-6.147587696008336e-10,4.423260802659016,10000.0,True,0.0008100275410858127,-8.582302100911671e-07,0.018529136378526778,8.582302100911671e-07,3.0066662474444454e-08,True,0.00010013312873690374,8.989247048912785e-07,0.00017819793671414118,-8.198479466894322e-07,3.838226340173487e-08,True,9.919432819658585e-05,8.995493538882052e-07,0.00017948008237507086,-8.191765097226814e-07,3.9053700368485746e-08,True,0.00013217656180802706,9.292281518186155e-07,0.00026789631409676124,-7.887645638841112e-07,6.946564620705586e-08,0.0003116123118742663,0.0007537210063570719,-8.910534427096689e-07,3.282323261850179e-08,0.0003717190656063893,0.0007588253664958187,-9.133745272768063e-07,5.5144317185639174e-08,tanh_step
step_right,22,600000,0.002,177,0.9636241118102141,development,128,k2_readout,20000,0,0.007046263122857003,0.002296491064494463,4.778373718196884e-06,0.03701209880707291,7.051203053526003e-06,2.2728293353291188e-06,4.7782473777641004e-06,1.2634043070077576e-10,4.983666299647063,10000.0,True,0.0016230074864944104,-4.684641948257109e-06,0.036308084829808726,4.684641948257109e-06,-1.5457320174556095e-09,True,0.0005129353347393776,4.699153387551359e-06,0.0007657725610518023,-4.5773818520558206e-06,1.072600962012888e-07,True,0.0005125587558091981,4.698814412905651e-06,0.0007663859852554364,-4.5771580324400796e-06,1.0748391581702979e-07,True,0.0008308283765185682,4.709259891173548e-06,0.0009029423072229161,-4.567141134989482e-06,1.1750081326762728e-07,0.0007422703736393862,0.0014441723694126913,-4.828996597169944e-06,1.4435464891283435e-07,0.0006857377823512916,0.0013852536977300338,-4.834990649576298e-06,1.5034870131918872e-07,tanh_step
kink_abs,22,600000,0.002,177,0.6214766720163144,development,128,k2_readout,20000,0,0.0037740487353229313,0.002133610653650706,-2.294504335358699e-08,0.010202038234114462,2.223775260368196e-06,2.246720303721783e-06,-2.331171943056038e-08,3.666760777648747e-10,7.919758679693823,10000.0,True,0.0004851147759214809,2.0442987924674507e-08,0.01091867184146769,2.0442987924674507e-08,-5.471383088507174e-09,True,0.00028579705155284377,-7.16857726309172e-08,0.0005101003443499717,1.4463287706186297e-07,1.2418988913718847e-07,True,0.0002855456253293412,-7.208730280838916e-08,0.0005108230530334271,1.469348345700893e-07,1.264918466454148e-07,True,0.00047432566537101235,-1.6788450227018503e-07,0.00035862918234494205,4.8658937779764134e-08,2.8215949855089626e-08,0.0005064335909263999,0.0006372731327511586,-2.5154700088673904e-08,4.559768801334841e-08,0.0005504129638978104,0.000681536374215449,4.6494429720054596e-08,2.605144179538009e-08,kink
kink_relu,22,600000,0.002,177,0.2041432706959443,development,128,k2_readout,20000,0,0.0035141555678586383,0.0018149934865767854,8.671306186876093e-07,0.008925620855421347,2.1878847528636822e-06,1.320754134176073e-06,8.672308236027785e-07,-1.0020491443863803e-10,5.770936959866089,10000.0,True,0.0005114331304641056,-7.737766690047701e-07,0.007955523089981787,7.737766690047701e-07,4.356596271254613e-08,True,5.9713763783289045e-05,8.519381919930862e-07,8.388339805074698e-05,-7.504053677468148e-07,2.3371301257955346e-08,True,5.901711662130087e-05,8.520974402274705e-07,8.499037644823365e-05,-7.502597369244509e-07,2.351693208031924e-08,True,0.0003168024906125457,8.819865833809451e-07,0.0003989805397308918,-7.201828833426018e-07,5.3593785662168335e-08,0.0003500613649566345,0.0007966564341315463,-8.266872155967661e-07,5.291054659199597e-08,0.0003897745117987375,0.0007544444376984115,-8.412072497866585e-07,6.743058078188833e-08,kink
sine,0,600000,0.002,177,1.0,development,128,k2_full,1,0,0.7773858685511149,0.0016957614914963242,1.565429065681894e-08,5.281411215350099e-05,1.754898643240833e-08,1.894695775589393e-09,1.5791059083359852e-08,-1.3676842653973077e-10,4.486728799263783,1.0,True,0.0023012427072358166,0.0,0.0,0.0,0.0,True,0.0,1.565429065681894e-08,0.0,0.0,0.0,True,2.062401890502836e-07,1.579105908336079e-08,0.0,0.0,0.0,True,1.3052569419076756e-16,1.5654290656830272e-08,0.0,0.0,0.0,0.0,0.0,0.0,0.0,2.062401890502836e-07,0.0,0.0,0.0,
runge,0,600000,0.002,177,1.0,development,128,k2_full,1,0,0.04769831935819373,0.001961701233298251,7.171580802649124e-10,5.961423258889089e-06,1.3699105989759556e-09,6.527525187110431e-10,7.170888946783738e-10,6.918559722933806e-14,5.191466780815477,1.0,True,0.0018731017204319628,0.0,0.0,0.0,0.0,True,0.0,7.171580802649124e-10,0.0,0.0,0.0,True,2.092442877187293e-09,7.170888946725962e-10,0.0,0.0,0.0,True,1.295365263554949e-16,7.171580802725883e-10,0.0,0.0,0.0,0.0,0.0,0.0,0.0,2.092442877187293e-09,0.0,0.0,0.0,
moment3,0,600000,0.002,177,1.0,development,128,k2_full,1,0,0.00636866322521205,0.003790458375010763,4.690548351827683e-10,6.259384249216314e-07,4.946350239301856e-10,2.5580188747417252e-11,4.685176479059341e-10,5.37187260851543e-13,19.316756665536243,1.0,True,0.002481396918500785,0.0,0.0,0.0,0.0,True,0.0,4.690548351827683e-10,0.0,0.0,0.0,True,5.700100495935103e-10,4.685176479294032e-10,0.0,0.0,0.0,True,5.377530856719871e-16,4.690548351864436e-10,0.0,0.0,0.0,0.0,0.0,0.0,0.0,5.700100495935103e-10,0.0,0.0,0.0,
moment5,0,600000,0.002,177,1.0,development,128,k2_full,1,0,0.7499971640812086,0.001408342334060862,4.012795869217361e-12,2.104140987720864e-08,9.76075285682969e-12,5.747956987612329e-12,4.012744054408775e-12,5.182830397008669e-17,3.5773956426919793,1.0,True,7.575433007619002e-06,0.0,0.0,0.0,0.0,True,4.336808689942018e-19,4.012795869179077e-12,0.0,0.0,0.0,True,1.4765007480046052e-13,4.0127440497898404e-12,0.0,0.0,0.0,True,1.2837686270362196e-16,4.012795873505166e-12,0.0,0.0,0.0,4.336808689942018e-19,0.0,0.0,0.0,1.4765007480046052e-13,0.0,0.0,0.0,
moment9,0,600000,0.002,177,1.0,development,128,k2_full,1,0,0.7500008937000184,0.0014050342040256769,-1.6638026394346565e-12,1.1338193003403894e-08,3.663764350722172e-12,5.327566990156828e-12,-1.6638184452665672e-12,1.580813024702703e-17,3.579044093016631,1.0,True,7.22204287892297e-06,0.0,0.0,0.0,0.0,True,0.0,-1.6638026394346565e-12,0.0,0.0,0.0,True,4.484889436727388e-14,-1.663818439499134e-12,0.0,0.0,0.0,True,1.3045434838848702e-16,-1.6638026305910583e-12,0.0,0.0,0.0,0.0,0.0,0.0,0.0,4.484889436727388e-14,0.0,0.0,0.0,
mixed_sine,0,600000,0.002,177,0.8100925873009825,development,128,k2_full,1,0,0.3224050891987311,0.0027717920237318077,1.7080852538395486e-09,1.2046893350451378e-05,2.512141879677384e-09,8.040566258378354e-10,1.7079524211367342e-09,1.3283270319628972e-13,6.883384171389058,1.0,True,0.00010526498278566851,0.0,0.0,0.0,0.0,True,1.3877787807814457e-17,1.7080852538383234e-09,0.0,0.0,0.0,True,1.6011825616629958e-10,1.7079524211881412e-09,0.0,0.0,0.0,True,2.0874650988038547e-16,1.7080852538519144e-09,0.0,0.0,0.0,1.3877787807814457e-17,0.0,0.0,0.0,1.6011825616629958e-10,0.0,0.0,0.0,
localized_sine,0,600000,0.002,177,0.4822374526221915,development,128,k2_full,1,0,0.1931507534726904,0.003281167542124458,1.5113857610233482e-09,8.1213673737021e-06,2.516328580571425e-09,1.0049428195480767e-09,1.5106949573288802e-09,6.908036414902253e-13,13.094963932168664,1.0,True,0.002684811523849983,0.0,0.0,0.0,0.0,True,0.0,1.5113857610233482e-09,0.0,0.0,0.0,True,3.039719577055688e-09,1.510695663620132e-09,0.0,0.0,0.0,True,1.5504500480139257e-16,1.5113857610272913e-09,0.0,0.0,0.0,0.0,0.0,0.0,0.0,3.039719577055688e-09,0.0,0.0,0.0,
chirp,0,600000,0.002,177,0.7001068817853702,development,128,k2_full,1,0,0.7347883663538762,0.0021733530706729565,3.0039728021940614e-09,2.2585608775024963e-05,3.6943011646734474e-09,6.903283624793857e-10,3.0037936194044585e-09,1.7918280468490115e-13,9.322258317694356,1.0,True,0.0005418741518910129,0.0,0.0,0.0,0.0,True,0.0,3.0039728021940614e-09,0.0,0.0,0.0,True,7.811990928414665e-10,3.0037936194066063e-09,0.0,0.0,0.0,True,1.214616165731382e-16,3.0039728021669563e-09,0.0,0.0,0.0,0.0,0.0,0.0,0.0,7.811990928414665e-10,0.0,0.0,0.0,
moment4,0,600000,0.002,177,1.0,development,128,k2_full,1,0,0.7499835149013488,0.0014156189280925084,2.3193162464518413e-11,1.4813912057103154e-07,4.4611344699603624e-11,2.1418182235085208e-11,2.319046949500581e-11,2.692974420530347e-15,3.58441015415659,1.0,True,1.9011342425306448e-05,0.0,0.0,0.0,0.0,True,1.734723475976807e-18,2.319316246467155e-11,0.0,0.0,0.0,True,7.66113771117581e-12,2.31904694947174e-11,0.0,0.0,0.0,True,1.181205302537374e-16,2.319316247095012e-11,0.0,0.0,0.0,1.734723475976807e-18,0.0,0.0,0.0,7.66113771117581e-12,0.0,0.0,0.0,
blend_m010,0,600000,0.002,177,1.0,development,128,k2_full,1,0,0.7496060479738925,0.001512013226577968,2.99213835420536e-10,9.64818435308204e-07,4.338444530667692e-10,1.346306176462332e-10,2.9916833718500337e-10,4.5498239846946725e-14,3.5967087799158595,1.0,True,0.0003081119134730099,0.0,0.0,0.0,0.0,True,0.0,2.99213835420536e-10,0.0,0.0,0.0,True,3.0254157005642275e-10,2.9916833718865004e-10,0.0,0.0,0.0,True,1.5012438179839218e-16,2.9921383543328456e-10,0.0,0.0,0.0,0.0,0.0,0.0,0.0,3.0254157005642275e-10,0.0,0.0,0.0,
blend_p001,0,600000,0.002,177,1.0,development,128,k2_full,1,0,0.7500129637624379,0.0013994825348523053,-1.0405939708722115e-11,4.3238690000369804e-08,1.2157613180990664e-11,2.2563552889712778e-11,-1.0406222504694437e-11,2.8279111803258707e-16,3.5829084340540494,1.0,True,1.7147282211198197e-05,0.0,0.0,0.0,0.0,True,0.0,-1.0405939708722115e-11,0.0,0.0,0.0,True,7.867210616067214e-13,-1.0406222504482501e-11,0.0,0.0,0.0,True,1.1835674530408128e-16,-1.0405939713431045e-11,0.0,0.0,0.0,0.0,0.0,0.0,0.0,7.867210616067214e-13,0.0,0.0,0.0,
blend_p010,0,600000,0.002,177,1.0,development,128,k2_full,1,0,0.7500464330766761,0.0013763479974095777,1.6835542834723785e-12,3.4467349369848337e-07,1.4179068702311473e-10,1.4010713273964236e-10,1.687741129974694e-12,-4.186844612332689e-15,3.6462863209976706,1.0,True,3.246796769123963e-05,0.0,0.0,0.0,0.0,True,0.0,1.6835542834723785e-12,0.0,0.0,0.0,True,9.286939267419677e-12,1.6877411343298702e-12,0.0,0.0,0.0,True,1.134885743283862e-16,1.6835542816347477e-12,0.0,0.0,0.0,0.0,0.0,0.0,0.0,9.286939267419677e-12,0.0,0.0,0.0,
blend_p030,0,600000,0.002,177,1.0,development,128,k2_full,1,0,0.6899493241315872,0.0021824891145888095,1.1014611641303463e-09,3.094472689591995e-06,1.3938584136150437e-09,2.9239724948469723e-10,1.1003512318682746e-09,1.109932248298623e-12,6.751050654153295,1.0,True,0.0011500804687599052,0.0,0.0,0.0,0.0,True,0.0,1.1014611641303463e-09,0.0,0.0,0.0,True,1.3167272725356675e-09,1.1003512318753803e-09,0.0,0.0,0.0,True,1.5192701864267035e-16,1.101461164130423e-09,0.0,0.0,0.0,0.0,0.0,0.0,0.0,1.3167272725356675e-09,0.0,0.0,0.0,
exp_right,22,600000,0.002,177,2.6119867843594364,development,128,k2_full,1,0,0.00014992931807068747,0.0016852404515497559,4.417370859381925e-11,2.5616227710809966e-07,7.09581435431261e-11,2.678443494930686e-11,4.417466235993149e-11,-9.537503763025785e-16,6.486385081275366,1.0,True,0.00035400315006522466,0.0,0.0,0.0,0.0,True,0.0,4.417370859381925e-11,0.0,0.0,0.0,True,1.308704811332443e-11,4.417466235177891e-11,0.0,0.0,0.0,True,1.2342773912964964e-16,4.417370860943911e-11,0.0,0.0,0.0,0.0,0.0,0.0,0.0,1.308704811332443e-11,0.0,0.0,0.0,exponential
exp_left,22,600000,0.002,177,13.649519383995864,development,128,k2_full,1,0,0.0005812313360506604,0.0018555398676192868,-4.441502166000591e-11,3.0037138579754254e-07,5.0649704526115444e-11,9.506472618612136e-11,-4.44187260594549e-11,3.704378247415044e-15,9.299440666220955,1.0,True,0.0005469224969871967,0.0,0.0,0.0,0.0,True,0.0,-4.441502166000591e-11,0.0,0.0,0.0,True,1.8634291324334965e-11,-4.441872604246629e-11,0.0,0.0,0.0,True,4.601879230314812e-16,-4.441502168328257e-11,0.0,0.0,0.0,0.0,0.0,0.0,0.0,1.8634291324334965e-11,0.0,0.0,0.0,exponential
gauss_left,22,600000,0.002,177,0.3713011646461742,development,128,k2_full,1,0,0.006229936332474738,0.00346727814205503,9.355895766715605e-10,5.467123753960035e-06,1.6103337297148574e-09,6.74744153043297e-10,9.354232949012092e-10,1.6628175204308282e-13,11.270602822713192,1.0,True,0.0031576440476676045,0.0,0.0,0.0,0.0,True,0.0,9.355895766715605e-10,0.0,0.0,0.0,True,1.406251838674779e-09,9.354232949240532e-10,0.0,0.0,0.0,True,1.5374827842353144e-16,9.355895766829692e-10,0.0,0.0,0.0,0.0,0.0,0.0,0.0,1.406251838674779e-09,0.0,0.0,0.0,gaussian
gauss_right,22,600000,0.002,177,0.23748502306292393,development,128,k2_full,1,0,0.0378641532826493,0.0042497213935596845,1.862721511552306e-09,1.2729017405895855e-05,2.2412045637666237e-09,3.7848305221431774e-10,1.8619617091378514e-09,7.598023683660656e-13,17.55057996062563,1.0,True,0.003463157189588551,0.0,0.0,0.0,0.0,True,0.0,1.862721511552306e-09,0.0,0.0,0.0,True,1.7455585369459005e-09,1.8619630323068892e-09,0.0,0.0,0.0,True,1.8124083898251057e-15,1.86272151137463e-09,0.0,0.0,0.0,0.0,0.0,0.0,0.0,1.7455585369459005e-09,0.0,0.0,0.0,gaussian
bump_left,22,600000,0.002,177,0.44348186274361356,development,128,k2_full,1,0,0.023117982224952278,0.0031842008983079414,3.551378125003839e-10,4.152074199530461e-06,1.3149613115498048e-09,9.598234990494208e-10,3.551458878545027e-10,-8.07539594526969e-15,9.847522597095574,1.0,True,0.000981642099968231,0.0,0.0,0.0,0.0,True,0.0,3.551378125003839e-10,0.0,0.0,0.0,True,3.0441703651177555e-10,3.5514588078966876e-10,0.0,0.0,0.0,True,9.308484792088106e-16,3.551378123957921e-10,0.0,0.0,0.0,0.0,0.0,0.0,0.0,3.0441703651177555e-10,0.0,0.0,0.0,compact_bump
bump_right,22,600000,0.002,177,0.32889495195335533,development,128,k2_full,1,0,0.021058587888087267,0.0036181406661449627,1.7024206712212232e-10,1.7448684747070739e-06,3.2898298012047997e-10,1.5874091299835767e-10,1.7014588142782823e-10,9.618567850679945e-14,14.580093710708557,1.0,True,0.002939844562629571,0.0,0.0,0.0,0.0,True,0.0,1.7024206712212232e-10,0.0,0.0,0.0,True,2.544841541338746e-10,1.7013925214983358e-10,0.0,0.0,0.0,True,2.1355843692393745e-16,1.7024206715117985e-10,0.0,0.0,0.0,0.0,0.0,0.0,0.0,2.544841541338746e-10,0.0,0.0,0.0,compact_bump
step_left,22,600000,0.002,177,0.9128852702404965,development,128,k2_full,1,0,0.001151217483583595,0.0021545056991936714,8.910534424670665e-11,1.9268810989345937e-06,2.36741075141498e-10,1.4763573089479138e-10,8.913240334989605e-11,-2.705907892762811e-14,4.423778078419847,1.0,True,0.0005691378102725502,0.0,0.0,0.0,0.0,True,0.0,8.910534424670665e-11,0.0,0.0,0.0,True,1.2480652418870054e-10,8.91324033773617e-11,0.0,0.0,0.0,True,8.990359224225659e-16,8.91053443244614e-11,0.0,0.0,0.0,0.0,0.0,0.0,0.0,1.2480652418870054e-10,0.0,0.0,0.0,tanh_step
step_right,22,600000,0.002,177,0.9636241118102141,development,128,k2_full,1,0,0.007240198761209195,0.0022917131736759255,4.828996597058748e-10,3.7604131032097442e-06,7.272391670279536e-10,2.443395073220787e-10,4.828909726435902e-10,8.687073400633298e-15,4.944230791115353,1.0,True,0.0011823098366296183,0.0,0.0,0.0,0.0,True,0.0,4.828996597058748e-10,0.0,0.0,0.0,True,4.6201079076042987e-10,4.828909707441247e-10,0.0,0.0,0.0,True,1.8356948410806306e-16,4.828996597144504e-10,0.0,0.0,0.0,0.0,0.0,0.0,0.0,4.6201079076042987e-10,0.0,0.0,0.0,tanh_step
kink_abs,22,600000,0.002,177,0.6214766720163144,development,128,k2_full,1,0,0.0038176255138972696,0.002133633598797012,1.0295281938766055e-13,1.0467296298462919e-06,2.2968479308556315e-10,2.2958184026617548e-10,1.3525281038954873e-15,1.016003041726479e-13,7.903853340534364,1.0,True,0.0005892445256341847,0.0,0.0,0.0,0.0,True,0.0,1.0295281938766055e-13,0.0,0.0,0.0,True,1.5387453329208803e-10,1.352535850250317e-15,0.0,0.0,0.0,True,2.6721499888085e-16,1.0295284511927725e-13,0.0,0.0,0.0,0.0,0.0,0.0,0.0,1.5387453329208803e-10,0.0,0.0,0.0,kink
kink_relu,22,600000,0.002,177,0.2041432706959443,development,128,k2_full,1,0,0.003527592431785204,0.0018141264386268188,8.266872152912036e-11,8.678260911422939e-07,2.1790809525013613e-10,1.3523937372101576e-10,8.267295571092887e-11,-4.2341512504790304e-15,5.782509126692884,1.0,True,0.0008962150714594121,0.0,0.0,0.0,0.0,True,0.0,8.266872152912036e-11,0.0,0.0,0.0,True,8.511945274080691e-11,8.267295570651292e-11,0.0,0.0,0.0,True,1.333171953816648e-16,8.266872153134084e-11,0.0,0.0,0.0,0.0,0.0,0.0,0.0,8.511945274080691e-11,0.0,0.0,0.0,kink
sine,0,600000,0.002,177,1.0,development,128,k2_full,10,0,0.777315583662421,0.0016959024230481237,1.565858424564888e-07,0.0005282747666195167,1.7553644824968604e-07,1.895060579319725e-08,1.579535453642147e-07,-1.3677029077025243e-09,4.487157046436836,10.0,True,0.002300083535596335,0.0,0.0,0.0,0.0,True,1.767854502153086e-07,1.5656544283212873e-07,0.0,0.0,0.0,True,2.046030485719374e-06,1.5789684179651742e-07,0.0,0.0,0.0,True,1.7567180447854404e-07,1.5652912589162565e-07,0.0,0.0,0.0,1.3435604652578556e-07,0.0,0.0,0.0,2.0487051015544353e-06,0.0,0.0,0.0,
runge,0,600000,0.002,177,1.0,development,128,k2_full,10,0,0.04769522649170172,0.0019617076876472057,7.171507034813437e-09,5.961332755034154e-05,1.36988109301841e-08,6.5273038953706634e-09,7.170815084921001e-09,6.919498993690605e-13,5.191519147366844,10.0,True,0.0018732576097501325,0.0,0.0,0.0,0.0,True,6.428248896368831e-10,7.171385605808159e-09,0.0,0.0,0.0,True,2.095337878571149e-08,7.170686030064215e-09,0.0,0.0,0.0,True,6.414912047100758e-10,7.171378219126049e-09,0.0,0.0,0.0,1.0406848924436394e-09,0.0,0.0,0.0,2.0751270427173864e-08,0.0,0.0,0.0,
moment3,0,600000,0.002,177,1.0,development,128,k2_full,10,0,0.006368592788764247,0.0037904625960247904,4.690068862556431e-09,6.258152626960386e-06,4.945909421341288e-09,2.558405587848567e-10,4.684697622174613e-09,5.371240348913452e-12,19.31680838431269,10.0,True,0.002481444487294684,0.0,0.0,0.0,0.0,True,5.2694521230925194e-11,4.690082312009536e-09,0.0,0.0,0.0,True,5.654198689231907e-09,4.684748001608773e-09,0.0,0.0,0.0,True,8.056487135800902e-11,4.690141010258043e-09,0.0,0.0,0.0,1.6996988777944189e-09,0.0,0.0,0.0,6.169898139715164e-09,0.0,0.0,0.0,
moment5,0,600000,0.002,177,1.0,development,128,k2_full,10,0,0.7499971640763925,0.001408342370176066,4.012799991926749e-11,2.1041411617544203e-07,9.760754005846633e-11,5.7479540139198836e-11,4.012748163775996e-11,5.182836580542452e-16,3.57739562122397,10.0,True,7.5754401174634965e-06,0.0,0.0,0.0,0.0,True,1.1820984949292127e-13,4.012795586191591e-11,0.0,0.0,0.0,True,1.4940895310514008e-12,4.0127447010079126e-11,0.0,0.0,0.0,True,1.1191660099512523e-13,4.012796529332629e-11,0.0,0.0,0.0,1.6982888298342968e-13,0.0,0.0,0.0,1.497502565519092e-12,0.0,0.0,0.0,
moment9,0,600000,0.002,177,1.0,development,128,k2_full,10,0,0.7500008936983323,0.001405034189051469,-1.6638010451176587e-11,1.1338179479840237e-07,3.6637598832579315e-11,5.327560928375591e-11,-1.6638168553107877e-11,1.5808093026781737e-16,3.57904409576228,10.0,True,7.222049736444099e-06,0.0,0.0,0.0,0.0,True,1.3445495044646587e-14,-1.663801724799866e-11,0.0,0.0,0.0,True,4.489955979961951e-13,-1.6638173866630222e-11,0.0,0.0,0.0,True,1.2674053457746233e-14,-1.6638015786661052e-11,0.0,0.0,0.0,1.4019237485475025e-13,0.0,0.0,0.0,4.694635119983211e-13,0.0,0.0,0.0,
mixed_sine,0,600000,0.002,177,0.8100925873009825,development,128,k2_full,10,0,0.3224037222939572,0.002771807396503099,1.7080856545143863e-08,0.0001204664841884731,2.5121456049692306e-08,8.040599504548445e-09,1.7079527614263952e-08,1.3289309321819888e-12,6.8833420658837765,10.0,True,0.00010536883098419012,0.0,0.0,0.0,0.0,True,1.3202446857046543e-09,1.7080539346041498e-08,0.0,0.0,0.0,True,2.940067581347888e-09,1.7078772628964094e-08,0.0,0.0,0.0,True,1.6149715361120035e-09,1.708010128534748e-08,0.0,0.0,0.0,2.779927507571204e-09,0.0,0.0,0.0,3.3826483527192905e-09,0.0,0.0,0.0,
localized_sine,0,600000,0.002,177,0.4822374526221915,development,128,k2_full,10,0,0.19314939639077947,0.0032811811439970033,1.5113258307092107e-08,8.121103984080822e-05,2.5162483791320876e-08,1.004922548422877e-08,1.5106350287578487e-08,6.908019586393987e-12,13.095108683343657,10.0,True,0.0026849343773623856,0.0,0.0,0.0,0.0,True,1.1841334712816186e-09,1.5112924940951117e-08,0.0,0.0,0.0,True,3.016308724938243e-08,1.5105991998060758e-08,0.0,0.0,0.0,True,1.1635904644190642e-09,1.511290652803763e-08,0.0,0.0,0.0,3.6657810624568024e-09,0.0,0.0,0.0,3.100211630316967e-08,0.0,0.0,0.0,
chirp,0,600000,0.002,177,0.7001068817853702,development,128,k2_full,10,0,0.7347781581185179,0.002173380106319773,3.0039619618446956e-08,0.00022585117400903307,3.694262456634132e-08,6.903004947894363e-09,3.003782357500667e-08,1.796043399101311e-12,9.322670093854272,10.0,True,0.0005416147687557927,0.0,0.0,0.0,0.0,True,1.4176801548165822e-08,3.003870020992048e-08,0.0,0.0,0.0,True,1.1506561544487367e-08,3.003851108956177e-08,0.0,0.0,0.0,True,1.3368282139938771e-08,3.004030209826356e-08,0.0,0.0,0.0,5.930691075555922e-09,0.0,0.0,0.0,1.2442890478336088e-08,0.0,0.0,0.0,
moment4,0,600000,0.002,177,1.0,development,128,k2_full,10,0,0.749983514670402,0.001415619136832246,2.3193289951820572e-10,1.4813967823128405e-06,4.4611452796160486e-10,2.1418162844339914e-10,2.3190596957537111e-10,2.692995677556669e-14,3.5844102765214885,10.0,True,1.9011532898742916e-05,0.0,0.0,0.0,0.0,True,8.078340096075549e-12,2.3193109012761736e-10,0.0,0.0,0.0,True,7.740701328418627e-11,2.3190451343438768e-10,0.0,0.0,0.0,True,7.969308490563135e-12,2.3193144317447191e-10,0.0,0.0,0.0,7.218775754676553e-12,0.0,0.0,0.0,7.731018283328602e-11,0.0,0.0,0.0,
blend_m010,0,600000,0.002,177,1.0,development,128,k2_full,10,0,0.7496060381050202,0.0015120159195252164,2.9921610839913222e-09,9.648293475468602e-06,4.3384769107777005e-09,1.346315826786378e-09,2.9917060953175272e-09,4.549886989400232e-13,3.5967104398524024,10.0,True,0.0003081151755600676,0.0,0.0,0.0,0.0,True,1.3336175395453e-10,2.9921306700007916e-09,0.0,0.0,0.0,True,3.0305943164856493e-09,2.9916821267346685e-09,0.0,0.0,0.0,True,1.2542482644731557e-10,2.9921371087769267e-09,0.0,0.0,0.0,1.211594567111404e-10,0.0,0.0,0.0,3.0299680728922613e-09,0.0,0.0,0.0,
blend_p001,0,600000,0.002,177,1.0,development,128,k2_full,10,0,0.7500129637429442,0.001399482441198938,-1.0405930715456515e-10,4.323866667356655e-07,1.2157612362065812e-10,2.2563543077522325e-10,-1.0406213507473056e-10,2.8279073107806224e-15,3.5829085001476493,10.0,True,1.7147272977033644e-05,0.0,0.0,0.0,0.0,True,2.6822076365262886e-13,-1.0405940920298901e-10,0.0,0.0,0.0,True,7.894735545458907e-12,-1.0406221025453866e-10,0.0,0.0,0.0,True,2.5065028045452857e-13,-1.0405938234057854e-10,0.0,0.0,0.0,3.2711087615589136e-13,0.0,0.0,0.0,7.904209444118373e-12,0.0,0.0,0.0,
blend_p010,0,600000,0.002,177,1.0,development,128,k2_full,10,0,0.7500464318202983,0.001376348012568886,1.6842862686490788e-11,3.4467406876209114e-06,1.4179101941220434e-09,1.4010673314355526e-09,1.6884733812600875e-11,-4.187107876585243e-14,3.6462878460635255,10.0,True,3.247154000840812e-05,0.0,0.0,0.0,0.0,True,1.8163357661902822e-11,1.683605349612921e-11,0.0,0.0,0.0,True,9.313990549758715e-11,1.6877360158964044e-11,0.0,0.0,0.0,True,1.82251321919716e-11,1.6835491723894358e-11,0.0,0.0,0.0,1.8033924462595793e-11,0.0,0.0,0.0,9.308247736101125e-11,0.0,0.0,0.0,
blend_p030,0,600000,0.002,177,1.0,development,128,k2_full,10,0,0.689949037908466,0.0021824990275736774,1.1014446031666406e-08,3.0944058006479056e-05,1.3938327387489225e-08,2.923881355822818e-09,1.1003347353733495e-08,1.109867788025989e-11,6.751136296538853,10.0,True,0.0011500350455524073,0.0,0.0,0.0,0.0,True,2.546728057609097e-09,1.1014182271784675e-08,0.0,0.0,0.0,True,1.3046428672309212e-08,1.1002865600880682e-08,0.0,0.0,0.0,True,2.4972682629173607e-09,1.101396587491792e-08,0.0,0.0,0.0,8.407735556444506e-10,0.0,0.0,0.0,1.2729105101215686e-08,0.0,0.0,0.0,
exp_right,22,600000,0.002,177,2.6119867843594364,development,128,k2_full,10,0,0.00014992709720763387,0.0016852408491125782,4.4173653077566677e-10,2.5616184945093994e-06,7.095808480775401e-10,2.6784431730187337e-10,4.4174606690020757e-10,-9.53612940338559e-15,6.486390969017365,10.0,True,0.0003539294196148292,0.0,0.0,0.0,0.0,True,2.3266433683969137e-11,4.4173396973007963e-10,0.0,0.0,0.0,True,1.3419376213087687e-10,4.4174260350860477e-10,0.0,0.0,0.0,True,2.0828712421514222e-11,4.4173304631804675e-10,0.0,0.0,0.0,1.1226848167218425e-11,0.0,0.0,0.0,1.2279687699559305e-10,0.0,0.0,0.0,exponential
exp_left,22,600000,0.002,177,13.649519383995864,development,128,k2_full,10,0,0.0005812248870191354,0.0018555394678786005,-4.4415570833493766e-10,3.003688626653601e-06,5.064924712263492e-10,9.50648179561287e-10,-4.4419275034199316e-10,3.7042031337850426e-14,9.29945144251084,10.0,True,0.0005468952757238861,0.0,0.0,0.0,0.0,True,9.504617109121462e-11,-4.4416296697579696e-10,0.0,0.0,0.0,True,2.0523552707782683e-10,-4.441933180984893e-10,0.0,0.0,0.0,True,9.109250680042577e-11,-4.4415627471736706e-10,0.0,0.0,0.0,4.629654159577402e-11,0.0,0.0,0.0,1.6695898718392343e-10,0.0,0.0,0.0,exponential
gauss_left,22,600000,0.002,177,0.3713011646461742,development,128,k2_full,10,0,0.006229292198264368,0.0034672865621529934,9.35568754007254e-09,5.466970612910553e-05,1.6102883428003744e-08,6.7471958879312045e-09,9.354024643839094e-09,1.6628960692215435e-12,11.270638899915012,10.0,True,0.003157741259978123,0.0,0.0,0.0,0.0,True,3.345642031657338e-10,9.355542834888176e-09,0.0,0.0,0.0,True,1.4131023673603057e-08,9.353870125844005e-09,0.0,0.0,0.0,True,3.314379259386825e-10,9.355539527906508e-09,0.0,0.0,0.0,1.6305191521849912e-09,0.0,0.0,0.0,1.4371424404029805e-08,0.0,0.0,0.0,gaussian
gauss_right,22,600000,0.002,177,0.23748502306292393,development,128,k2_full,10,0,0.03786195535639051,0.004249738157437426,1.8626599252179145e-08,0.00012728774167016044,2.2411284229289085e-08,3.78468497710994e-09,1.861900165221407e-08,7.597599914518295e-12,17.550721806004212,10.0,True,0.0034629674018819808,0.0,0.0,0.0,0.0,True,6.770773523614558e-09,1.862673507218827e-08,0.0,0.0,0.0,True,1.832715938602281e-08,1.8619959246468056e-08,0.0,0.0,0.0,True,5.969953409012277e-09,1.862757354924986e-08,0.0,0.0,0.0,2.533958684133216e-09,0.0,0.0,0.0,1.7570171361181773e-08,0.0,0.0,0.0,gaussian
bump_left,22,600000,0.002,177,0.44348186274361356,development,128,k2_full,10,0,0.02311757006587658,0.003184204094615614,3.551445485034791e-09,4.1520551432859406e-05,1.3149583921699939e-08,9.598138436665148e-09,3.551526219537829e-09,-8.073448405318951e-14,9.847526051621818,10.0,True,0.0009816961368828382,0.0,0.0,0.0,0.0,True,4.3251945942220415e-10,3.5512965424549784e-09,0.0,0.0,0.0,True,3.0092113176300195e-09,3.551375823979364e-09,0.0,0.0,0.0,True,4.43470545475724e-10,3.551295547841691e-09,0.0,0.0,0.0,4.0310658723616037e-10,0.0,0.0,0.0,3.15945953189749e-09,0.0,0.0,0.0,compact_bump
bump_right,22,600000,0.002,177,0.32889495195335533,development,128,k2_full,10,0,0.021058550262727828,0.0036181421982398273,1.702336931482475e-09,1.7448218424400938e-05,3.2897174158366757e-09,1.5873804843542008e-09,1.701375138610521e-09,9.617931787035175e-13,14.580102369311769,10.0,True,0.002939703675145775,0.0,0.0,0.0,0.0,True,2.469199024367212e-10,1.7023501288750556e-09,0.0,0.0,0.0,True,2.524954807240479e-09,1.7013458683452096e-09,0.0,0.0,0.0,True,2.32839698951425e-10,1.7023773719007462e-09,0.0,0.0,0.0,4.960810951285153e-10,0.0,0.0,0.0,2.441106852671752e-09,0.0,0.0,0.0,compact_bump
step_left,22,600000,0.002,177,0.9128852702404965,development,128,k2_full,10,0,0.0011511721402203531,0.002154506501141416,8.910530892560503e-10,1.9268577142357193e-05,2.3673835682288944e-09,1.4763304789728442e-09,8.913236698401085e-10,-2.705805146503323e-13,4.423776835319021,10.0,True,0.0005691124076922835,0.0,0.0,0.0,0.0,True,5.5022940279434366e-11,8.910437213751689e-10,0.0,0.0,0.0,True,1.204166558714059e-09,8.913040555255826e-10,0.0,0.0,0.0,True,7.156783091207267e-11,8.910333665819941e-10,0.0,0.0,0.0,2.3790500519184085e-10,0.0,0.0,0.0,1.2393190987265785e-09,0.0,0.0,0.0,tanh_step
step_right,22,600000,0.002,177,0.9636241118102141,development,128,k2_full,10,0,0.0072400384192411,0.0022917175197283424,4.828952076312723e-09,3.760369129275904e-05,7.272307118198701e-09,2.4433550418859788e-09,4.828865196641496e-09,8.68797331741144e-14,4.9442503139659895,10.0,True,0.0011823679456978557,0.0,0.0,0.0,0.0,True,2.997268031113348e-10,4.82890661849275e-09,0.0,0.0,0.0,True,4.545009456321611e-09,4.828819809949681e-09,0.0,0.0,0.0,True,3.0291664546427396e-10,4.828906882034887e-09,0.0,0.0,0.0,4.6395824526748483e-10,0.0,0.0,0.0,4.6602425128048175e-09,0.0,0.0,0.0,tanh_step
kink_abs,22,600000,0.002,177,0.6214766720163144,development,128,k2_full,10,0,0.0038175944793784754,0.0021336335997066453,1.0125857272435725e-12,1.0467333601367555e-05,2.2968526517715773e-09,2.2958400660443337e-09,-3.403191860373067e-15,1.015988934569008e-12,7.903861279424711,10.0,True,0.0005892357522665011,0.0,0.0,0.0,0.0,True,2.5640753125073204e-10,9.750627474383683e-13,0.0,0.0,0.0,True,1.509974537500773e-09,-6.930949483313694e-14,0.0,0.0,0.0,True,2.4018983557702973e-10,9.469133866553975e-13,0.0,0.0,0.0,1.0781571687905169e-10,0.0,0.0,0.0,1.4904155844009159e-09,0.0,0.0,0.0,kink
kink_relu,22,600000,0.002,177,0.2041432706959443,development,128,k2_full,10,0,0.0035275817877664936,0.0018141271826424984,8.266844010944301e-10,8.678149335616668e-06,2.1790658530598514e-09,1.3523814519654213e-09,8.267267417032879e-10,-4.23405226793299e-14,5.78250225130511,10.0,True,0.0008962067324457048,0.0,0.0,0.0,0.0,True,8.72975455157388e-11,8.266704403490385e-10,0.0,0.0,0.0,True,8.193600440872885e-10,8.267103007565794e-10,0.0,0.0,0.0,True,8.317747278391404e-11,8.266678675911105e-10,0.0,0.0,0.0,1.1503359782650003e-10,0.0,0.0,0.0,8.165506950878382e-10,0.0,0.0,0.0,kink
sine,0,600000,0.002,177,1.0,development,128,k2_full,1000,0,0.7691242292175433,0.001711881443326277,1.613560612060993e-05,0.05430610915087273,1.807292612982335e-05,1.9373200092134185e-06,1.6272207787610766e-05,-1.3660166700086835e-07,4.536267639916256,1000.0,True,0.0021599512825924466,0.0,0.0,0.0,0.0,True,0.00193710890423429,1.5650111929430863e-05,0.0,0.0,0.0,True,0.0019374288206511648,1.5639375726635724e-05,0.0,0.0,0.0,True,0.0019556521899729493,1.5502258240542067e-05,0.0,0.0,0.0,0.0014998958376432451,0.0,0.0,0.0,0.0014862705499517827,0.0,0.0,0.0,
runge,0,600000,0.002,177,1.0,development,128,k2_full,1000,0,0.04735627741803254,0.0019624208535835128,7.203374433419174e-07,0.005951356413148021,1.368628697366067e-06,6.482912540241499e-07,7.202551623095663e-07,7.601722531659956e-11,5.197277459693002,1000.0,True,0.0018902088033278877,0.0,0.0,0.0,0.0,True,6.8080319390724135e-06,7.189668408553219e-07,0.0,0.0,0.0,True,7.309661254057574e-06,7.188591915763834e-07,0.0,0.0,0.0,True,6.8388492141452955e-06,7.189418687599741e-07,0.0,0.0,0.0,1.1568357921749197e-05,0.0,0.0,0.0,1.1356090374117657e-05,0.0,0.0,0.0,
moment3,0,600000,0.002,177,1.0,development,128,k2_full,1000,0,0.006360922396746194,0.0037909216863919464,4.6378043601918464e-07,0.0006125287873704234,4.897856673562382e-07,2.6005231337053562e-08,4.632502091946873e-07,5.302268250753777e-10,19.32247876381825,1000.0,True,0.002486632169265473,0.0,0.0,0.0,0.0,True,4.080721134082202e-07,4.640524456321703e-07,0.0,0.0,0.0,True,4.291731145350881e-07,4.6343402920321836e-07,0.0,0.0,0.0,True,4.231759719834634e-07,4.6407380900998747e-07,0.0,0.0,0.0,1.8688426710504755e-05,0.0,0.0,0.0,1.877593438237939e-05,0.0,0.0,0.0,
moment5,0,600000,0.002,177,1.0,development,128,k2_full,1000,0,0.7499971635466183,0.0014083463433000832,4.013252017112513e-09,2.104160279853206e-05,9.760879780721904e-09,5.74762776360939e-09,4.013200181711507e-09,5.183526085187263e-14,3.577393259979096,1000.0,True,7.576214174375647e-06,0.0,0.0,0.0,0.0,True,1.2686385850642404e-09,4.012816184282448e-09,0.0,0.0,0.0,True,1.2687873491977484e-09,4.012815872616436e-09,0.0,0.0,0.0,True,1.2425540863819081e-09,4.012867699914911e-09,0.0,0.0,0.0,1.885131655557606e-09,0.0,0.0,0.0,1.9007614961009055e-09,0.0,0.0,0.0,
moment9,0,600000,0.002,177,1.0,development,128,k2_full,1000,0,0.7500008935129094,0.0014050325420632964,-1.6636261828588248e-09,1.1336691670666174e-05,3.663267972548501e-09,5.326894155407326e-09,-1.6636419868785864e-09,1.5803922353263633e-14,3.57904439791493,1000.0,True,7.221781478248268e-06,0.0,0.0,0.0,0.0,True,1.4319925095480967e-10,-1.6636932349312802e-09,0.0,0.0,0.0,True,1.486631045928977e-10,-1.663701094466998e-09,0.0,0.0,0.0,True,1.4071192113180592e-10,-1.6636852872107612e-09,0.0,0.0,0.0,1.555874244648168e-09,0.0,0.0,0.0,1.556366846433164e-09,0.0,0.0,0.0,
mixed_sine,0,600000,0.002,177,0.8100925873009825,development,128,k2_full,1000,0,0.3222540200071715,0.002773498448525431,1.7081328788775893e-06,0.01201982061963718,2.5125654267685503e-06,8.044325478909612e-07,1.7079933701025637e-06,1.395087740462378e-10,6.8787240857402905,1000.0,True,0.00011682522619596756,0.0,0.0,0.0,0.0,True,1.6896084804684856e-05,1.7012607661305465e-06,0.0,0.0,0.0,True,1.7813960243308462e-05,1.7000397212231995e-06,0.0,0.0,0.0,True,1.7707878618749393e-05,1.7001759842958717e-06,0.0,0.0,0.0,3.0756451674734745e-05,0.0,0.0,0.0,3.077758700593983e-05,0.0,0.0,0.0,
localized_sine,0,600000,0.002,177,0.4822374526221915,development,128,k2_full,1000,0,0.19300148148794877,0.00328271230445254,1.54627371384394e-06,0.008092266649637496,2.528201644110745e-06,9.819279302668052e-07,1.545516790361513e-06,7.283294128692948e-10,13.110910320434146,1000.0,True,0.002698378437262408,0.0,0.0,0.0,0.0,True,1.2416110892282244e-05,1.542538133133339e-06,0.0,0.0,0.0,True,1.2639176868682586e-05,1.5416334302233504e-06,0.0,0.0,0.0,True,1.2410793485313154e-05,1.5425028765009828e-06,0.0,0.0,0.0,4.052311136844677e-05,0.0,0.0,0.0,4.095706114937412e-05,0.0,0.0,0.0,
chirp,0,600000,0.002,177,0.7001068817853702,development,128,k2_full,1000,0,0.7336611028182534,0.0021763526416705885,3.0025749704345397e-06,0.02253061033799667,3.6897638117745806e-06,6.871888413400409e-07,3.002349808802234e-06,2.2516163220400123e-10,9.367888233902692,1000.0,True,0.0005221862942875075,0.0,0.0,0.0,0.0,True,0.00012739371339895263,3.0018924892672658e-06,0.0,0.0,0.0,True,0.00012886877678375966,3.005067022731733e-06,0.0,0.0,0.0,True,0.00012905337278540054,3.0052414407760486e-06,0.0,0.0,0.0,6.601499536704976e-05,0.0,0.0,0.0,6.65061843643669e-05,0.0,0.0,0.0,
moment4,0,600000,0.002,177,1.0,development,128,k2_full,1000,0,0.7499834892450356,0.001415642112217366,2.320731801986267e-08,0.00014820107810730764,4.462335019527856e-08,2.1416032175415883e-08,2.3204622681737333e-08,2.6953382123517762e-12,3.5844237452987664,1000.0,True,1.9032525312720095e-05,0.0,0.0,0.0,0.0,True,8.89460855954397e-08,2.3189231455765835e-08,0.0,0.0,0.0,True,8.921949624380135e-08,2.3188454855628007e-08,0.0,0.0,0.0,True,8.852055603837289e-08,2.3191147809803453e-08,0.0,0.0,0.0,8.019111219086637e-08,0.0,0.0,0.0,8.093750380815117e-08,0.0,0.0,0.0,
blend_m010,0,600000,0.002,177,1.0,development,128,k2_full,1000,0,0.7496049496747311,0.0015123123937985606,2.9946643442773904e-07,0.0009660316887325324,4.3420432070615047e-07,1.3473788627841145e-07,2.994208661403167e-07,4.556828740709178e-11,3.596893530450566,1000.0,True,0.0003084748617624484,0.0,0.0,0.0,0.0,True,1.4157336050262e-06,2.991672546387702e-07,0.0,0.0,0.0,True,1.432908766115575e-06,2.9915451732295434e-07,0.0,0.0,0.0,True,1.3944318841857524e-06,2.992000114640737e-07,0.0,0.0,0.0,1.3470939630445804e-06,0.0,0.0,0.0,1.3857990055537059e-06,0.0,0.0,0.0,
blend_p001,0,600000,0.002,177,1.0,development,128,k2_full,1000,0,0.75001296159892,0.0013994721403171187,-1.0404941126371523e-08,4.323610005947477e-05,1.2157521750569076e-08,2.25624628769406e-08,-1.0405223874136719e-08,2.8274800291293045e-13,3.582915771500071,1000.0,True,1.714672343110625e-05,0.0,0.0,0.0,0.0,True,2.8501297354648657e-09,-1.0405922810320717e-08,0.0,0.0,0.0,True,2.961758508858872e-09,-1.0406058353234604e-08,0.0,0.0,0.0,True,2.782006437097506e-09,-1.0405775564416636e-08,0.0,0.0,0.0,3.6306731301932396e-09,0.0,0.0,0.0,3.78567357370253e-09,0.0,0.0,0.0,
blend_p010,0,600000,0.002,177,1.0,development,128,k2_full,1000,0,0.7500462935611987,0.001376349760564381,1.764838357707802e-09,0.00034473748118381145,1.4182762141987666e-07,1.4006278306216884e-07,1.769054446966097e-09,-4.216089089514366e-12,3.646455717425713,1000.0,True,3.286427321716088e-05,0.0,0.0,0.0,0.0,True,2.019496210292378e-07,1.6860758884268428e-09,0.0,0.0,0.0,True,2.018446029914006e-07,1.6871734971725814e-09,0.0,0.0,0.0,True,2.0240534917820566e-07,1.6829866460229067e-09,0.0,0.0,0.0,2.0028267267255575e-07,0.0,0.0,0.0,1.997055549142394e-07,0.0,0.0,0.0,
blend_p030,0,600000,0.002,177,1.0,development,128,k2_full,1000,0,0.6899176950375454,0.002183587645521091,1.099632393445268e-06,0.003087078952782025,1.3910214118492017e-06,2.913890184039336e-07,1.0985295205246597e-06,1.1028729206070099e-09,6.760539282231897,1000.0,True,0.0011451755144191338,0.0,0.0,0.0,0.0,True,2.724118332651885e-05,1.0950793274877978e-06,0.0,0.0,0.0,True,2.7012432622217467e-05,1.0933635015014696e-06,0.0,0.0,0.0,True,2.7143885288123405e-05,1.094483699891403e-06,0.0,0.0,0.0,9.303042957720904e-06,0.0,0.0,0.0,8.657445454005758e-06,0.0,0.0,0.0,
exp_right,22,600000,0.002,177,2.6119867843594364,development,128,k2_full,1000,0,0.00014968311359142092,0.0016852845748741973,4.416749814973065e-08,0.00025611452790316605,7.09515174228823e-08,2.6784019273151658e-08,4.416843668278524e-08,-9.385330254269582e-13,6.487038137136451,1000.0,True,0.00034583028399618474,0.0,0.0,0.0,0.0,True,2.124050539140008e-07,4.413546712414539e-08,0.0,0.0,0.0,True,2.133409279834169e-07,4.413312547226677e-08,0.0,0.0,0.0,True,2.1293096783347722e-07,4.4131974838159105e-08,0.0,0.0,0.0,1.241888461570789e-07,0.0,0.0,0.0,1.1484562410307173e-07,0.0,0.0,0.0,exponential
exp_left,22,600000,0.002,177,13.649519383995864,development,128,k2_full,1000,0,0.0005805166762026941,0.0018554954362947657,-4.4475739542839296e-08,0.00030009249942969705,5.059904379259533e-08,9.507478333543462e-08,-4.4479424553665475e-08,3.6850112646868355e-12,9.300635883985631,1000.0,True,0.0005439002798053838,0.0,0.0,0.0,0.0,True,8.942787153286948e-07,-4.449568055085341e-08,0.0,0.0,0.0,True,9.01462893090845e-07,-4.448533989474726e-08,0.0,0.0,0.0,True,9.038463231139239e-07,-4.448163800464674e-08,0.0,0.0,0.0,5.129217628576762e-07,0.0,0.0,0.0,5.034696126390429e-07,0.0,0.0,0.0,exponential
gauss_left,22,600000,0.002,177,0.3713011646461742,development,128,k2_full,1000,0,0.006158862444686984,0.00346821048084254,9.332743770868788e-07,0.005450143147493103,1.6052974030793156e-06,6.720230259924366e-07,9.331072306478659e-07,1.671464360604244e-10,11.274596469973638,1000.0,True,0.0031683188211639973,0.0,0.0,0.0,0.0,True,3.3249843114045504e-06,9.31541122488194e-07,0.0,0.0,0.0,True,3.9150919505380665e-06,9.312997866407207e-07,0.0,0.0,0.0,True,3.371190289375048e-06,9.315202581086034e-07,0.0,0.0,0.0,1.807426141193172e-05,0.0,0.0,0.0,1.8314588685132557e-05,0.0,0.0,0.0,gaussian
gauss_right,22,600000,0.002,177,0.23748502306292393,development,128,k2_full,1000,0,0.0376212756244809,0.004251575438394349,1.8559075561744856e-06,0.012702074971367683,2.2327797507726245e-06,3.7687219459813896e-07,1.8551524447852302e-06,7.551113871005311e-10,17.566285513600686,1000.0,True,0.003442066332559197,0.0,0.0,0.0,0.0,True,2.6738862376281094e-05,1.8577900092611113e-06,0.0,0.0,0.0,True,2.6394734761457784e-05,1.8571155418687466e-06,0.0,0.0,0.0,True,2.6829836294582874e-05,1.8580176774345413e-06,0.0,0.0,0.0,2.8061307113358698e-05,0.0,0.0,0.0,2.8067933834452224e-05,0.0,0.0,0.0,gaussian
bump_left,22,600000,0.002,177,0.44348186274361356,development,128,k2_full,1000,0,0.023072292162029752,0.0031845564292141255,3.558860439970035e-07,0.004149957736111178,1.3146364882207426e-06,9.58750444223739e-07,3.5589390263622054e-07,-7.858641048911896e-12,9.84790265323032,1000.0,True,0.0009876371617860108,0.0,0.0,0.0,0.0,True,5.512532047292198e-06,3.5414237487156864e-07,0.0,0.0,0.0,True,5.534936798756214e-06,3.541446835002769e-07,0.0,0.0,0.0,True,5.536268800600348e-06,3.5414065698694126e-07,0.0,0.0,0.0,4.464352491997085e-06,0.0,0.0,0.0,4.542538744325722e-06,0.0,0.0,0.0,compact_bump
bump_right,22,600000,0.002,177,0.32889495195335533,development,128,k2_full,1000,0,0.021054436232223417,0.003618309812204334,1.6931630143709509e-07,0.0017397065088364174,3.2774008520777627e-07,1.5842378377068118e-07,1.6922081872954009e-07,9.548271039583762e-11,14.581048157792294,1000.0,True,0.002924212493798515,0.0,0.0,0.0,0.0,True,1.8978638598169518e-06,1.6947785411010854e-07,0.0,0.0,0.0,True,1.8301883511606792e-06,1.6936868572831126e-07,0.0,0.0,0.0,True,1.901771774487179e-06,1.6949027662999527e-07,0.0,0.0,0.0,5.491047992976754e-06,0.0,0.0,0.0,5.41952377531007e-06,0.0,0.0,0.0,compact_bump
step_left,22,600000,0.002,177,0.9128852702404965,development,128,k2_full,1000,0,0.0011461970350523818,0.002154594711281143,8.91011928160696e-08,0.0019242881638046935,2.36439614356672e-07,1.473384215406024e-07,8.912813805661861e-08,-2.6945241486901483e-11,4.423641181116567,1000.0,True,0.0005663208288296518,0.0,0.0,0.0,0.0,True,6.826943103490815e-07,8.89274543872549e-08,0.0,0.0,0.0,True,7.096624827636443e-07,8.891621918591619e-08,0.0,0.0,0.0,True,7.82641065979325e-07,8.88881243823244e-08,0.0,0.0,0.0,2.6378196704745654e-06,0.0,0.0,0.0,2.6242899938112793e-06,0.0,0.0,0.0,tanh_step
step_right,22,600000,0.002,177,0.9636241118102141,development,128,k2_full,1000,0,0.00722245677474962,0.002292195096654513,4.824058782472715e-07,0.0037555399481709055,7.263008569476426e-07,2.438949787003711e-07,4.823970910513579e-07,8.787195839924224e-12,4.946392253382283,1000.0,True,0.001188836285732268,0.0,0.0,0.0,0.0,True,3.3447491207798194e-06,4.819055121986969e-07,0.0,0.0,0.0,True,3.2664760242078875e-06,4.81895523136995e-07,0.0,0.0,0.0,True,3.3496178177538426e-06,4.819060576323311e-07,0.0,0.0,0.0,5.142043856309098e-06,0.0,0.0,0.0,5.179459986079956e-06,0.0,0.0,0.0,tanh_step
kink_abs,22,600000,0.002,177,0.6214766720163144,development,128,k2_full,1000,0,0.003814182075920562,0.0021336335139047185,-8.478934129262848e-11,0.0010471445120373644,2.2973726699943093e-07,2.2982205634072358e-07,-1.8623333236820272e-10,1.014439914798572e-10,7.904732272966988,1000.0,True,0.0005882730114507747,0.0,0.0,0.0,0.0,True,2.6371918655192252e-06,-7.213687447975974e-10,0.0,0.0,0.0,True,2.5902059034111084e-06,-8.952251084633834e-10,0.0,0.0,0.0,True,2.6104175959686385e-06,-7.913156952440224e-10,0.0,0.0,0.0,1.1960642008659438e-06,0.0,0.0,0.0,1.1309236792000784e-06,0.0,0.0,0.0,kink
kink_relu,22,600000,0.002,177,0.2041432706959443,development,128,k2_full,1000,0,0.0035264142086204914,0.0018142089934430733,8.263748497589254e-08,0.0008665889626688577,2.1774067370139553e-07,1.3510318872550297e-07,8.264170816068132e-08,-4.223184850964918e-12,5.781747316493367,1000.0,True,0.0008952904482430222,0.0,0.0,0.0,0.0,True,7.62560903450425e-07,8.247735306335236e-08,0.0,0.0,0.0,True,7.943806665309527e-07,8.247063799665755e-08,0.0,0.0,0.0,True,8.349197748252195e-07,8.246548984418155e-08,0.0,0.0,0.0,1.2755058238010547e-06,0.0,0.0,0.0,1.2471661266596693e-06,0.0,0.0,0.0,kink
sine,0,600000,0.002,177,1.0,development,128,k2_full,10000,0,0.6487862513572263,0.0018985997056792704,0.00020285386847360346,0.6666638649399577,0.0002249489045607466,2.209503608714311e-05,0.00020374473444889938,-8.908659752953032e-07,5.182799167755248,10000.0,True,0.00012502182113503945,0.0,0.0,0.0,0.0,True,0.18193180361875855,0.00014401586087936473,0.0,0.0,0.0,True,0.18204896802543902,0.00014353776509439732,0.0,0.0,0.0,True,0.1824126635830403,0.00014213700229105282,0.0,0.0,0.0,0.13928591924893952,0.0,0.0,0.0,0.13902820278234498,0.0,0.0,0.0,
runge,0,600000,0.002,177,1.0,development,128,k2_full,10000,0,0.04439073869411961,0.001968910767472648,7.210251332477073e-06,0.05858965572101717,1.3426649646209503e-05,6.216398313732431e-06,7.209248570554218e-06,9.866766491217337e-10,5.249387146626159,10000.0,True,0.002026259833453597,0.0,0.0,0.0,0.0,True,0.0005791814297200286,7.093164685548578e-06,0.0,0.0,0.0,True,0.0005841700913334602,7.091401363787782e-06,0.0,0.0,0.0,True,0.0005799499829876972,7.092854160862634e-06,0.0,0.0,0.0,0.0011708724162549239,0.0,0.0,0.0,0.001166992218114858,0.0,0.0,0.0,
moment3,0,600000,0.002,177,1.0,development,128,k2_full,10000,0,0.00629711873001271,0.003794661644221485,4.203738265557736e-06,0.005150145184317088,4.501351429815616e-06,2.976131642578805e-07,4.1990128639764915e-06,4.7254015864725454e-09,19.372465009101425,10000.0,True,0.002529490246436996,0.0,0.0,0.0,0.0,True,2.9058087309037796e-05,4.203475536935568e-06,0.0,0.0,0.0,True,2.8892985740386734e-05,4.197268172211861e-06,0.0,0.0,0.0,True,2.91783768596709e-05,4.204238776838449e-06,0.0,0.0,0.0,0.0017177901450605635,0.0,0.0,0.0,0.0017185859127811065,0.0,0.0,0.0,
moment5,0,600000,0.002,177,1.0,development,128,k2_full,10000,0,0.7499971587307481,0.0014083825036500942,4.0173602027957995e-08,0.00021043358944314625,9.762026304734592e-08,5.7446661019387935e-08,4.0173083046336264e-08,5.189818891959108e-13,3.5773718155607566,10000.0,True,7.583267056654923e-06,0.0,0.0,0.0,0.0,True,1.2471383771425408e-07,4.0134377261915324e-08,0.0,0.0,0.0,True,1.2461943848952222e-07,4.013462052508554e-08,0.0,0.0,0.0,True,1.244336283230618e-07,4.013513870641379e-08,0.0,0.0,0.0,1.8864580749221084e-07,0.0,0.0,0.0,1.8875075923827028e-07,0.0,0.0,0.0,
moment9,0,600000,0.002,177,1.0,development,128,k2_full,10000,0,0.7500008918317903,0.001405017585300167,-1.662038931217464e-08,0.00011323181151963753,3.6588002811219875e-08,5.320839212339452e-08,-1.6620546968752423e-08,1.5765637367536073e-13,3.5790471566578486,10000.0,True,7.219750328787884e-06,0.0,0.0,0.0,0.0,True,1.406388649347363e-08,-1.662640770735545e-08,0.0,0.0,0.0,True,1.4066310201434792e-08,-1.6626448104280092e-08,0.0,0.0,0.0,True,1.4049339106460977e-08,-1.6626290112371225e-08,0.0,0.0,0.0,1.5557934837727113e-07,0.0,0.0,0.0,1.5557845830194036e-07,0.0,0.0,0.0,
mixed_sine,0,600000,0.002,177,0.8100925873009825,development,128,k2_full,10000,0,0.3209493801972678,0.002788878881417278,1.7088565770724757e-05,0.11785984785611713,2.517322089238931e-05,8.08465512166455e-06,1.7086591940500084e-05,1.9738302237055112e-09,6.837923907388451,10000.0,True,0.00022418610729597438,0.0,0.0,0.0,0.0,True,0.0016512911917049282,1.6546911606948478e-05,0.0,0.0,0.0,True,0.0016538366468894523,1.6542259258211476e-05,0.0,0.0,0.0,True,0.001652958281141433,1.6543796756960377e-05,0.0,0.0,0.0,0.0029909216771270724,0.0,0.0,0.0,0.0029911323654423457,0.0,0.0,0.0,
localized_sine,0,600000,0.002,177,0.4822374526221915,development,128,k2_full,10000,0,0.1917705421951621,0.0032960843182387547,1.49182875000583e-05,0.07842424049216509,2.452388054276922e-05,9.605593042710919e-06,1.4911008420805494e-05,7.250485184293312e-09,13.244079873274003,10000.0,True,0.00281595984033553,0.0,0.0,0.0,0.0,True,0.0010173379320328212,1.4616759788154476e-05,0.0,0.0,0.0,True,0.0010304203357360232,1.4604520498460782e-05,0.0,0.0,0.0,True,0.0010163589974308328,1.4618111079541637e-05,0.0,0.0,0.0,0.0039027176012190784,0.0,0.0,0.0,0.0039059584536168222,0.0,0.0,0.0,
chirp,0,600000,0.002,177,0.7001068817853702,development,128,k2_full,10000,0,0.7240618293469672,0.002203090644596636,2.9740577896481906e-05,0.2199790895170897,3.62967472327582e-05,6.556169336276284e-06,2.973486256648927e-05,5.715329994951729e-09,9.770554191401375,10000.0,True,0.0008620246306467587,0.0,0.0,0.0,0.0,True,0.007367862440256746,2.8584616500669724e-05,0.0,0.0,0.0,True,0.007363322722617657,2.8551267456622616e-05,0.0,0.0,0.0,True,0.0073596217468184,2.8553062998226406e-05,0.0,0.0,0.0,0.006786314208810531,0.0,0.0,0.0,0.006790725888631591,0.0,0.0,0.0,
moment4,0,600000,0.002,177,1.0,development,128,k2_full,10000,0,0.7499832561520027,0.0014158522578023344,2.3335290298816396e-07,0.0014876461233290837,4.4732139492490687e-07,2.139684919367429e-07,2.3332573334339657e-07,2.7169644927735815e-11,3.5845469773243273,10000.0,True,1.922760234540314e-05,0.0,0.0,0.0,0.0,True,8.920774785356772e-06,2.317019570023711e-07,0.0,0.0,0.0,True,8.920628866757599e-06,2.3170324546116503e-07,0.0,0.0,0.0,True,8.916611097340507e-06,2.3173017317875796e-07,0.0,0.0,0.0,8.08421726819344e-06,0.0,0.0,0.0,8.088408826803053e-06,0.0,0.0,0.0,
blend_m010,0,600000,0.002,177,1.0,development,128,k2_full,10000,0,0.7495947883181256,0.0015150306245042297,3.0176971400969363e-06,0.009771468363827454,4.375188876075076e-06,1.35749173597814e-06,3.017235043019509e-06,4.6209707655643957e-10,3.598604045614553,10000.0,True,0.0003118239916034391,0.0,0.0,0.0,0.0,True,0.00014171429639060686,2.9902931421234325e-06,0.0,0.0,0.0,True,0.00014171227567725707,2.9903009482716643e-06,0.0,0.0,0.0,True,0.000141622129713237,2.9907555205800285e-06,0.0,0.0,0.0,0.0001368914463504344,0.0,0.0,0.0,0.0001369748820065821,0.0,0.0,0.0,
blend_p001,0,600000,0.002,177,1.0,development,128,k2_full,10000,0,0.750012942131481,0.0013993785857543256,-1.0395950391959574e-07,0.00043212799959285183,1.215670050135348e-07,2.2552650893313053e-07,-1.0396232751581703e-07,2.823595824154032e-12,3.5829819706793806,10000.0,True,1.714166862104866e-05,0.0,0.0,0.0,0.0,True,2.788085229713507e-07,-1.040451596389566e-07,0.0,0.0,0.0,True,2.790202656927518e-07,-1.0404580412992482e-07,0.0,0.0,0.0,True,2.7816745909349693e-07,-1.0404297644886403e-07,0.0,0.0,0.0,3.6301196790668795e-07,0.0,0.0,0.0,3.638274481293547e-07,0.0,0.0,0.0,
blend_p010,0,600000,0.002,177,1.0,development,128,k2_full,10000,0,0.7500450312885594,0.0013763729977426303,2.5002016606950097e-08,0.0034532804194197316,1.4216387762458777e-06,1.3966367596389277e-06,2.504683247805039e-08,-4.4815870726303475e-11,3.6479922551913107,10000.0,True,3.6415297242398815e-05,0.0,0.0,0.0,0.0,True,2.0348581575863903e-05,1.6824653981952185e-08,0.0,0.0,0.0,True,2.0349287123243354e-05,1.6820642590770515e-08,0.0,0.0,0.0,True,2.0356792345600643e-05,1.6778773488928058e-08,0.0,0.0,0.0,2.0144031021229292e-05,0.0,0.0,0.0,2.013634668954964e-05,0.0,0.0,0.0,
blend_p030,0,600000,0.002,177,1.0,development,128,k2_full,10000,0,0.6896450107108976,0.0021934667981720075,1.097878504436235e-05,0.03023358474656503,1.3735139832964231e-05,2.7563547886018795e-06,1.0968222595113048e-05,1.0553682701757442e-08,6.84445285310022,10000.0,True,0.001110722641348275,0.0,0.0,0.0,0.0,True,0.0022826551049609134,1.059826737609548e-05,0.0,0.0,0.0,True,0.002283012012671852,1.0583904383257843e-05,0.0,0.0,0.0,True,0.0022829338964938666,1.0595945763063291e-05,0.0,0.0,0.0,0.0009027164308443248,0.0,0.0,0.0,0.0008956421745490554,0.0,0.0,0.0,
exp_right,22,600000,0.002,177,2.6119867843594364,development,128,k2_full,10000,0,0.00014749289070727884,0.0016856814814260354,4.4107404998825556e-07,0.002556596807444864,7.088247785522335e-07,2.6775072856397777e-07,4.410821027095773e-07,-8.052720117321117e-12,6.492878098018973,10000.0,True,0.0002735435955199506,0.0,0.0,0.0,0.0,True,1.2710436596373607e-05,4.390378607569291e-07,0.0,0.0,0.0,True,1.2753439116603422e-05,4.3902444959034635e-07,0.0,0.0,0.0,True,1.279001033048957e-05,4.3900539067607466e-07,0.0,0.0,0.0,1.2057127825625346e-05,0.0,0.0,0.0,1.1960788667057243e-05,0.0,0.0,0.0,exponential
exp_left,22,600000,0.002,177,13.649519383995864,development,128,k2_full,10000,0,0.000574183025481486,0.0018550898956937424,-4.5001634056597483e-07,0.002976835709690522,5.015236629809228e-07,9.515400035468976e-07,-4.5005150627856954e-07,3.516571177416792e-11,9.311318548166673,10000.0,True,0.0005168833339593822,0.0,0.0,0.0,0.0,True,7.245853916212277e-05,-4.5042531835253543e-07,0.0,0.0,0.0,True,7.244777011166402e-05,-4.5044905654342995e-07,0.0,0.0,0.0,True,7.246639869793695e-05,-4.5041188827523715e-07,0.0,0.0,0.0,5.047822518941359e-05,0.0,0.0,0.0,5.038210150283421e-05,0.0,0.0,0.0,exponential
gauss_left,22,600000,0.002,177,0.3713011646461742,development,128,k2_full,10000,0,0.005556077674465042,0.003476525452947504,9.2482464820511e-06,0.05298885124709103,1.569352730767216e-05,6.445280825621059e-06,9.246384780010035e-06,1.8205479531274496e-09,11.309577479094894,10000.0,True,0.0032542359899707385,0.0,0.0,0.0,0.0,True,0.0004074297050773083,9.055732467111077e-06,0.0,0.0,0.0,True,0.00041420937344561185,9.051226308383329e-06,0.0,0.0,0.0,True,0.00040827132093947696,9.055162355981134e-06,0.0,0.0,0.0,0.001786103020023986,0.0,0.0,0.0,0.0017879762155989828,0.0,0.0,0.0,gaussian
gauss_right,22,600000,0.002,177,0.23748502306292393,development,128,k2_full,10000,0,0.03552875892662733,0.004267735408065714,1.801587722753994e-05,0.12464433028287936,2.1618201225475128e-05,3.6023239979351895e-06,1.800865118286171e-05,7.221843176617449e-09,17.704282366032274,10000.0,True,0.00325044679409116,0.0,0.0,0.0,0.0,True,0.000998583183852222,1.7812838456941323e-05,0.0,0.0,0.0,True,0.0009986520540067568,1.7798849983431127e-05,0.0,0.0,0.0,True,0.000998291030926113,1.78098369059738e-05,0.0,0.0,0.0,0.00275032520634747,0.0,0.0,0.0,0.002749890738184666,0.0,0.0,0.0,gaussian
bump_left,22,600000,0.002,177,0.44348186274361356,development,128,k2_full,10000,0,0.02266605688836098,0.0031878272416145286,3.6266984443995965e-06,0.041307780996207716,1.3116433562381415e-05,9.48973511798182e-06,3.6267569983840073e-06,-5.855398463995731e-11,9.8510236108116,10000.0,True,0.0010413377099236345,0.0,0.0,0.0,0.0,True,0.000724892531656019,3.4334924820499003e-06,0.0,0.0,0.0,True,0.000726936894340326,3.4333050977638767e-06,0.0,0.0,0.0,True,0.0007260064941955524,3.4333845767625956e-06,0.0,0.0,0.0,0.00043777420867181245,0.0,0.0,0.0,0.00043846314267122736,0.0,0.0,0.0,compact_bump
bump_right,22,600000,0.002,177,0.32889495195335533,development,128,k2_full,10000,0,0.021019173304776245,0.0036197535631989587,1.6130672960632503e-06,0.0169445923490474,3.169617919481195e-06,1.556550623417945e-06,1.6121730989948174e-06,8.941970740252134e-10,14.589058885170374,10000.0,True,0.0027838975234504857,0.0,0.0,0.0,0.0,True,0.00014754336187340606,1.6052932011206134e-06,0.0,0.0,0.0,True,0.00014678640186295826,1.6036665407766737e-06,0.0,0.0,0.0,True,0.00014746645392774504,1.6050703425913648e-06,0.0,0.0,0.0,0.000535912299073639,0.0,0.0,0.0,0.0005351464199125119,0.0,0.0,0.0,compact_bump
step_left,22,600000,0.002,177,0.9128852702404965,development,128,k2_full,10000,0,0.001102101169222247,0.00215539604229179,8.904322034627437e-07,0.01901178870135895,2.3374842368215975e-06,1.4470520333588536e-06,8.906915933097138e-07,-2.5938984661397424e-10,4.422504026572286,10000.0,True,0.0005412026562287869,0.0,0.0,0.0,0.0,True,7.076019063514784e-05,8.733287655353162e-07,0.0,0.0,0.0,True,7.098923098318406e-05,8.732334802685028e-07,0.0,0.0,0.0,True,7.174408352171753e-05,8.728942552376617e-07,0.0,0.0,0.0,0.00026139631830329415,0.0,0.0,0.0,0.000261236584814513,0.0,0.0,0.0,tanh_step
step_right,22,600000,0.002,177,0.9636241118102141,development,128,k2_full,10000,0,0.00706755062287251,0.0022964926102264807,4.77991945021434e-06,0.03712342807882835,7.178650197776069e-06,2.3987307475617292e-06,4.779822317957695e-06,9.713225641958425e-11,4.96535688680111,10000.0,True,0.0012547612143526512,0.0,0.0,0.0,0.0,True,0.00032783884764808313,4.731529201318387e-06,0.0,0.0,0.0,True,0.0003273516411639807,4.73130514969046e-06,0.0,0.0,0.0,True,0.0003275408041305407,4.731489504716485e-06,0.0,0.0,0.0,0.0005076322558092421,0.0,0.0,0.0,0.0005078070158455747,0.0,0.0,0.0,tanh_step
kink_abs,22,600000,0.002,177,0.6214766720163144,development,128,k2_full,10000,0,0.0037832813668189124,0.002133616125033795,-1.7473660265079847e-08,0.01050955549581891,2.302221858114442e-06,2.3196955183795216e-06,-1.8474247586363448e-08,1.0005873211144205e-09,7.912444952565493,10000.0,True,0.0005796889437316441,0.0,0.0,0.0,0.0,True,0.00022347178052526276,-7.193308449950471e-08,0.0,0.0,0.0,True,0.00022350402555988236,-7.352945207127338e-08,0.0,0.0,0.0,True,0.00022345462569505338,-7.235029179627779e-08,0.0,0.0,0.0,0.00011909678142596705,0.0,0.0,0.0,0.00011837348663320034,0.0,0.0,0.0,kink
kink_relu,22,600000,0.002,177,0.2041432706959443,development,128,k2_full,10000,0,0.003516090292695559,0.0018149499206140728,8.235646559750631e-07,0.008555675963198917,2.162489553284852e-06,1.338924897309789e-06,8.2360591887037e-07,-4.126289440219832e-11,5.77500596715558,10000.0,True,0.0008870854067517519,0.0,0.0,0.0,0.0,True,4.42476937075243e-05,8.119255473386261e-07,0.0,0.0,0.0,True,4.456865136976136e-05,8.11885043221387e-07,0.0,0.0,0.0,True,4.5248398270284724e-05,8.11799409771976e-07,0.0,0.0,0.0,0.00012644213170352002,0.0,0.0,0.0,0.00012613599395476952,0.0,0.0,0.0,kink
sine,0,600000,0.002,177,1.0,development,128,k2_full,20000,0,0.4883314026476686,0.0021277992918032978,0.0004320534545976309,1.414825800758169,0.00047267061991589104,4.06171653182601e-05,0.00043166620009010473,3.871962354366572e-07,6.094306078406158,20000.0,True,0.0025701389964019983,0.0,0.0,0.0,0.0,True,0.5224833342448607,0.0002625605724285528,0.0,0.0,0.0,True,0.5227460402332005,0.0002616256081840453,0.0,0.0,0.0,True,0.5235655733218831,0.0002587654968015695,0.0,0.0,0.0,0.36154279652643634,0.0,0.0,0.0,0.361153356107344,0.0,0.0,0.0,
runge,0,600000,0.002,177,1.0,development,128,k2_full,20000,0,0.041340484849165166,0.001976050851460861,1.435033532069032e-05,0.11507097055671324,2.6221078415477374e-05,1.1870743094787052e-05,1.4347946741783037e-05,2.3724936329859063e-09,5.306563849742452,20000.0,True,0.002139066022360723,0.0,0.0,0.0,0.0,True,0.0021950301739504375,1.3946462358461765e-05,0.0,0.0,0.0,True,0.0021986175583525117,1.3942918104731957e-05,0.0,0.0,0.0,True,0.00219513738366838,1.394617700115103e-05,0.0,0.0,0.0,0.004723449312910237,0.0,0.0,0.0,0.0047153932441611835,0.0,0.0,0.0,
moment3,0,600000,0.002,177,1.0,development,128,k2_full,20000,0,0.006235098846502693,0.0037980544700636607,7.596564107732634e-06,0.009052337554304806,8.336735277663602e-06,7.401711699309685e-07,7.588202664246008e-06,8.361443494179686e-09,19.42521145180454,20000.0,True,0.0025654912015525924,0.0,0.0,0.0,0.0,True,0.00010527642871703808,7.590550173714564e-06,0.0,0.0,0.0,True,0.00010519938022891309,7.579409640448262e-06,0.0,0.0,0.0,True,0.00010556410377659896,7.5935607819569824e-06,0.0,0.0,0.0,0.006267332380572428,0.0,0.0,0.0,0.0062689066230122124,0.0,0.0,0.0,
moment5,0,600000,0.002,177,1.0,development,128,k2_full,20000,0,0.7499971533802832,0.0014084227684976864,8.043844962024245e-08,0.00042090697063768944,1.9526613629569702e-07,1.1482768667545458e-07,8.043741025523002e-08,1.0393656553486374e-12,3.5773480336309036,20000.0,True,7.591173226278866e-06,0.0,0.0,0.0,0.0,True,4.986075226365603e-07,8.02830493354098e-08,0.0,0.0,0.0,True,4.984176067665467e-07,8.028356556284291e-08,0.0,0.0,0.0,True,4.980550243107152e-07,8.028460172232827e-08,0.0,0.0,0.0,7.544573045893872e-07,0.0,0.0,0.0,7.546616366056368e-07,0.0,0.0,0.0,
moment9,0,600000,0.002,177,1.0,development,128,k2_full,20000,0,0.7500008899734405,0.0014050010000809894,-3.320560849004536e-08,0.0002261640234516069,7.307690177981404e-08,1.062825102698594e-07,-3.3205922954887526e-08,3.1446449514672463e-13,3.579050246955686,20000.0,True,7.217518227387928e-06,0.0,0.0,0.0,0.0,True,5.607294656008116e-08,-3.322938639202851e-08,0.0,0.0,0.0,True,5.607304673762005e-08,-3.322946247085521e-08,0.0,0.0,0.0,True,5.604724179518823e-08,-3.322914666578941e-08,0.0,0.0,0.0,6.216907736661879e-07,0.0,0.0,0.0,6.216883502181297e-07,0.0,0.0,0.0,
mixed_sine,0,600000,0.002,177,0.8100925873009825,development,128,k2_full,20000,0,0.31960546696985404,0.002806257923741402,3.4467608094848354e-05,0.23091962495258417,5.0620613104181797e-05,1.6153005009333442e-05,3.446247899270066e-05,5.122811973847491e-09,6.794873656310163,20000.0,True,0.00035136946276545674,0.0,0.0,0.0,0.0,True,0.006333780025813982,3.2805891794287236e-05,0.0,0.0,0.0,True,0.0063337324568122615,3.2805680111825996e-05,0.0,0.0,0.0,True,0.00633223573255882,3.280885088585388e-05,0.0,0.0,0.0,0.011608122698598088,0.0,0.0,0.0,0.011608550600145161,0.0,0.0,0.0,
localized_sine,0,600000,0.002,177,0.4822374526221915,development,128,k2_full,20000,0,0.19060431942507958,0.003310364761361395,2.9198730622698735e-05,0.15180849951574674,4.771176063867972e-05,1.8513030015980987e-05,2.9183947377347332e-05,1.470837676599277e-08,13.372048898880067,20000.0,True,0.0029442950615173992,0.0,0.0,0.0,0.0,True,0.0037162633979912,2.8168458107437603e-05,0.0,0.0,0.0,True,0.003742463453405161,2.814332529928621e-05,0.0,0.0,0.0,True,0.0037114152322776763,2.8173780434544114e-05,0.0,0.0,0.0,0.014926731959243612,0.0,0.0,0.0,0.014932862718536886,0.0,0.0,0.0,
chirp,0,600000,0.002,177,0.7001068817853702,development,128,k2_full,20000,0,0.7146352558191863,0.0022316630829317405,5.831301623158666e-05,0.4269051254545826,7.062146241778633e-05,1.2308446186199678e-05,5.8296249910620815e-05,1.6766320968850644e-08,10.195153603093662,20000.0,True,0.001370595492213334,0.0,0.0,0.0,0.0,True,0.022863319861331874,5.323869019709423e-05,0.0,0.0,0.0,True,0.022887169777513316,5.314262554322674e-05,0.0,0.0,0.0,True,0.022877795268518117,5.314581456111334e-05,0.0,0.0,0.0,0.02792962492295713,0.0,0.0,0.0,0.02793762516881288,0.0,0.0,0.0,
moment4,0,600000,0.002,177,1.0,development,128,k2_full,20000,0,0.749982992921696,0.0014160884736202904,4.695687209443164e-07,0.002988045595733518,8.970906467643868e-07,4.2752192582007046e-07,4.695138867678869e-07,5.483417624652684e-11,3.584685582404699,20000.0,True,1.9453524457773832e-05,0.0,0.0,0.0,0.0,True,3.5932529612756896e-05,4.6300076581550323e-07,0.0,0.0,0.0,True,3.593212576946311e-05,4.6300442120352195e-07,0.0,0.0,0.0,True,3.592444807807223e-05,4.6305827258716075e-07,0.0,0.0,0.0,3.260055378139067e-05,0.0,0.0,0.0,3.2608550941350426e-05,0.0,0.0,0.0,
blend_m010,0,600000,0.002,177,1.0,development,128,k2_full,20000,0,0.749582903271959,0.0015181007106029201,6.087783238787642e-06,0.01979804235982397,8.826217863860978e-06,2.7384346250733353e-06,6.086844339858001e-06,9.388989295741088e-10,3.600605557720723,20000.0,True,0.0003157196892609263,0.0,0.0,0.0,0.0,True,0.0005761118604048367,5.977808935334701e-06,0.0,0.0,0.0,True,0.0005761061591353025,5.977840354795789e-06,0.0,0.0,0.0,True,0.0005759677622161522,5.978748679824909e-06,0.0,0.0,0.0,0.0005570773395002976,0.0,0.0,0.0,0.0005572037482946626,0.0,0.0,0.0,
blend_p001,0,600000,0.002,177,1.0,development,128,k2_full,20000,0,0.7500129205508614,0.001399274825810944,-2.0771944730135052e-07,0.0008637395993769826,2.431158650759062e-07,4.508353123772567e-07,-2.0772508588689814e-07,5.638584131580541e-12,3.583055727852057,20000.0,True,1.7136054909824243e-05,0.0,0.0,0.0,0.0,True,1.1127096483802007e-06,-2.0805760008792853e-07,0.0,0.0,0.0,True,1.1130630558410227e-06,-2.0805880316540703e-07,0.0,0.0,0.0,True,1.111467924442737e-06,-2.0805314826298967e-07,0.0,0.0,0.0,1.450425319518959e-06,0.0,0.0,0.0,1.4519730260528763e-06,0.0,0.0,0.0,
blend_p010,0,600000,0.002,177,1.0,development,128,k2_full,20000,0,0.7500436168094757,0.0013764144739985347,6.647827251137849e-08,0.006920287453439964,2.850900357441563e-06,2.784422084930184e-06,6.657389265567677e-08,-9.562014397273558e-11,3.6497218296407485,20000.0,True,4.0320053754540356e-05,0.0,0.0,0.0,0.0,True,8.186160622513004e-05,3.353776932099551e-08,0.0,0.0,0.0,True,8.186338078262918e-05,3.352793932069676e-08,0.0,0.0,0.0,True,8.187857122601536e-05,3.344419980788488e-08,0.0,0.0,0.0,8.102616689492298e-05,0.0,0.0,0.0,8.101062612091717e-05,0.0,0.0,0.0,
blend_p030,0,600000,0.002,177,1.0,development,128,k2_full,20000,0,0.6893654950805139,0.0022041551641592055,2.1667151031559906e-05,0.05917378551046064,2.698121310870779e-05,5.3140620771478835e-06,2.1647056099005352e-05,2.008616600702899e-08,6.934518283460266,20000.0,True,0.0010849929143952445,0.0,0.0,0.0,0.0,True,0.007760720424061442,2.0544623463417234e-05,0.0,0.0,0.0,True,0.007763622967577795,2.0521988275793933e-05,0.0,0.0,0.0,True,0.007761531020438849,2.054703949348113e-05,0.0,0.0,0.0,0.00347899031697466,0.0,0.0,0.0,0.003464765807472963,0.0,0.0,0.0,
exp_right,22,600000,0.002,177,2.6119867843594364,development,128,k2_full,20000,0,0.00014511613652487602,0.0016861210513385968,8.806439625495066e-07,0.0051020727887293735,1.415751348916926e-06,5.351073863674197e-07,8.806572623188911e-07,-1.329976774812807e-11,6.499277564020761,20000.0,True,0.00019631853652291162,0.0,0.0,0.0,0.0,True,3.877622431620342e-05,8.746488088583077e-07,0.0,0.0,0.0,True,3.8814122963646885e-05,8.746392227517356e-07,0.0,0.0,0.0,True,3.889733337690679e-05,8.745970709231629e-07,0.0,0.0,0.0,4.6729267518074885e-05,0.0,0.0,0.0,4.6536957218724535e-05,0.0,0.0,0.0,exponential
exp_left,22,600000,0.002,177,13.649519383995864,development,128,k2_full,20000,0,0.0005673552292752246,0.0018546290419204278,-9.108701138807457e-07,0.005904302773166783,9.9351407429498e-07,1.9043841881757258e-06,-9.109369457782788e-07,6.683189412564732e-11,9.323014321375888,20000.0,True,0.0004874624749719467,0.0,0.0,0.0,0.0,True,0.0002775814387504652,-9.118488496700098e-07,0.0,0.0,0.0,True,0.00027756236322187415,-9.119199825760298e-07,0.0,0.0,0.0,True,0.000277581526909994,-9.118451887115694e-07,0.0,0.0,0.0,0.00019826029592689802,0.0,0.0,0.0,0.0001980692437585846,0.0,0.0,0.0,exponential
gauss_left,22,600000,0.002,177,0.3713011646461742,development,128,k2_full,20000,0,0.004960671608333797,0.003486179955606875,1.890274914142201e-05,0.10269486344947684,3.0913565449631e-05,1.201081630820899e-05,1.8898357216864095e-05,4.3244298096564064e-09,11.346331365492992,20000.0,True,0.0033293438936277653,0.0,0.0,0.0,0.0,True,0.0016465010466491293,1.8177218886822366e-05,0.0,0.0,0.0,True,0.0016588961269517145,1.8167218562192488e-05,0.0,0.0,0.0,True,0.0016475135844613894,1.8176348392871918e-05,0.0,0.0,0.0,0.007038036975328686,0.0,0.0,0.0,0.007041616252987251,0.0,0.0,0.0,gaussian
gauss_right,22,600000,0.002,177,0.23748502306292393,development,128,k2_full,20000,0,0.03339056003564786,0.004284597746136881,3.487821529870719e-05,0.24421352042979602,4.174419132076358e-05,6.865976022056391e-06,3.486448338706287e-05,1.3726243830360018e-08,17.850560170049082,20000.0,True,0.0030365013780582232,0.0,0.0,0.0,0.0,True,0.0033446591379773095,3.4044276114865694e-05,0.0,0.0,0.0,True,0.0033529016375311747,3.401525773324807e-05,0.0,0.0,0.0,True,0.003346054684305144,3.403938414329383e-05,0.0,0.0,0.0,0.010753927028052095,0.0,0.0,0.0,0.010752979783612936,0.0,0.0,0.0,gaussian
bump_left,22,600000,0.002,177,0.44348186274361356,development,128,k2_full,20000,0,0.022225912699634528,0.003192290814110431,8.090270940301846e-06,0.08218442567908912,2.6509830747398993e-05,1.8419559807097143e-05,8.090177439615817e-06,2.2952646440041543e-11,9.853877396025139,20000.0,True,0.0011002315683480207,0.0,0.0,0.0,0.0,True,0.002978209515721467,7.2811860420252575e-06,0.0,0.0,0.0,True,0.0029829765229437218,7.279685638076124e-06,0.0,0.0,0.0,True,0.002980766813782032,7.280385090455117e-06,0.0,0.0,0.0,0.0017122365467734909,0.0,0.0,0.0,0.0017135904884396913,0.0,0.0,0.0,compact_bump
bump_right,22,600000,0.002,177,0.32889495195335533,development,128,k2_full,20000,0,0.020984069896973476,0.0036212018193975994,3.0613234947030764e-06,0.032934145088266066,6.116584532850422e-06,3.055261038147346e-06,3.059659085530905e-06,1.664409174170414e-09,14.596790369679107,20000.0,True,0.002629619229606289,0.0,0.0,0.0,0.0,True,0.0005629874438531086,3.0203965697810487e-06,0.0,0.0,0.0,True,0.0005618140856315639,3.0171186116018e-06,0.0,0.0,0.0,True,0.0005629195212878389,3.020077544538202e-06,0.0,0.0,0.0,0.002085753229717451,0.0,0.0,0.0,0.0020842122818361215,0.0,0.0,0.0,compact_bump
step_left,22,600000,0.002,177,0.9128852702404965,development,128,k2_full,20000,0,0.0010554209602270507,0.0021562843391643555,1.778729076028355e-06,0.03752039294517504,4.616187794976759e-06,2.837458718948404e-06,1.779226297551349e-06,-4.972215248516611e-10,4.42143213452994,20000.0,True,0.0005138952159574987,0.0,0.0,0.0,0.0,True,0.0002714063784775339,1.7187726515807103e-06,0.0,0.0,0.0,True,0.0002715252554008101,1.7187258636108866e-06,0.0,0.0,0.0,True,0.0002728697972801054,1.7179927157027263e-06,0.0,0.0,0.0,0.0010342074892336754,0.0,0.0,0.0,0.0010338890941649806,0.0,0.0,0.0,tanh_step
step_right,22,600000,0.002,177,0.9636241118102141,development,128,k2_full,20000,0,0.006905216591407938,0.00230117570644272,9.463015666453993e-06,0.07331490276129958,1.4169875971889378e-05,4.706860305435385e-06,9.462799598826662e-06,2.160676279579985e-10,4.985358566968312,20000.0,True,0.001343339780469003,0.0,0.0,0.0,0.0,True,0.0012782520354461908,9.27653523960718e-06,0.0,0.0,0.0,True,0.0012784583612918702,9.275972445345728e-06,0.0,0.0,0.0,True,0.0012778641234831953,9.27640102616303e-06,0.0,0.0,0.0,0.002000800078193991,0.0,0.0,0.0,0.0020010935172231326,0.0,0.0,0.0,tanh_step
kink_abs,22,600000,0.002,177,0.6214766720163144,development,128,k2_full,20000,0,0.0037491803636962406,0.0021335902106627814,-4.33880312782615e-08,0.021106805567071313,4.629343464626837e-06,4.6727314959051e-06,-4.5346964656114895e-08,1.9588587207516752e-09,7.920589759635702,20000.0,True,0.0005704686069462747,0.0,0.0,0.0,0.0,True,0.000791452098593236,-2.1631864969278027e-07,0.0,0.0,0.0,True,0.0007918721373989214,-2.1902213737847847e-07,0.0,0.0,0.0,True,0.0007915212841337806,-2.165434400499493e-07,0.0,0.0,0.0,0.00047377998866310805,0.0,0.0,0.0,0.00047232931973927505,0.0,0.0,0.0,kink
kink_relu,22,600000,0.002,177,0.2041432706959443,development,128,k2_full,20000,0,0.0035052077508535683,0.00181576726324579,1.6409072876923794e-06,0.0168715780957501,4.292518851273886e-06,2.6516115635815066e-06,1.640987737846438e-06,-8.045015444505194e-11,5.76776556379963,20000.0,True,0.0008782204697747426,0.0,0.0,0.0,0.0,True,0.00013685952072565818,1.602343559739901e-06,0.0,0.0,0.0,True,0.0001367806792278156,1.6023571771519216e-06,0.0,0.0,0.0,True,0.00013802332086708033,1.602169466723547e-06,0.0,0.0,0.0,0.0005004455291237161,0.0,0.0,0.0,0.0004998308281995342,0.0,0.0,0.0,kink
sine,0,600000,0.002,177,1.0,development,128,k4_none,1,0,0.777383381563699,0.0016957497507783313,3.91357266419234e-09,1.3203528038267524e-05,4.387246608088999e-09,4.736739438966591e-10,4.582439467204189e-09,-6.688668029991585e-10,2.243435747215663,0.25,False,0.09090226252459141,-1.1740717992626598e-08,3.961058411523348e-05,1.1740717992626598e-08,,True,0.0,3.91357266419234e-09,0.0,-1.1740717992626598e-08,0.0,True,1.0086188063708317e-06,4.582439467199737e-09,8.023786173303251e-07,-1.120861961616105e-08,5.320983764655479e-10,True,9.775079242462494e-17,3.913572664188263e-09,1.665268184701691e-16,-1.1740717992642007e-08,1.54087204506378e-20,0.0,0.0,-1.1740717992626598e-08,0.0,1.0086188063708317e-06,8.023786173303251e-07,-1.120861961616105e-08,5.320983764655479e-10,
runge,0,600000,0.002,177,1.0,development,128,k4_none,1,0,0.0476982106570779,0.001961700695429691,1.7928952008007733e-10,1.4903558148042893e-06,3.424776497588335e-10,1.6318812967875616e-10,1.8160741727551875e-10,-2.3178972066180245e-12,2.5957421182273657,0.25,False,0.23866177378168926,-5.378685601848351e-10,4.471067444084799e-06,5.378685601848351e-10,,True,0.0,1.7928952008007733e-10,0.0,-5.378685601848351e-10,0.0,True,6.57122992903646e-08,1.816074172849188e-10,6.780450607884218e-08,-5.354814773876774e-10,2.3870827971577173e-12,True,2.5360367193031695e-16,1.7928952006512744e-10,2.994009723507158e-16,-5.378685602074608e-10,2.2625767897586397e-20,0.0,0.0,-5.378685601848351e-10,0.0,6.57122992903646e-08,6.780450607884218e-08,-5.354814773876774e-10,2.3870827971577173e-12,
moment3,0,600000,0.002,177,1.0,development,128,k4_none,1,0,0.006368641828443415,0.0037904580232196363,1.1726370876954413e-10,1.5648460603534302e-07,1.236587559441093e-10,6.395047174565157e-12,2.112016800749784e-10,-9.393797128328201e-11,9.658386952851414,0.25,False,0.2715361286540369,-3.517911264132242e-10,4.6945381888628836e-07,3.517911264132242e-10,,True,0.0,1.1726370876954413e-10,0.0,-3.517911264132242e-10,0.0,True,1.0565300579243362e-07,2.1120168008300496e-10,1.0621146682461502e-07,-2.5731596784639824e-10,9.447515856682596e-11,True,2.7976013016765065e-16,1.1726370876089195e-10,6.070447866925284e-16,-3.5179112642555167e-10,1.2327472668877771e-20,0.0,0.0,-3.517911264132242e-10,0.0,1.0565300579243362e-07,1.0621146682461502e-07,-2.5731596784639824e-10,9.447515856682596e-11,
moment5,0,600000,0.002,177,1.0,development,128,k4_none,1,0,0.7499971640814217,0.001408342331051265,1.0031989721472631e-12,5.26035245790505e-09,2.4401882172509988e-12,1.4369892451037355e-12,1.3532862026495997e-12,-3.5008723197141347e-13,1.7886978177679846,0.25,False,0.20356312926945988,-3.009596897070098e-12,1.578105741930359e-08,3.009596897070098e-12,,True,8.673617379884035e-19,1.003198972223831e-12,9.69739903612216e-19,-3.009596896955246e-12,1.1485168545164375e-22,True,9.963423961579854e-10,1.3532862034886573e-12,9.964900444638941e-10,-2.6594578463011836e-12,3.501390507689143e-13,True,1.4204356063056809e-16,1.0031989622699976e-12,1.9770806394536203e-16,-3.009596911235169e-12,1.4165070959432445e-20,8.673617379884035e-19,9.69739903612216e-19,-3.009596896955246e-12,1.1485168545164375e-22,9.963423961579854e-10,9.964900444638941e-10,-2.6594578463011836e-12,3.501390507689143e-13,
moment9,0,600000,0.002,177,1.0,development,128,k4_none,1,0,0.750000893700066,0.0014050342052735287,-4.1595065222101113e-13,2.8345482512237994e-09,9.159410942749576e-13,1.3318917464959687e-12,-5.038191531324045e-13,8.786849384832443e-14,1.7895220469659217,0.25,False,0.05234861272934815,1.2478519872136454e-12,8.503644752180095e-09,1.2478519872136454e-12,,True,0.0,-4.1595065222101113e-13,0.0,1.2478519872136454e-12,0.0,True,2.4821658797166153e-10,-5.03819153407688e-13,2.481717484505404e-10,1.1599992860914458e-12,8.785270112219956e-14,True,1.0769266169919326e-16,-4.159506577339035e-13,1.6368393776186463e-16,1.2478519728571548e-12,1.4356490569817446e-20,0.0,0.0,1.2478519872136454e-12,0.0,2.4821658797166153e-10,2.481717484505404e-10,1.1599992860914458e-12,8.785270112219956e-14,
mixed_sine,0,600000,0.002,177,0.8100925873009825,development,128,k4_none,1,0,0.32240517808410485,0.002771790742667867,4.2702131347922054e-10,3.0117233378236224e-06,6.280354699308024e-10,2.0101415645158192e-10,5.519235726905453e-10,-1.2490225923056268e-10,3.4416850679099538,0.25,False,0.3153687499501219,-1.281063940360328e-09,9.035170012627756e-06,1.281063940360328e-09,,True,0.0,4.2702131347922054e-10,1.3877787807814457e-17,-1.281063940359103e-09,1.225054487191034e-21,True,1.5055180525295788e-07,5.519235727226423e-10,1.5071192339460993e-07,-1.156028848465499e-09,1.250350918948291e-10,True,1.536118207683328e-16,4.2702131347841657e-10,2.7529957720625885e-16,-1.2810639403734978e-09,1.3169749327609892e-20,0.0,1.3877787807814457e-17,-1.281063940359103e-09,1.225054487191034e-21,1.5055180525295788e-07,1.5071192339460993e-07,-1.156028848465499e-09,1.250350918948291e-10,
localized_sine,0,600000,0.002,177,0.4822374526221915,development,128,k4_none,1,0,0.19315054847496477,0.0032811664085851365,3.7784644027519674e-10,2.030341843822196e-06,6.290821451833966e-10,2.512357049081998e-10,4.021332297206793e-10,-2.428678947808658e-11,6.54750609317707,0.25,False,0.3643215249942065,-1.1335393207481514e-09,6.0910255298799024e-06,1.1335393207481514e-09,,True,0.0,3.7784644027519674e-10,0.0,-1.1335393207481514e-09,0.0,True,1.0684520934708221e-07,4.021334004301214e-10,1.098849138072554e-07,-1.1085622631900105e-09,2.4977057558140895e-11,True,1.5287542825583358e-16,3.778464403008853e-10,2.1517914444028594e-16,-1.133539320726406e-09,2.1745337533100268e-20,0.0,0.0,-1.1335393207481514e-09,0.0,1.0684520934708221e-07,1.098849138072554e-07,-1.1085622631900105e-09,2.4977057558140895e-11,
chirp,0,600000,0.002,177,0.7001068817853702,development,128,k4_none,1,0,0.7347876187173625,0.0021733508176933545,7.509932005470558e-10,5.646402193783867e-06,9.235752911715346e-10,1.7258209062447878e-10,8.388086270588395e-10,-8.781542650655393e-11,4.6611977894726,0.25,False,0.2527593163427903,-2.2529796016470056e-09,1.6939206581241098e-05,2.2529796016470056e-09,,True,0.0,7.509932005470558e-10,0.0,-2.2529796016470056e-09,0.0,True,2.709561057162024e-07,8.388086270412857e-10,2.708083935046325e-07,-2.1649849923653207e-09,8.799460928168492e-11,True,1.1050695739511811e-16,7.509932005494677e-10,1.8088235857082182e-16,-2.252979601617489e-09,2.9516699388035963e-20,0.0,0.0,-2.2529796016470056e-09,0.0,2.709561057162024e-07,2.708083935046325e-07,-2.1649849923653207e-09,8.799460928168492e-11,
moment4,0,600000,0.002,177,1.0,development,128,k4_none,1,0,0.7499835149152508,0.0014156189106976364,5.79829061773753e-12,3.70347801425042e-08,1.1152836176891671e-11,5.354545559154142e-12,6.1326868094866606e-12,-3.3439619213007486e-13,1.7922050974723205,0.25,False,0.02597456691373344,-1.7394871846780882e-11,1.1110434042852736e-07,1.7394871846780882e-11,,True,0.0,5.79829061773753e-12,1.734723475976807e-18,-1.739487184693402e-11,1.5313827324741482e-22,True,9.51649407467198e-10,6.132686807217119e-12,9.59310540207134e-10,-1.705778268750028e-11,3.370891592806018e-13,True,1.171877611452602e-16,5.7982906085876605e-12,1.6198604550578783e-16,-1.739487186236246e-11,1.5581578580441508e-20,0.0,1.734723475976807e-18,-1.739487184693402e-11,1.5313827324741482e-22,9.51649407467198e-10,9.59310540207134e-10,-1.705778268750028e-11,3.370891592806018e-13,
blend_m010,0,600000,0.002,177,1.0,development,128,k4_none,1,0,0.7496060482013652,0.0015120130021675916,7.480345885885713e-11,2.4120460886120026e-07,1.0846111327165008e-10,3.3657654412792955e-11,7.915395908388668e-11,-4.350500227674085e-12,1.7983546666072245,0.25,False,0.23585940677038608,-2.244103765616789e-10,7.236138264470037e-07,2.244103765616789e-10,,True,0.0,7.480345885885713e-11,0.0,-2.244103765616789e-10,0.0,True,2.891494723285414e-08,7.915395909586458e-11,2.921748864085461e-08,-2.2001437809278547e-10,4.395998468893414e-12,True,1.2035093415210437e-16,7.480345886995947e-11,2.0042672912378858e-16,-2.244103765633251e-10,1.6462186659512365e-21,0.0,0.0,-2.244103765616789e-10,0.0,2.891494723285414e-08,2.921748864085461e-08,-2.2001437809278547e-10,4.395998468893414e-12,
blend_p001,0,600000,0.002,177,1.0,development,128,k4_none,1,0,0.7500129637630769,0.00139948254265676,-2.601484923878536e-12,1.0809672511634299e-08,3.039403301315676e-12,5.640888225194212e-12,-3.5783726133918305e-12,9.768876849977287e-13,1.7914542280426098,0.25,False,0.4708374355392178,7.80445478484358e-12,3.2429017488735503e-08,7.80445478484358e-12,,True,0.0,-2.601484923878536e-12,0.0,7.80445478484358e-12,0.0,True,2.7170610773585707e-09,-3.5783726167513183e-12,2.716274356763444e-09,6.827849887731182e-12,9.766048971123982e-13,True,1.136525237912634e-16,-2.6014849280132053e-12,1.5905922096605988e-16,7.80445478541784e-12,5.742588311550022e-22,0.0,0.0,7.80445478484358e-12,0.0,2.7170610773585707e-09,2.716274356763444e-09,6.827849887731182e-12,9.766048971123982e-13,
blend_p010,0,600000,0.002,177,1.0,development,128,k4_none,1,0,0.7500464331055884,0.0013763479961469117,4.208885578324011e-13,8.616837340944132e-08,3.5447671741843314e-11,3.5026783184010914e-11,-9.618377624573716e-12,1.0039266195914303e-11,1.8231434146748204,0.25,False,0.5376328239220625,-1.2626657256399773e-12,2.585051202890421e-07,1.2626657256399773e-12,,True,0.0,4.208885578324011e-13,0.0,-1.2626657256399773e-12,0.0,True,2.2271822452354192e-08,-9.618377632389584e-12,2.2281109388681897e-08,-1.1306118766719454e-11,1.0043453041079477e-11,True,1.083681630482633e-16,4.208885604357114e-13,1.641171264640266e-16,-1.2626657211990363e-12,4.4409410597734476e-21,0.0,0.0,-1.2626657256399773e-12,0.0,2.2271822452354192e-08,2.2281109388681897e-08,-1.1306118766719454e-11,1.0043453041079477e-11,
blend_p030,0,600000,0.002,177,1.0,development,128,k4_none,1,0,0.6899492648319041,0.0021824882884929364,2.753652910181344e-10,7.736181724798477e-07,3.484646033978652e-10,7.309931237973078e-11,5.168520381666345e-10,-2.4148674713749114e-10,3.375539601093184,0.25,False,0.22059647004304542,-8.26095873112212e-10,2.320854517112147e-06,8.26095873112212e-10,,True,0.0,2.753652910181344e-10,0.0,-8.26095873112212e-10,0.0,True,2.864709845522136e-07,5.168520381756324e-10,2.877877109910296e-07,-5.834991936997479e-10,2.425966794124641e-10,True,1.7670992097935995e-16,2.753652910376592e-10,2.261769429341039e-16,-8.260958730927638e-10,1.944825697204051e-20,0.0,0.0,-8.26095873112212e-10,0.0,2.864709845522136e-07,2.877877109910296e-07,-5.834991936997479e-10,2.425966794124641e-10,
exp_right,22,600000,0.002,177,2.6119867843594364,development,128,k4_none,1,0,0.0001499291123528841,0.0016852404184194746,1.1043427149325773e-11,6.404056929566144e-08,1.7739535881608575e-11,6.696108732282801e-12,1.2981273158371417e-11,-1.937846005982621e-12,3.243193521935438,0.25,False,0.20743862471696298,-3.313028144449348e-11,1.921217078124382e-07,3.313028144449348e-11,,True,0.0,1.1043427149325773e-11,0.0,-3.313028144449348e-11,0.0,True,1.8238777647416184e-08,1.2981273153461336e-11,1.8225913173318736e-08,-3.1193389198317575e-11,1.9368922461759015e-12,True,1.0629163327667503e-16,1.104342715208222e-11,1.645737473521287e-16,-3.313028145735689e-11,1.2863414619978242e-20,0.0,0.0,-3.313028144449348e-11,0.0,1.8238777647416184e-08,1.8225913173318736e-08,-3.1193389198317575e-11,1.9368922461759015e-12,exponential
exp_left,22,600000,0.002,177,13.649519383995864,development,128,k4_none,1,0,0.0005812308220754487,0.0018555399009305528,-1.1103755430353353e-11,7.50928463910376e-08,1.2662426114109652e-11,2.3766181544463005e-11,-1.8086951727508037e-11,6.983196307206167e-12,4.649722129173289,0.25,False,0.24698842176941596,3.3311266229652564e-11,2.2527853940650494e-07,3.3311266229652564e-11,,True,0.0,-1.1103755430353353e-11,0.0,3.3311266229652564e-11,0.0,True,3.5996845427180276e-08,-1.8086951710177434e-11,3.597856966444031e-08,2.6331774332288857e-11,6.979491897363706e-12,True,4.53003074200914e-16,-1.1103755405507052e-11,9.005822606028595e-16,3.331126627777552e-11,4.812295758233138e-20,0.0,0.0,3.3311266229652564e-11,0.0,3.5996845427180276e-08,3.597856966444031e-08,2.6331774332288857e-11,6.979491897363706e-12,exponential
gauss_left,22,600000,0.002,177,0.3713011646461742,development,128,k4_none,1,0,0.006229896353746386,0.0034672774403628477,2.3389739414494843e-10,1.3667809385670018e-06,4.025834324181289e-10,1.6868603827318042e-10,2.47637869134551e-10,-1.3740474971238008e-11,5.635307424423349,0.25,False,0.34334491259342237,-7.016921825266121e-10,4.100342815393033e-06,7.016921825266121e-10,,True,0.0,2.3389739414494843e-10,0.0,-7.016921825266121e-10,0.0,True,8.997710345918783e-08,2.47637869145825e-10,9.100268184867915e-08,-6.877854257782283e-10,1.390675674838377e-11,True,3.178954725359206e-16,2.3389739421355334e-10,3.407721765703779e-16,-7.016921824694158e-10,5.719633403316822e-20,0.0,0.0,-7.016921825266121e-10,0.0,8.997710345918783e-08,9.100268184867915e-08,-6.877854257782283e-10,1.390675674838377e-11,gaussian
gauss_right,22,600000,0.002,177,0.23748502306292393,development,128,k4_none,1,0,0.03786415608103121,0.004249719996518552,4.65680377921106e-10,3.1822543518042664e-06,5.603011409745036e-10,9.46207630533976e-11,4.767770193709096e-10,-1.1096641494355325e-11,8.775313621811446,0.25,False,0.05209636073239496,-1.3970411336312e-09,9.546763054091587e-06,1.3970411336312e-09,,True,0.0,4.65680377921106e-10,0.0,-1.3970411336312e-09,0.0,True,2.5920683489947996e-08,4.767774544888699e-10,2.7653753584850642e-08,-1.3851855778180194e-09,1.1855555813180734e-11,True,1.813712969831316e-15,4.656803777422816e-10,6.025264896045536e-16,-1.3970411336323486e-09,1.148540280529879e-21,0.0,0.0,-1.3970411336312e-09,0.0,2.5920683489947996e-08,2.7653753584850642e-08,-1.3851855778180194e-09,1.1855555813180734e-11,gaussian
bump_left,22,600000,0.002,177,0.44348186274361356,development,128,k4_none,1,0,0.023117949673402208,0.003184200631954582,8.878445313430568e-11,1.0380185499634651e-06,3.2874032790628693e-10,2.3995587477198125e-10,8.85736426904658e-11,2.1081042417358606e-13,4.923761874385171,0.25,False,0.4491915162207131,-2.663533593660783e-10,3.114055649566996e-06,2.663533593660783e-10,,True,0.0,8.878445313430568e-11,0.0,-2.663533593660783e-10,0.0,True,8.804234455870172e-08,8.857364126920961e-11,8.833547603164036e-08,-2.6657223952045914e-10,2.188801543808536e-13,True,4.757827013643002e-16,8.878445309759134e-11,1.0474068177724514e-15,-2.663533592982008e-10,6.787751048791233e-20,0.0,0.0,-2.663533593660783e-10,0.0,8.804234455870172e-08,8.833547603164036e-08,-2.6657223952045914e-10,2.188801543808536e-13,compact_bump
bump_right,22,600000,0.002,177,0.32889495195335533,development,128,k4_none,1,0,0.021058588925020928,0.003618140538463413,4.25605168445031e-11,4.362171190787516e-07,8.224574509519796e-11,3.968522825069487e-11,4.775818506105412e-11,-5.197668284470361e-12,7.290048298556566,0.25,False,0.20206271039394477,-1.276815502776192e-10,1.3086513556283224e-06,1.276815502776192e-10,,True,0.0,4.25605168445031e-11,0.0,-1.276815502776192e-10,0.0,True,1.3542461857235634e-08,4.7756189227870664e-11,1.3768791304496462e-08,-1.2238306292196291e-10,5.298487355656291e-12,True,1.9163064071375997e-16,4.256051683246279e-11,2.823646315236435e-16,-1.2768155031871705e-10,4.1097848349237765e-20,0.0,0.0,-1.276815502776192e-10,0.0,1.3542461857235634e-08,1.3768791304496462e-08,-1.2238306292196291e-10,5.298487355656291e-12,compact_bump
step_left,22,600000,0.002,177,0.9128852702404965,development,128,k4_none,1,0,0.001151219557124219,0.002154505632364663,2.227633604643007e-11,4.817202745106813e-07,5.918526876060477e-11,3.690893271417471e-11,2.1532747850811736e-11,7.435882169303576e-13,2.211888832011675,0.25,False,0.15772456969739235,-6.682900820027658e-11,1.4451608244239128e-06,6.682900820027658e-11,,True,0.0,2.227633604643007e-11,0.0,-6.682900820027658e-11,0.0,True,3.1869082064087397e-09,2.1532747836239967e-11,3.309281369528004e-09,-6.759965554112174e-11,7.706473408451542e-13,True,1.3277435685629943e-16,2.227633602767092e-11,9.126600342220075e-16,-6.682900829679048e-11,9.65138958337358e-20,0.0,0.0,-6.682900820027658e-11,0.0,3.1869082064087397e-09,3.309281369528004e-09,-6.759965554112174e-11,7.706473408451542e-13,tanh_step
step_right,22,600000,0.002,177,0.9636241118102141,development,128,k4_none,1,0,0.007240202515715768,0.002291712811501181,1.2072491494545757e-10,9.401032759824365e-07,1.8180979177597723e-10,6.108487683051968e-11,1.203071950347604e-10,4.1771989448732766e-13,2.47211864945677,0.25,False,0.3953335077989388,-3.621747447604173e-10,2.8203098272273073e-06,3.621747447604173e-10,,True,0.0,1.2072491494545757e-10,0.0,-3.621747447604173e-10,0.0,True,3.576659766593249e-08,1.2030719457621664e-10,3.531076834064155e-08,-3.62583776167908e-10,4.090314074906939e-13,True,1.2451399942302572e-16,1.2072491494484502e-10,2.3303477401590484e-16,-3.6217474476960543e-10,9.188115449085893e-21,0.0,0.0,-3.621747447604173e-10,0.0,3.576659766593249e-08,3.531076834064155e-08,-3.62583776167908e-10,4.090314074906939e-13,tanh_step
kink_abs,22,600000,0.002,177,0.6214766720163144,development,128,k4_none,1,0,0.003817624472575257,0.002133633598719798,2.573819558458593e-14,2.6168240738653416e-07,5.742119825959932e-11,5.739546006401473e-11,-3.3993680817262813e-12,3.425106289795426e-12,3.9519279934520797,0.25,False,0.2426295283916832,-7.721462380307461e-14,7.850472224597577e-07,7.721462380307461e-14,,True,0.0,2.573819558458593e-14,0.0,-7.721462380307461e-14,0.0,True,1.4745646227982036e-08,-3.39936810329649e-12,1.4628017550579457e-08,-3.4007206391467405e-12,3.323506015343666e-12,True,1.5372626714219948e-16,2.5738175518997525e-14,3.203795405361723e-16,-7.721466960027972e-14,4.579720510805401e-20,0.0,0.0,-7.721462380307461e-14,0.0,1.4745646227982036e-08,1.4628017550579457e-08,-3.4007206391467405e-12,3.323506015343666e-12,kink
kink_relu,22,600000,0.002,177,0.2041432706959443,development,128,k4_none,1,0,0.003527592476468094,0.0018141263766252782,2.066718039545935e-11,2.1695652287408857e-07,5.447702381939644e-11,3.3809843423937086e-11,1.9762738723654263e-11,9.044416662653376e-13,2.8912534174282185,0.25,False,0.2377846143551052,-6.200154113366101e-11,6.508695682682054e-07,6.200154113366101e-11,,True,0.0,2.066718039545935e-11,0.0,-6.200154113366101e-11,0.0,True,1.3909636253807402e-08,1.97627387397309e-11,1.3993897733789906e-08,-6.291021696678202e-11,9.086758331210142e-13,True,1.323181581635391e-16,2.0667180380796588e-11,1.9506433261691125e-16,-6.200154115054424e-11,1.6883234515998927e-20,0.0,0.0,-6.200154113366101e-11,0.0,1.3909636253807402e-08,1.3993897733789906e-08,-6.291021696678202e-11,9.086758331210142e-13,kink
sine,0,600000,0.002,177,1.0,development,128,k4_none,10,0,0.7772908898164241,0.0016957852738403304,3.9436634663395324e-08,0.00013215222104816872,4.422482541074192e-08,4.788190747346599e-09,4.5837162728029014e-08,-6.400528064621393e-09,2.2442934345139776,2.5,False,0.08312616836601734,-1.1714920779309347e-07,0.0003961234099093411,1.1714920779309347e-07,,True,9.307022205213203e-08,3.942251031923671e-08,8.384608661694904e-08,-1.1714293251289201e-07,6.27528020146208e-12,True,9.658607989573746e-06,4.581846238419803e-08,7.6200151691301095e-06,-1.1207837941231939e-07,5.070828380774084e-09,True,4.3811936563069267e-07,3.912924998000317e-08,4.127791696175007e-07,-1.1739987591162248e-07,2.5066811852900634e-10,4.3120051775126446e-07,4.1038264851357945e-07,-1.1740717992614305e-07,2.57972133049572e-10,9.662065186547791e-06,7.617604567456565e-06,-1.1208619616157298e-07,5.063011631520499e-09,
runge,0,600000,0.002,177,1.0,development,128,k4_none,10,0,0.047694146787313825,0.001961702310416176,1.7942760049907563e-09,1.490704859829976e-05,3.444877256919652e-09,1.6506012519288957e-09,1.8160271289188946e-09,-2.1751123926203697e-11,2.595846788236245,2.5,False,0.20941611627011142,-5.377231029822681e-09,4.470635585133804e-05,5.377231029822681e-09,,True,5.87742571281495e-10,1.7941565262762883e-09,6.457807013312525e-11,-5.377229079531871e-09,1.9502908100280174e-15,True,6.167358549941168e-07,1.8159338751237658e-09,6.376815176141287e-07,-5.354752154940449e-09,2.2478874882231982e-11,True,4.1051214803811235e-08,1.7927181408008469e-09,4.1028578859199286e-08,-5.378660078325202e-09,1.4290485025207863e-12,4.1585426597421246e-08,4.175875474182239e-08,-5.378685602051935e-09,1.4545722292543555e-12,6.156179715921734e-07,6.363368806857557e-07,-5.354814774042629e-09,2.241625578005156e-11,
moment3,0,600000,0.002,177,1.0,development,128,k4_none,10,0,0.0063683810791055106,0.0037904592121242426,1.3061683150997407e-09,1.600509702514968e-06,1.3498179089453764e-09,4.364959384563563e-11,2.1061359992947635e-09,-7.999676841914586e-10,9.658490384291628,2.5,False,0.1994054719031358,-3.38390054745669e-09,4.66742563159151e-06,3.38390054745669e-09,,True,9.1288995063918e-12,1.306161705435886e-09,5.98969667083332e-11,-3.3839206065736496e-09,2.0059116959492352e-14,True,9.004753398558109e-07,2.107345011176577e-09,9.060071329498413e-07,-2.5774029904321958e-09,8.064975570244944e-10,True,1.563422381664187e-07,1.1666298720223424e-09,1.5640340742210473e-07,-3.5235111382357008e-09,1.3961059077901062e-10,1.5530960206824173e-07,1.5504571062778533e-07,-3.517911263727887e-09,1.340107162711967e-10,9.017537792600261e-07,9.074595595643709e-07,-2.573159678321834e-09,8.107408691348563e-10,
moment5,0,600000,0.002,177,1.0,development,128,k4_none,10,0,0.7499971640785514,0.0014083423401631192,1.0115053326181789e-11,5.26488561989247e-08,2.4414570141157284e-11,1.4299516814975497e-11,1.3532866925107804e-11,-3.417813572989369e-12,1.7886977763289214,2.5,False,0.1938634376377536,-3.0012946593085704e-11,1.5776594249522333e-07,3.0012946593085704e-11,,True,9.30076982419529e-15,1.0115049409348304e-11,1.0977141639909119e-13,-3.00129064525676e-11,4.014051810512988e-17,True,9.72700268228305e-09,1.353286350552719e-11,9.728492686302601e-09,-2.6594583504551938e-11,3.418363088533766e-12,True,2.3642067867499224e-10,1.0031991588964933e-11,2.3640719796797654e-10,-3.009597370436135e-11,8.302711127564855e-14,2.3642111697816955e-10,2.364092126122217e-10,-3.009596910940382e-11,8.302251631811952e-14,9.727002813702734e-09,9.728491334344834e-09,-2.6594578511900472e-11,3.418368081185232e-12,
moment9,0,600000,0.002,177,1.0,development,128,k4_none,10,0,0.7500008936988105,0.001405034201509319,-4.180160123261562e-12,2.8350756470248898e-08,9.147376491356516e-12,1.3327536614618078e-11,-5.038188298724477e-12,8.58028167712783e-13,1.7895220521364743,2.5,False,0.04909281616130533,1.2457850327915027e-11,8.503111768616939e-08,1.2457850327915027e-11,,True,3.203219801618391e-15,-4.180161499953304e-12,1.0933202370110775e-14,1.2457855748045357e-11,5.4201303302810466e-18,True,2.4238382483230725e-09,-5.0381894774617425e-12,2.4233894005984764e-09,1.1599984389168478e-11,8.578659387465486e-13,True,5.832760685846786e-11,-4.15950457382377e-12,5.832805418811316e-11,1.2478511212837281e-11,2.066088492225413e-14,5.83270387986771e-11,5.83298257951001e-11,1.2478519767391499e-11,2.0669439476471566e-14,2.4238388937163835e-09,2.423388103460308e-09,1.1599992924159585e-11,8.578574037554418e-13,
mixed_sine,0,600000,0.002,177,0.8100925873009825,development,128,k4_none,10,0,0.3224046157184819,0.0027717946867121734,4.371065620122651e-09,3.013067796871466e-05,6.329229711210772e-09,1.9581640910881214e-09,5.523040658223792e-09,-1.1519750380691268e-09,3.4416013214288568,2.5,False,0.26883363456512493,-1.270979092502121e-08,9.033612739006913e-05,1.270979092502121e-08,,True,4.1348756583408844e-10,4.371018309501853e-09,1.0644812017650529e-09,-1.2709521036539645e-08,2.698884815645737e-13,True,1.390388828954531e-06,5.5246219968801495e-09,1.3930736684483854e-06,-1.1554150632083943e-08,1.1556402929372673e-09,True,1.1712815687309839e-07,4.273864609278426e-09,1.1604778974234217e-07,-1.2806236676069054e-08,9.644575104784459e-11,1.2134326561751077e-07,1.2103751862516294e-07,-1.2810639403834707e-08,1.0084847881349747e-10,1.3841794875033197e-06,1.3861444326978603e-06,-1.1560288484587724e-08,1.1495024404334856e-09,
localized_sine,0,600000,0.002,177,0.4822374526221915,development,128,k4_none,10,0,0.19314735499655278,0.0032811698330893653,3.802350668858577e-09,2.033675676429755e-05,6.353906121061448e-09,2.55155545220287e-09,4.017400614749678e-09,-2.150499458122609e-10,6.547795728686062,2.5,False,0.28442528312010085,-1.131090763823353e-08,6.08747480558037e-05,1.131090763823353e-08,,True,1.0273066042665227e-09,3.801993538964075e-09,1.5971080853578844e-09,-1.1310931401987042e-08,2.3763753512318777e-14,True,9.46246167458501e-07,4.01849575792885e-09,9.763941835226221e-07,-1.1087496240131906e-08,2.23411398101624e-10,True,1.2251125236501884e-07,3.774022597201784e-09,1.2277146292154065e-07,-1.1338883930835848e-08,2.797629260231802e-11,1.238971557346555e-07,1.2325774612693308e-07,-1.1335393207202882e-08,2.448556896935167e-11,9.462470497301675e-07,9.769877320005848e-07,-1.108562263103867e-08,2.252850071948602e-10,
chirp,0,600000,0.002,177,0.7001068817853702,development,128,k4_none,10,0,0.7347706974335104,0.0021733576292063362,7.562506182230615e-09,5.6469312558663255e-05,9.304066084316263e-09,1.7415599020856481e-09,8.395415382055015e-09,-8.329091999332488e-10,4.6620213099531185,2.5,False,0.2172265715370156,-2.247711343621634e-08,0.00016938204244953853,2.247711343621634e-08,,True,6.0066792458800185e-09,7.561774101458102e-09,9.322580620164035e-09,-2.247692610846238e-08,1.8732775395945357e-13,True,2.6048346892023803e-06,8.399137105931132e-09,2.601983845724388e-06,-2.1639373983630638e-08,8.377394525857015e-10,True,1.129762400901994e-07,7.516416968125543e-09,1.1663483588766183e-07,-2.2523885130138016e-08,4.677169392167705e-11,1.2390324713383763e-07,1.243234219900114e-07,-2.2529796016599e-08,5.268258038265932e-11,2.5977016379243264e-06,2.594300506586884e-06,-2.1649849923454877e-08,8.272635127614623e-10,
moment4,0,600000,0.002,177,1.0,development,128,k4_none,10,0,0.7499835148094506,0.0014156189629631827,5.806383686487871e-11,3.7035459833581514e-07,1.1153103227586338e-10,5.346719541098467e-11,6.13270579053153e-11,-3.263221057284609e-12,1.7922053437619512,2.5,False,0.02421374766145787,-1.7386906265332703e-10,1.111042279127358e-06,1.7386906265332703e-10,,True,9.997084261061165e-13,5.806360192730295e-11,7.103184992378343e-12,-1.7386748820031441e-10,1.5744530126137088e-15,True,9.286430303300652e-09,6.13268398100603e-11,9.363424768052356e-09,-1.7057767362432738e-10,3.2913890289996497e-12,True,2.3006460364501324e-10,5.798287862749948e-11,2.2980002810394368e-10,-1.739485645469724e-10,7.950189364538013e-14,2.3005967210007877e-10,2.2979460060814092e-10,-1.7394871852312918e-10,7.965586980215589e-14,9.286436073991866e-09,9.363408388200926e-09,-1.7057782686022518e-10,3.2912357931018485e-12,
blend_m010,0,600000,0.002,177,1.0,development,128,k4_none,10,0,0.7496060404178255,0.0015120136766952651,7.493311321894149e-10,2.413376577570005e-06,1.083994565001397e-09,3.3466343281198197e-10,7.915446507848161e-10,-4.221351859149191e-11,1.7983580343759693,2.5,False,0.22238383870067682,-2.2428299518019073e-09,7.234936753304722e-06,2.2428299518019073e-09,,True,2.9069363549975516e-11,7.493244797012206e-10,1.0513894492759515e-10,-2.242806190299571e-09,2.376150233614581e-14,True,2.8057416673260256e-07,7.915393228786712e-10,2.8360223140771186e-07,-2.2001428038559974e-09,4.268714794590985e-11,True,8.575337279558194e-09,7.48034385014874e-10,8.573121434422614e-09,-2.2441027237620524e-09,1.2727719601451553e-12,8.575253686308312e-09,8.573465705442989e-09,-2.2441037656762825e-09,1.2738138743751794e-12,2.8057429684088825e-07,2.8360190310296055e-07,-2.2001437810038868e-09,4.2686170798020515e-11,
blend_p001,0,600000,0.002,177,1.0,development,128,k4_none,10,0,0.7500129637495332,0.0013994825190161017,-2.624214331797785e-11,1.0825378353863956e-07,3.0286665959883925e-11,5.6528809277861776e-11,-3.578372277288612e-11,9.541579440066566e-12,1.7914543562909104,2.5,False,0.44934333654731223,7.78171638365873e-11,3.241351975604974e-07,7.78171638365873e-11,,True,2.4717888289801792e-14,-2.6242151161215814e-11,2.477259722001832e-13,7.78172580417732e-11,9.420518590167007e-17,True,2.653834485047952e-08,-3.5783723369069464e-11,2.6530453978397903e-08,6.827848688546919e-11,9.538676951118116e-12,True,6.322646322786429e-10,-2.6014847403911006e-11,6.322883848563585e-10,7.804453493666753e-11,2.2737110008022995e-13,6.322642226793195e-10,6.322947887955721e-10,7.804454784594734e-11,2.273840093600374e-13,2.6538346705792946e-08,2.6530448990691013e-08,6.827849891670603e-11,9.538664919881275e-12,
blend_p010,0,600000,0.002,177,1.0,development,128,k4_none,10,0,0.7500464321216502,0.0013763479977039945,1.9779712459644857e-12,8.628529488283801e-07,3.534262207266508e-10,3.514482494806863e-10,-9.618335210674198e-11,9.816132336429268e-11,1.8231464329746405,2.5,False,0.516268578674411,-1.4864891440526303e-11,2.5839056748755784e-06,1.4864891440526303e-11,,True,3.0519856939375155e-12,1.9773078797365486e-12,1.575435673705605e-11,-1.4858745616392665e-11,6.145824133637302e-15,True,2.1776521181191437e-07,-9.618378892931573e-11,2.178565684538276e-07,-1.1306114908827977e-10,9.819625764775347e-11,True,4.953016233469561e-09,4.208871686524269e-12,4.954542520085952e-09,-1.262662003737009e-11,2.2382714031562134e-12,4.953021685214493e-09,4.954569247113669e-09,-1.2626657136456081e-11,2.2382343040702217e-12,2.1776521489305164e-07,2.1785655087994605e-07,-1.1306118755215119e-10,9.819629611162488e-11,
blend_p030,0,600000,0.002,177,1.0,development,128,k4_none,10,0,0.6899484536801941,0.0021824909200354433,2.906907797775754e-09,7.83538559373318e-06,3.651949091206702e-09,7.450412934309482e-10,5.1656466685234356e-09,-2.2587388708076026e-09,3.3757112239111327,2.5,False,0.1928088665276792,-8.107538233890652e-09,2.3110781772023582e-05,8.107538233890652e-09,,True,2.1616820629597655e-10,2.906849676530643e-09,2.603435639009158e-09,-8.107332595254031e-09,2.0563863662143235e-13,True,2.6795307883829985e-06,5.166086643078456e-09,2.6923426726005343e-06,-5.836778957802227e-09,2.2707592760884257e-09,True,1.852752761076387e-07,2.750672916676802e-09,1.8564950098486592e-07,-8.263292958241117e-09,1.5575472435046455e-10,1.8493991551685182e-07,1.8542951060794438e-07,-8.260958730879481e-09,1.5342049698882913e-10,2.6799614636901635e-06,2.692673082522124e-06,-5.8349919370022436e-09,2.2725462968884088e-09,
exp_right,22,600000,0.002,177,2.6119867843594364,development,128,k4_none,10,0,0.00014992509469696986,0.001685240518796859,1.1142081134333312e-10,6.400991782900112e-07,1.7997114608309898e-10,6.855033473976586e-11,1.2965121913425692e-10,-1.8230407818635608e-11,3.2432052672293046,2.5,False,0.16300969769046936,-3.3031571943233367e-10,1.9215727468426466e-06,3.3031571943233367e-10,,True,3.386458267675014e-12,1.114202296233623e-10,2.1379114128339014e-11,-3.3031374010671734e-10,1.9793256163250565e-15,True,1.755444045724183e-07,1.2967746665939525e-10,1.7541724927414461e-07,-3.1206513684920954e-10,1.8250582583124128e-11,True,7.2544949866705285e-09,1.1027004606552275e-10,7.2455766078008945e-09,-3.31463000252524e-10,1.1472808201903394e-12,7.1726145299638016e-09,7.167488294808934e-09,-3.313028145866333e-10,9.870951542996329e-13,1.7533844152694827e-07,1.7521650401801816e-07,-3.1193389203485907e-10,1.83818273974746e-11,exponential
exp_left,22,600000,0.002,177,13.649519383995864,development,128,k4_none,10,0,0.0005812199735093659,0.0018555397988566451,-1.1317766306291167e-10,7.51157298349763e-07,1.2732232301731678e-10,2.4049998608022843e-10,-1.8117687742349193e-10,6.799921430662886e-11,4.649743599419742,2.5,False,0.1879202637259847,3.30978045272026e-10,2.2526586449641526e-06,3.30978045272026e-10,,True,7.858003244817718e-12,-1.1317828057699699e-10,8.76560751832152e-11,3.3098468639879996e-10,6.6411267739606194e-15,True,3.489421792125395e-07,-1.811192843229518e-10,3.4877076615362556e-07,2.630740337755375e-10,6.79040114964885e-11,True,1.2892947394024646e-08,-1.1135050216568208e-10,1.2854015831915102e-08,3.32805772551685e-10,1.827727279658981e-12,1.1978632867714748e-08,1.1972701333348072e-08,3.3311266257936764e-10,2.134617307341638e-12,3.4840887727224034e-07,3.4824315897161134e-07,2.633177433455527e-10,6.76603019264733e-11,exponential
gauss_left,22,600000,0.002,177,0.3713011646461742,development,128,k4_none,10,0,0.006228912981037688,0.003467279558566809,2.352101356599221e-09,1.3692231074862282e-05,4.065497474081929e-09,1.7133961174827082e-09,2.471870360471402e-09,-1.1976900392780139e-10,5.635379114046712,2.5,False,0.26823012773632665,-7.00358618347332e-09,4.0977966857614686e-05,7.00358618347332e-09,,True,3.326794239117418e-10,2.3519334841049263e-09,4.321632870809203e-10,-7.00360935078325e-09,2.3167309929676252e-14,True,7.897500385467537e-07,2.472853000715592e-09,7.998265600008863e-07,-6.881017125128414e-09,1.2256905834490617e-10,True,1.1628194706732906e-07,2.3341829410026614e-09,1.1621409954829622e-07,-7.0213565869038466e-09,1.777040343052661e-11,1.0337489725427538e-07,1.0348869366830561e-07,-7.0169218248172795e-09,1.3335641343959522e-11,8.017735608158407e-07,8.111637136199502e-07,-6.877854257710807e-09,1.2573192576251322e-10,gaussian
gauss_right,22,600000,0.002,177,0.23748502306292393,development,128,k4_none,10,0,0.03786198540138785,0.004249724204892919,4.674054745383836e-09,3.182751785392972e-05,5.6248036408089755e-09,9.507488954251396e-10,4.7711741463865106e-09,-9.711940109438009e-11,8.775597213885323,2.5,False,0.0402937075899098,-1.395254450679531e-08,9.546025897832823e-05,1.395254450679531e-08,,True,6.295326589257711e-10,4.673973128062847e-09,6.420493209775033e-09,-1.3952761944125425e-08,2.1743733011492302e-13,True,2.2616254604093764e-07,4.771376808914789e-09,2.4403998408988957e-07,-1.3848582437553267e-08,1.0396206924204328e-10,True,3.256229519592767e-08,4.660108393721076e-09,3.23883901633368e-08,-1.3967465155528783e-08,1.4920648733473145e-11,4.116993595441594e-08,4.192545533946132e-08,-1.3970411336363808e-08,1.786682956849855e-11,2.4069261267154447e-07,2.576895401582537e-07,-1.3851855778107716e-08,1.006887286875935e-10,gaussian
bump_left,22,600000,0.002,177,0.44348186274361356,development,128,k4_none,10,0,0.02311725056285977,0.0031842014288596086,8.856894791392789e-10,1.0373516704356172e-05,3.3175820997607114e-09,2.4318926206214323e-09,8.847038470025314e-10,9.856321905325117e-13,4.923768854282607,2.5,False,0.3535561253299627,-2.6657560058955123e-09,3.114775228631259e-05,2.6657560058955123e-09,,True,2.150360750028946e-10,8.855309274266896e-10,2.914167730576953e-10,-2.6657656150282887e-09,9.609132776403998e-15,True,7.759341728531553e-07,8.849335058175503e-10,7.788951162554643e-07,-2.6664423181618137e-09,6.863122663014053e-13,True,1.0579553684288822e-07,8.866052602190284e-10,1.0579348833190415e-07,-2.6646902876226627e-09,1.0657182728496085e-12,1.059455286436806e-07,1.0584057013623579e-07,-2.663533593489586e-09,2.2224124059261576e-12,7.76181210391385e-07,7.7916962814199e-07,-2.6657223957398206e-09,3.3610155691730013e-14,compact_bump
bump_right,22,600000,0.002,177,0.32889495195335533,development,128,k4_none,10,0,0.021058560869583694,0.003618140927770889,4.318679934855428e-10,4.361012666263525e-06,8.295106690900838e-10,3.97642675604541e-10,4.781127899335176e-10,-4.624479648924375e-11,7.290065658323202,2.5,False,0.15893581737445908,-1.2704689379969322e-09,1.3087243012664183e-05,1.2704689379969322e-09,,True,1.9064716854192588e-11,4.3186699531052493e-10,2.354415159860693e-10,-1.2704831335645308e-09,1.4195567598573217e-14,True,1.1985670900326956e-07,4.78161223339939e-10,1.2217143104803486e-07,-1.2231846450052706e-09,4.728429299166159e-11,True,1.5165809193959123e-08,4.261308114815917e-10,1.5107959549030483e-08,-1.2762465604191545e-09,5.777622422222339e-12,1.5657545776962085e-08,1.5625862750072328e-08,-1.2768155033303813e-09,6.346565333449104e-12,1.1985344093318913e-07,1.2216991678798906e-07,-1.2238306286712303e-09,4.663830932570188e-11,compact_bump
step_left,22,600000,0.002,177,0.9128852702404965,development,128,k4_none,10,0,0.001151192916570785,0.0021545058321265987,2.2203827162151558e-10,4.816887911402526e-06,5.92070339444549e-10,3.700320678230335e-10,2.1546146049419594e-10,6.576811262115394e-12,2.211886444542852,2.5,False,0.12558064542151193,-6.690148176345347e-10,1.4451690595278587e-05,6.690148176345347e-10,,True,3.720892245257045e-11,2.22034283335012e-10,3.797873817034814e-11,-6.69009438040157e-10,5.379594377695679e-15,True,2.8237655914285183e-08,2.1543686017069102e-10,2.941866555426835e-08,-6.758671953548916e-10,6.852377720356909e-12,True,3.721348039761077e-09,2.228938704792778e-10,3.764188742416872e-09,-6.681394961027163e-10,8.75321531818386e-13,3.1531531691188073e-09,3.148302257977618e-09,-6.682900820465244e-10,7.247355880103065e-13,2.8717259873096424e-08,2.995260982147589e-08,-6.759965549408604e-10,6.981737306325737e-12,tanh_step
step_right,22,600000,0.002,177,0.9636241118102141,development,128,k4_none,10,0,0.007240076199617213,0.0022917138979464584,1.207170192736105e-09,9.400997429009891e-06,1.8133142535288566e-09,6.061440607927518e-10,1.203099559272241e-09,4.070633374699628e-12,2.4721575987763083,2.5,False,0.3800762226865119,-3.6217818835766177e-09,2.8202704504043507e-05,3.6217818835766177e-09,,True,1.8312564468558307e-10,1.2071389552185666e-09,1.1796518705025515e-10,-3.6217676632741834e-09,1.4220302434255304e-14,True,3.4517819024237294e-07,1.203042454875033e-09,3.4072766736273245e-07,-3.6257773550746483e-09,3.9954714980305724e-12,True,1.2937964983289187e-08,1.2072478498800825e-09,1.2814300364315079e-08,-3.6216590321548044e-09,1.2285142181332793e-13,1.2243274186505326e-08,1.2274382453512763e-08,-3.6217474478458213e-09,3.443573079634491e-14,3.455277677166475e-07,3.409427027289143e-07,-3.6258377619804514e-09,4.055878403833758e-12,tanh_step
kink_abs,22,600000,0.002,177,0.6214766720163144,development,128,k4_none,10,0,0.0038175848000192294,0.002133633604788079,6.094019043452275e-12,2.624019256028964e-06,5.763449326991617e-10,5.702509136557094e-10,-3.444337663255397e-11,4.05373956453983e-11,3.95194392846678,2.5,False,0.1687517206992412,5.081433316208703e-12,7.843334583360006e-06,5.081433316208703e-12,,True,3.3908921057260686e-11,6.088203084824324e-12,2.33198379168979e-10,5.113140337385955e-12,3.170702117725222e-14,True,1.4037493154391106e-07,-3.435523005631554e-11,1.3928504393605067e-07,-3.42859205614824e-11,3.9367353877691103e-11,True,1.3339815852391309e-08,-2.08431455663997e-13,1.3141923002020584e-08,-1.1553448423193945e-12,6.236778158528098e-12,1.1457844519035483e-08,1.1409423115465102e-08,-7.7214623599691e-13,5.853579552205613e-12,1.4150892995852208e-07,1.4033908596882068e-07,-3.4007206101179166e-11,3.908863941738787e-11,kink
kink_relu,22,600000,0.002,177,0.2041432706959443,development,128,k4_none,10,0,0.003527582373967931,0.0018141265619950498,2.0603695193583644e-10,2.1694165332286164e-06,5.456110688999053e-10,3.395741169640688e-10,1.9781779819975763e-10,8.219153722152901e-12,2.8912397282089337,2.5,False,0.18431111771210126,-6.206474491585937e-10,6.508747872608066e-06,6.206474491585937e-10,,True,2.0769394678950107e-11,2.0603345204037578e-10,8.298549721931914e-11,-6.206369883086627e-10,1.0460849930938117e-14,True,1.3202193109788625e-07,1.9777862421478626e-10,1.3282391804255474e-07,-6.289316765417933e-10,8.284227383199574e-12,True,8.0064953292545e-09,2.068612404771295e-10,8.075926630314737e-09,-6.198066271139809e-10,8.408220446127359e-13,7.0044089840096706e-09,7.004238601020833e-09,-6.200154116901627e-10,6.32037468431019e-13,1.3238200012311685e-07,1.331969210807266e-07,-6.291021699044535e-10,8.454720745859806e-12,kink
sine,0,600000,0.002,177,1.0,development,128,k4_none,1000,0,0.7671817167159818,0.0017004152907187959,4.66945351312871e-06,0.014065587735940133,5.2362743818484164e-06,5.668208687197054e-07,4.735290564163285e-06,-6.583705103440252e-08,2.3439304368947274,250.0,False,0.00035326898308227754,-1.1466152607481219e-05,0.04026534376619308,1.1466152607481219e-05,,True,0.0009392096085177786,4.45791184822066e-06,0.0010091996243350024,-1.1192200081210201e-05,2.739525262710177e-07,True,0.000947617045548043,4.517224477530392e-06,0.0010286731995985273,-1.1122151249105337e-05,3.4400135837588237e-07,True,0.001275245454695511,3.842373255197731e-06,0.0011520822695218877,-1.1659884985344337e-05,1.9373237786311765e-07,0.0011197161421888993,0.0009386363927075365,-1.1740717992615077e-05,2.745653851338583e-07,0.0007992198435101201,0.0007416713091783763,-1.1208619616155637e-05,2.575329913255821e-07,
runge,0,600000,0.002,177,1.0,development,128,k4_none,1000,0,0.04726933877944771,0.001961881870275431,1.8135413526036762e-07,0.0014950132521063578,3.740546503876983e-07,1.927005151273306e-07,1.8152363033445923e-07,-1.6949507383925758e-10,2.606854331672144,250.0,False,0.0010884454221875776,-5.389833080815496e-07,0.0044586935560333,5.389833080815496e-07,,True,5.9370969484492136e-06,1.7983882534354428e-07,1.4186892398742444e-06,-5.391280155117776e-07,1.4470743022791425e-10,True,8.599753229348892e-06,1.800565830885816e-07,9.41235071550107e-06,-5.388026084878018e-07,1.8069959374784828e-10,True,6.638191346545565e-05,1.7735863087670674e-07,6.537676803625377e-05,-5.415832378832674e-07,2.599929801717787e-09,7.267489774929776e-05,7.358790107955373e-05,-5.41896092104796e-07,2.9127840232464007e-09,2.2297998922872276e-05,1.778220535733599e-05,-5.394994155104815e-07,5.161074289318932e-10,
moment3,0,600000,0.002,177,1.0,development,128,k4_none,1000,0,0.006342086478446788,0.0037906331116033193,1.7520564739136806e-07,0.00016949544989319215,1.785994516729947e-07,3.3938042816266524e-09,1.7648503132644829e-07,-1.2793839356156309e-09,9.669559062567506,250.0,False,0.007342853403115981,-2.885747886278166e-07,0.0005025114256150624,2.885747886278166e-07,,True,4.784039065074504e-07,1.7509718543711133e-07,4.6341153289751504e-07,-2.88955260195059e-07,3.804715672424224e-10,True,1.4487320063195642e-06,1.7658683377202656e-07,1.7443660220432401e-06,-2.8684719543119186e-07,1.7275931966247292e-09,True,0.00010673157832539839,7.301913715628903e-08,0.0001071015303146901,-3.9105467185369846e-07,1.0247988322588188e-07,0.00012271351308900557,0.00011133886583242733,-3.5179112637523137e-07,6.321633774741479e-08,7.380464357674761e-05,5.595711951442567e-05,-2.5731596783085844e-07,3.1258820796958144e-08,
moment5,0,600000,0.002,177,1.0,development,128,k4_none,1000,0,0.749997163813857,0.0014083436182169174,1.2881688510657322e-09,5.472044666670036e-06,2.523152620361768e-09,1.2349837692960354e-09,1.353349482845257e-09,-6.518063203839264e-11,1.7886980674275805,250.0,False,0.0009661017114502242,-2.725083166046781e-09,1.5648060786714722e-05,2.725083166046781e-09,,True,1.2757938066005946e-10,1.2881215659554986e-09,1.151702024962556e-09,-2.7246946183269494e-09,3.8854771983175523e-13,True,1.8546884586997952e-07,1.3533025598261445e-09,1.8576989686005393e-07,-2.6595133127902913e-09,6.556985325648989e-11,True,8.108669706618653e-07,1.0032199642313707e-09,8.107177016467744e-07,-3.009647735683541e-09,2.8456456963675975e-10,8.108723074622221e-07,8.107401597325682e-07,-3.0095969120235507e-09,2.845137459767695e-10,1.8547029128517776e-07,1.8575875704538493e-07,-2.659457851735785e-09,6.5625314310996e-11,
moment9,0,600000,0.002,177,1.0,development,128,k4_none,1000,0,0.7500008935639018,0.0014050337183928597,-4.872966195098827e-10,2.8590722042634847e-06,8.772496692742353e-10,1.364546288784118e-09,-5.037825882142011e-10,1.6485968564270233e-11,1.7895214663733827,250.0,False,0.00023358014426583677,1.176329563348942e-09,8.487059474238556e-06,1.176329563348942e-09,,True,3.6122743965743686e-11,-4.873110560480563e-10,1.1410386512704887e-10,1.1763821788832239e-09,5.261553428193509e-14,True,4.65811137410932e-08,-5.037963989145884e-10,4.653181687333101e-08,1.1599046955524096e-09,1.642486779653231e-11,True,2.0163403294900298e-07,-4.1592846030353563e-10,2.0163868874874259e-07,1.2477568269072254e-09,7.142726355828349e-11,2.0162849724693902e-07,2.0165877828953207e-07,1.2478519778350286e-09,7.152241448608663e-11,4.65890053181043e-08,4.65350532068797e-08,1.1599992921425726e-09,1.6330271206369354e-11,
mixed_sine,0,600000,0.002,177,0.8100925873009825,development,128,k4_none,1000,0,0.32235067429610254,0.002772378104804737,5.877891581840187e-07,0.0030481950544827387,7.143039865529801e-07,1.2651482836896155e-07,5.989809525489635e-07,-1.1191794365122728e-08,3.434804000305866,250.0,False,0.017731847918949373,-1.1203437206935706e-06,0.00897937429112542,1.1203437206935706e-06,,True,5.347894478157575e-06,5.870271163270098e-07,1.3478453262303428e-05,-1.1142336498035366e-06,6.1100708900339866e-09,True,1.596850497506641e-05,6.002008298844425e-07,2.808362708978852e-05,-1.099838891338757e-06,2.0504829354813524e-08,True,0.00015365277419089311,4.597431229149819e-07,0.00014277189998604706,-1.2404328613808899e-06,1.200891406873193e-07,0.00019179179823703956,0.00019218044210746383,-1.281063940380019e-06,1.607202196864484e-07,4.275297360225033e-05,5.624453474703264e-05,-1.1560288484560015e-06,3.5685127762430955e-08,
localized_sine,0,600000,0.002,177,0.4822374526221915,development,128,k4_none,1000,0,0.19281340241900694,0.0032815529543613643,3.869236226674915e-07,0.0020660671703654253,6.631812856865826e-07,2.7625766301909107e-07,3.8705755963401063e-07,-1.4510515144969527e-10,6.579705536413968,250.0,False,0.010141195852458016,-1.1593500911764486e-06,0.006033311391125133,1.1593500911764486e-06,,True,1.0348974585220631e-05,3.826094203628672e-07,1.6672566583133023e-05,-1.1599287127704718e-06,5.786215940232494e-10,True,1.049402462617436e-05,3.832659155572001e-07,1.833277679508762e-05,-1.1583675146661502e-06,9.825765102983608e-10,True,0.00012465216960547875,3.4347391320288715e-07,0.00012247179402356513,-1.1990289632980955e-06,3.967887212164688e-08,0.00015757347249570198,0.0001410877289228891,-1.1687183803646247e-06,9.368289188176123e-09,0.00011434870173381936,9.528044082730125e-05,-1.1421946105939808e-06,1.715548058246781e-08,
chirp,0,600000,0.002,177,0.7001068817853702,development,128,k4_none,1000,0,0.7329847197818891,0.0021742585926823282,9.085259821740478e-07,0.005694108276339575,1.1433331490554089e-06,2.3480716688136082e-07,9.252407118553856e-07,-1.671472968104448e-08,4.750892194387798,250.0,False,0.019876033456887886,-2.094048988260492e-06,0.016850138254805126,2.094048988260492e-06,,True,6.214602666235392e-05,9.002295232191274e-07,7.286234763338086e-05,-2.1016629660481384e-06,7.613977787646541e-09,True,8.93966587544896e-05,9.247896588103046e-07,8.414863625755816e-05,-2.0802773639214282e-06,1.3771624339063648e-08,True,0.0002514396865954807,7.991613209919182e-07,0.00027682487776980276,-2.2060801197841305e-06,1.1203113152363863e-07,0.00034455215330595325,0.0003486899306956177,-2.2529796016568206e-06,1.5893061339632868e-07,0.0002185192269517739,0.00019998471448468973,-2.16498499234563e-06,7.093600408513802e-08,
moment4,0,600000,0.002,177,1.0,development,128,k4_none,1000,0,0.7499835032164927,0.0014156249784329719,6.073533625978679e-09,3.707247808746975e-05,1.1176999299611294e-08,5.103465673632615e-09,6.13479639290828e-09,-6.126276706816943e-11,1.7922371758618638,250.0,False,9.615768321318779e-05,-1.7133784393883993e-08,0.00011113947145860301,1.7133784393883993e-08,,True,1.1163467452946702e-08,6.071053740179117e-09,7.804506219026799e-08,-1.711817771558672e-08,1.5606678297272498e-11,True,1.7346193866323705e-07,6.132372805970288e-09,2.0064020339325153e-07,-1.705608204965772e-08,7.770234422627206e-11,True,7.786073301131038e-07,5.7979848978026925e-09,7.78195882872511e-07,-1.7393162912000762e-08,2.593785181167699e-10,7.785348665992323e-07,7.777017130599824e-07,-1.739487185208168e-08,2.6108745819768784e-10,1.734525963879482e-07,1.9784548306048412e-07,-1.7057782685535584e-08,7.60017083484087e-11,
blend_m010,0,600000,0.002,177,1.0,development,128,k4_none,1000,0,0.7496052380597888,0.001512091505792794,7.857842866189244e-08,0.00024641319471544945,1.0724924055625362e-07,2.867081189436119e-08,7.922420988830222e-08,-6.45781226670841e-10,1.7988688808773063,250.0,False,0.00020358592935914153,-2.208880057658466e-07,0.0007212428773053574,2.208880057658466e-07,,True,3.6023156588076143e-07,7.850354496036577e-08,1.0621916902962414e-06,-2.2066370967840444e-07,2.2429608744215354e-10,True,4.240494505038563e-06,7.915098490735215e-08,4.676255039967483e-06,-2.200035324156022e-07,8.844733502443833e-10,True,2.469110208240598e-05,7.480119960969063e-08,2.4681732376095997e-05,-2.2439881185438307e-07,3.5108060885364846e-09,2.4690103838846642e-05,2.468431163010711e-05,-2.2441037656863518e-07,3.5223708027885937e-09,4.241080903827088e-06,4.664614823751827e-06,-2.2001437810110876e-07,8.736276647378336e-10,
blend_p001,0,600000,0.002,177,1.0,development,128,k4_none,1000,0,0.7500129626298462,0.0013994791524192054,-3.3928390395892783e-09,1.1549287770805656e-05,2.711810325110761e-09,6.104649364700039e-09,-3.578230934929e-09,1.853918951403066e-10,1.7914553924813155,250.0,False,0.002494409364133119,7.012102086782245e-09,3.1956961914946733e-05,7.012102086782245e-09,,True,3.765126911719066e-10,-3.3929617801581577e-09,2.5064676605038194e-09,7.012961030162558e-09,8.589433803134519e-13,True,5.156885033532125e-07,-3.5783418091107534e-09,5.146435422995279e-07,6.827716544123851e-09,1.8438554265839389e-10,True,2.201356584892583e-06,-2.6014639198843985e-09,2.201621663653136e-06,7.804311644532236e-09,7.922095577499912e-10,2.201352007938767e-06,2.2016937809044227e-06,7.804454785174622e-09,7.923526983923766e-10,5.157094916961753e-07,5.145919087580387e-07,6.827849891287802e-09,1.8425219549444268e-10,
blend_p010,0,600000,0.002,177,1.0,development,128,k4_none,1000,0,0.7500463469025307,0.0013763403824172753,-7.613308748108116e-09,9.19971425149071e-05,3.234474086698875e-08,3.995804961509687e-08,-9.60690540477883e-09,1.9935966566361388e-09,1.8233740602914996,250.0,False,0.0038927051038340466,-9.378147105815917e-09,0.0002549863147736947,9.378147105815917e-09,,True,4.218911290962693e-08,-7.624734579544298e-09,1.6578701622325055e-07,-9.310810467971142e-09,6.733663784477494e-11,True,4.419229192054624e-06,-9.618518414563766e-09,4.41457599784598e-06,-1.1305691911736348e-08,1.9275448059204307e-09,True,1.7852754191649844e-05,4.207328313082305e-10,1.7870259525394634e-05,-1.262253814714676e-09,8.115893291101241e-09,1.785281650936589e-05,1.7870537982543615e-05,-1.2626657140312042e-09,8.115481391784713e-09,4.419257773876892e-06,4.414325857332314e-06,-1.1306118754549782e-08,1.9279716487338653e-09,
blend_p030,0,600000,0.002,177,1.0,development,128,k4_none,1000,0,0.6898698842264929,0.0021829655587830856,4.775456554396171e-07,0.0009748234495221676,5.751460219749206e-07,9.760036653530352e-08,4.912217159814262e-07,-1.3676060541779653e-08,3.3944771257432085,250.0,False,0.0027989510396571543,-6.22086738005651e-07,0.002146246382941493,6.22086738005651e-07,,True,1.8589183301110324e-06,4.762709486572422e-07,2.770367685283838e-05,-6.188083788305556e-07,3.2783591750953586e-09,True,1.573256607632196e-05,4.906352408540416e-07,3.173981217313164e-05,-6.02728260647428e-07,1.9358477358222956e-08,True,0.00027235783704665175,2.4326443472791435e-07,0.0002762759204161084,-8.512192651634886e-07,2.291325271578376e-07,0.0002764977572655064,0.00028352309360895597,-8.260958730874101e-07,2.0400913508175908e-07,7.652849175445943e-05,8.325636204793292e-05,-5.834991937016113e-07,3.8587544304039685e-08,
exp_right,22,600000,0.002,177,2.6119867843594364,development,128,k4_none,1000,0,0.00014953878636229232,0.0016852517796328037,1.1372256756147586e-08,6.193692635991941e-05,2.2643470710554275e-08,1.1271213954406689e-08,1.1561064132575773e-08,-1.8880737641157325e-10,3.2443688517474585,250.0,False,0.003925919471321021,-3.279524139358307e-08,0.00019855159804712727,3.279524139358307e-08,,True,3.141576321661268e-08,1.136518666222778e-08,1.9175498458614715e-07,-3.2770280461917604e-08,2.496093166546415e-11,True,2.042815411179282e-06,1.1585942969749177e-08,2.0629504418066923e-06,-3.2547182502517594e-08,2.4805889106547386e-10,True,1.592295270816564e-05,9.348960947296648e-09,1.5876301172033285e-05,-3.478301389086246e-08,1.9877724972793893e-09,2.085665667036036e-05,2.0743872836772007e-05,-3.313028145718244e-08,3.3504006359937177e-10,1.0156918471804094e-05,1.0063181203363897e-05,-3.119338920156224e-08,1.6018521920208298e-09,exponential
exp_left,22,600000,0.002,177,13.649519383995864,development,128,k4_none,1000,0,0.0005802031749192467,0.001855520139314264,-1.977272004469254e-08,5.712488552203118e-05,1.1778350744185656e-08,3.155107078887819e-08,-2.0546756776014933e-08,7.740367311719295e-10,4.651867753203014,250.0,False,0.006294715282816993,2.470301949814676e-08,0.0002580524593592782,2.470301949814676e-08,,True,1.0497426574426274e-07,-1.9777897020523615e-08,7.984047332877114e-07,2.4717783530329797e-08,1.476403218303802e-11,True,3.815518720753962e-06,-2.0489913273698026e-08,4.03727749227106e-06,2.399542662104924e-08,7.075928770975192e-10,True,3.1785072295182036e-05,-1.4113531678299876e-08,3.15801399907159e-05,3.036810632634687e-08,5.665086828200112e-09,4.7106760515865635e-05,4.671461137867755e-05,3.331126626090871e-08,8.608246762761953e-09,2.9228845344388635e-05,2.883251442734715e-05,2.633177433193186e-08,1.6287548337851024e-09,exponential
gauss_left,22,600000,0.002,177,0.3713011646461742,development,128,k4_none,1000,0,0.006142595041687333,0.003467499552432548,2.223459670945571e-07,0.0013075134180672119,3.9711129064674254e-07,1.7476532355218543e-07,2.2232911379026794e-07,1.6853304126816126e-11,5.64284961988451,250.0,False,0.01934969593954916,-7.109284099923217e-07,0.004145009560038483,7.109284099923217e-07,,True,2.818084487162172e-06,2.2058150717160932e-07,2.80132526418653e-06,-7.109596153165845e-07,3.120532426275222e-11,True,2.0076848490661116e-06,2.2073475275369804e-07,3.5015481167624215e-06,-7.105650338870226e-07,3.633761052991676e-10,True,0.00012579918001413015,1.974149039345937e-07,0.00012451752060133584,-7.341053541740097e-07,2.317694418168799e-08,9.291766247877102e-05,7.859360760289504e-05,-7.01692182489909e-07,9.23622750241269e-09,0.0001240834169849519,0.00010973274079363702,-6.87785425774048e-07,2.3142984218273726e-08,gaussian
gauss_right,22,600000,0.002,177,0.23748502306292393,development,128,k4_none,1000,0,0.03763316510041409,0.004250219182181409,4.996513432357978e-07,0.003242854594769282,6.000141921988165e-07,1.0036284896301873e-07,5.005967834686734e-07,-9.454402343637104e-10,8.805705694946173,250.0,False,0.002326708624987349,-1.3562562129386876e-06,0.009474446279921512,1.3562562129386876e-06,,True,8.763237130628803e-06,4.988213696382418e-07,2.0366956145274224e-05,-1.35896863962287e-06,2.7124266841823546e-09,True,9.532854628835179e-06,5.000764574083184e-07,1.855851442115645e-05,-1.357039084460428e-06,7.828715217403958e-10,True,2.4728942885929576e-05,4.865732344964483e-07,3.732277830787309e-05,-1.3714444429380926e-06,1.518822999940491e-08,0.0002746585644234237,0.0002840726008730193,-1.3970411336296531e-06,4.0784920690965464e-08,0.0002818988344977969,0.0002914292665625026,-1.3851855778068886e-06,2.8929364868200993e-08,gaussian
bump_left,22,600000,0.002,177,0.44348186274361356,development,128,k4_none,1000,0,0.02304611509412502,0.0031842834500686737,8.29068985443641e-08,0.0009785144572138197,3.3431996466006373e-07,2.514130661156996e-07,8.29524757460009e-08,-4.557720249026955e-11,4.925295829482736,250.0,False,0.012113244667084333,-2.7297914545263945e-07,0.00317734128449946,2.7297914545263945e-07,,True,2.4856833139517085e-06,8.09834864538044e-08,3.863196177946553e-06,-2.7315888841776425e-07,1.7974296512480782e-10,True,2.6113027007089835e-06,8.120048199316843e-08,5.999435885542004e-06,-2.7294420150710846e-07,3.494394553098583e-11,True,9.667054728832117e-05,7.773029403184624e-08,9.484231595133295e-05,-2.76410362955095e-07,3.431217502455543e-09,0.00011390076141167862,0.00011158922871090826,-2.663533593439463e-07,6.6257861086931344e-09,7.39477764869762e-05,7.137459246678829e-05,-2.665722395800754e-07,6.406905872564067e-09,compact_bump
bump_right,22,600000,0.002,177,0.32889495195335533,development,128,k4_none,1000,0,0.021055709465640286,0.0036181914537716056,5.0957868710172206e-08,0.0004415204086856167,9.220011365622201e-08,4.124224494604982e-08,5.1313240030561486e-08,-3.553713185963468e-10,7.291929065030309,250.0,False,0.01180814410826345,-1.1835843272692288e-07,0.0012987543791599626,1.1835843272692288e-07,,True,1.7389494986248848e-07,5.0939717128930965e-08,1.804287921103995e-06,-1.1853813698117758e-07,1.797042542547042e-10,True,1.0374014810644122e-06,5.1412580032173174e-08,1.699841379199167e-06,-1.1795610569613808e-07,4.0232703078480456e-10,True,1.0829255079645653e-05,4.549841310061714e-08,1.0902572581700201e-05,-1.2399186352937812e-07,5.633430802455237e-09,2.0029455464563045e-05,2.1651213048540954e-05,-1.276815503298249e-07,9.323117602902009e-09,1.589610076320475e-05,1.8367670163978828e-05,-1.2238306287431173e-07,4.024630147388847e-09,compact_bump
step_left,22,600000,0.002,177,0.9128852702404965,development,128,k4_none,1000,0,0.0011483389406692123,0.0021545280726390365,2.2462550709639084e-08,0.0004804526024169948,5.898672266418563e-08,3.652417195454654e-08,2.2550579399238715e-08,-8.802868880625426e-11,2.2118151162839523,250.0,False,0.01799815308732905,-6.663864210643051e-08,0.0014438367848502473,6.663864210643051e-08,,True,3.9848264666230197e-07,2.2413710304817857e-08,4.797840106040696e-07,-6.651374408243705e-08,1.2489802399346227e-10,True,5.408231846834068e-07,2.2504272064618246e-08,8.480603183623463e-07,-6.641194712129794e-08,2.2669498513257135e-10,True,4.381489128208917e-06,2.3439918858783607e-08,4.835094944048972e-06,-6.544820552354079e-08,1.1904365828897256e-09,1.6056493480767569e-06,1.5975028424285268e-06,-6.682900820322651e-08,1.9036609679599493e-10,4.183960440236397e-06,4.39619990597519e-06,-6.75996554990751e-08,9.61013392644583e-10,tanh_step
step_right,22,600000,0.002,177,0.9636241118102141,development,128,k4_none,1000,0,0.0072266049012687,0.0022918330214892375,1.203307129717242e-07,0.0009383071359691485,1.7022423802716365e-07,4.989352505543945e-08,1.2028560447572432e-07,4.510849553654359e-11,2.476100321218677,250.0,False,0.004634178064108298,-3.620751652755474e-07,0.002817855037041092,3.620751652755474e-07,,True,2.0626707388832636e-06,1.2002073648284124e-07,1.312187656282625e-06,-3.618847757158556e-07,1.9038955969177545e-10,True,4.304173021984569e-06,1.199270850353929e-07,4.400076511204443e-06,-3.619684381016022e-07,1.0672717394520827e-10,True,3.5792362897184375e-05,1.2058922476470499e-07,3.469378877915665e-05,-3.613168328676261e-07,7.583324079212728e-10,2.9622466687565446e-05,2.9916318998013015e-05,-3.6217474478769265e-07,9.957951214525225e-11,8.196112807273286e-06,7.735898034444421e-06,-3.625837761960818e-07,5.08610920534426e-10,tanh_step
kink_abs,22,600000,0.002,177,0.6214766720163144,development,128,k4_none,1000,0,0.003813631319079613,0.002133627375801592,-6.222892467670166e-09,0.0002568527247258109,5.627967490365546e-08,6.250256737132563e-08,-6.9623315404398216e-09,7.394390728074694e-10,3.9535786724876383,250.0,False,0.001967480243672929,-6.138103126377533e-09,0.0007906601375528365,6.138103126377533e-09,,True,3.671064373775384e-07,-6.263183116924076e-09,2.3278180928252057e-06,-5.541814372126483e-09,5.962887542510502e-10,True,1.256397534223552e-06,-6.9798161346282185e-09,3.021964443828632e-06,-6.084591026164835e-09,5.3512100212697916e-11,True,1.7479094815287193e-05,-4.597555646510801e-09,1.5651693903287582e-05,-3.806239951266779e-09,2.331863175110754e-09,1.3156611400706632e-05,1.2707539153604765e-05,-7.721462416881578e-11,6.0608885022087175e-09,1.8442267276833973e-05,1.872294927179526e-05,-3.4007206098498326e-09,2.7373825165277005e-09,kink
kink_relu,22,600000,0.002,177,0.2041432706959443,development,128,k4_none,1000,0,0.003526617633512533,0.0018141475635567999,2.1207598702066188e-08,0.00022842662057580746,5.628806690321663e-08,3.508046820115044e-08,2.1185031145980733e-08,2.256755637715291e-11,2.8900283783830862,250.0,False,0.015366252532533623,-6.142988627382636e-08,0.0006384566458880253,6.142988627382636e-08,,True,2.0087097363374887e-07,2.1173524142748327e-08,6.976469117340767e-07,-6.130382892060403e-08,1.260573532223266e-10,True,5.446953145329715e-07,2.112959018292128e-08,5.2746074798137e-07,-6.134104781373627e-08,8.88384600900887e-11,True,1.4523523953808284e-05,2.2381332442481284e-08,1.5105251352096844e-05,-6.008415740170026e-08,1.3457288721260967e-09,1.4997793910818455e-05,1.6035825416215295e-05,-6.200154116976051e-08,5.716548959341468e-10,1.1948738142216319e-05,1.2912075425993724e-05,-6.291021698728979e-08,1.4803307134634251e-09,kink
sine,0,600000,0.002,177,1.0,development,128,k4_none,10000,0,0.6685854967714577,0.0017550819862151169,5.933614900944971e-05,0.19434604345397888,6.325073117940804e-05,3.914582169958328e-06,5.934738771145325e-05,-1.1238702003234192e-08,3.3846039613132546,2500.0,False,0.0010333943040270466,-0.00014351771946415374,0.47250700401805024,0.00014351771946415374,,True,0.07753772436395148,3.985662253223651e-05,0.10660786302970526,-0.0001041592383471282,3.9358481117025544e-05,True,0.07752939617905934,3.983340537825226e-05,0.10680983376928595,-0.00010370435971614506,3.981335974800868e-05,True,0.07900693319313606,3.259498619151872e-05,0.10381362980160051,-0.00010954201609953412,3.3975703364619626e-05,0.06276734720541728,0.0772961635684462,-0.00011740717992615092,2.6110539538002823e-05,0.06321272069580008,0.07936234864997489,-0.00011208619616155663,3.1431523302597115e-05,
runge,0,600000,0.002,177,1.0,development,128,k4_none,10000,0,0.04416457089990203,0.001963519471296719,1.8189551565480841e-06,0.014660110700599489,3.6004339887715783e-06,1.7814788322234946e-06,1.8187139574164348e-06,2.400363433968685e-10,2.688221377860511,2500.0,False,0.007131790146416769,-5.391296175928988e-06,0.04408447897867418,5.391296175928988e-06,,True,0.0004079269666382995,1.697133954930306e-06,0.0003123319156702454,-5.396030730618272e-06,4.734554689283985e-09,True,0.0004069976077838334,1.6971639944185538e-06,0.00032284230798680565,-5.394237369369227e-06,2.941193440238848e-09,True,0.0011523956723597764,1.6447858367232986e-06,0.0010201085044131536,-5.448068324139334e-06,5.6772148210345605e-08,0.001983820457089341,0.0016907340996239755,-5.501252413618001e-06,1.099562376890132e-07,0.0018201201331340467,0.0013845745030852785,-5.473967117649068e-06,8.267094172008008e-08,
moment3,0,600000,0.002,177,1.0,development,128,k4_none,10000,0,0.006149468330812564,0.0037916200598183485,1.162153862421188e-06,0.0020868630812825354,1.3726074094221298e-06,2.1045354700094173e-07,1.1611421380886466e-06,1.011724326730409e-09,9.759236207382026,2500.0,False,0.0008081877959642382,-3.0415844031365473e-06,0.005172945625445098,3.0415844031365473e-06,,True,9.285629876337669e-05,1.1440116142062955e-06,6.53705237352028e-05,-3.0594639227292724e-06,1.787951959272507e-08,True,9.28753313217009e-05,1.1428053683548876e-06,6.484937679718055e-05,-3.0544628038569737e-06,1.2878400720426416e-08,True,0.001118093887573483,-1.6336940580137068e-08,0.0011217151240607698,-4.220575717418586e-06,1.1789913142820384e-06,0.0026371196581435716,0.0011319295039727568,-3.5179112637525834e-06,4.763268606160361e-07,0.002437006354378142,0.0007593728581954728,-2.5731596783087713e-06,4.68424724827776e-07,
moment5,0,600000,0.002,177,1.0,development,128,k4_none,10000,0,0.7499971614549069,0.0014083558041349867,1.3474086920572427e-08,5.5291240060885493e-05,2.5464458341003493e-08,1.1990371420431066e-08,1.353957317481089e-08,-6.548625474958047e-11,1.7887105314540654,2500.0,False,7.395570796277332e-06,-2.6699515107385565e-08,0.00015627753779478103,2.6699515107385565e-08,,True,1.3743454651930967e-08,1.3469010237432262e-08,1.1217740359117485e-07,-2.6665367024483063e-08,3.4148082902502384e-11,True,1.8407360852390326e-07,1.3534497941022716e-08,2.2891921869565666e-07,-2.6600122584062823e-08,9.939252332274198e-11,True,9.779189351183202e-06,1.0034089655759965e-08,9.764798381374195e-06,-3.0101049050653826e-08,3.401533943268261e-09,9.779755872982412e-06,9.767632404553073e-06,-3.0095969120317126e-08,3.3964540129315612e-09,1.8603680932039679e-07,2.552306747499234e-07,-2.6594578517542916e-08,1.0493658984264849e-10,
moment9,0,600000,0.002,177,1.0,development,128,k4_none,10000,0,0.7500008923427633,0.0014050291877688833,-5.017920595998696e-09,2.8634400150344216e-05,8.68992210588063e-09,1.3707842701879325e-08,-5.034488564810087e-09,1.6567968563889764e-11,1.7895137302874038,2500.0,False,7.546080744280184e-06,1.1602468716175944e-08,8.47349296830041e-05,1.1602468716175944e-08,,True,3.6454443770241444e-09,-5.019354821226215e-09,1.1141748322261553e-08,1.1607052886129238e-08,4.5841699532934166e-12,True,4.748620113858172e-08,-5.03591540980563e-09,4.77603484376874e-08,1.1590532694474464e-08,1.193602170148024e-11,True,2.434672418056262e-06,-4.157286074472346e-09,2.435157453556966e-06,1.2469004037898878e-08,8.665353217229337e-10,2.4342734031157414e-06,2.4400127000845066e-06,1.247851977854297e-08,8.760510623670247e-10,5.619749492307882e-08,1.342718972390787e-07,1.1599992921470097e-08,2.4757947058472943e-12,
mixed_sine,0,600000,0.002,177,0.8100925873009825,development,128,k4_none,10000,0,0.32192636327438906,0.0027788408105573477,7.050494910793837e-06,0.030867684565762995,7.878205198616953e-06,8.277102878231161e-07,7.066762767650713e-06,-1.6267856858918392e-08,3.420656572166485,2500.0,False,0.0005273313301697188,-1.0038070859930922e-05,0.08720299144104683,1.0038070859930922e-05,,True,0.0004524652308425382,6.980087387162237e-06,0.0014116969954813307,-9.566824219786241e-06,4.712466401446813e-07,True,0.0004497069394836571,7.003873623422314e-06,0.0014285182065479187,-9.538385634789163e-06,4.996852251417592e-07,True,0.0021453420533496114,5.27416768317085e-06,0.0018200748882318972,-1.1269629073789525e-05,1.2315582138586027e-06,0.0033050577605291845,0.004305200817503881,-1.2810639403799497e-05,2.772568543868575e-06,0.0018262507037635181,0.003481982227659137,-1.1560288484559786e-05,1.5222176246288635e-06,
localized_sine,0,600000,0.002,177,0.4822374526221915,development,128,k4_none,10000,0,0.19068064928855094,0.0032842486375354815,3.082606796784385e-06,0.020720199476914294,5.674964248407704e-06,2.5923574516233183e-06,3.079999315967997e-06,2.5963126360924706e-09,6.825299563773073,2500.0,False,0.00438639075682486,-1.1835680703273914e-05,0.05853289811547977,1.1835680703273914e-05,,True,0.0007417512891130867,2.809709258533368e-06,0.0014264107317642713,-1.180705052962111e-05,2.863017365280332e-08,True,0.0007414957627410949,2.804178589902402e-06,0.0014289582315685986,-1.180034190855838e-05,3.533879471553385e-08,True,0.0022119436800122744,2.144345617130931e-06,0.0020119563731427624,-1.2473765462410707e-05,6.380847591367935e-07,0.00569133488202659,0.0039444345088766875,-1.1708448541147738e-05,1.2723216212617553e-07,0.0055005066172922916,0.0037762795758846317,-1.1442626901510592e-05,3.9305380176332165e-07,
chirp,0,600000,0.002,177,0.7001068817853702,development,128,k4_none,10000,0,0.7200800128233608,0.0021833901846156985,1.0040117915544413e-05,0.055047829013851524,1.2603656823504573e-05,2.5635389079601575e-06,1.0051696667591887e-05,-1.1578752052523907e-08,5.459514763351727,2500.0,False,0.0056507190884150515,-1.9700459980937492e-05,0.16536461964732532,1.9700459980937492e-05,,True,0.004493078259661007,9.256263773945888e-06,0.003447783939868395,-1.9328352726723828e-05,3.7210725421366454e-07,True,0.004500343814250065,9.285929944358395e-06,0.003453777785971493,-1.9265337512264227e-05,4.351224686732659e-07,True,0.006030474238274096,7.4026821412692555e-06,0.005125460977720168,-2.1150380856957143e-05,1.4499208760196505e-06,0.006704764655303074,0.006544229374034243,-2.2529796016568623e-05,2.8293360356311307e-06,0.006232900667804171,0.005147569541249318,-2.164984992345624e-05,1.9493899425187463e-06,
moment4,0,600000,0.002,177,1.0,development,128,k4_none,10000,0,0.7499833976101311,0.001415680381976428,6.147707708190336e-08,0.00037149270866048724,1.1197690749360673e-07,5.049983041170337e-08,6.153807701435577e-08,-6.099993258635051e-11,1.7925367810327315,2500.0,False,6.1269522219122004e-06,-1.7187582590626059e-07,0.0011163120623226908,1.7187582590626059e-07,,True,1.121266405689917e-06,6.123378867847288e-08,7.827297553502359e-06,-1.7046816832389824e-07,1.407657582362344e-09,True,1.1157525810205952e-06,6.129546329678979e-08,7.837632131137731e-06,-1.7040778216437524e-07,1.4680437418853418e-09,True,9.528142464578802e-06,5.795233018005229e-08,1.195230003668325e-05,-1.7377784299870565e-07,1.902017092445065e-09,9.509019734343564e-06,1.151644982286701e-05,-1.739487185207344e-07,2.072892614473805e-09,9.913462383857328e-07,7.133665309919189e-06,-1.705778268552366e-07,1.29799905102398e-09,
blend_m010,0,600000,0.002,177,1.0,development,128,k4_none,10000,0,0.7495978798762057,0.0015128113423015586,7.984149374261463e-07,0.0025025856230182,1.078018911648154e-06,2.796039742220078e-07,7.990473815648671e-07,-6.324441392651759e-10,1.8038196575533794,2500.0,False,8.871485009998782e-05,-2.21928220267079e-06,0.007291290745983326,2.21928220267079e-06,,True,3.728702957741128e-05,7.905942858130614e-07,0.00010565939749931975,-2.1996988563103715e-06,1.958334636041859e-08,True,3.6656677235713455e-05,7.912420838176266e-07,0.00010566874546587285,-2.1990588644540373e-06,2.0223338216752757e-08,True,0.0002946377394340732,7.478086203970607e-07,0.00030829998944585234,-2.2429469001829676e-06,2.3664697512177563e-08,0.0002944475092521718,0.00030738591227022597,-2.2441037656863523e-06,2.4821563015562257e-08,3.561059686117066e-05,0.0001019856543121214,-2.2001437810111404e-06,1.913842165964966e-08,
blend_p001,0,600000,0.002,177,1.0,development,128,k4_none,10000,0,0.7500129527969159,0.0013994469663096236,-3.557894862140812e-08,0.0001174838034208346,2.653942060628037e-08,6.21183692276885e-08,-3.57654015992688e-08,1.8645297787086086e-10,1.7914378375671813,2500.0,False,8.181129716294028e-06,6.838055529818762e-08,0.00031856603266350585,6.838055529818762e-08,,True,4.214513046467553e-08,-3.559430623650274e-08,2.403195346508765e-07,6.845085340245385e-08,7.029810426623102e-11,True,5.295652190685319e-07,-3.5780644234992596e-08,5.486460868879876e-07,6.826515989493221e-08,1.1539540325540737e-10,True,2.6641048906905775e-05,-2.601274785939286e-08,2.6668459733983893e-05,7.803022858947118e-08,9.649673291283555e-09,2.664061469814457e-05,2.667630259860925e-05,7.804454785180134e-08,9.663992553613717e-09,5.331651212104655e-07,5.766746124238502e-07,6.82784989129075e-08,1.0205638528012377e-10,
blend_p010,0,600000,0.002,177,1.0,development,128,k4_none,10000,0,0.7500455912294837,0.0013762552517225504,-9.274400347290036e-08,0.0009391204427223451,3.182800772315567e-07,4.110240807044571e-07,-9.474704109207814e-08,2.0030376185919507e-09,1.8252296374268109,2500.0,False,2.55979692991925e-05,-1.1774602007985045e-07,0.0025475052598960975,1.1774602007985045e-07,,True,4.602759101781938e-06,-9.419024535154734e-08,1.6321778819342915e-05,-1.1101489933349953e-07,6.731120746350926e-09,True,6.224766533305011e-06,-9.619785762206363e-08,1.6424216608548525e-05,-1.1301850021283414e-07,4.727519867016311e-09,True,0.00021855960199615324,4.193307289513885e-09,0.0002207939715611245,-1.2585466199414172e-08,1.0516055388043628e-07,0.00021856512797700493,0.00022081126928004855,-1.2626657140297838e-08,1.0511936293955262e-07,6.188891962171401e-06,1.6267953448266707e-05,-1.130611875455701e-07,4.684832534280356e-09,
blend_p030,0,600000,0.002,177,1.0,development,128,k4_none,10000,0,0.6894226141623272,0.002185719359641412,3.231346513766389e-06,0.013031047884860059,4.5324316975347074e-06,1.301085183768318e-06,3.227991018524522e-06,3.3509641163496788e-09,3.521511536941785,2500.0,False,0.0026803353257168444,-7.747438530595963e-06,0.018424477809372525,7.747438530595963e-06,,True,0.00014263070623671728,3.14460628180044e-06,0.0023280740431158944,-7.45366109429504e-06,2.937774363009232e-07,True,0.00014500027827245117,3.1426352595306842e-06,0.002331955953406833,-7.441269123727158e-06,3.0616940686880583e-07,True,0.003248758505979383,2.5806347710832094e-07,0.003563971319418223,-1.033788228595497e-05,2.590443755359006e-06,0.006167027598349262,0.00706032995187186,-8.400596665522528e-06,6.531581349265642e-07,0.005609961313714537,0.006362109448408578,-5.947467252375451e-06,1.7999712782205122e-06,
exp_right,22,600000,0.002,177,2.6119867843594364,development,128,k4_none,10000,0,0.0001470700078657336,0.0016852904107282434,5.000335219603077e-08,0.0007455017119312429,1.7800317796917014e-07,1.2799982577313934e-07,5.001249761751546e-08,-9.14542073510568e-12,3.2517687803608357,2500.0,False,0.0033952337322798913,-3.9107069779222484e-07,0.002214884039703511,3.9107069779222484e-07,,True,3.454376677370501e-06,4.940440962067562e-08,9.936519759838812e-06,-3.8963345113625346e-07,1.4372466559713853e-09,True,3.366140971834985e-06,4.9443811728326016e-08,1.0130881446533708e-05,-3.8958063786202025e-07,1.4900599302045924e-09,True,0.00020097458835314718,1.2604009821227158e-08,0.0001928374974949869,-4.264013808548475e-07,3.5330683062622657e-08,0.000649222164675722,0.0006375971011246157,-3.3130281457163035e-07,5.976788322059449e-08,0.0005887953160665437,0.0005783089423879795,-3.1193389201558736e-07,7.913680577663748e-08,exponential
exp_left,22,600000,0.002,177,13.649519383995864,development,128,k4_none,10000,0,0.0005727531821764606,0.0018552635252163429,-2.763868179656635e-07,0.000796570677512701,7.360480779977153e-08,3.49991625765435e-07,-2.766814475190674e-07,2.946295518865662e-10,4.666678945904056,2500.0,False,0.0007957506817392215,1.7362952260031135e-07,0.0033331688551314544,1.7362952260031135e-07,,True,1.5199052392719967e-05,-2.773429588902161e-07,6.158126039455873e-05,1.7308235946231934e-07,5.471631379920107e-10,True,1.507560393036654e-05,-2.7757376383505146e-07,6.170768684605059e-05,1.728752927083785e-07,7.542298919328584e-10,True,0.00043318761795258155,-2.3170467560110612e-07,0.00042659622430868855,2.18707212674131e-07,4.507769007381965e-08,0.0012723882243223426,0.0012298055439801416,3.3311266260919035e-07,1.59483140008879e-07,0.0011637729164391008,0.0011230248908833077,2.633177433194662e-07,8.968822071915483e-08,exponential
gauss_left,22,600000,0.002,177,0.3713011646461742,development,128,k4_none,10000,0,0.005552728149014631,0.003469098575990774,1.8213695253206197e-06,0.011832743954982886,3.296580185361147e-06,1.475210660040527e-06,1.820631956406822e-06,7.375689102719492e-10,5.707256879649776,2500.0,False,0.005057146358396983,-7.426876956730481e-06,0.04146878743158133,7.426876956730481e-06,,True,0.00023318507420887614,1.7105191715254632e-06,0.00024382629370137766,-7.345213295585615e-06,8.166366114486614e-08,True,0.00023951709137568284,1.7082354779587884e-06,0.0002493770467309946,-7.3429908304245395e-06,8.388612630594155e-08,True,0.0019043198391498041,1.3299059367620308e-06,0.0016626396456163386,-7.725256419219105e-06,2.9837946248862346e-07,0.0032574179518288595,0.002097226752973506,-7.173272335329259e-06,2.5360462140122185e-07,0.003444078793554323,0.0021583974454961407,-7.033660314155017e-06,3.9321664257546393e-07,gaussian
gauss_right,22,600000,0.002,177,0.23748502306292393,development,128,k4_none,10000,0,0.035743220839587204,0.004254708375057545,4.988844219372061e-06,0.032738421167444964,5.9918168774507936e-06,1.0029726580787318e-06,4.988816126626748e-06,2.809274258078936e-11,9.058660064154465,2500.0,False,0.0024584161043328958,-1.302703300816788e-05,0.09242072608820341,1.302703300816788e-05,,True,0.0008232235562921861,4.903353383274462e-06,0.0008036118847299449,-1.2909485073666863e-05,1.175479345010172e-07,True,0.0008229561756844862,4.90354074772923e-06,0.0008047123649795617,-1.2895309235701896e-05,1.3172377246598437e-07,True,0.0008300830684575101,4.692857105828999e-06,0.0008126004840149026,-1.3116979800144802e-05,8.994679197692184e-08,0.004941211943946541,0.006105158364990708,-1.403297015208127e-05,1.0059371439133892e-06,0.0050215525843542875,0.006172566478828421,-1.3914194596277015e-05,8.871615881091348e-07,gaussian
bump_left,22,600000,0.002,177,0.44348186274361356,development,128,k4_none,10000,0,0.02249398274599201,0.0031848971769596795,6.966337895503783e-07,0.008067225847023466,2.827844039691638e-06,2.13121025014126e-06,6.966683585631159e-07,-3.456901572950822e-11,4.956695242705622,2500.0,False,0.003143553887031665,-2.9300646548492196e-06,0.0334864483342404,2.9300646548492196e-06,,True,0.00028754516187602306,5.499265375798759e-07,0.00047238187568552774,-2.8835659444700236e-06,4.649871037919598e-08,True,0.00028950246196565726,5.49670951009044e-07,0.0004727547701214466,-2.8836341467548328e-06,4.64305080943868e-08,True,0.0015456459594747791,4.3066075543046824e-07,0.0010791637037917458,-3.002723821332127e-06,7.265916648290752e-08,0.003116711217189897,0.002799126788602687,-2.66353359343917e-06,2.6653106141004974e-07,0.0029132136928787687,0.0025982919711069912,-2.6657223958005535e-06,2.643422590486661e-07,compact_bump
bump_right,22,600000,0.002,177,0.32889495195335533,development,128,k4_none,10000,0,0.021033015516441076,0.003618623536833379,4.830409304833803e-07,0.00429066482547998,8.926492623493014e-07,4.096083318659209e-07,4.832140069995196e-07,-1.7307650704237353e-10,7.306570723789241,2500.0,False,0.003686954291416814,-1.1300263655798697e-06,0.012673265194586733,1.1300263655798697e-06,,True,1.6136678753279648e-05,4.808807788352418e-07,0.00013701654247130196,-1.1244124222853713e-06,5.613943294498392e-09,True,1.6332094427410405e-05,4.812612181830364e-07,0.00013625106198483954,-1.122405322593637e-06,7.62104298623268e-09,True,0.00018153790339772065,3.9553719673560153e-07,0.00022529336834005307,-1.2095331458557634e-06,7.950678027589374e-08,0.00038841145997991914,0.0005142648414028194,-1.2768155032977173e-06,1.467891377178476e-07,0.0003606608124501697,0.0005112384729815999,-1.2238306287438376e-06,9.380426316396796e-08,compact_bump
step_left,22,600000,0.002,177,0.9128852702404965,development,128,k4_none,10000,0,0.001123766293746972,0.0021547498527322664,2.4424264393934776e-07,0.0047168813771291335,5.763189661278945e-07,3.320763221885467e-07,2.4445318391326155e-07,-2.1053997199409405e-10,2.2138499618946708,2500.0,False,0.0006708762318610046,-6.461895595233959e-07,0.014296614365512652,6.461895595233959e-07,,True,3.9343268844064435e-05,2.391367863255482e-07,5.293601911272716e-05,-6.341919792097676e-07,1.1997580313628306e-08,True,3.9229219868214726e-05,2.3946359785711134e-07,5.403731475845366e-05,-6.337698824113915e-07,1.2419677112004432e-08,True,6.842202238955975e-05,2.530936143956631e-07,9.947577737095021e-05,-6.198006408419986e-07,2.6388918681397354e-08,0.00015353311675427045,0.00018584576309858537,-6.682900820323072e-07,2.210052250891122e-08,0.00017510732805259068,0.00020692854554141946,-6.759965549907495e-07,2.9806995467353584e-08,tanh_step
step_right,22,600000,0.002,177,0.9636241118102141,development,128,k4_none,10000,0,0.007119372117520985,0.0022928979970805925,1.185306304326494e-06,0.009154807406127946,1.6646538752860102e-06,4.793475709595162e-07,1.1852426090483905e-06,6.36952749113722e-11,2.507970053603567,2500.0,False,0.0033743824513950238,-3.5946131458878455e-06,0.02797994854416991,3.5946131458878455e-06,,True,0.00018945307659593697,1.156557818873875e-06,0.00013876410625298331,-3.574971382444513e-06,1.964176344333257e-08,True,0.00018884550316079576,1.1563722961737056e-06,0.00013881136649195603,-3.5749328535167535e-06,1.9680292371091992e-08,True,0.0005297178404050364,1.1669457799484702e-06,0.0004635678392831744,-3.5645437247680147e-06,3.0069421119830884e-08,0.0004703317819624499,0.00047640754224438994,-3.621747447877382e-06,2.7134301989536437e-08,0.00032617661491887696,0.0003072785016604603,-3.6258377619605143e-06,3.122461607266881e-08,tanh_step
kink_abs,22,600000,0.002,177,0.6214766720163144,development,128,k4_none,10000,0,0.0037838653056967487,0.0021334532650894573,-1.80333604602722e-07,0.0021782965817748507,4.4623158242715873e-07,6.265651870298808e-07,-1.809512586493136e-07,6.176540500793799e-10,3.9617847052680957,2500.0,False,0.000786539549721618,-1.6285994433764216e-07,0.008448183132922605,1.6285994433764216e-07,,True,4.3087613119799976e-05,-1.8477869840976874e-07,0.00018401181534068517,-1.1284561391026399e-07,5.001433042737817e-08,True,4.3276030446035725e-05,-1.855372983441011e-07,0.00018390820685723174,-1.1200784627282766e-07,5.0852098064814494e-08,True,0.0003764672913678983,-2.0021645935160538e-07,0.0002476107267850857,-1.278661675553276e-07,3.499377678231456e-08,0.0008326136148186827,0.0008363972978831789,-7.721462417984252e-10,1.6208779809584373e-07,0.0009087092128039745,0.000924622395037491,-3.400720609833451e-08,1.2885273823930764e-07,kink
kink_relu,22,600000,0.002,177,0.2041432706959443,development,128,k4_none,10000,0,0.0035191681892211913,0.001814368561543165,2.422055850674975e-07,0.0024418278620894408,5.595793990650009e-07,3.173738139975033e-07,2.4226525454823403e-07,-5.966948055281408e-11,2.8842333045124717,2500.0,False,0.0004089781646290804,-5.813590709075657e-07,0.006125962077091954,5.813590709075657e-07,,True,2.1293449228235632e-05,2.384367194269934e-07,3.4012076333827225e-05,-5.734888279116329e-07,7.870242995932771e-09,True,2.1446901599166068e-05,2.385546206642485e-07,3.577819718633069e-05,-5.733304225571386e-07,8.028648350427078e-09,True,0.00019137027644659883,2.5867843559501023e-07,0.00022551853157563853,-5.531209741769658e-07,2.823809673059982e-08,0.00033195964692232425,0.00044349407177563226,-6.200154116975551e-07,3.8656340789989475e-08,0.00035138272147440346,0.00044886870281179455,-6.291021698727426e-07,4.7743098965176935e-08,kink
sine,0,600000,0.002,177,1.0,development,128,k4_none,20000,0,0.578404793875819,0.0018219693109058743,0.00012622347370020706,0.4343073163824398,0.00013158744241512874,5.363968714921649e-06,0.0001260174897318983,2.059839683082023e-07,4.377179973443197,5000.0,True,0.00250812879372393,-0.0003058299808974238,0.981867599347724,0.0003058299808974238,3.5715704168867394e-05,True,0.22637752050513157,6.987111834593054e-05,0.3023388400942587,-0.00019268945408262226,0.00011314052681480154,True,0.22638740626023993,6.976634752077219e-05,0.3027164253248217,-0.00019185926066327306,0.00011397072023415074,True,0.23087474475331138,5.438105172320972e-05,0.2947364081271159,-0.00020438444507835975,0.00010144553581906406,0.17247584249084763,0.19345446371666225,-0.00023514448290010435,7.068549799731945e-05,0.1746095153748705,0.1977592849466091,-0.00022453687921044472,8.129310168697909e-05,
runge,0,600000,0.002,177,1.0,development,128,k4_none,20000,0,0.04129045266829904,0.0019653061154532754,3.605599313104746e-06,0.02879561136713874,6.731573609996792e-06,3.1259742968920466e-06,3.6049556621377162e-06,6.424881809658832e-10,2.768340634393987,5000.0,True,0.004026586561693875,-1.0744736007585577e-05,0.08687648914210476,1.0744736007585577e-05,1.0888718010854539e-08,True,0.001310835218900474,3.214351505800636e-06,0.0014785289276540582,-1.0732110852661128e-05,1.2625154924449295e-08,True,0.0013111755247642008,3.2138632132843254e-06,0.0014851619982481558,-1.0729054891447634e-05,1.5681116137942932e-08,True,0.0028583856524514993,3.085413633201454e-06,0.0028813203102019576,-1.0860763367949577e-05,1.160273603640001e-07,0.005761811992818572,0.004607349212844327,-1.1145943613733599e-05,4.012076061480219e-07,0.0056306656841100255,0.004144546709097587,-1.1091373021795928e-05,3.466370142103505e-07,
moment3,0,600000,0.002,177,1.0,development,128,k4_none,20000,0,0.005996738305971639,0.0037921920421330785,1.7341361771509155e-06,0.005587326155786568,2.3919047039611344e-06,6.577685268102187e-07,1.7315303568509567e-06,2.6058202920032907e-09,9.844331601089388,5000.0,True,0.0008794311572573385,-5.86242793058172e-06,0.009559012745541544,5.86242793058172e-06,-4.838765756576836e-07,True,0.0003285366302784739,1.6700904538321435e-06,0.00023348188892555226,-5.920459719882421e-06,5.8031789300701066e-08,True,0.00032917251412466534,1.6669053236829767e-06,0.0002327017240919057,-5.912504316765286e-06,5.0076386183566706e-08,True,0.0023296153378573707,-7.16482080323184e-07,0.0023186602488857186,-8.310042862280167e-06,2.4476149316984474e-06,0.007081215591404572,0.0016122973068289589,-7.035822527505198e-06,1.1733945969234785e-06,0.006779186788926928,0.0008157131373338995,-5.1463193566176e-06,7.161085739641195e-07,
moment5,0,600000,0.002,177,1.0,development,128,k4_none,20000,0,0.7499971588374075,0.0014083693572244432,2.702717637730321e-08,0.00011064397402807279,5.095169444878777e-08,2.3924518071484557e-08,2.7092659894406948e-08,-6.548351738565927e-11,1.7887244571967957,5000.0,True,7.394824914670014e-06,-5.3411273242939245e-08,0.0003125765215019497,5.3411273242939245e-08,6.951785735015821e-09,True,5.523256304438179e-08,2.700677617051748e-08,4.482621234753371e-07,-5.327627316489232e-08,1.350000780469269e-10,True,1.8335050200308244e-07,2.7072262371308585e-08,5.047937426295867e-07,-5.3211303191534326e-08,1.9997005140491964e-10,True,1.974908336658722e-05,2.007237386046265e-08,1.9693983715252542e-05,-6.021222786186563e-08,6.800954618926387e-09,1.975148830755648e-05,1.970795131827031e-05,-6.019193824064016e-08,6.78066499770091e-09,2.1134880057647113e-07,6.818369884051241e-07,-5.3189157035075496e-08,2.2211620786374892e-10,
moment9,0,600000,0.002,177,1.0,development,128,k4_none,20000,0,0.7500008909911184,0.0014050241606836068,-1.0045005872669579e-08,5.7221148155860166e-05,1.7353487137353668e-08,2.739849301002325e-08,-1.006157487853716e-08,1.6569005917739882e-11,1.7895051783148659,5000.0,True,7.545674277032013e-06,2.3160602617375783e-08,0.00016922317838216164,2.3160602617375783e-08,-1.7304048774679954e-09,True,1.4564021854678463e-08,-1.0050730007449756e-08,4.441572118462466e-08,2.3178656384578758e-08,1.8053767202974782e-11,True,5.105995892458615e-08,-1.006728411884479e-08,6.413090721752113e-08,2.316217835201042e-08,1.5757346346355992e-12,True,4.914776226770075e-06,-8.310136792037363e-09,4.916804191800302e-06,2.4919009873752045e-08,1.758407256376262e-09,4.913855163967011e-06,4.948870534549521e-06,2.4957039557074838e-08,1.7964369396990548e-09,1.2748566149607106e-07,5.070544047309696e-07,2.3199985842948426e-08,3.938322557264361e-11,
mixed_sine,0,600000,0.002,177,0.8100925873009825,development,128,k4_none,20000,0,0.3214623655665466,0.0027862824248671403,1.4492109220586818e-05,0.06159697661678782,1.6040980178727224e-05,1.5488709581404072e-06,1.4508177990035763e-05,-1.606876945167001e-08,3.4131433342775903,5000.0,True,0.0010224805518642835,-1.9975498874261536e-05,0.16978807133402893,1.9975498874261536e-05,5.950168273389213e-06,True,0.0017838810774745242,1.4206434043802005e-05,0.005483279473028488,-1.8599457750485224e-05,1.3760411237763119e-06,True,0.0017802580442251525,1.4230328964413665e-05,0.005494617615074745,-1.857535114741233e-05,1.4001477268492065e-06,True,0.004776338591314895,1.069268098671526e-05,0.005431097773001467,-2.211616989913861e-05,2.140671024877075e-06,0.007175134598733112,0.012816418222127828,-2.5878674638767077e-05,5.903175764505541e-06,0.004295103471129381,0.011854825280844153,-2.3378007673408423e-05,3.402508799146887e-06,
localized_sine,0,600000,0.002,177,0.4822374526221915,development,128,k4_none,20000,0,0.1894079918426478,0.003286106436999842,4.940406261145511e-06,0.04191380616991717,1.0017533342030089e-05,5.0771270808845786e-06,4.9357014081814404e-06,4.693684782490721e-09,7.008835455739753,5000.0,True,0.004339617871361222,-2.4258324361553222e-05,0.11358794101106406,2.4258324361553222e-05,-2.6780709363261626e-06,True,0.0021973911191751,4.187759871636779e-06,0.005185003147166357,-2.3980698235800827e-05,2.776261257523951e-07,True,0.002194622172058034,4.177433897954336e-06,0.005192068614160024,-2.3965891401331877e-05,2.9243296022134503e-07,True,0.00491559528124747,2.7287375835552194e-06,0.005291382204905199,-2.5445042850988892e-05,1.1867184894356702e-06,0.017531787640911484,0.011539980664782346,-2.403566267002576e-05,2.2266169152746314e-07,0.017172161162803748,0.011261779002416206,-2.3504019390751463e-05,7.543049708017588e-07,
chirp,0,600000,0.002,177,0.7001068817853702,development,128,k4_none,20000,0,0.7104452631099681,0.0021920751605849606,1.8725093884806557e-05,0.10440333774809887,2.293922570729967e-05,4.214131822493111e-06,1.872536321442743e-05,-2.6932962125474314e-10,6.089374008876917,5000.0,True,0.004957219181780224,-3.95879223467801e-05,0.3234841830265699,3.95879223467801e-05,3.7588665667944455e-06,True,0.015072374325676808,1.620902290855196e-05,0.01128308039263341,-3.702966728854228e-05,2.5582550582378205e-06,True,0.015069877816887232,1.621945140232335e-05,0.011360337660064517,-3.69231741409034e-05,2.664748205876704e-06,True,0.01765040698961351,1.2215720874179274e-05,0.011689087517909678,-4.093009368693405e-05,1.3421713401539468e-06,0.017534154218325926,0.017857943091246744,-4.5059592033137165e-05,5.471669686357064e-06,0.017928235947265524,0.015889663334428913,-4.3299699846912444e-05,3.711777500132343e-06,
moment4,0,600000,0.002,177,1.0,development,128,k4_none,20000,0,0.749983279719179,0.0014157423438862422,1.2343898689627034e-07,0.0007445299291675686,2.242622798952538e-07,1.0082329299898346e-07,1.234993945544626e-07,-6.04076579075296e-11,1.7928719007194152,5000.0,True,6.123811400078733e-06,-3.46129734048046e-07,0.0022438461542486844,3.46129734048046e-07,7.118510201158731e-09,True,4.49560889735373e-06,1.2246644439127626e-07,3.1549216639191347e-05,-3.4053432142422697e-07,5.5954126238190436e-09,True,4.479961550390707e-06,1.2252821655683092e-07,3.155697056293762e-05,-3.4047620464669106e-07,5.653529401354959e-09,True,1.9850014176624177e-05,1.1584360659689218e-07,3.612671877371708e-05,-3.472146659902686e-07,1.0849319422225634e-09,1.9723801482379258e-05,3.3729225071742204e-05,-3.478974370414676e-07,1.767702993421599e-09,3.980125542519054e-06,2.87438926154382e-05,-3.4115565371044886e-07,4.974080337597158e-09,
blend_m010,0,600000,0.002,177,1.0,development,128,k4_none,20000,0,0.7495894817193837,0.001513625744423795,1.612817059662266e-06,0.005070989740896236,2.171788778161517e-06,5.58971718499251e-07,1.6134337944245112e-06,-6.167347626886233e-10,1.8095053498054698,5000.0,True,9.010983099494966e-05,-4.4749661791253776e-06,0.014774197293742528,4.4749661791253776e-06,1.1039742210318406e-07,True,0.0001505540551474036,1.5812425545914145e-06,0.00043078838771200013,-4.396566380743287e-06,7.839979838209092e-08,True,0.00014975120888371355,1.5818898863093284e-06,0.00043066635473645783,-4.39595046848646e-06,7.901571063891783e-08,True,0.0006217713089086922,1.4951659691250771e-06,0.0007335869051944816,-4.483582710699832e-06,8.616531574454512e-09,0.0006206416936503486,0.0007259604714875196,-4.488207531372727e-06,1.3241352247349091e-08,0.00014556968394942638,0.00041602769451562916,-4.400287562022291e-06,7.46786171030866e-08,
blend_p001,0,600000,0.002,177,1.0,development,128,k4_none,20000,0,0.7500129418860513,0.0013994112387558538,-7.13065023914002e-08,0.00023512396830648526,5.301692434257609e-08,1.243234267339763e-07,-7.149305349324204e-08,1.8655110106795777e-10,1.791418588033808,5000.0,True,8.178306564882553e-06,1.3641294490995032e-07,0.0006366056892290338,1.3641294490995032e-07,-1.930178233061709e-08,True,1.697051278549514e-07,-7.136880811920937e-08,9.579147306426812e-07,1.3668879196871915e-07,2.7584705876883613e-10,True,5.810268953650046e-07,-7.155512984075978e-08,1.0495174722692255e-06,1.3650367332464724e-07,9.072841469691836e-11,True,5.377795111172205e-05,-5.202129830275194e-08,5.389148999209666e-05,1.5603184996023775e-07,1.961890505028743e-08,5.377632396447301e-05,5.39256160763531e-05,1.560890957036319e-07,1.9676150793681583e-08,6.106503515709981e-07,1.2932103792199768e-06,1.365569978258361e-07,1.4405291588577518e-10,
blend_p010,0,600000,0.002,177,1.0,development,128,k4_none,20000,0,0.750044744985271,0.0013761634676780225,-1.8452804800087275e-07,0.0018848946458776673,6.379571387920567e-07,8.224851867929295e-07,-1.865265741107169e-07,1.998526109254173e-09,1.827316874244549,5000.0,True,2.6278098748368072e-05,-2.510063205122513e-07,0.0051036250600723886,2.510063205122513e-07,-1.9498294459052435e-07,True,1.858795776644455e-05,-1.904156892614164e-07,6.555326604295463e-05,-2.2395345858241187e-07,2.7052861929839414e-08,True,1.8882537243665028e-05,-1.9242383504754313e-07,6.518956152904768e-05,-2.2595177436823983e-07,2.505454614401146e-08,True,0.0004423284857466355,8.355497291791404e-09,0.0004534077718560903,-2.508870251609348e-08,2.259176179961578e-07,0.00044234732983227927,0.00045343009654949073,-2.525331428060253e-08,2.2575300623164876e-07,1.8681752599792365e-05,6.457128543744881e-05,-2.2612237509110814e-07,2.4883945421143152e-08,
blend_p030,0,600000,0.002,177,1.0,development,128,k4_none,20000,0,0.6891209428210565,0.0021867817741765593,4.293761048914075e-06,0.030942181429001986,7.289203903757339e-06,2.9954428548432636e-06,4.282482294689462e-06,1.1274223097439086e-08,3.6112571678824077,5000.0,True,0.00236637108049064,-1.737338998264583e-05,0.03416530901077115,1.737338998264583e-05,-1.2182560929150093e-06,True,0.00043358848416239767,3.999502040633739e-06,0.00769728059814933,-1.6545121422783495e-05,8.282685598623365e-07,True,0.00044047196245612023,3.98597474166095e-06,0.007696585528563343,-1.653601353413298e-05,8.373764485128504e-07,True,0.007363641076462676,-2.3247635496733996e-06,0.008517501884363673,-2.2871803043154528e-05,5.498413060508697e-06,0.017967422198061047,0.02130643552351891,-1.680119333104504e-05,5.721966516007895e-07,0.017344886977536424,0.020255569625212865,-1.1894934504750885e-05,5.478455477894946e-06,
exp_right,22,600000,0.002,177,2.6119867843594364,development,128,k4_none,20000,0,0.00014465151466712273,0.0016852938312937034,5.342391765610964e-08,0.0016922044250540984,3.14353464247257e-07,2.6092954659114735e-07,5.3403272026342446e-08,2.0645632389957187e-11,3.2581045649476055,5000.0,True,0.0010313301397697993,-8.272200448933968e-07,0.0046131019339889345,8.272200448933968e-07,-1.6728459507057176e-07,True,1.467950112746461e-05,5.1182313914959026e-08,2.6497965760210058e-05,-8.234664949433487e-07,3.753549950048168e-09,True,1.4820399496038029e-05,5.1141789882872e-08,2.6324570746884308e-05,-8.234974328688637e-07,3.7226120245331794e-09,True,0.00044376071711859326,-3.3649391295334847e-08,0.00041618897882396964,-9.082464622184976e-07,8.102641732510073e-08,0.001619477077597372,0.0015752893542179266,-6.626056291432883e-07,1.6461441575010852e-07,0.0015093603820907865,0.0014689656625519803,-6.238677840312125e-07,2.0335226086218433e-07,exponential
exp_left,22,600000,0.002,177,13.649519383995864,development,128,k4_none,20000,0,0.0005649081244424141,0.0018549606265315585,-5.792855027499063e-07,0.0018415333590876188,1.37475321040851e-07,7.167608237907573e-07,-5.795791747579505e-07,2.9367200738710627e-10,4.681767132846445,5000.0,True,2.7837529364889646e-05,3.315846111308395e-07,0.0068872294890208845,3.315846111308395e-07,-3.5571497634551395e-07,True,6.196231006819519e-05,-5.832479340981408e-07,0.0002347112276235909,3.28600915571869e-07,2.9836955589704894e-09,True,6.188096804447284e-05,-5.834871769486524e-07,0.0002347262355898846,3.2843280562737745e-07,3.1518055034620452e-09,True,0.0009299257674939438,-4.975100532374779e-07,0.0009359017280485837,4.1433513547409167e-07,8.275052434325218e-08,0.002846154401094068,0.002681374214562373,6.662253252183343e-07,3.3464071408749483e-07,0.0026394627881690534,0.002481845182994781,5.266354866389382e-07,1.9505087550809868e-07,exponential
gauss_left,22,600000,0.002,177,0.3713011646461742,development,128,k4_none,20000,0,0.005068866414529352,0.0034705685845594077,3.2913780939541716e-06,0.023529878281941197,6.119512046586021e-06,2.8281339526318493e-06,3.2901774185218666e-06,1.2006754302890386e-09,5.766093170286212,5000.0,True,0.004478509298959616,-1.5611371047467836e-05,0.08064411052098115,1.5611371047467836e-05,-1.328272439307985e-06,True,0.0008552199490615338,2.9547322997592424e-06,0.0010391541863432926,-1.5222486587063122e-05,3.888844604047146e-07,True,0.0008657009641453577,2.9507078137701184e-06,0.001049356558701724,-1.521651074842237e-05,3.9486029904546566e-07,True,0.004376933957792121,2.100177834298719e-06,0.003636265319497348,-1.6076170558573195e-05,4.6479951110535883e-07,0.009187145478190483,0.006221044178139786,-1.533079984836779e-05,2.80571199100047e-07,0.00933145522842972,0.005767395821022586,-1.5051195265927948e-05,5.601757815398889e-07,gaussian
gauss_right,22,600000,0.002,177,0.23748502306292393,development,128,k4_none,20000,0,0.03391028876590469,0.004259273873016635,9.554342178460363e-06,0.06460660859982086,1.1501390153941202e-05,1.947047975480839e-06,9.553393456318334e-06,9.487221369110284e-10,9.31902718030627,5000.0,True,0.0018387483686450375,-2.5323873120246813e-05,0.18053782679378771,2.5323873120246813e-05,4.0899896994635787e-07,True,0.0029423664936790244,9.270882599691724e-06,0.0029546256488013427,-2.4773393515173976e-05,5.50479605072836e-07,True,0.0029410640453066948,9.26877518217333e-06,0.0029632400714237317,-2.474648255107475e-05,5.773905691720609e-07,True,0.0028999712449437774,8.768830583640656e-06,0.002685433194805241,-2.5270553559653177e-05,5.33195605936352e-08,0.009199102666335042,0.014786162365379364,-2.8187343696425557e-05,2.863470576178745e-06,0.009363162820160403,0.014890302013564269,-2.794965673695764e-05,2.625783616710826e-06,gaussian
bump_left,22,600000,0.002,177,0.44348186274361356,development,128,k4_none,20000,0,0.021975765971911213,0.003185525438700609,1.3248955304794443e-06,0.01537687206685916,5.315433668673128e-06,3.990538138193684e-06,1.3248314658166136e-06,6.406465963407772e-11,4.989230793618555,5000.0,True,0.002876074461559158,-6.765375409822402e-06,0.0678397022413918,6.765375409822402e-06,-4.695649668785657e-07,True,0.0012168393994618967,8.074507165664426e-07,0.0018716564689034447,-6.473735325458814e-06,2.9164008436358807e-07,True,0.0012220539189929825,8.06684795182092e-07,0.0018721069023421683,-6.473000842894032e-06,2.923745669283695e-07,True,0.003949619008388276,5.011716216017446e-07,0.0021076243079310073,-6.7792134688533725e-06,1.3838059030970777e-08,0.008191962115134746,0.006836227127425187,-6.043813865759378e-06,7.215615440630238e-07,0.007780276009186501,0.006423564461552105,-6.047853578250491e-06,7.175218315719111e-07,compact_bump
bump_right,22,600000,0.002,177,0.32889495195335533,development,128,k4_none,20000,0,0.021011653109845967,0.0036190122502599287,8.717543570328655e-07,0.008364538556337545,1.672673225815829e-06,8.009188687829636e-07,8.717397578741013e-07,1.4599169356427565e-11,7.320470821077406,5000.0,True,0.003358713447687467,-2.189569137670211e-06,0.02462257439180486,2.189569137670211e-06,4.333401398601815e-08,True,6.121537038517826e-05,8.639795568650117e-07,0.0005195284968622492,-2.1564170129160374e-06,3.31521247541735e-08,True,6.101475309650725e-05,8.64035392309259e-07,0.0005187091300730393,-2.1530832192925406e-06,3.648591837767033e-08,True,0.00044663917499153795,6.646931799717347e-07,0.0006618991501275924,-2.3553843645664672e-06,1.658152268962563e-07,0.0010289361916288296,0.0016615946504015358,-2.553631006595407e-06,3.640618689251961e-07,0.0009765616148610395,0.001671580215519575,-2.4476612574878485e-06,2.5809211981763753e-07,compact_bump
step_left,22,600000,0.002,177,0.9128852702404965,development,128,k4_none,20000,0,0.001097847578860357,0.002154994392962507,4.887828741802047e-07,0.009285598354561104,1.1393473998571092e-06,6.505645256769044e-07,4.88971693479556e-07,-1.8881929447454353e-10,2.21661884067417,5000.0,True,0.0004738063540653042,-1.2899462018481503e-06,0.028239751932506628,1.2899462018481503e-06,4.338301979712594e-08,True,0.000153938980422277,4.688037579389223e-07,0.00020508427223926576,-1.2499688936417886e-06,3.997730820636168e-08,True,0.00015382306438467306,4.6910639870152995e-07,0.00020580176883000642,-1.2496194649093567e-06,4.032673693879357e-08,True,0.00018951958316293355,4.974501534329065e-07,0.0002822090301167581,-1.2205425622698203e-06,6.940363957833005e-08,0.0004558716511046682,0.0007031475714151283,-1.3365801640645743e-06,4.663396221642397e-08,0.0004861309975405542,0.0007288816487092942,-1.3519931099816583e-06,6.204690813350797e-08,tanh_step
step_right,22,600000,0.002,177,0.9636241118102141,development,128,k4_none,20000,0,0.00702406109726064,0.002294051365881162,2.338675104895697e-06,0.017954714707576487,3.230987937538131e-06,8.923128326424334e-07,2.3385691816457985e-06,1.0592324358818174e-10,2.53859279726179,5000.0,True,0.003438097334331275,-7.124340561558298e-06,0.055393956160562745,7.124340561558298e-06,-6.35082297303036e-08,True,0.0006918229734623757,2.234292646651115e-06,0.0005900668863902759,-7.042242592956064e-06,8.20979686022335e-08,True,0.0006913675218336864,2.2339998793419144e-06,0.0005909219969442485,-7.041972566003816e-06,8.236799555448163e-08,True,0.0012576493326341622,2.25527234472528e-06,0.0010888509111982927,-7.0211286814377515e-06,1.0321188012054637e-07,0.0013075668957372134,0.001474008748216245,-7.243494895754859e-06,1.1915433419656099e-07,0.001050663732334722,0.0011995952233443121,-7.251675523921099e-06,1.2733496236280117e-07,tanh_step
kink_abs,22,600000,0.002,177,0.6214766720163144,development,128,k4_none,20000,0,0.0037532953533319213,0.002133278774747266,-3.5482394679343526e-07,0.004322716834852108,8.616388994703537e-07,1.216462846263789e-06,-3.5514707257617597e-07,3.231257853938153e-10,3.9688371090930272,5000.0,True,0.0005113846726486507,-3.114359155151737e-07,0.017231858062011194,3.114359155151737e-07,-3.50673589055947e-07,True,0.00018906516941950821,-3.7416093050718157e-07,0.0006271462781568445,-1.578422808144016e-07,1.5359363470077208e-07,True,0.0001895793370870708,-3.746528066406999e-07,0.0006272210577989414,-1.556306692622215e-07,1.5580524625295218e-07,True,0.000894849465488569,-4.1800678532034517e-07,0.0004949215286392731,-2.01463345270396e-07,1.099725702447777e-07,0.0021865320721495803,0.002167308685502433,-2.5669464249891536e-08,2.8576645126528213e-07,0.002311959378656993,0.002333466116529724,-9.218225643367618e-08,2.192536590814975e-07,kink
kink_relu,22,600000,0.002,177,0.2041432706959443,development,128,k4_none,20000,0,0.003511149700272681,0.0018146185179449717,4.921619868740366e-07,0.004849912205351017,1.1099368858482345e-06,6.17774898974198e-07,4.92221673519321e-07,-5.968664402887252e-11,2.8788529421761817,5000.0,True,0.00021924968042210397,-1.148745300818343e-06,0.012051821869470267,1.148745300818343e-06,7.95995275027179e-08,True,8.53972836884987e-05,4.768783487579144e-07,8.950975629508384e-05,-1.1254652109819865e-06,2.3280089836356454e-08,True,8.547717151514899e-05,4.77007822691324e-07,9.084197270194531e-05,-1.1253493544605974e-06,2.3395946357745605e-08,True,0.00039673495429223024,5.187569651046816e-07,0.0004756035808134174,-1.0834125016188656e-06,6.533279919947743e-08,0.0006596814984971465,0.0010981986381664915,-1.240030823395152e-06,9.128552257680898e-08,0.0007120724555160721,0.0011002247889062408,-1.2582043397454731e-06,1.0945903892713011e-07,kink
sine,0,600000,0.002,177,1.0,development,128,k4_hidden,1,0,0.7773791955359339,0.0016957614914963242,1.565429065681894e-08,5.281411215350099e-05,1.754898643240833e-08,1.894695775589393e-09,1.7565614783993393e-08,-1.9113241271732682e-09,2.243435747215663,1.0,True,0.051150048137485915,0.0,0.0,0.0,0.0,True,0.0,1.565429065681894e-08,0.0,0.0,0.0,True,2.882184128326417e-06,1.7565614783992394e-08,2.6759439393259462e-06,1.7745557006316057e-09,1.7745557006316057e-09,True,2.522293302878623e-16,1.5654290656819628e-08,2.644087920203131e-16,-1.0642945054765898e-20,1.0642945054765898e-20,0.0,0.0,0.0,0.0,2.882184128326417e-06,2.6759439393259462e-06,1.7745557006316057e-09,1.7745557006316057e-09,
runge,0,600000,0.002,177,1.0,development,128,k4_hidden,1,0,0.04769802629407423,0.001961701233298251,7.171580802649124e-10,5.961423258889089e-06,1.3699105989759556e-09,6.527525187110431e-10,7.238239704679649e-10,-6.665890192361735e-12,2.5957421182273657,1.0,True,0.19000684262403766,0.0,0.0,0.0,0.0,True,0.0,7.171580802649124e-10,0.0,0.0,0.0,True,1.9294422800257677e-07,7.238239704891443e-10,1.9503656226993916e-07,6.735075816548076e-12,6.735075816548076e-12,True,2.776099609719912e-16,7.171580803074842e-10,2.950356961030324e-16,3.489584322812632e-20,3.489584322812632e-20,0.0,0.0,0.0,0.0,1.9294422800257677e-07,1.9503656226993916e-07,6.735075816548076e-12,6.735075816548076e-12,
moment3,0,600000,0.002,177,1.0,development,128,k4_hidden,1,0,0.006368641413157748,0.003790458375010763,4.690548351827683e-10,6.259384249216314e-07,4.946350239301856e-10,2.5580188747417252e-11,6.947690744927763e-10,-2.257142393259908e-10,9.658386952851414,1.0,True,0.4349528219659348,0.0,0.0,0.0,0.0,True,0.0,4.690548351827683e-10,0.0,0.0,0.0,True,2.4696456451859864e-07,6.947690744631542e-10,2.4753015304629286e-07,2.2625142653375093e-10,2.2625142653375093e-10,True,7.1066996989294e-16,4.69054835113015e-10,5.741915052238011e-16,-7.342866408288127e-20,7.342866408288127e-20,0.0,0.0,0.0,0.0,2.4696456451859864e-07,2.4753015304629286e-07,2.2625142653375093e-10,2.2625142653375093e-10,
moment5,0,600000,0.002,177,1.0,development,128,k4_hidden,1,0,0.7499971640810636,0.001408342334060862,4.012795869217361e-12,2.104140987720864e-08,9.76075285682969e-12,5.747956987612329e-12,4.945554373837174e-12,-9.327584911244285e-13,1.7886978177679846,1.0,True,0.105990317114537,0.0,0.0,0.0,0.0,True,4.336808689942018e-19,4.012795869179077e-12,0.0,0.0,0.0,True,2.6549920608384243e-09,4.945554362624044e-12,2.6551397096060707e-09,9.328103128342033e-13,9.328103128342033e-13,True,1.1286456087671998e-16,4.0127958705573e-12,1.4173404735177935e-16,-2.947866076320051e-21,2.947866076320051e-21,4.336808689942018e-19,0.0,0.0,0.0,2.6549920608384243e-09,2.6551397096060707e-09,9.328103128342033e-13,9.328103128342033e-13,
moment9,0,600000,0.002,177,1.0,development,128,k4_hidden,1,0,0.7500008936999493,0.0014050342040256769,-1.6638026394346565e-12,1.1338193003403894e-08,3.663764350722172e-12,5.327566990156828e-12,-1.899134433063553e-12,2.353317959272325e-13,1.7895220469659217,1.0,True,0.04034257538516654,0.0,0.0,0.0,0.0,True,0.0,-1.6638026394346565e-12,0.0,0.0,0.0,True,6.644412989292495e-10,-1.8991344363489814e-12,6.643964618636967e-10,-2.353159968498477e-13,2.353159968498477e-13,True,8.478876912972011e-17,-1.663802640200336e-12,1.3204781301960798e-16,-9.609277729303023e-21,9.609277729303023e-21,0.0,0.0,0.0,0.0,6.644412989292495e-10,6.643964618636967e-10,-2.353159968498477e-13,2.353159968498477e-13,
mixed_sine,0,600000,0.002,177,0.8100925873009825,development,128,k4_hidden,1,0,0.32240506917168066,0.0027717920237318077,1.7080852538395486e-09,1.2046893350451378e-05,2.512141879677384e-09,8.040566258378354e-10,2.0721258770234474e-09,-3.640406231835173e-10,3.4416850679099538,1.0,True,0.29769667647508763,0.0,0.0,0.0,0.0,True,1.3877787807814457e-17,1.7080852538383234e-09,0.0,0.0,0.0,True,4.387949833250466e-07,2.072125877018437e-09,4.389551014176717e-07,3.641734558302955e-10,3.641734558302955e-10,True,1.8267387758529397e-16,1.7080852538556278e-09,2.261890001940959e-16,3.713545576662921e-21,3.713545576662921e-21,1.3877787807814457e-17,0.0,0.0,0.0,4.387949833250466e-07,4.389551014176717e-07,3.641734558302955e-10,3.641734558302955e-10,
localized_sine,0,600000,0.002,177,0.4822374526221915,development,128,k4_hidden,1,0,0.19315049898754824,0.003281167542124458,1.5113857610233482e-09,8.1213673737021e-06,2.516328580571425e-09,1.0049428195480767e-09,1.5858303438560422e-09,-7.444458288567177e-11,6.54750609317707,1.0,True,0.2868995927944562,0.0,0.0,0.0,0.0,True,3.3881317890172014e-21,1.5113857610233478e-09,3.3881317890172014e-21,-2.9909355482143373e-25,2.9909355482143373e-25,True,3.2750880715237314e-07,1.5858310322175673e-09,3.305485116044632e-07,7.513536859743526e-11,7.513536859743526e-11,True,1.420620967439998e-16,1.5113857610114035e-09,1.6888682354061958e-16,-1.588784963211456e-20,1.588784963211456e-20,0.0,0.0,0.0,0.0,3.2750880715237314e-07,3.305485116044632e-07,7.513536859743526e-11,7.513536859743526e-11,
chirp,0,600000,0.002,177,0.7001068817853702,development,128,k4_hidden,1,0,0.7347870896327215,0.0021733530706729565,3.0039728021940614e-09,2.2585608775024963e-05,3.6943011646734474e-09,6.903283624793857e-10,3.224793028094206e-09,-2.2082022588506249e-10,4.6611977894726,1.0,True,0.19867096868797357,0.0,0.0,0.0,0.0,True,0.0,3.0039728021940614e-09,0.0,0.0,0.0,True,6.253455989785274e-07,3.224793028063145e-09,6.252776731666596e-07,2.209994086565386e-10,2.209994086565386e-10,True,1.024591130620089e-16,3.0039728021825574e-09,1.3722984645198534e-16,1.5600719819485983e-20,1.5600719819485983e-20,0.0,0.0,0.0,0.0,6.253455989785274e-07,6.252776731666596e-07,2.209994086565386e-10,2.209994086565386e-10,
moment4,0,600000,0.002,177,1.0,development,128,k4_hidden,1,0,0.7499835148971347,0.0014156189280925084,2.3193162464518413e-11,1.4813912057103154e-07,4.4611344699603624e-11,2.1418182235085208e-11,2.4094853392986637e-11,-9.016909235602946e-13,1.7922050974723205,1.0,True,0.010220795023727376,0.0,0.0,0.0,0.0,True,1.734723475976807e-18,2.319316246467155e-11,0.0,0.0,0.0,True,2.5642121275264694e-09,2.4094853397614745e-11,2.571873259494374e-09,9.043839028973467e-13,9.043839028973467e-13,True,1.3418411273307733e-16,2.319316247933431e-11,1.3467658962729874e-16,8.38419052875443e-21,8.38419052875443e-21,1.734723475976807e-18,0.0,0.0,0.0,2.5642121275264694e-09,2.571873259494374e-09,9.043839028973467e-13,9.043839028973467e-13,
blend_m010,0,600000,0.002,177,1.0,development,128,k4_hidden,1,0,0.749606047497967,0.001512013226577968,2.99213835420536e-10,9.64818435308204e-07,4.338444530667692e-10,1.346306176462332e-10,3.112059553888846e-10,-1.1992119964034235e-11,1.7983546666072245,1.0,True,0.11884549672683725,0.0,0.0,0.0,0.0,True,0.0,2.99213835420536e-10,0.0,0.0,0.0,True,7.970728227819268e-08,3.1120595538097496e-10,8.00098237134464e-08,1.2037618192324891e-11,1.2037618192324891e-11,True,1.150203099499844e-16,2.992138354221057e-10,1.5774660976636858e-16,-1.1178920705005907e-20,1.1178920705005907e-20,0.0,0.0,0.0,0.0,7.970728227819268e-08,8.00098237134464e-08,1.2037618192324891e-11,1.2037618192324891e-11,
blend_p001,0,600000,0.002,177,1.0,development,128,k4_hidden,1,0,0.7500129637616536,0.0013994825348523053,-1.0405939708722115e-11,4.3238690000369804e-08,1.2157613180990664e-11,2.2563552889712778e-11,-1.3003645478693475e-11,2.5977057651170692e-12,1.7914542280426098,1.0,True,0.21474934713788252,0.0,0.0,0.0,0.0,True,0.0,-1.0405939708722115e-11,0.0,0.0,0.0,True,7.224834243949575e-09,-1.300364548437008e-11,7.224047523530281e-09,-2.5974229798875786e-12,2.5974229798875786e-12,True,1.4160062245765018e-16,-1.0405939716838318e-11,1.3856154665781697e-16,-3.407273776525773e-21,3.407273776525773e-21,0.0,0.0,0.0,0.0,7.224834243949575e-09,7.224047523530281e-09,-2.5974229798875786e-12,2.5974229798875786e-12,
blend_p010,0,600000,0.002,177,1.0,development,128,k4_hidden,1,0,0.7500464330160364,0.0013763479974095777,1.6835542834723785e-12,3.4467349369848337e-07,1.4179068702311473e-10,1.4010713273964236e-10,-2.4613600771881398e-11,2.6297155057243753e-11,1.8231434146748204,1.0,True,0.2652980259269349,0.0,0.0,0.0,0.0,True,0.0,1.6835542834723785e-12,0.0,0.0,0.0,True,5.833997076498372e-08,-2.461360076576974e-11,5.8349257700988805e-08,-2.630134190009961e-11,2.630134190009961e-11,True,1.0682379416399e-16,1.6835542911674576e-12,1.1194092093495384e-16,9.532709779268736e-21,9.532709779268736e-21,0.0,0.0,0.0,0.0,5.833997076498372e-08,5.8349257700988805e-08,-2.630134190009961e-11,2.630134190009961e-11,
blend_p030,0,600000,0.002,177,1.0,development,128,k4_hidden,1,0,0.689949257601187,0.0021824891145888095,1.1014611641303463e-09,3.094472689591995e-06,1.3938584136150437e-09,2.9239724948469723e-10,1.7738843909978385e-09,-6.724232268812655e-10,3.375539601093184,1.0,True,0.19924283301394266,0.0,0.0,0.0,0.0,True,0.0,1.1014611641303463e-09,0.0,0.0,0.0,True,7.976874363834175e-07,1.7738843909972845e-09,7.990041631591419e-07,6.735331591219041e-10,6.735331591219041e-10,True,1.7143070683262664e-16,1.1014611641165642e-09,1.8717537688222667e-16,-1.3858798956205954e-20,1.3858798956205954e-20,0.0,0.0,0.0,0.0,7.976874363834175e-07,7.990041631591419e-07,6.735331591219041e-10,6.735331591219041e-10,
exp_right,22,600000,0.002,177,2.6119867843594364,development,128,k4_hidden,1,0,0.00014992900785318022,0.0016852404515497559,4.417370859381925e-11,2.5616227710809966e-07,7.09581435431261e-11,2.678443494930686e-11,4.910879216853781e-11,-4.9350835589826354e-12,3.243193521935438,1.0,True,0.2568757061106978,0.0,0.0,0.0,0.0,True,0.0,4.417370859381925e-11,0.0,0.0,0.0,True,4.383041368037314e-08,4.910879216491061e-11,4.3817647821607836e-08,4.934129813131703e-12,4.934129813131703e-12,True,9.972774239617184e-17,4.4173708595503746e-11,1.3371443899090027e-16,-1.3935366906240242e-20,1.3935366906240242e-20,0.0,0.0,0.0,0.0,4.383041368037314e-08,4.3817647821607836e-08,4.934129813131703e-12,4.934129813131703e-12,exponential
exp_left,22,600000,0.002,177,13.649519383995864,development,128,k4_hidden,1,0,0.0005812304998051279,0.0018555398676192868,-4.441502166000591e-11,3.0037138579754254e-07,5.0649704526115444e-11,9.506472618612136e-11,-6.027702114983107e-11,1.5861999468623596e-11,4.649722129173289,1.0,True,0.3266460333062036,0.0,0.0,0.0,0.0,True,0.0,-4.441502166000591e-11,0.0,0.0,0.0,True,8.252328628592998e-08,-6.027702116752054e-11,8.250516026737637e-08,-1.5858295125054256e-11,1.5858295125054256e-11,True,1.1969670549356947e-16,-4.4415021673673296e-11,4.651584663315566e-16,9.609277729303023e-21,9.609277729303023e-21,0.0,0.0,0.0,0.0,8.252328628592998e-08,8.250516026737637e-08,-1.5858295125054256e-11,1.5858295125054256e-11,exponential
gauss_left,22,600000,0.002,177,0.3713011646461742,development,128,k4_hidden,1,0,0.00622986142195893,0.00346727814205503,9.355895766715605e-10,5.467123753960035e-06,1.6103337297148574e-09,6.74744153043297e-10,9.743229516567265e-10,-3.873337500347451e-11,5.635307424423349,1.0,True,0.3851992758838755,0.0,0.0,0.0,0.0,True,0.0,9.355895766715605e-10,0.0,0.0,0.0,True,2.531045266434788e-07,9.743229516746537e-10,2.542165460088471e-07,3.889965675060045e-11,3.889965675060045e-11,True,6.532133727266571e-16,9.355895766802509e-10,6.580768164132237e-16,-2.71816222621719e-21,2.71816222621719e-21,0.0,0.0,0.0,0.0,2.531045266434788e-07,2.542165460088471e-07,3.889965675060045e-11,3.889965675060045e-11,gaussian
gauss_right,22,600000,0.002,177,0.23748502306292393,development,128,k4_hidden,1,0,0.03786400919366911,0.0042497213935596845,1.862721511552306e-09,1.2729017405895855e-05,2.2412045637666237e-09,3.7848305221431774e-10,1.8952663558249437e-09,-3.2544844318726e-11,8.775313621811446,1.0,True,0.07616135137260459,0.0,0.0,0.0,0.0,True,0.0,1.862721511552306e-09,0.0,0.0,0.0,True,7.769176946306166e-08,1.895267997601457e-09,7.93990709213236e-08,3.330496529456773e-11,3.330496529456773e-11,True,4.2215597476747164e-16,1.862721511578229e-09,1.8029429749676294e-15,2.0359896463804637e-19,2.0359896463804637e-19,0.0,0.0,0.0,0.0,7.769176946306166e-08,7.93990709213236e-08,3.330496529456773e-11,3.330496529456773e-11,gaussian
bump_left,22,600000,0.002,177,0.44348186274361356,development,128,k4_hidden,1,0,0.02311792872527863,0.0031842008983079414,3.551378125003839e-10,4.152074199530461e-06,1.3149613115498048e-09,9.598234990494208e-10,3.5347898658501395e-10,1.6588258735434573e-12,4.923761874385171,1.0,True,0.4426340532648763,0.0,0.0,0.0,0.0,True,0.0,3.551378125003839e-10,0.0,0.0,0.0,True,2.566067084915569e-07,3.534789804189247e-10,2.5690324558847815e-07,-1.6669003707440624e-12,1.6669003707440624e-12,True,1.0097689853090649e-15,3.5513781246367917e-10,5.322812250709349e-16,6.788705869914974e-20,6.788705869914974e-20,0.0,0.0,0.0,0.0,2.566067084915569e-07,2.5690324558847815e-07,-1.6669003707440624e-12,1.6669003707440624e-12,compact_bump
bump_right,22,600000,0.002,177,0.32889495195335533,development,128,k4_hidden,1,0,0.02105858622940327,0.0036181406661449627,1.7024206712212232e-10,1.7448684747070739e-06,3.2898298012047997e-10,1.5874091299835767e-10,1.8565735109165e-10,-1.5415283985314948e-11,7.290048298556566,1.0,True,0.330451055226154,0.0,0.0,0.0,0.0,True,0.0,1.7024206712212232e-10,0.0,0.0,0.0,True,4.0316642983944224e-08,1.8564970363339754e-10,4.054213665849013e-08,1.5510451483563956e-11,1.5510451483563956e-11,True,2.0731952802504772e-16,1.7024206712930057e-10,2.636470275402129e-16,-2.187929172229752e-20,2.187929172229752e-20,0.0,0.0,0.0,0.0,4.0316642983944224e-08,4.054213665849013e-08,1.5510451483563956e-11,1.5510451483563956e-11,compact_bump
step_left,22,600000,0.002,177,0.9128852702404965,development,128,k4_hidden,1,0,0.0011512161335626367,0.0021545056991936714,8.910534424670665e-11,1.9268810989345937e-06,2.36741075141498e-10,1.4763573089479138e-10,8.702931718234847e-11,2.0760270886199435e-12,2.211888832011675,1.0,True,0.14096578623220793,0.0,0.0,0.0,0.0,True,0.0,8.910534424670665e-11,0.0,0.0,0.0,True,8.753287406051931e-09,8.702931717698775e-11,8.873342256224953e-09,-2.1030862003739546e-12,2.1030862003739546e-12,True,1.2560059851062558e-16,8.910534424115546e-11,9.02793997268601e-16,-8.33059296373043e-20,8.33059296373043e-20,0.0,0.0,0.0,0.0,8.753287406051931e-09,8.873342256224953e-09,-2.1030862003739546e-12,2.1030862003739546e-12,tanh_step
step_right,22,600000,0.002,177,0.9636241118102141,development,128,k4_hidden,1,0,0.0072401910748909806,0.0022917131736759255,4.828996597058748e-10,3.7604131032097442e-06,7.272391670279536e-10,2.443395073220787e-10,4.817735274559527e-10,1.1261322610382711e-12,2.47211864945677,1.0,True,0.2211964381459204,0.0,0.0,0.0,0.0,True,0.0,4.828996597058748e-10,0.0,0.0,0.0,True,9.48297775499323e-08,4.817735255760935e-10,9.437357423372389e-08,-1.1174451680311206e-12,1.1174451680311206e-12,True,1.6326688009677463e-16,4.828996596887237e-10,1.4013731445148217e-16,-2.5726831211520445e-20,2.5726831211520445e-20,0.0,0.0,0.0,0.0,9.48297775499323e-08,9.437357423372389e-08,-1.1174451680311206e-12,1.1174451680311206e-12,tanh_step
kink_abs,22,600000,0.002,177,0.6214766720163144,development,128,k4_hidden,1,0,0.003817622624576531,0.002133633598797012,1.0295281938766055e-13,1.0467296298462919e-06,2.2968479308556315e-10,2.2958184026617548e-10,1.0939540314717162e-12,-9.910011991951482e-13,3.9519279934520797,1.0,True,0.3405743701484114,0.0,0.0,0.0,0.0,True,0.0,1.0295281938766055e-13,0.0,0.0,0.0,True,2.8027282724435613e-08,1.0939540336635671e-12,2.7949997397946377e-08,1.0926014978133168e-12,1.0926014978133168e-12,True,2.73097765301696e-16,1.029528419752058e-13,1.5508322099974584e-16,-3.1440714482829113e-21,3.1440714482829113e-21,0.0,0.0,0.0,0.0,2.8027282724435613e-08,2.7949997397946377e-08,1.0926014978133168e-12,1.0926014978133168e-12,kink
kink_relu,22,600000,0.002,177,0.2041432706959443,development,128,k4_hidden,1,0,0.003527591767678845,0.0018141264386268188,8.266872152912036e-11,8.678260911422939e-07,2.1790809525013613e-10,1.3523937372101576e-10,8.010245462044041e-11,2.566266939237977e-12,2.8912534174282185,1.0,True,0.22903332569835835,0.0,0.0,0.0,0.0,True,0.0,8.266872152912036e-11,0.0,0.0,0.0,True,3.55111175428154e-08,8.01024546055547e-11,3.559428863898288e-08,-2.5705011009582227e-12,2.5705011009582227e-12,True,1.2965534933908193e-16,8.266872154604188e-11,1.3931892448902128e-16,1.470104640658311e-20,1.470104640658311e-20,0.0,0.0,0.0,0.0,3.55111175428154e-08,3.559428863898288e-08,-2.5705011009582227e-12,2.5705011009582227e-12,kink
sine,0,600000,0.002,177,1.0,development,128,k4_hidden,10,0,0.7772488809105653,0.0016959033743393099,1.5753713364271316e-07,0.0005286214751703701,1.766510942541583e-07,1.9113960611445158e-08,1.7574300913404118e-07,-1.82058754913565e-08,2.2442934109310366,10.0,True,0.04631217145726253,9.51291186224357e-10,1.367305342988019e-06,9.51291186224357e-10,9.51291186224357e-10,True,4.3903009425221767e-07,1.5747458309939743e-07,2.6235550811356386e-07,9.091402672686998e-10,4.2150918955657146e-11,True,2.7440232501023244e-05,1.7562548869495507e-07,2.5399533242315706e-05,1.7728646898437655e-08,1.67773557122133e-08,True,1.452202352683014e-06,1.565106625112332e-07,1.386642028421847e-06,-1.8463380392451447e-11,9.697545666168083e-10,1.4121055438594256e-06,1.367305342988019e-06,0.0,9.51291186224357e-10,2.745609781520372e-05,2.5410417253403455e-05,1.774555700631912e-08,1.6794265820094765e-08,
runge,0,600000,0.002,177,1.0,development,128,k4_hidden,10,0,0.047692300672991524,0.001961707691975498,7.175835327523967e-09,5.9624202969000694e-05,1.3762910493497338e-08,6.58707516597337e-09,7.238001209994108e-09,-6.216588241319064e-11,2.595846806028447,10.0,True,0.16489629709787687,4.328292710531148e-12,1.3258113702954955e-07,4.328292710531148e-12,4.328292710531148e-12,True,2.3938168116777857e-09,7.175355889948805e-09,1.7517990672380029e-09,3.970284140645715e-12,3.580085698854324e-13,True,1.7999272794420475e-06,7.237595850146738e-09,1.8208724484365837e-06,6.690982008252367e-11,6.258152737199252e-11,True,1.313439877609894e-07,7.170827026447174e-09,1.3131657030749142e-07,-5.511926788747662e-13,4.879485389405914e-12,1.3242400713648096e-07,1.3258113702954955e-07,0.0,4.328292710531148e-12,1.7973172958154592e-06,1.8180370165737505e-06,6.735075788247515e-11,6.3022465171944e-11,
moment3,0,600000,0.002,177,1.0,development,128,k4_hidden,10,0,0.00636837598931583,0.0037904630082085168,5.102252589075717e-09,6.3630757019398525e-06,5.2917437427336515e-09,1.894911536579344e-10,6.919282485461684e-09,-1.8170298963750465e-09,9.658490384580832,10.0,True,0.24470948452318844,4.1218372651928575e-10,4.775142703837266e-07,4.1218372651928575e-10,4.1218372651928575e-10,True,2.6573101684267163e-11,5.102243291441527e-09,4.574559988919476e-11,4.1216097943199143e-10,2.274708729431477e-14,True,1.9827730445701365e-06,6.928895522698318e-09,1.988390207622756e-06,2.244147521089546e-09,1.83196379457026e-09,True,4.93224338651844e-07,4.660481582036344e-09,4.932855505784525e-07,-2.965942822169947e-11,4.4184315474098523e-10,4.77792532163194e-07,4.775142703837266e-07,0.0,4.1218372651928575e-10,1.9942053518486884e-06,2.0000254743723974e-06,2.262514265893699e-09,1.8503305393744131e-09,
moment5,0,600000,0.002,177,1.0,development,128,k4_hidden,10,0,0.7499971640749623,0.0014083423704409656,4.039289945372448e-11,2.1055912945937296e-07,9.764830946535822e-11,5.7255410011633744e-11,4.9455594251843544e-11,-9.062694759878272e-12,1.78869777611321,10.0,True,0.09866476026870885,2.64899534456989e-13,7.543443548183733e-10,2.64899534456989e-13,2.64899534456989e-13,True,1.224765324229826e-13,4.039285164860144e-11,1.2514326671763955e-14,2.648957866855387e-13,3.747771450316553e-18,True,2.5795563655816654e-08,4.9455552869293664e-11,2.5797053654261523e-08,9.328105859214539e-12,9.06320632475755e-12,True,7.543571572414603e-10,4.0127969710722744e-11,7.543436772628785e-10,4.417396457353105e-18,2.648951170605317e-13,7.543560301279907e-10,7.543443548183733e-10,0.0,2.64899534456989e-13,2.579556625635327e-08,2.5797054693029738e-08,9.32810319380763e-12,9.06320365935064e-12,
moment9,0,600000,0.002,177,1.0,development,128,k4_hidden,10,0,0.7500008936976426,0.0014050341889854235,-1.670405570681075e-11,1.1340013578218607e-07,3.659974192514247e-11,5.330379763195322e-11,-1.8991321050447255e-11,2.287265332647772e-12,1.7895220522838018,10.0,True,0.03490827192325445,-6.604525563416154e-14,1.8619371956469127e-10,6.604525563416154e-14,-6.604525563416154e-14,True,2.0087553917631964e-14,-1.6704065498090498e-11,8.203306787333816e-15,-6.604825009183546e-14,2.9944576739147023e-18,True,6.4582231569159395e-09,-1.89913293468686e-11,6.4577743175798725e-09,-2.3531554802383816e-12,2.28711022460422e-12,True,1.8619583328568544e-10,-1.663801123247595e-11,1.8619633121937372e-10,4.5541851000893586e-18,6.604980981926163e-14,1.8618993218371926e-10,1.8619371956469127e-10,0.0,6.604525563416154e-14,6.458227895213074e-09,6.457776794354587e-09,-2.3531598758512573e-12,2.2871146202170957e-12,
mixed_sine,0,600000,0.002,177,0.8100925873009825,development,128,k4_hidden,10,0,0.3224035249599063,0.0027718077176835383,1.7402036985059958e-08,0.00012050964821148207,2.5276837623885297e-08,7.874800638825337e-09,2.0732494102655938e-08,-3.33045711767651e-09,3.441601228757862,10.0,True,0.24959308713084277,3.2118043991609764e-10,3.863662816764124e-07,3.2118043991609764e-10,3.2118043991609764e-10,True,2.21483775310811e-09,1.7401603297193075e-08,1.1487643145117322e-09,3.2106395115157815e-10,1.1648876451949415e-13,True,4.018079435008306e-06,2.0735835362365004e-08,4.020763574813159e-06,3.6570627334009115e-09,3.335882293484814e-09,True,3.752247347865057e-07,1.7090766850349226e-08,3.7413708418043967e-07,1.0665565001744837e-11,3.105148749143528e-10,3.86709278001986e-07,3.863662816764124e-07,0.0,3.2118043991609764e-10,4.001243425018524e-06,4.003205231938109e-06,3.6417345588570387e-09,3.320554118940941e-09,
localized_sine,0,600000,0.002,177,0.4822374526221915,development,128,k4_hidden,10,0,0.1931468574732646,0.003281181220318572,1.5189579875811875e-08,8.13177310861074e-05,2.536392077534992e-08,1.0174340899538048e-08,1.5845274686288982e-08,-6.556948104191187e-10,6.547795688627693,10.0,True,0.2213449462505514,7.632156871976697e-11,3.952252464485694e-07,7.632156871976697e-11,7.632156871976697e-11,True,3.3877891494510313e-09,1.5188169734944827e-08,3.3063430529186614e-09,7.524479399370709e-11,1.0767747260598861e-12,True,2.8853928081180083e-06,1.584846098045438e-08,2.915540460639638e-06,7.424689823936207e-10,6.661474136738538e-10,True,3.9063013468329513e-07,1.50989092271567e-08,3.9088392515870974e-07,-1.3997300880930934e-11,9.03188696006979e-11,3.959275125792214e-07,3.952252464485694e-07,0.0,7.632156871976697e-11,2.884898090380065e-06,2.9156264454588905e-06,7.513536863621588e-10,6.750321176423919e-10,
chirp,0,600000,0.002,177,0.7001068817853702,development,128,k4_hidden,10,0,0.734765403356804,0.0021733802763037008,3.020960354710289e-08,0.00022586193947448396,3.716304252987059e-08,6.953438982767707e-09,3.2268161361687115e-08,-2.058557814673906e-09,4.662021301485736,10.0,True,0.1667980652535311,1.699839286559317e-10,3.878653188125387e-07,1.699839286559317e-10,1.699839286559317e-10,True,2.9690826874074555e-08,3.020655427234672e-08,1.6779245311401727e-08,1.6785406242624033e-10,2.1298662296913673e-12,True,5.928529875013707e-06,3.228000433799735e-08,5.92568620981104e-06,2.2414932484355786e-09,2.071509319779647e-09,True,3.5376964516730325e-07,3.005776901135683e-08,3.5731044594597406e-07,1.7466913093273145e-11,1.5251701556265854e-10,3.8811120681843614e-07,3.878653188125387e-07,0.0,1.699839286559317e-10,5.90955145686175e-06,5.9071972261482924e-06,2.209994086932051e-09,2.0400101582761194e-09,
moment4,0,600000,0.002,177,1.0,development,128,k4_hidden,10,0,0.7499835146282761,0.0014156191370911031,2.3219175716929156e-10,1.4814222403646558e-06,4.461247239441609e-10,2.1393296677486935e-10,2.4095019768404265e-10,-8.758440506131727e-12,1.7922053431501015,10.0,True,0.00946990220134192,2.5885765108581837e-13,7.346576273416658e-10,2.5885765108581837e-13,2.5885765108581837e-13,True,9.61380127767658e-12,2.3218956076048683e-10,1.6507827041781074e-12,2.584706328694777e-13,3.8701821634067863e-16,True,2.490705832042622e-08,2.40948296870933e-10,2.4984058144981312e-08,9.043783436545356e-12,8.784925785459537e-12,True,7.351451440435371e-10,2.3193138816909026e-10,7.346812848019865e-10,-5.500538163730634e-17,2.589126564674557e-13,7.350799440478539e-10,7.346576273416658e-10,0.0,2.5885765108581837e-13,2.490710674630042e-08,2.4984081757818735e-08,9.043838970437269e-12,8.78498131935145e-12,
blend_m010,0,600000,0.002,177,1.0,development,128,k4_hidden,10,0,0.7496060333694722,0.0015120159236575242,2.996293391711375e-09,9.652506112728634e-06,4.336503076820848e-09,1.3402096851094736e-09,3.1120938622504888e-09,-1.1580047053524326e-10,1.798358024995257,10.0,True,0.11087125482663966,4.1323077200524345e-12,2.7362399676560332e-08,4.1323077200524345e-12,4.1323077200524345e-12,True,1.9846122208200454e-10,2.996247810251161e-09,6.712211128270691e-11,4.117140250368939e-12,1.516746968349531e-14,True,7.697074969971557e-07,3.112057666607518e-09,7.727355211731567e-07,1.2037553987284914e-10,1.1624323215279671e-10,True,2.736602507981824e-08,2.9921366823633514e-09,2.7362729643744313e-08,-4.264135751525975e-16,4.132734133627587e-12,2.7365195294593797e-08,2.7362399676560332e-08,0.0,4.1323077200524345e-12,7.69708427524198e-07,7.727359960527575e-07,1.2037618204208236e-10,1.1624387432202992e-10,
blend_p001,0,600000,0.002,177,1.0,development,128,k4_hidden,10,0,0.7500129637352273,0.0013994824404735134,-1.0478473142622578e-10,4.3288711948698644e-07,1.2123350127016065e-10,2.2601823269638643e-10,-1.30036365382553e-10,2.525163396355398e-11,1.7914543571628987,10.0,True,0.20283272460858115,-7.254242716606299e-13,2.0175738241049137e-09,7.254242716606299e-13,-7.254242716606299e-13,True,2.8458518707776343e-13,-1.0478483817205509e-10,4.4537825096907346e-14,-7.254289690660804e-13,4.697405450555472e-18,True,7.023078445097057e-08,-1.3003643294442484e-10,7.022289356498592e-08,-2.597422268988618e-11,2.524879841822555e-11,True,2.0175535987469775e-09,-1.0405937796131292e-10,2.017577350047821e-09,4.3792656182360296e-18,7.254286509262481e-13,2.017543208758734e-09,2.0175738241049137e-09,0.0,7.254242716606299e-13,7.023079919207057e-08,7.022290143947888e-08,-2.597422974229207e-11,2.524880547063144e-11,
blend_p010,0,600000,0.002,177,1.0,development,128,k4_hidden,10,0,0.7500464312216628,0.0013763480054495014,9.72347804096229e-12,3.4504613285008478e-06,1.4145394673192388e-09,1.4048159892782765e-09,-2.4612804339636137e-10,2.558515214023213e-10,1.8231464394370818,10.0,True,0.25129803849089466,-7.119384645528497e-12,1.580335274990106e-08,7.119384645528497e-12,-7.119384645528497e-12,True,2.323959669131603e-11,9.715874817797056e-12,7.091023694402293e-12,-7.1201786783321575e-12,7.940328036602092e-16,True,5.67597882627582e-07,-2.461360818175471e-10,5.67689238474883e-07,-2.6301344197651114e-10,2.558940573309826e-10,True,1.5801858747076785e-08,1.6835463583296805e-11,1.5803345487697077e-08,-2.8140597552376324e-17,7.1193565049309445e-12,1.5801843899139606e-08,1.580335274990106e-08,0.0,7.119384645528497e-12,5.675979226524647e-07,5.676892578478515e-07,-2.6301341902109517e-10,2.5589403437556665e-10,
blend_p030,0,600000,0.002,177,1.0,development,128,k4_hidden,10,0,0.6899483781953628,0.0021824995151628044,1.1502035158923335e-08,3.125886863847859e-05,1.4470638356007069e-08,2.9686031970837343e-09,1.7729507707998454e-08,-6.227472549098668e-09,3.37571115265513,10.0,True,0.17064425982728265,4.875891272569269e-10,5.885030882542538e-07,4.875891272569269e-10,4.875891272569269e-10,True,2.00688443434875e-09,1.1501639139119808e-08,9.401766422678936e-10,4.874568673351331e-10,1.3225992179381123e-13,True,7.388121642718407e-06,1.773061905822625e-08,7.4009323865039635e-06,6.727753457345566e-09,6.240164330088639e-09,True,5.890212670661919e-07,1.1004705735588533e-08,5.893758038902873e-07,-9.260139329386247e-12,4.968492665863131e-10,5.880148599017454e-07,5.885030882542538e-07,0.0,4.875891272569269e-10,7.389454992295205e-06,7.402166852578718e-06,6.735331591303716e-09,6.247742464046789e-09,
exp_right,22,600000,0.002,177,2.6119867843594364,development,128,k4_hidden,10,0,0.00014992403362026216,0.0016852408523547453,4.449786980887126e-10,2.560982689315651e-06,7.177986898948988e-10,2.7281999180618625e-10,4.90525472446414e-10,-4.5546774286593286e-11,3.2432052741039845,10.0,True,0.20932355805760297,3.242167313045806e-12,2.2629859980178373e-08,3.242167313045806e-12,3.242167313045806e-12,True,2.6612817961664438e-11,4.449747886750027e-10,8.809541926661293e-12,3.24081894492307e-12,1.3483681227360337e-15,True,4.1615626197481033e-07,4.906349130924259e-10,4.160305997776397e-07,4.889230958382112e-11,4.565014227077531e-11,True,2.3544192957505152e-08,4.411625101260164e-10,2.3534737756645715e-08,-5.705361920304072e-13,3.812703505076213e-12,2.2634611334603305e-08,2.2629859980178373e-08,0.0,3.242167313045806e-12,4.1606765375500436e-07,4.159462916112731e-07,4.934129808036105e-11,4.609913076731524e-11,exponential
exp_left,22,600000,0.002,177,13.649519383995864,development,128,k4_hidden,10,0,0.0005812166786942745,0.0018555394612021765,-4.5083213200077636e-10,3.0053754671110262e-06,5.088321915032763e-10,9.596643235040527e-10,-6.03315689445156e-10,1.5248355738217596e-10,4.649743614936106,10.0,True,0.27153488829789696,-6.676423665838697e-12,3.803786715633142e-08,6.676423665838697e-12,-6.676423665838697e-12,True,1.0008691186343813e-10,-4.5083987171844855e-10,9.435067283903079e-12,-6.676904742651602e-12,4.810768129050798e-16,True,7.881343788103774e-07,-6.031900132196348e-10,7.879657948790764e-07,-1.5899669512114552e-10,1.5232027145530681e-10,True,4.3065487711244085e-08,-4.447078707652366e-10,4.302641803017719e-08,-5.515960478695181e-13,6.1248276179691786e-12,3.8042529945144155e-08,3.803786715633142e-08,0.0,6.676423665838697e-12,7.88484053235219e-07,7.883183279536116e-07,-1.585829508774652e-10,1.519065272116265e-10,exponential
gauss_left,22,600000,0.002,177,0.3713011646461742,development,128,k4_hidden,10,0,0.006228555654024385,0.0034672866034563925,9.396990938879441e-09,5.4742125461892386e-05,1.6228892568725705e-08,6.8319016298462635e-09,9.72838097385434e-09,-3.313900349870692e-10,5.635379224665818,10.0,True,0.2906651838670092,4.1303398806900515e-11,3.2704864051488713e-07,4.1303398806900515e-11,4.1303398806900515e-11,True,1.129081809035646e-09,9.396338491691016e-09,1.0443939204269925e-09,4.07956568028399e-11,5.077420040606122e-13,True,2.177130747976509e-06,9.73153600810548e-09,2.188185803715317e-06,3.77665882261475e-10,3.3636248345457445e-10,True,3.696352578131126e-07,9.33996694352669e-09,3.6956655181834143e-07,-1.557258437981871e-11,5.6875983186719224e-11,3.2696977427375003e-07,3.2704864051488713e-07,0.0,4.1303398806900515e-11,2.2148185575465982e-06,2.2252305218222424e-06,3.8899656750768897e-10,3.4769316870078843e-10,gaussian
gauss_right,22,600000,0.002,177,0.23748502306292393,development,128,k4_hidden,10,0,0.0378605160185228,0.004249738212633855,1.8681795681367863e-08,0.00012730100183287277,2.2480691828890926e-08,3.798896147523064e-09,1.896617036649233e-08,-2.843746852825058e-10,8.775597238836358,10.0,True,0.05926306764863543,5.519642918871864e-11,1.2434863621346157e-07,5.519642918871864e-11,5.519642918871864e-11,True,6.811675993211477e-09,1.86816485479226e-08,1.6345967558842522e-09,5.491347573432931e-11,2.8295345438933223e-13,True,6.72537991195768e-07,1.896766733731023e-08,6.905573102869049e-07,3.4770809084217554e-10,2.925116616534569e-10,True,1.0064399978780414e-07,1.864071497034003e-08,9.941107117773746e-08,1.3141421090169247e-11,4.2055008098549395e-11,1.237015117430798e-07,1.2434863621346157e-07,0.0,5.519642918871864e-11,7.229530783233982e-07,7.395324912902061e-07,3.330496526195696e-10,2.7785322343085096e-10,gaussian
bump_left,22,600000,0.002,177,0.44348186274361356,development,128,k4_hidden,10,0,0.023117038797522554,0.0031842040874118915,3.544241762430098e-09,4.149702521724512e-05,1.3245471578664205e-08,9.701229816234107e-09,3.5316348109027802e-09,1.2606951465569444e-11,4.92376885040954,10.0,True,0.3393406379239991,-7.203722604693242e-12,3.36476431645703e-07,7.203722604693242e-12,-7.203722604693242e-12,True,9.913715152823814e-10,3.5436148285131562e-09,6.249204924388094e-10,-7.68171394182209e-12,4.779913371288484e-13,True,2.2322356268297508e-06,3.532273355488346e-09,2.2352166936714063e-06,-1.9102468491017918e-11,1.1898745886324676e-11,True,3.371256326008556e-07,3.5474353119172337e-09,3.371275743943547e-07,-3.860235924457436e-12,3.3434866802358057e-12,3.365828577570993e-07,3.36476431645703e-07,0.0,7.203722604693242e-12,2.233358301970822e-06,2.2363878606119774e-06,-1.6669004269889643e-11,9.4652816651964e-12,compact_bump
bump_right,22,600000,0.002,177,0.32889495195335533,development,128,k4_hidden,10,0,0.02105853385315037,0.0036181422181550417,1.722252145677047e-09,1.7443153463506204e-05,3.3121069160832282e-09,1.5898547704061812e-09,1.8581950461331063e-09,-1.359429003564896e-10,7.290065652332352,10.0,True,0.2491210083216155,1.991521419457183e-11,5.069120675791659e-08,1.991521419457183e-11,1.991521419457183e-11,True,2.3827439655720207e-10,1.7222593236667213e-09,4.917375261184842e-11,1.9909194791665644e-11,6.019402906187269e-15,True,3.5164548982454914e-07,1.8586598714757457e-09,3.5395555159100303e-07,1.5731400313053628e-10,1.3739878893596444e-10,True,4.954265066592768e-08,1.7040179307610547e-09,4.9473403247046366e-08,1.6405588603085764e-12,1.8274655334263257e-11,5.07411968469747e-08,5.069120675791659e-08,0.0,1.991521419457183e-11,3.5249838116344736e-07,3.548123486633742e-07,1.5510451625753512e-10,1.3518930206296328e-10,compact_bump
step_left,22,600000,0.002,177,0.9128852702404965,development,128,k4_hidden,10,0,0.0011511586775197085,0.0021545064987867403,8.886984131418371e-10,1.9267101209277823e-05,2.368033999512059e-09,1.4793355863702223e-09,8.70691439429167e-10,1.8006973625571396e-11,2.2118864334376904,10.0,True,0.10919832001780741,-2.3546761142131702e-12,1.0100700311887723e-08,2.3546761142131702e-12,-2.3546761142131702e-12,True,1.5400196266728933e-10,8.886779094865204e-10,1.1138667450615582e-10,-2.3658118886486278e-12,1.1135774435457588e-14,True,7.608707142298004e-08,8.70600941212127e-10,7.72449615263387e-08,-2.0703114313455564e-11,1.8348438199242393e-11,True,1.1727986353542688e-08,8.914233008113017e-10,1.176920385633208e-08,3.8993422930756465e-13,2.744610343520735e-12,1.0128561530354157e-08,1.0100700311887723e-08,0.0,2.3546761142131702e-12,7.741137607012572e-08,7.864037155087671e-08,-2.1030861693103372e-11,1.86761855788902e-11,tanh_step
step_right,22,600000,0.002,177,0.9636241118102141,development,128,k4_hidden,10,0,0.0072399617131757715,0.0022917175194824453,4.828706179282054e-09,3.7603660842807945e-05,7.257077859379655e-09,2.4283716800976007e-09,4.817786820674356e-09,1.091935874838056e-11,2.4721576173281727,10.0,True,0.21051391059551636,-2.458970306681428e-13,3.895788229031618e-08,2.458970306681428e-13,-2.458970306681428e-13,True,8.254067952578238e-10,4.82856980551173e-09,5.263513745672082e-10,-3.3681298102015114e-13,9.091595035200833e-14,True,9.083370655808292e-07,4.817594693360352e-09,9.038810686695673e-07,-1.1225116589329024e-11,1.097921955866088e-11,True,4.107994505317626e-08,4.828917696312215e-09,4.0952966011401975e-08,1.081427732816012e-14,2.5671130799630295e-13,3.893723649610989e-08,3.895788229031618e-08,0.0,2.458970306681428e-13,9.097108088964306e-07,9.051212353368515e-07,-1.1174451742790652e-11,1.0928554712122509e-11,tanh_step
kink_abs,22,600000,0.002,177,0.6214766720163144,development,128,k4_hidden,10,0,0.0038175660762796307,0.002133633618792655,2.0098594992701466e-11,1.0491157435253165e-05,2.303909189023972e-09,2.2838105940312706e-09,9.740151155188835e-12,1.0358443786060824e-11,3.9519439186795764,10.0,True,0.2218024092944113,1.9086009265457893e-11,3.7793189320494454e-08,1.9086009265457893e-11,1.9086009265457893e-11,True,2.9594193006785335e-10,2.0050205287579922e-11,7.971035865622439e-11,1.9075142540141554e-11,1.0866725316338888e-14,True,2.463713934666671e-07,9.993164253739892e-12,2.456664022285721e-07,1.006247374857303e-11,9.023535516884863e-12,True,4.411592602830697e-08,-2.5955402719266435e-13,4.391634682890459e-08,-1.2064674138480618e-12,2.0292476679305954e-11,3.7842272849191256e-08,3.7793189320494454e-08,0.0,1.9086009265457893e-11,2.5095753139819104e-07,2.50139116210552e-07,1.092601502799326e-11,8.159994237464633e-12,kink
kink_relu,22,600000,0.002,177,0.2041432706959443,development,128,k4_hidden,10,0,0.003527575249887619,0.001814127180470443,8.245123454955085e-10,8.676156375659005e-06,2.181611086891659e-09,1.3570987413961508e-09,8.01638636356066e-10,2.2873709187102157e-11,2.891239714511358,10.0,True,0.17540652433986553,-2.1720555989216253e-12,2.2432326133154426e-08,2.1720555989216253e-12,-2.1720555989216253e-12,True,1.1059569719053251e-10,8.244900322053899e-10,6.301111062594138e-11,-2.180408143648643e-12,8.352544727017549e-15,True,3.320462073173691e-07,8.014990765160703e-10,3.328354673713705e-07,-2.5211224240509233e-11,2.3039168641587607e-11,True,2.6095718649056638e-08,8.272858625260649e-10,2.6167190144426032e-08,6.179949349545195e-13,2.790050533876145e-12,2.2441922452547683e-08,2.2432326133154426e-08,0.0,2.1720555989216253e-12,3.3369327046148893e-07,3.345056978260316e-07,-2.5705010906483484e-11,2.3532955307561857e-11,kink
sine,0,600000,0.002,177,1.0,development,128,k4_hidden,1000,0,0.7618277010882564,0.0017140893914658493,1.834355426018241e-05,0.05679733260788107,2.0548489436239537e-05,2.2049351760571243e-06,1.8563408540519768e-05,-2.1985428033727858e-07,2.3460541033510274,1000.0,True,0.0012716997329819137,2.2079481395724802e-06,0.003255232864753968,2.2079481395724802e-06,2.2079481395724802e-06,True,0.004611030791831427,1.7100951835628645e-05,0.0026760962081270063,1.45083990619778e-06,7.571082333747003e-07,True,0.004606600010459283,1.7229576855472295e-05,0.0026773557671302974,1.5902011288365703e-06,6.177470107359099e-07,True,0.005402413184291725,1.5300881405834392e-05,0.0036801991039892147,-2.0137683470767612e-07,2.4093249742801563e-06,0.004523798029271763,0.003255232864753968,0.0,2.2079481395724802e-06,0.0037473219579238675,0.002271934211303738,1.7745557006335332e-06,4.333924389389471e-07,
runge,0,600000,0.002,177,1.0,development,128,k4_hidden,1000,0,0.0470778219030654,0.0019624275780744855,7.270619343145047e-07,0.00596321292545066,1.459523850418658e-06,7.324619161041533e-07,7.274408851303984e-07,-3.811512086476483e-10,2.607012824298564,1000.0,True,0.0016740777281949212,6.724490972587386e-09,0.00020829079499619938,6.724490972587386e-09,6.724490972587386e-09,True,2.3725044599123843e-05,7.2132620508386e-07,1.699688935650032e-05,2.359364228538161e-09,4.365126744049226e-09,True,2.7680829952623082e-05,7.218961747683626e-07,2.448086014498382e-05,3.036983191979247e-09,3.6875077806081393e-09,True,0.0001975980207977272,7.131058929551324e-07,0.00019614418178483066,-5.835975804841836e-09,1.2560466777429223e-08,0.00020861988548148938,0.00020829079499619938,0.0,6.724490972587386e-09,7.135229813841259e-05,6.383258828109638e-05,7.628393828340978e-09,9.039028557535919e-10,
moment3,0,600000,0.002,177,1.0,development,128,k4_hidden,1000,0,0.006340323690517466,0.003791071570915162,6.136649592339655e-07,0.0006244029676238415,6.193395512610837e-07,5.674592027118147e-09,6.163647642446803e-07,-2.6998050109318495e-09,9.669708396007493,1000.0,True,0.0016014008533010943,1.4988452321478083e-07,0.00022904235855124262,1.4988452321478083e-07,1.4988452321478083e-07,True,2.875080053910404e-06,6.133787584952966e-07,2.693813783813987e-06,1.4932631286312625e-07,5.58210351654587e-10,True,4.176438781890054e-06,6.16578200367737e-07,4.379164088208104e-06,1.5314417116451857e-07,3.2596479497377376e-09,True,0.0002648803955041167,3.4647618648807727e-07,0.0002652284154115541,-1.175976225219102e-07,2.6748214573669103e-07,0.00024029788205562526,0.00022904235855124262,0.0,1.4988452321478083e-07,0.00014161382235413278,0.00012570443987212158,2.2625142658683784e-07,7.6366903372057e-08,
moment5,0,600000,0.002,177,1.0,development,128,k4_hidden,1000,0,0.7499971634315774,0.0014083471309969872,4.8009489212848e-09,2.1579149866382136e-05,9.954535339963744e-09,5.1535864186789425e-09,4.94614505087666e-09,-1.451961296677593e-10,1.788696608119606,1000.0,True,0.00016337048094104475,7.876969041722867e-10,2.241870213432923e-06,7.876969041722867e-10,7.876969041722867e-10,True,1.4217908005623872e-09,4.800441484388822e-09,2.0428146600565354e-10,7.876253001063739e-10,7.160406591280275e-14,True,4.1296246826604804e-07,4.94565571112554e-09,4.1325787101083915e-07,9.328398385091043e-10,1.4514293433681758e-10,True,2.242011673305114e-06,4.01291668459708e-09,2.241861350031588e-06,4.8984682167735784e-14,7.876479194901189e-10,2.2420039479697476e-06,2.241870213432923e-06,0.0,7.876969041722867e-10,4.129946819170402e-07,4.13269618007224e-07,9.32810319457637e-10,1.4511341528535037e-10,
moment9,0,600000,0.002,177,1.0,development,128,k4_hidden,1000,0,0.7500008934460896,0.001405032343728593,-1.8619608866726084e-09,1.1400591847048383e-05,3.5529291830917287e-09,5.414890069764337e-09,-1.898879875939042e-09,3.69189893015334e-11,1.7895219125296733,1000.0,True,4.04309654723012e-05,-1.9833470381378368e-10,5.601126611262194e-07,1.9833470381378368e-10,-1.9833470381378368e-10,True,2.166004283553163e-10,-1.86205432836476e-09,8.84734929417204e-11,-1.9836109343347966e-10,2.638961969598022e-14,True,1.0430635429449368e-07,-1.8989682643517916e-09,1.042567051490656e-07,-2.352671698847936e-10,3.6932466071009924e-11,True,5.601318701148488e-07,-1.6636346701757392e-09,5.601366610228895e-07,5.061703502191227e-14,1.9838532084880558e-10,5.600854741650621e-07,5.601126611262194e-07,0.0,1.9833470381378368e-10,1.0437587821704911e-07,1.0428441600301819e-07,-2.3531598778596345e-10,3.698128397217977e-11,
mixed_sine,0,600000,0.002,177,0.8100925873009825,development,128,k4_hidden,1000,0,0.3222390494810924,0.002773968059423533,2.177743776979215e-06,0.012129215357631272,2.757714317257287e-06,5.799705402780719e-07,2.2071928965533457e-06,-2.9449119574187564e-08,3.434253836255886,1000.0,True,0.014060704514852192,4.696108981016258e-07,0.000559578063565938,4.696108981016258e-07,4.696108981016258e-07,True,2.9787408847877897e-05,2.167592293970098e-06,1.5193999716507418e-05,4.663315278395515e-07,3.2793702620743278e-09,True,3.8691813288051175e-05,2.2014022043756724e-06,4.163321034337307e-05,5.013624831524729e-07,3.175158505084705e-08,True,0.0004599907346984759,1.7958894167569812e-06,0.0004483196449870415,9.571343246110945e-08,3.7389746564051636e-07,0.0005620522231801386,0.000559578063565938,0.0,4.696108981016258e-07,0.00012434382884665257,0.0001270436008439053,3.641734558882396e-07,1.0543744221338619e-07,
localized_sine,0,600000,0.002,177,0.4822374526221915,development,128,k4_hidden,1000,0,0.19276266158754962,0.003282721371917638,1.5553411789410433e-06,0.008203949270151894,2.6244941085252666e-06,1.0691529295842227e-06,1.555578902528156e-06,-2.3974237524558235e-10,6.5794776508338755,1000.0,True,0.0077351317306887804,9.067465097103325e-09,0.0004813343583859927,9.067465097103325e-09,9.067465097103325e-09,True,3.41330529010397e-05,1.5385893783607566e-06,3.312126117171581e-05,-3.94875477258249e-09,1.3016219869685814e-08,True,3.290192841440306e-05,1.5402143273014367e-06,3.399314723115396e-05,-1.4191029219134278e-09,1.0486568019016753e-08,True,0.0003854763477942914,1.418363354089192e-06,0.0003825427815869248,-1.241395224117907e-07,1.3320698750889402e-07,0.0005029946126859766,0.0004813343583859927,0.0,9.067465097103325e-09,0.0003736058767566437,0.00034784917232351056,7.978818736607021e-08,7.072072226896688e-08,
chirp,0,600000,0.002,177,0.7001068817853702,development,128,k4_hidden,1000,0,0.7324410020964444,0.0021767794791411857,3.429412441031416e-06,0.022618944517208424,4.2694494219550895e-06,8.400369809236737e-07,3.4611950037670482e-06,-3.178256273573324e-08,4.75107837796035,1000.0,True,0.009730724715879201,4.268374705968764e-07,0.0009477317472279727,4.268374705968764e-07,4.268374705968764e-07,True,0.0002890020538989063,3.4036450727849572e-06,0.000169902350367901,4.017525835176922e-07,2.508488707918419e-08,True,0.0003324453727331884,3.456370064107479e-06,0.00021485927572113418,4.513030413757464e-07,2.4465570778870013e-08,True,0.0006749004276248466,3.122408978101522e-06,0.0006676104159486804,1.1716753732547361e-07,3.0966993327140276e-07,0.0009620636057672633,0.0009477317472279727,0.0,4.268374705968764e-07,0.0007271488111732664,0.0006939053524721321,2.209994086897569e-07,2.0583806190711948e-07,
moment4,0,600000,0.002,177,1.0,development,128,k4_hidden,1000,0,0.7499834850526031,0.0014156428801946363,2.397529529015365e-08,0.00014829522488012489,4.46724061739363e-08,2.0697110883782645e-08,2.411326281910976e-08,-1.3796752880938065e-10,1.7922354154704745,1000.0,True,5.652865570416652e-06,7.679772702909791e-10,2.1757423777362686e-06,7.679772702909791e-10,7.679772702909791e-10,True,1.0621684676231578e-07,2.395338541894138e-08,1.8470484023032763e-08,7.64153963175546e-10,3.823307115433076e-12,True,3.9826004155513794e-07,2.4092222454998276e-08,3.963689538704644e-07,9.037675993702685e-10,1.3579032907928938e-10,True,2.182830395275428e-06,2.3190537493088825e-08,2.1760033006215237e-06,-6.103167146307442e-13,7.685875870056099e-10,2.1818138033652124e-06,2.1757423777362686e-06,0.0,7.679772702909791e-10,3.9607635747581324e-07,3.965322761320787e-07,9.043838979684763e-10,1.364066276774972e-10,
blend_m010,0,600000,0.002,177,1.0,development,128,k4_hidden,1000,0,0.7496045035942132,0.0015123230430302596,3.101156661270074e-07,0.0009796156403645167,4.3035114152403323e-07,1.2023547539702583e-07,3.1163755362634404e-07,-1.5218874994076068e-09,1.7988273283879341,1000.0,True,0.00016335625990092606,1.0649231699268378e-08,6.974618155089101e-05,1.0649231699268378e-08,1.0649231699268378e-08,True,2.259429614768091e-06,3.096437189018913e-07,8.577205389761982e-07,1.0476464263121092e-08,1.7276743614728613e-10,True,1.0181404517601305e-05,3.1118500867597223e-07,1.0299240035597797e-05,1.2030491353017889e-08,1.3812596537495106e-09,True,6.98096629870947e-05,2.991952793869457e-07,6.974996841016998e-05,-4.73207712805149e-12,1.065396377639643e-08,6.979897246921366e-05,6.974618155089101e-05,0.0,1.0649231699268378e-08,1.0176020079277593e-05,1.0302508837070056e-05,1.2037618203873597e-08,1.3883865046052186e-09,
blend_p001,0,600000,0.002,177,1.0,development,128,k4_hidden,1000,0,0.7500129610268843,0.001399469953955112,-1.2591303133185918e-08,4.511750160273426e-05,1.1182464631534057e-08,2.3773767764719973e-08,-1.300227844035021e-08,4.1097530732753413e-10,1.7914596440691375,1000.0,True,0.0003938671011997409,-2.1863620068143942e-09,6.081500616290943e-06,2.1863620068143942e-09,-2.1863620068143942e-09,True,3.449235219440681e-09,-1.2592524090078628e-08,7.197014986764765e-10,-2.1866012797579113e-09,2.392729435170876e-13,True,1.1435151455408957e-06,-1.300340297881676e-08,1.1424597814298245e-06,-2.5973446255821555e-09,4.109826187677613e-10,True,6.081276719381048e-06,-1.0405726942802689e-08,6.081539783767309e-06,4.86216139467581e-14,2.186410628428341e-09,6.081162091950128e-06,6.081500616290943e-06,0.0,2.1863620068143942e-09,1.1436829437582959e-06,1.1425474799664604e-06,-2.597422973982658e-09,4.110609671682638e-10,
blend_p010,0,600000,0.002,177,1.0,development,128,k4_hidden,1000,0,0.7500462458760327,0.001376327787469311,-2.0208256712378876e-08,0.0003592983133818805,1.3281881015438885e-07,1.5302706686676772e-07,-2.4498743828074938e-08,4.29048711579011e-09,1.8234083675805188,1000.0,True,0.0005639569119896815,-2.1973095070086677e-08,4.881799923304045e-05,2.1973095070086677e-08,-2.1973095070086677e-08,True,2.90590253739757e-07,-2.03204596222028e-08,1.0087773770342421e-07,-2.2006535510629644e-08,3.344044054296646e-11,True,9.543126983395516e-06,-2.4614423300836603e-08,9.53169957197179e-06,-2.630159679800918e-08,4.328501727922504e-09,True,4.880188328936254e-05,1.6826745230813406e-09,4.881791401656062e-05,-3.121229415658627e-13,2.1972782947145112e-08,4.880172095047994e-05,4.881799923304045e-05,0.0,2.1973095070086677e-08,9.543461088592778e-06,9.531900954781807e-06,-2.6301341901850793e-08,4.328246831764116e-09,
blend_p030,0,600000,0.002,177,1.0,development,128,k4_hidden,1000,0,0.6898584142216037,0.0021841470298167606,1.6590166891151077e-06,0.003647961803151975,2.0208553938529366e-06,3.61838704737829e-07,1.6909062831966122e-06,-3.188959408111714e-08,3.394418962637891,1000.0,True,0.0026503727268653433,5.593842956698398e-07,0.000782027270689567,5.593842956698398e-07,5.593842956698398e-07,True,2.4124874469886803e-05,1.653008322012726e-06,6.099678547135117e-06,5.579289945249284e-07,1.4553011449114178e-09,True,4.609888652284414e-05,1.6866661074318914e-06,4.047861281098647e-05,5.933026059304218e-07,3.3918310260581996e-08,True,0.0007615810090782289,9.964370622331294e-07,0.0007636254340913235,-9.804663765827344e-08,6.574309333281132e-07,0.0007749123012675612,0.000782027270689567,0.0,5.593842956698398e-07,0.00023029026084868084,0.0002370025349114035,6.735331591295515e-07,1.1414886345971168e-07,
exp_right,22,600000,0.002,177,2.6119867843594364,development,128,k4_hidden,1000,0,0.00014940708152858906,0.00168528486073912,4.445336307253892e-08,0.000247369640102802,8.027415935966872e-08,3.5820796287129804e-08,4.4710579610165925e-08,-2.572165376713557e-10,3.2444162787169115,1000.0,True,0.009497562293218144,2.858649228082712e-10,5.0380069204457386e-05,2.858649228082712e-10,2.858649228082712e-10,True,2.901801509997941e-07,4.4404540986535004e-08,1.0099156880829751e-07,2.690738623896192e-10,1.6791060418651998e-11,True,2.6964256206167873e-06,4.4771812964362454e-08,2.7336790534881518e-06,6.386874920956874e-10,3.528225692874162e-10,True,4.171594634328485e-05,3.86711569269219e-08,4.1652011077896684e-05,-5.460817911237207e-09,5.746682834045478e-09,5.049538273539241e-05,5.0380069204457386e-05,0.0,2.858649228082712e-10,2.8688047128699442e-05,2.859661456862678e-05,4.934129808618323e-09,4.648264885810052e-09,exponential
exp_left,22,600000,0.002,177,13.649519383995864,development,128,k4_hidden,1000,0,0.0005797783665759507,0.0018554771011192737,-6.281091503458863e-08,0.0002435759451565523,4.4729183635717694e-08,1.0754009867030633e-07,-6.364993285836689e-08,8.390178235423814e-10,4.651966713383267,1000.0,True,0.019285277960045016,-1.8335175491749336e-08,0.00010162136236529833,1.8335175491749336e-08,-1.8335175491749336e-08,True,1.1825477498373763e-06,-6.285674998645063e-08,3.412596817683777e-07,-1.836106943559723e-08,2.5893943847891983e-11,True,4.536739748779646e-06,-6.3600481116702e-08,4.671135230715784e-06,-1.9115141221954735e-08,7.799657302053984e-10,True,8.269027126702884e-05,-4.8814722763338265e-08,8.243078768390859e-05,-4.333084758691522e-09,1.4002090733057814e-08,0.00010202237440854327,0.00010162136236529833,0.0,1.8335175491749336e-08,7.042574124773395e-05,7.004864475469292e-05,-1.5858295090389454e-08,2.476880401359883e-09,exponential
gauss_left,22,600000,0.002,177,0.3713011646461742,development,128,k4_hidden,1000,0,0.006096587212623214,0.003468179211544884,9.020050794309023e-07,0.00525316947049309,1.5900241785922787e-06,6.880190991613766e-07,9.018443117406569e-07,1.6076769026311173e-10,5.643144949729434,1000.0,True,0.013973812751486228,-3.126929765597668e-08,0.00028175287643707084,3.126929765597668e-08,-3.126929765597668e-08,True,1.2058210004098977e-05,8.947179162040276e-07,9.828766183227303e-06,-3.6823206284166356e-08,5.553908628189679e-09,True,1.0724308891014825e-05,8.947635239763631e-07,8.412576063543167e-06,-3.653626266435748e-08,5.266965008380804e-09,True,0.0003537830151969365,8.288540776447154e-07,0.000352400822198137,-1.0266618046388794e-07,7.139688280791126e-08,0.0002971282568097046,0.00028175287643707084,0.0,3.126929765597668e-08,0.0003697229000519692,0.00035453538516667303,3.889965675540654e-08,7.016895441138322e-08,gaussian
gauss_right,22,600000,0.002,177,0.23748502306292393,development,128,k4_hidden,1000,0,0.03748212305534943,0.004251661053279879,1.94152244170526e-06,0.012797415263061811,2.3376380859574715e-06,3.9611564425221137e-07,1.943398675684697e-06,-1.8762339778113423e-09,8.806258470624659,1000.0,True,0.002228485046360846,8.561488553077472e-08,0.00043096392027416755,8.561488553077472e-08,8.561488553077472e-08,True,4.8457219198894794e-05,1.9389097012266115e-06,2.4407154407121012e-05,8.111969196550016e-08,4.495193565274558e-09,True,4.970162297096606e-05,1.941381097494438e-06,2.467291540302473e-05,8.426555562569114e-08,1.3493299050835794e-09,True,8.212617785000658e-05,1.9012001092181148e-06,7.801039446175679e-05,4.31824317835736e-08,4.2432453747201116e-08,0.00042279045617916,0.00043096392027416755,0.0,8.561488553077472e-08,0.0004404916476488349,0.00044863925576323126,3.3304965266545835e-08,5.230992026422888e-08,gaussian
bump_left,22,600000,0.002,177,0.44348186274361356,development,128,k4_hidden,1000,0,0.023022376436808125,0.003184539542394115,3.389992239863012e-07,0.003977123964483168,1.3314223967779358e-06,9.924231727916345e-07,3.390832648117818e-07,-8.404082574270606e-11,4.925068299368552,1000.0,True,0.010594205429363797,-1.6886820010702307e-08,0.0003203898612752385,1.6886820010702307e-08,-1.6886820010702307e-08,True,1.4030801224407968e-05,3.312780767572629e-07,8.986326280949763e-06,-2.2864298114305754e-08,5.977478103603447e-09,True,1.1705534275015489e-05,3.317647653012404e-07,8.062817966051225e-06,-2.2379918199036453e-08,5.493098188334146e-09,True,0.0002862396941111792,3.2251922638162165e-07,0.0002843795712293651,-3.162143060531955e-08,1.4734610594617242e-08,0.0003227887460520059,0.0003203898612752385,0.0,1.6886820010702307e-08,0.0002070142905812217,0.00020435541965997035,-1.66690042682196e-09,1.521991958388035e-08,compact_bump
bump_right,22,600000,0.002,177,0.32889495195335533,development,128,k4_hidden,1000,0,0.021052958956436142,0.0036183352778020044,1.9478189910905447e-07,0.0017544830082449614,3.575508047274869e-07,1.6276890561843243e-07,1.957351301008937e-07,-9.532309937569399e-10,7.291931069622564,1000.0,True,0.0055552355505340606,2.5465597671959395e-08,6.0250339352504635e-05,2.5465597671959395e-08,2.5465597671959395e-08,True,1.9007052537322085e-06,1.9476720549261368e-07,4.82776034590771e-07,2.5289351382505105e-08,1.762462894542894e-10,True,3.609190928566467e-06,1.960389311586255e-07,2.6491974091616844e-06,2.667024543031424e-08,1.2046477583548444e-09,True,3.3784761063939714e-05,1.7755304824386835e-07,3.3727587483301614e-05,8.062771613873108e-09,1.7402826058086288e-08,5.9645994320039e-05,6.0250339352504635e-05,0.0,2.5465597671959395e-08,4.488420629381535e-05,4.626691358716597e-05,1.5510451619268358e-08,9.955146052691037e-09,compact_bump
step_left,22,600000,0.002,177,0.9128852702404965,development,128,k4_hidden,1000,0,0.0011449051137384088,0.002154595412227137,8.980213881005444e-08,0.001921012271359381,2.3586563896594792e-07,1.4606350015589347e-07,9.006241407906482e-08,-2.6027526854442064e-10,2.2117782859125077,1000.0,True,0.011549016191465165,7.009459939848437e-10,4.725627286839347e-06,7.009459939848437e-10,7.009459939848437e-10,True,1.7461226763502858e-06,8.948258837734084e-08,1.1958296545319497e-06,5.551339900859289e-10,1.4581200389891484e-10,True,1.757777734327158e-06,8.973779910232624e-08,1.5366345151355498e-06,8.215799164100468e-10,1.206339224252031e-10,True,1.1928530644309985e-05,9.237269013664702e-08,1.230214181093142e-05,3.484565754322624e-09,2.7836197603377806e-09,6.902778894479912e-06,4.725627286839347e-06,0.0,7.009459939848437e-10,1.2802272962633405e-05,1.2135846534667467e-05,-2.103086167590736e-09,2.8040321615755797e-09,tanh_step
step_right,22,600000,0.002,177,0.9636241118102141,development,128,k4_hidden,1000,0,0.0072151072430568725,0.002292194343357038,4.816525807719467e-07,0.00375181338389646,6.960471938760341e-07,2.1439461310408739e-07,4.815555807558175e-07,9.700001688660156e-11,2.476181875171407,1000.0,True,0.003070930861229324,-7.53297475324862e-10,7.829051153497922e-05,7.53297475324862e-10,-7.53297475324862e-10,True,9.27529760427e-06,4.802193506919319e-07,5.9433609500351906e-06,-1.6861615067650017e-09,9.328640314401396e-10,True,1.1463934867622313e-05,4.800342769543665e-07,9.442626204458993e-06,-1.8612461826285996e-09,1.1079487073037375e-09,True,9.734511395442308e-05,4.816603245179176e-07,9.60365311143135e-05,-2.457331144135638e-10,5.075643609112983e-10,7.851819630368477e-05,7.829051153497922e-05,0.0,7.53297475324862e-10,2.452476943092581e-05,2.233458720065595e-05,-1.1174451726962526e-09,3.6414769737139054e-10,tanh_step
kink_abs,22,600000,0.002,177,0.6214766720163144,development,128,k4_hidden,1000,0,0.0038115392869970924,0.002133627426055682,-6.172638378155262e-09,0.0010317519386328301,2.2611121306062375e-07,2.32283851438779e-07,-6.802614398567839e-09,6.299760204019152e-10,3.953607805421563,1000.0,True,0.002510095628135739,-6.0878490368626236e-09,2.839599213994959e-05,6.0878490368626236e-09,-6.0878490368626236e-09,True,3.706649539371338e-06,-6.704037103641276e-09,1.1984548727663635e-06,-5.982668358843688e-09,1.0518067801893549e-10,True,2.9997988734562718e-06,-7.275676242185734e-09,1.0506545463761748e-06,-6.380451133722346e-09,2.926020968597224e-10,True,4.61911819447384e-05,-1.1261161599669916e-08,4.4159537241674333e-05,-1.0469845904425894e-08,4.38199686756327e-09,2.8672850992779594e-05,2.839599213994959e-05,0.0,6.0878490368626236e-09,4.768175715559292e-05,4.7931469495658055e-05,1.0926015033636272e-09,7.180450540226251e-09,kink
kink_relu,22,600000,0.002,177,0.2041432706959443,development,128,k4_hidden,1000,0,0.003525855275539405,0.0018142108174435555,8.446148545759833e-08,0.0008972176311902235,2.2208860232549116e-07,1.3762711686789282e-07,8.4454256092189e-08,7.229365525235577e-12,2.889952333824477,1000.0,True,0.016698515732641663,1.824000481705786e-09,3.8734910960765696e-05,1.824000481705786e-09,1.824000481705786e-09,True,1.087181576527675e-06,8.422916131242292e-08,5.943668527617264e-07,1.7518082490705565e-09,7.219223263522946e-11,True,1.5411630559652303e-06,8.417097762247758e-08,9.319585117193231e-07,1.7003396258200284e-09,1.2366085588575756e-10,True,3.977352456841512e-05,8.781735381194931e-08,4.037764784645997e-05,5.351863967767761e-09,3.527863486061975e-09,3.768039887540023e-05,3.8734910960765696e-05,0.0,1.824000481705786e-09,3.540056046236569e-05,3.631630212423806e-05,-2.5705010904989643e-09,4.39450157220475e-09,kink
sine,0,600000,0.002,177,1.0,development,128,k4_hidden,10000,0,0.5498721156588534,0.001944201877193336,0.0002484560399876691,0.7909364792006964,0.0002650059400144892,1.6549900026820145e-05,0.0002482559719411349,2.0006804653549097e-07,3.558015362881592,10000.0,True,0.002738449149731552,4.560217151406562e-05,0.12660089155562454,4.560217151406562e-05,4.560217151406562e-05,True,0.3417905134573765,0.0001458074891183869,0.16234614657373453,1.7916282390221963e-06,4.3810543275043424e-05,True,0.34181963465377385,0.00014556763814154672,0.16236990371182758,2.0298730471493916e-06,4.357229846691623e-05,True,0.34770863765301246,0.00012489899311729212,0.16599759804919206,-1.7238009173760706e-05,6.284018068782633e-05,0.2646428889533747,0.12660089155562454,0.0,4.560217151406562e-05,0.26412111923761883,0.12923725685426013,1.774555700633517e-05,2.785661450773045e-05,
runge,0,600000,0.002,177,1.0,development,128,k4_hidden,10000,0,0.042063659758311056,0.0019690032178382648,7.30270169809449e-06,0.05795472801905984,1.3834355082447376e-05,6.531653384352887e-06,7.301723069361532e-06,9.581155550111466e-10,2.700895863661733,10000.0,True,0.0033442283233475344,9.245036561741686e-08,0.0038590095783644115,9.245036561741686e-08,9.245036561741686e-08,True,0.0015914301684032911,6.871623564784586e-06,0.0010615727063597144,-2.215411207639926e-07,3.139914863814094e-07,True,0.0015909090310482152,6.870933296949941e-06,0.0010643828923281675,-2.2046806683784112e-07,3.12918432455258e-07,True,0.003401617450597555,6.679755495555144e-06,0.003092622948266934,-4.130986653074884e-07,5.055490309249053e-07,0.004586798167246605,0.0038590095783644115,0.0,9.245036561741686e-08,0.004382110568964544,0.003490012338464039,1.0518842087573675e-07,1.2738055258319895e-08,
moment3,0,600000,0.002,177,1.0,development,128,k4_hidden,10000,0,0.006135769764855496,0.0037952143261428695,4.756420186941317e-06,0.005682985608077556,5.130287651034304e-06,3.738674640929863e-07,4.752956231374774e-06,3.4639555649721167e-09,9.762519114211143,10000.0,True,0.001668126918230029,5.526819213835816e-07,0.004656665598005418,5.526819213835816e-07,5.526819213835816e-07,True,0.00023082290668825366,4.713458885457408e-06,0.00020348518184406825,5.099833485218397e-07,4.2698572861741926e-08,True,0.0002309404782356742,4.709281147874542e-06,0.0002034168860863212,5.120129756626809e-07,4.066894572090073e-08,True,0.0027794178959607077,1.7916066932180993e-06,0.002781478293534211,-2.4126320836203496e-06,2.965314005003931e-06,0.0062787331810073765,0.004656665598005418,0.0,5.526819213835816e-07,0.005961808711547898,0.004325223338826387,2.262514265868689e-06,1.7098323444851073e-06,
moment5,0,600000,0.002,177,1.0,development,128,k4_hidden,10000,0,0.7499971576050586,0.0014083917005897355,4.937054166941251e-08,0.0002169049144171577,9.995721876857342e-08,5.058667709916091e-08,4.951585248845555e-08,-1.453108188194704e-10,1.788691484143311,10000.0,True,7.847204537388589e-06,9.196939641454516e-09,2.6147235474230977e-05,9.196939641454516e-09,9.196939641454516e-09,True,1.4466077835306034e-07,4.932015218844891e-08,2.542608524344653e-08,9.18577492653359e-09,1.116471492092588e-11,True,4.1182019984078224e-07,4.946567040877977e-08,4.0370486082260907e-07,9.331049883694229e-09,1.3411024223971341e-10,True,2.616167373890743e-05,4.0140033068421225e-08,2.6146301320477067e-05,4.894362007434199e-12,9.192045279447081e-09,2.6161562946895933e-05,2.6147235474230977e-05,0.0,9.196939641454516e-09,4.569819903777972e-07,4.079092886101272e-07,9.32810319429376e-09,1.3116355283924419e-10,
moment9,0,600000,0.002,177,1.0,development,128,k4_hidden,10000,0,0.7500008911689621,0.0014050152768835444,-1.892880593489782e-08,0.00011395398161849071,3.5292107081512965e-08,5.422091301641079e-08,-1.896583140515629e-08,3.702547132439638e-11,1.789519356517433,10000.0,True,8.254163680813526e-06,-2.3084166227231816e-09,6.53591958771636e-06,2.3084166227231816e-09,-2.3084166227231816e-09,True,2.1605243230688747e-08,-1.8937763863606405e-08,8.96951486941476e-09,-2.3113561562509544e-09,2.9395335277728707e-12,True,1.0860617519357143e-07,-1.897473035401719e-08,1.0591658301734232e-07,-2.3482822497370992e-09,3.986562701391765e-11,True,6.537623471746356e-06,-1.6621232990149922e-08,6.538078412880873e-06,5.057122221301548e-12,2.3134737449444833e-09,6.5360974512934005e-06,6.53591958771636e-06,0.0,2.3084166227231816e-09,2.3999045075526784e-07,1.2241326777251148e-07,-2.353159877966026e-09,4.474325524284422e-11,
mixed_sine,0,600000,0.002,177,0.8100925873009825,development,128,k4_hidden,10000,0,0.32083481198339664,0.0027967918429633925,2.5001527316838967e-05,0.12039631857536924,2.949408379304755e-05,4.492556476208581e-06,2.5041973814077468e-05,-4.0446497239476186e-08,3.403875142835626,10000.0,True,0.0007107919855055915,7.912961546114212e-06,0.009388974288376335,7.912961546114212e-06,7.912961546114212e-06,True,0.002525980770185343,2.4421894031630722e-05,0.001264303044264139,7.874982424682242e-06,3.7979121431969294e-08,True,0.002507323835903266,2.44808530144647e-05,0.00126923273918354,7.938593756253224e-06,2.5632210139012475e-08,True,0.006922687674866525,1.959104820227542e-05,0.005864629934983636,3.0472514453150454e-06,4.865710100799166e-06,0.009882817852564188,0.009388974288376335,0.0,7.912961546114212e-06,0.005694406827136663,0.005132093170340609,3.6417345588820726e-06,4.271226987232139e-06,
localized_sine,0,600000,0.002,177,0.4822374526221915,development,128,k4_hidden,10000,0,0.19020141119732592,0.003294049977789875,1.2883947051178461e-05,0.07976969796330204,2.2953644653998293e-05,1.0069697602819831e-05,1.2875412746478886e-05,8.532285909830463e-09,6.815895631813672,10000.0,True,0.0037238089436694194,-2.034340448879835e-06,0.015598356136347018,2.034340448879835e-06,-2.034340448879835e-06,True,0.002190547514507611,1.1725842168341078e-05,0.0022221439264049274,-2.8909176198133966e-06,8.565771709335616e-07,True,0.002206654262334055,1.1708513982000085e-05,0.002223689537023497,-2.8960065164606964e-06,8.616660675808613e-07,True,0.006945951422011538,9.80522387205426e-06,0.006493487821086253,-4.812887207487377e-06,2.7785467586075417e-06,0.01857153421903632,0.015598356136347018,0.0,2.034340448879835e-06,0.017981788481706194,0.014975049663123033,8.613767470183069e-07,2.895717195898142e-06,
chirp,0,600000,0.002,177,0.7001068817853702,development,128,k4_hidden,10000,0,0.7148628980854941,0.0022088173719179934,3.54673052178395e-05,0.2171259599615141,4.353455653469712e-05,8.067251316857618e-06,3.5478568175512845e-05,-1.126295767212357e-08,5.468570857205086,10000.0,True,0.0038119075452983995,5.726727321357596e-06,0.018364235228291996,5.726727321357596e-06,5.726727321357596e-06,True,0.02025777219338735,3.229701021641452e-05,0.01331040603124778,3.7123937157447944e-06,2.014333605612802e-06,True,0.02024802505680569,3.232670117031814e-05,0.013312368487316033,3.7754337136955183e-06,1.951293607662078e-06,True,0.023377764907989696,2.7242259376061137e-05,0.017545265269578263,-1.3108036221652642e-06,7.03753094352286e-06,0.02296645891882844,0.018364235228291996,0.0,5.726727321357596e-06,0.023242355665469623,0.018191012391535175,2.2099940868974386e-06,3.5167332344601576e-06,
moment4,0,600000,0.002,177,1.0,development,128,k4_hidden,10000,0,0.7499832136270704,0.0014158615718815226,2.426669821768673e-07,0.0014898557891580028,4.481341991300275e-07,2.0546721695316018e-07,2.4279667761792313e-07,-1.296954401825926e-10,1.7925161109520678,10000.0,True,1.030327446654494e-05,9.314079188703373e-09,2.5725579058929965e-05,9.314079188703373e-09,9.314079188703373e-09,True,1.0699664623997075e-05,2.405456698556209e-07,1.9098487915275588e-06,8.843712853249761e-09,4.703663354536124e-10,True,1.0674255983749602e-05,2.4068555842009737e-07,1.8732350995450827e-06,8.98231295893235e-09,3.317662297710235e-10,True,2.822477687511764e-05,2.3166924687020266e-07,2.5764761504162665e-05,-6.092630855529696e-11,9.37500549725867e-09,2.7790751686406265e-05,2.5725579058929965e-05,0.0,9.314079188703373e-09,9.609440577093904e-06,1.657174080053284e-06,9.04383897973503e-09,2.7024020896834406e-10,
blend_m010,0,600000,0.002,177,1.0,development,128,k4_hidden,10000,0,0.749590057733306,0.0015151689990238074,3.156071659674671e-06,0.00999711701112157,4.348471528547545e-06,1.1923998688728746e-06,3.1574042770373336e-06,-1.3326173638575786e-09,1.8033624535167272,10000.0,True,0.00021546291652890418,1.3837451957773446e-07,0.0008099672958118471,1.3837451957773446e-07,1.3837451957773446e-07,True,0.00023315946794736812,3.108418281678538e-06,9.298995255762181e-05,1.1812513955510535e-07,2.0249380022629107e-08,True,0.00023245054444546979,3.10996493887544e-06,9.18325781489739e-05,1.1966399060377575e-07,1.8710528973958713e-08,True,0.000840720588749049,2.9902829201157922e-06,0.0008105200197178115,-4.72600464236613e-10,1.3884712004197108e-07,0.0008381273802726762,0.0008099672958118471,0.0,1.3837451957773446e-07,0.00022527690657899894,8.939996186307767e-05,1.2037618203879923e-07,1.7998337538935226e-08,
blend_p001,0,600000,0.002,177,1.0,development,128,k4_hidden,10000,0,0.7500129365910106,0.0013993530706697857,-1.2947458845942448e-07,0.0004547831293114779,1.1032098885276123e-07,2.397955773121857e-07,-1.2988738334877298e-07,4.127948890598515e-10,1.7914931299636212,10000.0,True,1.211949714773837e-05,-2.5515084539828733e-08,7.10625317044061e-05,2.5515084539828733e-08,-2.5515084539828733e-08,True,3.553558660950436e-07,-1.2960048323165745e-07,8.758288703072907e-08,-2.5555323592700843e-08,4.0239052872110017e-11,True,1.2535164478744895e-06,-1.3001220046199636e-07,1.1722707714132823e-06,-2.5966396332071557e-08,4.513117922428246e-10,True,7.104084543022219e-05,-1.040381187131138e-07,7.106641270794632e-05,4.857735750242311e-12,2.5519942275578974e-08,7.102996365454149e-05,7.10625317044061e-05,0.0,2.5515084539828733e-08,1.3073737146680218e-06,1.183817709435315e-06,-2.5974229739964252e-08,4.591452001355196e-10,
blend_p010,0,600000,0.002,177,1.0,development,128,k4_hidden,10000,0,0.7500445565093692,0.001376118585098325,-2.2941062769839318e-07,0.0036349925410776875,1.3196591531822288e-06,1.549069780880622e-06,-2.3367061912933497e-07,4.259991431264437e-09,1.8256978471522196,10000.0,True,4.977312207491748e-05,-2.544126443053433e-07,0.0005732788747549534,2.544126443053433e-07,-2.544126443053433e-07,True,3.052628994562912e-05,-2.419119197663935e-07,1.1234341806306435e-05,-2.5873657374834573e-07,4.3239294430024534e-09,True,3.2680337149023515e-05,-2.462182258737704e-07,1.5224854732489637e-05,-2.6303886846454095e-07,8.626224159197678e-09,True,0.0005722859646073887,1.6747595547389482e-08,0.000573271669436148,-3.1177941538576744e-11,2.543814663638047e-07,0.0005722549396417946,0.0005732788747549534,0.0,2.544126443053433e-07,3.237276182727511e-05,1.5154315113862053e-05,-2.630134190186023e-07,8.600774713259035e-09,
blend_p030,0,600000,0.002,177,1.0,development,128,k4_hidden,10000,0,0.6892151540530262,0.0021949328806073367,1.2444867479691019e-05,0.0435203369267853,1.6697387363857966e-05,4.2525198841669486e-06,1.2436736517786605e-05,8.119334459550553e-09,3.5329948420270716,10000.0,True,0.002154057369205659,1.466082435328666e-06,0.01608220177553947,1.466082435328666e-06,1.466082435328666e-06,True,0.0029029255871217507,1.1879651283453174e-05,0.0006563288328822766,1.2813839073576926e-06,1.8469852797097352e-07,True,0.002896881079819179,1.1873412849779994e-05,0.0006506995832061724,1.2895084665221502e-06,1.7657396880651591e-07,True,0.009880710078400502,3.8370451095027055e-06,0.008991219441672235,-6.758900653560585e-06,8.224983088889252e-06,0.015188939796482056,0.01608220177553947,0.0,1.466082435328666e-06,0.013821725629629602,0.014532271549751136,6.810746347392974e-06,5.344663912064308e-06,
exp_right,22,600000,0.002,177,2.6119867843594364,development,128,k4_hidden,10000,0,0.00014508089392256305,0.0016855641849821375,3.237776060903215e-07,0.002436382603641676,6.670350226386268e-07,3.432574165483053e-07,3.237315962430989e-07,4.6009848453289386e-11,3.2540892524652008,10000.0,True,0.0006246576907090986,-1.1729644389793411e-07,0.0011688954236233294,1.1729644389793411e-07,-1.1729644389793411e-07,True,2.6253005096993768e-05,3.1992732334088837e-07,1.4347382743626442e-05,-1.1911053741604072e-07,1.8140935181066136e-09,True,2.6170010037577156e-05,3.1985857559073933e-07,1.4123572390433537e-05,-1.1916587399960699e-07,1.869430101672885e-09,True,0.0005371110640461383,2.2376898557383705e-07,0.0005288477284060873,-2.1523640510223761e-07,9.79399612043035e-08,0.001180429764380727,0.0011688954236233294,0.0,1.1729644389793411e-07,0.0010891449555191972,0.0010794901059704872,4.9341298086062876e-08,1.6663774198399698e-07,exponential
exp_left,22,600000,0.002,177,13.649519383995864,development,128,k4_hidden,10000,0,0.0005673305659495538,0.001854857480566572,-6.824314677365942e-07,0.0019274555035762,3.358963564837116e-07,1.0183278242203058e-06,-6.828925396403875e-07,4.610719037972369e-10,4.670879092215225,10000.0,True,0.00022103296276578782,-2.3241512717061935e-07,0.0016909075084175433,2.3241512717061935e-07,-2.3241512717061935e-07,True,0.00010834104327745149,-6.850102530479176e-07,4.1346021676684855e-05,-2.3458493469538213e-07,2.1698075247627853e-09,True,0.00010806033968739874,-6.854062649215047e-07,4.107056302136993e-05,-2.3495720837807474e-07,2.5420812074553887e-09,True,0.0010229770214082122,-5.498246207084034e-07,0.0010094474686058144,-9.941273243316627e-08,1.3300239473745308e-07,0.0017336392683817978,0.0016909075084175433,0.0,2.3241512717061935e-07,0.0015629076546645846,0.001524521598886985,-1.5858295090382668e-07,7.383217626679267e-08,exponential
gauss_left,22,600000,0.002,177,0.3713011646461742,development,128,k4_hidden,10000,0,0.0050774807095935355,0.003475442781315415,8.16557484996221e-06,0.048817945933308404,1.4056662242511584e-05,5.891087392549372e-06,8.16335860503953e-06,2.1927701089052587e-09,5.710663183617367,10000.0,True,0.00367123025198081,-1.0826716320888906e-06,0.007228032086457592,1.0826716320888906e-06,-1.0826716320888906e-06,True,0.0013099147639099294,7.612487392659095e-06,0.0009380963599531619,-1.4432450744519817e-06,3.6057344236309105e-07,True,0.0013183804034455717,7.6065879748321946e-06,0.0009437820195057474,-1.444638333551133e-06,3.619667014622423e-07,True,0.004874882729749155,6.625828142784847e-06,0.004598979408814165,-2.4293342131962873e-06,1.3466625811073966e-06,0.008699263424171048,0.007228032086457592,0.0,1.0826716320888906e-06,0.009210165467002124,0.00768541321803741,4.7172896832615567e-07,1.5544006004150463e-06,gaussian
gauss_right,22,600000,0.002,177,0.23748502306292393,development,128,k4_hidden,10000,0,0.03433595620208955,0.00426816250312116,1.8442972282987073e-05,0.12481129796971886,2.2221464227464707e-05,3.778491944477631e-06,1.844031082994369e-05,2.6597005685706858e-09,9.068996890763762,10000.0,True,0.002140103486965673,4.270950554471373e-07,0.004319947145629541,4.270950554471373e-07,4.270950554471373e-07,True,0.0024956397840404008,1.7988537910620876e-05,0.001739942930594037,1.7569945367954898e-07,2.513956017675883e-07,True,0.0024953092309801805,1.79825427217346e-05,0.0017383254138829806,1.836927383034769e-07,2.434023171436604e-07,True,0.0027522655478513154,1.7404868704004098e-05,0.0019974760961635326,-4.049682019697033e-07,8.320632574168406e-07,0.004959474149347793,0.004319947145629541,0.0,4.270950554471373e-07,0.0050790479400342255,0.004465781735224211,3.4396699025295105e-07,8.312806519418627e-08,gaussian
bump_left,22,600000,0.002,177,0.44348186274361356,development,128,k4_hidden,10000,0,0.02221859498157191,0.0031876359670594224,3.4354238892934426e-06,0.036843807731604464,1.2351156839539854e-05,8.915732950246412e-06,3.4354783978091497e-06,-5.450851147530723e-11,4.943573559087965,10000.0,True,0.00215126417695214,-1.9127455510615432e-07,0.00625798101760579,1.9127455510615432e-07,-1.9127455510615432e-07,True,0.0020130028112364104,2.719999097847486e-06,0.0013076207430002744,-7.134933842024137e-07,5.222188290962594e-07,True,0.0020154451286416354,2.7197099588467584e-06,0.0013089981750376409,-7.135951389171187e-07,5.223205838109644e-07,True,0.00483396069548996,2.457594113665739e-06,0.004253359299208956,-9.757904630968566e-07,7.845159079907023e-07,0.0065940320667633254,0.00625798101760579,0.0,1.9127455510615432e-07,0.0059244933682472585,0.0055872034680943304,-1.666900426838715e-08,1.7460555083776718e-07,compact_bump
bump_right,22,600000,0.002,177,0.32889495195335533,development,128,k4_hidden,10000,0,0.021007493629065763,0.0036199416965899387,1.8012006870432623e-06,0.016933016770475148,3.3983177477709997e-06,1.5971170607277376e-06,1.8014269036105652e-06,-2.2621656761633345e-10,7.306772019922189,10000.0,True,0.003170246507904922,1.8813339098001206e-07,0.0010185143539540066,1.8813339098001206e-07,1.8813339098001206e-07,True,0.00016408004239393094,1.7866791533842881e-06,3.5715257844239665e-05,1.8138595226367547e-07,6.7474387163365855e-09,True,0.00016352608483049847,1.7870969208474857e-06,3.580282587401134e-05,1.8343038007081187e-07,4.703010909200185e-09,True,0.000498977823115174,1.5526789617009456e-06,0.0004544684120373783,-5.23913808904192e-08,2.4052477187043126e-07,0.001267635114083187,0.0010185143539540066,0.0,1.8813339098001206e-07,0.0011329959620423023,0.0008772222000112743,1.5510451619211817e-07,3.302887478789389e-08,compact_bump
step_left,22,600000,0.002,177,0.9128852702404965,development,128,k4_hidden,10000,0,0.0010902567261389271,0.0021554708396468642,9.652295585372425e-07,0.018886938846001254,2.3075795485934496e-06,1.3423499900562071e-06,9.658838802013064e-07,-6.543216664508208e-10,2.2130063483299725,10000.0,True,0.0002866147154913629,7.479735507449902e-08,0.0003541763346772116,7.479735507449902e-08,7.479735507449902e-08,True,0.00016671930450516727,9.371687016928848e-07,0.00011455492922542392,6.38399361575688e-08,1.0957418916930216e-08,True,0.0001659219567905024,9.380487761727825e-07,0.00011452777378912793,6.481529590427952e-08,9.982059170219495e-09,True,0.0002131106592113891,9.763368032227172e-07,0.0002024624851332109,1.0344254798505548e-07,2.864519291055646e-08,0.0005234346642991916,0.0003541763346772116,0.0,7.479735507449902e-08,0.0005704517651988348,0.00042850385926992523,-2.1030861675425862e-08,9.582821674992487e-08,tanh_step
step_right,22,600000,0.002,177,0.9636241118102141,development,128,k4_hidden,10000,0,0.007009211271825097,0.002296471901562785,4.759210786519054e-06,0.036720864527076236,6.863284301917742e-06,2.1040735153986883e-06,4.759053364642812e-06,1.5742187713286496e-10,2.5088232362274145,10000.0,True,0.002259432087372684,-2.070866369528619e-08,0.0009939082363036305,2.070866369528619e-08,-2.070866369528619e-08,True,0.000850715899320666,4.6262154306882195e-06,0.0005238047247164473,-1.0531377063016812e-07,8.460510693488193e-08,True,0.0008503034024965302,4.625794308614905e-06,0.0005237544257471838,-1.0551084107555362e-07,8.480217738026744e-08,True,0.001553673384002106,4.6466915416597654e-06,0.0013521723529542125,-8.47979630567199e-08,6.408929936143371e-08,0.0012923002482836284,0.0009939082363036305,0.0,2.070866369528619e-08,0.0010778335302780266,0.0006567711857995267,-1.1174451726710388e-08,9.534211968575802e-09,tanh_step
kink_abs,22,600000,0.002,177,0.6214766720163144,development,128,k4_hidden,10000,0,0.0037586285842451626,0.002133441190981929,-1.9240771213074298e-07,0.009837366315230594,2.1266479714709704e-06,2.3190556836017134e-06,-1.9332816824678728e-07,9.204561159521636e-10,3.9661048529433107,10000.0,True,0.0003346259669391936,-1.7493405186566312e-07,0.0012331802865940304,1.7493405186566312e-07,-1.7493405186566312e-07,True,0.00039197405583715116,-2.402944686752706e-07,0.00017984849671445974,-1.6836138417576582e-07,6.572667689897296e-09,True,0.00039179158701885334,-2.41278808756668e-07,0.00018010547513724025,-1.677493566853946e-07,7.184695180268516e-09,True,0.0010750369941011741,-3.3157262392328813e-07,0.0008884084689855121,-2.592223321270104e-07,8.428828026134731e-08,0.0012512899858245447,0.0012331802865940304,0.0,1.7493405186566312e-07,0.0014119337565210433,0.0014110064937602016,1.0926015033708476e-08,1.858600668993716e-07,kink
kink_relu,22,600000,0.002,177,0.2041432706959443,development,128,k4_hidden,10000,0,0.0035114607002902426,0.0018150386990356368,9.123430775390908e-07,0.009167703418381752,2.1854851488197174e-06,1.2731420712806264e-06,9.12490774773025e-07,-1.4769723285979282e-10,2.882256091845558,10000.0,True,0.00018902112333211277,8.877842156402767e-08,0.0007825600818014073,8.877842156402767e-08,8.877842156402767e-08,True,9.375191627350374e-05,8.918347191908298e-07,6.302421427784934e-05,7.990917185220342e-08,8.869249711824243e-09,True,9.322633455608573e-05,8.92168709810083e-07,6.420265338597481e-05,8.02836665886961e-08,8.494754975331564e-09,True,0.0004965858935718155,9.462618733895059e-07,0.0005273318119378274,1.344624636175298e-07,4.568404205350214e-08,0.00068451706505897,0.0007825600818014073,0.0,8.877842156402767e-08,0.0008145135111073782,0.000889726049999575,-2.5705010904875594e-08,1.1448343246890326e-07,kink
sine,0,600000,0.002,177,1.0,development,128,k4_hidden,20000,0,0.4555704257648951,0.0020740486110144086,0.0003783027738087414,1.4063345481146927,0.0003976325394578206,1.9329765649079206e-05,0.00037685430430526673,1.4484695034761236e-06,3.983973913970846,20000.0,True,0.0039270616587856605,-5.375068078888953e-05,0.10851174132957563,5.375068078888953e-05,-5.375068078888953e-05,True,0.6395276732208894,0.0002447499889632576,0.16912636749373094,-1.7810583465295278e-05,3.594009732359425e-05,True,0.6396102528861265,0.0002441775755173458,0.16956080295689105,-1.7448032666699488e-05,3.630264812219004e-05,True,0.6504298921862477,0.000200412812871511,0.14706780511917808,-5.835268393005848e-05,4.602003141168953e-06,0.36682128223926913,0.10851174132957563,0.0,5.375068078888953e-05,0.3818083204692236,0.1607588532477952,3.593697976022128e-05,8.968766054911081e-05,
runge,0,600000,0.002,177,1.0,development,128,k4_hidden,20000,0,0.037339851761688914,0.0019762638839198408,1.4563367779669908e-05,0.11258278946248167,2.6164936337073803e-05,1.1601568557403893e-05,1.4561108533751166e-05,2.238732740684023e-09,2.801645482473063,20000.0,True,0.002475725426369099,2.130324589795872e-07,0.00899407048511849,2.130324589795872e-07,2.130324589795872e-07,True,0.005297873218211974,1.3163599029383501e-05,0.0033647498439765026,-7.828633290782632e-07,9.958957880578505e-07,True,0.005296324319530966,1.3161378476201154e-05,0.003371186388099629,-7.815396285308035e-07,9.945720875103908e-07,True,0.008275925639393333,1.2720476111354166e-05,0.007109896253069712,-1.225700889796871e-06,1.438733348776458e-06,0.012638576856569432,0.00899407048511849,0.0,2.130324589795872e-07,0.012851520413342246,0.008899421986428362,2.1037684175138192e-07,2.6556172282052685e-09,
moment3,0,600000,0.002,177,1.0,development,128,k4_hidden,20000,0,0.0059696327860750825,0.003797705038643412,7.247132687484642e-06,0.014765076137906695,8.911936795833326e-06,1.6648041083486843e-06,7.239102451454218e-06,8.03023603215728e-09,9.85090823884728,20000.0,True,0.0017133481802368794,-3.494314202479925e-07,0.013307051591636313,3.494314202479925e-07,-3.494314202479925e-07,True,0.0006994388974642039,7.111548519581498e-06,0.0005981882117918731,-4.790016541330658e-07,1.2957023388507326e-07,True,0.0007008033306351186,7.101487131641699e-06,0.0005988131351615691,-4.779225088065629e-07,1.284910885585704e-07,True,0.005774767309664761,1.1143383304539465e-06,0.005765112178327347,-6.479222451503037e-06,6.1297910312550445e-06,0.019440855488711925,0.013307051591636313,0.0,3.494314202479925e-07,0.018878723760108164,0.012730231914883353,4.5250285317374795e-06,4.874459951985472e-06,
moment5,0,600000,0.002,177,1.0,development,128,k4_hidden,20000,0,0.7499971511364117,0.001408441337406734,9.900735866776168e-08,0.0004339628011158719,1.999694240596052e-07,1.009620653918435e-07,9.915253616284914e-08,-1.4517749402184692e-10,1.7886859327177986,20000.0,True,7.84529032944414e-06,1.8568909047519226e-08,5.273047914345886e-05,1.8568909047519226e-08,1.8568909047519226e-08,True,5.796023564280807e-07,9.880592844333434e-08,1.0364484050091275e-07,1.8522879107924542e-08,4.602993959468464e-11,True,6.458636806852775e-07,9.895152436765582e-08,3.7972116351782666e-07,1.8667958804812903e-08,9.904975729367654e-11,True,5.278950419089704e-05,8.030414236314736e-08,5.272656351641166e-05,1.9540640819087467e-11,1.8549368406700138e-08,5.2791899679243814e-05,5.273047914345886e-05,0.0,1.8568909047519226e-08,1.007982538161313e-06,4.326738346236666e-07,1.8656206388598736e-08,8.729734107950962e-11,
moment9,0,600000,0.002,177,1.0,development,128,k4_hidden,20000,0,0.7500008886564884,0.0014049963619428014,-3.784374667783803e-08,0.00022751568579942898,7.042961686168597e-08,1.08273363539524e-07,-3.7880821298549606e-08,3.707462203806848e-11,1.7895165894681135,20000.0,True,8.251950268611127e-06,-4.638138187792673e-09,1.3169461951600294e-05,4.638138187792673e-09,-4.638138187792673e-09,True,8.611009451967566e-08,-3.787935273268489e-08,3.5775665460958094e-08,-4.649966340656381e-09,1.1828152863707738e-11,True,1.4122574533789756e-07,-3.7916308700182024e-08,1.1503650318393298e-07,-4.686846229326819e-09,4.870804153414612e-11,True,1.3175404883208798e-05,-3.320895770221647e-08,1.3177128398389491e-05,2.0188963572934178e-11,4.658327151365607e-09,1.3182762007375287e-05,1.3169461951600294e-05,0.0,4.638138187792673e-09,8.594177311696812e-07,2.5819822963290567e-07,-4.7063197559264234e-09,6.81815681337505e-11,
mixed_sine,0,600000,0.002,177,0.8100925873009825,development,128,k4_hidden,20000,0,0.3193725555561601,0.0028229278956857563,5.1137580039202875e-05,0.23648155598668819,5.987774737471336e-05,8.74016733551047e-06,5.117545729505627e-05,-3.788646877510832e-08,3.377441132903327,20000.0,True,0.0010084086994755015,1.666997194435453e-05,0.020265125095756824,1.666997194435453e-05,1.666997194435453e-05,True,0.009698552585925118,4.9160175418964595e-05,0.005036567630205487,1.635428362467736e-05,3.156883196771714e-07,True,0.009680520094481013,4.921995732502846e-05,0.005037080766251562,1.641427721320246e-05,2.556947311520725e-07,True,0.017074686039043448,3.938320672127081e-05,0.012867117851335057,6.574355835416939e-06,1.0095616108937591e-05,0.023724479613890744,0.020265125095756824,0.0,1.666997194435453e-05,0.01642171432018915,0.012025317664287499,7.18786072675542e-06,9.48211121759911e-06,
localized_sine,0,600000,0.002,177,0.4822374526221915,development,128,k4_hidden,20000,0,0.18844286620522227,0.003303455420628687,2.2289389889989888e-05,0.15639943336128695,4.1538335590509796e-05,1.9248945700519904e-05,2.227384843783531e-05,1.5537993005656523e-08,6.987687620572667,20000.0,True,0.003660409584077699,-6.909340732708844e-06,0.0451099246043968,6.909340732708844e-06,-6.909340732708844e-06,True,0.005678480843332957,1.8819637288573374e-05,0.006295322950715956,-9.348820818864232e-06,2.4394800861553883e-06,True,0.0057152345989062775,1.8786586786137613e-05,0.006297263293441001,-9.3567385131486e-06,2.4473977804397554e-06,True,0.01579667832605583,1.4461810822047869e-05,0.014505707424608149,-1.3711969612496242e-05,6.802628879787398e-06,0.057054936050340344,0.0451099246043968,0.0,6.909340732708844e-06,0.05596805018511109,0.04393679312587373,1.7227534940366157e-06,8.63209422674546e-06,
chirp,0,600000,0.002,177,0.7001068817853702,development,128,k4_hidden,20000,0,0.7015235019381734,0.0022391041825589133,6.575411585875923e-05,0.41250365475629125,7.863915685931235e-05,1.2885041000553134e-05,6.574143387443807e-05,1.2681984319271486e-08,6.097333820014516,20000.0,True,0.0033227873457380153,7.441099627172556e-06,0.04771594615649292,7.441099627172556e-06,7.441099627172556e-06,True,0.061589135379828706,5.5378122616453866e-05,0.041077087980711885,2.13943241935962e-06,5.301667207812936e-06,True,0.06157669182016744,5.534558186458289e-05,0.0410802108197967,2.2029563213561394e-06,5.238143305816417e-06,True,0.06874166116311298,4.4510049534362546e-05,0.048683391913437776,-8.635765026750782e-06,1.6076864653923337e-05,0.07049745433664517,0.04771594615649292,0.0,7.441099627172556e-06,0.07318351136923963,0.05010960949582164,4.419988173794964e-06,3.0211114533775917e-06,
moment4,0,600000,0.002,177,1.0,development,128,k4_hidden,20000,0,0.7499829064308939,0.0014161081058650948,4.8920096574894e-07,0.0029950352940781087,8.991788805775603e-07,4.0997791482862033e-07,4.893210493666334e-07,-1.200836167363018e-10,1.7928328196846313,20000.0,True,1.042506790188146e-05,1.9632244804623578e-08,5.2980806215558436e-05,1.9632244804623578e-08,1.9632244804623578e-08,True,4.3153915874187226e-05,4.807058686204047e-07,7.755565520287096e-06,1.7705102804901464e-08,1.927141999722114e-09,True,4.312350686538449e-05,4.808466889927402e-07,7.684338913357781e-06,1.7842267789218112e-08,1.7899770154054654e-09,True,6.935413155798097e-05,4.628152657518466e-07,5.3194213907281556e-05,-2.4300683531413744e-10,1.9875251639937714e-08,6.663146446561478e-05,5.2980806215558436e-05,0.0,1.9632244804623578e-08,3.887548240181377e-05,6.815298523314855e-06,1.80876779595196e-08,1.5445668451039775e-09,
blend_m010,0,600000,0.002,177,1.0,development,128,k4_hidden,20000,0,0.7495727319468453,0.0015184215742733796,6.408646909246864e-06,0.020417903110815108,8.810718034520024e-06,2.4020711252731597e-06,6.409763592784608e-06,-1.1166835396820503e-09,1.808710085910491,20000.0,True,0.00021868472042451927,3.208636704592214e-07,0.0016968540330713673,3.208636704592214e-07,3.208636704592214e-07,True,0.0009571786187702363,6.214196985640873e-06,0.00038796686202322863,2.3638805030617108e-07,8.447562015305032e-08,True,0.000956355503461962,6.215748838725269e-06,0.00038636129576274323,2.3790848392948088e-07,8.295518652974052e-08,True,0.0019197638729196642,5.97686275820399e-06,0.0016998145480531816,-1.8859216209187216e-09,3.227495920801401e-07,0.0019040794434117894,0.0016968540330713673,0.0,3.208636704592214e-07,0.0009276675329345544,0.00037656509084763447,2.4075236407763796e-07,8.011130638158344e-08,
blend_p001,0,600000,0.002,177,1.0,development,128,k4_hidden,20000,0,0.7500129095214584,0.0013992234853786117,-2.5905987963357766e-07,0.0009093474066047642,2.2048009166216143e-07,4.795399712957391e-07,-2.5947387781597274e-07,4.1399818270083e-10,1.7915309091358251,20000.0,True,1.2107279441902558e-05,-5.134043233222717e-08,0.00014319352598416173,5.134043233222717e-08,-5.134043233222717e-08,True,1.4221138197031728e-06,-2.595641305627133e-07,3.5484239715126566e-07,-5.1506530474784766e-08,1.6609814255759826e-10,True,1.9642352710273345e-06,-2.5997596510931315e-07,1.2976722893633998e-06,-5.1917161943906116e-08,5.767296116789488e-10,True,0.00014310998945526318,-2.0803375539973037e-07,0.00014320887831338464,1.939286325932049e-11,5.135982519548649e-08,0.00014306908184827594,0.00014319352598416173,0.0,5.134043233222717e-08,2.368802026372619e-06,1.3709197833924576e-06,-5.1948459479918664e-08,6.080271476914968e-10,
blend_p010,0,600000,0.002,177,1.0,development,128,k4_hidden,20000,0,0.7500426487970557,0.001375910366228359,-4.3762949766455257e-07,0.007297921347639739,2.651409227660445e-06,3.0890387253249974e-06,-4.4184082372131554e-07,4.211326056749862e-09,1.828303435097565,20000.0,True,5.3095008256966304e-05,-5.041077701759311e-07,0.0011551997370733084,5.041077701759311e-07,-5.041077701759311e-07,True,0.00012373069491572827,-4.882908254524608e-07,4.6080403126659434e-05,-5.218285947734563e-07,1.7720824597525205e-08,True,0.00012484282245164182,-4.926004215736106e-07,4.767827451411172e-05,-5.261283608943074e-07,2.2020590718376376e-08,True,0.0011541051804809935,3.3319758884943196e-08,0.0011551770848011427,-1.2444092294168928e-10,5.039833292529894e-07,0.0011539138708508323,0.0011551997370733084,0.0,5.041077701759311e-07,0.00012349709518220587,4.725669687062718e-05,-5.260268380371903e-07,2.1919067861259267e-08,
blend_p030,0,600000,0.002,177,1.0,development,128,k4_hidden,20000,0,0.6886484380472918,0.0022030121617364635,2.0524148608818087e-05,0.09152669515688318,2.9348673662560317e-05,8.824525053742228e-06,2.050219773706677e-05,2.193924430657377e-08,3.6574998386618702,20000.0,True,0.0013763446228586857,-1.1430024227418156e-06,0.03995769955618845,1.1430024227418156e-06,-1.1430024227418156e-06,True,0.01242934356294734,1.8465305929000107e-05,0.004681003905382858,-2.0793175344171294e-06,9.363151116753139e-07,True,0.012437022012774926,1.844008248787998e-05,0.004685677552769689,-2.0819057879139492e-06,9.389033651721337e-07,True,0.026067982612170915,1.2854227422371528e-06,0.021223384160481452,-1.926161675124398e-05,1.8118614328502163e-05,0.036612710742459274,0.03995769955618845,0.0,1.1430024227418156e-06,0.03547098303422764,0.038134465368515204,1.3621492694785971e-05,1.4764495117527787e-05,
exp_right,22,600000,0.002,177,2.6119867843594364,development,128,k4_hidden,20000,0,0.00014052391501250235,0.0016858433247445425,6.029173684947831e-07,0.004880655126865985,1.2787873903430337e-06,6.758700218482505e-07,6.028608437505978e-07,5.652474521644029e-11,3.2642847191513136,20000.0,True,0.00022656359416256967,-2.7772659405472354e-07,0.0025600508340468562,2.7772659405472354e-07,-2.7772659405472354e-07,True,9.404423558946696e-05,5.901037523598307e-07,5.727382505988565e-05,-2.845450564984769e-07,6.818462443753345e-09,True,9.408664854118909e-05,5.899900751665704e-07,5.717347195259329e-05,-2.8464914758516543e-07,6.922553530441898e-09,True,0.0011397949155463852,3.824059833754765e-07,0.001113897370693521,-4.921910875476863e-07,2.1446449349296277e-07,0.0026041053659598607,0.0025600508340468562,0.0,2.7772659405472354e-07,0.002439340072000204,0.002402129080909343,9.868259617212124e-08,3.764091902268448e-07,exponential
exp_left,22,600000,0.002,177,13.649519383995864,development,128,k4_hidden,20000,0,0.0005542914269949102,0.0018541526030260705,-1.3873090082380564e-06,0.003791950927314893,6.531969545998428e-07,2.0405059628378994e-06,-1.3878048632048552e-06,4.958549653820694e-10,4.691196888593827,20000.0,True,0.00018841781098475499,-4.7643889435731075e-07,0.003515373501495191,4.7643889435731075e-07,-4.7643889435731075e-07,True,0.00041522542986031365,-1.395588277205924e-06,0.00015932601374455947,-4.837394275359144e-07,7.300533178603614e-09,True,0.0004150359116434299,-1.3960246210404658e-06,0.000159028715636313,-4.841046384644361e-07,7.665744107125403e-09,True,0.0021218997560958205,-1.124574120214704e-06,0.0020713430769678963,-2.127289315031343e-07,2.6370996285417644e-07,0.003682143725229303,0.003515373501495191,0.0,4.7643889435731075e-07,0.0033457989526447227,0.0031953581499383995,-3.1716590180757956e-07,1.5927299254973118e-07,exponential
gauss_left,22,600000,0.002,177,0.3713011646461742,development,128,k4_hidden,20000,0,0.0042005566190153245,0.0034832084664263895,1.5931259960936584e-05,0.09345337898409155,2.6348094737291172e-05,1.0416834776354592e-05,1.592697161382493e-05,4.239384816778031e-09,5.7767207019968705,20000.0,True,0.0030036016925645823,-2.971489180485424e-06,0.018858430813553297,2.971489180485424e-06,-2.971489180485424e-06,True,0.004603641730065161,1.4185733764913993e-05,0.0030881005179823123,-3.991485121908373e-06,1.019995941422949e-06,True,0.004615329190810354,1.4173731209920683e-05,0.0030955344160711975,-3.9934873522718025e-06,1.0219981717863786e-06,True,0.01149005119825643,1.1668784767643577e-05,0.01038457008832706,-6.50756362522834e-06,3.5360744447429156e-06,0.02452880769678449,0.018858430813553297,0.0,2.971489180485424e-06,0.025331244733476605,0.01940377624284927,1.0012371811894096e-06,3.972726361674833e-06,gaussian
gauss_right,22,600000,0.002,177,0.23748502306292393,development,128,k4_hidden,20000,0,0.03134721866556147,0.004284508935545357,3.4789404707182766e-05,0.24247454940964744,4.186133129201588e-05,7.071926584833117e-06,3.4783223266504286e-05,6.1795533936960355e-09,9.333448278000974,20000.0,True,0.0016870434770704522,-8.881059152441296e-08,0.00762948958192107,8.881059152441296e-08,-8.881059152441296e-08,True,0.008459139031844653,3.32596969000579e-05,0.006197121696139931,-7.845792148078047e-07,6.957686232833918e-07,True,0.00846129774170045,3.324381011284069e-05,0.006194583978965869,-7.714476204073939e-07,6.826370288829809e-07,True,0.009008462844300635,3.187601068883836e-05,0.006501568088097543,-2.1633734544554695e-06,2.0745628629310567e-06,0.01470615935383012,0.00762948958192107,0.0,8.881059152441296e-08,0.014784484103027656,0.00781390900975771,6.913938869397443e-07,7.802044784641572e-07,gaussian
bump_left,22,600000,0.002,177,0.44348186274361356,development,128,k4_hidden,20000,0,0.021406537833397715,0.003192221419212973,8.02087604284463e-06,0.07291198283011233,2.462757799648823e-05,1.6606701953643605e-05,8.020479852179585e-06,3.630063217876501e-10,4.962833466060613,20000.0,True,0.0019468230309898902,-6.939489745721604e-08,0.014784071885102463,6.939489745721604e-08,-6.939489745721604e-08,True,0.008106292355187334,5.350119576916051e-06,0.005200756710637052,-1.931066465109206e-06,1.86167156765199e-06,True,0.00811305858358554,5.348490399533191e-06,0.005204890554291065,-1.9311952385429343e-06,1.8618003410857182e-06,True,0.013503279644578618,4.456671578028888e-06,0.010823009721861659,-2.823713512426229e-06,2.7543186149690133e-06,0.01618978810094205,0.014784071885102463,0.0,6.939489745721604e-08,0.01487614540456293,0.013458189537091284,2.409511008714537e-07,3.1034599832866976e-07,compact_bump
bump_right,22,600000,0.002,177,0.32889495195335533,development,128,k4_hidden,20000,0,0.020965149075549548,0.0036213761066415085,3.2356107386131224e-06,0.03272474692182612,6.332406437458359e-06,3.096795698845236e-06,3.2351568773245997e-06,4.5386128962058433e-10,7.319825540245955,20000.0,True,0.002777950983258678,1.7428724391004633e-07,0.0024530385118535602,1.7428724391004633e-07,1.7428724391004633e-07,True,0.0006262575032656472,3.1787905110495048e-06,0.0001299125181777631,1.5839394126845588e-07,1.589330264159046e-08,True,0.0006250396487168868,3.1779731814077497e-06,0.0001302163821312162,1.6085456980594975e-07,1.3432674104096584e-08,True,0.0013084221074184598,2.6466888391414916e-06,0.0010579061278599723,-3.7338870539671047e-07,5.476759493067568e-07,0.003774970182820292,0.0024530385118535602,0.0,1.7428724391004633e-07,0.003567828123096676,0.002220931278351949,3.1020903238420144e-07,1.359217884741551e-07,compact_bump
step_left,22,600000,0.002,177,0.9128852702404965,development,128,k4_hidden,20000,0,0.0010333073935417303,0.0021564579240996888,1.952314011361366e-06,0.037149863270898885,4.549132113142956e-06,2.5968181017815905e-06,1.952990934763448e-06,-6.769234076926036e-10,2.2150126471268425,20000.0,True,0.00023507016332135425,1.735849353330101e-07,0.0008979786159393385,1.735849353330101e-07,1.735849353330101e-07,True,0.0006402180997912474,1.8519613695041912e-06,0.0004408487838821893,1.3318871792347978e-07,4.0396217409530325e-08,True,0.0006395724700180498,1.8528198975745678e-06,0.00044082761387651004,1.34094033963681e-07,3.949090136932911e-08,True,0.0006828707013637185,1.9323011347880483e-06,0.0005621997796704509,2.1430841908532115e-07,4.0723483752311045e-08,0.0016828313940042761,0.0008979786159393385,0.0,1.735849353330101e-07,0.0017396601523970258,0.001025252676711923,-4.206172335099062e-08,2.1564665868400073e-07,tanh_step
step_right,22,600000,0.002,177,0.9636241118102141,development,128,k4_hidden,20000,0,0.006813654229418236,0.0023011119193019638,9.39922852569786e-06,0.07205765721528658,1.3372449005532133e-05,3.973220479834274e-06,9.398921008417856e-06,3.075172841244755e-10,2.539990753419819,20000.0,True,0.002325776913289141,-6.37871407561343e-08,0.0024424310109945864,6.37871407561343e-08,-6.37871407561343e-08,True,0.0030707386331284958,8.924907714240838e-06,0.0017950450952187562,-3.5162752536633916e-07,2.8784038461020484e-07,True,0.0030718314189430605,8.924098124217938e-06,0.0017956109723330706,-3.518743211277894e-07,2.880871803716551e-07,True,0.004099014707381815,8.967010847022503e-06,0.0031412279268250307,-3.093901791405264e-07,2.456030383843921e-07,0.003947030331631568,0.0024424310109945864,0.0,6.37871407561343e-08,0.0036279806915924108,0.0017898817737631212,-2.2348903453538997e-08,4.1438237302595304e-08,tanh_step
kink_abs,22,600000,0.002,177,0.6214766720163144,development,128,k4_hidden,20000,0,0.0037017343850469066,0.0021332753551503024,-3.58243543757327e-07,0.019884954293789395,4.3005834862304815e-06,4.658827029987809e-06,-3.596682563890829e-07,1.4235774270213765e-09,3.9788049045792886,20000.0,True,0.000382958080379962,-3.1485551247906513e-07,0.002988599341802854,3.1485551247906513e-07,-3.1485551247906513e-07,True,0.0014771832558209644,-5.142038748686597e-07,0.0007349329429793391,-2.9788522517587953e-07,1.6970287303185605e-08,True,0.00147731398782464,-5.155094355675364e-07,0.0007352772350356777,-2.964872981890576e-07,1.8368214290007516e-08,True,0.002802297793692963,-7.003117676915788e-07,0.002083061234685379,-4.837683276416295e-07,1.6891281516256435e-07,0.0031563997273334663,0.002988599341802854,0.0,3.1485551247906513e-07,0.003351352340378206,0.003246864802243724,2.3087339251707565e-08,3.379428517307727e-07,kink
kink_relu,22,600000,0.002,177,0.2041432706959443,development,128,k4_hidden,20000,0,0.00349651301258687,0.001815954582678497,1.8282267203995193e-06,0.017936561592695636,4.313318756353841e-06,2.4850920359543217e-06,1.8283815982984835e-06,-1.548778975331055e-10,2.8749444452619444,20000.0,True,0.0005633414139262516,1.8731943270714013e-07,0.001485064905381936,1.8731943270714013e-07,1.8731943270714013e-07,True,0.0003497723085990193,1.753482497510279e-06,0.00024282512159698653,1.5113893777037795e-07,3.618049493676218e-08,True,0.0003493617244264418,1.7538243998440488e-06,0.0002434983138377857,1.514672226921277e-07,3.585221001501243e-08,True,0.0010298385743546276,1.8619355978403727e-06,0.0010850791819183212,2.5976613111682575e-07,7.244669840968562e-08,0.0011648038428618693,0.001485064905381936,0.0,1.8731943270714013e-07,0.001508450376875033,0.001731706238210838,-5.1410021809742995e-08,2.387294545168831e-07,kink
sine,0,600000,0.002,177,1.0,development,128,k4_readout,1,0,0.777390053962864,0.0016957497507783313,3.91357266419234e-09,1.3203528038267524e-05,4.387246608088999e-09,4.736739438966591e-10,4.391346176791468e-09,-4.777735125864377e-10,2.2433643996318917,0.25,False,0.051580905249737116,-1.1740717992626598e-08,3.961058411523348e-05,1.1740717992626598e-08,,True,0.0,3.91357266419234e-09,0.0,-1.1740717992626598e-08,0.0,True,7.204599740395922e-07,4.391346176790146e-09,5.142197866274287e-07,-1.139971290657064e-08,3.4100508605595785e-10,True,1.219036732159753e-16,3.9135726641911914e-09,1.7433970933566911e-16,-1.1740717992639079e-08,1.2480501082200082e-20,0.0,0.0,-1.1740717992626598e-08,0.0,7.204599740395922e-07,5.142197866274287e-07,-1.139971290657064e-08,3.4100508605595785e-10,
runge,0,600000,0.002,177,1.0,development,128,k4_readout,1,0,0.04769850370788594,0.001961700695429691,1.7928952008007733e-10,1.4903558148042893e-06,3.424776497588335e-10,1.6318812967875616e-10,1.8103998725752614e-10,-1.7504671886253363e-12,2.5957333904077386,0.25,False,0.18874410434213024,-5.378685601848351e-10,4.471067444084799e-06,5.378685601848351e-10,,True,0.0,1.7928952008007733e-10,0.0,-5.378685601848351e-10,0.0,True,4.901976547450519e-08,1.8103998724557956e-10,5.111187314544997e-08,-5.360489074270167e-10,1.8196527578183962e-12,True,4.604220999995214e-16,1.7928952003113127e-10,4.828122583092859e-16,-5.37868560241457e-10,5.662196049532671e-20,0.0,0.0,-5.378685601848351e-10,0.0,4.901976547450519e-08,5.111187314544997e-08,-5.360489074270167e-10,1.8196527578183962e-12,
moment3,0,600000,0.002,177,1.0,development,128,k4_readout,1,0,0.006368663635922146,0.0037904580232196363,1.1726370876954413e-10,1.5648460603534302e-07,1.236587559441093e-10,6.395047174565157e-12,1.7416486070540273e-10,-5.6901151913706326e-11,9.658378332768121,0.25,False,0.39293185352330146,-3.517911264132242e-10,4.6945381888628836e-07,3.517911264132242e-10,,True,0.0,1.1726370876954413e-10,0.0,-3.517911264132242e-10,0.0,True,6.177971889969128e-08,1.741648607063512e-10,6.234696674856954e-08,-2.94352787223052e-10,5.74383391901722e-11,True,5.285756801252076e-16,1.1726370879496468e-10,9.802952906846327e-16,-3.517911263914789e-10,2.1745285834311983e-20,0.0,0.0,-3.517911264132242e-10,0.0,6.177971889969128e-08,6.234696674856954e-08,-2.94352787223052e-10,5.74383391901722e-11,
moment5,0,600000,0.002,177,1.0,development,128,k4_readout,1,0,0.7499971640815666,0.001408342331051265,1.0031989721472631e-12,5.26035245790505e-09,2.4401882172509988e-12,1.4369892451037355e-12,1.2378201284161688e-12,-2.3462115773798274e-13,1.7886978213459896,0.25,False,0.11646872104965023,-3.009596897070098e-12,1.578105741930359e-08,3.009596897070098e-12,,True,8.673617379884035e-19,1.003198972223831e-12,9.69739903612216e-19,-3.009596896955246e-12,1.1485168545164375e-22,True,6.674399783913636e-10,1.2378201253786427e-12,6.675876248422153e-10,-2.774923924411198e-12,2.346729726588999e-13,True,1.07696154528569e-16,1.003198966098395e-12,1.6523525673728023e-16,-3.0095969074067713e-12,1.0336673501074245e-20,8.673617379884035e-19,9.69739903612216e-19,-3.009596896955246e-12,1.1485168545164375e-22,6.674399783913636e-10,6.675876248422153e-10,-2.774923924411198e-12,2.346729726588999e-13,
moment9,0,600000,0.002,177,1.0,development,128,k4_readout,1,0,0.7500008937001352,0.0014050342052735287,-4.1595065222101113e-13,2.8345482512237994e-09,9.159410942749576e-13,1.3318917464959687e-12,-4.734198875460542e-13,5.746922826197416e-14,1.7895220465083155,0.25,False,0.06383769034645494,1.2478519872136454e-12,8.503644752180095e-09,1.2478519872136454e-12,,True,0.0,-4.1595065222101113e-13,0.0,1.2478519872136454e-12,0.0,True,1.6262343110652982e-10,-4.734198900332704e-13,1.6257858553819429e-10,1.1903985494658635e-12,5.745343774778188e-14,True,1.2006617575442416e-16,-4.159506690659601e-13,1.7560862449553046e-16,1.247851961525098e-12,2.5688547296973723e-20,0.0,0.0,1.2478519872136454e-12,0.0,1.6262343110652982e-10,1.6257858553819429e-10,1.1903985494658635e-12,5.745343774778188e-14,
mixed_sine,0,600000,0.002,177,0.8100925873009825,development,128,k4_readout,1,0,0.32240519810209395,0.002771790742667867,4.2702131347922054e-10,3.0117233378236224e-06,6.280354699308024e-10,2.0101415645158192e-10,5.180323559975723e-10,-9.101104253758987e-11,3.441692085694529,0.25,False,0.30214280334866334,-1.281063940360328e-09,9.035170012627756e-06,1.281063940360328e-09,,True,0.0,4.2702131347922054e-10,1.3877787807814457e-17,-1.281063940359103e-09,1.225054487191034e-21,True,1.0969971620709157e-07,5.180323559664464e-10,1.0985983429446977e-07,-1.1899200652216949e-09,9.114387513863315e-11,True,9.0771840511099e-16,4.2702131339537865e-10,9.20321998179144e-16,-1.2810639404565356e-09,9.62075158896644e-20,0.0,1.3877787807814457e-17,-1.281063940359103e-09,1.225054487191034e-21,1.0969971620709157e-07,1.0985983429446977e-07,-1.1899200652216949e-09,9.114387513863315e-11,
localized_sine,0,600000,0.002,177,0.4822374526221915,development,128,k4_readout,1,0,0.19315080294472525,0.0032811664085851365,3.7784644027519674e-10,2.030341843822196e-06,6.290821451833966e-10,2.512357049081998e-10,3.9645394950994515e-10,-1.860750926735243e-11,6.547481966084332,0.25,False,0.29300798487186125,-1.1335393207481514e-09,6.0910255298799024e-06,1.1335393207481514e-09,,True,0.0,3.7784644027519674e-10,0.0,-1.1335393207481514e-09,0.0,True,8.186236779392682e-08,3.9645412165348044e-10,8.490207292961317e-08,-1.1142415419666516e-09,1.9297778781499845e-11,True,4.738528758588982e-16,3.7784644032133853e-10,4.953759591534303e-16,-1.1335393207059528e-09,4.2198618949392707e-20,0.0,0.0,-1.1335393207481514e-09,0.0,8.186236779392682e-08,8.490207292961317e-08,-1.1142415419666516e-09,1.9297778781499845e-11,
chirp,0,600000,0.002,177,0.7001068817853702,development,128,k4_readout,1,0,0.7347888954208315,0.0021733508176933545,7.509932005470558e-10,5.646402193783867e-06,9.235752911715346e-10,1.7258209062447878e-10,8.098075979254566e-10,-5.881439737317081e-11,4.661129158847178,0.25,False,0.1771611180554441,-2.2529796016470056e-09,1.6939206581241098e-05,2.2529796016470056e-09,,True,0.0,7.509932005470558e-10,0.0,-2.2529796016470056e-09,0.0,True,2.0101888847651157e-07,8.098075979219743e-10,2.007950014294554e-07,-2.1939860214846323e-09,5.899358016237332e-11,True,1.0876660860151658e-16,7.509932005606083e-10,1.7416701450183813e-16,-2.252979601606348e-09,4.0657581468206416e-20,0.0,0.0,-2.2529796016470056e-09,0.0,2.0101888847651157e-07,2.007950014294554e-07,-2.1939860214846323e-09,5.899358016237332e-11,
moment4,0,600000,0.002,177,1.0,development,128,k4_readout,1,0,0.7499835149194652,0.0014156189106976364,5.79829061773753e-12,3.70347801425042e-08,1.1152836176891671e-11,5.354545559154142e-12,6.0153694312052574e-12,-2.1707881384867418e-13,1.792205077078295,0.25,False,0.03164765432805951,-1.7394871846780882e-11,1.1110434042852736e-07,1.7394871846780882e-11,,True,0.0,5.79829061773753e-12,1.734723475976807e-18,-1.739487184693402e-11,1.5313827324741482e-22,True,6.193078361920529e-10,6.015369433339092e-12,6.269686696263605e-10,-1.7175100061378308e-11,2.197717854025735e-13,True,1.2001055347121323e-16,5.798290614636528e-12,1.7435966614387188e-16,-1.7394871856313592e-11,9.532710491222388e-21,0.0,1.734723475976807e-18,-1.739487184693402e-11,1.5313827324741482e-22,6.193078361920529e-10,6.269686696263605e-10,-1.7175100061378308e-11,2.197717854025735e-13,
blend_m010,0,600000,0.002,177,1.0,development,128,k4_readout,1,0,0.7496060486772184,0.0015120130021675916,7.480345885885713e-11,2.4120460886120026e-07,1.0846111327165008e-10,3.3657654412792955e-11,7.780172109027294e-11,-2.9982622340603543e-12,1.7983543899579297,0.25,False,0.11958894628339962,-2.244103765616789e-10,7.236138264470037e-07,2.244103765616789e-10,,True,0.0,7.480345885885713e-11,0.0,-2.244103765616789e-10,0.0,True,1.9927963695672507e-08,7.780172108624943e-11,2.0230505119786538e-08,-2.213666161024006e-10,3.043760459278279e-12,True,1.4973299120221744e-16,7.48034588467211e-11,2.1406533381116852e-16,-2.2441037658656348e-10,2.4884591355315577e-20,0.0,0.0,-2.244103765616789e-10,0.0,1.9927963695672507e-08,2.0230505119786538e-08,-2.213666161024006e-10,3.043760459278279e-12,
blend_p001,0,600000,0.002,177,1.0,development,128,k4_readout,1,0,0.7500129637638608,0.00139948254265676,-2.601484923878536e-12,1.0809672511634299e-08,3.039403301315676e-12,5.640888225194212e-12,-3.249693607915468e-12,6.48208679521367e-13,1.7914542170270247,0.25,False,0.20723104916420035,7.80445478484358e-12,3.2429017488735503e-08,7.80445478484358e-12,,True,0.0,-2.601484923878536e-12,0.0,7.80445478484358e-12,0.0,True,1.8031386278729722e-09,-3.2496936086309173e-12,1.8023519068840742e-09,7.156528895851583e-12,6.479258889919972e-13,True,1.1198459667634841e-16,-2.6014849190164715e-12,1.7554488766344796e-16,7.804454794414574e-12,9.570993443947108e-21,0.0,0.0,7.80445478484358e-12,0.0,1.8031386278729722e-09,1.8023519068840742e-09,7.156528895851583e-12,6.479258889919972e-13,
blend_p010,0,600000,0.002,177,1.0,development,128,k4_readout,1,0,0.7500464331662053,0.0013763479961469117,4.208885578324011e-13,8.616837340944132e-08,3.5447671741843314e-11,3.5026783184010914e-11,-6.155188745099737e-12,6.576077316440328e-12,1.8231431604988353,0.25,False,0.2641149427791909,-1.2626657256399773e-12,2.585051202890421e-07,1.2626657256399773e-12,,True,0.0,4.208885578324011e-13,0.0,-1.2626657256399773e-12,0.0,True,1.4588555602592159e-08,-6.155188760879437e-12,1.4597842539597047e-08,-7.842929895209306e-12,6.580264169569329e-12,True,1.146370388836039e-16,4.2088856139281084e-13,1.6801817786197916e-16,-1.2626657202419368e-12,5.3980405253371934e-21,0.0,0.0,-1.2626657256399773e-12,0.0,1.4588555602592159e-08,1.4597842539597047e-08,-7.842929895209306e-12,6.580264169569329e-12,
blend_p030,0,600000,0.002,177,1.0,development,128,k4_readout,1,0,0.6899493313455242,0.0021824882884929364,2.753652910181344e-10,7.736181724798477e-07,3.484646033978652e-10,7.309931237973078e-11,4.4343094910966764e-10,-1.680656580805243e-10,3.3755253270766477,0.25,False,0.20145023054676803,-8.26095873112212e-10,2.320854517112147e-06,8.26095873112212e-10,,True,0.0,2.753652910181344e-10,0.0,-8.26095873112212e-10,0.0,True,1.9937526934939465e-07,4.4343094911192057e-10,2.0069199634089354e-07,-6.569202827634598e-10,1.691755903487522e-10,True,1.716697111637558e-16,2.753652910350559e-10,2.4703826649482977e-16,-8.26095873095367e-10,1.6845016186759563e-20,0.0,0.0,-8.26095873112212e-10,0.0,1.9937526934939465e-07,2.0069199634089354e-07,-6.569202827634598e-10,1.691755903487522e-10,
exp_right,22,600000,0.002,177,2.6119867843594364,development,128,k4_readout,1,0,0.00014992942247697672,0.0016852404184194746,1.1043427149325773e-11,6.404056929566144e-08,1.7739535881608575e-11,6.696108732282801e-12,1.2342639611739764e-11,-1.2992124593509695e-12,3.243192540637683,0.25,False,0.24485614423213883,-3.313028144449348e-11,1.921217078124382e-07,3.313028144449348e-11,,True,0.0,1.1043427149325773e-11,0.0,-3.313028144449348e-11,0.0,True,1.2876026365550633e-08,1.2342639593902331e-11,1.2863093988226263e-08,-3.1832022757876576e-11,1.2982586866169005e-12,True,1.7407033860562213e-16,1.1043427122871546e-11,2.230422859510722e-16,-3.3130281486567566e-11,4.207408949311226e-20,0.0,0.0,-3.313028144449348e-11,0.0,1.2876026365550633e-08,1.2863093988226263e-08,-3.1832022757876576e-11,1.2982586866169005e-12,exponential
exp_left,22,600000,0.002,177,13.649519383995864,development,128,k4_readout,1,0,0.0005812316578801371,0.0018555399009305528,-1.1103755430353353e-11,7.50928463910376e-08,1.2662426114109652e-11,2.3766181544463005e-11,-1.529704620500328e-11,4.19329078470141e-12,4.649720333110477,0.25,False,0.30470086749966446,3.3311266229652564e-11,2.2527853940650494e-07,3.3311266229652564e-11,,True,0.0,-1.1103755430353353e-11,0.0,3.3311266229652564e-11,0.0,True,2.1551411762860498e-08,-1.5297046180685067e-11,2.1533088281407556e-08,2.912167986178123e-11,4.1895863678713365e-12,True,4.579982084750791e-16,-1.1103755391150562e-11,9.041207096751582e-16,3.331126629213201e-11,6.247944613266491e-20,0.0,0.0,3.3311266229652564e-11,0.0,2.1551411762860498e-08,2.1533088281407556e-08,2.912167986178123e-11,4.1895863678713365e-12,exponential
gauss_left,22,600000,0.002,177,0.3713011646461742,development,128,k4_readout,1,0,0.006229971220932065,0.0034672774403628477,2.3389739414494843e-10,1.3667809385670018e-06,4.025834324181289e-10,1.6868603827318042e-10,2.4326520552244125e-10,-9.367811359128242e-12,5.635301411356596,0.25,False,0.3647763692453909,-7.016921825266121e-10,4.100342815393033e-06,7.016921825266121e-10,,True,0.0,2.3389739414494843e-10,0.0,-7.016921825266121e-10,0.0,True,6.132209651130713e-08,2.432652054799026e-10,6.246976210139797e-08,-6.921580894441506e-10,9.53409308246145e-12,True,1.0379176519036158e-15,2.3389739409004923e-10,1.0490253461616277e-15,-7.016921825929199e-10,6.630783187801639e-20,0.0,0.0,-7.016921825266121e-10,0.0,6.132209651130713e-08,6.246976210139797e-08,-6.921580894441506e-10,9.53409308246145e-12,gaussian
gauss_right,22,600000,0.002,177,0.23748502306292393,development,128,k4_readout,1,0,0.03786430016717257,0.004249719996518552,4.65680377921106e-10,3.1822543518042664e-06,5.603011409745036e-10,9.46207630533976e-11,4.745914936330092e-10,-8.911115756454877e-12,8.775289980312815,0.25,False,0.08995977139536065,-1.3970411336312e-09,9.546763054091587e-06,1.3970411336312e-09,,True,0.0,4.65680377921106e-10,0.0,-1.3970411336312e-09,0.0,True,2.0835683992509278e-08,4.745919038384139e-10,2.2521270333711315e-08,-1.3873711284684755e-09,9.670005162724573e-12,True,3.480834071896043e-16,4.65680377978532e-10,1.8722907222327704e-15,-1.3970411333960982e-09,2.3510189408528094e-19,0.0,0.0,-1.3970411336312e-09,0.0,2.0835683992509278e-08,2.2521270333711315e-08,-1.3873711284684755e-09,9.670005162724573e-12,gaussian
bump_left,22,600000,0.002,177,0.44348186274361356,development,128,k4_readout,1,0,0.023118003160314364,0.003184200631954582,8.878445313430568e-11,1.0380185499634651e-06,3.2874032790628693e-10,2.3995587477198125e-10,8.840860166564043e-11,3.758514489989543e-13,4.923761298547787,0.25,False,0.4571606711674874,-2.663533593660783e-10,3.114055649566996e-06,2.663533593660783e-10,,True,0.0,8.878445313430568e-11,0.0,-2.663533593660783e-10,0.0,True,6.44758794969827e-08,8.840860010066652e-11,6.477194988497022e-08,-2.667372806890022e-10,3.839213229239033e-13,True,9.036777238745717e-16,8.878445302756039e-11,3.2210785302089365e-16,-2.6635335936823175e-10,2.1534613272052384e-21,0.0,0.0,-2.663533593660783e-10,0.0,6.44758794969827e-08,6.477194988497022e-08,-2.667372806890022e-10,3.839213229239033e-13,compact_bump
bump_right,22,600000,0.002,177,0.32889495195335533,development,128,k4_readout,1,0,0.02105859058336593,0.003618140538463413,4.25605168445031e-11,4.362171190787516e-07,8.224574509519796e-11,3.968522825069487e-11,4.656876492342577e-11,-4.008248146842003e-12,7.290046855354278,0.25,False,0.2153324531501055,-1.276815502776192e-10,1.3086513556283224e-06,1.276815502776192e-10,,True,0.0,4.25605168445031e-11,0.0,-1.276815502776192e-10,0.0,True,9.524246533478642e-09,4.656685427771158e-11,9.755882639693548e-09,-1.23572397872122e-10,4.109152405497198e-12,True,2.980009500974796e-16,4.256051686472661e-11,3.248456616080145e-16,-1.2768155028645324e-10,8.834030448124913e-21,0.0,0.0,-1.276815502776192e-10,0.0,9.524246533478642e-09,9.755882639693548e-09,-1.23572397872122e-10,4.109152405497198e-12,compact_bump
step_left,22,600000,0.002,177,0.9128852702404965,development,128,k4_readout,1,0,0.0011512209071254452,0.002154505632364663,2.227633604643007e-11,4.817202745106813e-07,5.918526876060477e-11,3.690893271417471e-11,2.1378522160635575e-11,8.97813907106533e-13,2.2118890392099235,0.25,False,0.10265776219621459,-6.682900820027658e-11,1.4451608244239128e-06,6.682900820027658e-11,,True,0.0,2.227633604643007e-11,0.0,-6.682900820027658e-11,0.0,True,4.218497960249672e-09,2.1378522179223838e-11,4.343222716273572e-09,-6.775388119813786e-11,9.24872997861283e-13,True,8.991897764969326e-16,2.227633610546396e-11,1.8283493733183532e-16,-6.682900821899744e-11,1.872085502087669e-20,0.0,0.0,-6.682900820027658e-11,0.0,4.218497960249672e-09,4.343222716273572e-09,-6.775388119813786e-11,9.24872997861283e-13,tanh_step
step_right,22,600000,0.002,177,0.9636241118102141,development,128,k4_readout,1,0,0.007240210201612188,0.002291712811501181,1.2072491494545757e-10,9.401032759824365e-07,1.8180979177597723e-10,6.108487683051968e-11,1.2045447856155877e-10,2.7043636768894566e-13,2.4721153955576765,0.25,False,0.2194885192725043,-3.621747447604173e-10,2.8203098272273073e-06,3.621747447604173e-10,,True,0.0,1.2072491494545757e-10,0.0,-3.621747447604173e-10,0.0,True,2.156428199949117e-08,1.2045447812431723e-10,2.110712152767526e-08,-3.624364926198074e-10,2.617478593901092e-13,True,1.214306433183765e-16,1.2072491493841333e-10,2.2794292878025827e-16,-3.6217474477603717e-10,1.561985830199196e-20,0.0,0.0,-3.621747447604173e-10,0.0,2.156428199949117e-08,2.110712152767526e-08,-3.624364926198074e-10,2.617478593901092e-13,tanh_step
kink_abs,22,600000,0.002,177,0.6214766720163144,development,128,k4_readout,1,0,0.0038176273605168252,0.002133633598719798,2.573819558458593e-14,2.6168240738653416e-07,5.742119825959932e-11,5.739546006401473e-11,1.7824146982709873e-12,-1.7566764902018479e-12,3.951926670267182,0.25,False,0.21481955830698118,-7.721462380307461e-14,7.850472224597577e-07,7.721462380307461e-14,,True,0.0,2.573819558458593e-14,0.0,-7.721462380307461e-14,0.0,True,3.921961080232175e-09,1.7824147015167808e-12,3.929998263660794e-09,1.7810621656665305e-12,1.8582767894696053e-12,True,1.722974304318157e-16,2.5738223914727443e-14,3.146742529507026e-16,-7.72146212045498e-14,2.5985248107064677e-21,0.0,0.0,-7.721462380307461e-14,0.0,3.921961080232175e-09,3.929998263660794e-09,1.7810621656665305e-12,1.8582767894696053e-12,kink
kink_relu,22,600000,0.002,177,0.2041432706959443,development,128,k4_readout,1,0,0.003527593140363109,0.0018141263766252782,2.066718039545935e-11,2.1695652287408857e-07,5.447702381939644e-11,3.3809843423937086e-11,2.001448164271198e-11,6.526987472076177e-13,2.891254563346442,0.25,False,0.19237010061727766,-6.200154113366101e-11,6.508695682682054e-07,6.200154113366101e-11,,True,0.0,2.066718039545935e-11,0.0,-6.200154113366101e-11,0.0,True,1.299002367262411e-08,2.0014481648317167e-11,1.307514225928353e-08,-6.265847405819575e-11,6.569329245347434e-13,True,1.4097230087377375e-16,2.066718038688374e-11,1.995327927572669e-16,-6.20015411444571e-11,1.0796089936403623e-20,0.0,0.0,-6.200154113366101e-11,0.0,1.299002367262411e-08,1.307514225928353e-08,-6.265847405819575e-11,6.569329245347434e-13,kink
sine,0,600000,0.002,177,1.0,development,128,k4_readout,10,0,0.777357478004846,0.0016957850363371208,3.9199131453720436e-08,0.00013206543995964858,4.3946549508176723e-08,4.747418054456289e-09,4.391888776046255e-08,-4.719756306763032e-09,2.2435785295920363,2.5,False,0.05031849340126529,-1.1738671100276836e-07,0.00039620936195849406,1.1738671100276836e-07,,True,2.749492554064674e-08,3.919531763199198e-08,1.492994688244166e-07,-1.1737012520013675e-07,1.6585802631608683e-11,True,7.116171909482379e-06,4.391154545516659e-08,5.079629784804043e-06,-1.1398529634135082e-07,3.4014146614175334e-09,True,9.260313106208315e-08,3.913371126477546e-08,1.6054032566050011e-07,-1.1739541462685019e-07,8.703624081836653e-12,9.01225827156285e-08,1.3109540648276877e-07,-1.1740717992614305e-07,2.0468923374689876e-11,7.117217255627478e-06,5.074029178523174e-06,-1.1399712906569886e-07,3.3895819370695003e-09,
runge,0,600000,0.002,177,1.0,development,128,k4_readout,10,0,0.047697070233115035,0.0019617023093383115,1.793198140956473e-09,1.4904322044758904e-05,3.4289144256802167e-09,1.6357162847237437e-09,1.8103852075074241e-09,-1.7187066467705732e-11,2.595759569247894,2.5,False,0.18277348372650803,-5.378308893856964e-09,4.470900877941211e-05,5.378308893856964e-09,,True,1.4988406030892626e-10,1.7931683569581925e-09,4.931365173473483e-10,-5.378217248849967e-09,9.164500699746599e-14,True,4.818174110380604e-07,1.8103602955422948e-09,5.02762869517192e-07,-5.36032573452192e-09,1.7983159335044383e-11,True,8.491484765727955e-09,1.7928485976215772e-09,8.480988375650964e-09,-5.378529621504472e-09,2.207276475078198e-13,8.568247118293386e-09,8.787984262389615e-09,-5.378685602051935e-09,3.7670819497111274e-13,4.816511235873324e-07,5.02370369355465e-07,-5.360489074226581e-09,1.781981963038331e-11,
moment3,0,600000,0.002,177,1.0,development,128,k4_readout,10,0,0.006368596985455798,0.003790459106999004,1.2010430766499236e-09,1.5711631856697602e-06,1.2595872181082704e-09,5.854414145834695e-11,1.7397587472828134e-09,-5.387156706497292e-10,9.658404192621251,2.5,False,0.3415225439376225,-3.4890257859065077e-09,4.687425727628463e-06,3.4890257859065077e-09,,True,1.714525798017179e-12,1.2010424193549599e-09,5.146879187373049e-11,-3.489039892654576e-09,1.4106748068244857e-14,True,5.844742673902045e-07,1.7403939927720911e-09,5.901004093560901e-07,-2.9443540088366817e-09,5.44671777069826e-10,True,3.3687190373457875e-08,1.1707220324550357e-09,3.374803173294726e-08,-3.5194189778030077e-09,3.0393191896500026e-11,3.272338161908597e-08,3.248385594781488e-08,-3.517911263727887e-09,2.8885477821379165e-11,5.852231953765318e-07,5.910877205050639e-07,-2.9435278720188864e-09,5.454979138876213e-10,
moment5,0,600000,0.002,177,1.0,development,128,k4_readout,10,0,0.7499971640799736,0.0014083423400968712,1.0048804987842392e-11,5.261241709550608e-08,2.4404371090446937e-11,1.4355566102604544e-11,1.237820443474957e-11,-2.329399441698014e-12,1.7886978106649116,2.5,False,0.11288005093741571,-3.00791949314251e-11,1.5780172699349356e-07,3.00791949314251e-11,,True,7.668918501257414e-15,1.0048801996217733e-11,1.1058731217652308e-13,-3.007915386569817e-11,4.1065726929186634e-17,True,6.626633405154708e-09,1.2378201940218099e-11,6.6281234205438506e-09,-2.7749245069861026e-11,2.329949861564074e-12,True,4.7767271867483555e-11,1.0031990383172856e-11,4.7753751570576227e-11,-3.009597491015343e-11,1.6779978728332677e-14,4.7767290848798254e-11,4.775435898747871e-11,-3.009596910940382e-11,1.677417797872275e-14,6.626633544762976e-09,6.628122324166399e-09,-2.774923926019125e-11,2.329955671233851e-12,
moment9,0,600000,0.002,177,1.0,development,128,k4_readout,10,0,0.7500008936995008,0.0014050342015258343,-4.16364506340006e-12,2.8346135607684255e-08,9.156836528159086e-12,1.3320481591559146e-11,-4.734197424080127e-12,5.705523499494071e-13,1.789522047843461,2.5,False,0.060138391665544216,1.2474365387776529e-11,8.503566244349032e-08,1.2474365387776529e-11,,True,1.3128732636200032e-15,-4.163645693554288e-12,1.2206385536846153e-14,1.2474371554444372e-11,6.166667843142728e-18,True,1.6144574218915603e-09,-4.734197869230404e-12,1.614008564227607e-09,1.1903975997399818e-11,5.703893903767112e-13,True,1.1780561219822483e-11,-4.15950565569062e-12,1.1780797964239419e-11,1.247851013097043e-11,4.14474319390131e-15,1.178072857708814e-11,1.1779155785983826e-11,1.2478519767391499e-11,4.1543796149697215e-15,1.6144575948227792e-09,1.614007881902771e-09,1.1903985574251019e-11,5.703798135255102e-13,
mixed_sine,0,600000,0.002,177,0.8100925873009825,development,128,k4_readout,10,0,0.3224048114705943,0.0027717946067441195,4.291097566054245e-09,3.011984638992822e-05,6.290332112578262e-09,1.9992345465240172e-09,5.1810154592208984e-09,-8.89917893302688e-10,3.4416710562410597,2.5,False,0.2891556309225728,-1.2789758979089617e-08,9.034665147890334e-05,1.2789758979089617e-08,,True,1.3693213129688596e-10,4.291072024470383e-09,1.197358272029707e-09,-1.2789467321571115e-08,2.916575185021661e-13,True,1.072904384380557e-06,5.181235892635782e-09,1.0755898213299945e-06,-1.189753673632831e-08,8.922222427613072e-10,True,2.4427821553603054e-08,4.270833661843127e-09,2.3368739181216914e-08,-1.2809267623504354e-08,1.9508644414736764e-11,2.514659819533579e-08,2.49459839371624e-08,-1.2810639403834707e-08,2.0880424745090403e-11,1.071850721678263e-06,1.0738146435985373e-06,-1.1899200651516238e-08,8.905583275733785e-10,
localized_sine,0,600000,0.002,177,0.4822374526221915,development,128,k4_readout,10,0,0.19314989140279482,0.0032811698142230865,3.783484389779343e-09,2.031024062399076e-05,6.3040884135078294e-09,2.5206040237284867e-09,3.963706316876306e-09,-1.8022192722621222e-10,6.547554351889181,2.5,False,0.27489449999193505,-1.1329773917312765e-08,6.09008194591776e-05,1.1329773917312765e-08,,True,2.1246949083408751e-10,3.783397667944311e-09,1.15142457781761e-09,-1.1329527273006808e-08,2.466443059567125e-13,True,7.929152649996705e-07,3.963924698101729e-09,8.230581000705802e-07,-1.114206729995903e-08,1.8770661735373528e-10,True,2.5762590084139845e-08,3.7775286462061215e-09,2.6043056087886804e-08,-1.133537788183151e-08,5.6039645187457444e-12,2.6090892780772624e-08,2.5637237481366646e-08,-1.1335393207202882e-08,5.619289890117088e-12,7.928553764052647e-07,8.236325699864023e-07,-1.1142415419473315e-08,1.8735849783944932e-10,
chirp,0,600000,0.002,177,0.7001068817853702,development,128,k4_readout,10,0,0.734783448882604,0.0021733575867344495,7.52003429524383e-09,5.6466644124408783e-05,9.24888785790142e-09,1.7288535626575897e-09,8.099308573556041e-09,-5.792742783453387e-10,4.661335049174418,2.5,False,0.17202272603631238,-2.2519585323203125e-08,0.00016938454124152733,2.2519585323203125e-08,,True,1.8561398594841904e-09,7.519841106733094e-09,1.2421114941260832e-08,-2.2518859103187386e-08,7.262200157391493e-13,True,1.97960185838823e-06,8.099956989587604e-09,1.9767447594385106e-06,-2.1938554099974163e-08,5.810312232289625e-10,True,3.0711203134125065e-08,7.511069736374246e-09,3.32789300379167e-08,-2.2529232361889312e-08,9.647038686186459e-12,3.076412737901787e-08,3.3072071220252005e-08,-2.2529796016599e-08,1.0210693395873457e-11,1.9796015749427884e-06,1.9752984321630896e-06,-2.1939860214739854e-08,5.797251084632713e-10,
moment4,0,600000,0.002,177,1.0,development,128,k4_readout,10,0,0.7499835148515758,0.0014156189628984676,5.799912163186352e-11,3.703481604786934e-07,1.1152846396515501e-10,5.352934233329149e-11,6.015379832054123e-11,-2.1546766899949572e-12,1.7922051384168272,2.5,False,0.029872884494259608,-1.7393377788634221e-10,1.1110486257061584e-06,1.7393377788634221e-10,,True,6.010360346227732e-13,5.7998984050397945e-11,7.478838841975416e-12,-1.739321060772194e-10,1.6718091228091368e-15,True,6.1466523456408694e-09,6.015367912221054e-11,6.223612456404883e-09,-1.7175083431217714e-10,2.182943574165074e-12,True,4.643879204966965e-11,5.79828915092914e-11,4.6797330068503356e-11,-1.739485516651805e-10,1.4773778838281726e-14,4.644018975285994e-11,4.666134123850112e-11,-1.7394871852312918e-10,1.494063678696819e-14,6.146653867031694e-09,6.223603315281148e-09,-1.7175100064827694e-10,2.1827772380652747e-12,
blend_m010,0,600000,0.002,177,1.0,development,128,k4_readout,10,0,0.7496060451401074,0.001512013675662553,7.482984202465592e-10,2.412318969387323e-06,1.0844878619128062e-09,3.3618944166624703e-10,7.78019349407956e-10,-2.972092916334037e-11,1.798355222273269,2.5,False,0.11753421296116848,-2.243862663744763e-09,7.235975322848979e-06,2.243862663744763e-09,,True,1.2399110965323842e-11,7.482955643844933e-10,1.2103063936913566e-10,-2.2438351056162983e-09,2.7558128464507523e-14,True,1.975426408907357e-07,7.780170930684841e-10,2.0057072062678926e-07,-2.2136650336661847e-09,3.0197630078578176e-11,True,1.7370466982045334e-09,7.480344841511125e-10,1.7379509224702597e-09,-2.2441026246258142e-09,2.3996088105138984e-13,1.7369948254773338e-09,1.7381185645859524e-09,-2.2441037656762825e-09,2.4110193151959783e-13,1.9754269879231634e-07,2.0057031912982055e-07,-2.213666160939437e-09,3.019650280532585e-11,
blend_p001,0,600000,0.002,177,1.0,development,128,k4_readout,10,0,0.7500129637571828,0.0013994825191975255,-2.6060719765138868e-11,1.081280615867807e-07,3.037235300805387e-11,5.643307277319274e-11,-3.24969305327226e-11,6.4362107664690676e-12,1.791454249855313,2.5,False,0.20357645385284534,7.799858738942629e-11,3.242586996429104e-07,7.799858738942629e-11,,True,1.775387775844176e-14,-2.6060726448755225e-11,2.5068499694363323e-13,7.79986827542338e-11,9.536480750727602e-17,True,1.7903698881927226e-08,-3.249693464128054e-11,1.7895808059071325e-08,7.156527561325812e-11,6.433311776168167e-12,True,1.2768764454338222e-10,-2.601484807705814e-11,1.2771133152928722e-10,7.80445342635204e-11,4.5946874094110844e-14,1.2768704013890616e-10,1.2771728289595853e-10,7.804454784594734e-11,4.596045652105432e-14,1.7903699789728243e-08,1.7895802208591138e-08,7.156528897815551e-11,6.433298411270777e-12,
blend_p010,0,600000,0.002,177,1.0,development,128,k4_readout,10,0,0.7500464327160972,0.0013763479994849293,3.758906029040314e-12,8.619178858461113e-07,3.542606642965622e-10,3.5050175826752187e-10,-6.155139225612462e-11,6.531029828890742e-11,1.823143921419879,2.5,False,0.26071402059991455,-1.3083956657450475e-11,2.5848235338694204e-06,1.3083956657450475e-11,,True,1.4495817052968078e-12,3.7584325173705756e-12,1.6759828675782753e-11,-1.3077620978758637e-11,6.33567869183842e-15,True,1.448857806480409e-07,-6.155189219789445e-11,1.449771373376681e-07,-7.842925235685849e-11,6.534529569940802e-11,True,9.997778634412546e-10,4.2088807755227775e-12,1.00141900098538e-09,-1.2626610948371581e-11,4.573457090788939e-13,9.99776896578252e-10,1.0014368883425466e-09,-1.2626657136456081e-11,4.572995209943943e-13,1.4488578315034154e-07,1.4497711921031817e-07,-7.842929875960124e-11,6.534534210215077e-11,
blend_p030,0,600000,0.002,177,1.0,development,128,k4_readout,10,0,0.6899491104118173,0.0021824907983010646,2.7851734193648094e-09,7.7562703899174e-06,3.5190485007666125e-09,7.338750814018031e-10,4.433722235607983e-09,-1.6485488162218362e-09,3.375568166235392,2.5,False,0.1938446876819002,-8.229272612301598e-09,2.3187877627138748e-05,8.229272612301598e-09,,True,1.2551993158321213e-10,2.7851493512350988e-09,2.429050841636363e-09,-8.229032920549576e-09,2.3969175202194805e-13,True,1.955698153981529e-06,4.433795156430973e-09,1.9685094324713575e-06,-6.56907044444971e-09,1.6602021678518881e-09,True,3.807113436843062e-08,2.75303365526135e-09,3.850088008777275e-08,-8.26093221965657e-09,3.165960735497128e-11,3.800758359017134e-08,3.850071918727487e-08,-8.260958730879481e-09,3.1686118577883385e-11,1.955779569568004e-06,1.9684897623572707e-06,-6.56920282756523e-09,1.6600697847363682e-09,
exp_right,22,600000,0.002,177,2.6119867843594364,development,128,k4_readout,10,0,0.00014992814277365704,0.0016852405179884039,1.1061235674462908e-10,6.402412116630862e-07,1.778787847564913e-10,6.72664280118622e-11,1.233908159151991e-10,-1.2778459135079727e-11,3.2431954827651657,2.5,False,0.23494654519449737,-3.311241740310377e-10,1.9213797753713248e-06,3.311241740310377e-10,,True,1.6726544231954082e-12,1.1061211189490627e-10,2.1692270352947944e-11,-3.3112185783517337e-10,2.316195864341862e-15,True,1.272220020072875e-07,1.233976475429301e-10,1.2709401198034545e-07,-3.183449559656747e-10,1.2779218065363018e-11,True,1.571789483800042e-09,1.1039830641953295e-10,1.5661056986025941e-09,-3.3133473989851383e-10,2.105658674761231e-13,1.5576580545800895e-09,1.5511868370660914e-09,-3.313028145866333e-10,1.7864055559559093e-13,1.2720632044313606e-07,1.270840699372746e-07,-3.1832022747242244e-10,1.280394655861527e-11,exponential
exp_left,22,600000,0.002,177,13.649519383995864,development,128,k4_readout,10,0,0.0005812281124516184,0.0018555398005252407,-1.115090677866768e-10,7.507089370997336e-07,1.2671579784818653e-10,2.3822486563486333e-10,-1.5300487958635036e-10,4.149581187153868e-11,4.64972571734452,2.5,False,0.2918544342087961,3.3264664054826085e-10,2.2529851824671972e-06,3.3264664054826085e-10,,True,6.280222209577543e-12,-1.1150956690071655e-10,8.878975491850593e-11,3.326534000750804e-10,6.7595268195756e-15,True,2.1304139958228973e-07,-1.529972060658614e-10,2.1286993214458055e-07,2.911961120326279e-10,4.145052851563295e-11,True,2.7094080925918634e-09,-1.1107234201137718e-10,2.6777641214485436e-09,3.330839327059899e-10,4.372921577290364e-13,2.4993901837950637e-09,2.488669820117979e-09,3.3311266257936764e-10,4.660220311067897e-13,2.1304367884775635e-07,2.1287797103266306e-07,2.912167985585104e-10,4.1429841989750436e-11,exponential
gauss_left,22,600000,0.002,177,0.3713011646461742,development,128,k4_readout,10,0,0.006229642050426381,0.0034672795483405203,2.341875067185471e-09,1.3673640436387722e-05,4.034407027981904e-09,1.6925319607964322e-09,2.431720244176567e-09,-8.984517705073605e-11,5.6353194237002135,2.5,False,0.3374639043797844,-7.01381247288707e-09,4.099608853542063e-05,7.01381247288707e-09,,True,7.110260532276579e-11,2.3418349225506556e-09,3.1436928064199506e-10,-7.013707912337521e-09,1.0456054954909854e-13,True,5.888373944896541e-07,2.4319207538672938e-09,6.003911443956341e-07,-6.921949371976712e-09,9.186310091035806e-11,True,2.5179054279041734e-08,2.3379917086492042e-09,2.511285109322122e-08,-7.017547819257303e-09,3.735346370233447e-12,2.2475190876509322e-08,2.267077742364164e-08,-7.0169218248172795e-09,3.109351930209625e-12,5.910553451309129e-07,6.021310182550165e-07,-6.921580893826818e-09,9.223157906025149e-11,gaussian
gauss_right,22,600000,0.002,177,0.23748502306292393,development,128,k4_readout,10,0,0.03786342420991283,0.004249724191281425,4.660443250479385e-09,3.182417066842124e-05,5.607703648666041e-09,9.47260398186656e-10,4.746764715807392e-09,-8.6321465218082e-11,8.775360896921363,2.5,False,0.08436572614236885,-1.3966156001699761e-08,9.546357333297531e-05,1.3966156001699761e-08,,True,4.303589724608514e-10,4.660432930860205e-09,6.353380828836627e-09,-1.3966302141328065e-08,1.4613962830433876e-13,True,2.019430744413126e-07,4.7468820236900125e-09,2.1751532002811675e-07,-1.3873077222778044e-08,9.307877892171734e-11,True,6.621290364819964e-09,4.657658889072386e-09,9.993735235084409e-09,-1.3969914660177474e-08,3.758658477712452e-12,1.059358864005926e-08,1.1542312479999038e-08,-1.3970411336363808e-08,4.255334664047362e-12,2.011432109024625e-07,2.1792051746703253e-07,-1.3873711286482393e-08,9.244471521736834e-11,gaussian
bump_left,22,600000,0.002,177,0.44348186274361356,development,128,k4_readout,10,0,0.02311777970813185,0.003184201430633735,8.874636059660005e-10,1.0379142595629186e-05,3.2938536487877735e-09,2.406390042821773e-09,8.838845534274694e-10,3.5790523204319644e-12,4.923763027277205,2.5,False,0.4269672434830349,-2.6639818790687905e-09,3.1141441504469844e-05,2.6639818790687905e-09,,True,6.150170013805459e-11,8.874251164538446e-10,3.774814580257589e-10,-2.663871426001134e-09,1.1045306765643023e-13,True,6.222484165337124e-07,8.839297310631763e-10,6.252302779054209e-07,-2.6674460929161877e-09,3.4642138473971934e-12,True,2.2679661449740028e-08,8.87598863215424e-10,2.2669762084341483e-08,-2.663696684626267e-09,2.8519444252369895e-13,2.2600877583354958e-08,2.2500974155427637e-08,-2.663533593489586e-09,4.482855792043189e-13,6.222996024730445e-07,6.253376133736123e-07,-2.6673728069245544e-09,3.3909278557639415e-12,compact_bump
bump_right,22,600000,0.002,177,0.32889495195335533,development,128,k4_readout,10,0,0.02105857721929518,0.0036181409228318966,4.2692900039609713e-10,4.362316021949888e-06,8.239592174695002e-10,3.9703021707340306e-10,4.65787453083355e-10,-3.8858452465351004e-11,7.290051186016503,2.5,False,0.20267161174852846,-1.275407931086378e-09,1.3085903905036543e-05,1.275407931086378e-09,,True,1.5137422004958648e-11,4.269294417184284e-10,2.3210751517726732e-10,-1.2754206871566273e-09,1.2756070249344015e-14,True,9.230046991408792e-08,4.658135502217328e-10,9.460392459337449e-08,-1.2355323181234766e-09,3.987561296290135e-11,True,2.947305503761728e-09,4.257051021099152e-10,2.9514238938913284e-09,-1.276672269790831e-09,1.2643387044529244e-12,3.1438248893528173e-09,3.1831422880986554e-09,-1.2768155033303813e-09,1.4075722440033064e-12,9.210063736646115e-08,9.442297082153589e-08,-1.2357239782745226e-09,3.968395281185535e-11,compact_bump
step_left,22,600000,0.002,177,0.9128852702404965,development,128,k4_readout,10,0,0.0011512063752852591,0.0021545058327124716,2.2262414473542472e-10,4.81726292816927e-06,5.918998263183227e-10,3.6927568158289797e-10,2.138105841516889e-10,8.813560627097634e-12,2.211888420409168,2.5,False,0.09894072389180607,-6.684289445206256e-10,1.4451314274653008e-05,6.684289445206256e-10,,True,9.642844080304103e-12,2.2262287944664312e-10,4.714611988223136e-11,-6.684208419285259e-10,8.102592099693514e-15,True,4.142986233868742e-08,2.13805280634357e-10,4.2631537839127015e-08,-6.774987748912257e-10,9.069830370600094e-12,True,7.673190475622435e-10,2.2278670055731317e-10,8.145067948044709e-10,-6.682466660246809e-10,1.822784959446435e-13,6.608284281212623e-10,7.323051112118395e-10,-6.682900820465244e-10,1.3886247410119303e-13,4.1524614083154706e-08,4.2733285528358127e-08,-6.775388118639999e-10,9.109867343374345e-12,tanh_step
step_right,22,600000,0.002,177,0.9636241118102141,development,128,k4_readout,10,0,0.007240152829391411,0.002291713898008444,1.2072321777759632e-09,9.401003846898203e-06,1.8171323817593172e-09,6.099002039833539e-10,1.2045480553245458e-09,2.6841223908003313e-12,2.472125152384101,2.5,False,0.21727938202837355,-3.6217198985367594e-09,2.8202687883997124e-05,3.6217198985367594e-09,,True,5.1555517705319006e-11,1.207223635248733e-09,2.4826082131502523e-10,-3.621682983244017e-09,3.6915292742466264e-14,True,2.1311056532679986e-07,1.2045357749397339e-09,2.0864615125148143e-07,-3.6242840350099474e-09,2.564136473187944e-12,True,2.6096800934928047e-09,1.2072442202640049e-09,2.495120180020254e-09,-3.621662661770882e-09,5.723676587746085e-14,2.4796130986155404e-09,2.5407678686993804e-09,-3.6217474478458213e-09,2.754930906192135e-14,2.131946943873609e-07,2.085993662839664e-07,-3.6243649267760093e-09,2.6450282392498795e-12,tanh_step
kink_abs,22,600000,0.002,177,0.6214766720163144,development,128,k4_readout,10,0,0.0038176129677196372,0.002133633600194855,1.5007953273500861e-12,2.6179312725956534e-06,5.74546508688666e-10,5.73045713361316e-10,1.7743878935420208e-11,-1.6243083559197714e-11,3.951930641885787,2.5,False,0.19061377181258368,4.882096001065135e-13,7.849403007893694e-06,4.882096001065135e-13,,True,1.834006119815437e-11,1.4977543158505011e-12,2.387341701291723e-10,5.226915684121329e-13,3.4481968305619426e-14,True,3.701891693300536e-08,1.7756684009841537e-11,3.728058466309664e-08,1.7825993504674674e-11,1.7337783904568162e-11,True,2.329296560639735e-09,1.7365925115051762e-13,2.1486066486956465e-09,-7.732541355048799e-13,1.2614637356113935e-12,1.9763751930898158e-09,1.9424818205996517e-09,-7.7214623599691e-13,1.2603558361034236e-12,3.734744065392159e-08,3.745228191999429e-08,1.7810621715383354e-11,1.732241211527684e-11,kink
kink_relu,22,600000,0.002,177,0.2041432706959443,development,128,k4_readout,10,0,0.003527588876418011,0.0018141265625367276,2.065786300389779e-10,2.169931838458755e-06,5.449812097739564e-10,3.384025797349784e-10,2.0018375460202464e-10,6.394875473905338e-12,2.8912511291536105,2.5,False,0.18340062178142685,-6.201057710554522e-10,6.508218172176764e-06,6.201057710554522e-10,,True,6.9728443543330734e-12,2.0657722102874682e-10,8.166870741180165e-11,-6.200932193202917e-10,1.2551735160505607e-14,True,1.2831825898626386e-07,2.0017507450291202e-10,1.2913414366464337e-07,-6.265352262536674e-10,6.429455198215222e-12,True,1.6609696813864996e-09,2.0670929059906366e-10,1.7163753542388064e-09,-6.199585769920468e-10,1.4719406340537445e-13,1.5257529176246779e-09,1.5604592684678012e-09,-6.200154116901627e-10,9.035936528952774e-14,1.283830950162606e-07,1.2919292176666245e-07,-6.265847406677519e-10,6.478969612299749e-12,kink
sine,0,600000,0.002,177,1.0,development,128,k4_readout,1000,0,0.7737221297249506,0.0017000289561794853,4.283118973818384e-06,0.013489811603488912,4.816047045659053e-06,5.329280718406689e-07,4.452453449462162e-06,-1.693344756436875e-07,2.267814318961947,250.0,False,0.004354542264736027,-1.1852487146791545e-05,0.040825228509029095,1.1852487146791545e-05,,True,0.00029343431851564644,4.21811136583178e-06,0.0016447557216807147,-1.1432000563599082e-05,4.204865831924626e-07,True,0.00038038712986593977,4.370142440887076e-06,0.0016726193921680007,-1.126923328574865e-05,5.832538610428957e-07,True,0.0005605934260432463,3.89127279346292e-06,0.0016566880868889866,-1.1610985447079148e-05,2.415016997123967e-07,0.0005214302285220772,0.001277032877659025,-1.1740717992615077e-05,1.1176915417646751e-07,0.00034857299677387466,0.001274727536906183,-1.1399712906568386e-05,4.5277424022315917e-07,
runge,0,600000,0.002,177,1.0,development,128,k4_readout,1000,0,0.04754094771453102,0.001961881029679852,1.8051353968125073e-07,0.0014932575963245533,3.6041041550011314e-07,1.7989687581886241e-07,1.8094027945758727e-07,-4.267397765473736e-10,2.598608970741814,250.0,False,0.004910800330086798,-5.398239036606665e-07,0.004458751280542485,5.398239036606665e-07,,True,1.586390949763298e-06,1.801531661861213e-07,5.248898316108092e-06,-5.388136746692006e-07,1.0102289914659485e-09,True,1.2996422440276852e-05,1.8060550674892613e-07,1.6450166131175216e-05,-5.382536848274573e-07,1.5702188332092407e-09,True,3.7325279759067325e-05,1.787785684449047e-07,3.715244732829808e-05,-5.401633003150695e-07,3.393966544029323e-10,3.811502855994403e-05,4.095687263450182e-05,-5.41896092104796e-07,2.0721884441295108e-09,1.2347197094702784e-05,1.4081889964192923e-05,-5.400668455284243e-07,2.4294186775776094e-10,
moment3,0,600000,0.002,177,1.0,development,128,k4_readout,1000,0,0.006361420136189951,0.0037906180658107674,1.601598548393749e-07,0.00016698200338117098,1.6150952816964657e-07,1.3496733302716702e-09,1.6390485570095403e-07,-3.745000861923996e-09,9.66123648613327,250.0,False,0.013273604318118243,-3.0362058117980975e-07,0.0004568292282529082,3.0362058117980975e-07,,True,1.2500910747849042e-07,1.6016055682462525e-07,3.433691488599183e-07,-3.0389188880754504e-07,2.713076277352882e-10,True,4.164741563388411e-06,1.6435491192233684e-07,4.4844868139804046e-06,-2.990791172808816e-07,4.541463898928141e-09,True,5.994127098523851e-05,1.0225664269906738e-07,6.028482784406905e-05,-3.618171663109201e-07,5.8196585131110356e-08,5.385381854129576e-05,5.009508242193367e-05,-3.5179112637523137e-07,4.8170545195421624e-08,1.7240676705586604e-05,1.3483897707326441e-05,-2.9435278720048776e-07,9.267793979321988e-09,
moment5,0,600000,0.002,177,1.0,development,128,k4_readout,1000,0,0.7499971639109134,0.0014083434509018738,1.1208538077358484e-09,5.3333105624571e-06,2.4646358585221323e-09,1.343782050786284e-09,1.2378574525295848e-09,-1.1700364434027162e-10,1.7886970867387153,250.0,False,0.018618736702745504,-2.8923982093766654e-09,1.5721854096403344e-05,2.8923982093766654e-09,,True,8.729325831899323e-11,1.120820687282751e-09,1.1819930929014234e-09,-2.891995496999697e-09,4.027123769684178e-13,True,3.3292208024570654e-07,1.2378274238324625e-09,3.332218719155542e-07,-2.7749884487839734e-09,1.1740976059269195e-10,True,3.345174510940348e-07,1.0032064599761725e-09,3.343688254042049e-07,-3.0096612399387393e-09,1.172630305620739e-10,3.3451729343130153e-07,3.343827948527105e-07,-3.0095969120235507e-09,1.1719870264688528e-10,3.3292372190324294e-07,3.332107237134463e-07,-2.774923925973682e-09,1.1747428340298345e-10,
moment9,0,600000,0.002,177,1.0,development,128,k4_readout,1000,0,0.7500008936306659,0.0014050337609796582,-4.447098212740024e-10,2.8416758082958434e-06,8.989492092938571e-10,1.3436590305678594e-09,-4.734026194313338e-10,2.869279841047717e-11,1.789522020496966,250.0,False,0.004251814029533815,1.2189163615848223e-09,8.49656713846e-06,1.2189163615848223e-09,,True,1.4344588894221953e-11,-4.447168190094954e-10,1.295290082669258e-10,1.2189764159217848e-09,6.00543369624558e-14,True,8.110361665700633e-08,-4.734085901580598e-10,8.105445762956337e-08,1.1902925043089383e-09,2.8623857275884015e-11,True,8.152187231400227e-08,-4.1594022760812594e-10,8.152566018588905e-08,1.2477450596026351e-09,2.882869801781282e-11,8.152119541349403e-08,8.153839312330379e-08,1.2478519778350286e-09,2.8935616250206272e-11,8.110634479628819e-08,8.105199386851582e-08,1.1903985577404854e-09,2.8517803844336933e-11,
mixed_sine,0,600000,0.002,177,0.8100925873009825,development,128,k4_readout,1000,0,0.3223629403572097,0.002772297077087963,5.067614414093973e-07,0.0030239730964922423,6.687661327606894e-07,1.6200469135129206e-07,5.272980241572248e-07,-2.053658274711885e-08,3.439522664484226,250.0,False,0.01663424405044935,-1.2013714374681916e-06,0.008997781279442953,1.2013714374681916e-06,,True,1.8256780239317893e-06,5.061647090999481e-07,1.52164637877384e-05,-1.1950960570305984e-06,6.275380437593205e-09,True,2.5035562861230108e-05,5.275830950511711e-07,3.8436732612414536e-05,-1.1724566261720284e-06,2.8914811296163264e-08,True,8.825670125782861e-05,4.3351510614780134e-07,7.775086439308228e-05,-1.2666608781480705e-06,6.528944067987889e-08,9.579001932672954e-05,9.707887263070636e-05,-1.281063940380019e-06,7.969250291182733e-08,1.3986708570601004e-05,3.637209116418778e-05,-1.1899200651490705e-06,1.1451372319121159e-08,
localized_sine,0,600000,0.002,177,0.4822374526221915,development,128,k4_readout,1000,0,0.19305107562397,0.003281561684798683,3.956540599867407e-07,0.0020504839346410153,6.654131691209219e-07,2.6975910913418124e-07,3.9770531800150554e-07,-2.053336568112518e-09,6.555524005635569,250.0,False,0.011376763218556282,-1.1506196538571993e-06,0.006043464868312095,1.1506196538571993e-06,,True,2.2484579174815754e-06,3.9455726942036593e-07,1.2049677476236658e-05,-1.1479808637129732e-06,2.6387901442260806e-09,True,1.0008681946428936e-05,3.9746452602346405e-07,1.800953338171011e-05,-1.144168904199886e-06,6.450749657313262e-09,True,7.405310233891244e-05,3.7434346058460653e-07,7.603569443379672e-05,-1.168159415916376e-06,1.753976205917676e-08,7.917021235595619e-05,7.592029308207511e-05,-1.1687183803646247e-06,1.8098726507425378e-08,3.135022328482198e-05,3.545362388781747e-05,-1.1482254787041977e-06,2.394175153001587e-09,
chirp,0,600000,0.002,177,0.7001068817853702,development,128,k4_readout,1000,0,0.7341889501377588,0.0021741560485729517,8.05981872797037e-07,0.00565711318414593,9.978318411854623e-07,1.9184996838842538e-07,8.260653738074797e-07,-2.0083501010501332e-08,4.683910037492089,250.0,False,0.025493894385329802,-2.1965930976375025e-06,0.016875881403666297,2.1965930976375025e-06,,True,1.906803255433676e-05,8.044232918695569e-07,0.00010876428775057535,-2.1974691973977083e-06,8.760997602057993e-10,True,7.32321951888939e-05,8.284519507643354e-07,0.00012265222912111854,-2.176615071967397e-06,1.9978025670105585e-08,True,0.00013426058173872382,7.620405497345193e-07,0.00018011837043374542,-2.243200891041529e-06,4.660779340402657e-08,0.00014026356309902155,0.00016464239020240942,-2.2529796016568206e-06,5.638650401931803e-08,8.392618122117837e-05,7.237639147852685e-05,-2.1939860214790053e-06,2.6070761584972576e-09,
moment4,0,600000,0.002,177,1.0,development,128,k4_readout,1000,0,0.7499835073974309,0.0014156248146355965,5.909736250620331e-09,3.704607877495562e-05,1.1156943098241396e-08,5.247206847621065e-09,6.016533465948149e-09,-1.067972151533652e-10,1.792212583309596,250.0,False,0.0018058780045347492,-1.729758176924234e-08,0.00011115678584529302,1.729758176924234e-08,,True,6.678599006227667e-09,5.90827346953216e-09,8.228740168617573e-08,-1.7280957986233674e-08,1.6623783008666587e-11,True,3.0363545405740116e-07,6.01520085050195e-09,3.2581309268874517e-07,-1.7173254005126057e-08,1.2432776411628324e-10,True,3.1577863028709445e-07,5.7981278301624506e-09,3.2271904900905786e-07,-1.7393019979641003e-08,9.54382103986621e-11,3.1575858137866767e-07,3.2085143987244684e-07,-1.739487185208168e-08,9.729008283933977e-11,3.036468985599131e-07,3.2379568955923233e-07,-1.7175100063811447e-08,1.2248170543089308e-10,
blend_m010,0,600000,0.002,177,1.0,development,128,k4_readout,1000,0,0.7496056621723985,0.0015120894365413453,7.650917721276865e-08,0.00024325019257982525,1.0779000289718636e-07,3.128082568441772e-08,7.782721418755072e-08,-1.3180369747710192e-09,1.7984628284026456,250.0,False,0.017314709780640522,-2.2295725721497038e-07,0.0007231181194868262,2.2295725721497038e-07,,True,1.3925100816805627e-07,7.64789478124635e-08,1.2772451107218423e-06,-2.226883068263067e-07,2.6895038866367966e-10,True,8.756606503748925e-06,7.780041321379941e-08,9.173591229975293e-06,-2.2135410410915496e-07,1.6031531058154225e-09,True,1.1173205999250548e-05,7.480229988864508e-08,1.121380997543673e-05,-2.2439771157542864e-07,1.4404543604582563e-09,1.1172618813990293e-05,1.1213578246037718e-05,-2.2441037656863518e-07,1.4531193536648045e-09,8.757178107752128e-06,9.163452106638045e-06,-2.2136661609472159e-07,1.590641120248793e-09,
blend_p001,0,600000,0.002,177,1.0,development,128,k4_readout,1000,0,0.7500129630626681,0.0013994796217040206,-2.92355422459514e-09,1.1063677586685246e-05,2.8898609059791663e-09,5.8134151305743065e-09,-3.2496189308803077e-09,3.2606470652156113e-10,1.7914564534900832,250.0,False,0.04171833698470118,7.481386901776382e-09,3.2218296827290824e-05,7.481386901776382e-09,,True,2.0682719621465296e-10,-2.923628872991644e-09,2.6457947549704664e-09,7.482293937329073e-09,9.070355526905241e-13,True,9.069329685077845e-07,-3.2496776460265407e-09,9.058861766552155e-07,7.156380707208064e-09,3.2500619456831843e-10,True,8.96202891858032e-07,-2.6014716943502913e-09,8.96469245816747e-07,7.804303870066345e-09,3.229169682899624e-10,8.961960454468841e-07,8.965390363653812e-07,7.804454785174622e-09,3.230678833982394e-10,9.069432130083479e-07,9.058231051675689e-07,7.1565288967695185e-09,3.248580050068637e-10,
blend_p010,0,600000,0.002,177,1.0,development,128,k4_readout,1000,0,0.7500463855900685,0.001376345217789727,-2.7779362961463588e-09,8.81022783392043e-05,3.4084072338016e-08,3.6862008634162356e-08,-6.148859567646073e-09,3.3709232713544405e-09,1.8232169812733063,250.0,False,0.059930255623832945,-4.542774653854161e-09,0.0002570007415321333,4.542774653854161e-09,,True,1.7081457356222954e-08,-2.7839434108047015e-09,1.8532176129874524e-07,-4.470019299231544e-09,7.275535462261679e-11,True,7.478334541212832e-06,-6.155241384057803e-09,7.473062839989699e-06,-7.842414881230385e-09,3.299640227376224e-09,True,7.110248752651853e-06,4.208338974575242e-10,7.129407802944701e-06,-1.2621527485653825e-09,3.2806219052887786e-09,7.110238564007727e-06,7.129579340581786e-06,-1.2626657140312042e-09,3.280108939822957e-09,7.478361520680609e-06,7.472816688132634e-06,-7.842929875070596e-09,3.3001552212164354e-09,
blend_p030,0,600000,0.002,177,1.0,development,128,k4_readout,1000,0,0.6899258516864919,0.002182888349898557,4.003367709117759e-07,0.0008695364814034659,4.857177592623869e-07,8.538098835061098e-08,4.3774895813555697e-07,-3.7412187223918574e-08,3.380327001202385,250.0,False,0.00035511869621893344,-6.992956225334922e-07,0.002230845693666886,6.992956225334922e-07,,True,1.4414262803495687e-06,3.999685959352073e-07,2.58477399633353e-05,-6.951107315525905e-07,4.184890980901666e-09,True,4.467064658397858e-05,4.3778728621499873e-07,4.974564607228391e-05,-6.555762152864709e-07,4.371940724702127e-08,True,0.0001549250907299437,2.6857067049577714e-07,0.0001605739925344958,-8.259130293956258e-07,1.2661740686213366e-07,0.00015459003096875346,0.00016056748682640563,-8.260958730874101e-07,1.268002505539179e-07,4.809328178165059e-05,4.781948768397803e-05,-6.569202827585721e-07,4.2375339774920075e-08,
exp_right,22,600000,0.002,177,2.6119867843594364,development,128,k4_readout,1000,0,0.00014979152535075788,0.0016852520074347771,1.1600058730029576e-08,6.282061556440381e-05,2.0339289820681137e-08,8.739231090651561e-09,1.2007150955632786e-08,-4.0709222524048604e-10,3.243507419503623,250.0,False,0.00943860105705264,-3.2567439419701074e-08,0.00019409014422974748,3.2567439419701074e-08,,True,1.8448113785695464e-08,1.1597013691529277e-08,1.9516423828745524e-07,-3.253845343261611e-08,2.898598708496635e-11,True,4.376899218976964e-06,1.2035464336538707e-08,4.382007266796685e-06,-3.2097661135728065e-08,4.697782839730091e-10,True,8.477840899099817e-06,1.0659114497207522e-08,8.453920654778822e-06,-3.347286034095158e-08,9.054209212505055e-10,8.888364781529041e-06,8.791315952828443e-06,-3.313028145718244e-08,5.628420374813658e-10,4.656905117528675e-06,4.678181101624605e-06,-3.183202274818404e-08,7.354166715170333e-10,exponential
exp_left,22,600000,0.002,177,13.649519383995864,development,128,k4_readout,1000,0,0.0005808509902949755,0.0018555256436253444,-1.4268408963951163e-08,6.883842853404022e-05,1.2529837601786948e-08,2.679824656573811e-08,-1.5596499755673687e-08,1.32809079217506e-09,4.650299472992105,250.0,False,0.0037664312537710075,3.020733057888813e-08,0.0002330791382802194,3.020733057888813e-08,,True,7.262482356631397e-08,-1.4272448687872104e-08,8.242807506958152e-07,3.022323186298131e-08,1.5901284093179424e-11,True,6.739228981539624e-06,-1.5568017936130748e-08,6.888595668134281e-06,2.8917321958616518e-08,1.2900086202716124e-09,True,1.4921061248133349e-05,-1.1455951393868363e-08,1.4794762562400274e-05,3.302568661077838e-08,2.818356031890248e-09,1.5895688791549658e-05,1.5576258220812826e-05,3.331126626090871e-08,3.103935682020581e-09,8.958269340682947e-06,8.850725710676325e-06,2.9121679854466615e-08,1.085650724421515e-09,exponential
gauss_left,22,600000,0.002,177,0.3713011646461742,development,128,k4_readout,1000,0,0.006195378550025914,0.0034675129795015192,2.35773036065757e-07,0.0013601054832110394,4.1479704997127963e-07,1.790240139055226e-07,2.3637913146780433e-07,-6.060954011101951e-10,5.637247621677427,250.0,False,0.021749101373784222,-6.97501341021122e-07,0.004090966268267205,6.97501341021122e-07,,True,7.102533346756354e-07,2.3529083686090936e-07,2.807456061726746e-06,-6.962502856272846e-07,1.2510553938373955e-09,True,4.99302982068127e-06,2.3624188133675282e-07,7.913185261003063e-06,-6.950579053039678e-07,2.4434357171541897e-09,True,6.424747157890785e-05,2.24496899496956e-07,6.308400677187169e-05,-7.070233586116475e-07,9.522017590525437e-09,4.504304418349988e-05,4.217724580934421e-05,-7.01692182489909e-07,4.190841468787016e-09,3.721828743166269e-05,2.5717691571840835e-05,-6.921580893861198e-07,5.343251635002238e-09,gaussian
gauss_right,22,600000,0.002,177,0.23748502306292393,development,128,k4_readout,1000,0,0.03776770023092946,0.004250199276476836,4.797456386617319e-07,0.003194547948062005,5.778966994584458e-07,9.815106079671385e-08,4.81655852685331e-07,-1.9102140253048167e-09,8.78310164250751,250.0,False,0.00846995962925787,-1.3761619175127534e-06,0.009508311562445583,1.3761619175127534e-06,,True,4.191322137105489e-06,4.797223428057474e-07,2.285006051289411e-05,-1.3780676664553643e-06,1.905748942610904e-09,True,6.738604868317901e-06,4.819276752770884e-07,2.147499369427392e-05,-1.3751878665916582e-06,9.740509210951411e-10,True,1.7918409238008404e-05,4.7206331996521377e-07,3.451248627994634e-05,-1.3859543574693273e-06,9.792439956573885e-09,6.148312852183936e-05,7.494774641622798e-05,-1.3970411336296531e-06,2.0879216116899732e-08,5.663179484886052e-05,7.040028182195982e-05,-1.3873711286402452e-06,1.1209211127491855e-08,gaussian
bump_left,22,600000,0.002,177,0.44348186274361356,development,128,k4_readout,1000,0,0.02309374429158299,0.0031842876419631953,8.7098793066494e-08,0.0010262510145266942,3.4157244593027615e-07,2.5447365286378216e-07,8.709647745101554e-08,2.3156171699154474e-12,4.923989262976921,250.0,False,0.014096362447143681,-2.687872509305095e-07,0.0031258664276410295,2.687872509305095e-07,,True,7.515464049229444e-07,8.661093745712308e-08,4.840338530802672e-06,-2.675314374144456e-07,1.2558135160639334e-09,True,7.152879746165284e-06,8.678737100644467e-08,1.0045819436375875e-05,-2.6735731249383225e-07,1.4299384366772682e-09,True,5.9287905644947467e-05,8.627081549738644e-08,5.866251687488848e-05,-2.678698414895548e-07,9.174094409547203e-10,5.955854244531241e-05,5.8101094400543445e-05,-2.663533593439463e-07,2.4338915865632044e-09,1.894661111131945e-05,1.747196666957099e-05,-2.667372806987619e-07,2.0499702317476243e-09,compact_bump
bump_right,22,600000,0.002,177,0.32889495195335533,development,128,k4_readout,1000,0,0.021057128930012083,0.003618187453984743,4.695808184773117e-08,0.0004384928650223364,8.734811898934147e-08,4.0390037141610305e-08,4.7730215974879386e-08,-7.721341296746828e-10,7.290525885280423,250.0,False,0.020561674153604416,-1.223582195893639e-07,0.0013013675326448593,1.223582195893639e-07,,True,1.392027175183871e-07,4.6962628751956856e-08,1.77132581715815e-06,-1.225152253581517e-07,1.5700576878781317e-10,True,1.9916914853969004e-06,4.785140712557156e-08,2.369178593331704e-06,-1.2151727860273972e-07,8.409409866241835e-10,True,7.747429342514905e-06,4.3434314465657055e-08,8.188152600872165e-06,-1.260559621643382e-07,3.697742574974304e-09,1.035456298446387e-05,1.2342737340832367e-05,-1.276815503298249e-07,5.323330740460989e-09,3.844748424845343e-06,7.81440751642608e-06,-1.2357239783492064e-07,1.2141782455567413e-09,compact_bump
step_left,22,600000,0.002,177,0.9128852702404965,development,128,k4_readout,1000,0,0.0011496132640253236,0.00215452739047168,2.178038335320849e-08,0.0004818013079889634,5.9385719715717164e-08,3.7605336362508674e-08,2.1621749468726628e-08,1.5863388627306406e-10,2.2118367567294994,250.0,False,0.011546669961950334,-6.732080946286111e-08,0.0014424950755242507,6.732080946286111e-08,,True,1.0876857315092723e-07,2.1761138718452892e-08,5.922620443684435e-07,-6.716631566880201e-08,1.5449379405910067e-10,True,8.401967178564313e-07,2.1588032524477905e-08,6.988108146458646e-07,-6.732818666143828e-08,7.377198577172384e-12,True,3.5144071419547846e-06,2.2520508644036885e-08,4.039915563682542e-06,-6.636761573828752e-08,9.531937245735897e-10,2.4047967757038586e-06,3.702763707877457e-06,-6.682900820322651e-08,4.918012596345985e-10,1.8488802807307495e-06,2.8378772005504997e-06,-6.775388118927374e-08,4.330717264126307e-10,tanh_step
step_right,22,600000,0.002,177,0.9636241118102141,development,128,k4_readout,1000,0,0.007233882602285586,0.00229183324931085,1.2055853458357176e-07,0.0009396942718626375,1.7613189127643077e-07,5.557335669285901e-08,1.204649496575924e-07,9.358492560868107e-11,2.4731619458560874,250.0,False,0.008225762097033169,-3.6184734366369984e-07,0.002815983973031517,3.6184734366369984e-07,,True,5.796188046444113e-07,1.2046770609992374e-07,2.765950827872661e-06,-3.6143780609877306e-07,4.095375649267743e-10,True,6.918699838400525e-06,1.2035120685751122e-07,7.913244792058552e-06,-3.6154431627948385e-07,3.030273842159893e-10,True,1.5346193454634495e-05,1.2066347435872833e-07,1.440962931389337e-05,-3.612425832736028e-07,6.047603900970541e-10,1.3905296046161147e-05,1.4874207237605435e-05,-3.6217474478769265e-07,3.274011239928111e-10,7.861733085535222e-06,8.483587035907642e-06,-3.624364926708763e-07,5.891490071764509e-10,tanh_step
kink_abs,22,600000,0.002,177,0.6214766720163144,development,128,k4_readout,1000,0,0.003816056374551996,0.002133634706450227,1.10775616741295e-09,0.0002613062928004557,5.739374959968346e-08,5.6285993432270506e-08,1.0903529804591881e-09,1.740318708004809e-11,3.95236253883018,250.0,False,0.002310246857951607,1.1925455087055834e-09,0.0007858493940686405,1.1925455087055834e-09,,True,2.1727961422414032e-07,1.0750318664099441e-09,2.42500190892836e-06,1.7964006112075368e-09,6.038551025019535e-10,True,2.8268730679471635e-07,1.0783135939013825e-09,2.7221579677342243e-06,1.973538702364766e-09,7.809931936591827e-10,True,4.543600103315369e-06,-8.484234695654327e-10,2.839733051487397e-06,-5.710777432141031e-11,1.2496532830269937e-09,2.218654070115547e-06,2.188598056807096e-06,-7.721462416881578e-11,1.2697601328743992e-09,4.213824840335517e-06,4.6257291669760375e-06,1.781062170176158e-09,5.885166614705747e-10,kink
kink_relu,22,600000,0.002,177,0.2041432706959443,development,128,k4_readout,1000,0,0.0035271306300477317,0.0018141469045638713,2.054860577380459e-08,0.00022163867656542743,5.567416694603002e-08,3.512556117222543e-08,2.0373392192056713e-08,1.7521358168555054e-10,2.8908992832288103,250.0,False,0.0010339570671330815,-6.208887920208796e-08,0.0006451051139351684,6.208887920208796e-08,,True,7.307535012017194e-08,2.0532865696350282e-08,7.035431503713878e-07,-6.194448736700207e-08,1.443918350858851e-10,True,4.222493260127934e-06,2.0328271652763382e-08,4.0131178391611325e-06,-6.214236634389416e-08,5.3487141806206425e-11,True,8.915485153676017e-06,2.105654011313475e-08,9.359540141686323e-06,-6.14089497310468e-08,6.799294710411603e-10,8.462165218491025e-06,9.262271615992317e-06,-6.200154116976051e-08,8.733803232745044e-11,5.515070579505008e-06,5.78508094730202e-06,-6.265847406824047e-08,5.695948661525132e-10,kink
sine,0,600000,0.002,177,1.0,development,128,k4_readout,10000,0,0.733738173740937,0.001745730818151119,4.998498094545182e-05,0.15562057338286708,5.541910061238591e-05,5.434119666934083e-06,5.0278191560958565e-05,-2.9321061550667507e-07,2.5217349444839683,2500.0,False,0.000818459029605688,-0.00015286888752815163,0.511100495045475,0.00015286888752815163,,True,0.028461099199642195,4.1788573136248585e-05,0.15361224497382162,-0.00010222728774311614,5.0641599785035486e-05,True,0.02844613289525549,4.185100313890239e-05,0.15376570613108603,-0.00010168676195549493,5.1182125572656696e-05,True,0.02982404308458779,3.6966648982783344e-05,0.15294740530194095,-0.00010517035330826949,4.7698534219882134e-05,0.02408890145729825,0.11556847735763959,-0.00011740717992615092,3.546170760200071e-05,0.023090522320973424,0.116195076430403,-0.00011399712906568381,3.8871758462467813e-05,
runge,0,600000,0.002,177,1.0,development,128,k4_readout,10000,0,0.046179289576219286,0.001963520939330218,1.8204231900472981e-06,0.0148433463515437,3.639398453787709e-06,1.8189752637404106e-06,1.820651944379549e-06,-2.2896667413284047e-10,2.6231536732554614,2500.0,False,0.004433383917688148,-5.389828142429774e-06,0.0437637054753994,5.389828142429774e-06,,True,0.00013309229275974317,1.7862225063614733e-06,0.0004662757860989936,-5.306942179187105e-06,8.288596324266868e-08,True,0.0001324906887729162,1.786795788363761e-06,0.0004753945594742172,-5.304605575424021e-06,8.52225670057529e-08,True,0.0005928820501093219,1.760013552432495e-06,0.0006654268500092878,-5.3328406084301385e-06,5.6987533999635284e-08,0.00066202720862547,0.0011786679469421722,-5.501252413618001e-06,1.1142427118822762e-07,0.0004003283437260514,0.0009342958030649239,-5.4804063187653454e-06,9.057817633557165e-08,
moment3,0,600000,0.002,177,1.0,development,128,k4_readout,10000,0,0.0063004020973362685,0.0037919174129264596,1.4595069705321523e-06,0.0014583891728191137,1.476246871786831e-06,1.673990125467851e-08,1.461024756756963e-06,-1.5177862287104132e-09,9.686276689693168,2500.0,False,0.0014685104627170241,-2.7442312950255834e-06,0.0037993293362052287,2.7442312950255834e-06,,True,1.8803760952721475e-05,1.4566073224548743e-06,1.2034464916497302e-05,-2.7468682144806933e-06,2.6369194551099255e-09,True,1.853838347595651e-05,1.458428874007832e-06,1.2341814648729923e-05,-2.738839298204029e-06,5.3919968215543666e-09,True,0.0006683281631746348,7.613609167448215e-07,0.0006759828953621167,-3.4428778600936275e-06,6.986465650680441e-07,0.0007548957203399856,0.0011941956998612652,-3.5179112637525834e-06,7.73679968727e-07,0.0005940222735460224,0.0012050538450278697,-2.943527872004614e-06,1.9929657697903055e-07,
moment5,0,600000,0.002,177,1.0,development,128,k4_readout,10000,0,0.7499971623958014,0.0014083545657671884,1.2235719122518953e-08,5.4132365096951094e-05,2.495480587127621e-08,1.2719086748757255e-08,1.238214584575111e-08,-1.4642672233182838e-10,1.7886948463343293,2500.0,False,5.026429494998072e-06,-2.793788290543904e-08,0.00015677158244310792,2.793788290543904e-08,,True,9.052085302281394e-09,1.2232451043314085e-08,1.1574969913842855e-07,-2.7901926218601238e-08,3.5956686837801726e-11,True,4.150776817369193e-07,1.2378931172711033e-08,4.4648257221568114e-07,-2.7755689352374505e-08,1.8219355306453466e-10,True,6.2593151933820905e-06,1.0032739022816493e-08,6.245302435104748e-06,-3.01023996835973e-08,2.1645167781582576e-09,6.259296304645853e-06,6.2479244539529955e-06,-3.0095969120317126e-08,2.158086214878087e-09,4.1545629894052395e-07,4.63328924134526e-07,-2.774923925987728e-08,1.886436455617581e-10,
moment9,0,600000,0.002,177,1.0,development,128,k4_readout,10000,0,0.7500008930071662,0.0014050295092755513,-4.696413927894385e-09,2.84933030438343e-05,8.849831456212183e-09,1.3546245384106568e-08,-4.73242091208187e-09,3.600698492014448e-11,1.7895206269737176,2500.0,False,5.1426349839947005e-06,1.1923975384280255e-08,8.479254714005842e-05,1.1923975384280255e-08,,True,1.4444638678761644e-09,-4.6970793781507e-09,1.2687385960512549e-08,1.1929328329204752e-08,5.3529449244974094e-12,True,1.018981205232093e-07,-4.733068455189822e-09,1.0178894576748194e-07,1.1893379649090272e-08,3.059573518998271e-11,True,1.5243172891979826e-06,-4.158462800275087e-09,1.5247680298117932e-06,1.2467827312096137e-08,5.438519278158826e-10,1.524240847140767e-06,1.531950961442601e-06,1.247851977854297e-08,5.545443942627143e-10,1.031883461235347e-07,1.7254992790921826e-07,1.1903985577343484e-08,1.9989806936770933e-11,
mixed_sine,0,600000,0.002,177,0.8100925873009825,development,128,k4_readout,10000,0,0.3219973934410734,0.0027775800281072075,5.789712460654186e-06,0.030374004887936693,7.090873742105856e-06,1.301161281451669e-06,5.827299075290811e-06,-3.7586614640142086e-08,3.4269338133320772,2500.0,False,0.008405609315766534,-1.129885331007057e-05,0.08754743314092399,1.129885331007057e-05,,True,0.00017718519390567847,5.734820987062043e-06,0.001486676390220562,-1.0812090619886435e-05,4.867626901841358e-07,True,0.00016442158768274396,5.782610755275313e-06,0.0015170491347139025,-1.0759648502936166e-05,5.392048071344047e-07,True,0.0013438614821182089,4.678302818455586e-06,0.0014117935689274053,-1.1865493938504787e-05,5.666406284342164e-07,0.001817954207798855,0.003298500070565726,-1.2810639403799497e-05,1.5117860937289268e-06,0.0007239376751649283,0.0029932272257883565,-1.189920065149087e-05,6.003473414202991e-07,
localized_sine,0,600000,0.002,177,0.4822374526221915,development,128,k4_readout,10000,0,0.19222924917565284,0.0032848890728626456,3.7230421239484607e-06,0.0204337801560567,6.352111946661195e-06,2.6290698227127354e-06,3.7211118801858417e-06,1.928165204496107e-09,6.625680252652961,2500.0,False,0.004669603492886229,-1.1195245376109836e-05,0.05805013378739128,1.1195245376109836e-05,,True,0.0001966494209946168,3.627026310746707e-06,0.0010031617974037394,-1.0989733477407769e-05,2.0551189870206722e-07,True,0.00019723239668454178,3.62459099432953e-06,0.0010139903148004058,-1.0979929504131251e-05,2.1531587197858474e-07,True,0.0012394260655018002,3.242655249140179e-06,0.0012627299228442081,-1.137545583040146e-05,1.8021045429162455e-07,0.0020344376772868417,0.0029447611227983385,-1.1708448541147738e-05,5.132031650379021e-07,0.0018208316745254587,0.002917500199128172,-1.1502935582614047e-05,3.076902065042115e-07,
chirp,0,600000,0.002,177,0.7001068817853702,development,128,k4_readout,10000,0,0.7290548965692731,0.002182304504088638,8.954437388483889e-06,0.05607904648394578,1.1191747179386007e-05,2.2373097909021175e-06,8.991473952585048e-06,-3.703656410318559e-08,4.881700966050952,2500.0,False,0.001457962669080715,-2.0786140507998022e-05,0.16401387065800999,2.0786140507998022e-05,,True,0.0016346844200200376,8.763419977183468e-06,0.005771259710892359,-1.982119652348625e-05,9.649439845117707e-07,True,0.0016809116864791936,8.84126525802254e-06,0.005766952434638956,-1.9710002198600083e-05,1.0761383093979392e-06,True,0.002517017059024237,7.832528466391647e-06,0.006203248591099864,-2.0720534531834754e-05,6.560597616326764e-08,0.0034441089780877787,0.006401808239782957,-2.2529796016568623e-05,1.743655508570601e-06,0.003154167848477446,0.005488643995934978,-2.1939860214790043e-05,1.1537197067920205e-06,
moment4,0,600000,0.002,177,1.0,development,128,k4_readout,10000,0,0.7499834394997261,0.0014156790444955331,6.013959618674728e-08,0.0003709825300195616,1.1172617374873542e-07,5.158657756198814e-08,6.027046800822069e-08,-1.3087182219004174e-10,1.7922847392616366,2500.0,False,9.836129982754224e-06,-1.7321330680141668e-07,0.001116725411425742,1.7321330680141668e-07,,True,6.685648993520047e-07,6.000352187317207e-08,8.254370106067939e-06,-1.7169843512919904e-07,1.5148716722176348e-09,True,7.389650047285765e-07,6.013682727767359e-08,8.282879691415753e-06,-1.7156641818349145e-07,1.6468886179252312e-09,True,5.9075292985343e-06,5.7966618819931476e-08,9.90460912074073e-06,-1.7376355435882647e-07,5.502475574097883e-10,5.899012189682952e-06,9.281000123214684e-06,-1.739487185207344e-07,7.354117193177115e-10,6.790699423985788e-07,7.521305516518116e-06,-1.7175100063804934e-07,1.4623061633673389e-09,
blend_m010,0,600000,0.002,177,1.0,development,128,k4_readout,10000,0,0.7496021662215583,0.0015127922143925126,7.792870283798491e-07,0.0024598308159251344,1.0771756909653697e-06,2.9788866258552073e-07,7.807779994304698e-07,-1.4909710512232725e-09,1.7995653147792299,2500.0,False,0.00021385260620075512,-2.2384101117170875e-06,0.007321537341818272,2.2384101117170875e-06,,True,1.4258487696171343e-05,7.763437805454008e-07,0.0001275394702705918,-2.2139493615780317e-06,2.4460750139055774e-08,True,1.6626419824424702e-05,7.778863368946171e-07,0.00012828465665810126,-2.2124146113770473e-06,2.5995500340040135e-08,True,0.00019110851448410633,7.479186173040726e-07,0.00022695841170876783,-2.242836903275956e-06,4.426791558868315e-09,0.00019102541818483644,0.0002249417868880385,-2.2441037656863523e-06,5.6936539692648405e-09,1.6282075632787262e-05,0.00012398803971377215,-2.2136661609472896e-06,2.4743950769797866e-08,
blend_p001,0,600000,0.002,177,1.0,development,128,k4_readout,10000,0,0.7500129569047931,0.0013994504685020232,-3.207675622200803e-08,0.00011341184852792112,2.7709320968001024e-08,5.978607719000906e-08,-3.2487753744551334e-08,4.109975224098254e-10,1.7914644465198426,2500.0,False,1.0347407573115709e-05,7.188274769758771e-08,0.00032032114449759015,7.188274769758771e-08,,True,2.2085072536147112e-08,-3.208460527358117e-08,2.569773573779967e-07,7.196055436537543e-08,7.780666778771953e-11,True,1.1466787545172089e-06,-3.249533877830233e-08,1.1411818452871491e-06,7.155046535162248e-08,3.3228234596523046e-10,True,1.6884611451373765e-05,-2.6013524992478154e-08,1.6912840806642846e-05,7.802945145638588e-08,6.146703758798164e-09,1.6883929050194483e-05,1.6920975162990546e-05,7.804454785180134e-08,6.161800154213626e-09,1.1478882876964273e-06,1.154345768535561e-06,7.156528896767841e-08,3.1745872990930356e-10,
blend_p010,0,600000,0.002,177,1.0,development,128,k4_readout,10000,0,0.7500459659613001,0.001376291493113206,-5.6502612817139555e-08,0.0009038990474672325,3.2986518763301174e-07,3.8636780045015126e-07,-6.079756024618036e-08,4.2949474294257885e-09,1.8237873393751027,2500.0,False,4.5830417295563006e-05,-8.150462942408966e-08,0.0025627092529844665,8.150462942408966e-08,,True,1.8668857249256587e-06,-5.725183435545211e-08,1.8519057002254615e-05,-7.407648833740429e-08,7.428141086685366e-09,True,9.851525128504189e-06,-6.155715418606545e-08,2.0150639744268365e-05,-7.837779677683597e-08,3.126832647253687e-09,True,0.00013622299385559314,4.203415245903483e-09,0.00013912672658952045,-1.2575358243024575e-08,6.892927118106508e-08,0.0001362217757040564,0.0001391228161351229,-1.2626657140297838e-08,6.887797228379182e-08,9.850054728785516e-06,1.9966188061263578e-05,-7.842929875081836e-08,3.075330673271297e-09,
blend_p030,0,600000,0.002,177,1.0,development,128,k4_readout,10000,0,0.6897335515034135,0.002186442213125967,3.954199998321898e-06,0.009544405447840217,4.898950507896161e-06,9.447505095742629e-07,3.975552780125719e-06,-2.135622565748942e-08,3.421001261377553,2500.0,False,0.002602295952106155,-7.024585046040454e-06,0.020892791167744625,7.024585046040454e-06,,True,0.00015743514828768504,3.917201189577395e-06,0.002127602990007999,-6.681066186518084e-06,3.435188595223704e-07,True,0.00015499354257882266,3.942307029749311e-06,0.0021330316194681244,-6.641597353508532e-06,3.829876925319225e-07,True,0.002005450556632895,2.1396233369130335e-06,0.0029723429915851233,-8.456322426150257e-06,1.4317373801098033e-06,0.0022526116799366667,0.0031035316077984774,-8.400596665522528e-06,1.3760116194820735e-06,0.001276292873849769,0.0020553677699373697,-6.689897968532487e-06,3.346870775079673e-07,
exp_right,22,600000,0.002,177,2.6119867843594364,development,128,k4_readout,10000,0,0.0001486237419756374,0.0016853413565304119,1.0094915436459059e-07,0.0006079989901989254,1.9492332713088213e-07,9.397417276629154e-08,1.0111248276481006e-07,-1.6332839898230193e-10,3.246109961337531,2500.0,False,0.008338578772267987,-3.40124895623665e-07,0.0019874843349177262,3.40124895623665e-07,,True,1.9004905922191156e-06,1.0063665964142413e-07,1.0915689400960286e-05,-3.38401201115505e-07,1.7236945081599974e-09,True,2.238513881074054e-06,1.0096932887577126e-07,1.214106291286316e-05,-3.38055120714575e-07,2.0697749090899613e-09,True,0.00012941708760719195,8.231673480512713e-08,0.00012605620345427354,-3.566886558709476e-07,1.6563760247282605e-08,0.00020103379874789162,0.0001892277383093702,-3.3130281457163035e-07,8.822081052034637e-09,0.00014581793512342584,0.00013644455378469057,-3.1832022748190974e-07,2.180466814175524e-08,exponential
exp_left,22,600000,0.002,177,13.649519383995864,development,128,k4_readout,10000,0,0.0005775559281170279,0.0018553734812613097,-1.6643077299881687e-07,0.0005278720467828467,9.530082940148612e-08,2.61731602400303e-07,-1.6697247518431937e-07,5.417021838557369e-10,4.655189970983794,2500.0,False,0.00620463304903398,2.83585567567158e-07,0.0025093856662184045,2.83585567567158e-07,,True,7.437054893225908e-06,-1.6670408625178677e-07,6.587677925348024e-05,2.8372123210074866e-07,1.356645335906757e-10,True,7.358040462515939e-06,-1.6715742916107513e-07,6.624765437970089e-05,2.832916273823548e-07,2.939401848031701e-10,True,0.00023271577792808963,-1.2932831175859916e-07,0.00023529904346954655,3.2108357651663797e-07,3.749800894947998e-08,0.00035936000445988914,0.00031826432925801274,3.3311266260919035e-07,4.952709504203236e-08,0.00029067246337832384,0.00025458229437861436,2.9121679854447454e-07,7.631230977316552e-09,exponential
gauss_left,22,600000,0.002,177,0.3713011646461742,development,128,k4_readout,10000,0,0.005907402672279454,0.0034694463755454534,2.1691690800003197e-06,0.012752627590544475,3.8079851031033923e-06,1.638816023103072e-06,2.168477143297612e-06,6.919366976360551e-10,5.654997881156494,2500.0,False,0.004903623818727069,-7.079077402050783e-06,0.040256487813669986,7.079077402050783e-06,,True,8.305739050944043e-05,2.126435271215703e-06,0.0003309135473042376,-6.929297195895374e-06,1.4978020615540875e-07,True,8.545042279343668e-05,2.1250207520132013e-06,0.00033524625586452806,-6.926205556370125e-06,1.5287184568065798e-07,True,0.000963694085438039,1.9386605303453645e-06,0.0007619878144272816,-7.116501825635771e-06,3.742442358498809e-08,0.00118197653744693,0.0009005512257124867,-7.173272335329259e-06,9.419493327847651e-08,0.001367855488736674,0.0008787580479798237,-7.077386950275981e-06,1.6904517748019004e-09,gaussian
gauss_right,22,600000,0.002,177,0.23748502306292393,development,128,k4_readout,10000,0,0.036919898147589794,0.004254561600890673,4.842070052499914e-06,0.03192155052708247,5.8405295722746466e-06,9.98459519774733e-07,4.843383523744801e-06,-1.3134712494314806e-09,8.851891629112904,2500.0,False,0.0026624637542230953,-1.3173807175040028e-05,0.09275753076524598,1.3173807175040028e-05,,True,0.00022289881837292197,4.814996498542975e-06,0.0008368876460334205,-1.299784195839835e-05,1.7596521664167713e-07,True,0.00022350292231364596,4.816780864702305e-06,0.0008369546036674388,-1.298206911872882e-05,1.9173805631120688e-07,True,0.00031642881322317077,4.6934274919114664e-06,0.000933290108521426,-1.3116409414062334e-05,5.739776097769371e-08,0.001214884552368865,0.0031629507114251864,-1.403297015208127e-05,8.591629770412421e-07,0.001157666733940011,0.003121819022727654,-1.3936050104610138e-05,7.622429295701102e-07,gaussian
bump_left,22,600000,0.002,177,0.44348186274361356,development,128,k4_readout,10000,0,0.022882599067486957,0.003185030729697576,8.30186527446861e-07,0.009607351151900203,3.220078293155186e-06,2.3898917657083257e-06,8.302876152808256e-07,-1.0108783320907926e-10,4.9279812729044385,2500.0,False,0.004345959706542376,-2.7965119169527366e-06,0.03173453747570809,2.7965119169527366e-06,,True,0.0001034691455450299,7.829246051260281e-07,0.000625606390301825,-2.650567876923871e-06,1.4594404002886544e-07,True,0.00010155785648235745,7.832430925103764e-07,0.0006298273445647873,-2.6500620052535004e-06,1.4644991169923617e-07,True,0.0008335837043526931,7.421684481360063e-07,0.0007251296684109895,-2.691216128626589e-06,1.0529578832614754e-07,0.0010968388894619285,0.0008771813876889187,-2.66353359343917e-06,1.3297832351356674e-07,0.0008918919248066948,0.0006869197330141135,-2.66737280698733e-06,1.291391099654067e-07,compact_bump
bump_right,22,600000,0.002,177,0.32889495195335533,development,128,k4_readout,10000,0,0.021044528498744757,0.0036186331355545134,4.926396516168943e-07,0.004385935603130615,9.020726461574991e-07,4.0943299454060463e-07,4.936097388438208e-07,-9.700872339610397e-10,7.294632445399701,2500.0,False,0.0030896008885681462,-1.1204276444463557e-06,0.012565238095856229,1.1204276444463557e-06,,True,1.1125555019881912e-05,4.920291257608779e-07,0.0001373348625516216,-1.113264075359735e-06,7.163569086620761e-09,True,1.2399114114441583e-05,4.934959789012214e-07,0.0001359878540383419,-1.110170561875452e-06,1.025708257090369e-08,True,0.00010800818289261498,4.3845962279691176e-07,0.00018544725099269369,-1.1666107197944532e-06,4.61830753480975e-08,0.00022428847175178667,0.0005653139676125682,-1.2768155032977173e-06,1.563878588513616e-07,0.00016033474089925467,0.0005438120718631122,-1.2357239783499233e-06,1.1529633390356765e-07,compact_bump
step_left,22,600000,0.002,177,0.9128852702404965,development,128,k4_readout,10000,0,0.0011353704178203273,0.0021547339489228763,2.283388345491934e-07,0.004791967719088691,5.871385235499297e-07,3.587996890007364e-07,2.286807269047665e-07,-3.418923556647018e-10,2.2118032601670565,2500.0,False,0.005244465516336556,-6.620933689135503e-07,0.014219891211568756,6.620933689135503e-07,,True,1.096107187735744e-05,2.262281938305614e-07,6.154414502332018e-05,-6.471005717047545e-07,1.499279720879583e-08,True,1.0589097921921653e-05,2.2661558391731613e-07,6.271081231935443e-05,-6.466178963511866e-07,1.5475472562363666e-08,True,5.028860250992847e-05,2.3794829256561388e-07,0.0001015545648082237,-6.349459626720479e-07,2.714740624150237e-08,3.5352797866625324e-05,0.00023576318169007095,-6.682900820323072e-07,6.196713118756855e-09,7.105593433163747e-05,0.00023633207202442368,-6.775388118925781e-07,1.5445442979027765e-08,tanh_step
step_right,22,600000,0.002,177,0.9636241118102141,development,128,k4_readout,10000,0,0.007178361354430746,0.002292914473919846,1.2017831435802892e-06,0.00933940154999616,1.7461693608920734e-06,5.443862173117845e-07,1.201706779432847e-06,7.636414796788638e-11,2.482028124854107,2500.0,False,0.0004827531936155457,-3.5781363066340506e-06,0.027786546536225833,3.5781363066340506e-06,,True,5.743582369018953e-05,1.1928013027572922e-06,0.00027042315060099993,-3.538727898561095e-06,3.94084080729558e-08,True,5.697386636803431e-05,1.1926012273028578e-06,0.00027079623311727187,-3.5387039223876016e-06,3.943238424644905e-08,True,0.0002657313979321062,1.197565627394683e-06,0.0003301232686772829,-3.533923877321802e-06,4.421242931224855e-08,0.0001926305781655167,0.0004854856996046211,-3.621747447877382e-06,4.361114124333135e-08,0.00010143010340932552,0.0004454130541212117,-3.624364926708557e-06,4.622862007450643e-08,tanh_step
kink_abs,22,600000,0.002,177,0.6214766720163144,development,128,k4_readout,10000,0,0.003802321449896848,0.0021336113842076935,-2.2214486365678942e-08,0.0024828202171554292,5.391630942362901e-07,5.613775806019691e-07,-2.2384260262505358e-08,1.6977389657204159e-10,3.9557729229929213,2500.0,False,0.0011403576699308704,-4.740826100599137e-09,0.008032785030129535,4.740826100599137e-09,,True,2.3971318696349626e-05,-2.5610594537661412e-08,0.00019992997155525623,4.6322489961843376e-08,5.1063316062442515e-08,True,2.363728454626997e-05,-2.5735790762775118e-08,0.00020031684923380779,4.779366130849829e-08,5.253448740909743e-08,True,0.0001108250649835932,-5.402625998617945e-08,0.00014144967890253476,1.8324031810098343e-08,2.3064857910697478e-08,0.00020739821068833117,0.00024970476921075196,-7.721462417984252e-10,3.9686798588007116e-09,0.00023802501350129307,0.00028270796710572747,1.781062170164737e-08,2.2551447802246505e-08,kink
kink_relu,22,600000,0.002,177,0.2041432706959443,development,128,k4_readout,10000,0,0.003523230490921678,0.0018143462427686024,2.1988681050493655e-07,0.002312709933745342,5.592115977063822e-07,3.3932478720144566e-07,2.199361701721288e-07,-4.9359667572672266e-11,2.8884921296468145,2500.0,False,0.009282699913410356,-6.036778454701266e-07,0.00624619050964936,6.036778454701266e-07,,True,6.994791496773238e-06,2.1832365152652094e-07,3.8417373550638455e-05,-5.936018958121053e-07,1.0075949658021268e-08,True,7.220672118141259e-06,2.1834451908088473e-07,3.916234321789685e-05,-5.935405241405023e-07,1.0137321329624334e-08,True,0.0001430239065576006,2.2960972220801795e-07,0.0001743426110196845,-5.821896875639581e-07,2.14881579061685e-08,0.00017266130790327095,0.0002892043102780845,-6.200154116975551e-07,1.6337566227428516e-08,0.00015651343218941357,0.0002579388136477194,-6.26584740682173e-07,2.2906895212046384e-08,kink
sine,0,600000,0.002,177,1.0,development,128,k4_readout,20000,0,0.6746967350226409,0.0018082096391385377,0.00011246380193287096,0.35240733822838666,0.0001226811829726767,1.021738103980573e-05,0.00011279392139167424,-3.301194588029158e-07,2.8625920342910853,5000.0,True,0.0003200441171185486,-0.00031958965266475986,1.062505644309862,0.00031958965266475986,2.195603240153128e-05,True,0.10862367434892183,7.987442023430664e-05,0.41418787853784395,-0.00018268615219424616,0.0001369035004705137,True,0.10861486150796212,7.983082873559648e-05,0.4144764831950629,-0.0001817947794484488,0.00013779487321631106,True,0.111208618164236,6.986200126271513e-05,0.412635372226051,-0.00018890349553885434,0.00013068615712590552,0.08895586848304003,0.2729239108453496,-0.00023514448290010435,8.444516976465551e-05,0.08782019901883527,0.27394513348320554,-0.00022835874501869906,9.12309076460608e-05,
runge,0,600000,0.002,177,1.0,development,128,k4_readout,20000,0,0.04474326573811178,0.001965334968476892,3.634452336721573e-06,0.029443666858635573,7.1582599340898705e-06,3.523807597368296e-06,3.6343102169407193e-06,1.419074384498502e-10,2.6493403933583046,5000.0,True,0.004789009324949859,-1.0715882983968748e-05,0.08567101731099784,1.0715882983968748e-05,3.974174162768169e-08,True,0.0004680429727349663,3.509025311528769e-06,0.0018399422769987764,-1.0437437046932997e-05,2.784459370357514e-07,True,0.00046646471116172574,3.509314727014032e-06,0.0018431327446294425,-1.0433603377717927e-05,2.8227960625082145e-07,True,0.001410201304641932,3.4460632170868186e-06,0.0021906734140365327,-1.0500113784064213e-05,2.1576919990453493e-07,0.001693522999982124,0.004176689155847859,-1.1145943613733599e-05,4.30060629764851e-07,0.0013777250431098178,0.003812348406705006,-1.1104251424028399e-05,3.8836844005965085e-07,
moment3,0,600000,0.002,177,1.0,development,128,k4_readout,20000,0,0.006239795804589546,0.003793180702370361,2.7227964144327092e-06,0.0027631735020173,2.798741577978277e-06,7.594516354556748e-08,2.722482637782638e-06,3.137766469458309e-10,9.71285067841105,5000.0,True,0.0015803453230364534,-4.873767693299925e-06,0.0064899039798786695,4.873767693299925e-06,5.047836616241101e-07,True,6.968616506111301e-05,2.710554460401992e-06,4.165866897760342e-05,-4.879995713312572e-06,6.228020012646666e-09,True,6.939943499526426e-05,2.710193869635183e-06,4.074120920399277e-05,-4.869215770813079e-06,4.5519224868463825e-09,True,0.0013531720563724821,1.2881166257499963e-06,0.0013685830702950233,-6.305444156206987e-06,1.431676462907062e-06,0.002077183935722938,0.004481198248788074,-7.035822527505198e-06,2.162054834205273e-06,0.001853368143390936,0.004578176756070794,-5.8870557440092465e-06,1.0132880507093212e-06,
moment5,0,600000,0.002,177,1.0,development,128,k4_readout,20000,0,0.7499971607130058,0.001408366955922043,2.4625873976826897e-08,0.00010839072628655142,4.9955523144215476e-08,2.532964916738858e-08,2.4772266120476243e-08,-1.4639214220140365e-10,1.7886925093761619,5000.0,True,5.0288512568706775e-06,-5.5812575643415556e-08,0.0003135197194237144,5.5812575643415556e-08,4.55048333453951e-09,True,3.636042686297076e-08,2.46128189185239e-08,4.6260495915893283e-07,-5.56702304168859e-08,1.4234522652965398e-10,True,4.1134433808790856e-07,2.4759320892682378e-08,6.590332521836759e-07,-5.5524244670160536e-08,2.8833097325501936e-10,True,1.2938621603848954e-05,2.0066975548924313e-08,1.2886478820398238e-05,-6.021762617340396e-08,4.405050529988404e-09,1.2938597351356726e-05,1.2901924424750716e-05,-6.019193824064016e-08,4.3793625972245994e-09,4.1546403657330453e-07,8.323851001664123e-07,-5.54984785197409e-08,3.1409712367465844e-10,
moment9,0,600000,0.002,177,1.0,development,128,k4_readout,20000,0,0.7500008923157331,0.0014050247804376541,-9.425251825352938e-09,5.697276979454938e-05,1.7671170169946283e-08,2.709642199529922e-08,-9.461272723155426e-09,3.602089796302413e-11,1.7895190492451698,5000.0,True,5.142152937991085e-06,2.3780356664692422e-08,0.00016930647221870504,2.3780356664692422e-08,-1.110650830151354e-09,True,5.777761782352622e-09,-9.427893295424574e-09,5.05660468989286e-08,2.380149309660394e-08,2.113643191151742e-11,True,1.0245815188115925e-07,-9.46387733687028e-09,1.1171963800031446e-07,2.3765585133984928e-08,1.4771530707494126e-11,True,3.1500535227831606e-06,-8.314839208011948e-09,3.1520363631508535e-06,2.491430745777746e-08,1.1339507930850377e-09,3.149993991134558e-06,3.2045888344921805e-06,2.4957039557074838e-08,1.1766828923824154e-09,1.1867960706583126e-07,5.710331741648623e-07,2.3807971154672115e-08,2.761448997969273e-11,
mixed_sine,0,600000,0.002,177,0.8100925873009825,development,128,k4_readout,20000,0,0.3216026487043957,0.002783901873511174,1.2111557864620499e-05,0.060661077428651886,1.4496978759137553e-05,2.385420894517055e-06,1.2152365773727204e-05,-4.0807909108805364e-08,3.4183251178645158,5000.0,True,0.0010554326145545247,-2.2356050230227852e-05,0.17041962438948352,2.2356050230227852e-05,3.5696169174228964e-06,True,0.00066812270009969,1.1931403428205672e-05,0.0057201675505544,-2.0874488366081557e-05,1.4815618641462954e-06,True,0.0006495957961982722,1.1987424446147195e-05,0.005745883771535706,-2.08182556656788e-05,1.5377945645490528e-06,True,0.0030315824722653207,9.63770267656271e-06,0.005287620264625156,-2.3171148209291166e-05,8.150979790633136e-07,0.004305186854569909,0.011606029173095507,-2.5878674638767077e-05,3.522624408539225e-06,0.0021300381020283973,0.011291319739746992,-2.405583200727066e-05,1.6997817770428096e-06,
localized_sine,0,600000,0.002,177,0.4822374526221915,development,128,k4_readout,20000,0,0.19144956528035026,0.003288217609249451,7.051578510754402e-06,0.040522456889840436,1.2214885402412996e-05,5.163306891658595e-06,7.04720407905229e-06,4.372353139931492e-09,6.696434575411754,5000.0,True,0.0038140171623434237,-2.2147152111944334e-05,0.11148187952442803,2.2147152111944334e-05,-5.668986867172718e-07,True,0.0006948175825486438,6.706495949841326e-06,0.003720984099069443,-2.146196215759628e-05,6.851899543480556e-07,True,0.0007008093461692767,6.698308198192541e-06,0.0037346074020822035,-2.1445017101093672e-05,7.021350108506618e-07,True,0.0029737184506935174,5.828634747529762e-06,0.0036921397199337442,-2.2345145687014353e-05,1.9799357507001885e-07,0.006075243463687184,0.011244214128042052,-2.403566267002576e-05,1.8885105580814246e-06,0.0057356157585440526,0.011282296487169798,-2.3624636752958374e-05,1.47748464101404e-06,
chirp,0,600000,0.002,177,0.7001068817853702,development,128,k4_readout,20000,0,0.723830201535666,0.0021914822130294693,1.8132146329315024e-05,0.11077234527654602,2.256290452232299e-05,4.430758193007968e-06,1.8161442334825246e-05,-2.929600551429325e-08,5.089358853765766,5000.0,True,0.00403008781425771,-4.0180869902271634e-05,0.31640482897973504,4.0180869902271634e-05,3.1659190113029075e-06,True,0.005964065132526247,1.7291044394313927e-05,0.017220189270012832,-3.594764580278032e-05,4.233224099491315e-06,True,0.00598985312554215,1.736142614821643e-05,0.017285577908231334,-3.5781199395010304e-05,4.399670507261329e-06,True,0.007188264683816683,1.5092451825417308e-05,0.017333934065645255,-3.805336273569603e-05,2.127507166575604e-06,0.008587962549190637,0.024522485403472655,-4.5059592033137165e-05,4.878722130865531e-06,0.008622527295596188,0.02306864808687463,-4.387972042958007e-05,3.698850527308438e-06,
moment4,0,600000,0.002,177,1.0,development,128,k4_readout,20000,0,0.7499833637225405,0.001415739551373299,1.2064647395321205e-07,0.0007429137383573531,2.236434014732668e-07,1.0299692752005476e-07,1.2077498936270889e-07,-1.2851541097644899e-10,1.7923653310183496,5000.0,True,9.868586047580205e-06,-3.489222469911043e-07,0.002245271209391411,3.489222469911043e-07,4.32599725810043e-09,True,2.6794358590778735e-06,1.201063908475111e-07,3.3261797347736006e-05,-3.428943749679921e-07,6.027872023112159e-09,True,2.674735903481929e-06,1.2023994475885444e-07,3.328183933085163e-05,-3.4276447644466754e-07,6.157770546436738e-09,True,1.2505896431098036e-05,1.1590068646577152e-07,3.490855513568691e-05,-3.4715758612138927e-07,1.7646608697150077e-09,1.2446494591396842e-05,3.2019703351298935e-05,-3.478974370414676e-07,1.0248099496366616e-09,2.401871117589561e-06,3.0234098502243924e-05,-3.4350200127606363e-07,5.420245715040644e-09,
blend_m010,0,600000,0.002,177,1.0,development,128,k4_readout,20000,0,0.749598209376709,0.0015135787027082865,1.5657753441540349e-06,0.004946796740202862,2.1606668169987173e-06,5.948914728446821e-07,1.5672137704064686e-06,-1.4384262527220355e-09,1.8008109177155363,5000.0,True,0.0002146005314086879,-4.522007894633607e-06,0.014872823554022299,4.522007894633607e-06,6.335570659495309e-08,True,5.750757652199451e-05,1.5539671607418996e-06,0.0005189299161468282,-4.423841774592802e-06,9.816612004080506e-08,True,5.74183282800696e-05,1.555511039330337e-06,0.0005192370025644375,-4.422329315465451e-06,9.967857916815593e-08,True,0.0003980561140193099,1.4956054017126466e-06,0.0006450363357075443,-4.483143278112262e-06,3.8864616521344684e-08,0.0003976144414252261,0.0006323552120730953,-4.488207531372727e-06,3.380036326088037e-08,5.5662247782636236e-05,0.0005021132857087285,-4.427332321894564e-06,9.467557273904305e-08,
blend_p001,0,600000,0.002,177,1.0,development,128,k4_readout,20000,0,0.7500129500689038,0.0013994180001697396,-6.454508850522974e-08,0.00022722138408103065,5.5251690769432736e-08,1.197967792746625e-07,-6.495638971425598e-08,4.1130120930185117e-10,1.7914729657623836,5000.0,True,1.0321569278884844e-05,1.4317435879612077e-07,0.0006399436743080786,1.4317435879612077e-07,-1.2540368444446635e-08,True,8.897158083238564e-08,-6.457672351358543e-08,1.0247525294754298e-06,1.434808765743431e-07,3.065177782223189e-10,True,1.1610037692687242e-06,-6.498748408166015e-08,1.4539953049427984e-06,1.4307131908374688e-07,1.030397123738928e-10,True,3.490392929266052e-05,-5.2024402490924976e-08,3.502382249111972e-05,1.560287457720647e-07,1.2854386975943938e-08,3.490124282981438e-05,3.5061293987753116e-05,1.560890957036319e-07,1.2914736907511128e-08,1.1680286759185467e-06,1.665743989751816e-06,1.4313057793536648e-07,4.378086075429166e-11,
blend_p010,0,600000,0.002,177,1.0,development,128,k4_readout,20000,0,0.750045497976394,0.0013762322532008158,-1.1574252520745449e-07,0.0018128038260792568,6.58943297157613e-07,7.746858223650676e-07,-1.2002658586840253e-07,4.284060660763923e-09,1.824421475183918,5000.0,True,4.673292411001425e-05,-1.8222079771883298e-07,0.005136231343117007,1.8222079771883298e-07,-1.261974217971061e-07,True,7.558441434129687e-06,-1.1881868493827168e-07,7.444700232313985e-05,-1.523564542592672e-07,2.986434345956578e-08,True,1.2608369340694823e-05,-1.2312483444115984e-07,7.428617615111802e-05,-1.566527737618566e-07,2.556802395697638e-08,True,0.0002817593577358264,8.395896667335812e-09,0.0002978172041043463,-2.504830314054907e-08,1.5717249457828392e-07,0.0002817534610191107,0.00029770893215337016,-2.525331428060253e-08,1.5696748343823045e-07,1.2564441250356542e-05,7.351088473774242e-05,-1.5685859750162666e-07,2.5362200217206323e-08,
blend_p030,0,600000,0.002,177,1.0,development,128,k4_readout,20000,0,0.6895460594085046,0.0021897273934423462,7.239380314700883e-06,0.020217814630260105,9.229122653371301e-06,1.989742338670419e-06,7.247398406296899e-06,-8.021535450775918e-09,3.4614930323003077,5000.0,True,0.00249155318176614,-1.442777071685902e-05,0.03964214200416079,1.442777071685902e-05,1.7273631728717985e-06,True,0.0006669936018137897,7.094039959835875e-06,0.0070998458901176936,-1.345058350358136e-05,9.771872132776606e-07,True,0.000658020090991578,7.1064036138862045e-06,0.007111537637392924,-1.3415584661907727e-05,1.0121860549512932e-06,True,0.004265705731052765,3.3312254809517966e-06,0.00806843165873462,-1.721581401252933e-05,2.7880432956703083e-06,0.005686021405460399,0.009149418078182087,-1.680119333104504e-05,2.3734226141860212e-06,0.004446238414177976,0.007484043665481787,-1.3379795937064982e-05,1.0479747797940384e-06,
exp_right,22,600000,0.002,177,2.6119867843594364,development,128,k4_readout,20000,0,0.0001473780107183585,0.0016854209758761158,1.805685000684771e-07,0.0012141074170494617,3.652712740961998e-07,1.8470277402772268e-07,1.8062493787332075e-07,-5.6437803050265064e-11,3.2487989491719707,5000.0,True,0.004316899551950328,-7.000754624810293e-07,0.004017187083397802,7.000754624810293e-07,-4.014001265820429e-08,True,7.40184506232322e-06,1.7940752074642327e-07,3.175393497490664e-05,-6.952412881118842e-07,4.83417436914503e-09,True,6.905264051943573e-06,1.7957377504958986e-07,3.2444928786892403e-05,-6.950654477021459e-07,5.0100147788833905e-09,True,0.0002726727653789878,1.3655462762812132e-07,0.00025940760018287705,-7.380424432950415e-07,3.796698081401218e-08,0.0005204134260691782,0.0004751313329331416,-6.626056291432883e-07,3.746983333774095e-08,0.0004323771614214538,0.00039624012468219953,-6.366404549638423e-07,6.343500751718703e-08,exponential
exp_left,22,600000,0.002,177,13.649519383995864,development,128,k4_readout,20000,0,0.0005739693439120458,0.0018551994192685594,-3.404927657490621e-07,0.0009845603316800235,1.7438269197462896e-07,5.148754577236911e-07,-3.409729288670081e-07,4.801631155380731e-10,4.660462154542123,5000.0,True,0.0001553198375741378,5.703773481316836e-07,0.0050736219470211875,5.703773481316836e-07,-1.1692223934466982e-07,True,2.870150398731726e-05,-3.4142597057308635e-07,0.0002517790722367656,5.704228790969235e-07,4.553096523987742e-11,True,2.841002536457283e-05,-3.4183672586400307e-07,0.0002518714921460269,5.700832567120267e-07,2.9409141965694326e-10,True,0.0004894316598275009,-2.6790889837858767e-07,0.0005369276338740754,6.439362903329819e-07,7.355894220129829e-08,0.0008324947264526066,0.0006741374663382435,6.662253252183343e-07,9.58479770866507e-08,0.000714355356300467,0.000579050757243672,5.824335970890751e-07,1.2056248957391452e-08,exponential
gauss_left,22,600000,0.002,177,0.3713011646461742,development,128,k4_readout,20000,0,0.005610660751771101,0.0034714983412922834,4.2211348268300356e-06,0.025026228294226936,7.360768075282724e-06,3.139633248452688e-06,4.219940209459399e-06,1.1946173719632834e-09,5.674236478127632,5000.0,True,0.004024298111328305,-1.4681614314591972e-05,0.07774551457840571,1.4681614314591972e-05,-3.985157064321209e-07,True,0.0003419369605321009,4.062782674041703e-06,0.001329871240120757,-1.4114436212780662e-05,5.671781018113105e-07,True,0.000346959148153791,4.059995544993907e-06,0.0013375740147757308,-1.4107223017198581e-05,5.743912973933909e-07,True,0.002093045091831692,3.652131518294298e-06,0.0015811470153772654,-1.4524216874577618e-05,1.5739744001435424e-07,0.0031644852000672,0.004553425566604178,-1.533079984836779e-05,6.491855337758174e-07,0.0034734458216055014,0.0043078542600989205,-1.5138648538169953e-05,4.5703422357798074e-07,gaussian
gauss_right,22,600000,0.002,177,0.23748502306292393,development,128,k4_readout,20000,0,0.03601790514936757,0.004259247896190328,9.528365352154149e-06,0.06335992470552834,1.1501210241132087e-05,1.97284488897794e-06,9.528319705519673e-06,4.564663293021631e-11,8.926251857092053,5000.0,True,0.002470597452038796,-2.534984994655303e-05,0.18092718064206562,2.534984994655303e-05,3.830221436401439e-07,True,0.0007331336103253008,9.40758775258539e-06,0.0028195947475491336,-2.4636688362280303e-05,7.131615842727274e-07,True,0.0007326825865354871,9.407077920518712e-06,0.0028292930106183665,-2.460817981272936e-05,7.416701338236684e-07,True,0.0008733218618618423,9.137615817668575e-06,0.0029086585963307627,-2.490176832562526e-05,4.480816209277694e-07,0.0024118283621834464,0.01082527885872191,-2.8187343696425557e-05,2.8374937498725274e-06,0.0022952871775850895,0.010754521170658822,-2.7993367753623887e-05,2.643517807070857e-06,gaussian
bump_left,22,600000,0.002,177,0.44348186274361356,development,128,k4_readout,20000,0,0.02265526464246555,0.0031858619827003294,1.6614395302008441e-06,0.018750676567433802,6.287921133457625e-06,4.626481603256781e-06,1.6615433373231738e-06,-1.0380712185855104e-10,4.9332727473699896,5000.0,True,0.0024079961334451485,-6.428831410101002e-06,0.06351787168603851,6.428831410101002e-06,-1.330209671571659e-07,True,0.00046717004950389343,1.4760364381194483e-06,0.002524555524115797,-5.805149603905809e-06,6.236818061951936e-07,True,0.00046719293887823493,1.4760996346538498e-06,0.002529243543484522,-5.8035860034222755e-06,6.252454066787268e-07,True,0.0019330925329835017,1.3690634511644896e-06,0.0021105576951056383,-5.911321639290627e-06,5.175097708103753e-07,0.0027207595962699936,0.001888117510721204,-6.043813865759378e-06,3.850175443416243e-07,0.002368799243638862,0.0016185748045506934,-6.0511544006239596e-06,3.7767700947704274e-07,compact_bump
bump_right,22,600000,0.002,177,0.32889495195335533,development,128,k4_readout,20000,0,0.021031255382252284,0.0036191019186996454,9.61422796749169e-07,0.008667557969824076,1.7752794377181554e-06,8.138566409689865e-07,9.621572517820394e-07,-7.344550396531105e-10,7.298920140885153,5000.0,True,0.0033638215975154784,-2.099900697953908e-06,0.024282428893767083,2.099900697953908e-06,1.3300245370232151e-07,True,4.2276503286783214e-05,9.579254853033754e-07,0.0005229083997293701,-2.062471084477674e-06,3.742961347623412e-08,True,4.26737526839639e-05,9.5911244340349e-07,0.0005215976962850252,-2.0580061681983103e-06,4.189452975559778e-08,True,0.00023060970847853766,8.41817699921866e-07,0.0005890184402948943,-2.1782598446163355e-06,7.83591466624274e-08,0.0005372301446391364,0.001979779825371533,-2.553631006595407e-06,4.5373030864149895e-07,0.0004184274183356839,0.0019525974932317152,-2.4714479566998005e-06,3.715472587458924e-07,compact_bump
step_left,22,600000,0.002,177,0.9128852702404965,development,128,k4_readout,20000,0,0.0011198430866947197,0.00215497385811441,4.6824802608288166e-07,0.009533409353326151,1.1658649185177245e-06,6.976168924348428e-07,4.6871053165279054e-07,-4.625055675138985e-10,2.2121029701675883,5000.0,True,0.0011734333354963505,-1.3104810499454734e-06,0.027987556747602598,1.3104810499454734e-06,2.2848171699802884e-08,True,4.316383697727948e-05,4.601265829005486e-07,0.00023571046971541292,-1.2586460686801623e-06,5.183498126531107e-08,True,4.2573089609344596e-05,4.6073090667602136e-07,0.00023698476202721602,-1.2579949569348654e-06,5.2486093010608007e-08,True,0.0001080677324923692,4.854694886575646e-07,0.00030533640416396837,-1.2325232270451622e-06,7.795782290031114e-08,0.00014418341000289344,0.0009305490880176064,-1.3365801640645743e-06,2.6099114119100897e-08,0.00021293936070570634,0.0009286828349131035,-1.3550776237851699e-06,4.45965738396965e-08,tanh_step
step_right,22,600000,0.002,177,0.9636241118102141,development,128,k4_readout,20000,0,0.007119429899046304,0.002294107931967674,2.3952411914083224e-06,0.018559035282685495,3.481706202434259e-06,1.086465011025936e-06,2.395148234910058e-06,9.295649416825095e-11,2.491347120678153,5000.0,True,0.0020070472198968504,-7.067774475045673e-06,0.054761768466609136,7.067774475045673e-06,-6.942143217678338e-09,True,0.00022446649093860172,2.3599600103156856e-06,0.0010542026970171779,-6.9165752292914935e-06,1.5119924575417955e-07,True,0.0002238919913963884,2.359707088719219e-06,0.0010548935192976902,-6.91626535662651e-06,1.5150911841916314e-07,True,0.000607673481002807,2.3705671429566393e-06,0.0011213635891343344,-6.905833883206391e-06,1.6194059183928223e-07,0.0004579868872118066,0.0017976587652815713,-7.243494895754859e-06,1.7572042070918578e-07,0.0003309628221329405,0.0017480357293670843,-7.2487298534173004e-06,1.809553783716274e-07,tanh_step
kink_abs,22,600000,0.002,177,0.6214766720163144,development,128,k4_readout,20000,0,0.0037873208952266786,0.0021335660792537723,-6.751944028743614e-08,0.004874752719310546,1.0529443525608526e-06,1.1204637928482885e-06,-6.77498170107869e-08,2.3037672331687254e-10,3.959162505061193,5000.0,True,0.0003728358560808948,-2.413140900917437e-08,0.016256597357745036,2.413140900917437e-08,-6.33690825499478e-08,True,9.89922100808436e-05,-8.095117775268928e-08,0.0006953561403446353,1.3536747194009072e-07,1.594988809492651e-07,True,9.8813897368287e-05,-8.115726555853576e-08,0.0006960003262936836,1.378648718199428e-07,1.6199628082911717e-07,True,0.00030045758079320743,-1.4558672794759887e-07,0.0005327260399839433,7.095671210235052e-08,9.508812111152488e-08,0.0005840927597691618,0.000767154803611331,-2.5669464249891536e-08,1.5380552407171663e-09,0.0006423563578909017,0.0008317983285254818,1.1453399166277006e-08,3.5584808175451376e-08,kink
kink_relu,22,600000,0.002,177,0.2041432706959443,development,128,k4_readout,20000,0,0.003519066263549256,0.0018145775725155703,4.5121655747261245e-07,0.004659162677531985,1.1123188799353382e-06,6.611023224627257e-07,4.5130714767001684e-07,-9.059019911686459e-11,2.8864277326272725,5000.0,True,0.0013339237423260321,-1.1896907302197668e-06,0.012221941241556674,1.1896907302197668e-06,3.8654098101293925e-08,True,2.6598512863905426e-05,4.452039754992753e-07,0.00011503934052383547,-1.1571395842406259e-06,3.25511459791409e-08,True,2.6386025541571097e-05,4.453625863777703e-07,0.00011624213784283253,-1.156994590774151e-06,3.269613944561577e-08,True,0.0002984079465365443,4.7125168019287887e-07,0.0003884099243325632,-1.1309177865306682e-06,5.8772943689098544e-08,0.0003922531406188464,0.0008589961671496918,-1.240030823395152e-06,5.034009317538519e-08,0.00039133831210837135,0.0008022885278582845,-1.253169481364335e-06,6.34787511445682e-08,kink
sine,0,600000,0.002,177,1.0,development,128,k4_full,1,0,0.7773858685511149,0.0016957614914963242,1.565429065681894e-08,5.281411215350099e-05,1.754898643240833e-08,1.894695775589393e-09,1.579105908335985e-08,-1.3676842653972852e-10,2.2433643996318917,1.0,True,0.002301242707235817,0.0,0.0,0.0,0.0,True,0.0,1.565429065681894e-08,0.0,0.0,0.0,True,2.062401890502836e-07,1.579105908336079e-08,0.0,0.0,0.0,True,1.3052569419076756e-16,1.5654290656830272e-08,0.0,0.0,0.0,0.0,0.0,0.0,0.0,2.062401890502836e-07,0.0,0.0,0.0,
runge,0,600000,0.002,177,1.0,development,128,k4_full,1,0,0.04769831935819373,0.001961701233298251,7.171580802649124e-10,5.961423258889089e-06,1.3699105989759556e-09,6.527525187110431e-10,7.170888946783738e-10,6.918559722933806e-14,2.5957333904077386,1.0,True,0.0018731017204321083,0.0,0.0,0.0,0.0,True,0.0,7.171580802649124e-10,0.0,0.0,0.0,True,2.092442877187293e-09,7.170888946725962e-10,0.0,0.0,0.0,True,1.295365263554949e-16,7.171580802725883e-10,0.0,0.0,0.0,0.0,0.0,0.0,0.0,2.092442877187293e-09,0.0,0.0,0.0,
moment3,0,600000,0.002,177,1.0,development,128,k4_full,1,0,0.00636866322521205,0.003790458375010763,4.690548351827683e-10,6.259384249216314e-07,4.946350239301856e-10,2.5580188747417252e-11,4.685176479059339e-10,5.371872608517869e-13,9.658378332768121,1.0,True,0.0024813969184997596,0.0,0.0,0.0,0.0,True,0.0,4.690548351827683e-10,0.0,0.0,0.0,True,5.700100495935103e-10,4.685176479294032e-10,0.0,0.0,0.0,True,5.377530856719871e-16,4.690548351864436e-10,0.0,0.0,0.0,0.0,0.0,0.0,0.0,5.700100495935103e-10,0.0,0.0,0.0,
moment5,0,600000,0.002,177,1.0,development,128,k4_full,1,0,0.7499971640812086,0.001408342334060862,4.012795869217361e-12,2.104140987720864e-08,9.76075285682969e-12,5.747956987612329e-12,4.012744054408774e-12,5.182830397008669e-17,1.7886978213459896,1.0,True,7.575433007584972e-06,0.0,0.0,0.0,0.0,True,4.336808689942018e-19,4.012795869179077e-12,0.0,0.0,0.0,True,1.4765007480046052e-13,4.0127440497898404e-12,0.0,0.0,0.0,True,1.2837686270362196e-16,4.012795873505166e-12,0.0,0.0,0.0,4.336808689942018e-19,0.0,0.0,0.0,1.4765007480046052e-13,0.0,0.0,0.0,
moment9,0,600000,0.002,177,1.0,development,128,k4_full,1,0,0.7500008937000184,0.0014050342040256769,-1.6638026394346565e-12,1.1338193003403894e-08,3.663764350722172e-12,5.327566990156828e-12,-1.6638184452665672e-12,1.580813024690066e-17,1.7895220465083155,1.0,True,7.222042878921634e-06,0.0,0.0,0.0,0.0,True,0.0,-1.6638026394346565e-12,0.0,0.0,0.0,True,4.484889436727388e-14,-1.663818439499134e-12,0.0,0.0,0.0,True,1.3045434838848702e-16,-1.6638026305910583e-12,0.0,0.0,0.0,0.0,0.0,0.0,0.0,4.484889436727388e-14,0.0,0.0,0.0,
mixed_sine,0,600000,0.002,177,0.8100925873009825,development,128,k4_full,1,0,0.3224050891987311,0.0027717920237318077,1.7080852538395486e-09,1.2046893350451378e-05,2.512141879677384e-09,8.040566258378354e-10,1.7079524211367336e-09,1.328327031966884e-13,3.441692085694529,1.0,True,0.00010526498278535391,0.0,0.0,0.0,0.0,True,1.3877787807814457e-17,1.7080852538383234e-09,0.0,0.0,0.0,True,1.6011825616629958e-10,1.7079524211881412e-09,0.0,0.0,0.0,True,2.0874650988038547e-16,1.7080852538519144e-09,0.0,0.0,0.0,1.3877787807814457e-17,0.0,0.0,0.0,1.6011825616629958e-10,0.0,0.0,0.0,
localized_sine,0,600000,0.002,177,0.4822374526221915,development,128,k4_full,1,0,0.1931507534726904,0.003281167542124458,1.5113857610233482e-09,8.1213673737021e-06,2.516328580571425e-09,1.0049428195480767e-09,1.5106949573288802e-09,6.908036414903907e-13,6.547481966084332,1.0,True,0.0026848115238493407,0.0,0.0,0.0,0.0,True,0.0,1.5113857610233482e-09,0.0,0.0,0.0,True,3.039719577055688e-09,1.510695663620132e-09,0.0,0.0,0.0,True,1.5504500480139257e-16,1.5113857610272913e-09,0.0,0.0,0.0,0.0,0.0,0.0,0.0,3.039719577055688e-09,0.0,0.0,0.0,
chirp,0,600000,0.002,177,0.7001068817853702,development,128,k4_full,1,0,0.7347883663538762,0.0021733530706729565,3.0039728021940614e-09,2.2585608775024963e-05,3.6943011646734474e-09,6.903283624793857e-10,3.0037936194044585e-09,1.7918280468492756e-13,4.661129158847178,1.0,True,0.0005418741518910008,0.0,0.0,0.0,0.0,True,0.0,3.0039728021940614e-09,0.0,0.0,0.0,True,7.811990928414665e-10,3.0037936194066063e-09,0.0,0.0,0.0,True,1.214616165731382e-16,3.0039728021669563e-09,0.0,0.0,0.0,0.0,0.0,0.0,0.0,7.811990928414665e-10,0.0,0.0,0.0,
moment4,0,600000,0.002,177,1.0,development,128,k4_full,1,0,0.7499835149013488,0.0014156189280925084,2.3193162464518413e-11,1.4813912057103154e-07,4.4611344699603624e-11,2.1418182235085208e-11,2.319046949500581e-11,2.6929744205308518e-15,1.792205077078295,1.0,True,1.9011342425306448e-05,0.0,0.0,0.0,0.0,True,1.734723475976807e-18,2.319316246467155e-11,0.0,0.0,0.0,True,7.66113771117581e-12,2.31904694947174e-11,0.0,0.0,0.0,True,1.181205302537374e-16,2.319316247095012e-11,0.0,0.0,0.0,1.734723475976807e-18,0.0,0.0,0.0,7.66113771117581e-12,0.0,0.0,0.0,
blend_m010,0,600000,0.002,177,1.0,development,128,k4_full,1,0,0.7496060479738925,0.001512013226577968,2.99213835420536e-10,9.64818435308204e-07,4.338444530667692e-10,1.346306176462332e-10,2.991683371850034e-10,4.549823984696047e-14,1.7983543899579297,1.0,True,0.00030811191347291576,0.0,0.0,0.0,0.0,True,0.0,2.99213835420536e-10,0.0,0.0,0.0,True,3.0254157005642275e-10,2.9916833718865004e-10,0.0,0.0,0.0,True,1.5012438179839218e-16,2.9921383543328456e-10,0.0,0.0,0.0,0.0,0.0,0.0,0.0,3.0254157005642275e-10,0.0,0.0,0.0,
blend_p001,0,600000,0.002,177,1.0,development,128,k4_full,1,0,0.7500129637624379,0.0013994825348523053,-1.0405939708722115e-11,4.3238690000369804e-08,1.2157613180990664e-11,2.2563552889712778e-11,-1.0406222504694439e-11,2.8279111803258677e-16,1.7914542170270247,1.0,True,1.7147282211088676e-05,0.0,0.0,0.0,0.0,True,0.0,-1.0405939708722115e-11,0.0,0.0,0.0,True,7.867210616067214e-13,-1.0406222504482501e-11,0.0,0.0,0.0,True,1.1835674530408128e-16,-1.0405939713431045e-11,0.0,0.0,0.0,0.0,0.0,0.0,0.0,7.867210616067214e-13,0.0,0.0,0.0,
blend_p010,0,600000,0.002,177,1.0,development,128,k4_full,1,0,0.7500464330766761,0.0013763479974095777,1.6835542834723785e-12,3.4467349369848337e-07,1.4179068702311473e-10,1.4010713273964236e-10,1.6877411299747035e-12,-4.1868446123537e-15,1.8231431604988353,1.0,True,3.246796769156224e-05,0.0,0.0,0.0,0.0,True,0.0,1.6835542834723785e-12,0.0,0.0,0.0,True,9.286939267419677e-12,1.6877411343298702e-12,0.0,0.0,0.0,True,1.134885743283862e-16,1.6835542816347477e-12,0.0,0.0,0.0,0.0,0.0,0.0,0.0,9.286939267419677e-12,0.0,0.0,0.0,
blend_p030,0,600000,0.002,177,1.0,development,128,k4_full,1,0,0.6899493241315872,0.0021824891145888095,1.1014611641303463e-09,3.094472689591995e-06,1.3938584136150437e-09,2.9239724948469723e-10,1.1003512318682744e-09,1.1099322482988433e-12,3.3755253270766477,1.0,True,0.0011500804687603625,0.0,0.0,0.0,0.0,True,0.0,1.1014611641303463e-09,0.0,0.0,0.0,True,1.3167272725356675e-09,1.1003512318753803e-09,0.0,0.0,0.0,True,1.5192701864267035e-16,1.101461164130423e-09,0.0,0.0,0.0,0.0,0.0,0.0,0.0,1.3167272725356675e-09,0.0,0.0,0.0,
exp_right,22,600000,0.002,177,2.6119867843594364,development,128,k4_full,1,0,0.00014992931807068747,0.0016852404515497559,4.417370859381925e-11,2.5616227710809966e-07,7.09581435431261e-11,2.678443494930686e-11,4.417466235993149e-11,-9.53750376302077e-16,3.243192540637683,1.0,True,0.00035400315006393456,0.0,0.0,0.0,0.0,True,0.0,4.417370859381925e-11,0.0,0.0,0.0,True,1.308704811332443e-11,4.417466235177891e-11,0.0,0.0,0.0,True,1.2342773912964964e-16,4.417370860943911e-11,0.0,0.0,0.0,0.0,0.0,0.0,0.0,1.308704811332443e-11,0.0,0.0,0.0,exponential
exp_left,22,600000,0.002,177,13.649519383995864,development,128,k4_full,1,0,0.0005812313360506604,0.0018555398676192868,-4.441502166000591e-11,3.0037138579754254e-07,5.0649704526115444e-11,9.506472618612136e-11,-4.44187260594549e-11,3.704378247414515e-15,4.649720333110477,1.0,True,0.0005469224969866402,0.0,0.0,0.0,0.0,True,0.0,-4.441502166000591e-11,0.0,0.0,0.0,True,1.8634291324334965e-11,-4.441872604246629e-11,0.0,0.0,0.0,True,4.601879230314812e-16,-4.441502168328257e-11,0.0,0.0,0.0,0.0,0.0,0.0,0.0,1.8634291324334965e-11,0.0,0.0,0.0,exponential
gauss_left,22,600000,0.002,177,0.3713011646461742,development,128,k4_full,1,0,0.006229936332474738,0.00346727814205503,9.355895766715605e-10,5.467123753960035e-06,1.6103337297148574e-09,6.74744153043297e-10,9.35423294901209e-10,1.6628175204312584e-13,5.635301411356596,1.0,True,0.00315764404766754,0.0,0.0,0.0,0.0,True,0.0,9.355895766715605e-10,0.0,0.0,0.0,True,1.406251838674779e-09,9.354232949240532e-10,0.0,0.0,0.0,True,1.5374827842353144e-16,9.355895766829692e-10,0.0,0.0,0.0,0.0,0.0,0.0,0.0,1.406251838674779e-09,0.0,0.0,0.0,gaussian
gauss_right,22,600000,0.002,177,0.23748502306292393,development,128,k4_full,1,0,0.0378641532826493,0.0042497213935596845,1.862721511552306e-09,1.2729017405895855e-05,2.2412045637666237e-09,3.7848305221431774e-10,1.8619617091378516e-09,7.598023683658743e-13,8.775289980312815,1.0,True,0.003463157189588325,0.0,0.0,0.0,0.0,True,0.0,1.862721511552306e-09,0.0,0.0,0.0,True,1.7455585369459005e-09,1.8619630323068892e-09,0.0,0.0,0.0,True,1.8124083898251057e-15,1.86272151137463e-09,0.0,0.0,0.0,0.0,0.0,0.0,0.0,1.7455585369459005e-09,0.0,0.0,0.0,gaussian
bump_left,22,600000,0.002,177,0.44348186274361356,development,128,k4_full,1,0,0.023117982224952278,0.0031842008983079414,3.551378125003839e-10,4.152074199530461e-06,1.3149613115498048e-09,9.598234990494208e-10,3.5514588785450277e-10,-8.07539594526818e-15,4.923761298547787,1.0,True,0.0009816420999669453,0.0,0.0,0.0,0.0,True,0.0,3.551378125003839e-10,0.0,0.0,0.0,True,3.0441703651177555e-10,3.5514588078966876e-10,0.0,0.0,0.0,True,9.308484792088106e-16,3.551378123957921e-10,0.0,0.0,0.0,0.0,0.0,0.0,0.0,3.0441703651177555e-10,0.0,0.0,0.0,compact_bump
bump_right,22,600000,0.002,177,0.32889495195335533,development,128,k4_full,1,0,0.021058587888087267,0.0036181406661449627,1.7024206712212232e-10,1.7448684747070739e-06,3.2898298012047997e-10,1.5874091299835767e-10,1.7014588142782825e-10,9.618567850678818e-14,7.290046855354278,1.0,True,0.0029398445626295927,0.0,0.0,0.0,0.0,True,0.0,1.7024206712212232e-10,0.0,0.0,0.0,True,2.544841541338746e-10,1.7013925214983358e-10,0.0,0.0,0.0,True,2.1355843692393745e-16,1.7024206715117985e-10,0.0,0.0,0.0,0.0,0.0,0.0,0.0,2.544841541338746e-10,0.0,0.0,0.0,compact_bump
step_left,22,600000,0.002,177,0.9128852702404965,development,128,k4_full,1,0,0.001151217483583595,0.0021545056991936714,8.910534424670665e-11,1.9268810989345937e-06,2.36741075141498e-10,1.4763573089479138e-10,8.913240334989605e-11,-2.705907892764149e-14,2.2118890392099235,1.0,True,0.0005691378102725502,0.0,0.0,0.0,0.0,True,0.0,8.910534424670665e-11,0.0,0.0,0.0,True,1.2480652418870054e-10,8.91324033773617e-11,0.0,0.0,0.0,True,8.990359224225659e-16,8.91053443244614e-11,0.0,0.0,0.0,0.0,0.0,0.0,0.0,1.2480652418870054e-10,0.0,0.0,0.0,tanh_step
step_right,22,600000,0.002,177,0.9636241118102141,development,128,k4_full,1,0,0.007240198761209195,0.0022917131736759255,4.828996597058748e-10,3.7604131032097442e-06,7.272391670279536e-10,2.443395073220787e-10,4.828909726435904e-10,8.687073400631864e-15,2.4721153955576765,1.0,True,0.0011823098366299462,0.0,0.0,0.0,0.0,True,0.0,4.828996597058748e-10,0.0,0.0,0.0,True,4.6201079076042987e-10,4.828909707441247e-10,0.0,0.0,0.0,True,1.8356948410806306e-16,4.828996597144504e-10,0.0,0.0,0.0,0.0,0.0,0.0,0.0,4.6201079076042987e-10,0.0,0.0,0.0,tanh_step
kink_abs,22,600000,0.002,177,0.6214766720163144,development,128,k4_full,1,0,0.0038176255138972696,0.002133633598797012,1.0295281938766055e-13,1.0467296298462919e-06,2.2968479308556315e-10,2.2958184026617548e-10,1.3525281039141807e-15,1.0160030417262364e-13,3.951926670267182,1.0,True,0.0005892445256341816,0.0,0.0,0.0,0.0,True,0.0,1.0295281938766055e-13,0.0,0.0,0.0,True,1.5387453329208803e-10,1.352535850250317e-15,0.0,0.0,0.0,True,2.6721499888085e-16,1.0295284511927725e-13,0.0,0.0,0.0,0.0,0.0,0.0,0.0,1.5387453329208803e-10,0.0,0.0,0.0,kink
kink_relu,22,600000,0.002,177,0.2041432706959443,development,128,k4_full,1,0,0.003527592431785204,0.0018141264386268188,8.266872152912036e-11,8.678260911422939e-07,2.1790809525013613e-10,1.3523937372101576e-10,8.267295571092887e-11,-4.2341512504790304e-15,2.891254563346442,1.0,True,0.0008962150714605023,0.0,0.0,0.0,0.0,True,0.0,8.266872152912036e-11,0.0,0.0,0.0,True,8.511945274080691e-11,8.267295570651292e-11,0.0,0.0,0.0,True,1.333171953816648e-16,8.266872153134084e-11,0.0,0.0,0.0,0.0,0.0,0.0,0.0,8.511945274080691e-11,0.0,0.0,0.0,kink
sine,0,600000,0.002,177,1.0,development,128,k4_full,10,0,0.777315583662421,0.0016959024230481237,1.565858424564888e-07,0.0005282747666195167,1.7553644824968604e-07,1.895060579319725e-08,1.5795354536421467e-07,-1.36770290770252e-09,2.243578523218418,10.0,True,0.002300083535596336,0.0,0.0,0.0,0.0,True,1.767854502153086e-07,1.5656544283212873e-07,0.0,0.0,0.0,True,2.046030485719374e-06,1.5789684179651742e-07,0.0,0.0,0.0,True,1.7567180447854404e-07,1.5652912589162565e-07,0.0,0.0,0.0,1.3435604652578556e-07,0.0,0.0,0.0,2.0487051015544353e-06,0.0,0.0,0.0,
runge,0,600000,0.002,177,1.0,development,128,k4_full,10,0,0.04769522649170172,0.0019617076876472057,7.171507034813437e-09,5.961332755034154e-05,1.36988109301841e-08,6.5273038953706634e-09,7.170815084921002e-09,6.919498993691357e-13,2.595759573683422,10.0,True,0.0018732576097499518,0.0,0.0,0.0,0.0,True,6.428248896368831e-10,7.171385605808159e-09,0.0,0.0,0.0,True,2.095337878571149e-08,7.170686030064215e-09,0.0,0.0,0.0,True,6.414912047100758e-10,7.171378219126049e-09,0.0,0.0,0.0,1.0406848924436394e-09,0.0,0.0,0.0,2.0751270427173864e-08,0.0,0.0,0.0,
moment3,0,600000,0.002,177,1.0,development,128,k4_full,10,0,0.006368592788764247,0.0037904625960247904,4.690068862556431e-09,6.258152626960386e-06,4.945909421341288e-09,2.558405587848567e-10,4.684697622174612e-09,5.3712403489136964e-12,9.658404192156345,10.0,True,0.0024814444872961867,0.0,0.0,0.0,0.0,True,5.2694521230925194e-11,4.690082312009536e-09,0.0,0.0,0.0,True,5.654198689231907e-09,4.684748001608773e-09,0.0,0.0,0.0,True,8.056487135800902e-11,4.690141010258043e-09,0.0,0.0,0.0,1.6996988777944189e-09,0.0,0.0,0.0,6.169898139715164e-09,0.0,0.0,0.0,
moment5,0,600000,0.002,177,1.0,development,128,k4_full,10,0,0.7499971640763925,0.001408342370176066,4.012799991926749e-11,2.1041411617544203e-07,9.760754005846633e-11,5.7479540139198836e-11,4.012748163775996e-11,5.182836580552486e-16,1.788697810611985,10.0,True,7.5754401174294526e-06,0.0,0.0,0.0,0.0,True,1.1820984949292127e-13,4.012795586191591e-11,0.0,0.0,0.0,True,1.4940895310514008e-12,4.0127447010079126e-11,0.0,0.0,0.0,True,1.1191660099512523e-13,4.012796529332629e-11,0.0,0.0,0.0,1.6982888298342968e-13,0.0,0.0,0.0,1.497502565519092e-12,0.0,0.0,0.0,
moment9,0,600000,0.002,177,1.0,development,128,k4_full,10,0,0.7500008936983323,0.001405034189051469,-1.6638010451176587e-11,1.1338179479840237e-07,3.6637598832579315e-11,5.327560928375591e-11,-1.663816855310788e-11,1.580809302671855e-16,1.78952204788114,10.0,True,7.222049736408512e-06,0.0,0.0,0.0,0.0,True,1.3445495044646587e-14,-1.663801724799866e-11,0.0,0.0,0.0,True,4.489955979961951e-13,-1.6638173866630222e-11,0.0,0.0,0.0,True,1.2674053457746233e-14,-1.6638015786661052e-11,0.0,0.0,0.0,1.4019237485475025e-13,0.0,0.0,0.0,4.694635119983211e-13,0.0,0.0,0.0,
mixed_sine,0,600000,0.002,177,0.8100925873009825,development,128,k4_full,10,0,0.3224037222939572,0.002771807396503099,1.7080856545143863e-08,0.0001204664841884731,2.5121456049692306e-08,8.040599504548445e-09,1.7079527614263952e-08,1.3289309321811913e-12,3.4416710329418883,10.0,True,0.00010536883098387574,0.0,0.0,0.0,0.0,True,1.3202446857046543e-09,1.7080539346041498e-08,0.0,0.0,0.0,True,2.940067581347888e-09,1.7078772628964094e-08,0.0,0.0,0.0,True,1.6149715361120035e-09,1.708010128534748e-08,0.0,0.0,0.0,2.779927507571204e-09,0.0,0.0,0.0,3.3826483527192905e-09,0.0,0.0,0.0,
localized_sine,0,600000,0.002,177,0.4822374526221915,development,128,k4_full,10,0,0.19314939639077947,0.0032811811439970033,1.5113258307092107e-08,8.121103984080822e-05,2.5162483791320876e-08,1.004922548422877e-08,1.5106350287578487e-08,6.908019586393824e-12,6.5475543416718285,10.0,True,0.0026849343773630283,0.0,0.0,0.0,0.0,True,1.1841334712816186e-09,1.5112924940951117e-08,0.0,0.0,0.0,True,3.016308724938243e-08,1.5105991998060758e-08,0.0,0.0,0.0,True,1.1635904644190642e-09,1.511290652803763e-08,0.0,0.0,0.0,3.6657810624568024e-09,0.0,0.0,0.0,3.100211630316967e-08,0.0,0.0,0.0,
chirp,0,600000,0.002,177,0.7001068817853702,development,128,k4_full,10,0,0.7347781581185179,0.002173380106319773,3.0039619618446956e-08,0.00022585117400903307,3.694262456634132e-08,6.903004947894363e-09,3.003782357500667e-08,1.796043399102046e-12,4.661335046927136,10.0,True,0.0005416147687555914,0.0,0.0,0.0,0.0,True,1.4176801548165822e-08,3.003870020992048e-08,0.0,0.0,0.0,True,1.1506561544487367e-08,3.003851108956177e-08,0.0,0.0,0.0,True,1.3368282139938771e-08,3.004030209826356e-08,0.0,0.0,0.0,5.930691075555922e-09,0.0,0.0,0.0,1.2442890478336088e-08,0.0,0.0,0.0,
moment4,0,600000,0.002,177,1.0,development,128,k4_full,10,0,0.749983514670402,0.001415619136832246,2.3193289951820572e-10,1.4813967823128405e-06,4.4611452796160486e-10,2.1418162844339914e-10,2.3190596957537114e-10,2.692995677556216e-14,1.7922051382607442,10.0,True,1.9011532898742916e-05,0.0,0.0,0.0,0.0,True,8.078340096075549e-12,2.3193109012761736e-10,0.0,0.0,0.0,True,7.740701328418627e-11,2.3190451343438768e-10,0.0,0.0,0.0,True,7.969308490563135e-12,2.3193144317447191e-10,0.0,0.0,0.0,7.218775754676553e-12,0.0,0.0,0.0,7.731018283328602e-11,0.0,0.0,0.0,
blend_m010,0,600000,0.002,177,1.0,development,128,k4_full,10,0,0.7496060381050202,0.0015120159195252164,2.9921610839913222e-09,9.648293475468602e-06,4.3384769107777005e-09,1.346315826786378e-09,2.9917060953175272e-09,4.54988698940092e-13,1.7983552199262012,10.0,True,0.0003081151755601613,0.0,0.0,0.0,0.0,True,1.3336175395453e-10,2.9921306700007916e-09,0.0,0.0,0.0,True,3.0305943164856493e-09,2.9916821267346685e-09,0.0,0.0,0.0,True,1.2542482644731557e-10,2.9921371087769267e-09,0.0,0.0,0.0,1.211594567111404e-10,0.0,0.0,0.0,3.0299680728922613e-09,0.0,0.0,0.0,
blend_p001,0,600000,0.002,177,1.0,development,128,k4_full,10,0,0.7500129637429442,0.001399482441198938,-1.0405930715456515e-10,4.323866667356655e-07,1.2157612362065812e-10,2.2563543077522325e-10,-1.0406213507473056e-10,2.827907310782679e-15,1.7914542500738246,10.0,True,1.7147272976913586e-05,0.0,0.0,0.0,0.0,True,2.6822076365262886e-13,-1.0405940920298901e-10,0.0,0.0,0.0,True,7.894735545458907e-12,-1.0406221025453866e-10,0.0,0.0,0.0,True,2.5065028045452857e-13,-1.0405938234057854e-10,0.0,0.0,0.0,3.2711087615589136e-13,0.0,0.0,0.0,7.904209444118373e-12,0.0,0.0,0.0,
blend_p010,0,600000,0.002,177,1.0,development,128,k4_full,10,0,0.7500464318202983,0.001376348012568886,1.6842862686490788e-11,3.4467406876209114e-06,1.4179101941220434e-09,1.4010673314355526e-09,1.688473381260082e-11,-4.187107876583143e-14,1.8231439230317628,10.0,True,3.2471540008247755e-05,0.0,0.0,0.0,0.0,True,1.8163357661902822e-11,1.683605349612921e-11,0.0,0.0,0.0,True,9.313990549758715e-11,1.6877360158964044e-11,0.0,0.0,0.0,True,1.82251321919716e-11,1.6835491723894358e-11,0.0,0.0,0.0,1.8033924462595793e-11,0.0,0.0,0.0,9.308247736101125e-11,0.0,0.0,0.0,
blend_p030,0,600000,0.002,177,1.0,development,128,k4_full,10,0,0.689949037908466,0.0021824990275736774,1.1014446031666406e-08,3.0944058006479056e-05,1.3938327387489225e-08,2.923881355822818e-09,1.1003347353733495e-08,1.109867788025989e-11,3.3755681482694264,10.0,True,0.0011500350455524075,0.0,0.0,0.0,0.0,True,2.546728057609097e-09,1.1014182271784675e-08,0.0,0.0,0.0,True,1.3046428672309212e-08,1.1002865600880682e-08,0.0,0.0,0.0,True,2.4972682629173607e-09,1.101396587491792e-08,0.0,0.0,0.0,8.407735556444506e-10,0.0,0.0,0.0,1.2729105101215686e-08,0.0,0.0,0.0,
exp_right,22,600000,0.002,177,2.6119867843594364,development,128,k4_full,10,0,0.00014992709720763387,0.0016852408491125782,4.4173653077566677e-10,2.5616184945093994e-06,7.095808480775401e-10,2.6784431730187337e-10,4.4174606690020757e-10,-9.536129403395414e-15,3.2431954845086826,10.0,True,0.00035392941961488267,0.0,0.0,0.0,0.0,True,2.3266433683969137e-11,4.4173396973007963e-10,0.0,0.0,0.0,True,1.3419376213087687e-10,4.4174260350860477e-10,0.0,0.0,0.0,True,2.0828712421514222e-11,4.4173304631804675e-10,0.0,0.0,0.0,1.1226848167218425e-11,0.0,0.0,0.0,1.2279687699559305e-10,0.0,0.0,0.0,exponential
exp_left,22,600000,0.002,177,13.649519383995864,development,128,k4_full,10,0,0.0005812248870191354,0.0018555394678786005,-4.4415570833493766e-10,3.003688626653601e-06,5.064924712263492e-10,9.50648179561287e-10,-4.4419275034199316e-10,3.704203133783289e-14,4.64972572125542,10.0,True,0.0005468952757241232,0.0,0.0,0.0,0.0,True,9.504617109121462e-11,-4.4416296697579696e-10,0.0,0.0,0.0,True,2.0523552707782683e-10,-4.441933180984893e-10,0.0,0.0,0.0,True,9.109250680042577e-11,-4.4415627471736706e-10,0.0,0.0,0.0,4.629654159577402e-11,0.0,0.0,0.0,1.6695898718392343e-10,0.0,0.0,0.0,exponential
gauss_left,22,600000,0.002,177,0.3713011646461742,development,128,k4_full,10,0,0.006229292198264368,0.0034672865621529934,9.35568754007254e-09,5.466970612910553e-05,1.6102883428003744e-08,6.7471958879312045e-09,9.354024643839097e-09,1.6628960692214126e-12,5.635319449957506,10.0,True,0.0031577412599781674,0.0,0.0,0.0,0.0,True,3.345642031657338e-10,9.355542834888176e-09,0.0,0.0,0.0,True,1.4131023673603057e-08,9.353870125844005e-09,0.0,0.0,0.0,True,3.314379259386825e-10,9.355539527906508e-09,0.0,0.0,0.0,1.6305191521849912e-09,0.0,0.0,0.0,1.4371424404029805e-08,0.0,0.0,0.0,gaussian
gauss_right,22,600000,0.002,177,0.23748502306292393,development,128,k4_full,10,0,0.03786195535639051,0.004249738157437426,1.8626599252179145e-08,0.00012728774167016044,2.2411284229289085e-08,3.78468497710994e-09,1.861900165221407e-08,7.597599914517912e-12,8.775360903002106,10.0,True,0.0034629674018815788,0.0,0.0,0.0,0.0,True,6.770773523614558e-09,1.862673507218827e-08,0.0,0.0,0.0,True,1.832715938602281e-08,1.8619959246468056e-08,0.0,0.0,0.0,True,5.969953409012277e-09,1.862757354924986e-08,0.0,0.0,0.0,2.533958684133216e-09,0.0,0.0,0.0,1.7570171361181773e-08,0.0,0.0,0.0,gaussian
bump_left,22,600000,0.002,177,0.44348186274361356,development,128,k4_full,10,0,0.02311757006587658,0.003184204094615614,3.551445485034791e-09,4.1520551432859406e-05,1.3149583921699939e-08,9.598138436665148e-09,3.55152621953783e-09,-8.073448405320383e-14,4.923763025810909,10.0,True,0.0009816961368829306,0.0,0.0,0.0,0.0,True,4.3251945942220415e-10,3.5512965424549784e-09,0.0,0.0,0.0,True,3.0092113176300195e-09,3.551375823979364e-09,0.0,0.0,0.0,True,4.43470545475724e-10,3.551295547841691e-09,0.0,0.0,0.0,4.0310658723616037e-10,0.0,0.0,0.0,3.15945953189749e-09,0.0,0.0,0.0,compact_bump
bump_right,22,600000,0.002,177,0.32889495195335533,development,128,k4_full,10,0,0.021058550262727828,0.0036181421982398273,1.702336931482475e-09,1.7448218424400938e-05,3.2897174158366757e-09,1.5873804843542008e-09,1.701375138610521e-09,9.617931787035062e-13,7.290051184655884,10.0,True,0.0029397036751454913,0.0,0.0,0.0,0.0,True,2.469199024367212e-10,1.7023501288750556e-09,0.0,0.0,0.0,True,2.524954807240479e-09,1.7013458683452096e-09,0.0,0.0,0.0,True,2.32839698951425e-10,1.7023773719007462e-09,0.0,0.0,0.0,4.960810951285153e-10,0.0,0.0,0.0,2.441106852671752e-09,0.0,0.0,0.0,compact_bump
step_left,22,600000,0.002,177,0.9128852702404965,development,128,k4_full,10,0,0.0011511721402203531,0.002154506501141416,8.910530892560503e-10,1.9268577142357193e-05,2.3673835682288944e-09,1.4763304789728442e-09,8.913236698401085e-10,-2.705805146502835e-13,2.2118884176595106,10.0,True,0.0005691124076922438,0.0,0.0,0.0,0.0,True,5.5022940279434366e-11,8.910437213751689e-10,0.0,0.0,0.0,True,1.204166558714059e-09,8.913040555255826e-10,0.0,0.0,0.0,True,7.156783091207267e-11,8.910333665819941e-10,0.0,0.0,0.0,2.3790500519184085e-10,0.0,0.0,0.0,1.2393190987265785e-09,0.0,0.0,0.0,tanh_step
step_right,22,600000,0.002,177,0.9636241118102141,development,128,k4_full,10,0,0.0072400384192411,0.0022917175197283424,4.828952076312723e-09,3.760369129275904e-05,7.272307118198701e-09,2.4433550418859788e-09,4.828865196641498e-09,8.687973317410122e-14,2.4721251569829947,10.0,True,0.0011823679456979001,0.0,0.0,0.0,0.0,True,2.997268031113348e-10,4.82890661849275e-09,0.0,0.0,0.0,True,4.545009456321611e-09,4.828819809949681e-09,0.0,0.0,0.0,True,3.0291664546427396e-10,4.828906882034887e-09,0.0,0.0,0.0,4.6395824526748483e-10,0.0,0.0,0.0,4.6602425128048175e-09,0.0,0.0,0.0,tanh_step
kink_abs,22,600000,0.002,177,0.6214766720163144,development,128,k4_full,10,0,0.0038175944793784754,0.0021336335997066453,1.0125857272435725e-12,1.0467333601367555e-05,2.2968526517715773e-09,2.2958400660443337e-09,-3.4031918604478403e-15,1.015988934568957e-12,3.9519306397123555,10.0,True,0.0005892357522665012,0.0,0.0,0.0,0.0,True,2.5640753125073204e-10,9.750627474383683e-13,0.0,0.0,0.0,True,1.509974537500773e-09,-6.930949483313694e-14,0.0,0.0,0.0,True,2.4018983557702973e-10,9.469133866553975e-13,0.0,0.0,0.0,1.0781571687905169e-10,0.0,0.0,0.0,1.4904155844009159e-09,0.0,0.0,0.0,kink
kink_relu,22,600000,0.002,177,0.2041432706959443,development,128,k4_full,10,0,0.0035275817877664936,0.0018141271826424984,8.266844010944301e-10,8.678149335616668e-06,2.1790658530598514e-09,1.3523814519654213e-09,8.26726741703288e-10,-4.234052267932819e-14,2.891251125652555,10.0,True,0.0008962067324468142,0.0,0.0,0.0,0.0,True,8.72975455157388e-11,8.266704403490385e-10,0.0,0.0,0.0,True,8.193600440872885e-10,8.267103007565794e-10,0.0,0.0,0.0,True,8.317747278391404e-11,8.266678675911105e-10,0.0,0.0,0.0,1.1503359782650003e-10,0.0,0.0,0.0,8.165506950878382e-10,0.0,0.0,0.0,kink
sine,0,600000,0.002,177,1.0,development,128,k4_full,1000,0,0.7691242292175433,0.001711881443326277,1.613560612060993e-05,0.05430610915087273,1.807292612982335e-05,1.9373200092134185e-06,1.6272207787610766e-05,-1.3660166700086842e-07,2.268133819958128,1000.0,True,0.002159951282592484,0.0,0.0,0.0,0.0,True,0.00193710890423429,1.5650111929430863e-05,0.0,0.0,0.0,True,0.0019374288206511648,1.5639375726635724e-05,0.0,0.0,0.0,True,0.0019556521899729493,1.5502258240542067e-05,0.0,0.0,0.0,0.0014998958376432451,0.0,0.0,0.0,0.0014862705499517827,0.0,0.0,0.0,
runge,0,600000,0.002,177,1.0,development,128,k4_full,1000,0,0.04735627741803254,0.0019624208535835128,7.203374433419174e-07,0.005951356413148021,1.368628697366067e-06,6.482912540241499e-07,7.202551623095663e-07,7.601722531659963e-11,2.598638729846501,1000.0,True,0.0018902088033280686,0.0,0.0,0.0,0.0,True,6.8080319390724135e-06,7.189668408553219e-07,0.0,0.0,0.0,True,7.309661254057574e-06,7.188591915763834e-07,0.0,0.0,0.0,True,6.8388492141452955e-06,7.189418687599741e-07,0.0,0.0,0.0,1.1568357921749197e-05,0.0,0.0,0.0,1.1356090374117657e-05,0.0,0.0,0.0,
moment3,0,600000,0.002,177,1.0,development,128,k4_full,1000,0,0.006360922396746194,0.0037909216863919464,4.6378043601918464e-07,0.0006125287873704234,4.897856673562382e-07,2.6005231337053562e-08,4.632502091946873e-07,5.302268250753688e-10,9.661239381909125,1000.0,True,0.0024866321692649826,0.0,0.0,0.0,0.0,True,4.080721134082202e-07,4.640524456321703e-07,0.0,0.0,0.0,True,4.291731145350881e-07,4.6343402920321836e-07,0.0,0.0,0.0,True,4.231759719834634e-07,4.6407380900998747e-07,0.0,0.0,0.0,1.8688426710504755e-05,0.0,0.0,0.0,1.877593438237939e-05,0.0,0.0,0.0,
moment5,0,600000,0.002,177,1.0,development,128,k4_full,1000,0,0.7499971635466183,0.0014083463433000832,4.013252017112513e-09,2.104160279853206e-05,9.760879780721904e-09,5.74762776360939e-09,4.013200181711507e-09,5.1835260851882667e-14,1.788696629989548,1000.0,True,7.576214174375646e-06,0.0,0.0,0.0,0.0,True,1.2686385850642404e-09,4.012816184282448e-09,0.0,0.0,0.0,True,1.2687873491977484e-09,4.012815872616436e-09,0.0,0.0,0.0,True,1.2425540863819081e-09,4.012867699914911e-09,0.0,0.0,0.0,1.885131655557606e-09,0.0,0.0,0.0,1.9007614961009055e-09,0.0,0.0,0.0,
moment9,0,600000,0.002,177,1.0,development,128,k4_full,1000,0,0.7500008935129094,0.0014050325420632964,-1.6636261828588248e-09,1.1336691670666174e-05,3.663267972548501e-09,5.326894155407326e-09,-1.6636419868785858e-09,1.5803922353266915e-14,1.789522198957465,1000.0,True,7.221781478211337e-06,0.0,0.0,0.0,0.0,True,1.4319925095480967e-10,-1.6636932349312802e-09,0.0,0.0,0.0,True,1.486631045928977e-10,-1.663701094466998e-09,0.0,0.0,0.0,True,1.4071192113180592e-10,-1.6636852872107612e-09,0.0,0.0,0.0,1.555874244648168e-09,0.0,0.0,0.0,1.556366846433164e-09,0.0,0.0,0.0,
mixed_sine,0,600000,0.002,177,0.8100925873009825,development,128,k4_full,1000,0,0.3222540200071715,0.002773498448525431,1.7081328788775893e-06,0.01201982061963718,2.5125654267685503e-06,8.044325478909612e-07,1.7079933701025641e-06,1.3950877404624932e-10,3.4393620428701452,1000.0,True,0.00011682522619628443,0.0,0.0,0.0,0.0,True,1.6896084804684856e-05,1.7012607661305465e-06,0.0,0.0,0.0,True,1.7813960243308462e-05,1.7000397212231995e-06,0.0,0.0,0.0,True,1.7707878618749393e-05,1.7001759842958717e-06,0.0,0.0,0.0,3.0756451674734745e-05,0.0,0.0,0.0,3.077758700593983e-05,0.0,0.0,0.0,
localized_sine,0,600000,0.002,177,0.4822374526221915,development,128,k4_full,1000,0,0.19300148148794877,0.00328271230445254,1.54627371384394e-06,0.008092266649637496,2.528201644110745e-06,9.819279302668052e-07,1.545516790361513e-06,7.28329412869299e-10,6.555455160217073,1000.0,True,0.0026983784372624077,0.0,0.0,0.0,0.0,True,1.2416110892282244e-05,1.542538133133339e-06,0.0,0.0,0.0,True,1.2639176868682586e-05,1.5416334302233504e-06,0.0,0.0,0.0,True,1.2410793485313154e-05,1.5425028765009828e-06,0.0,0.0,0.0,4.052311136844677e-05,0.0,0.0,0.0,4.095706114937412e-05,0.0,0.0,0.0,
chirp,0,600000,0.002,177,0.7001068817853702,development,128,k4_full,1000,0,0.7336611028182534,0.0021763526416705885,3.0025749704345397e-06,0.02253061033799667,3.6897638117745806e-06,6.871888413400409e-07,3.002349808802234e-06,2.2516163220400542e-10,4.683944116951346,1000.0,True,0.0005221862942876828,0.0,0.0,0.0,0.0,True,0.00012739371339895263,3.0018924892672658e-06,0.0,0.0,0.0,True,0.00012886877678375966,3.005067022731733e-06,0.0,0.0,0.0,True,0.00012905337278540054,3.0052414407760486e-06,0.0,0.0,0.0,6.601499536704976e-05,0.0,0.0,0.0,6.65061843643669e-05,0.0,0.0,0.0,
moment4,0,600000,0.002,177,1.0,development,128,k4_full,1000,0,0.7499834892450356,0.001415642112217366,2.320731801986267e-08,0.00014820107810730764,4.462335019527856e-08,2.1416032175415883e-08,2.320462268173733e-08,2.695338212351755e-12,1.7922118726493832,1000.0,True,1.9032525312727274e-05,0.0,0.0,0.0,0.0,True,8.89460855954397e-08,2.3189231455765835e-08,0.0,0.0,0.0,True,8.921949624380135e-08,2.3188454855628007e-08,0.0,0.0,0.0,True,8.852055603837289e-08,2.3191147809803453e-08,0.0,0.0,0.0,8.019111219086637e-08,0.0,0.0,0.0,8.093750380815117e-08,0.0,0.0,0.0,
blend_m010,0,600000,0.002,177,1.0,development,128,k4_full,1000,0,0.7496049496747311,0.0015123123937985606,2.9946643442773904e-07,0.0009660316887325324,4.3420432070615047e-07,1.3473788627841145e-07,2.994208661403167e-07,4.556828740709145e-11,1.798446765225283,1000.0,True,0.0003084748617624488,0.0,0.0,0.0,0.0,True,1.4157336050262e-06,2.991672546387702e-07,0.0,0.0,0.0,True,1.432908766115575e-06,2.9915451732295434e-07,0.0,0.0,0.0,True,1.3944318841857524e-06,2.992000114640737e-07,0.0,0.0,0.0,1.3470939630445804e-06,0.0,0.0,0.0,1.3857990055537059e-06,0.0,0.0,0.0,
blend_p001,0,600000,0.002,177,1.0,development,128,k4_full,1000,0,0.75001296159892,0.0013994721403171187,-1.0404941126371523e-08,4.323610005947477e-05,1.2157521750569076e-08,2.25624628769406e-08,-1.0405223874136719e-08,2.827480029128336e-13,1.7914578857500354,1000.0,True,1.7146723431095602e-05,0.0,0.0,0.0,0.0,True,2.8501297354648657e-09,-1.0405922810320717e-08,0.0,0.0,0.0,True,2.961758508858872e-09,-1.0406058353234604e-08,0.0,0.0,0.0,True,2.782006437097506e-09,-1.0405775564416636e-08,0.0,0.0,0.0,3.6306731301932396e-09,0.0,0.0,0.0,3.78567357370253e-09,0.0,0.0,0.0,
blend_p010,0,600000,0.002,177,1.0,development,128,k4_full,1000,0,0.7500462935611987,0.001376349760564381,1.764838357707802e-09,0.00034473748118381145,1.4182762141987666e-07,1.4006278306216884e-07,1.7690544469660897e-09,-4.2160890895133786e-12,1.8232278587128565,1000.0,True,3.286427321700008e-05,0.0,0.0,0.0,0.0,True,2.019496210292378e-07,1.6860758884268428e-09,0.0,0.0,0.0,True,2.018446029914006e-07,1.6871734971725814e-09,0.0,0.0,0.0,True,2.0240534917820566e-07,1.6829866460229067e-09,0.0,0.0,0.0,2.0028267267255575e-07,0.0,0.0,0.0,1.997055549142394e-07,0.0,0.0,0.0,
blend_p030,0,600000,0.002,177,1.0,development,128,k4_full,1000,0,0.6899176950375454,0.002183587645521091,1.099632393445268e-06,0.003087078952782025,1.3910214118492017e-06,2.913890184039336e-07,1.0985295205246597e-06,1.102872920607028e-09,3.3802696411159485,1000.0,True,0.0011451755144191327,0.0,0.0,0.0,0.0,True,2.724118332651885e-05,1.0950793274877978e-06,0.0,0.0,0.0,True,2.7012432622217467e-05,1.0933635015014696e-06,0.0,0.0,0.0,True,2.7143885288123405e-05,1.094483699891403e-06,0.0,0.0,0.0,9.303042957720904e-06,0.0,0.0,0.0,8.657445454005758e-06,0.0,0.0,0.0,
exp_right,22,600000,0.002,177,2.6119867843594364,development,128,k4_full,1000,0,0.00014968311359142092,0.0016852845748741973,4.416749814973065e-08,0.00025611452790316605,7.09515174228823e-08,2.6784019273151658e-08,4.416843668278524e-08,-9.385330254268508e-13,3.2435190685682254,1000.0,True,0.00034583028399577144,0.0,0.0,0.0,0.0,True,2.124050539140008e-07,4.413546712414539e-08,0.0,0.0,0.0,True,2.133409279834169e-07,4.413312547226677e-08,0.0,0.0,0.0,True,2.1293096783347722e-07,4.4131974838159105e-08,0.0,0.0,0.0,1.241888461570789e-07,0.0,0.0,0.0,1.1484562410307173e-07,0.0,0.0,0.0,exponential
exp_left,22,600000,0.002,177,13.649519383995864,development,128,k4_full,1000,0,0.0005805166762026941,0.0018554954362947657,-4.4475739542839296e-08,0.00030009249942969705,5.059904379259533e-08,9.507478333543462e-08,-4.4479424553665475e-08,3.685011264686801e-12,4.650317941992816,1000.0,True,0.0005439002798053836,0.0,0.0,0.0,0.0,True,8.942787153286948e-07,-4.449568055085341e-08,0.0,0.0,0.0,True,9.01462893090845e-07,-4.448533989474726e-08,0.0,0.0,0.0,True,9.038463231139239e-07,-4.448163800464674e-08,0.0,0.0,0.0,5.129217628576762e-07,0.0,0.0,0.0,5.034696126390429e-07,0.0,0.0,0.0,exponential
gauss_left,22,600000,0.002,177,0.3713011646461742,development,128,k4_full,1000,0,0.006158862444686984,0.00346821048084254,9.332743770868788e-07,0.005450143147493103,1.6052974030793156e-06,6.720230259924366e-07,9.331072306478659e-07,1.6714643606042386e-10,5.637298234986819,1000.0,True,0.0031683188211630705,0.0,0.0,0.0,0.0,True,3.3249843114045504e-06,9.31541122488194e-07,0.0,0.0,0.0,True,3.9150919505380665e-06,9.312997866407207e-07,0.0,0.0,0.0,True,3.371190289375048e-06,9.315202581086034e-07,0.0,0.0,0.0,1.807426141193172e-05,0.0,0.0,0.0,1.8314588685132557e-05,0.0,0.0,0.0,gaussian
gauss_right,22,600000,0.002,177,0.23748502306292393,development,128,k4_full,1000,0,0.0376212756244809,0.004251575438394349,1.8559075561744856e-06,0.012702074971367683,2.2327797507726245e-06,3.7687219459813896e-07,1.8551524447852297e-06,7.551113871005335e-10,8.783142756800343,1000.0,True,0.0034420663325590182,0.0,0.0,0.0,0.0,True,2.6738862376281094e-05,1.8577900092611113e-06,0.0,0.0,0.0,True,2.6394734761457784e-05,1.8571155418687466e-06,0.0,0.0,0.0,True,2.6829836294582874e-05,1.8580176774345413e-06,0.0,0.0,0.0,2.8061307113358698e-05,0.0,0.0,0.0,2.8067933834452224e-05,0.0,0.0,0.0,gaussian
bump_left,22,600000,0.002,177,0.44348186274361356,development,128,k4_full,1000,0,0.023072292162029752,0.0031845564292141255,3.558860439970035e-07,0.004149957736111178,1.3146364882207426e-06,9.58750444223739e-07,3.5589390263622054e-07,-7.858641048911863e-12,4.92395132661516,1000.0,True,0.000987637161787238,0.0,0.0,0.0,0.0,True,5.512532047292198e-06,3.5414237487156864e-07,0.0,0.0,0.0,True,5.534936798756214e-06,3.541446835002769e-07,0.0,0.0,0.0,True,5.536268800600348e-06,3.5414065698694126e-07,0.0,0.0,0.0,4.464352491997085e-06,0.0,0.0,0.0,4.542538744325722e-06,0.0,0.0,0.0,compact_bump
bump_right,22,600000,0.002,177,0.32889495195335533,development,128,k4_full,1000,0,0.021054436232223417,0.003618309812204334,1.6931630143709509e-07,0.0017397065088364174,3.2774008520777627e-07,1.5842378377068118e-07,1.6922081872954009e-07,9.548271039583816e-11,7.290524078896147,1000.0,True,0.00292421249379825,0.0,0.0,0.0,0.0,True,1.8978638598169518e-06,1.6947785411010854e-07,0.0,0.0,0.0,True,1.8301883511606792e-06,1.6936868572831126e-07,0.0,0.0,0.0,True,1.901771774487179e-06,1.6949027662999527e-07,0.0,0.0,0.0,5.491047992976754e-06,0.0,0.0,0.0,5.41952377531007e-06,0.0,0.0,0.0,compact_bump
step_left,22,600000,0.002,177,0.9128852702404965,development,128,k4_full,1000,0,0.0011461970350523818,0.002154594711281143,8.91011928160696e-08,0.0019242881638046935,2.36439614356672e-07,1.473384215406024e-07,8.912813805661858e-08,-2.694524148690145e-11,2.2118205905582835,1000.0,True,0.000566320828829783,0.0,0.0,0.0,0.0,True,6.826943103490815e-07,8.89274543872549e-08,0.0,0.0,0.0,True,7.096624827636443e-07,8.891621918591619e-08,0.0,0.0,0.0,True,7.82641065979325e-07,8.88881243823244e-08,0.0,0.0,0.0,2.6378196704745654e-06,0.0,0.0,0.0,2.6242899938112793e-06,0.0,0.0,0.0,tanh_step
step_right,22,600000,0.002,177,0.9636241118102141,development,128,k4_full,1000,0,0.00722245677474962,0.002292195096654513,4.824058782472715e-07,0.0037555399481709055,7.263008569476426e-07,2.438949787003711e-07,4.823970910513579e-07,8.787195839924256e-12,2.4731961266911413,1000.0,True,0.001188836285731923,0.0,0.0,0.0,0.0,True,3.3447491207798194e-06,4.819055121986969e-07,0.0,0.0,0.0,True,3.2664760242078875e-06,4.81895523136995e-07,0.0,0.0,0.0,True,3.3496178177538426e-06,4.819060576323311e-07,0.0,0.0,0.0,5.142043856309098e-06,0.0,0.0,0.0,5.179459986079956e-06,0.0,0.0,0.0,tanh_step
kink_abs,22,600000,0.002,177,0.6214766720163144,development,128,k4_full,1000,0,0.003814182075920562,0.0021336335139047185,-8.478934129262848e-11,0.0010471445120373644,2.2973726699943093e-07,2.2982205634072358e-07,-1.8623333236821229e-10,1.0144399147985552e-10,3.952366136483494,1000.0,True,0.0005882730114506605,0.0,0.0,0.0,0.0,True,2.6371918655192252e-06,-7.213687447975974e-10,0.0,0.0,0.0,True,2.5902059034111084e-06,-8.952251084633834e-10,0.0,0.0,0.0,True,2.6104175959686385e-06,-7.913156952440224e-10,0.0,0.0,0.0,1.1960642008659438e-06,0.0,0.0,0.0,1.1309236792000784e-06,0.0,0.0,0.0,kink
kink_relu,22,600000,0.002,177,0.2041432706959443,development,128,k4_full,1000,0,0.0035264142086204914,0.0018142089934430733,8.263748497589254e-08,0.0008665889626688577,2.1774067370139553e-07,1.3510318872550297e-07,8.264170816068132e-08,-4.223184850964799e-12,2.8908736582466834,1000.0,True,0.000895290448243022,0.0,0.0,0.0,0.0,True,7.62560903450425e-07,8.247735306335236e-08,0.0,0.0,0.0,True,7.943806665309527e-07,8.247063799665755e-08,0.0,0.0,0.0,True,8.349197748252195e-07,8.246548984418155e-08,0.0,0.0,0.0,1.2755058238010547e-06,0.0,0.0,0.0,1.2471661266596693e-06,0.0,0.0,0.0,kink
sine,0,600000,0.002,177,1.0,development,128,k4_full,10000,0,0.6487862513572263,0.0018985997056792704,0.00020285386847360346,0.6666638649399577,0.0002249489045607466,2.209503608714311e-05,0.00020374473444889935,-8.908659752953038e-07,2.591399583877624,10000.0,True,0.00012502182113498155,0.0,0.0,0.0,0.0,True,0.18193180361875855,0.00014401586087936473,0.0,0.0,0.0,True,0.18204896802543902,0.00014353776509439732,0.0,0.0,0.0,True,0.1824126635830403,0.00014213700229105282,0.0,0.0,0.0,0.13928591924893952,0.0,0.0,0.0,0.13902820278234498,0.0,0.0,0.0,
runge,0,600000,0.002,177,1.0,development,128,k4_full,10000,0,0.04439073869411961,0.001968910767472648,7.210251332477073e-06,0.05858965572101717,1.3426649646209503e-05,6.216398313732431e-06,7.20924857055422e-06,9.866766491217326e-10,2.6246935733130794,10000.0,True,0.0020262598334533826,0.0,0.0,0.0,0.0,True,0.0005791814297200286,7.093164685548578e-06,0.0,0.0,0.0,True,0.0005841700913334602,7.091401363787782e-06,0.0,0.0,0.0,True,0.0005799499829876972,7.092854160862634e-06,0.0,0.0,0.0,0.0011708724162549239,0.0,0.0,0.0,0.001166992218114858,0.0,0.0,0.0,
moment3,0,600000,0.002,177,1.0,development,128,k4_full,10000,0,0.00629711873001271,0.003794661644221485,4.203738265557736e-06,0.005150145184317088,4.501351429815616e-06,2.976131642578805e-07,4.1990128639764915e-06,4.725401586472548e-09,9.686232504550713,10000.0,True,0.0025294902464369964,0.0,0.0,0.0,0.0,True,2.9058087309037796e-05,4.203475536935568e-06,0.0,0.0,0.0,True,2.8892985740386734e-05,4.197268172211861e-06,0.0,0.0,0.0,True,2.91783768596709e-05,4.204238776838449e-06,0.0,0.0,0.0,0.0017177901450605635,0.0,0.0,0.0,0.0017185859127811065,0.0,0.0,0.0,
moment5,0,600000,0.002,177,1.0,development,128,k4_full,10000,0,0.7499971587307481,0.0014083825036500942,4.0173602027957995e-08,0.00021043358944314625,9.762026304734592e-08,5.7446661019387935e-08,4.017308304633626e-08,5.189818891959391e-13,1.7886859077803783,10000.0,True,7.583267056688931e-06,0.0,0.0,0.0,0.0,True,1.2471383771425408e-07,4.0134377261915324e-08,0.0,0.0,0.0,True,1.2461943848952222e-07,4.013462052508554e-08,0.0,0.0,0.0,True,1.244336283230618e-07,4.013513870641379e-08,0.0,0.0,0.0,1.8864580749221084e-07,0.0,0.0,0.0,1.8875075923827028e-07,0.0,0.0,0.0,
moment9,0,600000,0.002,177,1.0,development,128,k4_full,10000,0,0.7500008918317903,0.001405017585300167,-1.662038931217464e-08,0.00011323181151963753,3.6588002811219875e-08,5.320839212339452e-08,-1.6620546968752423e-08,1.576563736753279e-13,1.7895235783289243,10000.0,True,7.219750328786514e-06,0.0,0.0,0.0,0.0,True,1.406388649347363e-08,-1.662640770735545e-08,0.0,0.0,0.0,True,1.4066310201434792e-08,-1.6626448104280092e-08,0.0,0.0,0.0,True,1.4049339106460977e-08,-1.6626290112371225e-08,0.0,0.0,0.0,1.5557934837727113e-07,0.0,0.0,0.0,1.5557845830194036e-07,0.0,0.0,0.0,
mixed_sine,0,600000,0.002,177,0.8100925873009825,development,128,k4_full,10000,0,0.3209493801972678,0.002788878881417278,1.7088565770724757e-05,0.11785984785611713,2.517322089238931e-05,8.08465512166455e-06,1.708659194050008e-05,1.973830223705498e-09,3.4189619536942253,10000.0,True,0.00022418610729631333,0.0,0.0,0.0,0.0,True,0.0016512911917049282,1.6546911606948478e-05,0.0,0.0,0.0,True,0.0016538366468894523,1.6542259258211476e-05,0.0,0.0,0.0,True,0.001652958281141433,1.6543796756960377e-05,0.0,0.0,0.0,0.0029909216771270724,0.0,0.0,0.0,0.0029911323654423457,0.0,0.0,0.0,
localized_sine,0,600000,0.002,177,0.4822374526221915,development,128,k4_full,10000,0,0.1917705421951621,0.0032960843182387547,1.49182875000583e-05,0.07842424049216509,2.452388054276922e-05,9.605593042710919e-06,1.491100842080549e-05,7.25048518429331e-09,6.622039936637002,10000.0,True,0.00281595984033667,0.0,0.0,0.0,0.0,True,0.0010173379320328212,1.4616759788154476e-05,0.0,0.0,0.0,True,0.0010304203357360232,1.4604520498460782e-05,0.0,0.0,0.0,True,0.0010163589974308328,1.4618111079541637e-05,0.0,0.0,0.0,0.0039027176012190784,0.0,0.0,0.0,0.0039059584536168222,0.0,0.0,0.0,
chirp,0,600000,0.002,177,0.7001068817853702,development,128,k4_full,10000,0,0.7240618293469672,0.002203090644596636,2.9740577896481906e-05,0.2199790895170897,3.62967472327582e-05,6.556169336276284e-06,2.973486256648927e-05,5.7153299949517824e-09,4.885277095700688,10000.0,True,0.0008620246306463988,0.0,0.0,0.0,0.0,True,0.007367862440256746,2.8584616500669724e-05,0.0,0.0,0.0,True,0.007363322722617657,2.8551267456622616e-05,0.0,0.0,0.0,True,0.0073596217468184,2.8553062998226406e-05,0.0,0.0,0.0,0.006786314208810531,0.0,0.0,0.0,0.006790725888631591,0.0,0.0,0.0,
moment4,0,600000,0.002,177,1.0,development,128,k4_full,10000,0,0.7499832561520027,0.0014158522578023344,2.3335290298816396e-07,0.0014876461233290837,4.4732139492490687e-07,2.139684919367429e-07,2.3332573334339657e-07,2.7169644927735663e-11,1.7922734886621636,10000.0,True,1.922760234540673e-05,0.0,0.0,0.0,0.0,True,8.920774785356772e-06,2.317019570023711e-07,0.0,0.0,0.0,True,8.920628866757599e-06,2.3170324546116503e-07,0.0,0.0,0.0,True,8.916611097340507e-06,2.3173017317875796e-07,0.0,0.0,0.0,8.08421726819344e-06,0.0,0.0,0.0,8.088408826803053e-06,0.0,0.0,0.0,
blend_m010,0,600000,0.002,177,1.0,development,128,k4_full,10000,0,0.7495947883181256,0.0015150306245042297,3.0176971400969363e-06,0.009771468363827454,4.375188876075076e-06,1.35749173597814e-06,3.01723504301951e-06,4.620970765564379e-10,1.7993020228072765,10000.0,True,0.0003118239916035291,0.0,0.0,0.0,0.0,True,0.00014171429639060686,2.9902931421234325e-06,0.0,0.0,0.0,True,0.00014171227567725707,2.9903009482716643e-06,0.0,0.0,0.0,True,0.000141622129713237,2.9907555205800285e-06,0.0,0.0,0.0,0.0001368914463504344,0.0,0.0,0.0,0.0001369748820065821,0.0,0.0,0.0,
blend_p001,0,600000,0.002,177,1.0,development,128,k4_full,10000,0,0.750012942131481,0.0013993785857543256,-1.0395950391959574e-07,0.00043212799959285183,1.215670050135348e-07,2.2552650893313053e-07,-1.0396232751581703e-07,2.823595824153964e-12,1.7914909853396903,10000.0,True,1.7141668621148042e-05,0.0,0.0,0.0,0.0,True,2.788085229713507e-07,-1.040451596389566e-07,0.0,0.0,0.0,True,2.790202656927518e-07,-1.0404580412992482e-07,0.0,0.0,0.0,True,2.7816745909349693e-07,-1.0404297644886403e-07,0.0,0.0,0.0,3.6301196790668795e-07,0.0,0.0,0.0,3.638274481293547e-07,0.0,0.0,0.0,
blend_p010,0,600000,0.002,177,1.0,development,128,k4_full,10000,0,0.7500450312885594,0.0013763729977426303,2.5002016606950097e-08,0.0034532804194197316,1.4216387762458777e-06,1.3966367596389277e-06,2.504683247805039e-08,-4.48158707263057e-11,1.8239961275956553,10000.0,True,3.641529724255654e-05,0.0,0.0,0.0,0.0,True,2.0348581575863903e-05,1.6824653981952185e-08,0.0,0.0,0.0,True,2.0349287123243354e-05,1.6820642590770515e-08,0.0,0.0,0.0,True,2.0356792345600643e-05,1.6778773488928058e-08,0.0,0.0,0.0,2.0144031021229292e-05,0.0,0.0,0.0,2.013634668954964e-05,0.0,0.0,0.0,
blend_p030,0,600000,0.002,177,1.0,development,128,k4_full,10000,0,0.6896450107108976,0.0021934667981720075,1.097878504436235e-05,0.03023358474656503,1.3735139832964231e-05,2.7563547886018795e-06,1.096822259511305e-05,1.0553682701757495e-08,3.42222642655011,10000.0,True,0.0011107226413482748,0.0,0.0,0.0,0.0,True,0.0022826551049609134,1.059826737609548e-05,0.0,0.0,0.0,True,0.002283012012671852,1.0583904383257843e-05,0.0,0.0,0.0,True,0.0022829338964938666,1.0595945763063291e-05,0.0,0.0,0.0,0.0009027164308443248,0.0,0.0,0.0,0.0008956421745490554,0.0,0.0,0.0,
exp_right,22,600000,0.002,177,2.6119867843594364,development,128,k4_full,10000,0,0.00014749289070727884,0.0016856814814260354,4.4107404998825556e-07,0.002556596807444864,7.088247785522335e-07,2.6775072856397777e-07,4.4108210270957737e-07,-8.052720117321075e-12,3.2464390490094863,10000.0,True,0.00027354359552000555,0.0,0.0,0.0,0.0,True,1.2710436596373607e-05,4.390378607569291e-07,0.0,0.0,0.0,True,1.2753439116603422e-05,4.3902444959034635e-07,0.0,0.0,0.0,True,1.279001033048957e-05,4.3900539067607466e-07,0.0,0.0,0.0,1.2057127825625346e-05,0.0,0.0,0.0,1.1960788667057243e-05,0.0,0.0,0.0,exponential
exp_left,22,600000,0.002,177,13.649519383995864,development,128,k4_full,10000,0,0.000574183025481486,0.0018550898956937424,-4.5001634056597483e-07,0.002976835709690522,5.015236629809228e-07,9.515400035468976e-07,-4.5005150627856954e-07,3.516571177416846e-11,4.6556592740833365,10000.0,True,0.0005168833339592964,0.0,0.0,0.0,0.0,True,7.245853916212277e-05,-4.5042531835253543e-07,0.0,0.0,0.0,True,7.244777011166402e-05,-4.5044905654342995e-07,0.0,0.0,0.0,True,7.246639869793695e-05,-4.5041188827523715e-07,0.0,0.0,0.0,5.047822518941359e-05,0.0,0.0,0.0,5.038210150283421e-05,0.0,0.0,0.0,exponential
gauss_left,22,600000,0.002,177,0.3713011646461742,development,128,k4_full,10000,0,0.005556077674465042,0.003476525452947504,9.2482464820511e-06,0.05298885124709103,1.569352730767216e-05,6.445280825621059e-06,9.246384780010035e-06,1.820547953127443e-09,5.654788739547447,10000.0,True,0.0032542359899698026,0.0,0.0,0.0,0.0,True,0.0004074297050773083,9.055732467111077e-06,0.0,0.0,0.0,True,0.00041420937344561185,9.051226308383329e-06,0.0,0.0,0.0,True,0.00040827132093947696,9.055162355981134e-06,0.0,0.0,0.0,0.001786103020023986,0.0,0.0,0.0,0.0017879762155989828,0.0,0.0,0.0,gaussian
gauss_right,22,600000,0.002,177,0.23748502306292393,development,128,k4_full,10000,0,0.03552875892662733,0.004267735408065714,1.801587722753994e-05,0.12464433028287936,2.1618201225475128e-05,3.6023239979351895e-06,1.800865118286171e-05,7.221843176617466e-09,8.852141183016137,10000.0,True,0.0032504467940913753,0.0,0.0,0.0,0.0,True,0.000998583183852222,1.7812838456941323e-05,0.0,0.0,0.0,True,0.0009986520540067568,1.7798849983431127e-05,0.0,0.0,0.0,True,0.000998291030926113,1.78098369059738e-05,0.0,0.0,0.0,0.00275032520634747,0.0,0.0,0.0,0.002749890738184666,0.0,0.0,0.0,gaussian
bump_left,22,600000,0.002,177,0.44348186274361356,development,128,k4_full,10000,0,0.02266605688836098,0.0031878272416145286,3.6266984443995965e-06,0.041307780996207716,1.3116433562381415e-05,9.48973511798182e-06,3.626756998384006e-06,-5.855398463995646e-11,4.9255118054058,10000.0,True,0.0010413377099223198,0.0,0.0,0.0,0.0,True,0.000724892531656019,3.4334924820499003e-06,0.0,0.0,0.0,True,0.000726936894340326,3.4333050977638767e-06,0.0,0.0,0.0,True,0.0007260064941955524,3.4333845767625956e-06,0.0,0.0,0.0,0.00043777420867181245,0.0,0.0,0.0,0.00043846314267122736,0.0,0.0,0.0,compact_bump
bump_right,22,600000,0.002,177,0.32889495195335533,development,128,k4_full,10000,0,0.021019173304776245,0.0036197535631989587,1.6130672960632503e-06,0.0169445923490474,3.169617919481195e-06,1.556550623417945e-06,1.6121730989948174e-06,8.941970740252146e-10,7.294529442585187,10000.0,True,0.002783897523450486,0.0,0.0,0.0,0.0,True,0.00014754336187340606,1.6052932011206134e-06,0.0,0.0,0.0,True,0.00014678640186295826,1.6036665407766737e-06,0.0,0.0,0.0,True,0.00014746645392774504,1.6050703425913648e-06,0.0,0.0,0.0,0.000535912299073639,0.0,0.0,0.0,0.0005351464199125119,0.0,0.0,0.0,compact_bump
step_left,22,600000,0.002,177,0.9128852702404965,development,128,k4_full,10000,0,0.001102101169222247,0.00215539604229179,8.904322034627437e-07,0.01901178870135895,2.3374842368215975e-06,1.4470520333588536e-06,8.906915933097144e-07,-2.593898466139747e-10,2.211252013286143,10000.0,True,0.0005412026562288283,0.0,0.0,0.0,0.0,True,7.076019063514784e-05,8.733287655353162e-07,0.0,0.0,0.0,True,7.098923098318406e-05,8.732334802685028e-07,0.0,0.0,0.0,True,7.174408352171753e-05,8.728942552376617e-07,0.0,0.0,0.0,0.00026139631830329415,0.0,0.0,0.0,0.000261236584814513,0.0,0.0,0.0,tanh_step
step_right,22,600000,0.002,177,0.9636241118102141,development,128,k4_full,10000,0,0.00706755062287251,0.0022964926102264807,4.77991945021434e-06,0.03712342807882835,7.178650197776069e-06,2.3987307475617292e-06,4.779822317957695e-06,9.713225641958557e-11,2.482678443400555,10000.0,True,0.0012547612143523244,0.0,0.0,0.0,0.0,True,0.00032783884764808313,4.731529201318387e-06,0.0,0.0,0.0,True,0.0003273516411639807,4.73130514969046e-06,0.0,0.0,0.0,True,0.0003275408041305407,4.731489504716485e-06,0.0,0.0,0.0,0.0005076322558092421,0.0,0.0,0.0,0.0005078070158455747,0.0,0.0,0.0,tanh_step
kink_abs,22,600000,0.002,177,0.6214766720163144,development,128,k4_full,10000,0,0.0037832813668189124,0.002133616125033795,-1.7473660265079847e-08,0.01050955549581891,2.302221858114442e-06,2.3196955183795216e-06,-1.8474247586363524e-08,1.0005873211144166e-09,3.9562224762827465,10000.0,True,0.000579688943731395,0.0,0.0,0.0,0.0,True,0.00022347178052526276,-7.193308449950471e-08,0.0,0.0,0.0,True,0.00022350402555988236,-7.352945207127338e-08,0.0,0.0,0.0,True,0.00022345462569505338,-7.235029179627779e-08,0.0,0.0,0.0,0.00011909678142596705,0.0,0.0,0.0,0.00011837348663320034,0.0,0.0,0.0,kink
kink_relu,22,600000,0.002,177,0.2041432706959443,development,128,k4_full,10000,0,0.003516090292695559,0.0018149499206140728,8.235646559750631e-07,0.008555675963198917,2.162489553284852e-06,1.338924897309789e-06,8.2360591887037e-07,-4.1262894402197876e-11,2.88750298357779,10000.0,True,0.0008870854067511872,0.0,0.0,0.0,0.0,True,4.42476937075243e-05,8.119255473386261e-07,0.0,0.0,0.0,True,4.456865136976136e-05,8.11885043221387e-07,0.0,0.0,0.0,True,4.5248398270284724e-05,8.11799409771976e-07,0.0,0.0,0.0,0.00012644213170352002,0.0,0.0,0.0,0.00012613599395476952,0.0,0.0,0.0,kink
sine,0,600000,0.002,177,1.0,development,128,k4_full,20000,0,0.4883314026476686,0.0021277992918032978,0.0004320534545976309,1.414825800758169,0.00047267061991589104,4.06171653182601e-05,0.00043166620009010473,3.87196235436657e-07,3.047153039203079,20000.0,True,0.0025701389964019983,0.0,0.0,0.0,0.0,True,0.5224833342448607,0.0002625605724285528,0.0,0.0,0.0,True,0.5227460402332005,0.0002616256081840453,0.0,0.0,0.0,True,0.5235655733218831,0.0002587654968015695,0.0,0.0,0.0,0.36154279652643634,0.0,0.0,0.0,0.361153356107344,0.0,0.0,0.0,
runge,0,600000,0.002,177,1.0,development,128,k4_full,20000,0,0.041340484849165166,0.001976050851460861,1.435033532069032e-05,0.11507097055671324,2.6221078415477374e-05,1.1870743094787052e-05,1.4347946741783037e-05,2.372493632985895e-09,2.653281924871226,20000.0,True,0.002139066022360308,0.0,0.0,0.0,0.0,True,0.0021950301739504375,1.3946462358461765e-05,0.0,0.0,0.0,True,0.0021986175583525117,1.3942918104731957e-05,0.0,0.0,0.0,True,0.00219513738366838,1.394617700115103e-05,0.0,0.0,0.0,0.004723449312910237,0.0,0.0,0.0,0.0047153932441611835,0.0,0.0,0.0,
moment3,0,600000,0.002,177,1.0,development,128,k4_full,20000,0,0.006235098846502693,0.0037980544700636607,7.596564107732634e-06,0.009052337554304806,8.336735277663602e-06,7.401711699309685e-07,7.588202664246008e-06,8.361443494179713e-09,9.71260572590227,20000.0,True,0.0025654912015495683,0.0,0.0,0.0,0.0,True,0.00010527642871703808,7.590550173714564e-06,0.0,0.0,0.0,True,0.00010519938022891309,7.579409640448262e-06,0.0,0.0,0.0,True,0.00010556410377659896,7.5935607819569824e-06,0.0,0.0,0.0,0.006267332380572428,0.0,0.0,0.0,0.0062689066230122124,0.0,0.0,0.0,
moment5,0,600000,0.002,177,1.0,development,128,k4_full,20000,0,0.7499971533802832,0.0014084227684976864,8.043844962024245e-08,0.00042090697063768944,1.9526613629569702e-07,1.1482768667545458e-07,8.043741025523002e-08,1.0393656553486502e-12,1.7886740168154518,20000.0,True,7.591173226312986e-06,0.0,0.0,0.0,0.0,True,4.986075226365603e-07,8.02830493354098e-08,0.0,0.0,0.0,True,4.984176067665467e-07,8.028356556284291e-08,0.0,0.0,0.0,True,4.980550243107152e-07,8.028460172232827e-08,0.0,0.0,0.0,7.544573045893872e-07,0.0,0.0,0.0,7.546616366056368e-07,0.0,0.0,0.0,
moment9,0,600000,0.002,177,1.0,development,128,k4_full,20000,0,0.7500008899734405,0.0014050010000809894,-3.320560849004536e-08,0.0002261640234516069,7.307690177981404e-08,1.062825102698594e-07,-3.320592295488752e-08,3.144644951466955e-13,1.789525123477843,20000.0,True,7.2175182273879285e-06,0.0,0.0,0.0,0.0,True,5.607294656008116e-08,-3.322938639202851e-08,0.0,0.0,0.0,True,5.607304673762005e-08,-3.322946247085521e-08,0.0,0.0,0.0,True,5.604724179518823e-08,-3.322914666578941e-08,0.0,0.0,0.0,6.216907736661879e-07,0.0,0.0,0.0,6.216883502181297e-07,0.0,0.0,0.0,
mixed_sine,0,600000,0.002,177,0.8100925873009825,development,128,k4_full,20000,0,0.31960546696985404,0.002806257923741402,3.4467608094848354e-05,0.23091962495258417,5.0620613104181797e-05,1.6153005009333442e-05,3.446247899270066e-05,5.1228119738474485e-09,3.3974368281550813,20000.0,True,0.0003513694627654566,0.0,0.0,0.0,0.0,True,0.006333780025813982,3.2805891794287236e-05,0.0,0.0,0.0,True,0.0063337324568122615,3.2805680111825996e-05,0.0,0.0,0.0,True,0.00633223573255882,3.280885088585388e-05,0.0,0.0,0.0,0.011608122698598088,0.0,0.0,0.0,0.011608550600145161,0.0,0.0,0.0,
localized_sine,0,600000,0.002,177,0.4822374526221915,development,128,k4_full,20000,0,0.19060431942507958,0.003310364761361395,2.9198730622698735e-05,0.15180849951574674,4.771176063867972e-05,1.8513030015980987e-05,2.9183947377347332e-05,1.470837676599274e-08,6.686024449440033,20000.0,True,0.002944295061516945,0.0,0.0,0.0,0.0,True,0.0037162633979912,2.8168458107437603e-05,0.0,0.0,0.0,True,0.003742463453405161,2.814332529928621e-05,0.0,0.0,0.0,True,0.0037114152322776763,2.8173780434544114e-05,0.0,0.0,0.0,0.014926731959243612,0.0,0.0,0.0,0.014932862718536886,0.0,0.0,0.0,
chirp,0,600000,0.002,177,0.7001068817853702,development,128,k4_full,20000,0,0.7146352558191863,0.0022316630829317405,5.831301623158666e-05,0.4269051254545826,7.062146241778633e-05,1.2308446186199678e-05,5.8296249910620815e-05,1.676632096885074e-08,5.097576801546831,20000.0,True,0.0013705954922134547,0.0,0.0,0.0,0.0,True,0.022863319861331874,5.323869019709423e-05,0.0,0.0,0.0,True,0.022887169777513316,5.314262554322674e-05,0.0,0.0,0.0,True,0.022877795268518117,5.314581456111334e-05,0.0,0.0,0.0,0.02792962492295713,0.0,0.0,0.0,0.02793762516881288,0.0,0.0,0.0,
moment4,0,600000,0.002,177,1.0,development,128,k4_full,20000,0,0.749982992921696,0.0014160884736202904,4.695687209443164e-07,0.002988045595733518,8.970906467643868e-07,4.2752192582007046e-07,4.695138867678869e-07,5.483417624652695e-11,1.7923427912023495,20000.0,True,1.9453524457777423e-05,0.0,0.0,0.0,0.0,True,3.5932529612756896e-05,4.6300076581550323e-07,0.0,0.0,0.0,True,3.593212576946311e-05,4.6300442120352195e-07,0.0,0.0,0.0,True,3.592444807807223e-05,4.6305827258716075e-07,0.0,0.0,0.0,3.260055378139067e-05,0.0,0.0,0.0,3.2608550941350426e-05,0.0,0.0,0.0,
blend_m010,0,600000,0.002,177,1.0,development,128,k4_full,20000,0,0.749582903271959,0.0015181007106029201,6.087783238787642e-06,0.01979804235982397,8.826217863860978e-06,2.7384346250733353e-06,6.086844339858e-06,9.388989295741099e-10,1.8003027788603616,20000.0,True,0.0003157196892610122,0.0,0.0,0.0,0.0,True,0.0005761118604048367,5.977808935334701e-06,0.0,0.0,0.0,True,0.0005761061591353025,5.977840354795789e-06,0.0,0.0,0.0,True,0.0005759677622161522,5.978748679824909e-06,0.0,0.0,0.0,0.0005570773395002976,0.0,0.0,0.0,0.0005572037482946626,0.0,0.0,0.0,
blend_p001,0,600000,0.002,177,1.0,development,128,k4_full,20000,0,0.7500129205508614,0.001399274825810944,-2.0771944730135052e-07,0.0008637395993769826,2.431158650759062e-07,4.508353123772567e-07,-2.0772508588689814e-07,5.638584131580821e-12,1.7915278639260286,20000.0,True,1.7136054909713915e-05,0.0,0.0,0.0,0.0,True,1.1127096483802007e-06,-2.0805760008792853e-07,0.0,0.0,0.0,True,1.1130630558410227e-06,-2.0805880316540703e-07,0.0,0.0,0.0,True,1.111467924442737e-06,-2.0805314826298967e-07,0.0,0.0,0.0,1.450425319518959e-06,0.0,0.0,0.0,1.4519730260528763e-06,0.0,0.0,0.0,
blend_p010,0,600000,0.002,177,1.0,development,128,k4_full,20000,0,0.7500436168094757,0.0013764144739985347,6.647827251137849e-08,0.006920287453439964,2.850900357441563e-06,2.784422084930184e-06,6.657389265567693e-08,-9.562014397273749e-11,1.8248609148203743,20000.0,True,4.032005375453974e-05,0.0,0.0,0.0,0.0,True,8.186160622513004e-05,3.353776932099551e-08,0.0,0.0,0.0,True,8.186338078262918e-05,3.352793932069676e-08,0.0,0.0,0.0,True,8.187857122601536e-05,3.344419980788488e-08,0.0,0.0,0.0,8.102616689492298e-05,0.0,0.0,0.0,8.101062612091717e-05,0.0,0.0,0.0,
blend_p030,0,600000,0.002,177,1.0,development,128,k4_full,20000,0,0.6893654950805139,0.0022041551641592055,2.1667151031559906e-05,0.05917378551046064,2.698121310870779e-05,5.3140620771478835e-06,2.1647056099005346e-05,2.0086166007028992e-08,3.467259141730133,20000.0,True,0.001084992914394706,0.0,0.0,0.0,0.0,True,0.007760720424061442,2.0544623463417234e-05,0.0,0.0,0.0,True,0.007763622967577795,2.0521988275793933e-05,0.0,0.0,0.0,True,0.007761531020438849,2.054703949348113e-05,0.0,0.0,0.0,0.00347899031697466,0.0,0.0,0.0,0.003464765807472963,0.0,0.0,0.0,
exp_right,22,600000,0.002,177,2.6119867843594364,development,128,k4_full,20000,0,0.00014511613652487602,0.0016861210513385968,8.806439625495066e-07,0.0051020727887293735,1.415751348916926e-06,5.351073863674197e-07,8.806572623188911e-07,-1.3299767748127948e-11,3.2496387820103805,20000.0,True,0.00019631853652291162,0.0,0.0,0.0,0.0,True,3.877622431620342e-05,8.746488088583077e-07,0.0,0.0,0.0,True,3.8814122963646885e-05,8.746392227517356e-07,0.0,0.0,0.0,True,3.889733337690679e-05,8.745970709231629e-07,0.0,0.0,0.0,4.6729267518074885e-05,0.0,0.0,0.0,4.6536957218724535e-05,0.0,0.0,0.0,exponential
exp_left,22,600000,0.002,177,13.649519383995864,development,128,k4_full,20000,0,0.0005673552292752246,0.0018546290419204278,-9.108701138807457e-07,0.005904302773166783,9.9351407429498e-07,1.9043841881757258e-06,-9.109369457782788e-07,6.68318941256473e-11,4.661507160687944,20000.0,True,0.0004874624749734105,0.0,0.0,0.0,0.0,True,0.0002775814387504652,-9.118488496700098e-07,0.0,0.0,0.0,True,0.00027756236322187415,-9.119199825760298e-07,0.0,0.0,0.0,True,0.000277581526909994,-9.118451887115694e-07,0.0,0.0,0.0,0.00019826029592689802,0.0,0.0,0.0,0.0001980692437585846,0.0,0.0,0.0,exponential
gauss_left,22,600000,0.002,177,0.3713011646461742,development,128,k4_full,20000,0,0.004960671608333797,0.003486179955606875,1.890274914142201e-05,0.10269486344947684,3.0913565449631e-05,1.201081630820899e-05,1.8898357216864095e-05,4.3244298096564064e-09,5.673165682746496,20000.0,True,0.003329343893628803,0.0,0.0,0.0,0.0,True,0.0016465010466491293,1.8177218886822366e-05,0.0,0.0,0.0,True,0.0016588961269517145,1.8167218562192488e-05,0.0,0.0,0.0,True,0.0016475135844613894,1.8176348392871918e-05,0.0,0.0,0.0,0.007038036975328686,0.0,0.0,0.0,0.007041616252987251,0.0,0.0,0.0,gaussian
gauss_right,22,600000,0.002,177,0.23748502306292393,development,128,k4_full,20000,0,0.03339056003564786,0.004284597746136881,3.487821529870719e-05,0.24421352042979602,4.174419132076358e-05,6.865976022056391e-06,3.486448338706287e-05,1.3726243830360051e-08,8.925280085024541,20000.0,True,0.003036501378057994,0.0,0.0,0.0,0.0,True,0.0033446591379773095,3.4044276114865694e-05,0.0,0.0,0.0,True,0.0033529016375311747,3.401525773324807e-05,0.0,0.0,0.0,True,0.003346054684305144,3.403938414329383e-05,0.0,0.0,0.0,0.010753927028052095,0.0,0.0,0.0,0.010752979783612936,0.0,0.0,0.0,gaussian
bump_left,22,600000,0.002,177,0.44348186274361356,development,128,k4_full,20000,0,0.022225912699634528,0.003192290814110431,8.090270940301846e-06,0.08218442567908912,2.6509830747398993e-05,1.8419559807097143e-05,8.090177439615817e-06,2.2952646440042516e-11,4.926938698012569,20000.0,True,0.0011002315683479329,0.0,0.0,0.0,0.0,True,0.002978209515721467,7.2811860420252575e-06,0.0,0.0,0.0,True,0.0029829765229437218,7.279685638076124e-06,0.0,0.0,0.0,True,0.002980766813782032,7.280385090455117e-06,0.0,0.0,0.0,0.0017122365467734909,0.0,0.0,0.0,0.0017135904884396913,0.0,0.0,0.0,compact_bump
bump_right,22,600000,0.002,177,0.32889495195335533,development,128,k4_full,20000,0,0.020984069896973476,0.0036212018193975994,3.0613234947030764e-06,0.032934145088266066,6.116584532850422e-06,3.055261038147346e-06,3.0596590855309052e-06,1.6644091741704123e-09,7.298395184839554,20000.0,True,0.002629619229605636,0.0,0.0,0.0,0.0,True,0.0005629874438531086,3.0203965697810487e-06,0.0,0.0,0.0,True,0.0005618140856315639,3.0171186116018e-06,0.0,0.0,0.0,True,0.0005629195212878389,3.020077544538202e-06,0.0,0.0,0.0,0.002085753229717451,0.0,0.0,0.0,0.0020842122818361215,0.0,0.0,0.0,compact_bump
step_left,22,600000,0.002,177,0.9128852702404965,development,128,k4_full,20000,0,0.0010554209602270507,0.0021562843391643555,1.778729076028355e-06,0.03752039294517504,4.616187794976759e-06,2.837458718948404e-06,1.7792262975513497e-06,-4.972215248516611e-10,2.21071606726497,20000.0,True,0.0005138952159576471,0.0,0.0,0.0,0.0,True,0.0002714063784775339,1.7187726515807103e-06,0.0,0.0,0.0,True,0.0002715252554008101,1.7187258636108866e-06,0.0,0.0,0.0,True,0.0002728697972801054,1.7179927157027263e-06,0.0,0.0,0.0,0.0010342074892336754,0.0,0.0,0.0,0.0010338890941649806,0.0,0.0,0.0,tanh_step
step_right,22,600000,0.002,177,0.9636241118102141,development,128,k4_full,20000,0,0.006905216591407938,0.00230117570644272,9.463015666453993e-06,0.07331490276129958,1.4169875971889378e-05,4.706860305435385e-06,9.462799598826662e-06,2.1606762795800066e-10,2.492679283484156,20000.0,True,0.001343339780468989,0.0,0.0,0.0,0.0,True,0.0012782520354461908,9.27653523960718e-06,0.0,0.0,0.0,True,0.0012784583612918702,9.275972445345728e-06,0.0,0.0,0.0,True,0.0012778641234831953,9.27640102616303e-06,0.0,0.0,0.0,0.002000800078193991,0.0,0.0,0.0,0.0020010935172231326,0.0,0.0,0.0,tanh_step
kink_abs,22,600000,0.002,177,0.6214766720163144,development,128,k4_full,20000,0,0.0037491803636962406,0.0021335902106627814,-4.33880312782615e-08,0.021106805567071313,4.629343464626837e-06,4.6727314959051e-06,-4.534696465611474e-08,1.9588587207516798e-09,3.960294879817851,20000.0,True,0.0005704686069463712,0.0,0.0,0.0,0.0,True,0.000791452098593236,-2.1631864969278027e-07,0.0,0.0,0.0,True,0.0007918721373989214,-2.1902213737847847e-07,0.0,0.0,0.0,True,0.0007915212841337806,-2.165434400499493e-07,0.0,0.0,0.0,0.00047377998866310805,0.0,0.0,0.0,0.00047232931973927505,0.0,0.0,0.0,kink
kink_relu,22,600000,0.002,177,0.2041432706959443,development,128,k4_full,20000,0,0.0035052077508535683,0.00181576726324579,1.6409072876923794e-06,0.0168715780957501,4.292518851273886e-06,2.6516115635815066e-06,1.640987737846438e-06,-8.045015444505114e-11,2.883882781899815,20000.0,True,0.0008782204697753285,0.0,0.0,0.0,0.0,True,0.00013685952072565818,1.602343559739901e-06,0.0,0.0,0.0,True,0.0001367806792278156,1.6023571771519216e-06,0.0,0.0,0.0,True,0.00013802332086708033,1.602169466723547e-06,0.0,0.0,0.0,0.0005004455291237161,0.0,0.0,0.0,0.0004998308281995342,0.0,0.0,0.0,kink
