source,index,state_sha256,target,seed,start,multiplier,radius,flow,ordinary_gd_bound,fp64_certificate,initial_radius,initial_time,initial_moment_exponent,initial_support_initial_slack,initial_M_star,initial_Es_star,initial_gap,initial_valid,initial_reason,initial_support_slack,status,limiting_condition,max_time_lower,max_time_upper,effective_flow_integer_updates,initial_kappa,initial_B,initial_L,initial_force_bound,initial_parameter_travel_bound,initial_normalized_support_bound,at_integer_radius,at_integer_time,at_integer_moment_exponent,at_integer_support_initial_slack,at_integer_M_star,at_integer_Es_star,at_integer_gap,at_integer_kappa,at_integer_B,at_integer_L,at_integer_support_slack,at_integer_force_bound,at_integer_parameter_travel_bound,at_integer_normalized_support_bound,at_integer_valid,at_integer_reason
/workspace/junmiaoh/experiments/precision-mlps/mechanism-0365cd3-20260923/evidence/inputs/development.npz,0,8dd95bae09d7aa511550163844a92d2a8b44b98f04aaea5259e08d90c0552c9c,sine,0,600000,1.01,21.571219915395908,pure_effective_gradient_flow,False,False,21.571219915395908,0.0,0.0,0.21357643480590127,10.015810107754572,7.963416250138967,-169.77128973140395,False,conditioning,,no_initial_region,conditioning,0.0,0.0,0,,,,,,,,,,,,,,,,,,,,,,
/workspace/junmiaoh/experiments/precision-mlps/mechanism-0365cd3-20260923/evidence/inputs/development.npz,0,8dd95bae09d7aa511550163844a92d2a8b44b98f04aaea5259e08d90c0552c9c,sine,0,600000,1.025,21.891584567604756,pure_effective_gradient_flow,False,False,21.891584567604756,0.0,0.0,0.5339410870147496,10.015810107754572,7.963416250138967,-177.4643157467464,False,conditioning,,no_initial_region,conditioning,0.0,0.0,0,,,,,,,,,,,,,,,,,,,,,,
/workspace/junmiaoh/experiments/precision-mlps/mechanism-0365cd3-20260923/evidence/inputs/development.npz,0,8dd95bae09d7aa511550163844a92d2a8b44b98f04aaea5259e08d90c0552c9c,sine,0,600000,1.05,22.42552565461951,pure_effective_gradient_flow,False,False,22.42552565461951,0.0,0.0,1.0678821740295028,10.015810107754572,7.963416250138967,-190.79543071509866,False,conditioning,,no_initial_region,conditioning,0.0,0.0,0,,,,,,,,,,,,,,,,,,,,,,
/workspace/junmiaoh/experiments/precision-mlps/mechanism-0365cd3-20260923/evidence/inputs/development.npz,0,8dd95bae09d7aa511550163844a92d2a8b44b98f04aaea5259e08d90c0552c9c,sine,0,600000,1.1,23.49340782864901,pure_effective_gradient_flow,False,False,23.49340782864901,0.0,0.0,2.135764348059002,10.015810107754572,7.963416250138967,-219.42365825309668,False,conditioning,,no_initial_region,conditioning,0.0,0.0,0,,,,,,,,,,,,,,,,,,,,,,
/workspace/junmiaoh/experiments/precision-mlps/mechanism-0365cd3-20260923/evidence/inputs/development.npz,0,8dd95bae09d7aa511550163844a92d2a8b44b98f04aaea5259e08d90c0552c9c,sine,0,600000,1.25,26.69705435073751,pure_effective_gradient_flow,False,False,26.69705435073751,0.0,0.0,5.339410870147503,10.015810107754572,7.963416250138967,-322.15090299470916,False,conditioning,,no_initial_region,conditioning,0.0,0.0,0,,,,,,,,,,,,,,,,,,,,,,
/workspace/junmiaoh/experiments/precision-mlps/mechanism-0365cd3-20260923/evidence/inputs/development.npz,0,8dd95bae09d7aa511550163844a92d2a8b44b98f04aaea5259e08d90c0552c9c,sine,0,600000,1.5,32.036465220885006,pure_effective_gradient_flow,False,False,32.036465220885006,0.0,0.0,10.678821740295,10.015810107754572,7.963416250138967,-556.9353934379158,False,conditioning,,no_initial_region,conditioning,0.0,0.0,0,,,,,,,,,,,,,,,,,,,,,,
/workspace/junmiaoh/experiments/precision-mlps/mechanism-0365cd3-20260923/evidence/inputs/development.npz,0,8dd95bae09d7aa511550163844a92d2a8b44b98f04aaea5259e08d90c0552c9c,sine,0,600000,2.0,42.71528696118001,pure_effective_gradient_flow,False,False,42.71528696118001,0.0,0.0,21.357643480590006,10.015810107754572,7.963416250138967,-1320.6299997147207,False,conditioning,,no_initial_region,conditioning,0.0,0.0,0,,,,,,,,,,,,,,,,,,,,,,
/workspace/junmiaoh/experiments/precision-mlps/mechanism-0365cd3-20260923/evidence/inputs/development.npz,1,bdc62f04ceb4da28b933e90ead9b35c4b7afd23f9b5221b7679a35ed4eb6ffdd,runge,0,600000,1.01,50.63162831211503,pure_effective_gradient_flow,False,False,50.63162831211503,0.0,0.0,0.5013032506150026,26.525845930869316,23.17505258248422,-2199.5763177338868,False,conditioning,,no_initial_region,conditioning,0.0,0.0,0,,,,,,,,,,,,,,,,,,,,,,
/workspace/junmiaoh/experiments/precision-mlps/mechanism-0365cd3-20260923/evidence/inputs/development.npz,1,bdc62f04ceb4da28b933e90ead9b35c4b7afd23f9b5221b7679a35ed4eb6ffdd,runge,0,600000,1.025,51.38358318803753,pure_effective_gradient_flow,False,False,51.38358318803753,0.0,0.0,1.2532581265374958,26.525845930869316,23.17505258248422,-2299.057002348727,False,conditioning,,no_initial_region,conditioning,0.0,0.0,0,,,,,,,,,,,,,,,,,,,,,,
/workspace/junmiaoh/experiments/precision-mlps/mechanism-0365cd3-20260923/evidence/inputs/development.npz,1,bdc62f04ceb4da28b933e90ead9b35c4b7afd23f9b5221b7679a35ed4eb6ffdd,runge,0,600000,1.05,52.63684131457504,pure_effective_gradient_flow,False,False,52.63684131457504,0.0,0.0,2.506516253075006,26.525845930869316,23.17505258248422,-2471.4454020611383,False,conditioning,,no_initial_region,conditioning,0.0,0.0,0,,,,,,,,,,,,,,,,,,,,,,
/workspace/junmiaoh/experiments/precision-mlps/mechanism-0365cd3-20260923/evidence/inputs/development.npz,1,bdc62f04ceb4da28b933e90ead9b35c4b7afd23f9b5221b7679a35ed4eb6ffdd,runge,0,600000,1.1,55.143357567650035,pure_effective_gradient_flow,False,False,55.143357567650035,0.0,0.0,5.0130325061500045,26.525845930869316,23.17505258248422,-2841.6450698004264,False,conditioning,,no_initial_region,conditioning,0.0,0.0,0,,,,,,,,,,,,,,,,,,,,,,
/workspace/junmiaoh/experiments/precision-mlps/mechanism-0365cd3-20260923/evidence/inputs/development.npz,1,bdc62f04ceb4da28b933e90ead9b35c4b7afd23f9b5221b7679a35ed4eb6ffdd,runge,0,600000,1.25,62.66290632687504,pure_effective_gradient_flow,False,False,62.66290632687504,0.0,0.0,12.532581265375008,26.525845930869316,23.17505258248422,-4170.03998424775,False,conditioning,,no_initial_region,conditioning,0.0,0.0,0,,,,,,,,,,,,,,,,,,,,,,
/workspace/junmiaoh/experiments/precision-mlps/mechanism-0365cd3-20260923/evidence/inputs/development.npz,1,bdc62f04ceb4da28b933e90ead9b35c4b7afd23f9b5221b7679a35ed4eb6ffdd,runge,0,600000,1.5,75.19548759225005,pure_effective_gradient_flow,False,False,75.19548759225005,0.0,0.0,25.065162530750015,26.525845930869316,23.17505258248422,-7206.104310516249,False,conditioning,,no_initial_region,conditioning,0.0,0.0,0,,,,,,,,,,,,,,,,,,,,,,
/workspace/junmiaoh/experiments/precision-mlps/mechanism-0365cd3-20260923/evidence/inputs/development.npz,1,bdc62f04ceb4da28b933e90ead9b35c4b7afd23f9b5221b7679a35ed4eb6ffdd,runge,0,600000,2.0,100.26065012300006,pure_effective_gradient_flow,False,False,100.26065012300006,0.0,0.0,50.13032506150003,26.525845930869316,23.17505258248422,-17081.654206950047,False,conditioning,,no_initial_region,conditioning,0.0,0.0,0,,,,,,,,,,,,,,,,,,,,,,
/workspace/junmiaoh/experiments/precision-mlps/mechanism-0365cd3-20260923/evidence/inputs/development.npz,2,afc6d6febf0e1b410be5cbff6e86bdc394b91144d2696e55013fa553d7385711,moment3,0,600000,1.01,87.46030003216937,pure_effective_gradient_flow,False,False,87.46030003216937,0.0,0.0,0.86594356467495,90.22831156081574,86.94090524916868,-11338.760194566416,False,conditioning,,no_initial_region,conditioning,0.0,0.0,0,,,,,,,,,,,,,,,,,,,,,,
/workspace/junmiaoh/experiments/precision-mlps/mechanism-0365cd3-20260923/evidence/inputs/development.npz,2,afc6d6febf0e1b410be5cbff6e86bdc394b91144d2696e55013fa553d7385711,moment3,0,600000,1.025,88.75921537918177,pure_effective_gradient_flow,False,False,88.75921537918177,0.0,0.0,2.1648589116873467,90.22831156081574,86.94090524916868,-11851.51055037274,False,conditioning,,no_initial_region,conditioning,0.0,0.0,0,,,,,,,,,,,,,,,,,,,,,,
/workspace/junmiaoh/experiments/precision-mlps/mechanism-0365cd3-20260923/evidence/inputs/development.npz,2,afc6d6febf0e1b410be5cbff6e86bdc394b91144d2696e55013fa553d7385711,moment3,0,600000,1.05,90.92407429086914,pure_effective_gradient_flow,False,False,90.92407429086914,0.0,0.0,4.329717823374722,90.22831156081574,86.94090524916868,-12740.046989699142,False,conditioning,,no_initial_region,conditioning,0.0,0.0,0,,,,,,,,,,,,,,,,,,,,,,
/workspace/junmiaoh/experiments/precision-mlps/mechanism-0365cd3-20260923/evidence/inputs/development.npz,2,afc6d6febf0e1b410be5cbff6e86bdc394b91144d2696e55013fa553d7385711,moment3,0,600000,1.1,95.25379211424386,pure_effective_gradient_flow,False,False,95.25379211424386,0.0,0.0,8.659435646749444,90.22831156081574,86.94090524916868,-14648.156207962289,False,conditioning,,no_initial_region,conditioning,0.0,0.0,0,,,,,,,,,,,,,,,,,,,,,,
/workspace/junmiaoh/experiments/precision-mlps/mechanism-0365cd3-20260923/evidence/inputs/development.npz,2,afc6d6febf0e1b410be5cbff6e86bdc394b91144d2696e55013fa553d7385711,moment3,0,600000,1.25,108.24294558436803,pure_effective_gradient_flow,False,False,108.24294558436803,0.0,0.0,21.64858911687361,90.22831156081574,86.94090524916868,-21495.062898153836,False,conditioning,,no_initial_region,conditioning,0.0,0.0,0,,,,,,,,,,,,,,,,,,,,,,
/workspace/junmiaoh/experiments/precision-mlps/mechanism-0365cd3-20260923/evidence/inputs/development.npz,2,afc6d6febf0e1b410be5cbff6e86bdc394b91144d2696e55013fa553d7385711,moment3,0,600000,1.5,129.89153470124162,pure_effective_gradient_flow,False,False,129.89153470124162,0.0,0.0,43.2971782337472,90.22831156081574,86.94090524916868,-37143.75962327517,False,conditioning,,no_initial_region,conditioning,0.0,0.0,0,,,,,,,,,,,,,,,,,,,,,,
/workspace/junmiaoh/experiments/precision-mlps/mechanism-0365cd3-20260923/evidence/inputs/development.npz,2,afc6d6febf0e1b410be5cbff6e86bdc394b91144d2696e55013fa553d7385711,moment3,0,600000,2.0,173.18871293498884,pure_effective_gradient_flow,False,False,173.18871293498884,0.0,0.0,86.59435646749442,90.22831156081574,86.94090524916868,-88045.0149049885,False,conditioning,,no_initial_region,conditioning,0.0,0.0,0,,,,,,,,,,,,,,,,,,,,,,
/workspace/junmiaoh/experiments/precision-mlps/mechanism-0365cd3-20260923/evidence/inputs/development.npz,3,ba1b500d29e509899f3926d6f5959405f2c0b4c6faff7dba88a60a1bbad584ea,moment5,0,600000,1.01,4.114606850703032,pure_effective_gradient_flow,False,False,4.114606850703032,0.0,0.0,0.0407386816901294,6.206490640864782,4.1407934089008105,-0.8598939757745758,False,conditioning,,no_initial_region,conditioning,0.0,0.0,0,,,,,,,,,,,,,,,,,,,,,,
/workspace/junmiaoh/experiments/precision-mlps/mechanism-0365cd3-20260923/evidence/inputs/development.npz,3,ba1b500d29e509899f3926d6f5959405f2c0b4c6faff7dba88a60a1bbad584ea,moment5,0,600000,1.025,4.175714873238225,pure_effective_gradient_flow,False,False,4.175714873238225,0.0,0.0,0.1018467042253226,6.206490640864782,4.1407934089008105,-0.913283753938199,False,conditioning,,no_initial_region,conditioning,0.0,0.0,0,,,,,,,,,,,,,,,,,,,,,,
/workspace/junmiaoh/experiments/precision-mlps/mechanism-0365cd3-20260923/evidence/inputs/development.npz,3,ba1b500d29e509899f3926d6f5959405f2c0b4c6faff7dba88a60a1bbad584ea,moment5,0,600000,1.05,4.277561577463548,pure_effective_gradient_flow,False,False,4.277561577463548,0.0,0.0,0.2036934084506452,6.206490640864782,4.1407934089008105,-1.0058019996083194,False,conditioning,,no_initial_region,conditioning,0.0,0.0,0,,,,,,,,,,,,,,,,,,,,,,
/workspace/junmiaoh/experiments/precision-mlps/mechanism-0365cd3-20260923/evidence/inputs/development.npz,3,ba1b500d29e509899f3926d6f5959405f2c0b4c6faff7dba88a60a1bbad584ea,moment5,0,600000,1.1,4.481254985914193,pure_effective_gradient_flow,False,False,4.481254985914193,0.0,0.0,0.4073868169012904,6.206490640864782,4.1407934089008105,-1.2044825596926345,False,conditioning,,no_initial_region,conditioning,0.0,0.0,0,,,,,,,,,,,,,,,,,,,,,,
/workspace/junmiaoh/experiments/precision-mlps/mechanism-0365cd3-20260923/evidence/inputs/development.npz,3,ba1b500d29e509899f3926d6f5959405f2c0b4c6faff7dba88a60a1bbad584ea,moment5,0,600000,1.25,5.092335211266128,pure_effective_gradient_flow,False,False,5.092335211266128,0.0,0.0,1.018467042253226,6.206490640864782,4.1407934089008105,-1.9174120099735548,False,conditioning,,no_initial_region,conditioning,0.0,0.0,0,,,,,,,,,,,,,,,,,,,,,,
/workspace/junmiaoh/experiments/precision-mlps/mechanism-0365cd3-20260923/evidence/inputs/development.npz,3,ba1b500d29e509899f3926d6f5959405f2c0b4c6faff7dba88a60a1bbad584ea,moment5,0,600000,1.5,6.110802253519354,pure_effective_gradient_flow,False,False,6.110802253519354,0.0,0.0,2.036934084506451,6.206490640864782,4.1407934089008105,-3.546821794370875,False,conditioning,,no_initial_region,conditioning,0.0,0.0,0,,,,,,,,,,,,,,,,,,,,,,
/workspace/junmiaoh/experiments/precision-mlps/mechanism-0365cd3-20260923/evidence/inputs/development.npz,3,ba1b500d29e509899f3926d6f5959405f2c0b4c6faff7dba88a60a1bbad584ea,moment5,0,600000,2.0,8.147736338025805,pure_effective_gradient_flow,False,False,8.147736338025805,0.0,0.0,4.073868169012902,6.206490640864782,4.1407934089008105,-8.846879994168752,False,conditioning,,no_initial_region,conditioning,0.0,0.0,0,,,,,,,,,,,,,,,,,,,,,,
/workspace/junmiaoh/experiments/precision-mlps/mechanism-0365cd3-20260923/evidence/inputs/development.npz,4,a8f024e23d1ff86acdba1a6040a48f0b50f85a6b77e9faf4c906803ecff04001,moment9,0,600000,1.01,4.078480636774572,pure_effective_gradient_flow,False,False,4.078480636774572,0.0,0.0,0.040380996403708735,6.193659714296852,4.1275603581710625,-0.8292732633446388,False,conditioning,,no_initial_region,conditioning,0.0,0.0,0,,,,,,,,,,,,,,,,,,,,,,
/workspace/junmiaoh/experiments/precision-mlps/mechanism-0365cd3-20260923/evidence/inputs/development.npz,4,a8f024e23d1ff86acdba1a6040a48f0b50f85a6b77e9faf4c906803ecff04001,moment9,0,600000,1.025,4.139052131380134,pure_effective_gradient_flow,False,False,4.139052131380134,0.0,0.0,0.10095249100927095,6.193659714296852,4.1275603581710625,-0.8812690671218454,False,conditioning,,no_initial_region,conditioning,0.0,0.0,0,,,,,,,,,,,,,,,,,,,,,,
/workspace/junmiaoh/experiments/precision-mlps/mechanism-0365cd3-20260923/evidence/inputs/development.npz,4,a8f024e23d1ff86acdba1a6040a48f0b50f85a6b77e9faf4c906803ecff04001,moment9,0,600000,1.05,4.240004622389407,pure_effective_gradient_flow,False,False,4.240004622389407,0.0,0.0,0.20190498201854368,6.193659714296852,4.1275603581710625,-0.9713717180999445,False,conditioning,,no_initial_region,conditioning,0.0,0.0,0,,,,,,,,,,,,,,,,,,,,,,
/workspace/junmiaoh/experiments/precision-mlps/mechanism-0365cd3-20260923/evidence/inputs/development.npz,4,a8f024e23d1ff86acdba1a6040a48f0b50f85a6b77e9faf4c906803ecff04001,moment9,0,600000,1.1,4.441909604407949,pure_effective_gradient_flow,False,False,4.441909604407949,0.0,0.0,0.40380996403708647,6.193659714296852,4.1275603581710625,-1.1648648505274606,False,conditioning,,no_initial_region,conditioning,0.0,0.0,0,,,,,,,,,,,,,,,,,,,,,,
/workspace/junmiaoh/experiments/precision-mlps/mechanism-0365cd3-20260923/evidence/inputs/development.npz,4,a8f024e23d1ff86acdba1a6040a48f0b50f85a6b77e9faf4c906803ecff04001,moment9,0,600000,1.25,5.047624550463579,pure_effective_gradient_flow,False,False,5.047624550463579,0.0,0.0,1.0095249100927157,6.193659714296852,4.1275603581710625,-1.8591801498005305,False,conditioning,,no_initial_region,conditioning,0.0,0.0,0,,,,,,,,,,,,,,,,,,,,,,
/workspace/junmiaoh/experiments/precision-mlps/mechanism-0365cd3-20260923/evidence/inputs/development.npz,4,a8f024e23d1ff86acdba1a6040a48f0b50f85a6b77e9faf4c906803ecff04001,moment9,0,600000,1.5,6.057149460556294,pure_effective_gradient_flow,False,False,6.057149460556294,0.0,0.0,2.0190498201854314,6.193659714296852,4.1275603581710625,-3.446047043357125,False,conditioning,,no_initial_region,conditioning,0.0,0.0,0,,,,,,,,,,,,,,,,,,,,,,
/workspace/junmiaoh/experiments/precision-mlps/mechanism-0365cd3-20260923/evidence/inputs/development.npz,4,a8f024e23d1ff86acdba1a6040a48f0b50f85a6b77e9faf4c906803ecff04001,moment9,0,600000,2.0,8.076199280741726,pure_effective_gradient_flow,False,False,8.076199280741726,0.0,0.0,4.038099640370863,6.193659714296852,4.1275603581710625,-8.607723971848907,False,conditioning,,no_initial_region,conditioning,0.0,0.0,0,,,,,,,,,,,,,,,,,,,,,,
/workspace/junmiaoh/experiments/precision-mlps/mechanism-0365cd3-20260923/evidence/inputs/development.npz,5,566ef6b826be60c0d32e691ffa30b7bda79a2ab0170a02bb7415b33dbd9a464e,mixed_sine,0,600000,1.01,92.13654127761043,pure_effective_gradient_flow,False,False,92.13654127761043,0.0,0.0,0.912242982946637,57.87676245657462,55.8980946371941,-13256.553127729652,False,conditioning,,no_initial_region,conditioning,0.0,0.0,0,,,,,,,,,,,,,,,,,,,,,,
/workspace/junmiaoh/experiments/precision-mlps/mechanism-0365cd3-20260923/evidence/inputs/development.npz,5,566ef6b826be60c0d32e691ffa30b7bda79a2ab0170a02bb7415b33dbd9a464e,mixed_sine,0,600000,1.025,93.50490575203038,pure_effective_gradient_flow,False,False,93.50490575203038,0.0,0.0,2.2806074573665853,57.87676245657462,55.8980946371941,-13856.024982042481,False,conditioning,,no_initial_region,conditioning,0.0,0.0,0,,,,,,,,,,,,,,,,,,,,,,
/workspace/junmiaoh/experiments/precision-mlps/mechanism-0365cd3-20260923/evidence/inputs/development.npz,5,566ef6b826be60c0d32e691ffa30b7bda79a2ab0170a02bb7415b33dbd9a464e,mixed_sine,0,600000,1.05,95.785513209397,pure_effective_gradient_flow,False,False,95.785513209397,0.0,0.0,4.561214914733199,57.87676245657462,55.8980946371941,-14894.839642775174,False,conditioning,,no_initial_region,conditioning,0.0,0.0,0,,,,,,,,,,,,,,,,,,,,,,
/workspace/junmiaoh/experiments/precision-mlps/mechanism-0365cd3-20260923/evidence/inputs/development.npz,5,566ef6b826be60c0d32e691ffa30b7bda79a2ab0170a02bb7415b33dbd9a464e,mixed_sine,0,600000,1.1,100.34672812413018,pure_effective_gradient_flow,False,False,100.34672812413018,0.0,0.0,9.122429829466384,57.87676245657462,55.8980946371941,-17125.66748784771,False,conditioning,,no_initial_region,conditioning,0.0,0.0,0,,,,,,,,,,,,,,,,,,,,,,
/workspace/junmiaoh/experiments/precision-mlps/mechanism-0365cd3-20260923/evidence/inputs/development.npz,5,566ef6b826be60c0d32e691ffa30b7bda79a2ab0170a02bb7415b33dbd9a464e,mixed_sine,0,600000,1.25,114.03037286832975,pure_effective_gradient_flow,False,False,114.03037286832975,0.0,0.0,22.806074573665953,57.87676245657462,55.8980946371941,-25130.59191821976,False,conditioning,,no_initial_region,conditioning,0.0,0.0,0,,,,,,,,,,,,,,,,,,,,,,
/workspace/junmiaoh/experiments/precision-mlps/mechanism-0365cd3-20260923/evidence/inputs/development.npz,5,566ef6b826be60c0d32e691ffa30b7bda79a2ab0170a02bb7415b33dbd9a464e,mixed_sine,0,600000,1.5,136.8364474419957,pure_effective_gradient_flow,False,False,136.8364474419957,0.0,0.0,45.61214914733189,57.87676245657462,55.8980946371941,-43425.95366133449,False,conditioning,,no_initial_region,conditioning,0.0,0.0,0,,,,,,,,,,,,,,,,,,,,,,
/workspace/junmiaoh/experiments/precision-mlps/mechanism-0365cd3-20260923/evidence/inputs/development.npz,5,566ef6b826be60c0d32e691ffa30b7bda79a2ab0170a02bb7415b33dbd9a464e,mixed_sine,0,600000,2.0,182.4485965893276,pure_effective_gradient_flow,False,False,182.4485965893276,0.0,0.0,91.2242982946638,57.87676245657462,55.8980946371941,-102936.14130926818,False,conditioning,,no_initial_region,conditioning,0.0,0.0,0,,,,,,,,,,,,,,,,,,,,,,
/workspace/junmiaoh/experiments/precision-mlps/mechanism-0365cd3-20260923/evidence/inputs/development.npz,6,7325318cc0b1811407dd18d63441477ebbaf58c8e8c05024b875ad468d3fe386,localized_sine,0,600000,1.01,148.25973741104133,pure_effective_gradient_flow,False,False,148.25973741104133,0.0,0.0,1.4679181921885345,153.26965101028847,151.3164531606582,-55235.01597191949,False,conditioning,,no_initial_region,conditioning,0.0,0.0,0,,,,,,,,,,,,,,,,,,,,,,
/workspace/junmiaoh/experiments/precision-mlps/mechanism-0365cd3-20260923/evidence/inputs/development.npz,6,7325318cc0b1811407dd18d63441477ebbaf58c8e8c05024b875ad468d3fe386,localized_sine,0,600000,1.025,150.4616146993241,pure_effective_gradient_flow,False,False,150.4616146993241,0.0,0.0,3.6697954804712936,153.26965101028847,151.3164531606582,-57732.73027948812,False,conditioning,,no_initial_region,conditioning,0.0,0.0,0,,,,,,,,,,,,,,,,,,,,,,
/workspace/junmiaoh/experiments/precision-mlps/mechanism-0365cd3-20260923/evidence/inputs/development.npz,6,7325318cc0b1811407dd18d63441477ebbaf58c8e8c05024b875ad468d3fe386,localized_sine,0,600000,1.05,154.13141017979544,pure_effective_gradient_flow,False,False,154.13141017979544,0.0,0.0,7.339590960942644,153.26965101028847,151.3164531606582,-62060.97725615117,False,conditioning,,no_initial_region,conditioning,0.0,0.0,0,,,,,,,,,,,,,,,,,,,,,,
/workspace/junmiaoh/experiments/precision-mlps/mechanism-0365cd3-20260923/evidence/inputs/development.npz,6,7325318cc0b1811407dd18d63441477ebbaf58c8e8c05024b875ad468d3fe386,localized_sine,0,600000,1.1,161.47100114073808,pure_effective_gradient_flow,False,False,161.47100114073808,0.0,0.0,14.679181921885288,153.26965101028847,151.3164531606582,-71355.7766471039,False,conditioning,,no_initial_region,conditioning,0.0,0.0,0,,,,,,,,,,,,,,,,,,,,,,
/workspace/junmiaoh/experiments/precision-mlps/mechanism-0365cd3-20260923/evidence/inputs/development.npz,6,7325318cc0b1811407dd18d63441477ebbaf58c8e8c05024b875ad468d3fe386,localized_sine,0,600000,1.25,183.48977402356599,pure_effective_gradient_flow,False,False,183.48977402356599,0.0,0.0,36.69795480471319,153.26965101028847,151.3164531606582,-104708.49226986656,False,conditioning,,no_initial_region,conditioning,0.0,0.0,0,,,,,,,,,,,,,,,,,,,,,,
/workspace/junmiaoh/experiments/precision-mlps/mechanism-0365cd3-20260923/evidence/inputs/development.npz,6,7325318cc0b1811407dd18d63441477ebbaf58c8e8c05024b875ad468d3fe386,localized_sine,0,600000,1.5,220.1877288282792,pure_effective_gradient_flow,False,False,220.1877288282792,0.0,0.0,73.39590960942641,153.26965101028847,151.3164531606582,-180936.56946675736,False,conditioning,,no_initial_region,conditioning,0.0,0.0,0,,,,,,,,,,,,,,,,,,,,,,
/workspace/junmiaoh/experiments/precision-mlps/mechanism-0365cd3-20260923/evidence/inputs/development.npz,6,7325318cc0b1811407dd18d63441477ebbaf58c8e8c05024b875ad468d3fe386,localized_sine,0,600000,2.0,293.5836384377056,pure_effective_gradient_flow,False,False,293.5836384377056,0.0,0.0,146.7918192188528,153.26965101028847,151.3164531606582,-428887.23815114924,False,conditioning,,no_initial_region,conditioning,0.0,0.0,0,,,,,,,,,,,,,,,,,,,,,,
/workspace/junmiaoh/experiments/precision-mlps/mechanism-0365cd3-20260923/evidence/inputs/development.npz,7,d1230e1d3a783c33b4dd2abe44df347dc5eda72a462687e6c4cb670907ea252b,chirp,0,600000,1.01,89.4739072999979,pure_effective_gradient_flow,False,False,89.4739072999979,0.0,0.0,0.8858802702970081,66.50070870440645,53.10308521702406,-12140.154018520587,False,conditioning,,no_initial_region,conditioning,0.0,0.0,0,,,,,,,,,,,,,,,,,,,,,,
/workspace/junmiaoh/experiments/precision-mlps/mechanism-0365cd3-20260923/evidence/inputs/development.npz,7,d1230e1d3a783c33b4dd2abe44df347dc5eda72a462687e6c4cb670907ea252b,chirp,0,600000,1.025,90.80272770544342,pure_effective_gradient_flow,False,False,90.80272770544342,0.0,0.0,2.2147006757425203,66.50070870440645,53.10308521702406,-12689.14131073678,False,conditioning,,no_initial_region,conditioning,0.0,0.0,0,,,,,,,,,,,,,,,,,,,,,,
/workspace/junmiaoh/experiments/precision-mlps/mechanism-0365cd3-20260923/evidence/inputs/development.npz,7,d1230e1d3a783c33b4dd2abe44df347dc5eda72a462687e6c4cb670907ea252b,chirp,0,600000,1.05,93.01742838118595,pure_effective_gradient_flow,False,False,93.01742838118595,0.0,0.0,4.429401351485055,66.50070870440645,53.10308521702406,-13640.472125698627,False,conditioning,,no_initial_region,conditioning,0.0,0.0,0,,,,,,,,,,,,,,,,,,,,,,
/workspace/junmiaoh/experiments/precision-mlps/mechanism-0365cd3-20260923/evidence/inputs/development.npz,7,d1230e1d3a783c33b4dd2abe44df347dc5eda72a462687e6c4cb670907ea252b,chirp,0,600000,1.1,97.44682973267099,pure_effective_gradient_flow,False,False,97.44682973267099,0.0,0.0,8.858802702970095,66.50070870440645,53.10308521702406,-15683.430655370896,False,conditioning,,no_initial_region,conditioning,0.0,0.0,0,,,,,,,,,,,,,,,,,,,,,,
/workspace/junmiaoh/experiments/precision-mlps/mechanism-0365cd3-20260923/evidence/inputs/development.npz,7,d1230e1d3a783c33b4dd2abe44df347dc5eda72a462687e6c4cb670907ea252b,chirp,0,600000,1.25,110.73503378712613,pure_effective_gradient_flow,False,False,110.73503378712613,0.0,0.0,22.14700675742523,66.50070870440645,53.10308521702406,-23014.21984223382,False,conditioning,,no_initial_region,conditioning,0.0,0.0,0,,,,,,,,,,,,,,,,,,,,,,
/workspace/junmiaoh/experiments/precision-mlps/mechanism-0365cd3-20260923/evidence/inputs/development.npz,7,d1230e1d3a783c33b4dd2abe44df347dc5eda72a462687e6c4cb670907ea252b,chirp,0,600000,1.5,132.88204054455133,pure_effective_gradient_flow,False,False,132.88204054455133,0.0,0.0,44.294013514850434,66.50070870440645,53.10308521702406,-39768.836478875506,False,conditioning,,no_initial_region,conditioning,0.0,0.0,0,,,,,,,,,,,,,,,,,,,,,,
/workspace/junmiaoh/experiments/precision-mlps/mechanism-0365cd3-20260923/evidence/inputs/development.npz,7,d1230e1d3a783c33b4dd2abe44df347dc5eda72a462687e6c4cb670907ea252b,chirp,0,600000,2.0,177.1760540594018,pure_effective_gradient_flow,False,False,177.1760540594018,0.0,0.0,88.5880270297009,66.50070870440645,53.10308521702406,-94267.36971454526,False,conditioning,,no_initial_region,conditioning,0.0,0.0,0,,,,,,,,,,,,,,,,,,,,,,
/workspace/junmiaoh/experiments/precision-mlps/mechanism-0365cd3-20260923/evidence/inputs/development.npz,8,e64fc7ea628cb175eaf907a852f13d3aef4de56217c140407d6f6c96c082a222,moment4,0,600000,1.01,4.601868066526071,pure_effective_gradient_flow,False,False,4.601868066526071,0.0,0.0,0.04556305016362483,6.2591762309449805,4.184889598450924,-1.3305409683973055,False,conditioning,,no_initial_region,conditioning,0.0,0.0,0,,,,,,,,,,,,,,,,,,,,,,
/workspace/junmiaoh/experiments/precision-mlps/mechanism-0365cd3-20260923/evidence/inputs/development.npz,8,e64fc7ea628cb175eaf907a852f13d3aef4de56217c140407d6f6c96c082a222,moment4,0,600000,1.025,4.670212641771507,pure_effective_gradient_flow,False,False,4.670212641771507,0.0,0.0,0.11390762540906074,6.2591762309449805,4.184889598450924,-1.405233223580524,False,conditioning,,no_initial_region,conditioning,0.0,0.0,0,,,,,,,,,,,,,,,,,,,,,,
/workspace/junmiaoh/experiments/precision-mlps/mechanism-0365cd3-20260923/evidence/inputs/development.npz,8,e64fc7ea628cb175eaf907a852f13d3aef4de56217c140407d6f6c96c082a222,moment4,0,600000,1.05,4.784120267180569,pure_effective_gradient_flow,False,False,4.784120267180569,0.0,0.0,0.22781525081812237,6.2591762309449805,4.184889598450924,-1.5346661722157136,False,conditioning,,no_initial_region,conditioning,0.0,0.0,0,,,,,,,,,,,,,,,,,,,,,,
/workspace/junmiaoh/experiments/precision-mlps/mechanism-0365cd3-20260923/evidence/inputs/development.npz,8,e64fc7ea628cb175eaf907a852f13d3aef4de56217c140407d6f6c96c082a222,moment4,0,600000,1.1,5.011935517998691,pure_effective_gradient_flow,False,False,5.011935517998691,0.0,0.0,0.45563050163624474,6.2591762309449805,4.184889598450924,-1.812620110295075,False,conditioning,,no_initial_region,conditioning,0.0,0.0,0,,,,,,,,,,,,,,,,,,,,,,
/workspace/junmiaoh/experiments/precision-mlps/mechanism-0365cd3-20260923/evidence/inputs/development.npz,8,e64fc7ea628cb175eaf907a852f13d3aef4de56217c140407d6f6c96c082a222,moment4,0,600000,1.25,5.695381270453058,pure_effective_gradient_flow,False,False,5.695381270453058,0.0,0.0,1.1390762540906119,6.2591762309449805,4.184889598450924,-2.81000781744791,False,conditioning,,no_initial_region,conditioning,0.0,0.0,0,,,,,,,,,,,,,,,,,,,,,,
/workspace/junmiaoh/experiments/precision-mlps/mechanism-0365cd3-20260923/evidence/inputs/development.npz,8,e64fc7ea628cb175eaf907a852f13d3aef4de56217c140407d6f6c96c082a222,moment4,0,600000,1.5,6.834457524543669,pure_effective_gradient_flow,False,False,6.834457524543669,0.0,0.0,2.278152508181223,6.2591762309449805,4.184889598450924,-5.089550748704386,False,conditioning,,no_initial_region,conditioning,0.0,0.0,0,,,,,,,,,,,,,,,,,,,,,,
/workspace/junmiaoh/experiments/precision-mlps/mechanism-0365cd3-20260923/evidence/inputs/development.npz,8,e64fc7ea628cb175eaf907a852f13d3aef4de56217c140407d6f6c96c082a222,moment4,0,600000,2.0,9.112610032724893,pure_effective_gradient_flow,False,False,9.112610032724893,0.0,0.0,4.556305016362447,6.2591762309449805,4.184889598450924,-12.504327755868317,False,conditioning,,no_initial_region,conditioning,0.0,0.0,0,,,,,,,,,,,,,,,,,,,,,,
/workspace/junmiaoh/experiments/precision-mlps/mechanism-0365cd3-20260923/evidence/inputs/development.npz,9,4aeba4053bf971ef62ae9ad3c420ea8ea2c0b3821b23d3f8724fdcee43d301fc,blend_m010,0,600000,1.01,5.534288756950757,pure_effective_gradient_flow,False,False,5.534288756950757,0.0,0.0,0.054794938187630926,6.758615061501848,4.703744814299949,-2.5443463342309625,False,conditioning,,no_initial_region,conditioning,0.0,0.0,0,,,,,,,,,,,,,,,,,,,,,,
/workspace/junmiaoh/experiments/precision-mlps/mechanism-0365cd3-20260923/evidence/inputs/development.npz,9,4aeba4053bf971ef62ae9ad3c420ea8ea2c0b3821b23d3f8724fdcee43d301fc,blend_m010,0,600000,1.025,5.616481164232204,pure_effective_gradient_flow,False,False,5.616481164232204,0.0,0.0,0.13698734546907776,6.758615061501848,4.703744814299949,-2.67426110377058,False,conditioning,,no_initial_region,conditioning,0.0,0.0,0,,,,,,,,,,,,,,,,,,,,,,
/workspace/junmiaoh/experiments/precision-mlps/mechanism-0365cd3-20260923/evidence/inputs/development.npz,9,4aeba4053bf971ef62ae9ad3c420ea8ea2c0b3821b23d3f8724fdcee43d301fc,blend_m010,0,600000,1.05,5.753468509701283,pure_effective_gradient_flow,False,False,5.753468509701283,0.0,0.0,0.2739746909381564,6.758615061501848,4.703744814299949,-2.8993882156984,False,conditioning,,no_initial_region,conditioning,0.0,0.0,0,,,,,,,,,,,,,,,,,,,,,,
/workspace/junmiaoh/experiments/precision-mlps/mechanism-0365cd3-20260923/evidence/inputs/development.npz,9,4aeba4053bf971ef62ae9ad3c420ea8ea2c0b3821b23d3f8724fdcee43d301fc,blend_m010,0,600000,1.1,6.027443200639439,pure_effective_gradient_flow,False,False,6.027443200639439,0.0,0.0,0.5479493818763128,6.758615061501848,4.703744814299949,-3.3828429155147495,False,conditioning,,no_initial_region,conditioning,0.0,0.0,0,,,,,,,,,,,,,,,,,,,,,,
/workspace/junmiaoh/experiments/precision-mlps/mechanism-0365cd3-20260923/evidence/inputs/development.npz,9,4aeba4053bf971ef62ae9ad3c420ea8ea2c0b3821b23d3f8724fdcee43d301fc,blend_m010,0,600000,1.25,6.8493672734539075,pure_effective_gradient_flow,False,False,6.8493672734539075,0.0,0.0,1.3698734546907811,6.758615061501848,4.703744814299949,-5.117633139729579,False,conditioning,,no_initial_region,conditioning,0.0,0.0,0,,,,,,,,,,,,,,,,,,,,,,
/workspace/junmiaoh/experiments/precision-mlps/mechanism-0365cd3-20260923/evidence/inputs/development.npz,9,4aeba4053bf971ef62ae9ad3c420ea8ea2c0b3821b23d3f8724fdcee43d301fc,blend_m010,0,600000,1.5,8.21924072814469,pure_effective_gradient_flow,False,False,8.21924072814469,0.0,0.0,2.739746909381564,6.758615061501848,4.703744814299949,-9.082519376507502,False,conditioning,,no_initial_region,conditioning,0.0,0.0,0,,,,,,,,,,,,,,,,,,,,,,
/workspace/junmiaoh/experiments/precision-mlps/mechanism-0365cd3-20260923/evidence/inputs/development.npz,9,4aeba4053bf971ef62ae9ad3c420ea8ea2c0b3821b23d3f8724fdcee43d301fc,blend_m010,0,600000,2.0,10.958987637526253,pure_effective_gradient_flow,False,False,10.958987637526253,0.0,0.0,5.479493818763126,6.758615061501848,4.703744814299949,-21.979292190642266,False,conditioning,,no_initial_region,conditioning,0.0,0.0,0,,,,,,,,,,,,,,,,,,,,,,
/workspace/junmiaoh/experiments/precision-mlps/mechanism-0365cd3-20260923/evidence/inputs/development.npz,10,a3db41836cceccff9c5b593fde91d96b43ee068fe9f9224cfe39c1a2be3c030d,blend_p001,0,600000,1.01,4.02514496305156,pure_effective_gradient_flow,False,False,4.02514496305156,0.0,0.0,0.03985292042625321,6.173566307591367,4.107011122136495,-0.785067438503728,False,conditioning,,no_initial_region,conditioning,0.0,0.0,0,,,,,,,,,,,,,,,,,,,,,,
/workspace/junmiaoh/experiments/precision-mlps/mechanism-0365cd3-20260923/evidence/inputs/development.npz,10,a3db41836cceccff9c5b593fde91d96b43ee068fe9f9224cfe39c1a2be3c030d,blend_p001,0,600000,1.025,4.08492434369094,pure_effective_gradient_flow,False,False,4.08492434369094,0.0,0.0,0.09963230106563259,6.173566307591367,4.107011122136495,-0.8350499022109767,False,conditioning,,no_initial_region,conditioning,0.0,0.0,0,,,,,,,,,,,,,,,,,,,,,,
/workspace/junmiaoh/experiments/precision-mlps/mechanism-0365cd3-20260923/evidence/inputs/development.npz,10,a3db41836cceccff9c5b593fde91d96b43ee068fe9f9224cfe39c1a2be3c030d,blend_p001,0,600000,1.05,4.184556644756572,pure_effective_gradient_flow,False,False,4.184556644756572,0.0,0.0,0.19926460213126518,6.173566307591367,4.107011122136495,-0.9216636701553411,False,conditioning,,no_initial_region,conditioning,0.0,0.0,0,,,,,,,,,,,,,,,,,,,,,,
/workspace/junmiaoh/experiments/precision-mlps/mechanism-0365cd3-20260923/evidence/inputs/development.npz,10,a3db41836cceccff9c5b593fde91d96b43ee068fe9f9224cfe39c1a2be3c030d,blend_p001,0,600000,1.1,4.383821246887838,pure_effective_gradient_flow,False,False,4.383821246887838,0.0,0.0,0.39852920426253124,6.173566307591367,4.107011122136495,-1.1076645157351108,False,conditioning,,no_initial_region,conditioning,0.0,0.0,0,,,,,,,,,,,,,,,,,,,,,,
/workspace/junmiaoh/experiments/precision-mlps/mechanism-0365cd3-20260923/evidence/inputs/development.npz,10,a3db41836cceccff9c5b593fde91d96b43ee068fe9f9224cfe39c1a2be3c030d,blend_p001,0,600000,1.25,4.981615053281634,pure_effective_gradient_flow,False,False,4.981615053281634,0.0,0.0,0.9963230106563268,6.173566307591367,4.107011122136495,-1.7750950914023855,False,conditioning,,no_initial_region,conditioning,0.0,0.0,0,,,,,,,,,,,,,,,,,,,,,,
/workspace/junmiaoh/experiments/precision-mlps/mechanism-0365cd3-20260923/evidence/inputs/development.npz,10,a3db41836cceccff9c5b593fde91d96b43ee068fe9f9224cfe39c1a2be3c030d,blend_p001,0,600000,1.5,5.977938063937961,pure_effective_gradient_flow,False,False,5.977938063937961,0.0,0.0,1.9926460213126536,6.173566307591367,4.107011122136495,-3.3005165899387037,False,conditioning,,no_initial_region,conditioning,0.0,0.0,0,,,,,,,,,,,,,,,,,,,,,,
/workspace/junmiaoh/experiments/precision-mlps/mechanism-0365cd3-20260923/evidence/inputs/development.npz,10,a3db41836cceccff9c5b593fde91d96b43ee068fe9f9224cfe39c1a2be3c030d,blend_p001,0,600000,2.0,7.970584085250614,pure_effective_gradient_flow,False,False,7.970584085250614,0.0,0.0,3.985292042625307,6.173566307591367,4.107011122136495,-8.262327178584309,False,conditioning,,no_initial_region,conditioning,0.0,0.0,0,,,,,,,,,,,,,,,,,,,,,,
/workspace/junmiaoh/experiments/precision-mlps/mechanism-0365cd3-20260923/evidence/inputs/development.npz,11,b5179502d75d3ced0c311a03a3f5a0e78940f7cdf5b94186030382c39f3d4e32,blend_p010,0,600000,1.01,4.208312503702573,pure_effective_gradient_flow,False,False,4.208312503702573,0.0,0.0,0.04166646043269839,6.156039375417904,4.08910329081388,-0.9432138819964729,False,conditioning,,no_initial_region,conditioning,0.0,0.0,0,,,,,,,,,,,,,,,,,,,,,,
/workspace/junmiaoh/experiments/precision-mlps/mechanism-0365cd3-20260923/evidence/inputs/development.npz,11,b5179502d75d3ced0c311a03a3f5a0e78940f7cdf5b94186030382c39f3d4e32,blend_p010,0,600000,1.025,4.270812194351621,pure_effective_gradient_flow,False,False,4.270812194351621,0.0,0.0,0.10416615108174643,6.156039375417904,4.08910329081388,-1.00033504342694,False,conditioning,,no_initial_region,conditioning,0.0,0.0,0,,,,,,,,,,,,,,,,,,,,,,
/workspace/junmiaoh/experiments/precision-mlps/mechanism-0365cd3-20260923/evidence/inputs/development.npz,11,b5179502d75d3ced0c311a03a3f5a0e78940f7cdf5b94186030382c39f3d4e32,blend_p010,0,600000,1.05,4.374978345433369,pure_effective_gradient_flow,False,False,4.374978345433369,0.0,0.0,0.20833230216349374,6.156039375417904,4.08910329081388,-1.0993193401960784,False,conditioning,,no_initial_region,conditioning,0.0,0.0,0,,,,,,,,,,,,,,,,,,,,,,
/workspace/junmiaoh/experiments/precision-mlps/mechanism-0365cd3-20260923/evidence/inputs/development.npz,11,b5179502d75d3ced0c311a03a3f5a0e78940f7cdf5b94186030382c39f3d4e32,blend_p010,0,600000,1.1,4.583310647596862,pure_effective_gradient_flow,False,False,4.583310647596862,0.0,0.0,0.4166646043269875,6.156039375417904,4.08910329081388,-1.3118855792033082,False,conditioning,,no_initial_region,conditioning,0.0,0.0,0,,,,,,,,,,,,,,,,,,,,,,
/workspace/junmiaoh/experiments/precision-mlps/mechanism-0365cd3-20260923/evidence/inputs/development.npz,11,b5179502d75d3ced0c311a03a3f5a0e78940f7cdf5b94186030382c39f3d4e32,blend_p010,0,600000,1.25,5.208307554087344,pure_effective_gradient_flow,False,False,5.208307554087344,0.0,0.0,1.0416615108174687,6.156039375417904,4.08910329081388,-2.0746412904787106,False,conditioning,,no_initial_region,conditioning,0.0,0.0,0,,,,,,,,,,,,,,,,,,,,,,
/workspace/junmiaoh/experiments/precision-mlps/mechanism-0365cd3-20260923/evidence/inputs/development.npz,11,b5179502d75d3ced0c311a03a3f5a0e78940f7cdf5b94186030382c39f3d4e32,blend_p010,0,600000,1.5,6.249969064904812,pure_effective_gradient_flow,False,False,6.249969064904812,0.0,0.0,2.0833230216349374,6.156039375417904,4.08910329081388,-3.817929660130651,False,conditioning,,no_initial_region,conditioning,0.0,0.0,0,,,,,,,,,,,,,,,,,,,,,,
/workspace/junmiaoh/experiments/precision-mlps/mechanism-0365cd3-20260923/evidence/inputs/development.npz,11,b5179502d75d3ced0c311a03a3f5a0e78940f7cdf5b94186030382c39f3d4e32,blend_p010,0,600000,2.0,8.33329208653975,pure_effective_gradient_flow,False,False,8.33329208653975,0.0,0.0,4.166646043269875,6.156039375417904,4.08910329081388,-9.488406115262235,False,conditioning,,no_initial_region,conditioning,0.0,0.0,0,,,,,,,,,,,,,,,,,,,,,,
/workspace/junmiaoh/experiments/precision-mlps/mechanism-0365cd3-20260923/evidence/inputs/development.npz,12,28bee1137a9c80f239189e03845ddbd19ab6c5c5d972cece5ecaf70c9c1b5cb8,blend_p030,0,600000,1.01,35.33956096977707,pure_effective_gradient_flow,False,False,35.33956096977707,0.0,0.0,0.3498966432651187,17.449123556304503,15.449431828965292,-747.6726409230643,False,conditioning,,no_initial_region,conditioning,0.0,0.0,0,,,,,,,,,,,,,,,,,,,,,,
/workspace/junmiaoh/experiments/precision-mlps/mechanism-0365cd3-20260923/evidence/inputs/development.npz,12,28bee1137a9c80f239189e03845ddbd19ab6c5c5d972cece5ecaf70c9c1b5cb8,blend_p030,0,600000,1.025,35.86440593467474,pure_effective_gradient_flow,False,False,35.86440593467474,0.0,0.0,0.8747416081627932,17.449123556304503,15.449431828965292,-781.4990994438126,False,conditioning,,no_initial_region,conditioning,0.0,0.0,0,,,,,,,,,,,,,,,,,,,,,,
/workspace/junmiaoh/experiments/precision-mlps/mechanism-0365cd3-20260923/evidence/inputs/development.npz,12,28bee1137a9c80f239189e03845ddbd19ab6c5c5d972cece5ecaf70c9c1b5cb8,blend_p030,0,600000,1.05,36.73914754283755,pure_effective_gradient_flow,False,False,36.73914754283755,0.0,0.0,1.7494832163256007,17.449123556304503,15.449431828965292,-840.1163986201014,False,conditioning,,no_initial_region,conditioning,0.0,0.0,0,,,,,,,,,,,,,,,,,,,,,,
/workspace/junmiaoh/experiments/precision-mlps/mechanism-0365cd3-20260923/evidence/inputs/development.npz,12,28bee1137a9c80f239189e03845ddbd19ab6c5c5d972cece5ecaf70c9c1b5cb8,blend_p030,0,600000,1.1,38.48863075916315,pure_effective_gradient_flow,False,False,38.48863075916315,0.0,0.0,3.4989664326512013,17.449123556304503,15.449431828965292,-965.9955454480662,False,conditioning,,no_initial_region,conditioning,0.0,0.0,0,,,,,,,,,,,,,,,,,,,,,,
/workspace/junmiaoh/experiments/precision-mlps/mechanism-0365cd3-20260923/evidence/inputs/development.npz,12,28bee1137a9c80f239189e03845ddbd19ab6c5c5d972cece5ecaf70c9c1b5cb8,blend_p030,0,600000,1.25,43.73708040813994,pure_effective_gradient_flow,False,False,43.73708040813994,0.0,0.0,8.74741608162799,17.449123556304503,15.449431828965292,-1417.6902201148143,False,conditioning,,no_initial_region,conditioning,0.0,0.0,0,,,,,,,,,,,,,,,,,,,,,,
/workspace/junmiaoh/experiments/precision-mlps/mechanism-0365cd3-20260923/evidence/inputs/development.npz,12,28bee1137a9c80f239189e03845ddbd19ab6c5c5d972cece5ecaf70c9c1b5cb8,blend_p030,0,600000,1.5,52.48449648976792,pure_effective_gradient_flow,False,False,52.48449648976792,0.0,0.0,17.49483216325597,17.449123556304503,15.449431828965292,-2450.044434367227,False,conditioning,,no_initial_region,conditioning,0.0,0.0,0,,,,,,,,,,,,,,,,,,,,,,
/workspace/junmiaoh/experiments/precision-mlps/mechanism-0365cd3-20260923/evidence/inputs/development.npz,12,28bee1137a9c80f239189e03845ddbd19ab6c5c5d972cece5ecaf70c9c1b5cb8,blend_p030,0,600000,2.0,69.9793286530239,pure_effective_gradient_flow,False,False,69.9793286530239,0.0,0.0,34.98966432651195,17.449123556304503,15.449431828965292,-5808.031768638813,False,conditioning,,no_initial_region,conditioning,0.0,0.0,0,,,,,,,,,,,,,,,,,,,,,,
/workspace/junmiaoh/experiments/precision-mlps/mechanism-0365cd3-20260923/evidence/inputs/development.npz,13,613ecc897ee39206384ed4689f056429b4bf2c69fe1cd7ab543a9368a88ab788,exp_right,22,600000,1.01,45.68479211400922,pure_effective_gradient_flow,False,False,45.68479211400922,0.0,0.0,0.4523246743961309,22.669631897996382,14.573501863282424,-1615.7565640128948,False,conditioning,,no_initial_region,conditioning,0.0,0.0,0,,,,,,,,,,,,,,,,,,,,,,
/workspace/junmiaoh/experiments/precision-mlps/mechanism-0365cd3-20260923/evidence/inputs/development.npz,13,613ecc897ee39206384ed4689f056429b4bf2c69fe1cd7ab543a9368a88ab788,exp_right,22,600000,1.025,46.36327912560341,pure_effective_gradient_flow,False,False,46.36327912560341,0.0,0.0,1.1308116859903237,22.669631897996382,14.573501863282424,-1688.8347975414747,False,conditioning,,no_initial_region,conditioning,0.0,0.0,0,,,,,,,,,,,,,,,,,,,,,,
/workspace/junmiaoh/experiments/precision-mlps/mechanism-0365cd3-20260923/evidence/inputs/development.npz,13,613ecc897ee39206384ed4689f056429b4bf2c69fe1cd7ab543a9368a88ab788,exp_right,22,600000,1.05,47.49409081159374,pure_effective_gradient_flow,False,False,47.49409081159374,0.0,0.0,2.2616233719806544,22.669631897996382,14.573501863282424,-1815.4708352866578,False,conditioning,,no_initial_region,conditioning,0.0,0.0,0,,,,,,,,,,,,,,,,,,,,,,
/workspace/junmiaoh/experiments/precision-mlps/mechanism-0365cd3-20260923/evidence/inputs/development.npz,13,613ecc897ee39206384ed4689f056429b4bf2c69fe1cd7ab543a9368a88ab788,exp_right,22,600000,1.1,49.755714183574405,pure_effective_gradient_flow,False,False,49.755714183574405,0.0,0.0,4.523246743961316,22.669631897996382,14.573501863282424,-2087.4184789523356,False,conditioning,,no_initial_region,conditioning,0.0,0.0,0,,,,,,,,,,,,,,,,,,,,,,
/workspace/junmiaoh/experiments/precision-mlps/mechanism-0365cd3-20260923/evidence/inputs/development.npz,13,613ecc897ee39206384ed4689f056429b4bf2c69fe1cd7ab543a9368a88ab788,exp_right,22,600000,1.25,56.54058429951636,pure_effective_gradient_flow,False,False,56.54058429951636,0.0,0.0,11.308116859903272,22.669631897996382,14.573501863282424,-3063.253679041788,False,conditioning,,no_initial_region,conditioning,0.0,0.0,0,,,,,,,,,,,,,,,,,,,,,,
/workspace/junmiaoh/experiments/precision-mlps/mechanism-0365cd3-20260923/evidence/inputs/development.npz,13,613ecc897ee39206384ed4689f056429b4bf2c69fe1cd7ab543a9368a88ab788,exp_right,22,600000,1.5,67.84870115941963,pure_effective_gradient_flow,False,False,67.84870115941963,0.0,0.0,22.616233719806544,22.669631897996382,14.573501863282424,-5293.53806743189,False,conditioning,,no_initial_region,conditioning,0.0,0.0,0,,,,,,,,,,,,,,,,,,,,,,
/workspace/junmiaoh/experiments/precision-mlps/mechanism-0365cd3-20260923/evidence/inputs/development.npz,13,613ecc897ee39206384ed4689f056429b4bf2c69fe1cd7ab543a9368a88ab788,exp_right,22,600000,2.0,90.46493487922618,pure_effective_gradient_flow,False,False,90.46493487922618,0.0,0.0,45.23246743961309,22.669631897996382,14.573501863282424,-12548.089484612887,False,conditioning,,no_initial_region,conditioning,0.0,0.0,0,,,,,,,,,,,,,,,,,,,,,,
/workspace/junmiaoh/experiments/precision-mlps/mechanism-0365cd3-20260923/evidence/inputs/development.npz,14,9187d367d84e16a93599d8f86ed7fa6a4d4b94f0b5b7ef39efe66a1f2fafec24,exp_left,22,600000,1.01,70.39811752251025,pure_effective_gradient_flow,False,False,70.39811752251025,0.0,0.0,0.6970110645793142,51.89025065361362,31.42611014814324,-5913.000341013673,False,conditioning,,no_initial_region,conditioning,0.0,0.0,0,,,,,,,,,,,,,,,,,,,,,,
/workspace/junmiaoh/experiments/precision-mlps/mechanism-0365cd3-20260923/evidence/inputs/development.npz,14,9187d367d84e16a93599d8f86ed7fa6a4d4b94f0b5b7ef39efe66a1f2fafec24,exp_left,22,600000,1.025,71.4436341193792,pure_effective_gradient_flow,False,False,71.4436341193792,0.0,0.0,1.742527661448264,51.89025065361362,31.42611014814324,-6180.397149868225,False,conditioning,,no_initial_region,conditioning,0.0,0.0,0,,,,,,,,,,,,,,,,,,,,,,
/workspace/junmiaoh/experiments/precision-mlps/mechanism-0365cd3-20260923/evidence/inputs/development.npz,14,9187d367d84e16a93599d8f86ed7fa6a4d4b94f0b5b7ef39efe66a1f2fafec24,exp_left,22,600000,1.05,73.18616178082749,pure_effective_gradient_flow,False,False,73.18616178082749,0.0,0.0,3.4850553228965566,51.89025065361362,31.42611014814324,-6643.764567825918,False,conditioning,,no_initial_region,conditioning,0.0,0.0,0,,,,,,,,,,,,,,,,,,,,,,
/workspace/junmiaoh/experiments/precision-mlps/mechanism-0365cd3-20260923/evidence/inputs/development.npz,14,9187d367d84e16a93599d8f86ed7fa6a4d4b94f0b5b7ef39efe66a1f2fafec24,exp_left,22,600000,1.1,76.67121710372403,pure_effective_gradient_flow,False,False,76.67121710372403,0.0,0.0,6.970110645793099,51.89025065361362,31.42611014814324,-7638.834215524488,False,conditioning,,no_initial_region,conditioning,0.0,0.0,0,,,,,,,,,,,,,,,,,,,,,,
/workspace/junmiaoh/experiments/precision-mlps/mechanism-0365cd3-20260923/evidence/inputs/development.npz,14,9187d367d84e16a93599d8f86ed7fa6a4d4b94f0b5b7ef39efe66a1f2fafec24,exp_left,22,600000,1.25,87.12638307241366,pure_effective_gradient_flow,False,False,87.12638307241366,0.0,0.0,17.425276614482726,51.89025065361362,31.42611014814324,-11209.462648542352,False,conditioning,,no_initial_region,conditioning,0.0,0.0,0,,,,,,,,,,,,,,,,,,,,,,
/workspace/junmiaoh/experiments/precision-mlps/mechanism-0365cd3-20260923/evidence/inputs/development.npz,14,9187d367d84e16a93599d8f86ed7fa6a4d4b94f0b5b7ef39efe66a1f2fafec24,exp_left,22,600000,1.5,104.5516596868964,pure_effective_gradient_flow,False,False,104.5516596868964,0.0,0.0,34.85055322896547,51.89025065361362,31.42611014814324,-19370.18164102342,False,conditioning,,no_initial_region,conditioning,0.0,0.0,0,,,,,,,,,,,,,,,,,,,,,,
/workspace/junmiaoh/experiments/precision-mlps/mechanism-0365cd3-20260923/evidence/inputs/development.npz,14,9187d367d84e16a93599d8f86ed7fa6a4d4b94f0b5b7ef39efe66a1f2fafec24,exp_left,22,600000,2.0,139.40221291586187,pure_effective_gradient_flow,False,False,139.40221291586187,0.0,0.0,69.70110645793093,51.89025065361362,31.42611014814324,-45914.93792425854,False,conditioning,,no_initial_region,conditioning,0.0,0.0,0,,,,,,,,,,,,,,,,,,,,,,
/workspace/junmiaoh/experiments/precision-mlps/mechanism-0365cd3-20260923/evidence/inputs/development.npz,15,c742037df9f27c70e3bee7e5dc2bd68f804390bd55315e25dfb15c9b2446a907,gauss_left,22,600000,1.01,97.6884526263056,pure_effective_gradient_flow,False,False,97.6884526263056,0.0,0.0,0.9672124022406479,101.73646745429035,95.17747085680772,-15800.35530093156,False,conditioning,,no_initial_region,conditioning,0.0,0.0,0,,,,,,,,,,,,,,,,,,,,,,
/workspace/junmiaoh/experiments/precision-mlps/mechanism-0365cd3-20260923/evidence/inputs/development.npz,15,c742037df9f27c70e3bee7e5dc2bd68f804390bd55315e25dfb15c9b2446a907,gauss_left,22,600000,1.025,99.13927122966658,pure_effective_gradient_flow,False,False,99.13927122966658,0.0,0.0,2.4180310056016197,101.73646745429035,95.17747085680772,-16514.856189600298,False,conditioning,,no_initial_region,conditioning,0.0,0.0,0,,,,,,,,,,,,,,,,,,,,,,
/workspace/junmiaoh/experiments/precision-mlps/mechanism-0365cd3-20260923/evidence/inputs/development.npz,15,c742037df9f27c70e3bee7e5dc2bd68f804390bd55315e25dfb15c9b2446a907,gauss_left,22,600000,1.05,101.55730223526821,pure_effective_gradient_flow,False,False,101.55730223526821,0.0,0.0,4.8360620112032535,101.73646745429035,95.17747085680772,-17753.002722945777,False,conditioning,,no_initial_region,conditioning,0.0,0.0,0,,,,,,,,,,,,,,,,,,,,,,
/workspace/junmiaoh/experiments/precision-mlps/mechanism-0365cd3-20260923/evidence/inputs/development.npz,15,c742037df9f27c70e3bee7e5dc2bd68f804390bd55315e25dfb15c9b2446a907,gauss_left,22,600000,1.1,106.39336424647146,pure_effective_gradient_flow,False,False,106.39336424647146,0.0,0.0,9.672124022406507,101.73646745429035,95.17747085680772,-20411.890652886043,False,conditioning,,no_initial_region,conditioning,0.0,0.0,0,,,,,,,,,,,,,,,,,,,,,,
/workspace/junmiaoh/experiments/precision-mlps/mechanism-0365cd3-20260923/evidence/inputs/development.npz,15,c742037df9f27c70e3bee7e5dc2bd68f804390bd55315e25dfb15c9b2446a907,gauss_left,22,600000,1.25,120.9015502800812,pure_effective_gradient_flow,False,False,120.9015502800812,0.0,0.0,24.18031005601624,101.73646745429035,95.17747085680772,-29952.831696370322,False,conditioning,,no_initial_region,conditioning,0.0,0.0,0,,,,,,,,,,,,,,,,,,,,,,
/workspace/junmiaoh/experiments/precision-mlps/mechanism-0365cd3-20260923/evidence/inputs/development.npz,15,c742037df9f27c70e3bee7e5dc2bd68f804390bd55315e25dfb15c9b2446a907,gauss_left,22,600000,1.5,145.08186033609744,pure_effective_gradient_flow,False,False,145.08186033609744,0.0,0.0,48.36062011203248,101.73646745429035,95.17747085680772,-51758.779932181795,False,conditioning,,no_initial_region,conditioning,0.0,0.0,0,,,,,,,,,,,,,,,,,,,,,,
/workspace/junmiaoh/experiments/precision-mlps/mechanism-0365cd3-20260923/evidence/inputs/development.npz,15,c742037df9f27c70e3bee7e5dc2bd68f804390bd55315e25dfb15c9b2446a907,gauss_left,22,600000,2.0,193.4424804481299,pure_effective_gradient_flow,False,False,193.4424804481299,0.0,0.0,96.72124022406496,101.73646745429035,95.17747085680772,-122688.01814976639,False,conditioning,,no_initial_region,conditioning,0.0,0.0,0,,,,,,,,,,,,,,,,,,,,,,
/workspace/junmiaoh/experiments/precision-mlps/mechanism-0365cd3-20260923/evidence/inputs/development.npz,16,34524203b7a05ccf5d40c8a088b8a25891b48a275bff008fd0ff1eaea2e7047d,gauss_right,22,600000,1.01,169.388580674375,pure_effective_gradient_flow,False,False,169.388580674375,0.0,0.0,1.6771146601423368,273.97753295392715,244.7307459654636,-82375.55300021138,False,conditioning,,no_initial_region,conditioning,0.0,0.0,0,,,,,,,,,,,,,,,,,,,,,,
/workspace/junmiaoh/experiments/precision-mlps/mechanism-0365cd3-20260923/evidence/inputs/development.npz,16,34524203b7a05ccf5d40c8a088b8a25891b48a275bff008fd0ff1eaea2e7047d,gauss_right,22,600000,1.025,171.90425266458845,pure_effective_gradient_flow,False,False,171.90425266458845,0.0,0.0,4.192786650355799,273.97753295392715,244.7307459654636,-86100.5460686134,False,conditioning,,no_initial_region,conditioning,0.0,0.0,0,,,,,,,,,,,,,,,,,,,,,,
/workspace/junmiaoh/experiments/precision-mlps/mechanism-0365cd3-20260923/evidence/inputs/development.npz,16,34524203b7a05ccf5d40c8a088b8a25891b48a275bff008fd0ff1eaea2e7047d,gauss_right,22,600000,1.05,176.09703931494428,pure_effective_gradient_flow,False,False,176.09703931494428,0.0,0.0,8.385573300711627,273.97753295392715,244.7307459654636,-92555.52370058137,False,conditioning,,no_initial_region,conditioning,0.0,0.0,0,,,,,,,,,,,,,,,,,,,,,,
/workspace/junmiaoh/experiments/precision-mlps/mechanism-0365cd3-20260923/evidence/inputs/development.npz,16,34524203b7a05ccf5d40c8a088b8a25891b48a275bff008fd0ff1eaea2e7047d,gauss_right,22,600000,1.1,184.48261261565594,pure_effective_gradient_flow,False,False,184.48261261565594,0.0,0.0,16.771146601423283,273.97753295392715,244.7307459654636,-106417.42263696928,False,conditioning,,no_initial_region,conditioning,0.0,0.0,0,,,,,,,,,,,,,,,,,,,,,,
/workspace/junmiaoh/experiments/precision-mlps/mechanism-0365cd3-20260923/evidence/inputs/development.npz,16,34524203b7a05ccf5d40c8a088b8a25891b48a275bff008fd0ff1eaea2e7047d,gauss_right,22,600000,1.25,209.63933251779082,pure_effective_gradient_flow,False,False,209.63933251779082,0.0,0.0,41.927866503558164,273.97753295392715,244.7307459654636,-156158.35342745413,False,conditioning,,no_initial_region,conditioning,0.0,0.0,0,,,,,,,,,,,,,,,,,,,,,,
/workspace/junmiaoh/experiments/precision-mlps/mechanism-0365cd3-20260923/evidence/inputs/development.npz,16,34524203b7a05ccf5d40c8a088b8a25891b48a275bff008fd0ff1eaea2e7047d,gauss_right,22,600000,1.5,251.56719902134898,pure_effective_gradient_flow,False,False,251.56719902134898,0.0,0.0,83.85573300711633,273.97753295392715,244.7307459654636,-269841.9153607001,False,conditioning,,no_initial_region,conditioning,0.0,0.0,0,,,,,,,,,,,,,,,,,,,,,,
/workspace/junmiaoh/experiments/precision-mlps/mechanism-0365cd3-20260923/evidence/inputs/development.npz,16,34524203b7a05ccf5d40c8a088b8a25891b48a275bff008fd0ff1eaea2e7047d,gauss_right,22,600000,2.0,335.4229320284653,pure_effective_gradient_flow,False,False,335.4229320284653,0.0,0.0,167.71146601423266,273.97753295392715,244.7307459654636,-639625.8091215881,False,conditioning,,no_initial_region,conditioning,0.0,0.0,0,,,,,,,,,,,,,,,,,,,,,,
/workspace/junmiaoh/experiments/precision-mlps/mechanism-0365cd3-20260923/evidence/inputs/development.npz,17,08805ecf0e42c711a9d1c2a481b7d43395b6ad40de72bf6bcd6ac997feba0e41,bump_left,22,600000,1.01,84.90142773807096,pure_effective_gradient_flow,False,False,84.90142773807096,0.0,0.0,0.8406081954264408,76.30294936224881,71.64504907644073,-10372.333206433648,False,conditioning,,no_initial_region,conditioning,0.0,0.0,0,,,,,,,,,,,,,,,,,,,,,,
/workspace/junmiaoh/experiments/precision-mlps/mechanism-0365cd3-20260923/evidence/inputs/development.npz,17,08805ecf0e42c711a9d1c2a481b7d43395b6ad40de72bf6bcd6ac997feba0e41,bump_left,22,600000,1.025,86.16234003121063,pure_effective_gradient_flow,False,False,86.16234003121063,0.0,0.0,2.101520488566109,76.30294936224881,71.64504907644073,-10841.382042476107,False,conditioning,,no_initial_region,conditioning,0.0,0.0,0,,,,,,,,,,,,,,,,,,,,,,
/workspace/junmiaoh/experiments/precision-mlps/mechanism-0365cd3-20260923/evidence/inputs/development.npz,17,08805ecf0e42c711a9d1c2a481b7d43395b6ad40de72bf6bcd6ac997feba0e41,bump_left,22,600000,1.05,88.26386051977676,pure_effective_gradient_flow,False,False,88.26386051977676,0.0,0.0,4.203040977132233,76.30294936224881,71.64504907644073,-11654.188855631732,False,conditioning,,no_initial_region,conditioning,0.0,0.0,0,,,,,,,,,,,,,,,,,,,,,,
/workspace/junmiaoh/experiments/precision-mlps/mechanism-0365cd3-20260923/evidence/inputs/development.npz,17,08805ecf0e42c711a9d1c2a481b7d43395b6ad40de72bf6bcd6ac997feba0e41,bump_left,22,600000,1.1,92.46690149690899,pure_effective_gradient_flow,False,False,92.46690149690899,0.0,0.0,8.406081954264465,76.30294936224881,71.64504907644073,-13399.67064366633,False,conditioning,,no_initial_region,conditioning,0.0,0.0,0,,,,,,,,,,,,,,,,,,,,,,
/workspace/junmiaoh/experiments/precision-mlps/mechanism-0365cd3-20260923/evidence/inputs/development.npz,17,08805ecf0e42c711a9d1c2a481b7d43395b6ad40de72bf6bcd6ac997feba0e41,bump_left,22,600000,1.25,105.07602442830566,pure_effective_gradient_flow,False,False,105.07602442830566,0.0,0.0,21.015204885661134,76.30294936224881,71.64504907644073,-19663.018054659966,False,conditioning,,no_initial_region,conditioning,0.0,0.0,0,,,,,,,,,,,,,,,,,,,,,,
/workspace/junmiaoh/experiments/precision-mlps/mechanism-0365cd3-20260923/evidence/inputs/development.npz,17,08805ecf0e42c711a9d1c2a481b7d43395b6ad40de72bf6bcd6ac997feba0e41,bump_left,22,600000,1.5,126.09122931396678,pure_effective_gradient_flow,False,False,126.09122931396678,0.0,0.0,42.030409771322255,76.30294936224881,71.64504907644073,-33977.982249968925,False,conditioning,,no_initial_region,conditioning,0.0,0.0,0,,,,,,,,,,,,,,,,,,,,,,
/workspace/junmiaoh/experiments/precision-mlps/mechanism-0365cd3-20260923/evidence/inputs/development.npz,17,08805ecf0e42c711a9d1c2a481b7d43395b6ad40de72bf6bcd6ac997feba0e41,bump_left,22,600000,2.0,168.12163908528905,pure_effective_gradient_flow,False,False,168.12163908528905,0.0,0.0,84.06081954264452,76.30294936224881,71.64504907644073,-80540.94270943545,False,conditioning,,no_initial_region,conditioning,0.0,0.0,0,,,,,,,,,,,,,,,,,,,,,,
/workspace/junmiaoh/experiments/precision-mlps/mechanism-0365cd3-20260923/evidence/inputs/development.npz,18,e976f187bafcdddc7907de7854bd3d1e996d4b75ed66c74fce1f7b8da275295c,bump_right,22,600000,1.01,132.25037580004047,pure_effective_gradient_flow,False,False,132.25037580004047,0.0,0.0,1.3094096613865531,176.17275766857165,161.37971900304302,-39204.36378665273,False,conditioning,,no_initial_region,conditioning,0.0,0.0,0,,,,,,,,,,,,,,,,,,,,,,
/workspace/junmiaoh/experiments/precision-mlps/mechanism-0365cd3-20260923/evidence/inputs/development.npz,18,e976f187bafcdddc7907de7854bd3d1e996d4b75ed66c74fce1f7b8da275295c,bump_right,22,600000,1.025,134.21449029212025,pure_effective_gradient_flow,False,False,134.21449029212025,0.0,0.0,3.273524153466326,176.17275766857165,161.37971900304302,-40977.180454288515,False,conditioning,,no_initial_region,conditioning,0.0,0.0,0,,,,,,,,,,,,,,,,,,,,,,
/workspace/junmiaoh/experiments/precision-mlps/mechanism-0365cd3-20260923/evidence/inputs/development.npz,18,e976f187bafcdddc7907de7854bd3d1e996d4b75ed66c74fce1f7b8da275295c,bump_right,22,600000,1.05,137.48801444558663,pure_effective_gradient_flow,False,False,137.48801444558663,0.0,0.0,6.547048306932709,176.17275766857165,161.37971900304302,-44049.26454277734,False,conditioning,,no_initial_region,conditioning,0.0,0.0,0,,,,,,,,,,,,,,,,,,,,,,
/workspace/junmiaoh/experiments/precision-mlps/mechanism-0365cd3-20260923/evidence/inputs/development.npz,18,e976f187bafcdddc7907de7854bd3d1e996d4b75ed66c74fce1f7b8da275295c,bump_right,22,600000,1.1,144.03506275251934,pure_effective_gradient_flow,False,False,144.03506275251934,0.0,0.0,13.094096613865418,176.17275766857165,161.37971900304302,-50646.486343797624,False,conditioning,,no_initial_region,conditioning,0.0,0.0,0,,,,,,,,,,,,,,,,,,,,,,
/workspace/junmiaoh/experiments/precision-mlps/mechanism-0365cd3-20260923/evidence/inputs/development.npz,18,e976f187bafcdddc7907de7854bd3d1e996d4b75ed66c74fce1f7b8da275295c,bump_right,22,600000,1.25,163.6762076733174,pure_effective_gradient_flow,False,False,163.6762076733174,0.0,0.0,32.73524153466349,176.17275766857165,161.37971900304302,-74319.43003786964,False,conditioning,,no_initial_region,conditioning,0.0,0.0,0,,,,,,,,,,,,,,,,,,,,,,
/workspace/junmiaoh/experiments/precision-mlps/mechanism-0365cd3-20260923/evidence/inputs/development.npz,18,e976f187bafcdddc7907de7854bd3d1e996d4b75ed66c74fce1f7b8da275295c,bump_right,22,600000,1.5,196.41144920798087,pure_effective_gradient_flow,False,False,196.41144920798087,0.0,0.0,65.47048306932695,176.17275766857165,161.37971900304302,-128424.25915582602,False,conditioning,,no_initial_region,conditioning,0.0,0.0,0,,,,,,,,,,,,,,,,,,,,,,
/workspace/junmiaoh/experiments/precision-mlps/mechanism-0365cd3-20260923/evidence/inputs/development.npz,18,e976f187bafcdddc7907de7854bd3d1e996d4b75ed66c74fce1f7b8da275295c,bump_right,22,600000,2.0,261.88193227730784,pure_effective_gradient_flow,False,False,261.88193227730784,0.0,0.0,130.94096613865392,176.17275766857165,161.37971900304302,-304413.5934296184,False,conditioning,,no_initial_region,conditioning,0.0,0.0,0,,,,,,,,,,,,,,,,,,,,,,
/workspace/junmiaoh/experiments/precision-mlps/mechanism-0365cd3-20260923/evidence/inputs/development.npz,19,e5af3be0ab22776668e58a9ea2ed7a30276b33d1c2da462f8455829908ad2232,step_left,22,600000,1.01,67.2574198920943,pure_effective_gradient_flow,False,False,67.2574198920943,0.0,0.0,0.6659150484365739,33.0563173849002,29.20493710910279,-5156.280326652075,False,conditioning,,no_initial_region,conditioning,0.0,0.0,0,,,,,,,,,,,,,,,,,,,,,,
/workspace/junmiaoh/experiments/precision-mlps/mechanism-0365cd3-20260923/evidence/inputs/development.npz,19,e5af3be0ab22776668e58a9ea2ed7a30276b33d1c2da462f8455829908ad2232,step_left,22,600000,1.025,68.25629246474917,pure_effective_gradient_flow,False,False,68.25629246474917,0.0,0.0,1.6647876210914347,33.0563173849002,29.20493710910279,-5389.4616114767705,False,conditioning,,no_initial_region,conditioning,0.0,0.0,0,,,,,,,,,,,,,,,,,,,,,,
/workspace/junmiaoh/experiments/precision-mlps/mechanism-0365cd3-20260923/evidence/inputs/development.npz,19,e5af3be0ab22776668e58a9ea2ed7a30276b33d1c2da462f8455829908ad2232,step_left,22,600000,1.05,69.92108008584061,pure_effective_gradient_flow,False,False,69.92108008584061,0.0,0.0,3.3295752421828837,33.0563173849002,29.20493710910279,-5793.537525202604,False,conditioning,,no_initial_region,conditioning,0.0,0.0,0,,,,,,,,,,,,,,,,,,,,,,
/workspace/junmiaoh/experiments/precision-mlps/mechanism-0365cd3-20260923/evidence/inputs/development.npz,19,e5af3be0ab22776668e58a9ea2ed7a30276b33d1c2da462f8455829908ad2232,step_left,22,600000,1.1,73.25065532802351,pure_effective_gradient_flow,False,False,73.25065532802351,0.0,0.0,6.659150484365782,33.0563173849002,29.20493710910279,-6661.280188005364,False,conditioning,,no_initial_region,conditioning,0.0,0.0,0,,,,,,,,,,,,,,,,,,,,,,
/workspace/junmiaoh/experiments/precision-mlps/mechanism-0365cd3-20260923/evidence/inputs/development.npz,19,e5af3be0ab22776668e58a9ea2ed7a30276b33d1c2da462f8455829908ad2232,step_left,22,600000,1.25,83.23938105457216,pure_effective_gradient_flow,False,False,83.23938105457216,0.0,0.0,16.647876210914433,33.0563173849002,29.20493710910279,-9775.018639893837,False,conditioning,,no_initial_region,conditioning,0.0,0.0,0,,,,,,,,,,,,,,,,,,,,,,
/workspace/junmiaoh/experiments/precision-mlps/mechanism-0365cd3-20260923/evidence/inputs/development.npz,19,e5af3be0ab22776668e58a9ea2ed7a30276b33d1c2da462f8455829908ad2232,step_left,22,600000,1.5,99.8872572654866,pure_effective_gradient_flow,False,False,99.8872572654866,0.0,0.0,33.295752421828865,33.0563173849002,29.20493710910279,-16891.509475785224,False,conditioning,,no_initial_region,conditioning,0.0,0.0,0,,,,,,,,,,,,,,,,,,,,,,
/workspace/junmiaoh/experiments/precision-mlps/mechanism-0365cd3-20260923/evidence/inputs/development.npz,19,e5af3be0ab22776668e58a9ea2ed7a30276b33d1c2da462f8455829908ad2232,step_left,22,600000,2.0,133.18300968731546,pure_effective_gradient_flow,False,False,133.18300968731546,0.0,0.0,66.59150484365773,33.0563173849002,29.20493710910279,-40039.655491431935,False,conditioning,,no_initial_region,conditioning,0.0,0.0,0,,,,,,,,,,,,,,,,,,,,,,
/workspace/junmiaoh/experiments/precision-mlps/mechanism-0365cd3-20260923/evidence/inputs/development.npz,20,bddd51c350f785e9df294f2df6b86ae737234e0f88db8963cd1e1950ba482896,step_right,22,600000,1.01,90.9375083998408,pure_effective_gradient_flow,False,False,90.9375083998408,0.0,0.0,0.9003713702954599,55.0542499988908,48.6031409167055,-12745.712841369006,False,conditioning,,no_initial_region,conditioning,0.0,0.0,0,,,,,,,,,,,,,,,,,,,,,,
/workspace/junmiaoh/experiments/precision-mlps/mechanism-0365cd3-20260923/evidence/inputs/development.npz,20,bddd51c350f785e9df294f2df6b86ae737234e0f88db8963cd1e1950ba482896,step_right,22,600000,1.025,92.28806545528396,pure_effective_gradient_flow,False,False,92.28806545528396,0.0,0.0,2.2509284257386213,55.0542499988908,48.6031409167055,-13322.083991248797,False,conditioning,,no_initial_region,conditioning,0.0,0.0,0,,,,,,,,,,,,,,,,,,,,,,
/workspace/junmiaoh/experiments/precision-mlps/mechanism-0365cd3-20260923/evidence/inputs/development.npz,20,bddd51c350f785e9df294f2df6b86ae737234e0f88db8963cd1e1950ba482896,step_right,22,600000,1.05,94.5389938810226,pure_effective_gradient_flow,False,False,94.5389938810226,0.0,0.0,4.501856851477271,55.0542499988908,48.6031409167055,-14320.867831075306,False,conditioning,,no_initial_region,conditioning,0.0,0.0,0,,,,,,,,,,,,,,,,,,,,,,
/workspace/junmiaoh/experiments/precision-mlps/mechanism-0365cd3-20260923/evidence/inputs/development.npz,20,bddd51c350f785e9df294f2df6b86ae737234e0f88db8963cd1e1950ba482896,step_right,22,600000,1.1,99.04085073249988,pure_effective_gradient_flow,False,False,99.04085073249988,0.0,0.0,9.003713702954542,55.0542499988908,48.6031409167055,-16465.730514782463,False,conditioning,,no_initial_region,conditioning,0.0,0.0,0,,,,,,,,,,,,,,,,,,,,,,
/workspace/junmiaoh/experiments/precision-mlps/mechanism-0365cd3-20260923/evidence/inputs/development.npz,20,bddd51c350f785e9df294f2df6b86ae737234e0f88db8963cd1e1950ba482896,step_right,22,600000,1.25,112.54642128693166,pure_effective_gradient_flow,False,False,112.54642128693166,0.0,0.0,22.509284257386327,55.0542499988908,48.6031409167055,-24162.184427407206,False,conditioning,,no_initial_region,conditioning,0.0,0.0,0,,,,,,,,,,,,,,,,,,,,,,
/workspace/junmiaoh/experiments/precision-mlps/mechanism-0365cd3-20260923/evidence/inputs/development.npz,20,bddd51c350f785e9df294f2df6b86ae737234e0f88db8963cd1e1950ba482896,step_right,22,600000,1.5,135.05570554431802,pure_effective_gradient_flow,False,False,135.05570554431802,0.0,0.0,45.01856851477268,55.0542499988908,48.6031409167055,-41752.532680593176,False,conditioning,,no_initial_region,conditioning,0.0,0.0,0,,,,,,,,,,,,,,,,,,,,,,
/workspace/junmiaoh/experiments/precision-mlps/mechanism-0365cd3-20260923/evidence/inputs/development.npz,20,bddd51c350f785e9df294f2df6b86ae737234e0f88db8963cd1e1950ba482896,step_right,22,600000,2.0,180.07427405909067,pure_effective_gradient_flow,False,False,180.07427405909067,0.0,0.0,90.03713702954533,55.0542499988908,48.6031409167055,-98969.4896360112,False,conditioning,,no_initial_region,conditioning,0.0,0.0,0,,,,,,,,,,,,,,,,,,,,,,
/workspace/junmiaoh/experiments/precision-mlps/mechanism-0365cd3-20260923/evidence/inputs/development.npz,21,c21ccf13f7f75048b574331b639bdf7b2134b58e00dd64c826895da67428be3d,kink_abs,22,600000,1.01,35.54925101713167,pure_effective_gradient_flow,False,False,35.54925101713167,0.0,0.0,0.35197278234783624,24.78330060864389,19.63915756942044,-761.0866213361867,False,conditioning,,no_initial_region,conditioning,0.0,0.0,0,,,,,,,,,,,,,,,,,,,,,,
/workspace/junmiaoh/experiments/precision-mlps/mechanism-0365cd3-20260923/evidence/inputs/development.npz,21,c21ccf13f7f75048b574331b639bdf7b2134b58e00dd64c826895da67428be3d,kink_abs,22,600000,1.025,36.077210190653425,pure_effective_gradient_flow,False,False,36.077210190653425,0.0,0.0,0.8799319558695942,24.78330060864389,19.63915756942044,-795.5187955504504,False,conditioning,,no_initial_region,conditioning,0.0,0.0,0,,,,,,,,,,,,,,,,,,,,,,
/workspace/junmiaoh/experiments/precision-mlps/mechanism-0365cd3-20260923/evidence/inputs/development.npz,21,c21ccf13f7f75048b574331b639bdf7b2134b58e00dd64c826895da67428be3d,kink_abs,22,600000,1.05,36.957142146523026,pure_effective_gradient_flow,False,False,36.957142146523026,0.0,0.0,1.7598639117391954,24.78330060864389,19.63915756942044,-855.1857292310652,False,conditioning,,no_initial_region,conditioning,0.0,0.0,0,,,,,,,,,,,,,,,,,,,,,,
/workspace/junmiaoh/experiments/precision-mlps/mechanism-0365cd3-20260923/evidence/inputs/development.npz,21,c21ccf13f7f75048b574331b639bdf7b2134b58e00dd64c826895da67428be3d,kink_abs,22,600000,1.1,38.717006058262214,pure_effective_gradient_flow,False,False,38.717006058262214,0.0,0.0,3.5197278234783838,24.78330060864389,19.63915756942044,-983.3189392407609,False,conditioning,,no_initial_region,conditioning,0.0,0.0,0,,,,,,,,,,,,,,,,,,,,,,
/workspace/junmiaoh/experiments/precision-mlps/mechanism-0365cd3-20260923/evidence/inputs/development.npz,21,c21ccf13f7f75048b574331b639bdf7b2134b58e00dd64c826895da67428be3d,kink_abs,22,600000,1.25,43.996597793479786,pure_effective_gradient_flow,False,False,43.996597793479786,0.0,0.0,8.799319558695956,24.78330060864389,19.63915756942044,-1443.1019141638003,False,conditioning,,no_initial_region,conditioning,0.0,0.0,0,,,,,,,,,,,,,,,,,,,,,,
/workspace/junmiaoh/experiments/precision-mlps/mechanism-0365cd3-20260923/evidence/inputs/development.npz,21,c21ccf13f7f75048b574331b639bdf7b2134b58e00dd64c826895da67428be3d,kink_abs,22,600000,1.5,52.79591735217575,pure_effective_gradient_flow,False,False,52.79591735217575,0.0,0.0,17.59863911739192,24.78330060864389,19.63915756942044,-2493.9420467234904,False,conditioning,,no_initial_region,conditioning,0.0,0.0,0,,,,,,,,,,,,,,,,,,,,,,
/workspace/junmiaoh/experiments/precision-mlps/mechanism-0365cd3-20260923/evidence/inputs/development.npz,21,c21ccf13f7f75048b574331b639bdf7b2134b58e00dd64c826895da67428be3d,kink_abs,22,600000,2.0,70.39455646956766,pure_effective_gradient_flow,False,False,70.39455646956766,0.0,0.0,35.19727823478383,24.78330060864389,19.63915756942044,-5912.0594009835795,False,conditioning,,no_initial_region,conditioning,0.0,0.0,0,,,,,,,,,,,,,,,,,,,,,,
/workspace/junmiaoh/experiments/precision-mlps/mechanism-0365cd3-20260923/evidence/inputs/development.npz,22,810b38d2386f71621620c44659791cda7196ca9b2dfd569ab5625d92d4f766a1,kink_relu,22,600000,1.01,59.932254406810465,pure_effective_gradient_flow,False,False,59.932254406810465,0.0,0.0,0.5933886574931719,28.723345209368112,19.49458238113024,-3648.2966184489023,False,conditioning,,no_initial_region,conditioning,0.0,0.0,0,,,,,,,,,,,,,,,,,,,,,,
/workspace/junmiaoh/experiments/precision-mlps/mechanism-0365cd3-20260923/evidence/inputs/development.npz,22,810b38d2386f71621620c44659791cda7196ca9b2dfd569ab5625d92d4f766a1,kink_relu,22,600000,1.025,60.82233739305022,pure_effective_gradient_flow,False,False,60.82233739305022,0.0,0.0,1.4834716437329263,28.723345209368112,19.49458238113024,-3813.2855936492,False,conditioning,,no_initial_region,conditioning,0.0,0.0,0,,,,,,,,,,,,,,,,,,,,,,
/workspace/junmiaoh/experiments/precision-mlps/mechanism-0365cd3-20260923/evidence/inputs/development.npz,22,810b38d2386f71621620c44659791cda7196ca9b2dfd569ab5625d92d4f766a1,kink_relu,22,600000,1.05,62.30580903678316,pure_effective_gradient_flow,False,False,62.30580903678316,0.0,0.0,2.9669432874658668,28.723345209368112,19.49458238113024,-4099.192204717367,False,conditioning,,no_initial_region,conditioning,0.0,0.0,0,,,,,,,,,,,,,,,,,,,,,,
/workspace/junmiaoh/experiments/precision-mlps/mechanism-0365cd3-20260923/evidence/inputs/development.npz,22,810b38d2386f71621620c44659791cda7196ca9b2dfd569ab5625d92d4f766a1,kink_relu,22,600000,1.1,65.27275232424903,pure_effective_gradient_flow,False,False,65.27275232424903,0.0,0.0,5.9338865749317335,28.723345209368112,19.49458238113024,-4713.169320338105,False,conditioning,,no_initial_region,conditioning,0.0,0.0,0,,,,,,,,,,,,,,,,,,,,,,
/workspace/junmiaoh/experiments/precision-mlps/mechanism-0365cd3-20260923/evidence/inputs/development.npz,22,810b38d2386f71621620c44659791cda7196ca9b2dfd569ab5625d92d4f766a1,kink_relu,22,600000,1.25,74.17358218664661,pure_effective_gradient_flow,False,False,74.17358218664661,0.0,0.0,14.83471643732932,28.723345209368112,19.49458238113024,-6916.315754688796,False,conditioning,,no_initial_region,conditioning,0.0,0.0,0,,,,,,,,,,,,,,,,,,,,,,
/workspace/junmiaoh/experiments/precision-mlps/mechanism-0365cd3-20260923/evidence/inputs/development.npz,22,810b38d2386f71621620c44659791cda7196ca9b2dfd569ab5625d92d4f766a1,kink_relu,22,600000,1.5,89.00829862397595,pure_effective_gradient_flow,False,False,89.00829862397595,0.0,0.0,29.669432874658654,28.723345209368112,19.49458238113024,-11951.63636765628,False,conditioning,,no_initial_region,conditioning,0.0,0.0,0,,,,,,,,,,,,,,,,,,,,,,
/workspace/junmiaoh/experiments/precision-mlps/mechanism-0365cd3-20260923/evidence/inputs/development.npz,22,810b38d2386f71621620c44659791cda7196ca9b2dfd569ab5625d92d4f766a1,kink_relu,22,600000,2.0,118.67773149863459,pure_effective_gradient_flow,False,False,118.67773149863459,0.0,0.0,59.33886574931729,28.723345209368112,19.49458238113024,-28330.261658187857,False,conditioning,,no_initial_region,conditioning,0.0,0.0,0,,,,,,,,,,,,,,,,,,,,,,
/workspace/junmiaoh/experiments/precision-mlps/mechanism-0365cd3-20260923/evidence/inputs/confirmation.npz,0,90e077c0313e175cf4cd88d46d6f16c28114a6402c8d8155e78b584786a089a4,sine,20,600000,1.01,75.25884975455047,pure_effective_gradient_flow,False,False,75.25884975455047,0.0,0.0,0.7451371262826854,41.598814842252075,39.42485634439876,-7224.319890161778,False,conditioning,,no_initial_region,conditioning,0.0,0.0,0,,,,,,,,,,,,,,,,,,,,,,
/workspace/junmiaoh/experiments/precision-mlps/mechanism-0365cd3-20260923/evidence/inputs/confirmation.npz,0,90e077c0313e175cf4cd88d46d6f16c28114a6402c8d8155e78b584786a089a4,sine,20,600000,1.025,76.37655544397447,pure_effective_gradient_flow,False,False,76.37655544397447,0.0,0.0,1.862842815706685,41.598814842252075,39.42485634439876,-7551.017389962888,False,conditioning,,no_initial_region,conditioning,0.0,0.0,0,,,,,,,,,,,,,,,,,,,,,,
/workspace/junmiaoh/experiments/precision-mlps/mechanism-0365cd3-20260923/evidence/inputs/confirmation.npz,0,90e077c0313e175cf4cd88d46d6f16c28114a6402c8d8155e78b584786a089a4,sine,20,600000,1.05,78.23939825968118,pure_effective_gradient_flow,False,False,78.23939825968118,0.0,0.0,3.7256856314133984,41.598814842252075,39.42485634439876,-8117.14597461035,False,conditioning,,no_initial_region,conditioning,0.0,0.0,0,,,,,,,,,,,,,,,,,,,,,,
/workspace/junmiaoh/experiments/precision-mlps/mechanism-0365cd3-20260923/evidence/inputs/confirmation.npz,0,90e077c0313e175cf4cd88d46d6f16c28114a6402c8d8155e78b584786a089a4,sine,20,600000,1.1,81.96508389109457,pure_effective_gradient_flow,False,False,81.96508389109457,0.0,0.0,7.4513712628267825,41.598814842252075,39.42485634439876,-9332.892592618507,False,conditioning,,no_initial_region,conditioning,0.0,0.0,0,,,,,,,,,,,,,,,,,,,,,,
/workspace/junmiaoh/experiments/precision-mlps/mechanism-0365cd3-20260923/evidence/inputs/confirmation.npz,0,90e077c0313e175cf4cd88d46d6f16c28114a6402c8d8155e78b584786a089a4,sine,20,600000,1.25,93.14214078533473,pure_effective_gradient_flow,False,False,93.14214078533473,0.0,0.0,18.62842815706695,41.598814842252075,39.42485634439876,-13695.380637194288,False,conditioning,,no_initial_region,conditioning,0.0,0.0,0,,,,,,,,,,,,,,,,,,,,,,
/workspace/junmiaoh/experiments/precision-mlps/mechanism-0365cd3-20260923/evidence/inputs/confirmation.npz,0,90e077c0313e175cf4cd88d46d6f16c28114a6402c8d8155e78b584786a089a4,sine,20,600000,1.5,111.77056894240167,pure_effective_gradient_flow,False,False,111.77056894240167,0.0,0.0,37.256856314133884,41.598814842252075,39.42485634439876,-23665.90535229364,False,conditioning,,no_initial_region,conditioning,0.0,0.0,0,,,,,,,,,,,,,,,,,,,,,,
/workspace/junmiaoh/experiments/precision-mlps/mechanism-0365cd3-20260923/evidence/inputs/confirmation.npz,0,90e077c0313e175cf4cd88d46d6f16c28114a6402c8d8155e78b584786a089a4,sine,20,600000,2.0,149.02742525653557,pure_effective_gradient_flow,False,False,149.02742525653557,0.0,0.0,74.51371262826778,41.598814842252075,39.42485634439876,-56097.50222778167,False,conditioning,,no_initial_region,conditioning,0.0,0.0,0,,,,,,,,,,,,,,,,,,,,,,
/workspace/junmiaoh/experiments/precision-mlps/mechanism-0365cd3-20260923/evidence/inputs/confirmation.npz,1,1abedaf77932a188f6fbfda7dbb339e063b33438e6b64c05fcb5f59c28de042d,runge,20,600000,1.01,53.54541980380928,pure_effective_gradient_flow,False,False,53.54541980380928,0.0,0.0,0.5301526713248421,31.282544494678852,28.013196629519506,-2601.6627361101537,False,conditioning,,no_initial_region,conditioning,0.0,0.0,0,,,,,,,,,,,,,,,,,,,,,,
/workspace/junmiaoh/experiments/precision-mlps/mechanism-0365cd3-20260923/evidence/inputs/confirmation.npz,1,1abedaf77932a188f6fbfda7dbb339e063b33438e6b64c05fcb5f59c28de042d,runge,20,600000,1.025,54.340648810796544,pure_effective_gradient_flow,False,False,54.340648810796544,0.0,0.0,1.3253816783121053,31.282544494678852,28.013196629519506,-2719.3257762553612,False,conditioning,,no_initial_region,conditioning,0.0,0.0,0,,,,,,,,,,,,,,,,,,,,,,
/workspace/junmiaoh/experiments/precision-mlps/mechanism-0365cd3-20260923/evidence/inputs/confirmation.npz,1,1abedaf77932a188f6fbfda7dbb339e063b33438e6b64c05fcb5f59c28de042d,runge,20,600000,1.05,55.666030489108664,pure_effective_gradient_flow,False,False,55.666030489108664,0.0,0.0,2.650763356624225,31.282544494678852,28.013196629519506,-2923.2220730537,False,conditioning,,no_initial_region,conditioning,0.0,0.0,0,,,,,,,,,,,,,,,,,,,,,,
/workspace/junmiaoh/experiments/precision-mlps/mechanism-0365cd3-20260923/evidence/inputs/confirmation.npz,1,1abedaf77932a188f6fbfda7dbb339e063b33438e6b64c05fcb5f59c28de042d,runge,20,600000,1.1,58.31679384573289,pure_effective_gradient_flow,False,False,58.31679384573289,0.0,0.0,5.30152671324845,31.282544494678852,28.013196629519506,-3361.0841418120435,False,conditioning,,no_initial_region,conditioning,0.0,0.0,0,,,,,,,,,,,,,,,,,,,,,,
/workspace/junmiaoh/experiments/precision-mlps/mechanism-0365cd3-20260923/evidence/inputs/confirmation.npz,1,1abedaf77932a188f6fbfda7dbb339e063b33438e6b64c05fcb5f59c28de042d,runge,20,600000,1.25,66.26908391560555,pure_effective_gradient_flow,False,False,66.26908391560555,0.0,0.0,13.25381678312111,31.282544494678852,28.013196629519506,-4932.273410889386,False,conditioning,,no_initial_region,conditioning,0.0,0.0,0,,,,,,,,,,,,,,,,,,,,,,
/workspace/junmiaoh/experiments/precision-mlps/mechanism-0365cd3-20260923/evidence/inputs/confirmation.npz,1,1abedaf77932a188f6fbfda7dbb339e063b33438e6b64c05fcb5f59c28de042d,runge,20,600000,1.5,79.52290069872666,pure_effective_gradient_flow,False,False,79.52290069872666,0.0,0.0,26.50763356624222,31.282544494678852,28.013196629519506,-8523.247478752506,False,conditioning,,no_initial_region,conditioning,0.0,0.0,0,,,,,,,,,,,,,,,,,,,,,,
/workspace/junmiaoh/experiments/precision-mlps/mechanism-0365cd3-20260923/evidence/inputs/confirmation.npz,1,1abedaf77932a188f6fbfda7dbb339e063b33438e6b64c05fcb5f59c28de042d,runge,20,600000,2.0,106.03053426496888,pure_effective_gradient_flow,False,False,106.03053426496888,0.0,0.0,53.01526713248444,31.282544494678852,28.013196629519506,-20203.778512680903,False,conditioning,,no_initial_region,conditioning,0.0,0.0,0,,,,,,,,,,,,,,,,,,,,,,
/workspace/junmiaoh/experiments/precision-mlps/mechanism-0365cd3-20260923/evidence/inputs/confirmation.npz,2,0fc716402ecf812340ae600c5182b97cec300ee1a0b0285e302229e0a892d038,moment3,20,600000,1.01,81.14202963800301,pure_effective_gradient_flow,False,False,81.14202963800301,0.0,0.0,0.8033864320594404,83.8611854725895,80.37101264798751,-9054.541762956174,False,conditioning,,no_initial_region,conditioning,0.0,0.0,0,,,,,,,,,,,,,,,,,,,,,,
/workspace/junmiaoh/experiments/precision-mlps/mechanism-0365cd3-20260923/evidence/inputs/confirmation.npz,2,0fc716402ecf812340ae600c5182b97cec300ee1a0b0285e302229e0a892d038,moment3,20,600000,1.025,82.34710928609215,pure_effective_gradient_flow,False,False,82.34710928609215,0.0,0.0,2.0084660801485796,83.8611854725895,80.37101264798751,-9464.00100850998,False,conditioning,,no_initial_region,conditioning,0.0,0.0,0,,,,,,,,,,,,,,,,,,,,,,
/workspace/junmiaoh/experiments/precision-mlps/mechanism-0365cd3-20260923/evidence/inputs/confirmation.npz,2,0fc716402ecf812340ae600c5182b97cec300ee1a0b0285e302229e0a892d038,moment3,20,600000,1.05,84.35557536624076,pure_effective_gradient_flow,False,False,84.35557536624076,0.0,0.0,4.016932160297188,83.8611854725895,80.37101264798751,-10173.546025834301,False,conditioning,,no_initial_region,conditioning,0.0,0.0,0,,,,,,,,,,,,,,,,,,,,,,
/workspace/junmiaoh/experiments/precision-mlps/mechanism-0365cd3-20260923/evidence/inputs/confirmation.npz,2,0fc716402ecf812340ae600c5182b97cec300ee1a0b0285e302229e0a892d038,moment3,20,600000,1.1,88.37250752653793,pure_effective_gradient_flow,False,False,88.37250752653793,0.0,0.0,8.033864320594361,83.8611854725895,80.37101264798751,-11697.275755315737,False,conditioning,,no_initial_region,conditioning,0.0,0.0,0,,,,,,,,,,,,,,,,,,,,,,
/workspace/junmiaoh/experiments/precision-mlps/mechanism-0365cd3-20260923/evidence/inputs/confirmation.npz,2,0fc716402ecf812340ae600c5182b97cec300ee1a0b0285e302229e0a892d038,moment3,20,600000,1.25,100.42330400742946,pure_effective_gradient_flow,False,False,100.42330400742946,0.0,0.0,20.084660801485896,83.8611854725895,80.37101264798751,-17164.90579398129,False,conditioning,,no_initial_region,conditioning,0.0,0.0,0,,,,,,,,,,,,,,,,,,,,,,
/workspace/junmiaoh/experiments/precision-mlps/mechanism-0365cd3-20260923/evidence/inputs/confirmation.npz,2,0fc716402ecf812340ae600c5182b97cec300ee1a0b0285e302229e0a892d038,moment3,20,600000,1.5,120.50796480891535,pure_effective_gradient_flow,False,False,120.50796480891535,0.0,0.0,40.16932160297178,83.8611854725895,80.37101264798751,-29661.247302886368,False,conditioning,,no_initial_region,conditioning,0.0,0.0,0,,,,,,,,,,,,,,,,,,,,,,
/workspace/junmiaoh/experiments/precision-mlps/mechanism-0365cd3-20260923/evidence/inputs/confirmation.npz,2,0fc716402ecf812340ae600c5182b97cec300ee1a0b0285e302229e0a892d038,moment3,20,600000,2.0,160.67728641188714,pure_effective_gradient_flow,False,False,160.67728641188714,0.0,0.0,80.33864320594357,83.8611854725895,80.37101264798751,-70308.68781536886,False,conditioning,,no_initial_region,conditioning,0.0,0.0,0,,,,,,,,,,,,,,,,,,,,,,
/workspace/junmiaoh/experiments/precision-mlps/mechanism-0365cd3-20260923/evidence/inputs/confirmation.npz,3,eccab6b98cf4168cc66ece71e51465a1b3146e67eac24de3afc14a4743ad816b,moment5,20,600000,1.01,4.520292184929014,pure_effective_gradient_flow,False,False,4.520292184929014,0.0,0.0,0.04475536816761405,6.549746420425292,4.295645333474609,-1.2468021775664766,False,conditioning,,no_initial_region,conditioning,0.0,0.0,0,,,,,,,,,,,,,,,,,,,,,,
/workspace/junmiaoh/experiments/precision-mlps/mechanism-0365cd3-20260923/evidence/inputs/confirmation.npz,3,eccab6b98cf4168cc66ece71e51465a1b3146e67eac24de3afc14a4743ad816b,moment5,20,600000,1.025,4.587425237180434,pure_effective_gradient_flow,False,False,4.587425237180434,0.0,0.0,0.11188842041903424,6.549746420425292,4.295645333474609,-1.3175922905419095,False,conditioning,,no_initial_region,conditioning,0.0,0.0,0,,,,,,,,,,,,,,,,,,,,,,
/workspace/junmiaoh/experiments/precision-mlps/mechanism-0365cd3-20260923/evidence/inputs/confirmation.npz,3,eccab6b98cf4168cc66ece71e51465a1b3146e67eac24de3afc14a4743ad816b,moment5,20,600000,1.05,4.69931365759947,pure_effective_gradient_flow,False,False,4.69931365759947,0.0,0.0,0.22377684083807026,6.549746420425292,4.295645333474609,-1.4402632827907433,False,conditioning,,no_initial_region,conditioning,0.0,0.0,0,,,,,,,,,,,,,,,,,,,,,,
/workspace/junmiaoh/experiments/precision-mlps/mechanism-0365cd3-20260923/evidence/inputs/confirmation.npz,3,eccab6b98cf4168cc66ece71e51465a1b3146e67eac24de3afc14a4743ad816b,moment5,20,600000,1.1,4.92309049843754,pure_effective_gradient_flow,False,False,4.92309049843754,0.0,0.0,0.4475536816761405,6.549746420425292,4.295645333474609,-1.70369609293068,False,conditioning,,no_initial_region,conditioning,0.0,0.0,0,,,,,,,,,,,,,,,,,,,,,,
/workspace/junmiaoh/experiments/precision-mlps/mechanism-0365cd3-20260923/evidence/inputs/confirmation.npz,3,eccab6b98cf4168cc66ece71e51465a1b3146e67eac24de3afc14a4743ad816b,moment5,20,600000,1.25,5.594421020951749,pure_effective_gradient_flow,False,False,5.594421020951749,0.0,0.0,1.1188842041903495,6.549746420425292,4.295645333474609,-2.648977344600803,False,conditioning,,no_initial_region,conditioning,0.0,0.0,0,,,,,,,,,,,,,,,,,,,,,,
/workspace/junmiaoh/experiments/precision-mlps/mechanism-0365cd3-20260923/evidence/inputs/confirmation.npz,3,eccab6b98cf4168cc66ece71e51465a1b3146e67eac24de3afc14a4743ad816b,moment5,20,600000,1.5,6.7133052251421,pure_effective_gradient_flow,False,False,6.7133052251421,0.0,0.0,2.2377684083807,6.549746420425292,4.295645333474609,-4.809430275633084,False,conditioning,,no_initial_region,conditioning,0.0,0.0,0,,,,,,,,,,,,,,,,,,,,,,
/workspace/junmiaoh/experiments/precision-mlps/mechanism-0365cd3-20260923/evidence/inputs/confirmation.npz,3,eccab6b98cf4168cc66ece71e51465a1b3146e67eac24de3afc14a4743ad816b,moment5,20,600000,2.0,8.9510736335228,pure_effective_gradient_flow,False,False,8.9510736335228,0.0,0.0,4.4755368167614,6.549746420425292,4.295645333474609,-11.836837611738087,False,conditioning,,no_initial_region,conditioning,0.0,0.0,0,,,,,,,,,,,,,,,,,,,,,,
/workspace/junmiaoh/experiments/precision-mlps/mechanism-0365cd3-20260923/evidence/inputs/confirmation.npz,4,c083b4714d47fe095fde0c4612f727f406b9e12f3ddc6dfc7896f1a6c5fe7194,moment9,20,600000,1.01,4.479106910872457,pure_effective_gradient_flow,False,False,4.479106910872457,0.0,0.0,0.0443475931769548,6.5219453375045235,4.265898078340916,-1.2048779676117998,False,conditioning,,no_initial_region,conditioning,0.0,0.0,0,,,,,,,,,,,,,,,,,,,,,,
/workspace/junmiaoh/experiments/precision-mlps/mechanism-0365cd3-20260923/evidence/inputs/confirmation.npz,4,c083b4714d47fe095fde0c4612f727f406b9e12f3ddc6dfc7896f1a6c5fe7194,moment9,20,600000,1.025,4.5456283006378895,pure_effective_gradient_flow,False,False,4.5456283006378895,0.0,0.0,0.110868982942387,6.5219453375045235,4.265898078340916,-1.2737507086747057,False,conditioning,,no_initial_region,conditioning,0.0,0.0,0,,,,,,,,,,,,,,,,,,,,,,
/workspace/junmiaoh/experiments/precision-mlps/mechanism-0365cd3-20260923/evidence/inputs/confirmation.npz,4,c083b4714d47fe095fde0c4612f727f406b9e12f3ddc6dfc7896f1a6c5fe7194,moment9,20,600000,1.05,4.656497283580277,pure_effective_gradient_flow,False,False,4.656497283580277,0.0,0.0,0.2217379658847749,6.5219453375045235,4.265898078340916,-1.3930991194904312,False,conditioning,,no_initial_region,conditioning,0.0,0.0,0,,,,,,,,,,,,,,,,,,,,,,
/workspace/junmiaoh/experiments/precision-mlps/mechanism-0365cd3-20260923/evidence/inputs/confirmation.npz,4,c083b4714d47fe095fde0c4612f727f406b9e12f3ddc6dfc7896f1a6c5fe7194,moment9,20,600000,1.1,4.878235249465053,pure_effective_gradient_flow,False,False,4.878235249465053,0.0,0.0,0.4434759317695507,6.5219453375045235,4.265898078340916,-1.6493967712054096,False,conditioning,,no_initial_region,conditioning,0.0,0.0,0,,,,,,,,,,,,,,,,,,,,,,
/workspace/junmiaoh/experiments/precision-mlps/mechanism-0365cd3-20260923/evidence/inputs/confirmation.npz,4,c083b4714d47fe095fde0c4612f727f406b9e12f3ddc6dfc7896f1a6c5fe7194,moment9,20,600000,1.25,5.543449147119378,pure_effective_gradient_flow,False,False,5.543449147119378,0.0,0.0,1.1086898294238754,6.5219453375045235,4.265898078340916,-2.5690747903729947,False,conditioning,,no_initial_region,conditioning,0.0,0.0,0,,,,,,,,,,,,,,,,,,,,,,
/workspace/junmiaoh/experiments/precision-mlps/mechanism-0365cd3-20260923/evidence/inputs/confirmation.npz,4,c083b4714d47fe095fde0c4612f727f406b9e12f3ddc6dfc7896f1a6c5fe7194,moment9,20,600000,1.5,6.652138976543254,pure_effective_gradient_flow,False,False,6.652138976543254,0.0,0.0,2.2173796588477517,6.5219453375045235,4.265898078340916,-4.671011191424088,False,conditioning,,no_initial_region,conditioning,0.0,0.0,0,,,,,,,,,,,,,,,,,,,,,,
/workspace/junmiaoh/experiments/precision-mlps/mechanism-0365cd3-20260923/evidence/inputs/confirmation.npz,4,c083b4714d47fe095fde0c4612f727f406b9e12f3ddc6dfc7896f1a6c5fe7194,moment9,20,600000,2.0,8.869518635391005,pure_effective_gradient_flow,False,False,8.869518635391005,0.0,0.0,4.4347593176955025,6.5219453375045235,4.265898078340916,-11.508079045392478,False,conditioning,,no_initial_region,conditioning,0.0,0.0,0,,,,,,,,,,,,,,,,,,,,,,
/workspace/junmiaoh/experiments/precision-mlps/mechanism-0365cd3-20260923/evidence/inputs/confirmation.npz,5,10f11657d22524be1d2c8935001882b47af7df859c922ff045bc2d7ab460d589,mixed_sine,20,600000,1.01,105.10328276767308,pure_effective_gradient_flow,False,False,105.10328276767308,0.0,0.0,1.0406265620561754,73.10224446969494,70.96890373384836,-19678.31842399651,False,conditioning,,no_initial_region,conditioning,0.0,0.0,0,,,,,,,,,,,,,,,,,,,,,,
/workspace/junmiaoh/experiments/precision-mlps/mechanism-0365cd3-20260923/evidence/inputs/confirmation.npz,5,10f11657d22524be1d2c8935001882b47af7df859c922ff045bc2d7ab460d589,mixed_sine,20,600000,1.025,106.66422261075732,pure_effective_gradient_flow,False,False,106.66422261075732,0.0,0.0,2.6015664051404173,73.10224446969494,70.96890373384836,-20568.178914073585,False,conditioning,,no_initial_region,conditioning,0.0,0.0,0,,,,,,,,,,,,,,,,,,,,,,
/workspace/junmiaoh/experiments/precision-mlps/mechanism-0365cd3-20260923/evidence/inputs/confirmation.npz,5,10f11657d22524be1d2c8935001882b47af7df859c922ff045bc2d7ab460d589,mixed_sine,20,600000,1.05,109.26578901589775,pure_effective_gradient_flow,False,False,109.26578901589775,0.0,0.0,5.203132810280849,73.10224446969494,70.96890373384836,-22110.20314164716,False,conditioning,,no_initial_region,conditioning,0.0,0.0,0,,,,,,,,,,,,,,,,,,,,,,
/workspace/junmiaoh/experiments/precision-mlps/mechanism-0365cd3-20260923/evidence/inputs/confirmation.npz,5,10f11657d22524be1d2c8935001882b47af7df859c922ff045bc2d7ab460d589,mixed_sine,20,600000,1.1,114.4689218261786,pure_effective_gradient_flow,False,False,114.4689218261786,0.0,0.0,10.406265620561697,73.10224446969494,70.96890373384836,-25421.660627452522,False,conditioning,,no_initial_region,conditioning,0.0,0.0,0,,,,,,,,,,,,,,,,,,,,,,
/workspace/junmiaoh/experiments/precision-mlps/mechanism-0365cd3-20260923/evidence/inputs/confirmation.npz,5,10f11657d22524be1d2c8935001882b47af7df859c922ff045bc2d7ab460d589,mixed_sine,20,600000,1.25,130.07832025702112,pure_effective_gradient_flow,False,False,130.07832025702112,0.0,0.0,26.015664051404215,73.10224446969494,70.96890373384836,-37304.230134917016,False,conditioning,,no_initial_region,conditioning,0.0,0.0,0,,,,,,,,,,,,,,,,,,,,,,
/workspace/junmiaoh/experiments/precision-mlps/mechanism-0365cd3-20260923/evidence/inputs/confirmation.npz,5,10f11657d22524be1d2c8935001882b47af7df859c922ff045bc2d7ab460d589,mixed_sine,20,600000,1.5,156.09398430842535,pure_effective_gradient_flow,False,False,156.09398430842535,0.0,0.0,52.031328102808445,73.10224446969494,70.96890373384836,-64462.00151273674,False,conditioning,,no_initial_region,conditioning,0.0,0.0,0,,,,,,,,,,,,,,,,,,,,,,
/workspace/junmiaoh/experiments/precision-mlps/mechanism-0365cd3-20260923/evidence/inputs/confirmation.npz,5,10f11657d22524be1d2c8935001882b47af7df859c922ff045bc2d7ab460d589,mixed_sine,20,600000,2.0,208.1253124112338,pure_effective_gradient_flow,False,False,208.1253124112338,0.0,0.0,104.0626562056169,73.10224446969494,70.96890373384836,-152799.36775267785,False,conditioning,,no_initial_region,conditioning,0.0,0.0,0,,,,,,,,,,,,,,,,,,,,,,
/workspace/junmiaoh/experiments/precision-mlps/mechanism-0365cd3-20260923/evidence/inputs/confirmation.npz,6,4976ad48dee1d41becd135e7f166630e96fb2f6e3d0756e07d6543173bdc8b00,localized_sine,20,600000,1.01,146.0554318885224,pure_effective_gradient_flow,False,False,146.0554318885224,0.0,0.0,1.4460933850348852,155.95599798275512,153.77711437052668,-52807.766523235194,False,conditioning,,no_initial_region,conditioning,0.0,0.0,0,,,,,,,,,,,,,,,,,,,,,,
/workspace/junmiaoh/experiments/precision-mlps/mechanism-0365cd3-20260923/evidence/inputs/confirmation.npz,6,4976ad48dee1d41becd135e7f166630e96fb2f6e3d0756e07d6543173bdc8b00,localized_sine,20,600000,1.025,148.2245719660747,pure_effective_gradient_flow,False,False,148.2245719660747,0.0,0.0,3.6152334625871845,155.95599798275512,153.77711437052668,-55195.721980912575,False,conditioning,,no_initial_region,conditioning,0.0,0.0,0,,,,,,,,,,,,,,,,,,,,,,
/workspace/junmiaoh/experiments/precision-mlps/mechanism-0365cd3-20260923/evidence/inputs/confirmation.npz,6,4976ad48dee1d41becd135e7f166630e96fb2f6e3d0756e07d6543173bdc8b00,localized_sine,20,600000,1.05,151.8398054286619,pure_effective_gradient_flow,False,False,151.8398054286619,0.0,0.0,7.230466925174369,155.95599798275512,153.77711437052668,-59333.769698691474,False,conditioning,,no_initial_region,conditioning,0.0,0.0,0,,,,,,,,,,,,,,,,,,,,,,
/workspace/junmiaoh/experiments/precision-mlps/mechanism-0365cd3-20260923/evidence/inputs/confirmation.npz,6,4976ad48dee1d41becd135e7f166630e96fb2f6e3d0756e07d6543173bdc8b00,localized_sine,20,600000,1.1,159.0702723538363,pure_effective_gradient_flow,False,False,159.0702723538363,0.0,0.0,14.460933850348766,155.95599798275512,153.77711437052668,-68220.1210585666,False,conditioning,,no_initial_region,conditioning,0.0,0.0,0,,,,,,,,,,,,,,,,,,,,,,
/workspace/junmiaoh/experiments/precision-mlps/mechanism-0365cd3-20260923/evidence/inputs/confirmation.npz,6,4976ad48dee1d41becd135e7f166630e96fb2f6e3d0756e07d6543173bdc8b00,localized_sine,20,600000,1.25,180.7616731293594,pure_effective_gradient_flow,False,False,180.7616731293594,0.0,0.0,36.15233462587187,155.95599798275512,153.77711437052668,-100107.19439533535,False,conditioning,,no_initial_region,conditioning,0.0,0.0,0,,,,,,,,,,,,,,,,,,,,,,
/workspace/junmiaoh/experiments/precision-mlps/mechanism-0365cd3-20260923/evidence/inputs/confirmation.npz,6,4976ad48dee1d41becd135e7f166630e96fb2f6e3d0756e07d6543173bdc8b00,localized_sine,20,600000,1.5,216.9140077552313,pure_effective_gradient_flow,False,False,216.9140077552313,0.0,0.0,72.30466925174377,155.95599798275512,153.77711437052668,-172985.52656446234,False,conditioning,,no_initial_region,conditioning,0.0,0.0,0,,,,,,,,,,,,,,,,,,,,,,
/workspace/junmiaoh/experiments/precision-mlps/mechanism-0365cd3-20260923/evidence/inputs/confirmation.npz,6,4976ad48dee1d41becd135e7f166630e96fb2f6e3d0756e07d6543173bdc8b00,localized_sine,20,600000,2.0,289.21867700697504,pure_effective_gradient_flow,False,False,289.21867700697504,0.0,0.0,144.60933850348752,155.95599798275512,153.77711437052668,-410040.3213123917,False,conditioning,,no_initial_region,conditioning,0.0,0.0,0,,,,,,,,,,,,,,,,,,,,,,
/workspace/junmiaoh/experiments/precision-mlps/mechanism-0365cd3-20260923/evidence/inputs/confirmation.npz,7,7bf023f16765a7db8ed472253255b9deb03973a314e1f70a95bb191420d9128c,chirp,20,600000,1.01,42.597941077201064,pure_effective_gradient_flow,False,False,42.597941077201064,0.0,0.0,0.42176179284357573,27.048667232509676,23.26564713019141,-1309.7530844335417,False,conditioning,,no_initial_region,conditioning,0.0,0.0,0,,,,,,,,,,,,,,,,,,,,,,
/workspace/junmiaoh/experiments/precision-mlps/mechanism-0365cd3-20260923/evidence/inputs/confirmation.npz,7,7bf023f16765a7db8ed472253255b9deb03973a314e1f70a95bb191420d9128c,chirp,20,600000,1.025,43.230583766466424,pure_effective_gradient_flow,False,False,43.230583766466424,0.0,0.0,1.0544044821089358,27.048667232509676,23.26564713019141,-1368.9963387994903,False,conditioning,,no_initial_region,conditioning,0.0,0.0,0,,,,,,,,,,,,,,,,,,,,,,
/workspace/junmiaoh/experiments/precision-mlps/mechanism-0365cd3-20260923/evidence/inputs/confirmation.npz,7,7bf023f16765a7db8ed472253255b9deb03973a314e1f70a95bb191420d9128c,chirp,20,600000,1.05,44.28498824857537,pure_effective_gradient_flow,False,False,44.28498824857537,0.0,0.0,2.1088089642178787,27.048667232509676,23.26564713019141,-1471.657974607912,False,conditioning,,no_initial_region,conditioning,0.0,0.0,0,,,,,,,,,,,,,,,,,,,,,,
/workspace/junmiaoh/experiments/precision-mlps/mechanism-0365cd3-20260923/evidence/inputs/confirmation.npz,7,7bf023f16765a7db8ed472253255b9deb03973a314e1f70a95bb191420d9128c,chirp,20,600000,1.1,46.39379721279324,pure_effective_gradient_flow,False,False,46.39379721279324,0.0,0.0,4.21761792843575,27.048667232509676,23.26564713019141,-1692.1212049021324,False,conditioning,,no_initial_region,conditioning,0.0,0.0,0,,,,,,,,,,,,,,,,,,,,,,
/workspace/junmiaoh/experiments/precision-mlps/mechanism-0365cd3-20260923/evidence/inputs/confirmation.npz,7,7bf023f16765a7db8ed472253255b9deb03973a314e1f70a95bb191420d9128c,chirp,20,600000,1.25,52.72022410544686,pure_effective_gradient_flow,False,False,52.72022410544686,0.0,0.0,10.544044821089372,27.048667232509676,23.26564713019141,-2483.2138488634414,False,conditioning,,no_initial_region,conditioning,0.0,0.0,0,,,,,,,,,,,,,,,,,,,,,,
/workspace/junmiaoh/experiments/precision-mlps/mechanism-0365cd3-20260923/evidence/inputs/confirmation.npz,7,7bf023f16765a7db8ed472253255b9deb03973a314e1f70a95bb191420d9128c,chirp,20,600000,1.5,63.26426892653623,pure_effective_gradient_flow,False,False,63.26426892653623,0.0,0.0,21.088089642178744,27.048667232509676,23.26564713019141,-4291.266656791892,False,conditioning,,no_initial_region,conditioning,0.0,0.0,0,,,,,,,,,,,,,,,,,,,,,,
/workspace/junmiaoh/experiments/precision-mlps/mechanism-0365cd3-20260923/evidence/inputs/confirmation.npz,7,7bf023f16765a7db8ed472253255b9deb03973a314e1f70a95bb191420d9128c,chirp,20,600000,2.0,84.35235856871498,pure_effective_gradient_flow,False,False,84.35235856871498,0.0,0.0,42.17617928435749,27.048667232509676,23.26564713019141,-10172.405460603115,False,conditioning,,no_initial_region,conditioning,0.0,0.0,0,,,,,,,,,,,,,,,,,,,,,,
/workspace/junmiaoh/experiments/precision-mlps/mechanism-0365cd3-20260923/evidence/inputs/confirmation.npz,8,c9bfb31b72eb377722e7aa8c7877cfe99b1da84fac5417ab0b8d284dbb7980e4,moment4,20,600000,1.01,5.600421789872345,pure_effective_gradient_flow,False,False,5.600421789872345,0.0,0.0,0.055449720691805204,6.6815640417950055,4.4023575361132385,-2.6575776951845627,False,conditioning,,no_initial_region,conditioning,0.0,0.0,0,,,,,,,,,,,,,,,,,,,,,,
/workspace/junmiaoh/experiments/precision-mlps/mechanism-0365cd3-20260923/evidence/inputs/confirmation.npz,8,c9bfb31b72eb377722e7aa8c7877cfe99b1da84fac5417ab0b8d284dbb7980e4,moment4,20,600000,1.025,5.6835963709100525,pure_effective_gradient_flow,False,False,5.6835963709100525,0.0,0.0,0.13862430172951257,6.6815640417950055,4.4023575361132385,-2.792205663495433,False,conditioning,,no_initial_region,conditioning,0.0,0.0,0,,,,,,,,,,,,,,,,,,,,,,
/workspace/junmiaoh/experiments/precision-mlps/mechanism-0365cd3-20260923/evidence/inputs/confirmation.npz,8,c9bfb31b72eb377722e7aa8c7877cfe99b1da84fac5417ab0b8d284dbb7980e4,moment4,20,600000,1.05,5.822220672639567,pure_effective_gradient_flow,False,False,5.822220672639567,0.0,0.0,0.2772486034590269,6.6815640417950055,4.4023575361132385,-3.0255001980425145,False,conditioning,,no_initial_region,conditioning,0.0,0.0,0,,,,,,,,,,,,,,,,,,,,,,
/workspace/junmiaoh/experiments/precision-mlps/mechanism-0365cd3-20260923/evidence/inputs/confirmation.npz,8,c9bfb31b72eb377722e7aa8c7877cfe99b1da84fac5417ab0b8d284dbb7980e4,moment4,20,600000,1.1,6.099469276098595,pure_effective_gradient_flow,False,False,6.099469276098595,0.0,0.0,0.5544972069180547,6.6815640417950055,4.4023575361132385,-3.526494228492371,False,conditioning,,no_initial_region,conditioning,0.0,0.0,0,,,,,,,,,,,,,,,,,,,,,,
/workspace/junmiaoh/experiments/precision-mlps/mechanism-0365cd3-20260923/evidence/inputs/confirmation.npz,8,c9bfb31b72eb377722e7aa8c7877cfe99b1da84fac5417ab0b8d284dbb7980e4,moment4,20,600000,1.25,6.9312150864756745,pure_effective_gradient_flow,False,False,6.9312150864756745,0.0,0.0,1.3862430172951345,6.6815640417950055,4.4023575361132385,-5.324221185629304,False,conditioning,,no_initial_region,conditioning,0.0,0.0,0,,,,,,,,,,,,,,,,,,,,,,
/workspace/junmiaoh/experiments/precision-mlps/mechanism-0365cd3-20260923/evidence/inputs/confirmation.npz,8,c9bfb31b72eb377722e7aa8c7877cfe99b1da84fac5417ab0b8d284dbb7980e4,moment4,20,600000,1.5,8.31745810377081,pure_effective_gradient_flow,False,False,8.31745810377081,0.0,0.0,2.772486034590271,6.6815640417950055,4.4023575361132385,-9.432950166427505,False,conditioning,,no_initial_region,conditioning,0.0,0.0,0,,,,,,,,,,,,,,,,,,,,,,
/workspace/junmiaoh/experiments/precision-mlps/mechanism-0365cd3-20260923/evidence/inputs/confirmation.npz,8,c9bfb31b72eb377722e7aa8c7877cfe99b1da84fac5417ab0b8d284dbb7980e4,moment4,20,600000,2.0,11.08994413836108,pure_effective_gradient_flow,False,False,11.08994413836108,0.0,0.0,5.54497206918054,6.6815640417950055,4.4023575361132385,-22.797607071001863,False,conditioning,,no_initial_region,conditioning,0.0,0.0,0,,,,,,,,,,,,,,,,,,,,,,
/workspace/junmiaoh/experiments/precision-mlps/mechanism-0365cd3-20260923/evidence/inputs/confirmation.npz,9,5bb884646efbf9b7632c95a834e8b72518b7c7e5429031a9b6f3062e521c8363,blend_m010,20,600000,1.01,6.883104047863632,pure_effective_gradient_flow,False,False,6.883104047863632,0.0,0.0,0.06814954502835313,7.543210041572126,5.32832980992287,-5.194865966812665,False,conditioning,,no_initial_region,conditioning,0.0,0.0,0,,,,,,,,,,,,,,,,,,,,,,
/workspace/junmiaoh/experiments/precision-mlps/mechanism-0365cd3-20260923/evidence/inputs/confirmation.npz,9,5bb884646efbf9b7632c95a834e8b72518b7c7e5429031a9b6f3062e521c8363,blend_m010,20,600000,1.025,6.9853283654061595,pure_effective_gradient_flow,False,False,6.9853283654061595,0.0,0.0,0.17037386257088105,7.543210041572126,5.32832980992287,-5.444800396005855,False,conditioning,,no_initial_region,conditioning,0.0,0.0,0,,,,,,,,,,,,,,,,,,,,,,
/workspace/junmiaoh/experiments/precision-mlps/mechanism-0365cd3-20260923/evidence/inputs/confirmation.npz,9,5bb884646efbf9b7632c95a834e8b72518b7c7e5429031a9b6f3062e521c8363,blend_m010,20,600000,1.05,7.155702227977042,pure_effective_gradient_flow,False,False,7.155702227977042,0.0,0.0,0.3407477251417639,7.543210041572126,5.32832980992287,-5.877907550912004,False,conditioning,,no_initial_region,conditioning,0.0,0.0,0,,,,,,,,,,,,,,,,,,,,,,
/workspace/junmiaoh/experiments/precision-mlps/mechanism-0365cd3-20260923/evidence/inputs/confirmation.npz,9,5bb884646efbf9b7632c95a834e8b72518b7c7e5429031a9b6f3062e521c8363,blend_m010,20,600000,1.1,7.496449953118807,pure_effective_gradient_flow,False,False,7.496449953118807,0.0,0.0,0.6814954502835286,7.543210041572126,5.32832980992287,-6.807994059686655,False,conditioning,,no_initial_region,conditioning,0.0,0.0,0,,,,,,,,,,,,,,,,,,,,,,
/workspace/junmiaoh/experiments/precision-mlps/mechanism-0365cd3-20260923/evidence/inputs/confirmation.npz,9,5bb884646efbf9b7632c95a834e8b72518b7c7e5429031a9b6f3062e521c8363,blend_m010,20,600000,1.25,8.518693128544099,pure_effective_gradient_flow,False,False,8.518693128544099,0.0,0.0,1.7037386257088203,7.543210041572126,5.32832980992287,-10.145442188144784,False,conditioning,,no_initial_region,conditioning,0.0,0.0,0,,,,,,,,,,,,,,,,,,,,,,
/workspace/junmiaoh/experiments/precision-mlps/mechanism-0365cd3-20260923/evidence/inputs/confirmation.npz,9,5bb884646efbf9b7632c95a834e8b72518b7c7e5429031a9b6f3062e521c8363,blend_m010,20,600000,1.5,10.222431754252918,pure_effective_gradient_flow,False,False,10.222431754252918,0.0,0.0,3.4074772514176397,7.543210041572126,5.32832980992287,-17.773224478924615,False,conditioning,,no_initial_region,conditioning,0.0,0.0,0,,,,,,,,,,,,,,,,,,,,,,
/workspace/junmiaoh/experiments/precision-mlps/mechanism-0365cd3-20260923/evidence/inputs/confirmation.npz,9,5bb884646efbf9b7632c95a834e8b72518b7c7e5429031a9b6f3062e521c8363,blend_m010,20,600000,2.0,13.629909005670557,pure_effective_gradient_flow,False,False,13.629909005670557,0.0,0.0,6.8149545028352785,7.543210041572126,5.32832980992287,-42.58447236981284,False,conditioning,,no_initial_region,conditioning,0.0,0.0,0,,,,,,,,,,,,,,,,,,,,,,
/workspace/junmiaoh/experiments/precision-mlps/mechanism-0365cd3-20260923/evidence/inputs/confirmation.npz,10,9dc8b934a2c0d2cf7d63ce7e852287b68d69079295463f04bc47cfe13e3bdbda,blend_p001,20,600000,1.01,4.4223485257889905,pure_effective_gradient_flow,False,False,4.4223485257889905,0.0,0.0,0.043785628968207924,6.481450312999909,4.223193711746444,-1.148387915305227,False,conditioning,,no_initial_region,conditioning,0.0,0.0,0,,,,,,,,,,,,,,,,,,,,,,
/workspace/junmiaoh/experiments/precision-mlps/mechanism-0365cd3-20260923/evidence/inputs/confirmation.npz,10,9dc8b934a2c0d2cf7d63ce7e852287b68d69079295463f04bc47cfe13e3bdbda,blend_p001,20,600000,1.025,4.488026969241302,pure_effective_gradient_flow,False,False,4.488026969241302,0.0,0.0,0.10946407242051936,6.481450312999909,4.223193711746444,-1.2146754673338698,False,conditioning,,no_initial_region,conditioning,0.0,0.0,0,,,,,,,,,,,,,,,,,,,,,,
/workspace/junmiaoh/experiments/precision-mlps/mechanism-0365cd3-20260923/evidence/inputs/confirmation.npz,10,9dc8b934a2c0d2cf7d63ce7e852287b68d69079295463f04bc47cfe13e3bdbda,blend_p001,20,600000,1.05,4.597491041661822,pure_effective_gradient_flow,False,False,4.597491041661822,0.0,0.0,0.21892814484103962,6.481450312999909,4.223193711746444,-1.32954404769511,False,conditioning,,no_initial_region,conditioning,0.0,0.0,0,,,,,,,,,,,,,,,,,,,,,,
/workspace/junmiaoh/experiments/precision-mlps/mechanism-0365cd3-20260923/evidence/inputs/confirmation.npz,10,9dc8b934a2c0d2cf7d63ce7e852287b68d69079295463f04bc47cfe13e3bdbda,blend_p001,20,600000,1.1,4.816419186502861,pure_effective_gradient_flow,False,False,4.816419186502861,0.0,0.0,0.43785628968207835,6.481450312999909,4.223193711746444,-1.5762213783876415,False,conditioning,,no_initial_region,conditioning,0.0,0.0,0,,,,,,,,,,,,,,,,,,,,,,
/workspace/junmiaoh/experiments/precision-mlps/mechanism-0365cd3-20260923/evidence/inputs/confirmation.npz,10,9dc8b934a2c0d2cf7d63ce7e852287b68d69079295463f04bc47cfe13e3bdbda,blend_p001,20,600000,1.25,5.473203621025978,pure_effective_gradient_flow,False,False,5.473203621025978,0.0,0.0,1.0946407242051954,6.481450312999909,4.223193711746444,-2.461378606114195,False,conditioning,,no_initial_region,conditioning,0.0,0.0,0,,,,,,,,,,,,,,,,,,,,,,
/workspace/junmiaoh/experiments/precision-mlps/mechanism-0365cd3-20260923/evidence/inputs/confirmation.npz,10,9dc8b934a2c0d2cf7d63ce7e852287b68d69079295463f04bc47cfe13e3bdbda,blend_p001,20,600000,1.5,6.567844345231174,pure_effective_gradient_flow,False,False,6.567844345231174,0.0,0.0,2.1892814484103917,6.481450312999909,4.223193711746444,-4.484417277078542,False,conditioning,,no_initial_region,conditioning,0.0,0.0,0,,,,,,,,,,,,,,,,,,,,,,
/workspace/junmiaoh/experiments/precision-mlps/mechanism-0365cd3-20260923/evidence/inputs/confirmation.npz,10,9dc8b934a2c0d2cf7d63ce7e852287b68d69079295463f04bc47cfe13e3bdbda,blend_p001,20,600000,2.0,8.757125793641565,pure_effective_gradient_flow,False,False,8.757125793641565,0.0,0.0,4.378562896820783,6.481450312999909,4.223193711746444,-11.064850756259274,False,conditioning,,no_initial_region,conditioning,0.0,0.0,0,,,,,,,,,,,,,,,,,,,,,,
/workspace/junmiaoh/experiments/precision-mlps/mechanism-0365cd3-20260923/evidence/inputs/confirmation.npz,11,34b23332c0ba66a579c6e5fbec22e396eddc81c9d76fd91e266bb8c9b2ef331a,blend_p010,20,600000,1.01,4.202628463753109,pure_effective_gradient_flow,False,False,4.202628463753109,0.0,0.0,0.0416101828094364,6.290032637569676,4.018362616805513,-0.9440276502891272,False,conditioning,,no_initial_region,conditioning,0.0,0.0,0,,,,,,,,,,,,,,,,,,,,,,
/workspace/junmiaoh/experiments/precision-mlps/mechanism-0365cd3-20260923/evidence/inputs/confirmation.npz,11,34b23332c0ba66a579c6e5fbec22e396eddc81c9d76fd91e266bb8c9b2ef331a,blend_p010,20,600000,1.025,4.265043737967264,pure_effective_gradient_flow,False,False,4.265043737967264,0.0,0.0,0.10402545702359145,6.290032637569676,4.018362616805513,-1.0009176687424528,False,conditioning,,no_initial_region,conditioning,0.0,0.0,0,,,,,,,,,,,,,,,,,,,,,,
/workspace/junmiaoh/experiments/precision-mlps/mechanism-0365cd3-20260923/evidence/inputs/confirmation.npz,11,34b23332c0ba66a579c6e5fbec22e396eddc81c9d76fd91e266bb8c9b2ef331a,blend_p010,20,600000,1.05,4.369069194990856,pure_effective_gradient_flow,False,False,4.369069194990856,0.0,0.0,0.2080509140471838,6.290032637569676,4.018362616805513,-1.0995014217468557,False,conditioning,,no_initial_region,conditioning,0.0,0.0,0,,,,,,,,,,,,,,,,,,,,,,
/workspace/junmiaoh/experiments/precision-mlps/mechanism-0365cd3-20260923/evidence/inputs/confirmation.npz,11,34b23332c0ba66a579c6e5fbec22e396eddc81c9d76fd91e266bb8c9b2ef331a,blend_p010,20,600000,1.1,4.57712010903804,pure_effective_gradient_flow,False,False,4.57712010903804,0.0,0.0,0.4161018280943676,6.290032637569676,4.018362616805513,-1.3112075032906618,False,conditioning,,no_initial_region,conditioning,0.0,0.0,0,,,,,,,,,,,,,,,,,,,,,,
/workspace/junmiaoh/experiments/precision-mlps/mechanism-0365cd3-20260923/evidence/inputs/confirmation.npz,11,34b23332c0ba66a579c6e5fbec22e396eddc81c9d76fd91e266bb8c9b2ef331a,blend_p010,20,600000,1.25,5.20127285117959,pure_effective_gradient_flow,False,False,5.20127285117959,0.0,0.0,1.040254570235918,6.290032637569676,4.018362616805513,-2.070876694237686,False,conditioning,,no_initial_region,conditioning,0.0,0.0,0,,,,,,,,,,,,,,,,,,,,,,
/workspace/junmiaoh/experiments/precision-mlps/mechanism-0365cd3-20260923/evidence/inputs/confirmation.npz,11,34b23332c0ba66a579c6e5fbec22e396eddc81c9d76fd91e266bb8c9b2ef331a,blend_p010,20,600000,1.5,6.241527421415508,pure_effective_gradient_flow,False,False,6.241527421415508,0.0,0.0,2.080509140471836,6.290032637569676,4.018362616805513,-3.807110780438693,False,conditioning,,no_initial_region,conditioning,0.0,0.0,0,,,,,,,,,,,,,,,,,,,,,,
/workspace/junmiaoh/experiments/precision-mlps/mechanism-0365cd3-20260923/evidence/inputs/confirmation.npz,11,34b23332c0ba66a579c6e5fbec22e396eddc81c9d76fd91e266bb8c9b2ef331a,blend_p010,20,600000,2.0,8.322036561887344,pure_effective_gradient_flow,False,False,8.322036561887344,0.0,0.0,4.161018280943672,6.290032637569676,4.018362616805513,-9.454641434455151,False,conditioning,,no_initial_region,conditioning,0.0,0.0,0,,,,,,,,,,,,,,,,,,,,,,
/workspace/junmiaoh/experiments/precision-mlps/mechanism-0365cd3-20260923/evidence/inputs/confirmation.npz,12,d5b87551a1dbbcf993b54b9f1c0d0bb357c3280b97989201312123f06da5fd38,blend_p030,20,600000,1.01,4.786018224841323,pure_effective_gradient_flow,False,False,4.786018224841323,0.0,0.0,0.04738631905783475,6.736512098699706,4.4595703922721786,-1.5376244603964109,False,conditioning,,no_initial_region,conditioning,0.0,0.0,0,,,,,,,,,,,,,,,,,,,,,,
/workspace/junmiaoh/experiments/precision-mlps/mechanism-0365cd3-20260923/evidence/inputs/confirmation.npz,12,d5b87551a1dbbcf993b54b9f1c0d0bb357c3280b97989201312123f06da5fd38,blend_p030,20,600000,1.025,4.8570977034280745,pure_effective_gradient_flow,False,False,4.8570977034280745,0.0,0.0,0.11846579764458642,6.736512098699706,4.4595703922721786,-1.6216470622785315,False,conditioning,,no_initial_region,conditioning,0.0,0.0,0,,,,,,,,,,,,,,,,,,,,,,
/workspace/junmiaoh/experiments/precision-mlps/mechanism-0365cd3-20260923/evidence/inputs/confirmation.npz,12,d5b87551a1dbbcf993b54b9f1c0d0bb357c3280b97989201312123f06da5fd38,blend_p030,20,600000,1.05,4.975563501072663,pure_effective_gradient_flow,False,False,4.975563501072663,0.0,0.0,0.23693159528917462,6.736512098699706,4.4595703922721786,-1.7672484112661424,False,conditioning,,no_initial_region,conditioning,0.0,0.0,0,,,,,,,,,,,,,,,,,,,,,,
/workspace/junmiaoh/experiments/precision-mlps/mechanism-0365cd3-20260923/evidence/inputs/confirmation.npz,12,d5b87551a1dbbcf993b54b9f1c0d0bb357c3280b97989201312123f06da5fd38,blend_p030,20,600000,1.1,5.212495096361837,pure_effective_gradient_flow,False,False,5.212495096361837,0.0,0.0,0.47386319057834925,6.736512098699706,4.4595703922721786,-2.079923574487842,False,conditioning,,no_initial_region,conditioning,0.0,0.0,0,,,,,,,,,,,,,,,,,,,,,,
/workspace/junmiaoh/experiments/precision-mlps/mechanism-0365cd3-20260923/evidence/inputs/confirmation.npz,12,d5b87551a1dbbcf993b54b9f1c0d0bb357c3280b97989201312123f06da5fd38,blend_p030,20,600000,1.25,5.92328988222936,pure_effective_gradient_flow,False,False,5.92328988222936,0.0,0.0,1.1846579764458722,6.736512098699706,4.4595703922721786,-3.201902152248762,False,conditioning,,no_initial_region,conditioning,0.0,0.0,0,,,,,,,,,,,,,,,,,,,,,,
/workspace/junmiaoh/experiments/precision-mlps/mechanism-0365cd3-20260923/evidence/inputs/confirmation.npz,12,d5b87551a1dbbcf993b54b9f1c0d0bb357c3280b97989201312123f06da5fd38,blend_p030,20,600000,1.5,7.107947858675232,pure_effective_gradient_flow,False,False,7.107947858675232,0.0,0.0,2.3693159528917436,6.736512098699706,4.4595703922721786,-5.766199182996294,False,conditioning,,no_initial_region,conditioning,0.0,0.0,0,,,,,,,,,,,,,,,,,,,,,,
/workspace/junmiaoh/experiments/precision-mlps/mechanism-0365cd3-20260923/evidence/inputs/confirmation.npz,12,d5b87551a1dbbcf993b54b9f1c0d0bb357c3280b97989201312123f06da5fd38,blend_p030,20,600000,2.0,9.477263811566976,pure_effective_gradient_flow,False,False,9.477263811566976,0.0,0.0,4.738631905783488,6.736512098699706,4.4595703922721786,-14.10720930498827,False,conditioning,,no_initial_region,conditioning,0.0,0.0,0,,,,,,,,,,,,,,,,,,,,,,
/workspace/junmiaoh/experiments/precision-mlps/mechanism-0365cd3-20260923/evidence/inputs/confirmation.npz,13,2cd87a757f3a1e3cc63fff8d9b21a38996b5405e428492de053991301c26e70b,exp_right,23,600000,1.01,45.506905020054376,pure_effective_gradient_flow,False,False,45.506905020054376,0.0,0.0,0.45056341604013994,22.351628873366316,14.66556909758859,-1596.9486587332635,False,conditioning,,no_initial_region,conditioning,0.0,0.0,0,,,,,,,,,,,,,,,,,,,,,,
/workspace/junmiaoh/experiments/precision-mlps/mechanism-0365cd3-20260923/evidence/inputs/confirmation.npz,13,2cd87a757f3a1e3cc63fff8d9b21a38996b5405e428492de053991301c26e70b,exp_right,23,600000,1.025,46.182750144114586,pure_effective_gradient_flow,False,False,46.182750144114586,0.0,0.0,1.1264085401003499,22.351628873366316,14.66556909758859,-1669.1765575009879,False,conditioning,,no_initial_region,conditioning,0.0,0.0,0,,,,,,,,,,,,,,,,,,,,,,
/workspace/junmiaoh/experiments/precision-mlps/mechanism-0365cd3-20260923/evidence/inputs/confirmation.npz,13,2cd87a757f3a1e3cc63fff8d9b21a38996b5405e428492de053991301c26e70b,exp_right,23,600000,1.05,47.30915868421495,pure_effective_gradient_flow,False,False,47.30915868421495,0.0,0.0,2.252817080200714,22.351628873366316,14.66556909758859,-1794.3390644878018,False,conditioning,,no_initial_region,conditioning,0.0,0.0,0,,,,,,,,,,,,,,,,,,,,,,
/workspace/junmiaoh/experiments/precision-mlps/mechanism-0365cd3-20260923/evidence/inputs/confirmation.npz,13,2cd87a757f3a1e3cc63fff8d9b21a38996b5405e428492de053991301c26e70b,exp_right,23,600000,1.1,49.56197576441566,pure_effective_gradient_flow,False,False,49.56197576441566,0.0,0.0,4.505634160401428,22.351628873366316,14.66556909758859,-2063.1223386363754,False,conditioning,,no_initial_region,conditioning,0.0,0.0,0,,,,,,,,,,,,,,,,,,,,,,
/workspace/junmiaoh/experiments/precision-mlps/mechanism-0365cd3-20260923/evidence/inputs/confirmation.npz,13,2cd87a757f3a1e3cc63fff8d9b21a38996b5405e428492de053991301c26e70b,exp_right,23,600000,1.25,56.32042700501779,pure_effective_gradient_flow,False,False,56.32042700501779,0.0,0.0,11.264085401003555,22.351628873366316,14.66556909758859,-3027.602767935184,False,conditioning,,no_initial_region,conditioning,0.0,0.0,0,,,,,,,,,,,,,,,,,,,,,,
/workspace/junmiaoh/experiments/precision-mlps/mechanism-0365cd3-20260923/evidence/inputs/confirmation.npz,13,2cd87a757f3a1e3cc63fff8d9b21a38996b5405e428492de053991301c26e70b,exp_right,23,600000,1.5,67.58451240602136,pure_effective_gradient_flow,False,False,67.58451240602136,0.0,0.0,22.528170802007125,22.351628873366316,14.66556909758859,-5231.9356759669245,False,conditioning,,no_initial_region,conditioning,0.0,0.0,0,,,,,,,,,,,,,,,,,,,,,,
/workspace/junmiaoh/experiments/precision-mlps/mechanism-0365cd3-20260923/evidence/inputs/confirmation.npz,13,2cd87a757f3a1e3cc63fff8d9b21a38996b5405e428492de053991301c26e70b,exp_right,23,600000,2.0,90.11268320802847,pure_effective_gradient_flow,False,False,90.11268320802847,0.0,0.0,45.056341604014236,22.351628873366316,14.66556909758859,-12402.07348670752,False,conditioning,,no_initial_region,conditioning,0.0,0.0,0,,,,,,,,,,,,,,,,,,,,,,
/workspace/junmiaoh/experiments/precision-mlps/mechanism-0365cd3-20260923/evidence/inputs/confirmation.npz,14,b601b54ac3a75b32199f0acfe1f92f3d396eebbb291886d79398e9476ea6729a,exp_left,23,600000,1.01,74.12100402979227,pure_effective_gradient_flow,False,False,74.12100402979227,0.0,0.0,0.7338713270276429,40.151646464686934,27.507265617697467,-6901.6151356251585,False,conditioning,,no_initial_region,conditioning,0.0,0.0,0,,,,,,,,,,,,,,,,,,,,,,
/workspace/junmiaoh/experiments/precision-mlps/mechanism-0365cd3-20260923/evidence/inputs/confirmation.npz,14,b601b54ac3a75b32199f0acfe1f92f3d396eebbb291886d79398e9476ea6729a,exp_left,23,600000,1.025,75.22181102033375,pure_effective_gradient_flow,False,False,75.22181102033375,0.0,0.0,1.8346783175691144,40.151646464686934,27.507265617697467,-7213.717430855056,False,conditioning,,no_initial_region,conditioning,0.0,0.0,0,,,,,,,,,,,,,,,,,,,,,,
/workspace/junmiaoh/experiments/precision-mlps/mechanism-0365cd3-20260923/evidence/inputs/confirmation.npz,14,b601b54ac3a75b32199f0acfe1f92f3d396eebbb291886d79398e9476ea6729a,exp_left,23,600000,1.05,77.05648933790286,pure_effective_gradient_flow,False,False,77.05648933790286,0.0,0.0,3.6693566351382287,40.151646464686934,27.507265617697467,-7754.554231783398,False,conditioning,,no_initial_region,conditioning,0.0,0.0,0,,,,,,,,,,,,,,,,,,,,,,
/workspace/junmiaoh/experiments/precision-mlps/mechanism-0365cd3-20260923/evidence/inputs/confirmation.npz,14,b601b54ac3a75b32199f0acfe1f92f3d396eebbb291886d79398e9476ea6729a,exp_left,23,600000,1.1,80.7258459730411,pure_effective_gradient_flow,False,False,80.7258459730411,0.0,0.0,7.338713270276472,40.151646464686934,27.507265617697467,-8915.987392824796,False,conditioning,,no_initial_region,conditioning,0.0,0.0,0,,,,,,,,,,,,,,,,,,,,,,
/workspace/junmiaoh/experiments/precision-mlps/mechanism-0365cd3-20260923/evidence/inputs/confirmation.npz,14,b601b54ac3a75b32199f0acfe1f92f3d396eebbb291886d79398e9476ea6729a,exp_left,23,600000,1.25,91.73391587845579,pure_effective_gradient_flow,False,False,91.73391587845579,0.0,0.0,18.346783175691158,40.151646464686934,27.507265617697467,-13083.581367232166,False,conditioning,,no_initial_region,conditioning,0.0,0.0,0,,,,,,,,,,,,,,,,,,,,,,
/workspace/junmiaoh/experiments/precision-mlps/mechanism-0365cd3-20260923/evidence/inputs/confirmation.npz,14,b601b54ac3a75b32199f0acfe1f92f3d396eebbb291886d79398e9476ea6729a,exp_left,23,600000,1.5,110.08069905414695,pure_effective_gradient_flow,False,False,110.08069905414695,0.0,0.0,36.693566351382316,40.151646464686934,27.507265617697467,-22608.673080891775,False,conditioning,,no_initial_region,conditioning,0.0,0.0,0,,,,,,,,,,,,,,,,,,,,,,
/workspace/junmiaoh/experiments/precision-mlps/mechanism-0365cd3-20260923/evidence/inputs/confirmation.npz,14,b601b54ac3a75b32199f0acfe1f92f3d396eebbb291886d79398e9476ea6729a,exp_left,23,600000,2.0,146.77426540552926,pure_effective_gradient_flow,False,False,146.77426540552926,0.0,0.0,73.38713270276463,40.151646464686934,27.507265617697467,-53591.38898466368,False,conditioning,,no_initial_region,conditioning,0.0,0.0,0,,,,,,,,,,,,,,,,,,,,,,
/workspace/junmiaoh/experiments/precision-mlps/mechanism-0365cd3-20260923/evidence/inputs/confirmation.npz,15,ebb5a7f783109c9080ac75e7d04782efdf21b7c2af688eafe3331caf7c9d10af,gauss_left,23,600000,1.01,95.12473612253977,pure_effective_gradient_flow,False,False,95.12473612253977,0.0,0.0,0.9418290705201997,99.65309313806944,91.6111016479264,-14588.705596805466,False,conditioning,,no_initial_region,conditioning,0.0,0.0,0,,,,,,,,,,,,,,,,,,,,,,
/workspace/junmiaoh/experiments/precision-mlps/mechanism-0365cd3-20260923/evidence/inputs/confirmation.npz,15,ebb5a7f783109c9080ac75e7d04782efdf21b7c2af688eafe3331caf7c9d10af,gauss_left,23,600000,1.025,96.53747972832005,pure_effective_gradient_flow,False,False,96.53747972832005,0.0,0.0,2.354572676300478,99.65309313806944,91.6111016479264,-15248.41621917864,False,conditioning,,no_initial_region,conditioning,0.0,0.0,0,,,,,,,,,,,,,,,,,,,,,,
/workspace/junmiaoh/experiments/precision-mlps/mechanism-0365cd3-20260923/evidence/inputs/confirmation.npz,15,ebb5a7f783109c9080ac75e7d04782efdf21b7c2af688eafe3331caf7c9d10af,gauss_left,23,600000,1.05,98.89205240462056,pure_effective_gradient_flow,False,False,98.89205240462056,0.0,0.0,4.709145352600984,99.65309313806944,91.6111016479264,-16391.617624602273,False,conditioning,,no_initial_region,conditioning,0.0,0.0,0,,,,,,,,,,,,,,,,,,,,,,
/workspace/junmiaoh/experiments/precision-mlps/mechanism-0365cd3-20260923/evidence/inputs/confirmation.npz,15,ebb5a7f783109c9080ac75e7d04782efdf21b7c2af688eafe3331caf7c9d10af,gauss_left,23,600000,1.1,103.60119775722154,pure_effective_gradient_flow,False,False,103.60119775722154,0.0,0.0,9.418290705201969,99.65309313806944,91.6111016479264,-18846.613327056413,False,conditioning,,no_initial_region,conditioning,0.0,0.0,0,,,,,,,,,,,,,,,,,,,,,,
/workspace/junmiaoh/experiments/precision-mlps/mechanism-0365cd3-20260923/evidence/inputs/confirmation.npz,15,ebb5a7f783109c9080ac75e7d04782efdf21b7c2af688eafe3331caf7c9d10af,gauss_left,23,600000,1.25,117.72863381502447,pure_effective_gradient_flow,False,False,117.72863381502447,0.0,0.0,23.545726763004893,99.65309313806944,91.6111016479264,-27655.923789287302,False,conditioning,,no_initial_region,conditioning,0.0,0.0,0,,,,,,,,,,,,,,,,,,,,,,
/workspace/junmiaoh/experiments/precision-mlps/mechanism-0365cd3-20260923/evidence/inputs/confirmation.npz,15,ebb5a7f783109c9080ac75e7d04782efdf21b7c2af688eafe3331caf7c9d10af,gauss_left,23,600000,1.5,141.27436057802936,pure_effective_gradient_flow,False,False,141.27436057802936,0.0,0.0,47.091453526009786,99.65309313806944,91.6111016479264,-47789.72055598942,False,conditioning,,no_initial_region,conditioning,0.0,0.0,0,,,,,,,,,,,,,,,,,,,,,,
/workspace/junmiaoh/experiments/precision-mlps/mechanism-0365cd3-20260923/evidence/inputs/confirmation.npz,15,ebb5a7f783109c9080ac75e7d04782efdf21b7c2af688eafe3331caf7c9d10af,gauss_left,23,600000,2.0,188.36581410403915,pure_effective_gradient_flow,False,False,188.36581410403915,0.0,0.0,94.18290705201957,99.65309313806944,91.6111016479264,-113279.87267625122,False,conditioning,,no_initial_region,conditioning,0.0,0.0,0,,,,,,,,,,,,,,,,,,,,,,
/workspace/junmiaoh/experiments/precision-mlps/mechanism-0365cd3-20260923/evidence/inputs/confirmation.npz,16,069e8f34a86a54ddc141d60276a9c3d9fe406c21f9f333ebe1d2c3adbb58d7ec,gauss_right,23,600000,1.01,172.78902771324402,pure_effective_gradient_flow,False,False,172.78902771324402,0.0,0.0,1.7107824526063666,285.9048835248342,256.919489775052,-87436.85947644596,False,conditioning,,no_initial_region,conditioning,0.0,0.0,0,,,,,,,,,,,,,,,,,,,,,,
/workspace/junmiaoh/experiments/precision-mlps/mechanism-0365cd3-20260923/evidence/inputs/confirmation.npz,16,069e8f34a86a54ddc141d60276a9c3d9fe406c21f9f333ebe1d2c3adbb58d7ec,gauss_right,23,600000,1.025,175.3552013921536,pure_effective_gradient_flow,False,False,175.3552013921536,0.0,0.0,4.276956131515931,285.9048835248342,256.919489775052,-91390.72199688459,False,conditioning,,no_initial_region,conditioning,0.0,0.0,0,,,,,,,,,,,,,,,,,,,,,,
/workspace/junmiaoh/experiments/precision-mlps/mechanism-0365cd3-20260923/evidence/inputs/confirmation.npz,16,069e8f34a86a54ddc141d60276a9c3d9fe406c21f9f333ebe1d2c3adbb58d7ec,gauss_right,23,600000,1.05,179.63215752366955,pure_effective_gradient_flow,False,False,179.63215752366955,0.0,0.0,8.55391226303189,285.9048835248342,256.919489775052,-98242.30364029849,False,conditioning,,no_initial_region,conditioning,0.0,0.0,0,,,,,,,,,,,,,,,,,,,,,,
/workspace/junmiaoh/experiments/precision-mlps/mechanism-0365cd3-20260923/evidence/inputs/confirmation.npz,16,069e8f34a86a54ddc141d60276a9c3d9fe406c21f9f333ebe1d2c3adbb58d7ec,gauss_right,23,600000,1.1,188.18606978670144,pure_effective_gradient_flow,False,False,188.18606978670144,0.0,0.0,17.10782452606378,285.9048835248342,256.919489775052,-112955.8995209489,False,conditioning,,no_initial_region,conditioning,0.0,0.0,0,,,,,,,,,,,,,,,,,,,,,,
/workspace/junmiaoh/experiments/precision-mlps/mechanism-0365cd3-20260923/evidence/inputs/confirmation.npz,16,069e8f34a86a54ddc141d60276a9c3d9fe406c21f9f333ebe1d2c3adbb58d7ec,gauss_right,23,600000,1.25,213.84780657579708,pure_effective_gradient_flow,False,False,213.84780657579708,0.0,0.0,42.76956131515942,285.9048835248342,256.919489775052,-165752.99158871884,False,conditioning,,no_initial_region,conditioning,0.0,0.0,0,,,,,,,,,,,,,,,,,,,,,,
/workspace/junmiaoh/experiments/precision-mlps/mechanism-0365cd3-20260923/evidence/inputs/confirmation.npz,16,069e8f34a86a54ddc141d60276a9c3d9fe406c21f9f333ebe1d2c3adbb58d7ec,gauss_right,23,600000,1.5,256.6173678909565,pure_effective_gradient_flow,False,False,256.6173678909565,0.0,0.0,85.53912263031881,285.9048835248342,256.919489775052,-286421.4509559849,False,conditioning,,no_initial_region,conditioning,0.0,0.0,0,,,,,,,,,,,,,,,,,,,,,,
/workspace/junmiaoh/experiments/precision-mlps/mechanism-0365cd3-20260923/evidence/inputs/confirmation.npz,16,069e8f34a86a54ddc141d60276a9c3d9fe406c21f9f333ebe1d2c3adbb58d7ec,gauss_right,23,600000,2.0,342.1564905212753,pure_effective_gradient_flow,False,False,342.1564905212753,0.0,0.0,171.07824526063766,285.9048835248342,256.919489775052,-678925.4506561032,False,conditioning,,no_initial_region,conditioning,0.0,0.0,0,,,,,,,,,,,,,,,,,,,,,,
/workspace/junmiaoh/experiments/precision-mlps/mechanism-0365cd3-20260923/evidence/inputs/confirmation.npz,17,dc14f127ad41c1e63b6b2cbcdb760be93d0407aacec73881972c1f608ceb560f,bump_left,23,600000,1.01,79.83758290045591,pure_effective_gradient_flow,False,False,79.83758290045591,0.0,0.0,0.7904711178263,70.88970813201404,65.07484026952092,-8624.82918241757,False,conditioning,,no_initial_region,conditioning,0.0,0.0,0,,,,,,,,,,,,,,,,,,,,,,
/workspace/junmiaoh/experiments/precision-mlps/mechanism-0365cd3-20260923/evidence/inputs/confirmation.npz,17,dc14f127ad41c1e63b6b2cbcdb760be93d0407aacec73881972c1f608ceb560f,bump_left,23,600000,1.025,81.02328957719534,pure_effective_gradient_flow,False,False,81.02328957719534,0.0,0.0,1.9761777945657286,70.88970813201404,65.07484026952092,-9014.856676063726,False,conditioning,,no_initial_region,conditioning,0.0,0.0,0,,,,,,,,,,,,,,,,,,,,,,
/workspace/junmiaoh/experiments/precision-mlps/mechanism-0365cd3-20260923/evidence/inputs/confirmation.npz,17,dc14f127ad41c1e63b6b2cbcdb760be93d0407aacec73881972c1f608ceb560f,bump_left,23,600000,1.05,82.9994673717611,pure_effective_gradient_flow,False,False,82.9994673717611,0.0,0.0,3.9523555891314857,70.88970813201404,65.07484026952092,-9690.72873840249,False,conditioning,,no_initial_region,conditioning,0.0,0.0,0,,,,,,,,,,,,,,,,,,,,,,
/workspace/junmiaoh/experiments/precision-mlps/mechanism-0365cd3-20260923/evidence/inputs/confirmation.npz,17,dc14f127ad41c1e63b6b2cbcdb760be93d0407aacec73881972c1f608ceb560f,bump_left,23,600000,1.1,86.95182296089259,pure_effective_gradient_flow,False,False,86.95182296089259,0.0,0.0,7.904711178262971,70.88970813201404,65.07484026952092,-11142.146660545102,False,conditioning,,no_initial_region,conditioning,0.0,0.0,0,,,,,,,,,,,,,,,,,,,,,,
/workspace/junmiaoh/experiments/precision-mlps/mechanism-0365cd3-20260923/evidence/inputs/confirmation.npz,17,dc14f127ad41c1e63b6b2cbcdb760be93d0407aacec73881972c1f608ceb560f,bump_left,23,600000,1.25,98.80888972828701,pure_effective_gradient_flow,False,False,98.80888972828701,0.0,0.0,19.7617779456574,70.88970813201404,65.07484026952092,-16350.298786358915,False,conditioning,,no_initial_region,conditioning,0.0,0.0,0,,,,,,,,,,,,,,,,,,,,,,
/workspace/junmiaoh/experiments/precision-mlps/mechanism-0365cd3-20260923/evidence/inputs/confirmation.npz,17,dc14f127ad41c1e63b6b2cbcdb760be93d0407aacec73881972c1f608ceb560f,bump_left,23,600000,1.5,118.57066767394443,pure_effective_gradient_flow,False,False,118.57066767394443,0.0,0.0,39.523555891314814,70.88970813201404,65.07484026952092,-28253.600058436918,False,conditioning,,no_initial_region,conditioning,0.0,0.0,0,,,,,,,,,,,,,,,,,,,,,,
/workspace/junmiaoh/experiments/precision-mlps/mechanism-0365cd3-20260923/evidence/inputs/confirmation.npz,17,dc14f127ad41c1e63b6b2cbcdb760be93d0407aacec73881972c1f608ceb560f,bump_left,23,600000,2.0,158.09422356525923,pure_effective_gradient_flow,False,False,158.09422356525923,0.0,0.0,79.04711178262961,70.88970813201404,65.07484026952092,-66972.0305698115,False,conditioning,,no_initial_region,conditioning,0.0,0.0,0,,,,,,,,,,,,,,,,,,,,,,
/workspace/junmiaoh/experiments/precision-mlps/mechanism-0365cd3-20260923/evidence/inputs/confirmation.npz,18,5d6fcb056ad2602e57f2212c419ec474b07fba5b39cc279b5bd2aeb377a36622,bump_right,23,600000,1.01,132.21340307055067,pure_effective_gradient_flow,False,False,132.21340307055067,0.0,0.0,1.3090435947579238,187.9221631286746,173.9806378972619,-39171.4898985489,False,conditioning,,no_initial_region,conditioning,0.0,0.0,0,,,,,,,,,,,,,,,,,,,,,,
/workspace/junmiaoh/experiments/precision-mlps/mechanism-0365cd3-20260923/evidence/inputs/confirmation.npz,18,5d6fcb056ad2602e57f2212c419ec474b07fba5b39cc279b5bd2aeb377a36622,bump_right,23,600000,1.025,134.17696846268754,pure_effective_gradient_flow,False,False,134.17696846268754,0.0,0.0,3.272608986894795,187.9221631286746,173.9806378972619,-40942.820123186146,False,conditioning,,no_initial_region,conditioning,0.0,0.0,0,,,,,,,,,,,,,,,,,,,,,,
/workspace/junmiaoh/experiments/precision-mlps/mechanism-0365cd3-20260923/evidence/inputs/confirmation.npz,18,5d6fcb056ad2602e57f2212c419ec474b07fba5b39cc279b5bd2aeb377a36622,bump_right,23,600000,1.05,137.4495774495824,pure_effective_gradient_flow,False,False,137.4495774495824,0.0,0.0,6.545217973789647,187.9221631286746,173.9806378972619,-44012.32837968532,False,conditioning,,no_initial_region,conditioning,0.0,0.0,0,,,,,,,,,,,,,,,,,,,,,,
/workspace/junmiaoh/experiments/precision-mlps/mechanism-0365cd3-20260923/evidence/inputs/confirmation.npz,18,5d6fcb056ad2602e57f2212c419ec474b07fba5b39cc279b5bd2aeb377a36622,bump_right,23,600000,1.1,143.99479542337204,pure_effective_gradient_flow,False,False,143.99479542337204,0.0,0.0,13.090435947579294,187.9221631286746,173.9806378972619,-50604.018647561184,False,conditioning,,no_initial_region,conditioning,0.0,0.0,0,,,,,,,,,,,,,,,,,,,,,,
/workspace/junmiaoh/experiments/precision-mlps/mechanism-0365cd3-20260923/evidence/inputs/confirmation.npz,18,5d6fcb056ad2602e57f2212c419ec474b07fba5b39cc279b5bd2aeb377a36622,bump_right,23,600000,1.25,163.63044934474092,pure_effective_gradient_flow,False,False,163.63044934474092,0.0,0.0,32.72608986894818,187.9221631286746,173.9806378972619,-74257.11342998232,False,conditioning,,no_initial_region,conditioning,0.0,0.0,0,,,,,,,,,,,,,,,,,,,,,,
/workspace/junmiaoh/experiments/precision-mlps/mechanism-0365cd3-20260923/evidence/inputs/confirmation.npz,18,5d6fcb056ad2602e57f2212c419ec474b07fba5b39cc279b5bd2aeb377a36622,bump_right,23,600000,1.5,196.35653921368913,pure_effective_gradient_flow,False,False,196.35653921368913,0.0,0.0,65.45217973789639,187.9221631286746,173.9806378972619,-128316.57759515027,False,conditioning,,no_initial_region,conditioning,0.0,0.0,0,,,,,,,,,,,,,,,,,,,,,,
/workspace/junmiaoh/experiments/precision-mlps/mechanism-0365cd3-20260923/evidence/inputs/confirmation.npz,18,5d6fcb056ad2602e57f2212c419ec474b07fba5b39cc279b5bd2aeb377a36622,bump_right,23,600000,2.0,261.8087189515855,pure_effective_gradient_flow,False,False,261.8087189515855,0.0,0.0,130.90435947579275,187.9221631286746,173.9806378972619,-304158.3511433888,False,conditioning,,no_initial_region,conditioning,0.0,0.0,0,,,,,,,,,,,,,,,,,,,,,,
/workspace/junmiaoh/experiments/precision-mlps/mechanism-0365cd3-20260923/evidence/inputs/confirmation.npz,19,679c32851b170770f2d82bf7c19b01ba9bb73e65c1a4ca864fb803f82606d05b,step_left,23,600000,1.01,67.90878324132017,pure_effective_gradient_flow,False,False,67.90878324132017,0.0,0.0,0.6723641905081195,32.144084080662715,28.570692277599917,-5307.555999052468,False,conditioning,,no_initial_region,conditioning,0.0,0.0,0,,,,,,,,,,,,,,,,,,,,,,
/workspace/junmiaoh/experiments/precision-mlps/mechanism-0365cd3-20260923/evidence/inputs/confirmation.npz,19,679c32851b170770f2d82bf7c19b01ba9bb73e65c1a4ca864fb803f82606d05b,step_left,23,600000,1.025,68.91732952708234,pure_effective_gradient_flow,False,False,68.91732952708234,0.0,0.0,1.6809104762702987,32.144084080662715,28.570692277599917,-5547.577932044941,False,conditioning,,no_initial_region,conditioning,0.0,0.0,0,,,,,,,,,,,,,,,,,,,,,,
/workspace/junmiaoh/experiments/precision-mlps/mechanism-0365cd3-20260923/evidence/inputs/confirmation.npz,19,679c32851b170770f2d82bf7c19b01ba9bb73e65c1a4ca864fb803f82606d05b,step_left,23,600000,1.05,70.59824000335266,pure_effective_gradient_flow,False,False,70.59824000335266,0.0,0.0,3.3618209525406115,32.144084080662715,28.570692277599917,-5963.507889550277,False,conditioning,,no_initial_region,conditioning,0.0,0.0,0,,,,,,,,,,,,,,,,,,,,,,
/workspace/junmiaoh/experiments/precision-mlps/mechanism-0365cd3-20260923/evidence/inputs/confirmation.npz,19,679c32851b170770f2d82bf7c19b01ba9bb73e65c1a4ca864fb803f82606d05b,step_left,23,600000,1.1,73.96006095589325,pure_effective_gradient_flow,False,False,73.96006095589325,0.0,0.0,6.723641905081209,32.144084080662715,28.570692277599917,-6856.706807390248,False,conditioning,,no_initial_region,conditioning,0.0,0.0,0,,,,,,,,,,,,,,,,,,,,,,
/workspace/junmiaoh/experiments/precision-mlps/mechanism-0365cd3-20260923/evidence/inputs/confirmation.npz,19,679c32851b170770f2d82bf7c19b01ba9bb73e65c1a4ca864fb803f82606d05b,step_left,23,600000,1.25,84.04552381351506,pure_effective_gradient_flow,False,False,84.04552381351506,0.0,0.0,16.809104762703015,32.144084080662715,28.570692277599917,-10061.790451290433,False,conditioning,,no_initial_region,conditioning,0.0,0.0,0,,,,,,,,,,,,,,,,,,,,,,
/workspace/junmiaoh/experiments/precision-mlps/mechanism-0365cd3-20260923/evidence/inputs/confirmation.npz,19,679c32851b170770f2d82bf7c19b01ba9bb73e65c1a4ca864fb803f82606d05b,step_left,23,600000,1.5,100.85462857621806,pure_effective_gradient_flow,False,False,100.85462857621806,0.0,0.0,33.618209525406016,32.144084080662715,28.570692277599917,-17387.051944029947,False,conditioning,,no_initial_region,conditioning,0.0,0.0,0,,,,,,,,,,,,,,,,,,,,,,
/workspace/junmiaoh/experiments/precision-mlps/mechanism-0365cd3-20260923/evidence/inputs/confirmation.npz,19,679c32851b170770f2d82bf7c19b01ba9bb73e65c1a4ca864fb803f82606d05b,step_left,23,600000,2.0,134.4728381016241,pure_effective_gradient_flow,False,False,134.4728381016241,0.0,0.0,67.23641905081205,32.144084080662715,28.570692277599917,-41214.27614019367,False,conditioning,,no_initial_region,conditioning,0.0,0.0,0,,,,,,,,,,,,,,,,,,,,,,
/workspace/junmiaoh/experiments/precision-mlps/mechanism-0365cd3-20260923/evidence/inputs/confirmation.npz,20,c04ba0180f17edfc547c619bce736ed88b23d6a4343a1718d830f174153bf61f,step_right,23,600000,1.01,92.23871646379618,pure_effective_gradient_flow,False,False,92.23871646379618,0.0,0.0,0.913254618453422,54.67370676184841,48.46115984064186,-13300.722985337039,False,conditioning,,no_initial_region,conditioning,0.0,0.0,0,,,,,,,,,,,,,,,,,,,,,,
/workspace/junmiaoh/experiments/precision-mlps/mechanism-0365cd3-20260923/evidence/inputs/confirmation.npz,20,c04ba0180f17edfc547c619bce736ed88b23d6a4343a1718d830f174153bf61f,step_right,23,600000,1.025,93.60859839147632,pure_effective_gradient_flow,False,False,93.60859839147632,0.0,0.0,2.283136546133562,54.67370676184841,48.46115984064186,-13902.191412256956,False,conditioning,,no_initial_region,conditioning,0.0,0.0,0,,,,,,,,,,,,,,,,,,,,,,
/workspace/junmiaoh/experiments/precision-mlps/mechanism-0365cd3-20260923/evidence/inputs/confirmation.npz,20,c04ba0180f17edfc547c619bce736ed88b23d6a4343a1718d830f174153bf61f,step_right,23,600000,1.05,95.8917349376099,pure_effective_gradient_flow,False,False,95.8917349376099,0.0,0.0,4.566273092267139,54.67370676184841,48.46115984064186,-14944.465899969891,False,conditioning,,no_initial_region,conditioning,0.0,0.0,0,,,,,,,,,,,,,,,,,,,,,,
/workspace/junmiaoh/experiments/precision-mlps/mechanism-0365cd3-20260923/evidence/inputs/confirmation.npz,20,c04ba0180f17edfc547c619bce736ed88b23d6a4343a1718d830f174153bf61f,step_right,23,600000,1.1,100.45800802987704,pure_effective_gradient_flow,False,False,100.45800802987704,0.0,0.0,9.132546184534277,54.67370676184841,48.46115984064186,-17182.72363476043,False,conditioning,,no_initial_region,conditioning,0.0,0.0,0,,,,,,,,,,,,,,,,,,,,,,
/workspace/junmiaoh/experiments/precision-mlps/mechanism-0365cd3-20260923/evidence/inputs/confirmation.npz,20,c04ba0180f17edfc547c619bce736ed88b23d6a4343a1718d830f174153bf61f,step_right,23,600000,1.25,114.15682730667845,pure_effective_gradient_flow,False,False,114.15682730667845,0.0,0.0,22.831365461335693,54.67370676184841,48.46115984064186,-25214.308887862455,False,conditioning,,no_initial_region,conditioning,0.0,0.0,0,,,,,,,,,,,,,,,,,,,,,,
/workspace/junmiaoh/experiments/precision-mlps/mechanism-0365cd3-20260923/evidence/inputs/confirmation.npz,20,c04ba0180f17edfc547c619bce736ed88b23d6a4343a1718d830f174153bf61f,step_right,23,600000,1.5,136.98819276801413,pure_effective_gradient_flow,False,False,136.98819276801413,0.0,0.0,45.66273092267137,54.67370676184841,48.46115984064186,-43570.604297554135,False,conditioning,,no_initial_region,conditioning,0.0,0.0,0,,,,,,,,,,,,,,,,,,,,,,
/workspace/junmiaoh/experiments/precision-mlps/mechanism-0365cd3-20260923/evidence/inputs/confirmation.npz,20,c04ba0180f17edfc547c619bce736ed88b23d6a4343a1718d830f174153bf61f,step_right,23,600000,2.0,182.65092369068552,pure_effective_gradient_flow,False,False,182.65092369068552,0.0,0.0,91.32546184534276,54.67370676184841,48.46115984064186,-103278.99376204578,False,conditioning,,no_initial_region,conditioning,0.0,0.0,0,,,,,,,,,,,,,,,,,,,,,,
/workspace/junmiaoh/experiments/precision-mlps/mechanism-0365cd3-20260923/evidence/inputs/confirmation.npz,21,b75712ea48c901e65375afc383a82839fc10eb934379c80f57a4a93df9a8a166,kink_abs,23,600000,1.01,32.38793426420055,pure_effective_gradient_flow,False,False,32.38793426420055,0.0,0.0,0.320672616477232,22.29810446045443,17.860071448474407,-575.473231921689,False,conditioning,,no_initial_region,conditioning,0.0,0.0,0,,,,,,,,,,,,,,,,,,,,,,
/workspace/junmiaoh/experiments/precision-mlps/mechanism-0365cd3-20260923/evidence/inputs/confirmation.npz,21,b75712ea48c901e65375afc383a82839fc10eb934379c80f57a4a93df9a8a166,kink_abs,23,600000,1.025,32.868943188916404,pure_effective_gradient_flow,False,False,32.868943188916404,0.0,0.0,0.8016815411930835,22.29810446045443,17.860071448474407,-601.5121436451598,False,conditioning,,no_initial_region,conditioning,0.0,0.0,0,,,,,,,,,,,,,,,,,,,,,,
/workspace/junmiaoh/experiments/precision-mlps/mechanism-0365cd3-20260923/evidence/inputs/confirmation.npz,21,b75712ea48c901e65375afc383a82839fc10eb934379c80f57a4a93df9a8a166,kink_abs,23,600000,1.05,33.67062473010949,pure_effective_gradient_flow,False,False,33.67062473010949,0.0,0.0,1.603363082386167,22.29810446045443,17.860071448474407,-646.6345343850418,False,conditioning,,no_initial_region,conditioning,0.0,0.0,0,,,,,,,,,,,,,,,,,,,,,,
/workspace/junmiaoh/experiments/precision-mlps/mechanism-0365cd3-20260923/evidence/inputs/confirmation.npz,21,b75712ea48c901e65375afc383a82839fc10eb934379c80f57a4a93df9a8a166,kink_abs,23,600000,1.1,35.273987812495655,pure_effective_gradient_flow,False,False,35.273987812495655,0.0,0.0,3.206726164772334,22.29810446045443,17.860071448474407,-743.5337114026014,False,conditioning,,no_initial_region,conditioning,0.0,0.0,0,,,,,,,,,,,,,,,,,,,,,,
/workspace/junmiaoh/experiments/precision-mlps/mechanism-0365cd3-20260923/evidence/inputs/confirmation.npz,21,b75712ea48c901e65375afc383a82839fc10eb934379c80f57a4a93df9a8a166,kink_abs,23,600000,1.25,40.08407705965415,pure_effective_gradient_flow,False,False,40.08407705965415,0.0,0.0,8.016815411930828,22.29810446045443,17.860071448474407,-1091.2389774562378,False,conditioning,,no_initial_region,conditioning,0.0,0.0,0,,,,,,,,,,,,,,,,,,,,,,
/workspace/junmiaoh/experiments/precision-mlps/mechanism-0365cd3-20260923/evidence/inputs/confirmation.npz,21,b75712ea48c901e65375afc383a82839fc10eb934379c80f57a4a93df9a8a166,kink_abs,23,600000,1.5,48.100892471584984,pure_effective_gradient_flow,False,False,48.100892471584984,0.0,0.0,16.033630823861664,22.29810446045443,17.860071448474407,-1885.9240088727777,False,conditioning,,no_initial_region,conditioning,0.0,0.0,0,,,,,,,,,,,,,,,,,,,,,,
/workspace/junmiaoh/experiments/precision-mlps/mechanism-0365cd3-20260923/evidence/inputs/confirmation.npz,21,b75712ea48c901e65375afc383a82839fc10eb934379c80f57a4a93df9a8a166,kink_abs,23,600000,2.0,64.13452329544664,pure_effective_gradient_flow,False,False,64.13452329544664,0.0,0.0,32.06726164772332,22.29810446045443,17.860071448474407,-4470.833561612289,False,conditioning,,no_initial_region,conditioning,0.0,0.0,0,,,,,,,,,,,,,,,,,,,,,,
/workspace/junmiaoh/experiments/precision-mlps/mechanism-0365cd3-20260923/evidence/inputs/confirmation.npz,22,97713c8e9874745ba54d470fcfc38927775b652d53910f252d755269dd6920dd,kink_relu,23,600000,1.01,56.83405983409994,pure_effective_gradient_flow,False,False,56.83405983409994,0.0,0.0,0.5627134637039575,29.14313174777505,21.2557218346109,-3111.1845588870033,False,conditioning,,no_initial_region,conditioning,0.0,0.0,0,,,,,,,,,,,,,,,,,,,,,,
/workspace/junmiaoh/experiments/precision-mlps/mechanism-0365cd3-20260923/evidence/inputs/confirmation.npz,22,97713c8e9874745ba54d470fcfc38927775b652d53910f252d755269dd6920dd,kink_relu,23,600000,1.025,57.678130029655875,pure_effective_gradient_flow,False,False,57.678130029655875,0.0,0.0,1.4067836592598937,29.14313174777505,21.2557218346109,-3251.8861868272784,False,conditioning,,no_initial_region,conditioning,0.0,0.0,0,,,,,,,,,,,,,,,,,,,,,,
/workspace/junmiaoh/experiments/precision-mlps/mechanism-0365cd3-20260923/evidence/inputs/confirmation.npz,22,97713c8e9874745ba54d470fcfc38927775b652d53910f252d755269dd6920dd,kink_relu,23,600000,1.05,59.08491368891578,pure_effective_gradient_flow,False,False,59.08491368891578,0.0,0.0,2.8135673185198016,29.14313174777505,21.2557218346109,-3495.7056636580255,False,conditioning,,no_initial_region,conditioning,0.0,0.0,0,,,,,,,,,,,,,,,,,,,,,,
/workspace/junmiaoh/experiments/precision-mlps/mechanism-0365cd3-20260923/evidence/inputs/confirmation.npz,22,97713c8e9874745ba54d470fcfc38927775b652d53910f252d755269dd6920dd,kink_relu,23,600000,1.1,61.898481007435585,pure_effective_gradient_flow,False,False,61.898481007435585,0.0,0.0,5.627134637039603,29.14313174777505,21.2557218346109,-4019.3017377656247,False,conditioning,,no_initial_region,conditioning,0.0,0.0,0,,,,,,,,,,,,,,,,,,,,,,
/workspace/junmiaoh/experiments/precision-mlps/mechanism-0365cd3-20260923/evidence/inputs/confirmation.npz,22,97713c8e9874745ba54d470fcfc38927775b652d53910f252d755269dd6920dd,kink_relu,23,600000,1.25,70.33918296299498,pure_effective_gradient_flow,False,False,70.33918296299498,0.0,0.0,14.067836592599,29.14313174777505,21.2557218346109,-5898.132062807814,False,conditioning,,no_initial_region,conditioning,0.0,0.0,0,,,,,,,,,,,,,,,,,,,,,,
/workspace/junmiaoh/experiments/precision-mlps/mechanism-0365cd3-20260923/evidence/inputs/confirmation.npz,22,97713c8e9874745ba54d470fcfc38927775b652d53910f252d755269dd6920dd,kink_relu,23,600000,1.5,84.40701955559398,pure_effective_gradient_flow,False,False,84.40701955559398,0.0,0.0,28.135673185197994,29.14313174777505,21.2557218346109,-10192.2238746131,False,conditioning,,no_initial_region,conditioning,0.0,0.0,0,,,,,,,,,,,,,,,,,,,,,,
/workspace/junmiaoh/experiments/precision-mlps/mechanism-0365cd3-20260923/evidence/inputs/confirmation.npz,22,97713c8e9874745ba54d470fcfc38927775b652d53910f252d755269dd6920dd,kink_relu,23,600000,2.0,112.54269274079196,pure_effective_gradient_flow,False,False,112.54269274079196,0.0,0.0,56.27134637039598,29.14313174777505,21.2557218346109,-24159.81921850722,False,conditioning,,no_initial_region,conditioning,0.0,0.0,0,,,,,,,,,,,,,,,,,,,,,,
/workspace/junmiaoh/experiments/precision-mlps/mechanism-0365cd3-20260923/evidence/width_inputs/N128_fork20000.npz,0,580463f861524cbab7057ebbbca41279f3192e35c8e888713ec12660d05dae8d,moment5,30,20000,1.01,4.503734859600584,pure_effective_gradient_flow,False,False,4.503734859600584,0.0,0.0,0.04459143425347101,6.179254843559344,4.18377851703222,-1.2252346282457243,False,conditioning,,no_initial_region,conditioning,0.0,0.0,0,,,,,,,,,,,,,,,,,,,,,,
/workspace/junmiaoh/experiments/precision-mlps/mechanism-0365cd3-20260923/evidence/width_inputs/N128_fork20000.npz,0,580463f861524cbab7057ebbbca41279f3192e35c8e888713ec12660d05dae8d,moment5,30,20000,1.025,4.570622010980791,pure_effective_gradient_flow,False,False,4.570622010980791,0.0,0.0,0.11147858563367752,6.179254843559344,4.18377851703222,-1.2952496982337385,False,conditioning,,no_initial_region,conditioning,0.0,0.0,0,,,,,,,,,,,,,,,,,,,,,,
/workspace/junmiaoh/experiments/precision-mlps/mechanism-0365cd3-20260923/evidence/width_inputs/N128_fork20000.npz,0,580463f861524cbab7057ebbbca41279f3192e35c8e888713ec12660d05dae8d,moment5,30,20000,1.05,4.682100596614469,pure_effective_gradient_flow,False,False,4.682100596614469,0.0,0.0,0.22295717126735592,6.179254843559344,4.18377851703222,-1.4165776315679008,False,conditioning,,no_initial_region,conditioning,0.0,0.0,0,,,,,,,,,,,,,,,,,,,,,,
/workspace/junmiaoh/experiments/precision-mlps/mechanism-0365cd3-20260923/evidence/width_inputs/N128_fork20000.npz,0,580463f861524cbab7057ebbbca41279f3192e35c8e888713ec12660d05dae8d,moment5,30,20000,1.1,4.905057767881825,pure_effective_gradient_flow,False,False,4.905057767881825,0.0,0.0,0.44591434253471185,6.179254843559344,4.18377851703222,-1.6771262571293213,False,conditioning,,no_initial_region,conditioning,0.0,0.0,0,,,,,,,,,,,,,,,,,,,,,,
/workspace/junmiaoh/experiments/precision-mlps/mechanism-0365cd3-20260923/evidence/width_inputs/N128_fork20000.npz,0,580463f861524cbab7057ebbbca41279f3192e35c8e888713ec12660d05dae8d,moment5,30,20000,1.25,5.573929281683892,pure_effective_gradient_flow,False,False,5.573929281683892,0.0,0.0,1.1147858563367787,6.179254843559344,4.18377851703222,-2.6120581312599542,False,conditioning,,no_initial_region,conditioning,0.0,0.0,0,,,,,,,,,,,,,,,,,,,,,,
/workspace/junmiaoh/experiments/precision-mlps/mechanism-0365cd3-20260923/evidence/width_inputs/N128_fork20000.npz,0,580463f861524cbab7057ebbbca41279f3192e35c8e888713ec12660d05dae8d,moment5,30,20000,1.5,6.68871513802067,pure_effective_gradient_flow,False,False,6.68871513802067,0.0,0.0,2.2295717126735566,6.179254843559344,4.18377851703222,-4.748857421642906,False,conditioning,,no_initial_region,conditioning,0.0,0.0,0,,,,,,,,,,,,,,,,,,,,,,
/workspace/junmiaoh/experiments/precision-mlps/mechanism-0365cd3-20260923/evidence/width_inputs/N128_fork20000.npz,0,580463f861524cbab7057ebbbca41279f3192e35c8e888713ec12660d05dae8d,moment5,30,20000,2.0,8.918286850694226,pure_effective_gradient_flow,False,False,8.918286850694226,0.0,0.0,4.459143425347113,6.179254843559344,4.18377851703222,-11.69932544310833,False,conditioning,,no_initial_region,conditioning,0.0,0.0,0,,,,,,,,,,,,,,,,,,,,,,
/workspace/junmiaoh/experiments/precision-mlps/mechanism-0365cd3-20260923/evidence/width_inputs/N128_fork20000.npz,1,26cb2b92b5e9a56665ee5a2c556c656a596f0ed54ee6314e73635c8a030f20c7,mixed_sine,30,20000,1.01,4.081476748010046,pure_effective_gradient_flow,False,False,4.081476748010046,0.0,0.0,0.04041066087138656,6.138969702869199,4.1499449395638655,-0.8296198183106361,False,conditioning,,no_initial_region,conditioning,0.0,0.0,0,,,,,,,,,,,,,,,,,,,,,,
/workspace/junmiaoh/experiments/precision-mlps/mechanism-0365cd3-20260923/evidence/width_inputs/N128_fork20000.npz,1,26cb2b92b5e9a56665ee5a2c556c656a596f0ed54ee6314e73635c8a030f20c7,mixed_sine,30,20000,1.025,4.142092739317126,pure_effective_gradient_flow,False,False,4.142092739317126,0.0,0.0,0.10102665217846596,6.138969702869199,4.1499449395638655,-0.8817302969110575,False,conditioning,,no_initial_region,conditioning,0.0,0.0,0,,,,,,,,,,,,,,,,,,,,,,
/workspace/junmiaoh/experiments/precision-mlps/mechanism-0365cd3-20260923/evidence/width_inputs/N128_fork20000.npz,1,26cb2b92b5e9a56665ee5a2c556c656a596f0ed54ee6314e73635c8a030f20c7,mixed_sine,30,20000,1.05,4.2431193914955925,pure_effective_gradient_flow,False,False,4.2431193914955925,0.0,0.0,0.2020533043569328,6.138969702869199,4.1499449395638655,-0.9720316659552587,False,conditioning,,no_initial_region,conditioning,0.0,0.0,0,,,,,,,,,,,,,,,,,,,,,,
/workspace/junmiaoh/experiments/precision-mlps/mechanism-0365cd3-20260923/evidence/width_inputs/N128_fork20000.npz,1,26cb2b92b5e9a56665ee5a2c556c656a596f0ed54ee6314e73635c8a030f20c7,mixed_sine,30,20000,1.1,4.445172695852526,pure_effective_gradient_flow,False,False,4.445172695852526,0.0,0.0,0.4041066087138665,6.138969702869199,4.1499449395638655,-1.1659515403339036,False,conditioning,,no_initial_region,conditioning,0.0,0.0,0,,,,,,,,,,,,,,,,,,,,,,
/workspace/junmiaoh/experiments/precision-mlps/mechanism-0365cd3-20260923/evidence/width_inputs/N128_fork20000.npz,1,26cb2b92b5e9a56665ee5a2c556c656a596f0ed54ee6314e73635c8a030f20c7,mixed_sine,30,20000,1.25,5.051332608923325,pure_effective_gradient_flow,False,False,5.051332608923325,0.0,0.0,1.010266521784665,6.138969702869199,4.1499449395638655,-1.861798126334273,False,conditioning,,no_initial_region,conditioning,0.0,0.0,0,,,,,,,,,,,,,,,,,,,,,,
/workspace/junmiaoh/experiments/precision-mlps/mechanism-0365cd3-20260923/evidence/width_inputs/N128_fork20000.npz,1,26cb2b92b5e9a56665ee5a2c556c656a596f0ed54ee6314e73635c8a030f20c7,mixed_sine,30,20000,1.5,6.0615991307079895,pure_effective_gradient_flow,False,False,6.0615991307079895,0.0,0.0,2.02053304356933,6.138969702869199,4.1499449395638655,-3.4521647961663406,False,conditioning,,no_initial_region,conditioning,0.0,0.0,0,,,,,,,,,,,,,,,,,,,,,,
/workspace/junmiaoh/experiments/precision-mlps/mechanism-0365cd3-20260923/evidence/width_inputs/N128_fork20000.npz,1,26cb2b92b5e9a56665ee5a2c556c656a596f0ed54ee6314e73635c8a030f20c7,mixed_sine,30,20000,2.0,8.08213217427732,pure_effective_gradient_flow,False,False,8.08213217427732,0.0,0.0,4.04106608713866,6.138969702869199,4.1499449395638655,-8.625225612323398,False,conditioning,,no_initial_region,conditioning,0.0,0.0,0,,,,,,,,,,,,,,,,,,,,,,
/workspace/junmiaoh/experiments/precision-mlps/mechanism-0365cd3-20260923/evidence/width_inputs/N128_fork20000.npz,2,5fcdf0c7617e5a222f023a49f7f4cac9b9a62ab2019b4b56ebc3eb569bd005e8,gauss_left,30,20000,1.01,5.015248579952395,pure_effective_gradient_flow,False,False,5.015248579952395,0.0,0.0,0.04965592653418227,6.226429328375118,4.207486380227863,-1.8152053611393657,False,conditioning,,no_initial_region,conditioning,0.0,0.0,0,,,,,,,,,,,,,,,,,,,,,,
/workspace/junmiaoh/experiments/precision-mlps/mechanism-0365cd3-20260923/evidence/width_inputs/N128_fork20000.npz,2,5fcdf0c7617e5a222f023a49f7f4cac9b9a62ab2019b4b56ebc3eb569bd005e8,gauss_left,30,20000,1.025,5.089732469753668,pure_effective_gradient_flow,False,False,5.089732469753668,0.0,0.0,0.12413981633545479,6.226429328375118,4.207486380227863,-1.9118884401544727,False,conditioning,,no_initial_region,conditioning,0.0,0.0,0,,,,,,,,,,,,,,,,,,,,,,
/workspace/junmiaoh/experiments/precision-mlps/mechanism-0365cd3-20260923/evidence/width_inputs/N128_fork20000.npz,2,5fcdf0c7617e5a222f023a49f7f4cac9b9a62ab2019b4b56ebc3eb569bd005e8,gauss_left,30,20000,1.05,5.213872286089123,pure_effective_gradient_flow,False,False,5.213872286089123,0.0,0.0,0.24827963267091047,6.226429328375118,4.207486380227863,-2.0794289163304533,False,conditioning,,no_initial_region,conditioning,0.0,0.0,0,,,,,,,,,,,,,,,,,,,,,,
/workspace/junmiaoh/experiments/precision-mlps/mechanism-0365cd3-20260923/evidence/width_inputs/N128_fork20000.npz,2,5fcdf0c7617e5a222f023a49f7f4cac9b9a62ab2019b4b56ebc3eb569bd005e8,gauss_left,30,20000,1.1,5.462151918760035,pure_effective_gradient_flow,False,False,5.462151918760035,0.0,0.0,0.4965592653418218,6.226429328375118,4.207486380227863,-2.4392177925930207,False,conditioning,,no_initial_region,conditioning,0.0,0.0,0,,,,,,,,,,,,,,,,,,,,,,
/workspace/junmiaoh/experiments/precision-mlps/mechanism-0365cd3-20260923/evidence/width_inputs/N128_fork20000.npz,2,5fcdf0c7617e5a222f023a49f7f4cac9b9a62ab2019b4b56ebc3eb569bd005e8,gauss_left,30,20000,1.25,6.206990816772766,pure_effective_gradient_flow,False,False,6.206990816772766,0.0,0.0,1.2413981633545532,6.226429328375118,4.207486380227863,-3.7302554545676343,False,conditioning,,no_initial_region,conditioning,0.0,0.0,0,,,,,,,,,,,,,,,,,,,,,,
/workspace/junmiaoh/experiments/precision-mlps/mechanism-0365cd3-20260923/evidence/width_inputs/N128_fork20000.npz,2,5fcdf0c7617e5a222f023a49f7f4cac9b9a62ab2019b4b56ebc3eb569bd005e8,gauss_left,30,20000,1.5,7.448388980127319,pure_effective_gradient_flow,False,False,7.448388980127319,0.0,0.0,2.4827963267091064,6.226429328375118,4.207486380227863,-6.680939281162217,False,conditioning,,no_initial_region,conditioning,0.0,0.0,0,,,,,,,,,,,,,,,,,,,,,,
/workspace/junmiaoh/experiments/precision-mlps/mechanism-0365cd3-20260923/evidence/width_inputs/N128_fork20000.npz,2,5fcdf0c7617e5a222f023a49f7f4cac9b9a62ab2019b4b56ebc3eb569bd005e8,gauss_left,30,20000,2.0,9.931185306836426,pure_effective_gradient_flow,False,False,9.931185306836426,0.0,0.0,4.965592653418213,6.226429328375118,4.207486380227863,-16.278767991843498,False,conditioning,,no_initial_region,conditioning,0.0,0.0,0,,,,,,,,,,,,,,,,,,,,,,
/workspace/junmiaoh/experiments/precision-mlps/mechanism-0365cd3-20260923/evidence/width_inputs/N128_fork20000.npz,3,77bf1677c7fd2b3d0c388e03b6c736384da70475ecb797af18ff8b63e236f52f,bump_right,30,20000,1.01,5.016017780197182,pure_effective_gradient_flow,False,False,5.016017780197182,0.0,0.0,0.04966354237819015,6.139676241083565,4.133845803521791,-1.8169432992286114,False,conditioning,,no_initial_region,conditioning,0.0,0.0,0,,,,,,,,,,,,,,,,,,,,,,
/workspace/junmiaoh/experiments/precision-mlps/mechanism-0365cd3-20260923/evidence/width_inputs/N128_fork20000.npz,3,77bf1677c7fd2b3d0c388e03b6c736384da70475ecb797af18ff8b63e236f52f,bump_right,30,20000,1.025,5.090513093764466,pure_effective_gradient_flow,False,False,5.090513093764466,0.0,0.0,0.12415885594547404,6.139676241083565,4.133845803521791,-1.9136708705875374,False,conditioning,,no_initial_region,conditioning,0.0,0.0,0,,,,,,,,,,,,,,,,,,,,,,
/workspace/junmiaoh/experiments/precision-mlps/mechanism-0365cd3-20260923/evidence/width_inputs/N128_fork20000.npz,3,77bf1677c7fd2b3d0c388e03b6c736384da70475ecb797af18ff8b63e236f52f,bump_right,30,20000,1.05,5.214671949709942,pure_effective_gradient_flow,False,False,5.214671949709942,0.0,0.0,0.24831771189094987,6.139676241083565,4.133845803521791,-2.0812884467953507,False,conditioning,,no_initial_region,conditioning,0.0,0.0,0,,,,,,,,,,,,,,,,,,,,,,
/workspace/junmiaoh/experiments/precision-mlps/mechanism-0365cd3-20260923/evidence/width_inputs/N128_fork20000.npz,3,77bf1677c7fd2b3d0c388e03b6c736384da70475ecb797af18ff8b63e236f52f,bump_right,30,20000,1.1,5.462989661600892,pure_effective_gradient_flow,False,False,5.462989661600892,0.0,0.0,0.49663542378189973,6.139676241083565,4.133845803521791,-2.441242893399161,False,conditioning,,no_initial_region,conditioning,0.0,0.0,0,,,,,,,,,,,,,,,,,,,,,,
/workspace/junmiaoh/experiments/precision-mlps/mechanism-0365cd3-20260923/evidence/width_inputs/N128_fork20000.npz,3,77bf1677c7fd2b3d0c388e03b6c736384da70475ecb797af18ff8b63e236f52f,bump_right,30,20000,1.25,6.2079427972737395,pure_effective_gradient_flow,False,False,6.2079427972737395,0.0,0.0,1.2415885594547476,6.139676241083565,4.133845803521791,-3.7328746747597648,False,conditioning,,no_initial_region,conditioning,0.0,0.0,0,,,,,,,,,,,,,,,,,,,,,,
/workspace/junmiaoh/experiments/precision-mlps/mechanism-0365cd3-20260923/evidence/width_inputs/N128_fork20000.npz,3,77bf1677c7fd2b3d0c388e03b6c736384da70475ecb797af18ff8b63e236f52f,bump_right,30,20000,1.5,7.449531356728488,pure_effective_gradient_flow,False,False,7.449531356728488,0.0,0.0,2.483177118909496,6.139676241083565,4.133845803521791,-6.684916369149335,False,conditioning,,no_initial_region,conditioning,0.0,0.0,0,,,,,,,,,,,,,,,,,,,,,,
/workspace/junmiaoh/experiments/precision-mlps/mechanism-0365cd3-20260923/evidence/width_inputs/N128_fork20000.npz,3,77bf1677c7fd2b3d0c388e03b6c736384da70475ecb797af18ff8b63e236f52f,bump_right,30,20000,2.0,9.932708475637984,pure_effective_gradient_flow,False,False,9.932708475637984,0.0,0.0,4.966354237818992,6.139676241083565,4.133845803521791,-16.287161880570352,False,conditioning,,no_initial_region,conditioning,0.0,0.0,0,,,,,,,,,,,,,,,,,,,,,,
/workspace/junmiaoh/experiments/precision-mlps/mechanism-0365cd3-20260923/evidence/width_inputs/N128_fork20000.npz,4,12a248e6fec510e1fe29eb1a141dee05a385e2a934944d5b52b1b801ac13f278,step_right,30,20000,1.01,6.842221349964663,pure_effective_gradient_flow,False,False,6.842221349964663,0.0,0.0,0.06774476584123423,7.18954265682034,5.108093075697642,-5.096505027239156,False,conditioning,,no_initial_region,conditioning,0.0,0.0,0,,,,,,,,,,,,,,,,,,,,,,
/workspace/junmiaoh/experiments/precision-mlps/mechanism-0365cd3-20260923/evidence/width_inputs/N128_fork20000.npz,4,12a248e6fec510e1fe29eb1a141dee05a385e2a934944d5b52b1b801ac13f278,step_right,30,20000,1.025,6.943838498726514,pure_effective_gradient_flow,False,False,6.943838498726514,0.0,0.0,0.16936191460308514,7.18954265682034,5.108093075697642,-5.342012344768958,False,conditioning,,no_initial_region,conditioning,0.0,0.0,0,,,,,,,,,,,,,,,,,,,,,,
/workspace/junmiaoh/experiments/precision-mlps/mechanism-0365cd3-20260923/evidence/width_inputs/N128_fork20000.npz,4,12a248e6fec510e1fe29eb1a141dee05a385e2a934944d5b52b1b801ac13f278,step_right,30,20000,1.05,7.113200413329601,pure_effective_gradient_flow,False,False,7.113200413329601,0.0,0.0,0.33872382920617206,7.18954265682034,5.108093075697642,-5.767447832577571,False,conditioning,,no_initial_region,conditioning,0.0,0.0,0,,,,,,,,,,,,,,,,,,,,,,
/workspace/junmiaoh/experiments/precision-mlps/mechanism-0365cd3-20260923/evidence/width_inputs/N128_fork20000.npz,4,12a248e6fec510e1fe29eb1a141dee05a385e2a934944d5b52b1b801ac13f278,step_right,30,20000,1.1,7.451924242535772,pure_effective_gradient_flow,False,False,7.451924242535772,0.0,0.0,0.6774476584123432,7.18954265682034,5.108093075697642,-6.681059632988705,False,conditioning,,no_initial_region,conditioning,0.0,0.0,0,,,,,,,,,,,,,,,,,,,,,,
/workspace/junmiaoh/experiments/precision-mlps/mechanism-0365cd3-20260923/evidence/width_inputs/N128_fork20000.npz,4,12a248e6fec510e1fe29eb1a141dee05a385e2a934944d5b52b1b801ac13f278,step_right,30,20000,1.25,8.468095730154285,pure_effective_gradient_flow,False,False,8.468095730154285,0.0,0.0,1.6936191460308567,7.18954265682034,5.108093075697642,-9.959391234031395,False,conditioning,,no_initial_region,conditioning,0.0,0.0,0,,,,,,,,,,,,,,,,,,,,,,
/workspace/junmiaoh/experiments/precision-mlps/mechanism-0365cd3-20260923/evidence/width_inputs/N128_fork20000.npz,4,12a248e6fec510e1fe29eb1a141dee05a385e2a934944d5b52b1b801ac13f278,step_right,30,20000,1.5,10.161714876185144,pure_effective_gradient_flow,False,False,10.161714876185144,0.0,0.0,3.3872382920617152,7.18954265682034,5.108093075697642,-17.45206191151998,False,conditioning,,no_initial_region,conditioning,0.0,0.0,0,,,,,,,,,,,,,,,,,,,,,,
/workspace/junmiaoh/experiments/precision-mlps/mechanism-0365cd3-20260923/evidence/width_inputs/N128_fork20000.npz,4,12a248e6fec510e1fe29eb1a141dee05a385e2a934944d5b52b1b801ac13f278,step_right,30,20000,2.0,13.548953168246857,pure_effective_gradient_flow,False,False,13.548953168246857,0.0,0.0,6.774476584123429,7.18954265682034,5.108093075697642,-41.823825873460834,False,conditioning,,no_initial_region,conditioning,0.0,0.0,0,,,,,,,,,,,,,,,,,,,,,,
/workspace/junmiaoh/experiments/precision-mlps/mechanism-0365cd3-20260923/evidence/width_inputs/N128_fork20000.npz,5,c62998146f7ff6b57dba4f7e6353c8eec6f9b392695a4f5ad54e3fe2c9a243cb,kink_abs,30,20000,1.01,4.927899822046137,pure_effective_gradient_flow,False,False,4.927899822046137,0.0,0.0,0.048791087346991446,6.371109733735389,4.243064229230619,-1.707494524315453,False,conditioning,,no_initial_region,conditioning,0.0,0.0,0,,,,,,,,,,,,,,,,,,,,,,
/workspace/junmiaoh/experiments/precision-mlps/mechanism-0365cd3-20260923/evidence/width_inputs/N128_fork20000.npz,5,c62998146f7ff6b57dba4f7e6353c8eec6f9b392695a4f5ad54e3fe2c9a243cb,kink_abs,30,20000,1.025,5.001086453066624,pure_effective_gradient_flow,False,False,5.001086453066624,0.0,0.0,0.12197771836747862,6.371109733735389,4.243064229230619,-1.799213393921292,False,conditioning,,no_initial_region,conditioning,0.0,0.0,0,,,,,,,,,,,,,,,,,,,,,,
/workspace/junmiaoh/experiments/precision-mlps/mechanism-0365cd3-20260923/evidence/width_inputs/N128_fork20000.npz,5,c62998146f7ff6b57dba4f7e6353c8eec6f9b392695a4f5ad54e3fe2c9a243cb,kink_abs,30,20000,1.05,5.123064171434103,pure_effective_gradient_flow,False,False,5.123064171434103,0.0,0.0,0.24395543673495723,6.371109733735389,4.243064229230619,-1.958151475378997,False,conditioning,,no_initial_region,conditioning,0.0,0.0,0,,,,,,,,,,,,,,,,,,,,,,
/workspace/junmiaoh/experiments/precision-mlps/mechanism-0365cd3-20260923/evidence/width_inputs/N128_fork20000.npz,5,c62998146f7ff6b57dba4f7e6353c8eec6f9b392695a4f5ad54e3fe2c9a243cb,kink_abs,30,20000,1.1,5.367019608169061,pure_effective_gradient_flow,False,False,5.367019608169061,0.0,0.0,0.48791087346991535,6.371109733735389,4.243064229230619,-2.2994669295796357,False,conditioning,,no_initial_region,conditioning,0.0,0.0,0,,,,,,,,,,,,,,,,,,,,,,
/workspace/junmiaoh/experiments/precision-mlps/mechanism-0365cd3-20260923/evidence/width_inputs/N128_fork20000.npz,5,c62998146f7ff6b57dba4f7e6353c8eec6f9b392695a4f5ad54e3fe2c9a243cb,kink_abs,30,20000,1.25,6.098885918373932,pure_effective_gradient_flow,False,False,6.098885918373932,0.0,0.0,1.2197771836747862,6.371109733735389,4.243064229230619,-3.5242160395699536,False,conditioning,,no_initial_region,conditioning,0.0,0.0,0,,,,,,,,,,,,,,,,,,,,,,
/workspace/junmiaoh/experiments/precision-mlps/mechanism-0365cd3-20260923/evidence/width_inputs/N128_fork20000.npz,5,c62998146f7ff6b57dba4f7e6353c8eec6f9b392695a4f5ad54e3fe2c9a243cb,kink_abs,30,20000,1.5,7.318663102048719,pure_effective_gradient_flow,False,False,7.318663102048719,0.0,0.0,2.439554367349573,6.371109733735389,4.243064229230619,-6.323396494892414,False,conditioning,,no_initial_region,conditioning,0.0,0.0,0,,,,,,,,,,,,,,,,,,,,,,
/workspace/junmiaoh/experiments/precision-mlps/mechanism-0365cd3-20260923/evidence/width_inputs/N128_fork20000.npz,5,c62998146f7ff6b57dba4f7e6353c8eec6f9b392695a4f5ad54e3fe2c9a243cb,kink_abs,30,20000,2.0,9.758217469398291,pure_effective_gradient_flow,False,False,9.758217469398291,0.0,0.0,4.8791087346991455,6.371109733735389,4.243064229230619,-15.428423030886348,False,conditioning,,no_initial_region,conditioning,0.0,0.0,0,,,,,,,,,,,,,,,,,,,,,,
/workspace/junmiaoh/experiments/precision-mlps/mechanism-0365cd3-20260923/evidence/width_inputs/N128_fork20000.npz,6,e17019db70a61821d98ab67430da8aeed46e97dbb8714c7d575abd4cad9b10dd,moment5,31,20000,1.01,4.1975117802224515,pure_effective_gradient_flow,False,False,4.1975117802224515,0.0,0.0,0.041559522576459784,5.905206562890826,4.091163697302908,-0.9272252947924381,False,conditioning,,no_initial_region,conditioning,0.0,0.0,0,,,,,,,,,,,,,,,,,,,,,,
/workspace/junmiaoh/experiments/precision-mlps/mechanism-0365cd3-20260923/evidence/width_inputs/N128_fork20000.npz,6,e17019db70a61821d98ab67430da8aeed46e97dbb8714c7d575abd4cad9b10dd,moment5,31,20000,1.025,4.259851064087141,pure_effective_gradient_flow,False,False,4.259851064087141,0.0,0.0,0.10389880644114946,5.905206562890826,4.091163697302908,-0.9839077760094445,False,conditioning,,no_initial_region,conditioning,0.0,0.0,0,,,,,,,,,,,,,,,,,,,,,,
/workspace/junmiaoh/experiments/precision-mlps/mechanism-0365cd3-20260923/evidence/width_inputs/N128_fork20000.npz,6,e17019db70a61821d98ab67430da8aeed46e97dbb8714c7d575abd4cad9b10dd,moment5,31,20000,1.05,4.3637498705282916,pure_effective_gradient_flow,False,False,4.3637498705282916,0.0,0.0,0.2077976128822998,5.905206562890826,4.091163697302908,-1.0821318912390527,False,conditioning,,no_initial_region,conditioning,0.0,0.0,0,,,,,,,,,,,,,,,,,,,,,,
/workspace/junmiaoh/experiments/precision-mlps/mechanism-0365cd3-20260923/evidence/width_inputs/N128_fork20000.npz,6,e17019db70a61821d98ab67430da8aeed46e97dbb8714c7d575abd4cad9b10dd,moment5,31,20000,1.1,4.571547483410591,pure_effective_gradient_flow,False,False,4.571547483410591,0.0,0.0,0.4155952257645996,5.905206562890826,4.091163697302908,-1.2930656598838635,False,conditioning,,no_initial_region,conditioning,0.0,0.0,0,,,,,,,,,,,,,,,,,,,,,,
/workspace/junmiaoh/experiments/precision-mlps/mechanism-0365cd3-20260923/evidence/width_inputs/N128_fork20000.npz,6,e17019db70a61821d98ab67430da8aeed46e97dbb8714c7d575abd4cad9b10dd,moment5,31,20000,1.25,5.19494032205749,pure_effective_gradient_flow,False,False,5.19494032205749,0.0,0.0,1.0389880644114982,5.905206562890826,4.091163697302908,-2.0499635449200713,False,conditioning,,no_initial_region,conditioning,0.0,0.0,0,,,,,,,,,,,,,,,,,,,,,,
/workspace/junmiaoh/experiments/precision-mlps/mechanism-0365cd3-20260923/evidence/width_inputs/N128_fork20000.npz,6,e17019db70a61821d98ab67430da8aeed46e97dbb8714c7d575abd4cad9b10dd,moment5,31,20000,1.5,6.233928386468987,pure_effective_gradient_flow,False,False,6.233928386468987,0.0,0.0,2.0779761288229954,5.905206562890826,4.091163697302908,-3.7798637744332027,False,conditioning,,no_initial_region,conditioning,0.0,0.0,0,,,,,,,,,,,,,,,,,,,,,,
/workspace/junmiaoh/experiments/precision-mlps/mechanism-0365cd3-20260923/evidence/width_inputs/N128_fork20000.npz,6,e17019db70a61821d98ab67430da8aeed46e97dbb8714c7d575abd4cad9b10dd,moment5,31,20000,2.0,8.311904515291983,pure_effective_gradient_flow,False,False,8.311904515291983,0.0,0.0,4.155952257645992,5.905206562890826,4.091163697302908,-9.40679199350889,False,conditioning,,no_initial_region,conditioning,0.0,0.0,0,,,,,,,,,,,,,,,,,,,,,,
/workspace/junmiaoh/experiments/precision-mlps/mechanism-0365cd3-20260923/evidence/width_inputs/N128_fork20000.npz,7,56c710d0cd6ee7c52cdc9980310cab00a6a5dc43cbd82793b216bc9ae2e2238f,mixed_sine,31,20000,1.01,4.340561789300838,pure_effective_gradient_flow,False,False,4.340561789300838,0.0,0.0,0.042975859300008246,5.829631298147072,4.038396196738051,-1.0599805099926833,False,conditioning,,no_initial_region,conditioning,0.0,0.0,0,,,,,,,,,,,,,,,,,,,,,,
/workspace/junmiaoh/experiments/precision-mlps/mechanism-0365cd3-20260923/evidence/width_inputs/N128_fork20000.npz,7,56c710d0cd6ee7c52cdc9980310cab00a6a5dc43cbd82793b216bc9ae2e2238f,mixed_sine,31,20000,1.025,4.40502557825085,pure_effective_gradient_flow,False,False,4.40502557825085,0.0,0.0,0.10743964825002017,5.829631298147072,4.038396196738051,-1.1226579010376811,False,conditioning,,no_initial_region,conditioning,0.0,0.0,0,,,,,,,,,,,,,,,,,,,,,,
/workspace/junmiaoh/experiments/precision-mlps/mechanism-0365cd3-20260923/evidence/width_inputs/N128_fork20000.npz,7,56c710d0cd6ee7c52cdc9980310cab00a6a5dc43cbd82793b216bc9ae2e2238f,mixed_sine,31,20000,1.05,4.512465226500872,pure_effective_gradient_flow,False,False,4.512465226500872,0.0,0.0,0.21487929650004212,5.829631298147072,4.038396196738051,-1.231270494348929,False,conditioning,,no_initial_region,conditioning,0.0,0.0,0,,,,,,,,,,,,,,,,,,,,,,
/workspace/junmiaoh/experiments/precision-mlps/mechanism-0365cd3-20260923/evidence/width_inputs/N128_fork20000.npz,7,56c710d0cd6ee7c52cdc9980310cab00a6a5dc43cbd82793b216bc9ae2e2238f,mixed_sine,31,20000,1.1,4.727344523000913,pure_effective_gradient_flow,False,False,4.727344523000913,0.0,0.0,0.42975859300008334,5.829631298147072,4.038396196738051,-1.4645132532770493,False,conditioning,,no_initial_region,conditioning,0.0,0.0,0,,,,,,,,,,,,,,,,,,,,,,
/workspace/junmiaoh/experiments/precision-mlps/mechanism-0365cd3-20260923/evidence/width_inputs/N128_fork20000.npz,7,56c710d0cd6ee7c52cdc9980310cab00a6a5dc43cbd82793b216bc9ae2e2238f,mixed_sine,31,20000,1.25,5.371982412501037,pure_effective_gradient_flow,False,False,5.371982412501037,0.0,0.0,1.074396482500207,5.829631298147072,4.038396196738051,-2.301462936900159,False,conditioning,,no_initial_region,conditioning,0.0,0.0,0,,,,,,,,,,,,,,,,,,,,,,
/workspace/junmiaoh/experiments/precision-mlps/mechanism-0365cd3-20260923/evidence/width_inputs/N128_fork20000.npz,7,56c710d0cd6ee7c52cdc9980310cab00a6a5dc43cbd82793b216bc9ae2e2238f,mixed_sine,31,20000,1.5,6.446378895001245,pure_effective_gradient_flow,False,False,6.446378895001245,0.0,0.0,2.148792965000415,5.829631298147072,4.038396196738051,-4.214322621692784,False,conditioning,,no_initial_region,conditioning,0.0,0.0,0,,,,,,,,,,,,,,,,,,,,,,
/workspace/junmiaoh/experiments/precision-mlps/mechanism-0365cd3-20260923/evidence/width_inputs/N128_fork20000.npz,7,56c710d0cd6ee7c52cdc9980310cab00a6a5dc43cbd82793b216bc9ae2e2238f,mixed_sine,31,20000,2.0,8.59517186000166,pure_effective_gradient_flow,False,False,8.59517186000166,0.0,0.0,4.29758593000083,5.829631298147072,4.038396196738051,-10.436371706292968,False,conditioning,,no_initial_region,conditioning,0.0,0.0,0,,,,,,,,,,,,,,,,,,,,,,
/workspace/junmiaoh/experiments/precision-mlps/mechanism-0365cd3-20260923/evidence/width_inputs/N128_fork20000.npz,8,797a4d655eb260b4783153fe4dce91cee5b712e741a32aa6fbfdf1c763c7976a,gauss_left,31,20000,1.01,5.967481478339511,pure_effective_gradient_flow,False,False,5.967481478339511,0.0,0.0,0.059083975033064284,6.060657932306579,4.197155336150117,-3.275279746478253,False,conditioning,,no_initial_region,conditioning,0.0,0.0,0,,,,,,,,,,,,,,,,,,,,,,
/workspace/junmiaoh/experiments/precision-mlps/mechanism-0365cd3-20260923/evidence/width_inputs/N128_fork20000.npz,8,797a4d655eb260b4783153fe4dce91cee5b712e741a32aa6fbfdf1c763c7976a,gauss_left,31,20000,1.025,6.056107440889107,pure_effective_gradient_flow,False,False,6.056107440889107,0.0,0.0,0.14770993758266027,6.060657932306579,4.197155336150117,-3.438151705851953,False,conditioning,,no_initial_region,conditioning,0.0,0.0,0,,,,,,,,,,,,,,,,,,,,,,
/workspace/junmiaoh/experiments/precision-mlps/mechanism-0365cd3-20260923/evidence/width_inputs/N128_fork20000.npz,8,797a4d655eb260b4783153fe4dce91cee5b712e741a32aa6fbfdf1c763c7976a,gauss_left,31,20000,1.05,6.203817378471769,pure_effective_gradient_flow,False,False,6.203817378471769,0.0,0.0,0.2954198751653223,6.060657932306579,4.197155336150117,-3.720389775917151,False,conditioning,,no_initial_region,conditioning,0.0,0.0,0,,,,,,,,,,,,,,,,,,,,,,
/workspace/junmiaoh/experiments/precision-mlps/mechanism-0365cd3-20260923/evidence/width_inputs/N128_fork20000.npz,8,797a4d655eb260b4783153fe4dce91cee5b712e741a32aa6fbfdf1c763c7976a,gauss_left,31,20000,1.1,6.499237253637093,pure_effective_gradient_flow,False,False,6.499237253637093,0.0,0.0,0.5908397503306455,6.060657932306579,4.197155336150117,-4.326488793808271,False,conditioning,,no_initial_region,conditioning,0.0,0.0,0,,,,,,,,,,,,,,,,,,,,,,
/workspace/junmiaoh/experiments/precision-mlps/mechanism-0365cd3-20260923/evidence/width_inputs/N128_fork20000.npz,8,797a4d655eb260b4783153fe4dce91cee5b712e741a32aa6fbfdf1c763c7976a,gauss_left,31,20000,1.25,7.385496879133059,pure_effective_gradient_flow,False,False,7.385496879133059,0.0,0.0,1.4770993758266115,6.060657932306579,4.197155336150117,-6.501366091605021,False,conditioning,,no_initial_region,conditioning,0.0,0.0,0,,,,,,,,,,,,,,,,,,,,,,
/workspace/junmiaoh/experiments/precision-mlps/mechanism-0365cd3-20260923/evidence/width_inputs/N128_fork20000.npz,8,797a4d655eb260b4783153fe4dce91cee5b712e741a32aa6fbfdf1c763c7976a,gauss_left,31,20000,1.5,8.862596254959671,pure_effective_gradient_flow,False,False,8.862596254959671,0.0,0.0,2.954198751653224,6.060657932306579,4.197155336150117,-11.472077215261457,False,conditioning,,no_initial_region,conditioning,0.0,0.0,0,,,,,,,,,,,,,,,,,,,,,,
/workspace/junmiaoh/experiments/precision-mlps/mechanism-0365cd3-20260923/evidence/width_inputs/N128_fork20000.npz,8,797a4d655eb260b4783153fe4dce91cee5b712e741a32aa6fbfdf1c763c7976a,gauss_left,31,20000,2.0,11.816795006612894,pure_effective_gradient_flow,False,False,11.816795006612894,0.0,0.0,5.908397503306447,6.060657932306579,4.197155336150117,-27.64054416693513,False,conditioning,,no_initial_region,conditioning,0.0,0.0,0,,,,,,,,,,,,,,,,,,,,,,
/workspace/junmiaoh/experiments/precision-mlps/mechanism-0365cd3-20260923/evidence/width_inputs/N128_fork20000.npz,9,cb08d7dd5dc755d99241b0656628be57666b9a2ea182bf4a0f8d72a2cc9caf80,bump_right,31,20000,1.01,4.5735318630693325,pure_effective_gradient_flow,False,False,4.5735318630693325,0.0,0.0,0.04528249369375548,5.912016713448525,4.078102681401104,-1.2958695667680633,False,conditioning,,no_initial_region,conditioning,0.0,0.0,0,,,,,,,,,,,,,,,,,,,,,,
/workspace/junmiaoh/experiments/precision-mlps/mechanism-0365cd3-20260923/evidence/width_inputs/N128_fork20000.npz,9,cb08d7dd5dc755d99241b0656628be57666b9a2ea182bf4a0f8d72a2cc9caf80,bump_right,31,20000,1.025,4.641455603609966,pure_effective_gradient_flow,False,False,4.641455603609966,0.0,0.0,0.11320623423438914,5.912016713448525,4.078102681401104,-1.3691905379976637,False,conditioning,,no_initial_region,conditioning,0.0,0.0,0,,,,,,,,,,,,,,,,,,,,,,
/workspace/junmiaoh/experiments/precision-mlps/mechanism-0365cd3-20260923/evidence/width_inputs/N128_fork20000.npz,9,cb08d7dd5dc755d99241b0656628be57666b9a2ea182bf4a0f8d72a2cc9caf80,bump_right,31,20000,1.05,4.754661837844356,pure_effective_gradient_flow,False,False,4.754661837844356,0.0,0.0,0.22641246846877916,5.912016713448525,4.078102681401104,-1.4962472118089427,False,conditioning,,no_initial_region,conditioning,0.0,0.0,0,,,,,,,,,,,,,,,,,,,,,,
/workspace/junmiaoh/experiments/precision-mlps/mechanism-0365cd3-20260923/evidence/width_inputs/N128_fork20000.npz,9,cb08d7dd5dc755d99241b0656628be57666b9a2ea182bf4a0f8d72a2cc9caf80,bump_right,31,20000,1.1,4.981074306313135,pure_effective_gradient_flow,False,False,4.981074306313135,0.0,0.0,0.4528249369375583,5.912016713448525,4.078102681401104,-1.7690981606399756,False,conditioning,,no_initial_region,conditioning,0.0,0.0,0,,,,,,,,,,,,,,,,,,,,,,
/workspace/junmiaoh/experiments/precision-mlps/mechanism-0365cd3-20260923/evidence/width_inputs/N128_fork20000.npz,9,cb08d7dd5dc755d99241b0656628be57666b9a2ea182bf4a0f8d72a2cc9caf80,bump_right,31,20000,1.25,5.660311711719471,pure_effective_gradient_flow,False,False,5.660311711719471,0.0,0.0,1.132062342343894,5.912016713448525,4.078102681401104,-2.7481747088245805,False,conditioning,,no_initial_region,conditioning,0.0,0.0,0,,,,,,,,,,,,,,,,,,,,,,
/workspace/junmiaoh/experiments/precision-mlps/mechanism-0365cd3-20260923/evidence/width_inputs/N128_fork20000.npz,9,cb08d7dd5dc755d99241b0656628be57666b9a2ea182bf4a0f8d72a2cc9caf80,bump_right,31,20000,1.5,6.792374054063366,pure_effective_gradient_flow,False,False,6.792374054063366,0.0,0.0,2.264124684687789,5.912016713448525,4.078102681401104,-4.985867241595306,False,conditioning,,no_initial_region,conditioning,0.0,0.0,0,,,,,,,,,,,,,,,,,,,,,,
/workspace/junmiaoh/experiments/precision-mlps/mechanism-0365cd3-20260923/evidence/width_inputs/N128_fork20000.npz,9,cb08d7dd5dc755d99241b0656628be57666b9a2ea182bf4a0f8d72a2cc9caf80,bump_right,31,20000,2.0,9.056498738751154,pure_effective_gradient_flow,False,False,9.056498738751154,0.0,0.0,4.528249369375577,5.912016713448525,4.078102681401104,-12.264515480058318,False,conditioning,,no_initial_region,conditioning,0.0,0.0,0,,,,,,,,,,,,,,,,,,,,,,
/workspace/junmiaoh/experiments/precision-mlps/mechanism-0365cd3-20260923/evidence/width_inputs/N128_fork20000.npz,10,9600c3fbb0eaed09c5367346436948fd6caef0f9ac097d578f4e6038a3a4188e,step_right,31,20000,1.01,5.891294892585575,pure_effective_gradient_flow,False,False,5.891294892585575,0.0,0.0,0.05832965240183707,6.807015030882436,4.945203446282698,-3.1297638690895164,False,conditioning,,no_initial_region,conditioning,0.0,0.0,0,,,,,,,,,,,,,,,,,,,,,,
/workspace/junmiaoh/experiments/precision-mlps/mechanism-0365cd3-20260923/evidence/width_inputs/N128_fork20000.npz,10,9600c3fbb0eaed09c5367346436948fd6caef0f9ac097d578f4e6038a3a4188e,step_right,31,20000,1.025,5.978789371188331,pure_effective_gradient_flow,False,False,5.978789371188331,0.0,0.0,0.14582413100459313,6.807015030882436,4.945203446282698,-3.2864769931628164,False,conditioning,,no_initial_region,conditioning,0.0,0.0,0,,,,,,,,,,,,,,,,,,,,,,
/workspace/junmiaoh/experiments/precision-mlps/mechanism-0365cd3-20260923/evidence/width_inputs/N128_fork20000.npz,10,9600c3fbb0eaed09c5367346436948fd6caef0f9ac097d578f4e6038a3a4188e,step_right,31,20000,1.05,6.124613502192925,pure_effective_gradient_flow,False,False,6.124613502192925,0.0,0.0,0.29164826200918714,6.807015030882436,4.945203446282698,-3.5580425214613456,False,conditioning,,no_initial_region,conditioning,0.0,0.0,0,,,,,,,,,,,,,,,,,,,,,,
/workspace/junmiaoh/experiments/precision-mlps/mechanism-0365cd3-20260923/evidence/width_inputs/N128_fork20000.npz,10,9600c3fbb0eaed09c5367346436948fd6caef0f9ac097d578f4e6038a3a4188e,step_right,31,20000,1.1,6.416261764202112,pure_effective_gradient_flow,False,False,6.416261764202112,0.0,0.0,0.5832965240183743,6.807015030882436,4.945203446282698,-4.141222529589946,False,conditioning,,no_initial_region,conditioning,0.0,0.0,0,,,,,,,,,,,,,,,,,,,,,,
/workspace/junmiaoh/experiments/precision-mlps/mechanism-0365cd3-20260923/evidence/width_inputs/N128_fork20000.npz,10,9600c3fbb0eaed09c5367346436948fd6caef0f9ac097d578f4e6038a3a4188e,step_right,31,20000,1.25,7.291206550229672,pure_effective_gradient_flow,False,False,7.291206550229672,0.0,0.0,1.4582413100459348,6.807015030882436,4.945203446282698,-6.23385908363179,False,conditioning,,no_initial_region,conditioning,0.0,0.0,0,,,,,,,,,,,,,,,,,,,,,,
/workspace/junmiaoh/experiments/precision-mlps/mechanism-0365cd3-20260923/evidence/width_inputs/N128_fork20000.npz,10,9600c3fbb0eaed09c5367346436948fd6caef0f9ac097d578f4e6038a3a4188e,step_right,31,20000,1.5,8.749447860275605,pure_effective_gradient_flow,False,False,8.749447860275605,0.0,0.0,2.916482620091868,6.807015030882436,4.945203446282698,-11.01660788857974,False,conditioning,,no_initial_region,conditioning,0.0,0.0,0,,,,,,,,,,,,,,,,,,,,,,
/workspace/junmiaoh/experiments/precision-mlps/mechanism-0365cd3-20260923/evidence/width_inputs/N128_fork20000.npz,10,9600c3fbb0eaed09c5367346436948fd6caef0f9ac097d578f4e6038a3a4188e,step_right,31,20000,2.0,11.665930480367475,pure_effective_gradient_flow,False,False,11.665930480367475,0.0,0.0,5.8329652401837375,6.807015030882436,4.945203446282698,-26.573680924454415,False,conditioning,,no_initial_region,conditioning,0.0,0.0,0,,,,,,,,,,,,,,,,,,,,,,
/workspace/junmiaoh/experiments/precision-mlps/mechanism-0365cd3-20260923/evidence/width_inputs/N128_fork20000.npz,11,00848b706b27099f619cc075c632050069812f1c656b09fca01652044a79082f,kink_abs,31,20000,1.01,4.330179811280914,pure_effective_gradient_flow,False,False,4.330179811280914,0.0,0.0,0.04287306743842478,6.045444942390732,4.091660772171386,-1.053371559794416,False,conditioning,,no_initial_region,conditioning,0.0,0.0,0,,,,,,,,,,,,,,,,,,,,,,
/workspace/junmiaoh/experiments/precision-mlps/mechanism-0365cd3-20260923/evidence/width_inputs/N128_fork20000.npz,11,00848b706b27099f619cc075c632050069812f1c656b09fca01652044a79082f,kink_abs,31,20000,1.025,4.394489412438551,pure_effective_gradient_flow,False,False,4.394489412438551,0.0,0.0,0.10718266859606196,6.045444942390732,4.091660772171386,-1.1156002807217558,False,conditioning,,no_initial_region,conditioning,0.0,0.0,0,,,,,,,,,,,,,,,,,,,,,,
/workspace/junmiaoh/experiments/precision-mlps/mechanism-0365cd3-20260923/evidence/width_inputs/N128_fork20000.npz,11,00848b706b27099f619cc075c632050069812f1c656b09fca01652044a79082f,kink_abs,31,20000,1.05,4.501672081034614,pure_effective_gradient_flow,False,False,4.501672081034614,0.0,0.0,0.2143653371921248,6.045444942390732,4.091660772171386,-1.2234353811570615,False,conditioning,,no_initial_region,conditioning,0.0,0.0,0,,,,,,,,,,,,,,,,,,,,,,
/workspace/junmiaoh/experiments/precision-mlps/mechanism-0365cd3-20260923/evidence/width_inputs/N128_fork20000.npz,11,00848b706b27099f619cc075c632050069812f1c656b09fca01652044a79082f,kink_abs,31,20000,1.1,4.716037418226739,pure_effective_gradient_flow,False,False,4.716037418226739,0.0,0.0,0.4287306743842496,6.045444942390732,4.091660772171386,-1.4550084940717405,False,conditioning,,no_initial_region,conditioning,0.0,0.0,0,,,,,,,,,,,,,,,,,,,,,,
/workspace/junmiaoh/experiments/precision-mlps/mechanism-0365cd3-20260923/evidence/width_inputs/N128_fork20000.npz,11,00848b706b27099f619cc075c632050069812f1c656b09fca01652044a79082f,kink_abs,31,20000,1.25,5.359133429803111,pure_effective_gradient_flow,False,False,5.359133429803111,0.0,0.0,1.0718266859606222,6.045444942390732,4.091660772171386,-2.285966953319293,False,conditioning,,no_initial_region,conditioning,0.0,0.0,0,,,,,,,,,,,,,,,,,,,,,,
/workspace/junmiaoh/experiments/precision-mlps/mechanism-0365cd3-20260923/evidence/width_inputs/N128_fork20000.npz,11,00848b706b27099f619cc075c632050069812f1c656b09fca01652044a79082f,kink_abs,31,20000,1.5,6.4309601157637335,pure_effective_gradient_flow,False,False,6.4309601157637335,0.0,0.0,2.1436533719212445,6.045444942390732,4.091660772171386,-4.1851336147500575,False,conditioning,,no_initial_region,conditioning,0.0,0.0,0,,,,,,,,,,,,,,,,,,,,,,
/workspace/junmiaoh/experiments/precision-mlps/mechanism-0365cd3-20260923/evidence/width_inputs/N128_fork20000.npz,11,00848b706b27099f619cc075c632050069812f1c656b09fca01652044a79082f,kink_abs,31,20000,2.0,8.574613487684978,pure_effective_gradient_flow,False,False,8.574613487684978,0.0,0.0,4.287306743842489,6.045444942390732,4.091660772171386,-10.36264275522815,False,conditioning,,no_initial_region,conditioning,0.0,0.0,0,,,,,,,,,,,,,,,,,,,,,,
/workspace/junmiaoh/experiments/precision-mlps/mechanism-0365cd3-20260923/evidence/width_inputs/N512_fork20000.npz,0,bbe3f87d0960198e9788b6253dfaaf0d0304d495dc67382ffc666697a5721f9c,moment5,30,20000,1.01,4.797572973023495,pure_effective_gradient_flow,False,False,4.797572973023495,0.0,0.0,0.04750072250518311,6.0729530342200295,4.088229507808226,-0.1479235144848579,False,conditioning,,no_initial_region,conditioning,0.0,0.0,0,,,,,,,,,,,,,,,,,,,,,,
/workspace/junmiaoh/experiments/precision-mlps/mechanism-0365cd3-20260923/evidence/width_inputs/N512_fork20000.npz,0,bbe3f87d0960198e9788b6253dfaaf0d0304d495dc67382ffc666697a5721f9c,moment5,30,20000,1.025,4.8688240567812695,pure_effective_gradient_flow,False,False,4.8688240567812695,0.0,0.0,0.11875180626295734,6.0729530342200295,4.088229507808226,-0.16917170731387188,False,conditioning,,no_initial_region,conditioning,0.0,0.0,0,,,,,,,,,,,,,,,,,,,,,,
/workspace/junmiaoh/experiments/precision-mlps/mechanism-0365cd3-20260923/evidence/width_inputs/N512_fork20000.npz,0,bbe3f87d0960198e9788b6253dfaaf0d0304d495dc67382ffc666697a5721f9c,moment5,30,20000,1.05,4.987575863044228,pure_effective_gradient_flow,False,False,4.987575863044228,0.0,0.0,0.23750361252591556,6.0729530342200295,4.088229507808226,-0.20599234212108353,False,conditioning,,no_initial_region,conditioning,0.0,0.0,0,,,,,,,,,,,,,,,,,,,,,,
/workspace/junmiaoh/experiments/precision-mlps/mechanism-0365cd3-20260923/evidence/width_inputs/N512_fork20000.npz,0,bbe3f87d0960198e9788b6253dfaaf0d0304d495dc67382ffc666697a5721f9c,moment5,30,20000,1.1,5.225079475570144,pure_effective_gradient_flow,False,False,5.225079475570144,0.0,0.0,0.475007225051832,6.0729530342200295,4.088229507808226,-0.2850637111593691,False,conditioning,,no_initial_region,conditioning,0.0,0.0,0,,,,,,,,,,,,,,,,,,,,,,
/workspace/junmiaoh/experiments/precision-mlps/mechanism-0365cd3-20260923/evidence/width_inputs/N512_fork20000.npz,0,bbe3f87d0960198e9788b6253dfaaf0d0304d495dc67382ffc666697a5721f9c,moment5,30,20000,1.25,5.93759031314789,pure_effective_gradient_flow,False,False,5.93759031314789,0.0,0.0,1.1875180626295778,6.0729530342200295,4.088229507808226,-0.5687970952282555,False,conditioning,,no_initial_region,conditioning,0.0,0.0,0,,,,,,,,,,,,,,,,,,,,,,
/workspace/junmiaoh/experiments/precision-mlps/mechanism-0365cd3-20260923/evidence/width_inputs/N512_fork20000.npz,0,bbe3f87d0960198e9788b6253dfaaf0d0304d495dc67382ffc666697a5721f9c,moment5,30,20000,1.5,7.125108375777469,pure_effective_gradient_flow,False,False,7.125108375777469,0.0,0.0,2.3750361252591565,6.0729530342200295,4.088229507808226,-1.2172735356107325,False,conditioning,,no_initial_region,conditioning,0.0,0.0,0,,,,,,,,,,,,,,,,,,,,,,
/workspace/junmiaoh/experiments/precision-mlps/mechanism-0365cd3-20260923/evidence/width_inputs/N512_fork20000.npz,0,bbe3f87d0960198e9788b6253dfaaf0d0304d495dc67382ffc666697a5721f9c,moment5,30,20000,2.0,9.500144501036624,pure_effective_gradient_flow,False,False,9.500144501036624,0.0,0.0,4.750072250518312,6.0729530342200295,4.088229507808226,-3.3266034955361503,False,conditioning,,no_initial_region,conditioning,0.0,0.0,0,,,,,,,,,,,,,,,,,,,,,,
/workspace/junmiaoh/experiments/precision-mlps/mechanism-0365cd3-20260923/evidence/width_inputs/N512_fork20000.npz,1,fabcf20a0fe951ad586312cb75bf1ce6b0c23bc54bcd2d21f049bf66c9b700e2,mixed_sine,30,20000,1.01,4.361898020814341,pure_effective_gradient_flow,False,False,4.361898020814341,0.0,0.0,0.043187109116973765,6.047871501198609,4.072977760163801,-0.03116853565891964,False,conditioning,,no_initial_region,conditioning,0.0,0.0,0,,,,,,,,,,,,,,,,,,,,,,
/workspace/junmiaoh/experiments/precision-mlps/mechanism-0365cd3-20260923/evidence/width_inputs/N512_fork20000.npz,1,fabcf20a0fe951ad586312cb75bf1ce6b0c23bc54bcd2d21f049bf66c9b700e2,mixed_sine,30,20000,1.025,4.426678684489802,pure_effective_gradient_flow,False,False,4.426678684489802,0.0,0.0,0.10796777279243397,6.047871501198609,4.072977760163801,-0.04713775751495586,False,conditioning,,no_initial_region,conditioning,0.0,0.0,0,,,,,,,,,,,,,,,,,,,,,,
/workspace/junmiaoh/experiments/precision-mlps/mechanism-0365cd3-20260923/evidence/width_inputs/N512_fork20000.npz,1,fabcf20a0fe951ad586312cb75bf1ce6b0c23bc54bcd2d21f049bf66c9b700e2,mixed_sine,30,20000,1.05,4.5346464572822365,pure_effective_gradient_flow,False,False,4.5346464572822365,0.0,0.0,0.21593554558486883,6.047871501198609,4.072977760163801,-0.07481055260148961,False,conditioning,,no_initial_region,conditioning,0.0,0.0,0,,,,,,,,,,,,,,,,,,,,,,
/workspace/junmiaoh/experiments/precision-mlps/mechanism-0365cd3-20260923/evidence/width_inputs/N512_fork20000.npz,1,fabcf20a0fe951ad586312cb75bf1ce6b0c23bc54bcd2d21f049bf66c9b700e2,mixed_sine,30,20000,1.1,4.750582002867104,pure_effective_gradient_flow,False,False,4.750582002867104,0.0,0.0,0.43187109116973676,6.047871501198609,4.072977760163801,-0.1342371704223091,False,conditioning,,no_initial_region,conditioning,0.0,0.0,0,,,,,,,,,,,,,,,,,,,,,,
/workspace/junmiaoh/experiments/precision-mlps/mechanism-0365cd3-20260923/evidence/width_inputs/N512_fork20000.npz,1,fabcf20a0fe951ad586312cb75bf1ce6b0c23bc54bcd2d21f049bf66c9b700e2,mixed_sine,30,20000,1.25,5.398388639621709,pure_effective_gradient_flow,False,False,5.398388639621709,0.0,0.0,1.0796777279243415,6.047871501198609,4.072977760163801,-0.34747889853638214,False,conditioning,,no_initial_region,conditioning,0.0,0.0,0,,,,,,,,,,,,,,,,,,,,,,
/workspace/junmiaoh/experiments/precision-mlps/mechanism-0365cd3-20260923/evidence/width_inputs/N512_fork20000.npz,1,fabcf20a0fe951ad586312cb75bf1ce6b0c23bc54bcd2d21f049bf66c9b700e2,mixed_sine,30,20000,1.5,6.4780663675460515,pure_effective_gradient_flow,False,False,6.4780663675460515,0.0,0.0,2.159355455848684,6.047871501198609,4.072977760163801,-0.834845717362499,False,conditioning,,no_initial_region,conditioning,0.0,0.0,0,,,,,,,,,,,,,,,,,,,,,,
/workspace/junmiaoh/experiments/precision-mlps/mechanism-0365cd3-20260923/evidence/width_inputs/N512_fork20000.npz,1,fabcf20a0fe951ad586312cb75bf1ce6b0c23bc54bcd2d21f049bf66c9b700e2,mixed_sine,30,20000,2.0,8.637421823394735,pure_effective_gradient_flow,False,False,8.637421823394735,0.0,0.0,4.318710911697368,6.047871501198609,4.072977760163801,-2.4201267983793184,False,conditioning,,no_initial_region,conditioning,0.0,0.0,0,,,,,,,,,,,,,,,,,,,,,,
/workspace/junmiaoh/experiments/precision-mlps/mechanism-0365cd3-20260923/evidence/width_inputs/N512_fork20000.npz,2,1035d1e153a395e7a70cc31a03f3b867d6c424aec1fc0c5a60d61ca70af7d872,gauss_left,30,20000,1.01,4.812630922169112,pure_effective_gradient_flow,False,False,4.812630922169112,0.0,0.0,0.04764981111058564,6.080699764345814,4.064576064698916,-0.1534836733568588,False,conditioning,,no_initial_region,conditioning,0.0,0.0,0,,,,,,,,,,,,,,,,,,,,,,
/workspace/junmiaoh/experiments/precision-mlps/mechanism-0365cd3-20260923/evidence/width_inputs/N512_fork20000.npz,2,1035d1e153a395e7a70cc31a03f3b867d6c424aec1fc0c5a60d61ca70af7d872,gauss_left,30,20000,1.025,4.884105638834989,pure_effective_gradient_flow,False,False,4.884105638834989,0.0,0.0,0.11912452777646276,6.080699764345814,4.064576064698916,-0.17493256734470342,False,conditioning,,no_initial_region,conditioning,0.0,0.0,0,,,,,,,,,,,,,,,,,,,,,,
/workspace/junmiaoh/experiments/precision-mlps/mechanism-0365cd3-20260923/evidence/width_inputs/N512_fork20000.npz,2,1035d1e153a395e7a70cc31a03f3b867d6c424aec1fc0c5a60d61ca70af7d872,gauss_left,30,20000,1.05,5.003230166611453,pure_effective_gradient_flow,False,False,5.003230166611453,0.0,0.0,0.23824905555292641,6.080699764345814,4.064576064698916,-0.2121009938033821,False,conditioning,,no_initial_region,conditioning,0.0,0.0,0,,,,,,,,,,,,,,,,,,,,,,
/workspace/junmiaoh/experiments/precision-mlps/mechanism-0365cd3-20260923/evidence/width_inputs/N512_fork20000.npz,2,1035d1e153a395e7a70cc31a03f3b867d6c424aec1fc0c5a60d61ca70af7d872,gauss_left,30,20000,1.1,5.241479222164379,pure_effective_gradient_flow,False,False,5.241479222164379,0.0,0.0,0.47649811110585283,6.080699764345814,4.064576064698916,-0.29191923649459506,False,conditioning,,no_initial_region,conditioning,0.0,0.0,0,,,,,,,,,,,,,,,,,,,,,,
/workspace/junmiaoh/experiments/precision-mlps/mechanism-0365cd3-20260923/evidence/width_inputs/N512_fork20000.npz,2,1035d1e153a395e7a70cc31a03f3b867d6c424aec1fc0c5a60d61ca70af7d872,gauss_left,30,20000,1.25,5.956226388823158,pure_effective_gradient_flow,False,False,5.956226388823158,0.0,0.0,1.1912452777646312,6.080699764345814,4.064576064698916,-0.5783326423159117,False,conditioning,,no_initial_region,conditioning,0.0,0.0,0,,,,,,,,,,,,,,,,,,,,,,
/workspace/junmiaoh/experiments/precision-mlps/mechanism-0365cd3-20260923/evidence/width_inputs/N512_fork20000.npz,2,1035d1e153a395e7a70cc31a03f3b867d6c424aec1fc0c5a60d61ca70af7d872,gauss_left,30,20000,1.5,7.14747166658779,pure_effective_gradient_flow,False,False,7.14747166658779,0.0,0.0,2.3824905555292633,6.080699764345814,4.064576064698916,-1.2329343082225788,False,conditioning,,no_initial_region,conditioning,0.0,0.0,0,,,,,,,,,,,,,,,,,,,,,,
/workspace/junmiaoh/experiments/precision-mlps/mechanism-0365cd3-20260923/evidence/width_inputs/N512_fork20000.npz,2,1035d1e153a395e7a70cc31a03f3b867d6c424aec1fc0c5a60d61ca70af7d872,gauss_left,30,20000,2.0,9.529962222117053,pure_effective_gradient_flow,False,False,9.529962222117053,0.0,0.0,4.7649811110585265,6.080699764345814,4.064576064698916,-3.3621880786442637,False,conditioning,,no_initial_region,conditioning,0.0,0.0,0,,,,,,,,,,,,,,,,,,,,,,
/workspace/junmiaoh/experiments/precision-mlps/mechanism-0365cd3-20260923/evidence/width_inputs/N512_fork20000.npz,3,249a93568fe8da7062e22bc3449a98239312d3bd1353de249ecfffd39e9c46c9,bump_right,30,20000,1.01,4.850555884792143,pure_effective_gradient_flow,False,False,4.850555884792143,0.0,0.0,0.048025305790020845,5.966866628198371,3.9699902197081873,-0.16576235253052507,False,conditioning,,no_initial_region,conditioning,0.0,0.0,0,,,,,,,,,,,,,,,,,,,,,,
/workspace/junmiaoh/experiments/precision-mlps/mechanism-0365cd3-20260923/evidence/width_inputs/N512_fork20000.npz,3,249a93568fe8da7062e22bc3449a98239312d3bd1353de249ecfffd39e9c46c9,bump_right,30,20000,1.025,4.922593843477174,pure_effective_gradient_flow,False,False,4.922593843477174,0.0,0.0,0.12006326447505256,5.966866628198371,3.9699902197081873,-0.1877223238710221,False,conditioning,,no_initial_region,conditioning,0.0,0.0,0,,,,,,,,,,,,,,,,,,,,,,
/workspace/junmiaoh/experiments/precision-mlps/mechanism-0365cd3-20260923/evidence/width_inputs/N512_fork20000.npz,3,249a93568fe8da7062e22bc3449a98239312d3bd1353de249ecfffd39e9c46c9,bump_right,30,20000,1.05,5.042657107952228,pure_effective_gradient_flow,False,False,5.042657107952228,0.0,0.0,0.240126528950106,5.966866628198371,3.9699902197081873,-0.22577638765009195,False,conditioning,,no_initial_region,conditioning,0.0,0.0,0,,,,,,,,,,,,,,,,,,,,,,
/workspace/junmiaoh/experiments/precision-mlps/mechanism-0365cd3-20260923/evidence/width_inputs/N512_fork20000.npz,3,249a93568fe8da7062e22bc3449a98239312d3bd1353de249ecfffd39e9c46c9,bump_right,30,20000,1.1,5.282783636902335,pure_effective_gradient_flow,False,False,5.282783636902335,0.0,0.0,0.4802530579002129,5.966866628198371,3.9699902197081873,-0.30749651377599835,False,conditioning,,no_initial_region,conditioning,0.0,0.0,0,,,,,,,,,,,,,,,,,,,,,,
/workspace/junmiaoh/experiments/precision-mlps/mechanism-0365cd3-20260923/evidence/width_inputs/N512_fork20000.npz,3,249a93568fe8da7062e22bc3449a98239312d3bd1353de249ecfffd39e9c46c9,bump_right,30,20000,1.25,6.003163223752653,pure_effective_gradient_flow,False,False,6.003163223752653,0.0,0.0,1.2006326447505309,5.966866628198371,3.9699902197081873,-0.6007344861830892,False,conditioning,,no_initial_region,conditioning,0.0,0.0,0,,,,,,,,,,,,,,,,,,,,,,
/workspace/junmiaoh/experiments/precision-mlps/mechanism-0365cd3-20260923/evidence/width_inputs/N512_fork20000.npz,3,249a93568fe8da7062e22bc3449a98239312d3bd1353de249ecfffd39e9c46c9,bump_right,30,20000,1.5,7.203795868503183,pure_effective_gradient_flow,False,False,7.203795868503183,0.0,0.0,2.401265289501061,5.966866628198371,3.9699902197081873,-1.270933790207734,False,conditioning,,no_initial_region,conditioning,0.0,0.0,0,,,,,,,,,,,,,,,,,,,,,,
/workspace/junmiaoh/experiments/precision-mlps/mechanism-0365cd3-20260923/evidence/width_inputs/N512_fork20000.npz,3,249a93568fe8da7062e22bc3449a98239312d3bd1353de249ecfffd39e9c46c9,bump_right,30,20000,2.0,9.605061158004244,pure_effective_gradient_flow,False,False,9.605061158004244,0.0,0.0,4.802530579002122,5.966866628198371,3.9699902197081873,-3.4509227351670186,False,conditioning,,no_initial_region,conditioning,0.0,0.0,0,,,,,,,,,,,,,,,,,,,,,,
/workspace/junmiaoh/experiments/precision-mlps/mechanism-0365cd3-20260923/evidence/width_inputs/N512_fork20000.npz,4,eea65c32fb1100342d58dc3066ac4f4775c488466b62775f83d81166067a7494,step_right,30,20000,1.01,5.172542146772995,pure_effective_gradient_flow,False,False,5.172542146772995,0.0,0.0,0.05121328858191099,6.797411282686362,4.797772082957066,-0.25787947849546794,False,conditioning,,no_initial_region,conditioning,0.0,0.0,0,,,,,,,,,,,,,,,,,,,,,,
/workspace/junmiaoh/experiments/precision-mlps/mechanism-0365cd3-20260923/evidence/width_inputs/N512_fork20000.npz,4,eea65c32fb1100342d58dc3066ac4f4775c488466b62775f83d81166067a7494,step_right,30,20000,1.025,5.24936207964586,pure_effective_gradient_flow,False,False,5.24936207964586,0.0,0.0,0.12803322145477658,6.797411282686362,4.797772082957066,-0.28450936683247113,False,conditioning,,no_initial_region,conditioning,0.0,0.0,0,,,,,,,,,,,,,,,,,,,,,,
/workspace/junmiaoh/experiments/precision-mlps/mechanism-0365cd3-20260923/evidence/width_inputs/N512_fork20000.npz,4,eea65c32fb1100342d58dc3066ac4f4775c488466b62775f83d81166067a7494,step_right,30,20000,1.05,5.377395301100638,pure_effective_gradient_flow,False,False,5.377395301100638,0.0,0.0,0.25606644290955405,6.797411282686362,4.797772082957066,-0.3306558509736886,False,conditioning,,no_initial_region,conditioning,0.0,0.0,0,,,,,,,,,,,,,,,,,,,,,,
/workspace/junmiaoh/experiments/precision-mlps/mechanism-0365cd3-20260923/evidence/width_inputs/N512_fork20000.npz,4,eea65c32fb1100342d58dc3066ac4f4775c488466b62775f83d81166067a7494,step_right,30,20000,1.1,5.633461744010193,pure_effective_gradient_flow,False,False,5.633461744010193,0.0,0.0,0.512132885819109,6.797411282686362,4.797772082957066,-0.4297542423092697,False,conditioning,,no_initial_region,conditioning,0.0,0.0,0,,,,,,,,,,,,,,,,,,,,,,
/workspace/junmiaoh/experiments/precision-mlps/mechanism-0365cd3-20260923/evidence/width_inputs/N512_fork20000.npz,4,eea65c32fb1100342d58dc3066ac4f4775c488466b62775f83d81166067a7494,step_right,30,20000,1.25,6.401661072738855,pure_effective_gradient_flow,False,False,6.401661072738855,0.0,0.0,1.2803322145477711,6.797411282686362,4.797772082957066,-0.7853509933382434,False,conditioning,,no_initial_region,conditioning,0.0,0.0,0,,,,,,,,,,,,,,,,,,,,,,
/workspace/junmiaoh/experiments/precision-mlps/mechanism-0365cd3-20260923/evidence/width_inputs/N512_fork20000.npz,4,eea65c32fb1100342d58dc3066ac4f4775c488466b62775f83d81166067a7494,step_right,30,20000,1.5,7.681993287286625,pure_effective_gradient_flow,False,False,7.681993287286625,0.0,0.0,2.5606644290955414,6.797411282686362,4.797772082957066,-1.5980721191076976,False,conditioning,,no_initial_region,conditioning,0.0,0.0,0,,,,,,,,,,,,,,,,,,,,,,
/workspace/junmiaoh/experiments/precision-mlps/mechanism-0365cd3-20260923/evidence/width_inputs/N512_fork20000.npz,4,eea65c32fb1100342d58dc3066ac4f4775c488466b62775f83d81166067a7494,step_right,30,20000,2.0,10.242657716382167,pure_effective_gradient_flow,False,False,10.242657716382167,0.0,0.0,5.121328858191084,6.797411282686362,4.797772082957066,-4.241648528203946,False,conditioning,,no_initial_region,conditioning,0.0,0.0,0,,,,,,,,,,,,,,,,,,,,,,
/workspace/junmiaoh/experiments/precision-mlps/mechanism-0365cd3-20260923/evidence/width_inputs/N512_fork20000.npz,5,2e5f867ba65e9e71bbff40b2ee48a46d25bfe0377d5d7384da3acfb1bfd2fe2b,kink_abs,30,20000,1.01,4.782178981144331,pure_effective_gradient_flow,False,False,4.782178981144331,0.0,0.0,0.04734830674400303,6.141297662379549,4.0632518729471805,-0.14605571287077568,False,conditioning,,no_initial_region,conditioning,0.0,0.0,0,,,,,,,,,,,,,,,,,,,,,,
/workspace/junmiaoh/experiments/precision-mlps/mechanism-0365cd3-20260923/evidence/width_inputs/N512_fork20000.npz,5,2e5f867ba65e9e71bbff40b2ee48a46d25bfe0377d5d7384da3acfb1bfd2fe2b,kink_abs,30,20000,1.025,4.853201441260336,pure_effective_gradient_flow,False,False,4.853201441260336,0.0,0.0,0.11837076686000803,6.141297662379549,4.0632518729471805,-0.1671000238102725,False,conditioning,,no_initial_region,conditioning,0.0,0.0,0,,,,,,,,,,,,,,,,,,,,,,
/workspace/junmiaoh/experiments/precision-mlps/mechanism-0365cd3-20260923/evidence/width_inputs/N512_fork20000.npz,5,2e5f867ba65e9e71bbff40b2ee48a46d25bfe0377d5d7384da3acfb1bfd2fe2b,kink_abs,30,20000,1.05,4.971572208120345,pure_effective_gradient_flow,False,False,4.971572208120345,0.0,0.0,0.23674153372001694,6.141297662379549,4.0632518729471805,-0.20356735513148289,False,conditioning,,no_initial_region,conditioning,0.0,0.0,0,,,,,,,,,,,,,,,,,,,,,,
/workspace/junmiaoh/experiments/precision-mlps/mechanism-0365cd3-20260923/evidence/width_inputs/N512_fork20000.npz,5,2e5f867ba65e9e71bbff40b2ee48a46d25bfe0377d5d7384da3acfb1bfd2fe2b,kink_abs,30,20000,1.1,5.208313741840361,pure_effective_gradient_flow,False,False,5.208313741840361,0.0,0.0,0.473483067440033,6.141297662379549,4.0632518729471805,-0.2818800139935202,False,conditioning,,no_initial_region,conditioning,0.0,0.0,0,,,,,,,,,,,,,,,,,,,,,,
/workspace/junmiaoh/experiments/precision-mlps/mechanism-0365cd3-20260923/evidence/width_inputs/N512_fork20000.npz,5,2e5f867ba65e9e71bbff40b2ee48a46d25bfe0377d5d7384da3acfb1bfd2fe2b,kink_abs,30,20000,1.25,5.91853834300041,pure_effective_gradient_flow,False,False,5.91853834300041,0.0,0.0,1.183707668600082,6.141297662379549,4.0632518729471805,-0.5628909030752511,False,conditioning,,no_initial_region,conditioning,0.0,0.0,0,,,,,,,,,,,,,,,,,,,,,,
/workspace/junmiaoh/experiments/precision-mlps/mechanism-0365cd3-20260923/evidence/width_inputs/N512_fork20000.npz,5,2e5f867ba65e9e71bbff40b2ee48a46d25bfe0377d5d7384da3acfb1bfd2fe2b,kink_abs,30,20000,1.5,7.102246011600492,pure_effective_gradient_flow,False,False,7.102246011600492,0.0,0.0,2.367415337200164,6.141297662379549,4.0632518729471805,-1.2051450447880676,False,conditioning,,no_initial_region,conditioning,0.0,0.0,0,,,,,,,,,,,,,,,,,,,,,,
/workspace/junmiaoh/experiments/precision-mlps/mechanism-0365cd3-20260923/evidence/width_inputs/N512_fork20000.npz,5,2e5f867ba65e9e71bbff40b2ee48a46d25bfe0377d5d7384da3acfb1bfd2fe2b,kink_abs,30,20000,2.0,9.469661348800656,pure_effective_gradient_flow,False,False,9.469661348800656,0.0,0.0,4.734830674400328,6.141297662379549,4.0632518729471805,-3.2942354398099765,False,conditioning,,no_initial_region,conditioning,0.0,0.0,0,,,,,,,,,,,,,,,,,,,,,,
/workspace/junmiaoh/experiments/precision-mlps/mechanism-0365cd3-20260923/evidence/width_inputs/N512_fork20000.npz,6,d52e39a2d23597eae7ffb323f9fa48935af60689c9173de41520765816abab5b,moment5,31,20000,1.01,4.784972506682067,pure_effective_gradient_flow,False,False,4.784972506682067,0.0,0.0,0.04737596541269351,6.494876068668401,4.477615612033813,-0.13956684077166231,False,conditioning,,no_initial_region,conditioning,0.0,0.0,0,,,,,,,,,,,,,,,,,,,,,,
/workspace/junmiaoh/experiments/precision-mlps/mechanism-0365cd3-20260923/evidence/width_inputs/N512_fork20000.npz,6,d52e39a2d23597eae7ffb323f9fa48935af60689c9173de41520765816abab5b,moment5,31,20000,1.025,4.8560364548011075,pure_effective_gradient_flow,False,False,4.8560364548011075,0.0,0.0,0.11843991353173422,6.494876068668401,4.477615612033813,-0.16064805256831038,False,conditioning,,no_initial_region,conditioning,0.0,0.0,0,,,,,,,,,,,,,,,,,,,,,,
/workspace/junmiaoh/experiments/precision-mlps/mechanism-0365cd3-20260923/evidence/width_inputs/N512_fork20000.npz,6,d52e39a2d23597eae7ffb323f9fa48935af60689c9173de41520765816abab5b,moment5,31,20000,1.05,4.974476368332842,pure_effective_gradient_flow,False,False,4.974476368332842,0.0,0.0,0.23687982706346844,6.494876068668401,4.477615612033813,-0.19717932876220545,False,conditioning,,no_initial_region,conditioning,0.0,0.0,0,,,,,,,,,,,,,,,,,,,,,,
/workspace/junmiaoh/experiments/precision-mlps/mechanism-0365cd3-20260923/evidence/width_inputs/N512_fork20000.npz,6,d52e39a2d23597eae7ffb323f9fa48935af60689c9173de41520765816abab5b,moment5,31,20000,1.1,5.211356195396311,pure_effective_gradient_flow,False,False,5.211356195396311,0.0,0.0,0.47375965412693777,6.494876068668401,4.477615612033813,-0.2756293075985635,False,conditioning,,no_initial_region,conditioning,0.0,0.0,0,,,,,,,,,,,,,,,,,,,,,,
/workspace/junmiaoh/experiments/precision-mlps/mechanism-0365cd3-20260923/evidence/width_inputs/N512_fork20000.npz,6,d52e39a2d23597eae7ffb323f9fa48935af60689c9173de41520765816abab5b,moment5,31,20000,1.25,5.921995676586716,pure_effective_gradient_flow,False,False,5.921995676586716,0.0,0.0,1.184399135317343,6.494876068668401,4.477615612033813,-0.557132944706388,False,conditioning,,no_initial_region,conditioning,0.0,0.0,0,,,,,,,,,,,,,,,,,,,,,,
/workspace/junmiaoh/experiments/precision-mlps/mechanism-0365cd3-20260923/evidence/width_inputs/N512_fork20000.npz,6,d52e39a2d23597eae7ffb323f9fa48935af60689c9173de41520765816abab5b,moment5,31,20000,1.5,7.10639481190406,pure_effective_gradient_flow,False,False,7.10639481190406,0.0,0.0,2.368798270634687,6.494876068668401,4.477615612033813,-1.2005132686166768,False,conditioning,,no_initial_region,conditioning,0.0,0.0,0,,,,,,,,,,,,,,,,,,,,,,
/workspace/junmiaoh/experiments/precision-mlps/mechanism-0365cd3-20260923/evidence/width_inputs/N512_fork20000.npz,6,d52e39a2d23597eae7ffb323f9fa48935af60689c9173de41520765816abab5b,moment5,31,20000,2.0,9.475193082538746,pure_effective_gradient_flow,False,False,9.475193082538746,0.0,0.0,4.737596541269373,6.494876068668401,4.477615612033813,-3.2932668496875053,False,conditioning,,no_initial_region,conditioning,0.0,0.0,0,,,,,,,,,,,,,,,,,,,,,,
/workspace/junmiaoh/experiments/precision-mlps/mechanism-0365cd3-20260923/evidence/width_inputs/N512_fork20000.npz,7,cc909f58024a65a4b6befee6618a09f4642ecd0d165fc9498a017162b053d7a6,mixed_sine,31,20000,1.01,4.296643323900234,pure_effective_gradient_flow,False,False,4.296643323900234,0.0,0.0,0.04254102300891294,6.464646612551648,4.4606353876884315,-0.010817898346974053,False,conditioning,,no_initial_region,conditioning,0.0,0.0,0,,,,,,,,,,,,,,,,,,,,,,
/workspace/junmiaoh/experiments/precision-mlps/mechanism-0365cd3-20260923/evidence/width_inputs/N512_fork20000.npz,7,cc909f58024a65a4b6befee6618a09f4642ecd0d165fc9498a017162b053d7a6,mixed_sine,31,20000,1.025,4.360454858413604,pure_effective_gradient_flow,False,False,4.360454858413604,0.0,0.0,0.10635255752228279,6.464646612551648,4.4606353876884315,-0.026081082385391807,False,conditioning,,no_initial_region,conditioning,0.0,0.0,0,,,,,,,,,,,,,,,,,,,,,,
/workspace/junmiaoh/experiments/precision-mlps/mechanism-0365cd3-20260923/evidence/width_inputs/N512_fork20000.npz,7,cc909f58024a65a4b6befee6618a09f4642ecd0d165fc9498a017162b053d7a6,mixed_sine,31,20000,1.05,4.466807415935888,pure_effective_gradient_flow,False,False,4.466807415935888,0.0,0.0,0.21270511504456646,6.464646612551648,4.4606353876884315,-0.052530396451595296,False,conditioning,,no_initial_region,conditioning,0.0,0.0,0,,,,,,,,,,,,,,,,,,,,,,
/workspace/junmiaoh/experiments/precision-mlps/mechanism-0365cd3-20260923/evidence/width_inputs/N512_fork20000.npz,7,cc909f58024a65a4b6befee6618a09f4642ecd0d165fc9498a017162b053d7a6,mixed_sine,31,20000,1.1,4.679512530980454,pure_effective_gradient_flow,False,False,4.679512530980454,0.0,0.0,0.4254102300891329,6.464646612551648,4.4606353876884315,-0.10932962015559994,False,conditioning,,no_initial_region,conditioning,0.0,0.0,0,,,,,,,,,,,,,,,,,,,,,,
/workspace/junmiaoh/experiments/precision-mlps/mechanism-0365cd3-20260923/evidence/width_inputs/N512_fork20000.npz,7,cc909f58024a65a4b6befee6618a09f4642ecd0d165fc9498a017162b053d7a6,mixed_sine,31,20000,1.25,5.317627876114152,pure_effective_gradient_flow,False,False,5.317627876114152,0.0,0.0,1.0635255752228305,6.464646612551648,4.4606353876884315,-0.31314341710933485,False,conditioning,,no_initial_region,conditioning,0.0,0.0,0,,,,,,,,,,,,,,,,,,,,,,
/workspace/junmiaoh/experiments/precision-mlps/mechanism-0365cd3-20260923/evidence/width_inputs/N512_fork20000.npz,7,cc909f58024a65a4b6befee6618a09f4642ecd0d165fc9498a017162b053d7a6,mixed_sine,31,20000,1.5,6.381153451336981,pure_effective_gradient_flow,False,False,6.381153451336981,0.0,0.0,2.12705115044566,6.464646612551648,4.4606353876884315,-0.7789625732975474,False,conditioning,,no_initial_region,conditioning,0.0,0.0,0,,,,,,,,,,,,,,,,,,,,,,
/workspace/junmiaoh/experiments/precision-mlps/mechanism-0365cd3-20260923/evidence/width_inputs/N512_fork20000.npz,7,cc909f58024a65a4b6befee6618a09f4642ecd0d165fc9498a017162b053d7a6,mixed_sine,31,20000,2.0,8.508204601782642,pure_effective_gradient_flow,False,False,8.508204601782642,0.0,0.0,4.254102300891321,6.464646612551648,4.4606353876884315,-2.2941545538658015,False,conditioning,,no_initial_region,conditioning,0.0,0.0,0,,,,,,,,,,,,,,,,,,,,,,
/workspace/junmiaoh/experiments/precision-mlps/mechanism-0365cd3-20260923/evidence/width_inputs/N512_fork20000.npz,8,7ae2bff2b6319e8e59668b2370d64d2bc8c9b28cb3cd98e13d9f7d66402542f2,gauss_left,31,20000,1.01,4.735961674190605,pure_effective_gradient_flow,False,False,4.735961674190605,0.0,0.0,0.04689070964545117,6.51013604478762,4.462113816463535,-0.1263087376530283,False,conditioning,,no_initial_region,conditioning,0.0,0.0,0,,,,,,,,,,,,,,,,,,,,,,
/workspace/junmiaoh/experiments/precision-mlps/mechanism-0365cd3-20260923/evidence/width_inputs/N512_fork20000.npz,8,7ae2bff2b6319e8e59668b2370d64d2bc8c9b28cb3cd98e13d9f7d66402542f2,gauss_left,31,20000,1.025,4.806297738658783,pure_effective_gradient_flow,False,False,4.806297738658783,0.0,0.0,0.1172267741136288,6.51013604478762,4.462113816463535,-0.14674877894468874,False,conditioning,,no_initial_region,conditioning,0.0,0.0,0,,,,,,,,,,,,,,,,,,,,,,
/workspace/junmiaoh/experiments/precision-mlps/mechanism-0365cd3-20260923/evidence/width_inputs/N512_fork20000.npz,8,7ae2bff2b6319e8e59668b2370d64d2bc8c9b28cb3cd98e13d9f7d66402542f2,gauss_left,31,20000,1.05,4.923524512772412,pure_effective_gradient_flow,False,False,4.923524512772412,0.0,0.0,0.2344535482272576,6.51013604478762,4.462113816463535,-0.18216898158972827,False,conditioning,,no_initial_region,conditioning,0.0,0.0,0,,,,,,,,,,,,,,,,,,,,,,
/workspace/junmiaoh/experiments/precision-mlps/mechanism-0365cd3-20260923/evidence/width_inputs/N512_fork20000.npz,8,7ae2bff2b6319e8e59668b2370d64d2bc8c9b28cb3cd98e13d9f7d66402542f2,gauss_left,31,20000,1.1,5.15797806099967,pure_effective_gradient_flow,False,False,5.15797806099967,0.0,0.0,0.4689070964545161,6.51013604478762,4.462113816463535,-0.25823295847174077,False,conditioning,,no_initial_region,conditioning,0.0,0.0,0,,,,,,,,,,,,,,,,,,,,,,
/workspace/junmiaoh/experiments/precision-mlps/mechanism-0365cd3-20260923/evidence/width_inputs/N512_fork20000.npz,8,7ae2bff2b6319e8e59668b2370d64d2bc8c9b28cb3cd98e13d9f7d66402542f2,gauss_left,31,20000,1.25,5.861338705681442,pure_effective_gradient_flow,False,False,5.861338705681442,0.0,0.0,1.172267741136288,6.51013604478762,4.462113816463535,-0.5311748567715063,False,conditioning,,no_initial_region,conditioning,0.0,0.0,0,,,,,,,,,,,,,,,,,,,,,,
/workspace/junmiaoh/experiments/precision-mlps/mechanism-0365cd3-20260923/evidence/width_inputs/N512_fork20000.npz,8,7ae2bff2b6319e8e59668b2370d64d2bc8c9b28cb3cd98e13d9f7d66402542f2,gauss_left,31,20000,1.5,7.033606446817731,pure_effective_gradient_flow,False,False,7.033606446817731,0.0,0.0,2.344535482272577,6.51013604478762,4.462113816463535,-1.1549872122386224,False,conditioning,,no_initial_region,conditioning,0.0,0.0,0,,,,,,,,,,,,,,,,,,,,,,
/workspace/junmiaoh/experiments/precision-mlps/mechanism-0365cd3-20260923/evidence/width_inputs/N512_fork20000.npz,8,7ae2bff2b6319e8e59668b2370d64d2bc8c9b28cb3cd98e13d9f7d66402542f2,gauss_left,31,20000,2.0,9.378141929090308,pure_effective_gradient_flow,False,False,9.378141929090308,0.0,0.0,4.689070964545154,6.51013604478762,4.462113816463535,-3.1840911377140766,False,conditioning,,no_initial_region,conditioning,0.0,0.0,0,,,,,,,,,,,,,,,,,,,,,,
/workspace/junmiaoh/experiments/precision-mlps/mechanism-0365cd3-20260923/evidence/width_inputs/N512_fork20000.npz,9,848f65a142f2c736d08d43b641934a37c0629f4deaf1b8a42cd44c3b91fe1575,bump_right,31,20000,1.01,4.8590508689931236,pure_effective_gradient_flow,False,False,4.8590508689931236,0.0,0.0,0.04810941454448603,6.413212587644621,4.382361311936511,-0.16314606369611118,False,conditioning,,no_initial_region,conditioning,0.0,0.0,0,,,,,,,,,,,,,,,,,,,,,,
/workspace/junmiaoh/experiments/precision-mlps/mechanism-0365cd3-20260923/evidence/width_inputs/N512_fork20000.npz,9,848f65a142f2c736d08d43b641934a37c0629f4deaf1b8a42cd44c3b91fe1575,bump_right,31,20000,1.025,4.931214990809853,pure_effective_gradient_flow,False,False,4.931214990809853,0.0,0.0,0.12027353636121507,6.413212587644621,4.382361311936511,-0.1852216155084137,False,conditioning,,no_initial_region,conditioning,0.0,0.0,0,,,,,,,,,,,,,,,,,,,,,,
/workspace/junmiaoh/experiments/precision-mlps/mechanism-0365cd3-20260923/evidence/width_inputs/N512_fork20000.npz,9,848f65a142f2c736d08d43b641934a37c0629f4deaf1b8a42cd44c3b91fe1575,bump_right,31,20000,1.05,5.051488527171069,pure_effective_gradient_flow,False,False,5.051488527171069,0.0,0.0,0.24054707272243192,6.413212587644621,4.382361311936511,-0.22347596673674835,False,conditioning,,no_initial_region,conditioning,0.0,0.0,0,,,,,,,,,,,,,,,,,,,,,,
/workspace/junmiaoh/experiments/precision-mlps/mechanism-0365cd3-20260923/evidence/width_inputs/N512_fork20000.npz,9,848f65a142f2c736d08d43b641934a37c0629f4deaf1b8a42cd44c3b91fe1575,bump_right,31,20000,1.1,5.292035599893501,pure_effective_gradient_flow,False,False,5.292035599893501,0.0,0.0,0.48109414544486384,6.413212587644621,4.382361311936511,-0.30562620502387744,False,conditioning,,no_initial_region,conditioning,0.0,0.0,0,,,,,,,,,,,,,,,,,,,,,,
/workspace/junmiaoh/experiments/precision-mlps/mechanism-0365cd3-20260923/evidence/width_inputs/N512_fork20000.npz,9,848f65a142f2c736d08d43b641934a37c0629f4deaf1b8a42cd44c3b91fe1575,bump_right,31,20000,1.25,6.013676818060797,pure_effective_gradient_flow,False,False,6.013676818060797,0.0,0.0,1.2027353636121596,6.413212587644621,4.382361311936511,-0.6004075575509447,False,conditioning,,no_initial_region,conditioning,0.0,0.0,0,,,,,,,,,,,,,,,,,,,,,,
/workspace/junmiaoh/experiments/precision-mlps/mechanism-0365cd3-20260923/evidence/width_inputs/N512_fork20000.npz,9,848f65a142f2c736d08d43b641934a37c0629f4deaf1b8a42cd44c3b91fe1575,bump_right,31,20000,1.5,7.216412181672956,pure_effective_gradient_flow,False,False,7.216412181672956,0.0,0.0,2.4054707272243183,6.413212587644621,4.382361311936511,-1.2741342774616107,False,conditioning,,no_initial_region,conditioning,0.0,0.0,0,,,,,,,,,,,,,,,,,,,,,,
/workspace/junmiaoh/experiments/precision-mlps/mechanism-0365cd3-20260923/evidence/width_inputs/N512_fork20000.npz,9,848f65a142f2c736d08d43b641934a37c0629f4deaf1b8a42cd44c3b91fe1575,bump_right,31,20000,2.0,9.621882908897275,pure_effective_gradient_flow,False,False,9.621882908897275,0.0,0.0,4.8109414544486375,6.413212587644621,4.382361311936511,-3.4655970147534494,False,conditioning,,no_initial_region,conditioning,0.0,0.0,0,,,,,,,,,,,,,,,,,,,,,,
/workspace/junmiaoh/experiments/precision-mlps/mechanism-0365cd3-20260923/evidence/width_inputs/N512_fork20000.npz,10,146100ded8eb9acad285c8565cc15e1eae4f65153c22fdbcf59a6c974a9c1249,step_right,31,20000,1.01,5.305461863907838,pure_effective_gradient_flow,False,False,5.305461863907838,0.0,0.0,0.052529325385226144,7.151937877222376,5.129165150490988,-0.30123705701738795,False,conditioning,,no_initial_region,conditioning,0.0,0.0,0,,,,,,,,,,,,,,,,,,,,,,
/workspace/junmiaoh/experiments/precision-mlps/mechanism-0365cd3-20260923/evidence/width_inputs/N512_fork20000.npz,10,146100ded8eb9acad285c8565cc15e1eae4f65153c22fdbcf59a6c974a9c1249,step_right,31,20000,1.025,5.384255851985676,pure_effective_gradient_flow,False,False,5.384255851985676,0.0,0.0,0.13132331346306447,7.151937877222376,5.129165150490988,-0.32997309060585184,False,conditioning,,no_initial_region,conditioning,0.0,0.0,0,,,,,,,,,,,,,,,,,,,,,,
/workspace/junmiaoh/experiments/precision-mlps/mechanism-0365cd3-20260923/evidence/width_inputs/N512_fork20000.npz,10,146100ded8eb9acad285c8565cc15e1eae4f65153c22fdbcf59a6c974a9c1249,step_right,31,20000,1.05,5.5155791654487425,pure_effective_gradient_flow,False,False,5.5155791654487425,0.0,0.0,0.2626466269261307,7.151937877222376,5.129165150490988,-0.3797692783138164,False,conditioning,,no_initial_region,conditioning,0.0,0.0,0,,,,,,,,,,,,,,,,,,,,,,
/workspace/junmiaoh/experiments/precision-mlps/mechanism-0365cd3-20260923/evidence/width_inputs/N512_fork20000.npz,10,146100ded8eb9acad285c8565cc15e1eae4f65153c22fdbcf59a6c974a9c1249,step_right,31,20000,1.1,5.778225792374873,pure_effective_gradient_flow,False,False,5.778225792374873,0.0,0.0,0.5252932538522614,7.151937877222376,5.129165150490988,-0.4867053144677879,False,conditioning,,no_initial_region,conditioning,0.0,0.0,0,,,,,,,,,,,,,,,,,,,,,,
/workspace/junmiaoh/experiments/precision-mlps/mechanism-0365cd3-20260923/evidence/width_inputs/N512_fork20000.npz,10,146100ded8eb9acad285c8565cc15e1eae4f65153c22fdbcf59a6c974a9c1249,step_right,31,20000,1.25,6.5661656731532645,pure_effective_gradient_flow,False,False,6.5661656731532645,0.0,0.0,1.3132331346306527,7.151937877222376,5.129165150490988,-0.8704260440556151,False,conditioning,,no_initial_region,conditioning,0.0,0.0,0,,,,,,,,,,,,,,,,,,,,,,
/workspace/junmiaoh/experiments/precision-mlps/mechanism-0365cd3-20260923/evidence/width_inputs/N512_fork20000.npz,10,146100ded8eb9acad285c8565cc15e1eae4f65153c22fdbcf59a6c974a9c1249,step_right,31,20000,1.5,7.879398807783918,pure_effective_gradient_flow,False,False,7.879398807783918,0.0,0.0,2.6264662692613063,7.151937877222376,5.129165150490988,-1.7474248985988214,False,conditioning,,no_initial_region,conditioning,0.0,0.0,0,,,,,,,,,,,,,,,,,,,,,,
/workspace/junmiaoh/experiments/precision-mlps/mechanism-0365cd3-20260923/evidence/width_inputs/N512_fork20000.npz,10,146100ded8eb9acad285c8565cc15e1eae4f65153c22fdbcf59a6c974a9c1249,step_right,31,20000,2.0,10.505865077045224,pure_effective_gradient_flow,False,False,10.505865077045224,0.0,0.0,5.252932538522612,7.151937877222376,5.129165150490988,-4.600080513376721,False,conditioning,,no_initial_region,conditioning,0.0,0.0,0,,,,,,,,,,,,,,,,,,,,,,
/workspace/junmiaoh/experiments/precision-mlps/mechanism-0365cd3-20260923/evidence/width_inputs/N512_fork20000.npz,11,016c7a4e88c6b1bff8add3ba8b2d8fe5a49509be9affd7bf6185f42019575420,kink_abs,31,20000,1.01,4.7629118812564135,pure_effective_gradient_flow,False,False,4.7629118812564135,0.0,0.0,0.04715754337877609,6.5693395563150805,4.45839667016236,-0.13557129048028105,False,conditioning,,no_initial_region,conditioning,0.0,0.0,0,,,,,,,,,,,,,,,,,,,,,,
/workspace/junmiaoh/experiments/precision-mlps/mechanism-0365cd3-20260923/evidence/width_inputs/N512_fork20000.npz,11,016c7a4e88c6b1bff8add3ba8b2d8fe5a49509be9affd7bf6185f42019575420,kink_abs,31,20000,1.025,4.833648196324578,pure_effective_gradient_flow,False,False,4.833648196324578,0.0,0.0,0.11789385844694067,6.5693395563150805,4.45839667016236,-0.1563622662025118,False,conditioning,,no_initial_region,conditioning,0.0,0.0,0,,,,,,,,,,,,,,,,,,,,,,
/workspace/junmiaoh/experiments/precision-mlps/mechanism-0365cd3-20260923/evidence/width_inputs/N512_fork20000.npz,11,016c7a4e88c6b1bff8add3ba8b2d8fe5a49509be9affd7bf6185f42019575420,kink_abs,31,20000,1.05,4.95154205477152,pure_effective_gradient_flow,False,False,4.95154205477152,0.0,0.0,0.23578771689388223,6.5693395563150805,4.45839667016236,-0.19239059720055024,False,conditioning,,no_initial_region,conditioning,0.0,0.0,0,,,,,,,,,,,,,,,,,,,,,,
/workspace/junmiaoh/experiments/precision-mlps/mechanism-0365cd3-20260923/evidence/width_inputs/N512_fork20000.npz,11,016c7a4e88c6b1bff8add3ba8b2d8fe5a49509be9affd7bf6185f42019575420,kink_abs,31,20000,1.1,5.187329771665402,pure_effective_gradient_flow,False,False,5.187329771665402,0.0,0.0,0.47157543378776445,6.5693395563150805,4.45839667016236,-0.2697605141260841,False,conditioning,,no_initial_region,conditioning,0.0,0.0,0,,,,,,,,,,,,,,,,,,,,,,
/workspace/junmiaoh/experiments/precision-mlps/mechanism-0365cd3-20260923/evidence/width_inputs/N512_fork20000.npz,11,016c7a4e88c6b1bff8add3ba8b2d8fe5a49509be9affd7bf6185f42019575420,kink_abs,31,20000,1.25,5.894692922347047,pure_effective_gradient_flow,False,False,5.894692922347047,0.0,0.0,1.1789385844694094,6.5693395563150805,4.45839667016236,-0.5473885433534673,False,conditioning,,no_initial_region,conditioning,0.0,0.0,0,,,,,,,,,,,,,,,,,,,,,,
/workspace/junmiaoh/experiments/precision-mlps/mechanism-0365cd3-20260923/evidence/width_inputs/N512_fork20000.npz,11,016c7a4e88c6b1bff8add3ba8b2d8fe5a49509be9affd7bf6185f42019575420,kink_abs,31,20000,1.5,7.073631506816456,pure_effective_gradient_flow,False,False,7.073631506816456,0.0,0.0,2.3578771689388187,6.5693395563150805,4.45839667016236,-1.1819111136692177,False,conditioning,,no_initial_region,conditioning,0.0,0.0,0,,,,,,,,,,,,,,,,,,,,,,
/workspace/junmiaoh/experiments/precision-mlps/mechanism-0365cd3-20260923/evidence/width_inputs/N512_fork20000.npz,11,016c7a4e88c6b1bff8add3ba8b2d8fe5a49509be9affd7bf6185f42019575420,kink_abs,31,20000,2.0,9.431508675755275,pure_effective_gradient_flow,False,False,9.431508675755275,0.0,0.0,4.715754337877637,6.5693395563150805,4.45839667016236,-3.2458526610699,False,conditioning,,no_initial_region,conditioning,0.0,0.0,0,,,,,,,,,,,,,,,,,,,,,,
/workspace/junmiaoh/experiments/precision-mlps/mechanism-0365cd3-20260923/evidence/width_inputs/N1024_fork20000.npz,0,e5d9ce684f7d990f4c4c1ea4268e4b23a0141a4c89793b1529a17134f65b5e8c,moment5,30,20000,1.01,4.508810750176954,pure_effective_gradient_flow,False,False,4.508810750176954,0.0,0.0,0.044641690595811134,6.275124500198348,4.296489490076952,0.12994172538760315,True,valid,0.044641690595811134,evaluated,support,4.96465714930862e-06,4.964657149308621e-06,3,0.016884851996707268,8974.259942061464,4375.395586218868,2.880025179376222e-07,0.0,0.00023460461409743186,4.508810750176954,4.2583392476934e-06,0.0005997701834629758,0.044641690595811134,6.278889261654063,4.293913356408548,0.12975398481131675,0.01683609657441542,8989.38551431903,4382.685749621983,0.006361837447539889,2.934279682108896e-07,1.7442408312512872e-09,0.00023460461409743186,True,valid
/workspace/junmiaoh/experiments/precision-mlps/mechanism-0365cd3-20260923/evidence/width_inputs/N1024_fork20000.npz,0,e5d9ce684f7d990f4c4c1ea4268e4b23a0141a4c89793b1529a17134f65b5e8c,moment5,30,20000,1.025,4.575773286070671,pure_effective_gradient_flow,False,False,4.575773286070671,0.0,0.0,0.11160422648952828,6.275124500198348,4.296489490076952,0.12111659001808592,True,valid,0.11160422648952828,evaluated,support,1.1063502572593099e-05,1.10635025725931e-05,7,0.01466922837760911,10039.3652653043,4833.78548386545,2.880025179376222e-07,0.0,0.00023808884103947292,4.575773286070671,9.9361249112846e-06,0.0014413406669298837,0.11160422648952828,6.284175613632524,4.29030124580525,0.12066559637839572,0.014560186149353905,10082.672036784292,4854.401888182106,0.011421537692523243,3.0223448801295564e-07,4.130858197991987e-09,0.00023808884103947292,True,valid
/workspace/junmiaoh/experiments/precision-mlps/mechanism-0365cd3-20260923/evidence/width_inputs/N1024_fork20000.npz,0,e5d9ce684f7d990f4c4c1ea4268e4b23a0141a4c89793b1529a17134f65b5e8c,moment5,30,20000,1.05,4.6873775125602,pure_effective_gradient_flow,False,False,4.6873775125602,0.0,0.0,0.22320845297905745,6.275124500198348,4.296489490076952,0.10582366185332007,True,valid,0.22320845297905745,evaluated,support,1.798049333386488e-05,1.7980493333864883e-05,12,0.011198647408045829,12300.04825165518,5801.928409411884,2.880025179376222e-07,0.0,0.00024389588594287472,4.6873775125602,1.70333569907736e-05,0.0025928698255776148,0.22320845297905745,6.291416193158813,4.28536368224114,0.10501278932052757,0.01102768592087751,12407.88354625001,5852.244218039585,0.011860543035835114,3.1819124070971156e-07,7.268307473354709e-09,0.00024389588594287472,True,valid
/workspace/junmiaoh/experiments/precision-mlps/mechanism-0365cd3-20260923/evidence/width_inputs/N1024_fork20000.npz,0,e5d9ce684f7d990f4c4c1ea4268e4b23a0141a4c89793b1529a17134f65b5e8c,moment5,30,20000,1.1,4.910585965539258,pure_effective_gradient_flow,False,False,4.910585965539258,0.0,0.0,0.4464169059581149,6.275124500198348,4.296489490076952,0.07298249078379415,True,valid,0.4464169059581149,evaluated,support,2.159684526074722e-05,2.1596845260747224e-05,15,0.005326443961006598,20321.423394597205,9209.000643681034,2.880025179376222e-07,0.0,0.00025550997574967833,4.910585965539258,2.1291696238466995e-05,0.0035571116654749585,0.4464169059581149,6.297485565585626,4.281233546824237,0.07187056650598983,0.005165378329891907,20665.46720557753,9363.512526022983,0.006414055590956758,3.5154379123208446e-07,9.561545821942075e-09,0.00025550997574967833,True,valid
/workspace/junmiaoh/experiments/precision-mlps/mechanism-0365cd3-20260923/evidence/width_inputs/N1024_fork20000.npz,0,e5d9ce684f7d990f4c4c1ea4268e4b23a0141a4c89793b1529a17134f65b5e8c,moment5,30,20000,1.25,5.580211324476428,pure_effective_gradient_flow,False,False,5.580211324476428,0.0,0.0,1.1160422648952855,6.275124500198348,4.296489490076952,-0.04486214397686206,False,conditioning,,no_initial_region,conditioning,0.0,0.0,0,,,,,,,,,,,,,,,,,,,,,,
/workspace/junmiaoh/experiments/precision-mlps/mechanism-0365cd3-20260923/evidence/width_inputs/N1024_fork20000.npz,0,e5d9ce684f7d990f4c4c1ea4268e4b23a0141a4c89793b1529a17134f65b5e8c,moment5,30,20000,1.5,6.6962535893717146,pure_effective_gradient_flow,False,False,6.6962535893717146,0.0,0.0,2.232084529790572,6.275124500198348,4.296489490076952,-0.31419763129903744,False,conditioning,,no_initial_region,conditioning,0.0,0.0,0,,,,,,,,,,,,,,,,,,,,,,
/workspace/junmiaoh/experiments/precision-mlps/mechanism-0365cd3-20260923/evidence/width_inputs/N1024_fork20000.npz,0,e5d9ce684f7d990f4c4c1ea4268e4b23a0141a4c89793b1529a17134f65b5e8c,moment5,30,20000,2.0,8.928338119162285,pure_effective_gradient_flow,False,False,8.928338119162285,0.0,0.0,4.464169059581143,6.275124500198348,4.296489490076952,-1.1902778977535853,False,conditioning,,no_initial_region,conditioning,0.0,0.0,0,,,,,,,,,,,,,,,,,,,,,,
/workspace/junmiaoh/experiments/precision-mlps/mechanism-0365cd3-20260923/evidence/width_inputs/N1024_fork20000.npz,1,287b24f9f855974175fc49b854de7a00d0910dbc78fc96801fc76d1c0c21d0b3,mixed_sine,30,20000,1.01,4.596365490313231,pure_effective_gradient_flow,False,False,4.596365490313231,0.0,0.0,0.0455085692110222,6.246367197965468,4.283283304728968,0.11854125691074027,True,valid,0.0455085692110222,evaluated,support,4.158258182602816e-06,4.158258182602817e-06,2,0.014052029589978128,10922.812208431811,5236.0972216023165,0.00016756930294436508,0.0,0.00023916030453559589,4.596365490313231,2.8388928317956e-06,0.00043783765985936263,0.0455085692110222,6.249102691569407,4.281408332486993,0.11840413613040843,0.01401953945278829,10937.367709968621,5243.000490958355,0.014458554420479625,0.00017008211181712254,6.752903624214772e-07,0.00023916030453559589,True,valid
/workspace/junmiaoh/experiments/precision-mlps/mechanism-0365cd3-20260923/evidence/width_inputs/N1024_fork20000.npz,1,287b24f9f855974175fc49b854de7a00d0910dbc78fc96801fc76d1c0c21d0b3,mixed_sine,30,20000,1.025,4.664628344129764,pure_effective_gradient_flow,False,False,4.664628344129764,0.0,0.0,0.11377142302755505,6.246367197965468,4.283283304728968,0.10919195851830127,True,valid,0.11377142302755505,evaluated,support,9.159208212093713e-06,9.159208212093715e-06,6,0.011922883805062425,12362.545211888482,5852.396262313869,0.00016756930294436508,0.0,0.00024271219024652057,4.664628344129764,8.5166784953868e-06,0.0013528179337018219,0.11377142302755505,6.254823113899114,4.277492719945796,0.10876846644262272,0.011830579292279946,12417.382455139053,5878.086734454865,0.008016568902878926,0.00017617164747247275,2.0620150718527606e-06,0.00024271219024652057,True,valid
/workspace/junmiaoh/experiments/precision-mlps/mechanism-0365cd3-20260923/evidence/width_inputs/N1024_fork20000.npz,1,287b24f9f855974175fc49b854de7a00d0910dbc78fc96801fc76d1c0c21d0b3,mixed_sine,30,20000,1.05,4.77839976715732,pure_effective_gradient_flow,False,False,4.77839976715732,0.0,0.0,0.227542846055111,6.246367197965468,4.283283304728968,0.09299071709594431,True,valid,0.227542846055111,evaluated,support,1.4513505298203319e-05,1.451350529820332e-05,10,0.008647273466017949,15535.309570985206,7204.4741509768455,0.00016756930294436508,0.0,0.0002486319997647284,4.77839976715732,1.4194464158977999e-05,0.002366023036932396,0.227542846055111,6.261163744234995,4.273160937355607,0.09225039463870444,0.008510135310996708,15674.848348018455,7268.556812069428,0.005046772981747549,0.00018578132012267792,3.530375130539417e-06,0.0002486319997647284,True,valid
/workspace/junmiaoh/experiments/precision-mlps/mechanism-0365cd3-20260923/evidence/width_inputs/N1024_fork20000.npz,1,287b24f9f855974175fc49b854de7a00d0910dbc78fc96801fc76d1c0c21d0b3,mixed_sine,30,20000,1.1,5.00594261321243,pure_effective_gradient_flow,False,False,5.00594261321243,0.0,0.0,0.4550856921102211,6.246367197965468,4.283283304728968,0.058198966598078716,True,valid,0.4550856921102211,evaluated,support,1.583074560064799e-05,1.5830745600647994e-05,11,0.0033871197130842822,28266.297152135674,12590.29621907067,0.00016756930294436508,0.0,0.000260471618801144,5.00594261321243,1.5613910574875797e-05,0.002856396065448542,0.4550856921102211,6.264234802982941,4.271066008175782,0.057305410824041836,0.0032839101097122112,28740.27399523174,12799.869421451527,0.006337624051244384,0.00020464014187743587,4.0807300712895464e-06,0.000260471618801144,True,valid
/workspace/junmiaoh/experiments/precision-mlps/mechanism-0365cd3-20260923/evidence/width_inputs/N1024_fork20000.npz,1,287b24f9f855974175fc49b854de7a00d0910dbc78fc96801fc76d1c0c21d0b3,mixed_sine,30,20000,1.25,5.6885711513777615,pure_effective_gradient_flow,False,False,5.6885711513777615,0.0,0.0,1.1377142302755523,6.246367197965468,4.283283304728968,-0.06664497156189042,False,conditioning,,no_initial_region,conditioning,0.0,0.0,0,,,,,,,,,,,,,,,,,,,,,,
/workspace/junmiaoh/experiments/precision-mlps/mechanism-0365cd3-20260923/evidence/width_inputs/N1024_fork20000.npz,1,287b24f9f855974175fc49b854de7a00d0910dbc78fc96801fc76d1c0c21d0b3,mixed_sine,30,20000,1.5,6.826285381653314,pure_effective_gradient_flow,False,False,6.826285381653314,0.0,0.0,2.2754284605511046,6.246367197965468,4.283283304728968,-0.3519774603241263,False,conditioning,,no_initial_region,conditioning,0.0,0.0,0,,,,,,,,,,,,,,,,,,,,,,
/workspace/junmiaoh/experiments/precision-mlps/mechanism-0365cd3-20260923/evidence/width_inputs/N1024_fork20000.npz,1,287b24f9f855974175fc49b854de7a00d0910dbc78fc96801fc76d1c0c21d0b3,mixed_sine,30,20000,2.0,9.101713842204418,pure_effective_gradient_flow,False,False,9.101713842204418,0.0,0.0,4.550856921102209,6.246367197965468,4.283283304728968,-1.280091929265026,False,conditioning,,no_initial_region,conditioning,0.0,0.0,0,,,,,,,,,,,,,,,,,,,,,,
/workspace/junmiaoh/experiments/precision-mlps/mechanism-0365cd3-20260923/evidence/width_inputs/N1024_fork20000.npz,2,d249c44be03d99261604c81af57e125d0d184b1f5566003a86f1491de16a31f3,gauss_left,30,20000,1.01,4.841201761622609,pure_effective_gradient_flow,False,False,4.841201761622609,0.0,0.0,0.04793269070913464,6.267795574707685,4.259466028641936,0.08229072839414112,True,valid,0.04793269070913464,evaluated,support,3.0343444487958575e-06,3.034344448795858e-06,2,0.006771763979638303,15766.995442968984,7240.200803837852,0.0006360152621153592,0.0,0.00025189974340987916,4.841201761622609,2.8388928317956e-06,0.00042002465020278177,0.04793269070913464,6.270428756313372,4.257677323589609,0.08215974327122058,0.0067502234143928756,15794.802931716422,7252.835178686617,0.0030929378866607626,0.0006492465793347764,2.57043287250526e-06,0.00025189974340987916,True,valid
/workspace/junmiaoh/experiments/precision-mlps/mechanism-0365cd3-20260923/evidence/width_inputs/N1024_fork20000.npz,2,d249c44be03d99261604c81af57e125d0d184b1f5566003a86f1491de16a31f3,gauss_left,30,20000,1.025,4.913100797686311,pure_effective_gradient_flow,False,False,4.913100797686311,0.0,0.0,0.11983172677283616,6.267795574707685,4.259466028641936,0.07136639607283363,True,valid,0.11983172677283616,evaluated,support,6.296184363535518e-06,6.296184363535519e-06,4,0.005093162488424563,18945.322837489213,8588.319487376804,0.0006360152621153592,0.0,0.00025564082870804567,4.913100797686311,5.6777856635912e-06,0.0008651865466509116,0.11983172677283616,6.273220733664935,4.255782389685254,0.07109664244380715,0.005054732566782559,19023.850477317137,8623.571973837219,0.011818381266422318,0.0006679313196869389,5.214744569279189e-06,0.00025564082870804567,True,valid
/workspace/junmiaoh/experiments/precision-mlps/mechanism-0365cd3-20260923/evidence/width_inputs/N1024_fork20000.npz,2,d249c44be03d99261604c81af57e125d0d184b1f5566003a86f1491de16a31f3,gauss_left,30,20000,1.05,5.032932524459149,pure_effective_gradient_flow,False,False,5.032932524459149,0.0,0.0,0.2396634535456741,6.267795574707685,4.259466028641936,0.052435804932572716,True,valid,0.2396634535456741,evaluated,support,8.615992835829325e-06,8.615992835829327e-06,6,0.002749513638926817,27572.869085939452,12235.125439977723,0.0006360152621153592,0.0,0.00026187597087165657,5.032932524459149,8.5166784953868e-06,0.001361858181105481,0.2396634535456741,6.276337238335688,4.253669188116965,0.05201129349231537,0.002705174650743767,27813.290542234256,12340.970145962381,0.0027866000986825346,0.0007065024254318553,8.047699000830704e-06,0.00026187597087165657,True,valid
/workspace/junmiaoh/experiments/precision-mlps/mechanism-0365cd3-20260923/evidence/width_inputs/N1024_fork20000.npz,2,d249c44be03d99261604c81af57e125d0d184b1f5566003a86f1491de16a31f3,gauss_left,30,20000,1.1,5.272595978004823,pure_effective_gradient_flow,False,False,5.272595978004823,0.0,0.0,0.4793269070913482,6.267795574707685,4.259466028641936,0.011782845905606798,True,valid,0.4793269070913482,evaluated,support,3.3816058829505818e-06,3.381605882950582e-06,2,0.00013883545763527488,139485.16713783648,59300.17557421466,0.0006360152621153592,0.0,0.0002743462551988784,5.272595978004823,2.8388928317956e-06,0.0004982156913492463,0.4793269070913482,6.270919066834959,4.257344424381849,0.011627482459086846,0.0001351983483363723,141377.8490123313,60103.09815431918,0.07797034495556021,0.0007543442392938315,2.773992256046223e-06,0.0002743462551988784,True,valid
/workspace/junmiaoh/experiments/precision-mlps/mechanism-0365cd3-20260923/evidence/width_inputs/N1024_fork20000.npz,2,d249c44be03d99261604c81af57e125d0d184b1f5566003a86f1491de16a31f3,gauss_left,30,20000,1.25,5.991586338641843,pure_effective_gradient_flow,False,False,5.991586338641843,0.0,0.0,1.1983172677283687,6.267795574707685,4.259466028641936,-0.13409298471963416,False,conditioning,,no_initial_region,conditioning,0.0,0.0,0,,,,,,,,,,,,,,,,,,,,,,
/workspace/junmiaoh/experiments/precision-mlps/mechanism-0365cd3-20260923/evidence/width_inputs/N1024_fork20000.npz,2,d249c44be03d99261604c81af57e125d0d184b1f5566003a86f1491de16a31f3,gauss_left,30,20000,1.5,7.189903606370212,pure_effective_gradient_flow,False,False,7.189903606370212,0.0,0.0,2.3966345354567373,6.267795574707685,4.259466028641936,-0.4674941447280964,False,conditioning,,no_initial_region,conditioning,0.0,0.0,0,,,,,,,,,,,,,,,,,,,,,,
/workspace/junmiaoh/experiments/precision-mlps/mechanism-0365cd3-20260923/evidence/width_inputs/N1024_fork20000.npz,2,d249c44be03d99261604c81af57e125d0d184b1f5566003a86f1491de16a31f3,gauss_left,30,20000,2.0,9.58653814182695,pure_effective_gradient_flow,False,False,9.58653814182695,0.0,0.0,4.793269070913475,6.267795574707685,4.259466028641936,-1.5519638520083696,False,conditioning,,no_initial_region,conditioning,0.0,0.0,0,,,,,,,,,,,,,,,,,,,,,,
/workspace/junmiaoh/experiments/precision-mlps/mechanism-0365cd3-20260923/evidence/width_inputs/N1024_fork20000.npz,3,d75929af161462692e0b9f8d5809a213fb00632351e943b17cd32efbf251aede,bump_right,30,20000,1.01,4.456102175583748,pure_effective_gradient_flow,False,False,4.456102175583748,0.0,0.0,0.044119823520631485,6.169740897910258,4.178213128647436,0.1347232268714586,True,valid,0.044119823520631485,evaluated,support,5.212947553157939e-06,5.21294755315794e-06,3,0.018150347858658506,8446.80679427643,4158.349727013656,0.0004794697190964443,0.0,0.0002318620561398641,4.456102175583748,4.2583392476934e-06,0.0005962890901394488,0.044119823520631485,6.173420944173348,4.175722448399075,0.134537826510297,0.018100426762114773,8460.446063663623,4164.988967805975,0.008092373994739548,0.00048804942297794667,2.9024813420826416e-06,0.0002318620561398641,True,valid
/workspace/junmiaoh/experiments/precision-mlps/mechanism-0365cd3-20260923/evidence/width_inputs/N1024_fork20000.npz,3,d75929af161462692e0b9f8d5809a213fb00632351e943b17cd32efbf251aede,bump_right,30,20000,1.025,4.522281910864694,pure_effective_gradient_flow,False,False,4.522281910864694,0.0,0.0,0.11029955880157782,6.169740897910258,4.178213128647436,0.12620398838075844,True,valid,0.11029955880157782,evaluated,support,1.16741460767232e-05,1.1674146076723202e-05,8,0.01592744668321061,9402.728282299311,4571.368773584691,0.0004794697190964443,0.0,0.0002353055520231294,4.522281910864694,1.13555713271824e-05,0.0016376857832964306,0.11029955880157782,6.179853273051763,4.171376128364228,0.1256950387517207,0.01579924276679657,9446.94579099657,4592.627199862819,0.003024092047890725,0.0005051384989791882,7.875080924457897e-06,0.0002353055520231294,True,valid
/workspace/junmiaoh/experiments/precision-mlps/mechanism-0365cd3-20260923/evidence/width_inputs/N1024_fork20000.npz,3,d75929af161462692e0b9f8d5809a213fb00632351e943b17cd32efbf251aede,bump_right,30,20000,1.05,4.632581469666272,pure_effective_gradient_flow,False,False,4.632581469666272,0.0,0.0,0.22059911760315565,6.169740897910258,4.178213128647436,0.11144114375553071,True,valid,0.22059911760315565,evaluated,support,1.9171783134001495e-05,1.91717831340015e-05,13,0.012419128521540862,11400.193994072437,5430.016039272481,0.0004794697190964443,0.0,0.00024104471182857158,4.632581469666272,1.84528034066714e-05,0.002792639082581331,0.22059911760315565,6.186994838271873,4.166561164806469,0.1105737291517962,0.012226549578534784,11502.435586109446,5478.190124272533,0.008346935034776931,0.0005304728118634421,1.3118083906998922e-05,0.00024104471182857158,True,valid
/workspace/junmiaoh/experiments/precision-mlps/mechanism-0365cd3-20260923/evidence/width_inputs/N1024_fork20000.npz,3,d75929af161462692e0b9f8d5809a213fb00632351e943b17cd32efbf251aede,bump_right,30,20000,1.1,4.853180587269429,pure_effective_gradient_flow,False,False,4.853180587269429,0.0,0.0,0.4411982352063122,6.169740897910258,4.178213128647436,0.07973831349396157,True,valid,0.4411982352063122,evaluated,support,2.3883350165338184e-05,2.3883350165338187e-05,16,0.006358198638861294,18158.71842981393,8310.656358815666,0.0004794697190964443,0.0,0.00025252303143945596,4.853180587269429,2.27111426543648e-05,0.003772230430055789,0.4411982352063122,6.193058534369535,4.162481636002487,0.07856716187964133,0.006172798925821766,18457.41165340699,8446.093980334947,0.022009326115450756,0.0005808550177707388,1.6913366837343182e-05,0.00025252303143945596,True,valid
/workspace/junmiaoh/experiments/precision-mlps/mechanism-0365cd3-20260923/evidence/width_inputs/N1024_fork20000.npz,3,d75929af161462692e0b9f8d5809a213fb00632351e943b17cd32efbf251aede,bump_right,30,20000,1.25,5.514977940078896,pure_effective_gradient_flow,False,False,5.514977940078896,0.0,0.0,1.1029955880157791,6.169740897910258,4.178213128647436,-0.03402159004737143,False,conditioning,,no_initial_region,conditioning,0.0,0.0,0,,,,,,,,,,,,,,,,,,,,,,
/workspace/junmiaoh/experiments/precision-mlps/mechanism-0365cd3-20260923/evidence/width_inputs/N1024_fork20000.npz,3,d75929af161462692e0b9f8d5809a213fb00632351e943b17cd32efbf251aede,bump_right,30,20000,1.5,6.617973528094675,pure_effective_gradient_flow,False,False,6.617973528094675,0.0,0.0,2.2059911760315583,6.169740897910258,4.178213128647436,-0.29402136958979935,False,conditioning,,no_initial_region,conditioning,0.0,0.0,0,,,,,,,,,,,,,,,,,,,,,,
/workspace/junmiaoh/experiments/precision-mlps/mechanism-0365cd3-20260923/evidence/width_inputs/N1024_fork20000.npz,3,d75929af161462692e0b9f8d5809a213fb00632351e943b17cd32efbf251aede,bump_right,30,20000,2.0,8.823964704126233,pure_effective_gradient_flow,False,False,8.823964704126233,0.0,0.0,4.4119823520631165,6.169740897910258,4.178213128647436,-1.1397349382113233,False,conditioning,,no_initial_region,conditioning,0.0,0.0,0,,,,,,,,,,,,,,,,,,,,,,
/workspace/junmiaoh/experiments/precision-mlps/mechanism-0365cd3-20260923/evidence/width_inputs/N1024_fork20000.npz,4,c5722df024aa82657667a48ca375941b7a32af33079fd532b9de4e88ffe27561,step_right,30,20000,1.01,5.353799590709808,pure_effective_gradient_flow,False,False,5.353799590709808,0.0,0.0,0.053007916739701066,6.92435432806852,4.946887599435969,0.00650726990635897,True,valid,0.053007916739701066,evaluated,support,3.056120109191808e-07,3.0561201091918086e-07,0,4.234456163420508e-05,173149.76898639696,72721.47377517227,0.0007568566098899725,0.0,0.00027857148071343843,5.353799590709808,0.0,0.0,0.053007916739701066,6.92435432806852,4.946887599435969,0.00650726990635897,4.234456163420508e-05,173149.76898639696,72721.47377517227,0.053007916739701066,0.0007568566098899725,0.0,0.00027857148071343843,True,valid
/workspace/junmiaoh/experiments/precision-mlps/mechanism-0365cd3-20260923/evidence/width_inputs/N1024_fork20000.npz,4,c5722df024aa82657667a48ca375941b7a32af33079fd532b9de4e88ffe27561,step_right,30,20000,1.025,5.433311465819359,pure_effective_gradient_flow,False,False,5.433311465819359,0.0,0.0,0.13251979184925222,6.92435432806852,4.946887599435969,-0.008267532640190534,False,conditioning,,no_initial_region,conditioning,0.0,0.0,0,,,,,,,,,,,,,,,,,,,,,,
/workspace/junmiaoh/experiments/precision-mlps/mechanism-0365cd3-20260923/evidence/width_inputs/N1024_fork20000.npz,4,c5722df024aa82657667a48ca375941b7a32af33079fd532b9de4e88ffe27561,step_right,30,20000,1.05,5.565831257668612,pure_effective_gradient_flow,False,False,5.565831257668612,0.0,0.0,0.26503958369850533,6.92435432806852,4.946887599435969,-0.033870538660180693,False,conditioning,,no_initial_region,conditioning,0.0,0.0,0,,,,,,,,,,,,,,,,,,,,,,
/workspace/junmiaoh/experiments/precision-mlps/mechanism-0365cd3-20260923/evidence/width_inputs/N1024_fork20000.npz,4,c5722df024aa82657667a48ca375941b7a32af33079fd532b9de4e88ffe27561,step_right,30,20000,1.1,5.830870841367118,pure_effective_gradient_flow,False,False,5.830870841367118,0.0,0.0,0.5300791673970116,6.92435432806852,4.946887599435969,-0.08885233753724892,False,conditioning,,no_initial_region,conditioning,0.0,0.0,0,,,,,,,,,,,,,,,,,,,,,,
/workspace/junmiaoh/experiments/precision-mlps/mechanism-0365cd3-20260923/evidence/width_inputs/N1024_fork20000.npz,4,c5722df024aa82657667a48ca375941b7a32af33079fd532b9de4e88ffe27561,step_right,30,20000,1.25,6.625989592462633,pure_effective_gradient_flow,False,False,6.625989592462633,0.0,0.0,1.3251979184925267,6.92435432806852,4.946887599435969,-0.28614463242633853,False,conditioning,,no_initial_region,conditioning,0.0,0.0,0,,,,,,,,,,,,,,,,,,,,,,
/workspace/junmiaoh/experiments/precision-mlps/mechanism-0365cd3-20260923/evidence/width_inputs/N1024_fork20000.npz,4,c5722df024aa82657667a48ca375941b7a32af33079fd532b9de4e88ffe27561,step_right,30,20000,1.5,7.95118751095516,pure_effective_gradient_flow,False,False,7.95118751095516,0.0,0.0,2.6503958369850533,6.92435432806852,4.946887599435969,-0.7370588085089982,False,conditioning,,no_initial_region,conditioning,0.0,0.0,0,,,,,,,,,,,,,,,,,,,,,,
/workspace/junmiaoh/experiments/precision-mlps/mechanism-0365cd3-20260923/evidence/width_inputs/N1024_fork20000.npz,4,c5722df024aa82657667a48ca375941b7a32af33079fd532b9de4e88ffe27561,step_right,30,20000,2.0,10.601583347940213,pure_effective_gradient_flow,False,False,10.601583347940213,0.0,0.0,5.300791673970107,6.92435432806852,4.946887599435969,-2.2037686559866603,False,conditioning,,no_initial_region,conditioning,0.0,0.0,0,,,,,,,,,,,,,,,,,,,,,,
/workspace/junmiaoh/experiments/precision-mlps/mechanism-0365cd3-20260923/evidence/width_inputs/N1024_fork20000.npz,5,27bdd6bc46f056913faea5f5374d1c0f8f81e4b7daed71794727392175376d20,kink_abs,30,20000,1.01,4.614855242462844,pure_effective_gradient_flow,False,False,4.614855242462844,0.0,0.0,0.04569163606398874,6.366206995675643,4.28999715761423,0.11343741681148972,True,valid,0.04569163606398874,evaluated,support,8.343768959576157e-06,8.343768959576159e-06,5,0.012868047532863651,5465.668203908575,2643.054001808992,0.0006818473843571063,0.0,0.0002401223722310845,4.614855242462844,7.097232079488999e-06,0.000517980607851526,0.04569163606398874,6.3695054216315645,4.287775597690998,0.11327639094929381,0.012831540746497254,5474.572495493118,2647.262938271213,0.006837324527486831,0.0006947791988891763,6.882930445732663e-06,0.0002401223722310845,True,valid
/workspace/junmiaoh/experiments/precision-mlps/mechanism-0365cd3-20260923/evidence/width_inputs/N1024_fork20000.npz,5,27bdd6bc46f056913faea5f5374d1c0f8f81e4b7daed71794727392175376d20,kink_abs,30,20000,1.025,4.683392696558826,pure_effective_gradient_flow,False,False,4.683392696558826,0.0,0.0,0.11422909015997096,6.366206995675643,4.28999715761423,0.10397483595925883,True,valid,0.11422909015997096,evaluated,support,1.828891444702497e-05,1.8288914447024974e-05,12,0.010810766512754783,6216.718090316219,2967.7027427996713,0.0006818473843571063,0.0,0.00024368854607610056,4.683392696558826,1.70333569907736e-05,0.00128035300725186,0.11422909015997096,6.374363208248783,4.284507961656524,0.10357695042179887,0.010728184658679783,6243.806336604039,2980.350998052463,0.007876107847340053,0.00071735528844026,1.6786827083741665e-05,0.00024368854607610056,True,valid
/workspace/junmiaoh/experiments/precision-mlps/mechanism-0365cd3-20260923/evidence/width_inputs/N1024_fork20000.npz,5,27bdd6bc46f056913faea5f5374d1c0f8f81e4b7daed71794727392175376d20,kink_abs,30,20000,1.05,4.797621786718798,pure_effective_gradient_flow,False,False,4.797621786718798,0.0,0.0,0.2284581803199428,6.366206995675643,4.28999715761423,0.087577289273879,True,valid,0.2284581803199428,evaluated,support,2.8665743291815102e-05,2.8665743291815105e-05,20,0.0076697815965606824,7898.609212408368,3690.3987482446205,0.0006818473843571063,0.0,0.0002496321691511274,4.797621786718798,2.8388928317955997e-05,0.0022392848550389466,0.2284581803199428,6.380478719849329,4.280401379800742,0.08688171348857707,0.007548432138711194,7969.036432741791,3722.6356120350883,0.0022257762676563264,0.0007578515269673783,2.8767209068665545e-05,0.0002496321691511274,True,valid
/workspace/junmiaoh/experiments/precision-mlps/mechanism-0365cd3-20260923/evidence/width_inputs/N1024_fork20000.npz,5,27bdd6bc46f056913faea5f5374d1c0f8f81e4b7daed71794727392175376d20,kink_abs,30,20000,1.1,5.026079967038741,pure_effective_gradient_flow,False,False,5.026079967038741,0.0,0.0,0.4569163606398856,6.366206995675643,4.28999715761423,0.05236397825762712,True,valid,0.4569163606398856,evaluated,support,2.9877836225781432e-05,2.9877836225781435e-05,21,0.0027419862189652458,15042.367850170087,6728.529998198207,0.0006818473843571063,0.0,0.00026151941530118113,5.026079967038741,2.98083747338538e-05,0.002580509213902025,0.4569163606398856,6.382656266104533,4.278941051748164,0.05156253691527446,0.0026586952131390416,15292.228951898795,6838.651265565484,0.0010798695257980273,0.0008360220060774263,3.176533406488423e-05,0.00026151941530118113,True,valid
/workspace/junmiaoh/experiments/precision-mlps/mechanism-0365cd3-20260923/evidence/width_inputs/N1024_fork20000.npz,5,27bdd6bc46f056913faea5f5374d1c0f8f81e4b7daed71794727392175376d20,kink_abs,30,20000,1.25,5.711454507998569,pure_effective_gradient_flow,False,False,5.711454507998569,0.0,0.0,1.142290901599714,6.366206995675643,4.28999715761423,-0.07399265399030774,False,conditioning,,no_initial_region,conditioning,0.0,0.0,0,,,,,,,,,,,,,,,,,,,,,,
/workspace/junmiaoh/experiments/precision-mlps/mechanism-0365cd3-20260923/evidence/width_inputs/N1024_fork20000.npz,5,27bdd6bc46f056913faea5f5374d1c0f8f81e4b7daed71794727392175376d20,kink_abs,30,20000,1.5,6.853745409598282,pure_effective_gradient_flow,False,False,6.853745409598282,0.0,0.0,2.284581803199427,6.366206995675643,4.28999715761423,-0.36278242530239496,False,conditioning,,no_initial_region,conditioning,0.0,0.0,0,,,,,,,,,,,,,,,,,,,,,,
/workspace/junmiaoh/experiments/precision-mlps/mechanism-0365cd3-20260923/evidence/width_inputs/N1024_fork20000.npz,5,27bdd6bc46f056913faea5f5374d1c0f8f81e4b7daed71794727392175376d20,kink_abs,30,20000,2.0,9.13832721279771,pure_effective_gradient_flow,False,False,9.13832721279771,0.0,0.0,4.569163606398855,6.366206995675643,4.28999715761423,-1.3021425605592947,False,conditioning,,no_initial_region,conditioning,0.0,0.0,0,,,,,,,,,,,,,,,,,,,,,,
/workspace/junmiaoh/experiments/precision-mlps/mechanism-0365cd3-20260923/evidence/width_inputs/N1024_fork20000.npz,6,bb51fc329d51f1be4932380d60c86db71e29582ccc493dc863238e83125ef28a,moment5,31,20000,1.01,4.553894576151738,pure_effective_gradient_flow,False,False,4.553894576151738,0.0,0.0,0.045088065110412856,6.417702202498633,4.352220132732461,0.12274087401712686,True,valid,0.045088065110412856,evaluated,support,4.556590354846836e-06,4.5565903548468365e-06,3,0.015065322154488206,9876.082695715279,4773.452431794101,2.8601210717618955e-07,0.0,0.0002369504374599305,4.553894576151738,4.2583392476934e-06,0.0006118244096199257,0.045088065110412856,6.42162991077117,4.349558152634455,0.12254996936063106,0.015018494990291611,9893.883879335168,4781.960838166232,0.0029565510749188784,2.918959357194579e-07,1.7336642222783736e-09,0.0002369504374599305,True,valid
/workspace/junmiaoh/experiments/precision-mlps/mechanism-0365cd3-20260923/evidence/width_inputs/N1024_fork20000.npz,6,bb51fc329d51f1be4932380d60c86db71e29582ccc493dc863238e83125ef28a,moment5,31,20000,1.025,4.621526673817359,pure_effective_gradient_flow,False,False,4.621526673817359,0.0,0.0,0.11272016277603303,6.417702202498633,4.352220132732461,0.11364835386689653,True,valid,0.11272016277603303,evaluated,support,1.008806681388149e-05,1.0088066813881492e-05,7,0.012915948336655337,11121.189647758145,5308.262036270136,2.8601210717618955e-07,0.0,0.00024046950336280076,4.621526673817359,9.9361249112846e-06,0.001470308839819149,0.11272016277603303,6.427145147099601,4.345825727026041,0.11318976330370428,0.0128119225167486,11172.821446031876,5332.638311044642,0.0017056132767808846,3.0157535031621307e-07,4.112150178810347e-09,0.00024046950336280076,True,valid
/workspace/junmiaoh/experiments/precision-mlps/mechanism-0365cd3-20260923/evidence/width_inputs/N1024_fork20000.npz,6,bb51fc329d51f1be4932380d60c86db71e29582ccc493dc863238e83125ef28a,moment5,31,20000,1.05,4.734246836593392,pure_effective_gradient_flow,False,False,4.734246836593392,0.0,0.0,0.22544032555206606,6.417702202498633,4.352220132732461,0.09789207912753661,True,valid,0.22544032555206606,evaluated,support,1.6165884773381295e-05,1.6165884773381298e-05,11,0.00958285915591189,13819.995922379956,6462.047971118542,2.8601210717618955e-07,0.0,0.00024633461320091785,4.734246836593392,1.5613910574875797e-05,0.002424566391420987,0.22544032555206606,6.433281226125707,4.341680668049539,0.09713618991267864,0.009435439390751971,13941.124289069607,6518.102998224012,0.007764857589304314,3.166532162548879e-07,6.623602404510858e-09,0.00024633461320091785,True,valid
/workspace/junmiaoh/experiments/precision-mlps/mechanism-0365cd3-20260923/evidence/width_inputs/N1024_fork20000.npz,6,bb51fc329d51f1be4932380d60c86db71e29582ccc493dc863238e83125ef28a,moment5,31,20000,1.1,4.959687162145459,pure_effective_gradient_flow,False,False,4.959687162145459,0.0,0.0,0.450880651104133,6.417702202498633,4.352220132732461,0.06405588317090072,True,valid,0.450880651104133,evaluated,support,1.842995867864171e-05,1.8429958678641713e-05,12,0.004103156168804082,24059.996302717274,10806.078345036529,2.8601210717618955e-07,0.0,0.0002580648328771521,4.959687162145459,1.70333569907736e-05,0.002902882210136694,0.450880651104133,6.436359102342169,4.3396044700849465,0.06315107396362968,0.003988058142759827,24433.490408855567,10972.466720434573,0.03469628643945333,3.4478881026191845e-07,7.547653299650388e-09,0.0002580648328771521,True,valid
/workspace/junmiaoh/experiments/precision-mlps/mechanism-0365cd3-20260923/evidence/width_inputs/N1024_fork20000.npz,6,bb51fc329d51f1be4932380d60c86db71e29582ccc493dc863238e83125ef28a,moment5,31,20000,1.25,5.636008138801657,pure_effective_gradient_flow,False,False,5.636008138801657,0.0,0.0,1.1272016277603312,6.417702202498633,4.352220132732461,-0.05735921940745292,False,conditioning,,no_initial_region,conditioning,0.0,0.0,0,,,,,,,,,,,,,,,,,,,,,,
/workspace/junmiaoh/experiments/precision-mlps/mechanism-0365cd3-20260923/evidence/width_inputs/N1024_fork20000.npz,6,bb51fc329d51f1be4932380d60c86db71e29582ccc493dc863238e83125ef28a,moment5,31,20000,1.5,6.763209766561989,pure_effective_gradient_flow,False,False,6.763209766561989,0.0,0.0,2.2544032555206632,6.417702202498633,4.352220132732461,-0.3348550586336482,False,conditioning,,no_initial_region,conditioning,0.0,0.0,0,,,,,,,,,,,,,,,,,,,,,,
/workspace/junmiaoh/experiments/precision-mlps/mechanism-0365cd3-20260923/evidence/width_inputs/N1024_fork20000.npz,6,bb51fc329d51f1be4932380d60c86db71e29582ccc493dc863238e83125ef28a,moment5,31,20000,2.0,9.017613022082651,pure_effective_gradient_flow,False,False,9.017613022082651,0.0,0.0,4.508806511041326,6.417702202498633,4.352220132732461,-1.2374788873254476,False,conditioning,,no_initial_region,conditioning,0.0,0.0,0,,,,,,,,,,,,,,,,,,,,,,
/workspace/junmiaoh/experiments/precision-mlps/mechanism-0365cd3-20260923/evidence/width_inputs/N1024_fork20000.npz,7,aa16d6c3d87a3b1b4c11d8288f2f9b843e22d7664f0f0e4a24bde1267d6ccd99,mixed_sine,31,20000,1.01,4.587197608942131,pure_effective_gradient_flow,False,False,4.587197608942131,0.0,0.0,0.045417798108338125,6.3875514727835645,4.338910463066576,0.11850847612105395,True,valid,0.045417798108338125,evaluated,support,4.129003431909502e-06,4.1290034319095025e-06,2,0.014044258912534413,10978.53979066439,5270.573252555529,0.00016133946896665946,0.0,0.0002386832769133845,4.587197608942131,2.8388928317956e-06,0.0004360911459271087,0.045417798108338125,6.390337634891157,4.3370187151479005,0.11837232707489045,0.014012007817124843,10993.08172561498,5277.481598399032,0.014209617198146555,0.00016377488833367988,6.502165519957011e-07,0.0002386832769133845,True,valid
/workspace/junmiaoh/experiments/precision-mlps/mechanism-0365cd3-20260923/evidence/width_inputs/N1024_fork20000.npz,7,aa16d6c3d87a3b1b4c11d8288f2f9b843e22d7664f0f0e4a24bde1267d6ccd99,mixed_sine,31,20000,1.025,4.655324306104637,pure_effective_gradient_flow,False,False,4.655324306104637,0.0,0.0,0.11354449527084398,6.3875514727835645,4.338910463066576,0.1092150103702699,True,valid,0.11354449527084398,evaluated,support,9.099150619503742e-06,9.099150619503744e-06,6,0.011927918490178161,12420.090943784722,5888.309472876832,0.00016133946896665946,0.0,0.00024222807805566242,4.655324306104637,8.5166784953868e-06,0.0013474216062827223,0.11354449527084398,6.3961639986979515,4.333068058336026,0.10879451902505519,0.011836247369893095,12474.824910881256,5913.994126514806,0.007300422218626035,0.0001696738788116246,1.9856603203081416e-06,0.00024222807805566242,True,valid
/workspace/junmiaoh/experiments/precision-mlps/mechanism-0365cd3-20260923/evidence/width_inputs/N1024_fork20000.npz,7,aa16d6c3d87a3b1b4c11d8288f2f9b843e22d7664f0f0e4a24bde1267d6ccd99,mixed_sine,31,20000,1.05,4.768868801375483,pure_effective_gradient_flow,False,False,4.768868801375483,0.0,0.0,0.22708899054168974,6.3875514727835645,4.338910463066576,0.09311052039050574,True,valid,0.22708899054168974,evaluated,support,1.443362007852191e-05,1.4433620078521912e-05,10,0.008669569007390786,15591.995451082019,7241.467282828753,0.00016133946896665946,0.0,0.0002481360799594591,4.768868801375483,1.4194464158977999e-05,0.00235658508177942,0.22708899054168974,6.402622031846235,4.3286974899946005,0.0923754427871172,0.008533222430115964,15730.977249197524,7305.399131089154,0.0037961977922571777,0.00017896797410943866,3.4000282942066616e-06,0.0002481360799594591,True,valid
/workspace/junmiaoh/experiments/precision-mlps/mechanism-0365cd3-20260923/evidence/width_inputs/N1024_fork20000.npz,7,aa16d6c3d87a3b1b4c11d8288f2f9b843e22d7664f0f0e4a24bde1267d6ccd99,mixed_sine,31,20000,1.1,4.9959577919171725,pure_effective_gradient_flow,False,False,4.9959577919171725,0.0,0.0,0.4541779810833795,6.3875514727835645,4.338910463066576,0.058526541134561905,True,valid,0.4541779810833795,evaluated,support,1.58109055394424e-05,1.5810905539442404e-05,11,0.0034253560171755666,28251.584268888768,12602.860860432107,0.00016133946896665946,0.0,0.0002599520837670524,4.9959577919171725,1.5613910574875797e-05,0.002845002035236651,0.4541779810833795,6.405749944793843,4.32658379697787,0.057639315315444584,0.0033222906700332445,28719.624558315696,12810.143082458784,0.0057523314858313745,0.0001970637098385938,3.929343728992454e-06,0.0002599520837670524,True,valid
/workspace/junmiaoh/experiments/precision-mlps/mechanism-0365cd3-20260923/evidence/width_inputs/N1024_fork20000.npz,7,aa16d6c3d87a3b1b4c11d8288f2f9b843e22d7664f0f0e4a24bde1267d6ccd99,mixed_sine,31,20000,1.25,5.677224763542242,pure_effective_gradient_flow,False,False,5.677224763542242,0.0,0.0,1.1354449527084487,6.3875514727835645,4.338910463066576,-0.06557184729862675,False,conditioning,,no_initial_region,conditioning,0.0,0.0,0,,,,,,,,,,,,,,,,,,,,,,
/workspace/junmiaoh/experiments/precision-mlps/mechanism-0365cd3-20260923/evidence/width_inputs/N1024_fork20000.npz,7,aa16d6c3d87a3b1b4c11d8288f2f9b843e22d7664f0f0e4a24bde1267d6ccd99,mixed_sine,31,20000,1.5,6.8126697162506895,pure_effective_gradient_flow,False,False,6.8126697162506895,0.0,0.0,2.2708899054168965,6.3875514727835645,4.338910463066576,-0.3492003721986707,False,conditioning,,no_initial_region,conditioning,0.0,0.0,0,,,,,,,,,,,,,,,,,,,,,,
/workspace/junmiaoh/experiments/precision-mlps/mechanism-0365cd3-20260923/evidence/width_inputs/N1024_fork20000.npz,7,aa16d6c3d87a3b1b4c11d8288f2f9b843e22d7664f0f0e4a24bde1267d6ccd99,mixed_sine,31,20000,2.0,9.083559621667586,pure_effective_gradient_flow,False,False,9.083559621667586,0.0,0.0,4.541779810833793,6.3875514727835645,4.338910463066576,-1.2717722773680453,False,conditioning,,no_initial_region,conditioning,0.0,0.0,0,,,,,,,,,,,,,,,,,,,,,,
/workspace/junmiaoh/experiments/precision-mlps/mechanism-0365cd3-20260923/evidence/width_inputs/N1024_fork20000.npz,8,3d1032d1bacbea722394ec99ebb1cd1874ebaa668b3431aac0c0aa2aa17e2b6f,gauss_left,31,20000,1.01,4.837845876665713,pure_effective_gradient_flow,False,False,4.837845876665713,0.0,0.0,0.047899464125403135,6.408655597807363,4.314061682524739,0.0815218600804643,True,valid,0.047899464125403135,evaluated,support,2.978330462953163e-06,2.9783304629531633e-06,2,0.006645813670978799,16052.8147070709,7373.89167445705,0.0006275573465149985,0.0,0.0002517251283863417,4.837845876665713,2.8388928317956e-06,0.0004194454745772236,0.047899464125403135,6.411344243226646,4.3122525483180585,0.08139146697229532,0.00662457089590224,16081.256842030776,7386.821739557937,0.0022464993502980188,0.0006408564282762547,2.536734587930022e-06,0.0002517251283863417,True,valid
/workspace/junmiaoh/experiments/precision-mlps/mechanism-0365cd3-20260923/evidence/width_inputs/N1024_fork20000.npz,8,3d1032d1bacbea722394ec99ebb1cd1874ebaa668b3431aac0c0aa2aa17e2b6f,gauss_left,31,20000,1.025,4.909695072853817,pure_effective_gradient_flow,False,False,4.909695072853817,0.0,0.0,0.1197486603135074,6.408655597807363,4.314061682524739,0.07062023001193335,True,valid,0.1197486603135074,evaluated,support,6.173018031947008e-06,6.173018031947009e-06,4,0.004987216886938372,19311.174584744116,8757.10741867168,0.0006275573465149985,0.0,0.00025546362039207944,4.909695072853817,5.6777856635912e-06,0.0008639935334333801,0.1197486603135074,6.414195027472984,4.310335970855365,0.07035169560099358,0.004949361073934859,19391.67400027474,8793.265467387348,0.009646891681713274,0.0006596842637545595,5.147897167261477e-06,0.00025546362039207944,True,valid
/workspace/junmiaoh/experiments/precision-mlps/mechanism-0365cd3-20260923/evidence/width_inputs/N1024_fork20000.npz,8,3d1032d1bacbea722394ec99ebb1cd1874ebaa668b3431aac0c0aa2aa17e2b6f,gauss_left,31,20000,1.05,5.029443733167326,pure_effective_gradient_flow,False,False,5.029443733167326,0.0,0.0,0.23949732062701568,6.408655597807363,4.314061682524739,0.051728979222426974,True,valid,0.23949732062701568,evaluated,support,8.421570973418395e-06,8.421570973418397e-06,5,0.0026758872913942816,28193.374780018523,12514.83805266692,0.0006275573465149985,0.0,0.00026169444040164243,5.029443733167326,7.097232079488999e-06,0.0011333169192270095,0.23949732062701568,6.415922752842903,4.309175252889049,0.051376781533256255,0.0026395736807159407,28399.753905814032,12605.746498666878,0.037937676157079325,0.0006862904702556314,6.564860824331475e-06,0.00026169444040164243,True,valid
/workspace/junmiaoh/experiments/precision-mlps/mechanism-0365cd3-20260923/evidence/width_inputs/N1024_fork20000.npz,8,3d1032d1bacbea722394ec99ebb1cd1874ebaa668b3431aac0c0aa2aa17e2b6f,gauss_left,31,20000,1.1,5.268941053794341,pure_effective_gradient_flow,False,False,5.268941053794341,0.0,0.0,0.47899464125403135,6.408655597807363,4.314061682524739,0.011160502589881438,True,valid,0.47899464125403135,evaluated,support,3.1733811634104048e-06,3.173381163410405e-06,2,0.00012455681805875028,148569.2513643953,63187.80975968455,0.0006275573465149985,0.0,0.00027415608042076825,5.268941053794341,2.8388928317956e-06,0.0004975286974202928,0.47899464125403135,6.411844881193371,4.311915846886911,0.011005841342070277,0.00012112854364682327,150687.92134108106,64087.0936195502,0.051207781520657136,0.0007527788150868686,2.7530823954223075e-06,0.00027415608042076825,True,valid
/workspace/junmiaoh/experiments/precision-mlps/mechanism-0365cd3-20260923/evidence/width_inputs/N1024_fork20000.npz,8,3d1032d1bacbea722394ec99ebb1cd1874ebaa668b3431aac0c0aa2aa17e2b6f,gauss_left,31,20000,1.25,5.987433015675387,pure_effective_gradient_flow,False,False,5.987433015675387,0.0,0.0,1.1974866031350775,6.408655597807363,4.314061682524739,-0.13441217816006723,False,conditioning,,no_initial_region,conditioning,0.0,0.0,0,,,,,,,,,,,,,,,,,,,,,,
/workspace/junmiaoh/experiments/precision-mlps/mechanism-0365cd3-20260923/evidence/width_inputs/N1024_fork20000.npz,8,3d1032d1bacbea722394ec99ebb1cd1874ebaa668b3431aac0c0aa2aa17e2b6f,gauss_left,31,20000,1.5,7.184919618810465,pure_effective_gradient_flow,False,False,7.184919618810465,0.0,0.0,2.394973206270155,6.408655597807363,4.314061682524739,-0.46712048507802323,False,conditioning,,no_initial_region,conditioning,0.0,0.0,0,,,,,,,,,,,,,,,,,,,,,,
/workspace/junmiaoh/experiments/precision-mlps/mechanism-0365cd3-20260923/evidence/width_inputs/N1024_fork20000.npz,8,3d1032d1bacbea722394ec99ebb1cd1874ebaa668b3431aac0c0aa2aa17e2b6f,gauss_left,31,20000,2.0,9.57989282508062,pure_effective_gradient_flow,False,False,9.57989282508062,0.0,0.0,4.78994641254031,6.408655597807363,4.314061682524739,-1.549336516371594,False,conditioning,,no_initial_region,conditioning,0.0,0.0,0,,,,,,,,,,,,,,,,,,,,,,
/workspace/junmiaoh/experiments/precision-mlps/mechanism-0365cd3-20260923/evidence/width_inputs/N1024_fork20000.npz,9,2bb2859c367f463604fd310a5e9276a6799f92bb64d4508769e3ab536b626679,bump_right,31,20000,1.01,4.471496018556725,pure_effective_gradient_flow,False,False,4.471496018556725,0.0,0.0,0.04427223780749223,6.31436499289321,4.236238642024463,0.13152883285696218,True,valid,0.04427223780749223,evaluated,support,5.002761013427348e-06,5.002761013427349e-06,3,0.017299833872714693,8832.369180678017,4334.4820305617295,0.0004912993784037237,0.0,0.00023266303599691623,4.471496018556725,4.2583392476934e-06,0.0006004156651040897,0.04427223780749223,6.318157374938993,4.233695901409709,0.1313427097947156,0.01725090741621888,8846.999554868904,4341.583027403123,0.006598712378667937,0.0005004669724011275,2.9752143079636747e-06,0.00023266303599691623,True,valid
/workspace/junmiaoh/experiments/precision-mlps/mechanism-0365cd3-20260923/evidence/width_inputs/N1024_fork20000.npz,9,2bb2859c367f463604fd310a5e9276a6799f92bb64d4508769e3ab536b626679,bump_right,31,20000,1.025,4.5379043752679635,pure_effective_gradient_flow,False,False,4.5379043752679635,0.0,0.0,0.11068059451873058,6.31436499289321,4.236238642024463,0.12292099851764363,True,valid,0.11068059451873058,evaluated,support,1.1177524796805648e-05,1.117752479680565e-05,7,0.015109571876574546,9855.166732155616,4776.222156757297,0.0004912993784037237,0.0,0.0002361184276206328,4.5379043752679635,9.9361249112846e-06,0.0014428918593111424,0.11068059451873058,6.323482514955513,4.230130615444412,0.1224738907626198,0.014999853918534128,9896.841361006282,4796.200138046994,0.01234434252860428,0.0005152794205160076,7.044718394501042e-06,0.0002361184276206328,True,valid
/workspace/junmiaoh/experiments/precision-mlps/mechanism-0365cd3-20260923/evidence/width_inputs/N1024_fork20000.npz,9,2bb2859c367f463604fd310a5e9276a6799f92bb64d4508769e3ab536b626679,bump_right,31,20000,1.05,4.648584969786695,pure_effective_gradient_flow,False,False,4.648584969786695,0.0,0.0,0.22136118903746205,6.31436499289321,4.236238642024463,0.10800462764132884,True,valid,0.22136118903746205,evaluated,support,1.826662850177346e-05,1.8266628501773464e-05,12,0.011664999591942095,12008.21443638264,5701.482963778793,0.0004912993784037237,0.0,0.00024187741366016048,4.648584969786695,1.70333569907736e-05,0.0025956603108607352,0.22136118903746205,6.330776229276859,4.22525706390292,0.10720074245905514,0.011491999183772668,12110.854774325333,5749.706366530854,0.01507267620296382,0.0005418506852948631,1.2387900680324826e-05,0.00024187741366016048,True,valid
/workspace/junmiaoh/experiments/precision-mlps/mechanism-0365cd3-20260923/evidence/width_inputs/N1024_fork20000.npz,9,2bb2859c367f463604fd310a5e9276a6799f92bb64d4508769e3ab536b626679,bump_right,31,20000,1.1,4.869946158824157,pure_effective_gradient_flow,False,False,4.869946158824157,0.0,0.0,0.4427223780749241,6.31436499289321,4.236238642024463,0.07597210369250199,True,valid,0.4427223780749241,evaluated,support,2.2373871297335778e-05,2.237387129733578e-05,15,0.0057717605394642735,19456.328104384338,8875.794784830874,0.0004912993784037237,0.0,0.00025339538573921575,4.869946158824157,2.1291696238466995e-05,0.0035609398822465865,0.4427223780749241,6.3368901485879725,4.221180477414645,0.07486976169803036,0.005605481216719855,19771.242984555287,9018.186043337982,0.021759078190851322,0.0005953003998417345,1.6249103589342023e-05,0.00025339538573921575,True,valid
/workspace/junmiaoh/experiments/precision-mlps/mechanism-0365cd3-20260923/evidence/width_inputs/N1024_fork20000.npz,9,2bb2859c367f463604fd310a5e9276a6799f92bb64d4508769e3ab536b626679,bump_right,31,20000,1.25,5.534029725936541,pure_effective_gradient_flow,False,False,5.534029725936541,0.0,0.0,1.1068059451873085,6.31436499289321,4.236238642024463,-0.03897084633872416,False,conditioning,,no_initial_region,conditioning,0.0,0.0,0,,,,,,,,,,,,,,,,,,,,,,
/workspace/junmiaoh/experiments/precision-mlps/mechanism-0365cd3-20260923/evidence/width_inputs/N1024_fork20000.npz,9,2bb2859c367f463604fd310a5e9276a6799f92bb64d4508769e3ab536b626679,bump_right,31,20000,1.5,6.640835671123849,pure_effective_gradient_flow,False,False,6.640835671123849,0.0,0.0,2.213611890374616,6.31436499289321,4.236238642024463,-0.30167449444103434,False,conditioning,,no_initial_region,conditioning,0.0,0.0,0,,,,,,,,,,,,,,,,,,,,,,
/workspace/junmiaoh/experiments/precision-mlps/mechanism-0365cd3-20260923/evidence/width_inputs/N1024_fork20000.npz,9,2bb2859c367f463604fd310a5e9276a6799f92bb64d4508769e3ab536b626679,bump_right,31,20000,2.0,8.854447561498466,pure_effective_gradient_flow,False,False,8.854447561498466,0.0,0.0,4.427223780749233,6.31436499289321,4.236238642024463,-1.1561830640925055,False,conditioning,,no_initial_region,conditioning,0.0,0.0,0,,,,,,,,,,,,,,,,,,,,,,
/workspace/junmiaoh/experiments/precision-mlps/mechanism-0365cd3-20260923/evidence/width_inputs/N1024_fork20000.npz,10,77a13132b35e7e1ebe247a3408f20a9dcc65abf7ce3e18e11797f82c21c141ee,step_right,31,20000,1.01,5.340301241248623,pure_effective_gradient_flow,False,False,5.340301241248623,0.0,0.0,0.05287426971533282,7.056858708478057,4.994534627048256,0.007624798341482442,True,valid,0.05287426971533282,evaluated,support,3.5643910662996405e-07,3.564391066299641e-07,0,5.813754974827339e-05,148087.82435613824,62337.081802392575,0.0007755255758859737,0.0,0.00027786912808837663,5.340301241248623,0.0,0.0,0.05287426971533282,7.056858708478057,4.994534627048256,0.007624798341482442,5.813754974827339e-05,148087.82435613824,62337.081802392575,0.05287426971533282,0.0007755255758859737,0.0,0.00027786912808837663,True,valid
/workspace/junmiaoh/experiments/precision-mlps/mechanism-0365cd3-20260923/evidence/width_inputs/N1024_fork20000.npz,10,77a13132b35e7e1ebe247a3408f20a9dcc65abf7ce3e18e11797f82c21c141ee,step_right,31,20000,1.025,5.419612645821622,pure_effective_gradient_flow,False,False,5.419612645821622,0.0,0.0,0.1321856742883316,7.056858708478057,4.994534627048256,-0.0070385321350773244,False,conditioning,,no_initial_region,conditioning,0.0,0.0,0,,,,,,,,,,,,,,,,,,,,,,
/workspace/junmiaoh/experiments/precision-mlps/mechanism-0365cd3-20260923/evidence/width_inputs/N1024_fork20000.npz,10,77a13132b35e7e1ebe247a3408f20a9dcc65abf7ce3e18e11797f82c21c141ee,step_right,31,20000,1.05,5.551798320109955,pure_effective_gradient_flow,False,False,5.551798320109955,0.0,0.0,0.264371348576665,7.056858708478057,4.994534627048256,-0.032448370085984224,False,conditioning,,no_initial_region,conditioning,0.0,0.0,0,,,,,,,,,,,,,,,,,,,,,,
/workspace/junmiaoh/experiments/precision-mlps/mechanism-0365cd3-20260923/evidence/width_inputs/N1024_fork20000.npz,10,77a13132b35e7e1ebe247a3408f20a9dcc65abf7ce3e18e11797f82c21c141ee,step_right,31,20000,1.1,5.816169668686619,pure_effective_gradient_flow,False,False,5.816169668686619,0.0,0.0,0.5287426971533291,7.056858708478057,4.994534627048256,-0.08701534548820211,False,conditioning,,no_initial_region,conditioning,0.0,0.0,0,,,,,,,,,,,,,,,,,,,,,,
/workspace/junmiaoh/experiments/precision-mlps/mechanism-0365cd3-20260923/evidence/width_inputs/N1024_fork20000.npz,10,77a13132b35e7e1ebe247a3408f20a9dcc65abf7ce3e18e11797f82c21c141ee,step_right,31,20000,1.25,6.6092837144166126,pure_effective_gradient_flow,False,False,6.6092837144166126,0.0,0.0,1.3218567428833223,7.056858708478057,4.994534627048256,-0.28281912095816514,False,conditioning,,no_initial_region,conditioning,0.0,0.0,0,,,,,,,,,,,,,,,,,,,,,,
/workspace/junmiaoh/experiments/precision-mlps/mechanism-0365cd3-20260923/evidence/width_inputs/N1024_fork20000.npz,10,77a13132b35e7e1ebe247a3408f20a9dcc65abf7ce3e18e11797f82c21c141ee,step_right,31,20000,1.5,7.931140457299936,pure_effective_gradient_flow,False,False,7.931140457299936,0.0,0.0,2.6437134857666456,7.056858708478057,4.994534627048256,-0.7303312660196142,False,conditioning,,no_initial_region,conditioning,0.0,0.0,0,,,,,,,,,,,,,,,,,,,,,,
/workspace/junmiaoh/experiments/precision-mlps/mechanism-0365cd3-20260923/evidence/width_inputs/N1024_fork20000.npz,10,77a13132b35e7e1ebe247a3408f20a9dcc65abf7ce3e18e11797f82c21c141ee,step_right,31,20000,2.0,10.57485394306658,pure_effective_gradient_flow,False,False,10.57485394306658,0.0,0.0,5.28742697153329,7.056858708478057,4.994534627048256,-2.1859751664392717,False,conditioning,,no_initial_region,conditioning,0.0,0.0,0,,,,,,,,,,,,,,,,,,,,,,
/workspace/junmiaoh/experiments/precision-mlps/mechanism-0365cd3-20260923/evidence/width_inputs/N1024_fork20000.npz,11,a6ce9e9e268ff0941bbb47c3ffaaef4acefb7b5d3e63044a62fcfd63edf9f70c,kink_abs,31,20000,1.01,4.5861807599298166,pure_effective_gradient_flow,False,False,4.5861807599298166,0.0,0.0,0.04540773029633449,6.512415686984511,4.348343773233694,0.11609621356350935,True,valid,0.04540773029633449,evaluated,support,8.54622215053135e-06,8.546222150531351e-06,6,0.013478330803783974,5303.145320736272,2577.1497809160155,0.0006932150564462086,0.0,0.00023863036773547766,4.5861807599298166,8.5166784953868e-06,0.0006138524188512913,0.04540773029633449,6.516414576344915,4.345675350983016,0.11590596269362308,0.013434192187935545,5313.158518403131,2581.9075691893004,0.00015726740006935525,0.0007086271838707059,8.410714543098563e-06,0.00023863036773547766,True,valid
/workspace/junmiaoh/experiments/precision-mlps/mechanism-0365cd3-20260923/evidence/width_inputs/N1024_fork20000.npz,11,a6ce9e9e268ff0941bbb47c3ffaaef4acefb7b5d3e63044a62fcfd63edf9f70c,kink_abs,31,20000,1.025,4.654292355374318,pure_effective_gradient_flow,False,False,4.654292355374318,0.0,0.0,0.11351932574083623,6.512415686984511,4.348343773233694,0.10680892672038975,True,valid,0.11351932574083623,evaluated,support,1.8801684304977885e-05,1.8801684304977888e-05,13,0.011408146827161587,6009.9019252635835,2883.3338221294716,0.0006932150564462086,0.0,0.00024217438309788572,4.654292355374318,1.84528034066714e-05,0.0013698122844530425,0.11351932574083623,6.521342586686585,4.3423914362390015,0.1063845309113958,0.011317668417237728,6037.203072690762,2896.1476150712097,0.0021160043143210877,0.0007312696868621561,1.8513895485521232e-05,0.00024217438309788572,True,valid
/workspace/junmiaoh/experiments/precision-mlps/mechanism-0365cd3-20260923/evidence/width_inputs/N1024_fork20000.npz,11,a6ce9e9e268ff0941bbb47c3ffaaef4acefb7b5d3e63044a62fcfd63edf9f70c,kink_abs,31,20000,1.05,4.767811681115156,pure_effective_gradient_flow,False,False,4.767811681115156,0.0,0.0,0.22703865148167424,6.512415686984511,4.348343773233694,0.09071514406545317,True,valid,0.22703865148167424,evaluated,support,2.9712691528450333e-05,2.9712691528450337e-05,20,0.008229237362815923,7573.669551298362,3556.7527336197563,0.0006932150564462086,0.0,0.0002480810753685659,4.767811681115156,2.8388928317955997e-05,0.002211457346611603,0.22703865148167424,6.526833552871468,4.338738221499456,0.0900302574800328,0.008105447261921,7638.107765104884,3586.399826232469,0.0102009576532886,0.0007675121618520918,2.918933375782065e-05,0.0002480810753685659,True,valid
/workspace/junmiaoh/experiments/precision-mlps/mechanism-0365cd3-20260923/evidence/width_inputs/N1024_fork20000.npz,11,a6ce9e9e268ff0941bbb47c3ffaaef4acefb7b5d3e63044a62fcfd63edf9f70c,kink_abs,31,20000,1.1,4.9948503325968305,pure_effective_gradient_flow,False,False,4.9948503325968305,0.0,0.0,0.4540773029633485,6.512415686984511,4.348343773233694,0.056154158515003216,True,valid,0.4540773029633485,evaluated,support,3.2054822321021615e-05,3.205482232102162e-05,22,0.003153289518528108,13936.006261822135,6268.2738150571595,0.0006932150564462086,0.0,0.0002598944599099262,4.9948503325968305,3.122782114975159e-05,0.0026697956719637576,0.4540773029633485,6.529825736495776,4.336750067147346,0.055327501071940566,0.0030611323748655846,14159.640527039064,6367.333045019444,0.011902581040198201,0.0008457114411749275,3.374527522960893e-05,0.0002598944599099262,True,valid
/workspace/junmiaoh/experiments/precision-mlps/mechanism-0365cd3-20260923/evidence/width_inputs/N1024_fork20000.npz,11,a6ce9e9e268ff0941bbb47c3ffaaef4acefb7b5d3e63044a62fcfd63edf9f70c,kink_abs,31,20000,1.25,5.675966287041852,pure_effective_gradient_flow,False,False,5.675966287041852,0.0,0.0,1.1351932574083703,6.512415686984511,4.348343773233694,-0.06786172114223477,False,conditioning,,no_initial_region,conditioning,0.0,0.0,0,,,,,,,,,,,,,,,,,,,,,,
/workspace/junmiaoh/experiments/precision-mlps/mechanism-0365cd3-20260923/evidence/width_inputs/N1024_fork20000.npz,11,a6ce9e9e268ff0941bbb47c3ffaaef4acefb7b5d3e63044a62fcfd63edf9f70c,kink_abs,31,20000,1.5,6.8111595444502235,pure_effective_gradient_flow,False,False,6.8111595444502235,0.0,0.0,2.2703865148167415,6.512415686984511,4.348343773233694,-0.3513016711324064,False,conditioning,,no_initial_region,conditioning,0.0,0.0,0,,,,,,,,,,,,,,,,,,,,,,
/workspace/junmiaoh/experiments/precision-mlps/mechanism-0365cd3-20260923/evidence/width_inputs/N1024_fork20000.npz,11,a6ce9e9e268ff0941bbb47c3ffaaef4acefb7b5d3e63044a62fcfd63edf9f70c,kink_abs,31,20000,2.0,9.081546059266964,pure_effective_gradient_flow,False,False,9.081546059266964,0.0,0.0,4.540773029633482,6.512415686984511,4.348343773233694,-1.273260189781755,False,conditioning,,no_initial_region,conditioning,0.0,0.0,0,,,,,,,,,,,,,,,,,,,,,,
/workspace/junmiaoh/experiments/precision-mlps/mechanism-0365cd3-20260923/evidence/polynomial_confirmation/fork_inputs/N128.npz,0,7c52db8856f205fd830741b80aff5024de72ab808af7bd84222126007c416e9b,moment5,32,20000,1.01,4.179355608174261,pure_effective_gradient_flow,False,False,4.179355608174261,0.0,0.0,0.04137975849677478,6.407774099169597,4.354358823739798,-0.9131741015923444,False,conditioning,,no_initial_region,conditioning,0.0,0.0,0,,,,,,,,,,,,,,,,,,,,,,
/workspace/junmiaoh/experiments/precision-mlps/mechanism-0365cd3-20260923/evidence/polynomial_confirmation/fork_inputs/N128.npz,0,7c52db8856f205fd830741b80aff5024de72ab808af7bd84222126007c416e9b,moment5,32,20000,1.025,4.241425245919423,pure_effective_gradient_flow,False,False,4.241425245919423,0.0,0.0,0.1034493962419365,6.407774099169597,4.354358823739798,-0.9691242262167473,False,conditioning,,no_initial_region,conditioning,0.0,0.0,0,,,,,,,,,,,,,,,,,,,,,,
/workspace/junmiaoh/experiments/precision-mlps/mechanism-0365cd3-20260923/evidence/polynomial_confirmation/fork_inputs/N128.npz,0,7c52db8856f205fd830741b80aff5024de72ab808af7bd84222126007c416e9b,moment5,32,20000,1.05,4.344874642161361,pure_effective_gradient_flow,False,False,4.344874642161361,0.0,0.0,0.20689879248387477,6.407774099169597,4.354358823739798,-1.0660792530649648,False,conditioning,,no_initial_region,conditioning,0.0,0.0,0,,,,,,,,,,,,,,,,,,,,,,
/workspace/junmiaoh/experiments/precision-mlps/mechanism-0365cd3-20260923/evidence/polynomial_confirmation/fork_inputs/N128.npz,0,7c52db8856f205fd830741b80aff5024de72ab808af7bd84222126007c416e9b,moment5,32,20000,1.1,4.551773434645235,pure_effective_gradient_flow,False,False,4.551773434645235,0.0,0.0,0.41379758496774866,6.407774099169597,4.354358823739798,-1.2742876869546116,False,conditioning,,no_initial_region,conditioning,0.0,0.0,0,,,,,,,,,,,,,,,,,,,,,,
/workspace/junmiaoh/experiments/precision-mlps/mechanism-0365cd3-20260923/evidence/polynomial_confirmation/fork_inputs/N128.npz,0,7c52db8856f205fd830741b80aff5024de72ab808af7bd84222126007c416e9b,moment5,32,20000,1.25,5.172469812096859,pure_effective_gradient_flow,False,False,5.172469812096859,0.0,0.0,1.034493962419372,6.407774099169597,4.354358823739798,-2.0214061984677887,False,conditioning,,no_initial_region,conditioning,0.0,0.0,0,,,,,,,,,,,,,,,,,,,,,,
/workspace/junmiaoh/experiments/precision-mlps/mechanism-0365cd3-20260923/evidence/polynomial_confirmation/fork_inputs/N128.npz,0,7c52db8856f205fd830741b80aff5024de72ab808af7bd84222126007c416e9b,moment5,32,20000,1.5,6.20696377451623,pure_effective_gradient_flow,False,False,6.20696377451623,0.0,0.0,2.0689879248387433,6.407774099169597,4.354358823739798,-3.728955539127298,False,conditioning,,no_initial_region,conditioning,0.0,0.0,0,,,,,,,,,,,,,,,,,,,,,,
/workspace/junmiaoh/experiments/precision-mlps/mechanism-0365cd3-20260923/evidence/polynomial_confirmation/fork_inputs/N128.npz,0,7c52db8856f205fd830741b80aff5024de72ab808af7bd84222126007c416e9b,moment5,32,20000,2.0,8.275951699354973,pure_effective_gradient_flow,False,False,8.275951699354973,0.0,0.0,4.1379758496774866,6.407774099169597,4.354358823739798,-9.2831819658879,False,conditioning,,no_initial_region,conditioning,0.0,0.0,0,,,,,,,,,,,,,,,,,,,,,,
/workspace/junmiaoh/experiments/precision-mlps/mechanism-0365cd3-20260923/evidence/polynomial_confirmation/fork_inputs/N128.npz,1,63cf4709dd37ba31c0e04633c9f1b4484d230c3a48357d8d3414e91fdd9adec9,mixed_sine,32,20000,1.01,4.440002281215871,pure_effective_gradient_flow,False,False,4.440002281215871,0.0,0.0,0.0439604186258995,6.357686652944859,4.310683817169597,-1.1598596419118556,False,conditioning,,no_initial_region,conditioning,0.0,0.0,0,,,,,,,,,,,,,,,,,,,,,,
/workspace/junmiaoh/experiments/precision-mlps/mechanism-0365cd3-20260923/evidence/polynomial_confirmation/fork_inputs/N128.npz,1,63cf4709dd37ba31c0e04633c9f1b4484d230c3a48357d8d3414e91fdd9adec9,mixed_sine,32,20000,1.025,4.5059429091547205,pure_effective_gradient_flow,False,False,4.5059429091547205,0.0,0.0,0.1099010465647492,6.357686652944859,4.310683817169597,-1.22694421518856,False,conditioning,,no_initial_region,conditioning,0.0,0.0,0,,,,,,,,,,,,,,,,,,,,,,
/workspace/junmiaoh/experiments/precision-mlps/mechanism-0365cd3-20260923/evidence/polynomial_confirmation/fork_inputs/N128.npz,1,63cf4709dd37ba31c0e04633c9f1b4484d230c3a48357d8d3414e91fdd9adec9,mixed_sine,32,20000,1.05,4.61584395571947,pure_effective_gradient_flow,False,False,4.61584395571947,0.0,0.0,0.2198020931294984,6.357686652944859,4.310683817169597,-1.3431939402214699,False,conditioning,,no_initial_region,conditioning,0.0,0.0,0,,,,,,,,,,,,,,,,,,,,,,
/workspace/junmiaoh/experiments/precision-mlps/mechanism-0365cd3-20260923/evidence/polynomial_confirmation/fork_inputs/N128.npz,1,63cf4709dd37ba31c0e04633c9f1b4484d230c3a48357d8d3414e91fdd9adec9,mixed_sine,32,20000,1.1,4.835646048848969,pure_effective_gradient_flow,False,False,4.835646048848969,0.0,0.0,0.43960418625899766,6.357686652944859,4.310683817169597,-1.5928372436790221,False,conditioning,,no_initial_region,conditioning,0.0,0.0,0,,,,,,,,,,,,,,,,,,,,,,
/workspace/junmiaoh/experiments/precision-mlps/mechanism-0365cd3-20260923/evidence/polynomial_confirmation/fork_inputs/N128.npz,1,63cf4709dd37ba31c0e04633c9f1b4484d230c3a48357d8d3414e91fdd9adec9,mixed_sine,32,20000,1.25,5.495052328237464,pure_effective_gradient_flow,False,False,5.495052328237464,0.0,0.0,1.0990104656474928,6.357686652944859,4.310683817169597,-2.4886373311398984,False,conditioning,,no_initial_region,conditioning,0.0,0.0,0,,,,,,,,,,,,,,,,,,,,,,
/workspace/junmiaoh/experiments/precision-mlps/mechanism-0365cd3-20260923/evidence/polynomial_confirmation/fork_inputs/N128.npz,1,63cf4709dd37ba31c0e04633c9f1b4484d230c3a48357d8d3414e91fdd9adec9,mixed_sine,32,20000,1.5,6.594062793884957,pure_effective_gradient_flow,False,False,6.594062793884957,0.0,0.0,2.1980209312949857,6.357686652944859,4.310683817169597,-4.536000400231213,False,conditioning,,no_initial_region,conditioning,0.0,0.0,0,,,,,,,,,,,,,,,,,,,,,,
/workspace/junmiaoh/experiments/precision-mlps/mechanism-0365cd3-20260923/evidence/polynomial_confirmation/fork_inputs/N128.npz,1,63cf4709dd37ba31c0e04633c9f1b4484d230c3a48357d8d3414e91fdd9adec9,mixed_sine,32,20000,2.0,8.792083725179943,pure_effective_gradient_flow,False,False,8.792083725179943,0.0,0.0,4.396041862589971,6.357686652944859,4.310683817169597,-11.19555499859417,False,conditioning,,no_initial_region,conditioning,0.0,0.0,0,,,,,,,,,,,,,,,,,,,,,,
/workspace/junmiaoh/experiments/precision-mlps/mechanism-0365cd3-20260923/evidence/polynomial_confirmation/fork_inputs/N128.npz,2,ee4dcef3c7016417a1bfb1a7cd60c345187cbf0ae261fe3be31cf6069bd43cb5,gauss_left,32,20000,1.01,6.19376546648214,pure_effective_gradient_flow,False,False,6.19376546648214,0.0,0.0,0.061324410559229214,6.72112633185383,4.589171058176485,-3.701830484366854,False,conditioning,,no_initial_region,conditioning,0.0,0.0,0,,,,,,,,,,,,,,,,,,,,,,
/workspace/junmiaoh/experiments/precision-mlps/mechanism-0365cd3-20260923/evidence/polynomial_confirmation/fork_inputs/N128.npz,2,ee4dcef3c7016417a1bfb1a7cd60c345187cbf0ae261fe3be31cf6069bd43cb5,gauss_left,32,20000,1.025,6.285752082320983,pure_effective_gradient_flow,False,False,6.285752082320983,0.0,0.0,0.1533110263980726,6.72112633185383,4.589171058176485,-3.883941975653243,False,conditioning,,no_initial_region,conditioning,0.0,0.0,0,,,,,,,,,,,,,,,,,,,,,,
/workspace/junmiaoh/experiments/precision-mlps/mechanism-0365cd3-20260923/evidence/polynomial_confirmation/fork_inputs/N128.npz,2,ee4dcef3c7016417a1bfb1a7cd60c345187cbf0ae261fe3be31cf6069bd43cb5,gauss_left,32,20000,1.05,6.439063108719057,pure_effective_gradient_flow,False,False,6.439063108719057,0.0,0.0,0.30662205279614607,6.72112633185383,4.589171058176485,-4.19951990591829,False,conditioning,,no_initial_region,conditioning,0.0,0.0,0,,,,,,,,,,,,,,,,,,,,,,
/workspace/junmiaoh/experiments/precision-mlps/mechanism-0365cd3-20260923/evidence/polynomial_confirmation/fork_inputs/N128.npz,2,ee4dcef3c7016417a1bfb1a7cd60c345187cbf0ae261fe3be31cf6069bd43cb5,gauss_left,32,20000,1.1,6.745685161515202,pure_effective_gradient_flow,False,False,6.745685161515202,0.0,0.0,0.6132441055922913,6.72112633185383,4.589171058176485,-4.877215418637652,False,conditioning,,no_initial_region,conditioning,0.0,0.0,0,,,,,,,,,,,,,,,,,,,,,,
/workspace/junmiaoh/experiments/precision-mlps/mechanism-0365cd3-20260923/evidence/polynomial_confirmation/fork_inputs/N128.npz,2,ee4dcef3c7016417a1bfb1a7cd60c345187cbf0ae261fe3be31cf6069bd43cb5,gauss_left,32,20000,1.25,7.6655513199036385,pure_effective_gradient_flow,False,False,7.6655513199036385,0.0,0.0,1.5331102639807277,6.72112633185383,4.589171058176485,-7.309003859015636,False,conditioning,,no_initial_region,conditioning,0.0,0.0,0,,,,,,,,,,,,,,,,,,,,,,
/workspace/junmiaoh/experiments/precision-mlps/mechanism-0365cd3-20260923/evidence/polynomial_confirmation/fork_inputs/N128.npz,2,ee4dcef3c7016417a1bfb1a7cd60c345187cbf0ae261fe3be31cf6069bd43cb5,gauss_left,32,20000,1.5,9.198661583884366,pure_effective_gradient_flow,False,False,9.198661583884366,0.0,0.0,3.0662205279614554,6.72112633185383,4.589171058176485,-12.866888831750128,False,conditioning,,no_initial_region,conditioning,0.0,0.0,0,,,,,,,,,,,,,,,,,,,,,,
/workspace/junmiaoh/experiments/precision-mlps/mechanism-0365cd3-20260923/evidence/polynomial_confirmation/fork_inputs/N128.npz,2,ee4dcef3c7016417a1bfb1a7cd60c345187cbf0ae261fe3be31cf6069bd43cb5,gauss_left,32,20000,2.0,12.264882111845822,pure_effective_gradient_flow,False,False,12.264882111845822,0.0,0.0,6.132441055922911,6.72112633185383,4.589171058176485,-30.94528390789749,False,conditioning,,no_initial_region,conditioning,0.0,0.0,0,,,,,,,,,,,,,,,,,,,,,,
/workspace/junmiaoh/experiments/precision-mlps/mechanism-0365cd3-20260923/evidence/polynomial_confirmation/fork_inputs/N128.npz,3,30aaae9f18ec139558a274a21f8c9f233499eac6b656b6924ca985bf403506b9,bump_right,32,20000,1.01,4.644204584589616,pure_effective_gradient_flow,False,False,4.644204584589616,0.0,0.0,0.045982223609798645,6.519792631742543,4.4221462575837895,-1.3737572006802308,False,conditioning,,no_initial_region,conditioning,0.0,0.0,0,,,,,,,,,,,,,,,,,,,,,,
/workspace/junmiaoh/experiments/precision-mlps/mechanism-0365cd3-20260923/evidence/polynomial_confirmation/fork_inputs/N128.npz,3,30aaae9f18ec139558a274a21f8c9f233499eac6b656b6924ca985bf403506b9,bump_right,32,20000,1.025,4.713177920004313,pure_effective_gradient_flow,False,False,4.713177920004313,0.0,0.0,0.11495555902449528,6.519792631742543,4.4221462575837895,-1.4505299529906681,False,conditioning,,no_initial_region,conditioning,0.0,0.0,0,,,,,,,,,,,,,,,,,,,,,,
/workspace/junmiaoh/experiments/precision-mlps/mechanism-0365cd3-20260923/evidence/polynomial_confirmation/fork_inputs/N128.npz,3,30aaae9f18ec139558a274a21f8c9f233499eac6b656b6924ca985bf403506b9,bump_right,32,20000,1.05,4.828133479028809,pure_effective_gradient_flow,False,False,4.828133479028809,0.0,0.0,0.22991111804899145,6.519792631742543,4.4221462575837895,-1.5835681599908984,False,conditioning,,no_initial_region,conditioning,0.0,0.0,0,,,,,,,,,,,,,,,,,,,,,,
/workspace/junmiaoh/experiments/precision-mlps/mechanism-0365cd3-20260923/evidence/polynomial_confirmation/fork_inputs/N128.npz,3,30aaae9f18ec139558a274a21f8c9f233499eac6b656b6924ca985bf403506b9,bump_right,32,20000,1.1,5.058044597077799,pure_effective_gradient_flow,False,False,5.058044597077799,0.0,0.0,0.459822236097982,6.519792631742543,4.4221462575837895,-1.8692642979577143,False,conditioning,,no_initial_region,conditioning,0.0,0.0,0,,,,,,,,,,,,,,,,,,,,,,
/workspace/junmiaoh/experiments/precision-mlps/mechanism-0365cd3-20260923/evidence/polynomial_confirmation/fork_inputs/N128.npz,3,30aaae9f18ec139558a274a21f8c9f233499eac6b656b6924ca985bf403506b9,bump_right,32,20000,1.25,5.747777951224772,pure_effective_gradient_flow,False,False,5.747777951224772,0.0,0.0,1.1495555902449546,6.519792631742543,4.4221462575837895,-2.8944334967038183,False,conditioning,,no_initial_region,conditioning,0.0,0.0,0,,,,,,,,,,,,,,,,,,,,,,
/workspace/junmiaoh/experiments/precision-mlps/mechanism-0365cd3-20260923/evidence/polynomial_confirmation/fork_inputs/N128.npz,3,30aaae9f18ec139558a274a21f8c9f233499eac6b656b6924ca985bf403506b9,bump_right,32,20000,1.5,6.897333541469726,pure_effective_gradient_flow,False,False,6.897333541469726,0.0,0.0,2.2991111804899083,6.519792631742543,4.4221462575837895,-5.2374713981980765,False,conditioning,,no_initial_region,conditioning,0.0,0.0,0,,,,,,,,,,,,,,,,,,,,,,
/workspace/junmiaoh/experiments/precision-mlps/mechanism-0365cd3-20260923/evidence/polynomial_confirmation/fork_inputs/N128.npz,3,30aaae9f18ec139558a274a21f8c9f233499eac6b656b6924ca985bf403506b9,bump_right,32,20000,2.0,9.196444721959635,pure_effective_gradient_flow,False,False,9.196444721959635,0.0,0.0,4.598222360979817,6.519792631742543,4.4221462575837895,-12.858781495366216,False,conditioning,,no_initial_region,conditioning,0.0,0.0,0,,,,,,,,,,,,,,,,,,,,,,
/workspace/junmiaoh/experiments/precision-mlps/mechanism-0365cd3-20260923/evidence/polynomial_confirmation/fork_inputs/N128.npz,4,c7dd457ca02285d52bf78308ad68a6358596fedbd46825b605b269bdbfb1c63f,step_right,32,20000,1.01,5.52205673063838,pure_effective_gradient_flow,False,False,5.52205673063838,0.0,0.0,0.0546738290162212,7.22365455721063,5.138129399154278,-2.520999825104195,False,conditioning,,no_initial_region,conditioning,0.0,0.0,0,,,,,,,,,,,,,,,,,,,,,,
/workspace/junmiaoh/experiments/precision-mlps/mechanism-0365cd3-20260923/evidence/polynomial_confirmation/fork_inputs/N128.npz,4,c7dd457ca02285d52bf78308ad68a6358596fedbd46825b605b269bdbfb1c63f,step_right,32,20000,1.025,5.604067474162712,pure_effective_gradient_flow,False,False,5.604067474162712,0.0,0.0,0.13668457254055344,7.22365455721063,5.138129399154278,-2.6500550743579336,False,conditioning,,no_initial_region,conditioning,0.0,0.0,0,,,,,,,,,,,,,,,,,,,,,,
/workspace/junmiaoh/experiments/precision-mlps/mechanism-0365cd3-20260923/evidence/polynomial_confirmation/fork_inputs/N128.npz,4,c7dd457ca02285d52bf78308ad68a6358596fedbd46825b605b269bdbfb1c63f,step_right,32,20000,1.05,5.740752046703267,pure_effective_gradient_flow,False,False,5.740752046703267,0.0,0.0,0.27336914508110777,7.22365455721063,5.138129399154278,-2.8736927380860675,False,conditioning,,no_initial_region,conditioning,0.0,0.0,0,,,,,,,,,,,,,,,,,,,,,,
/workspace/junmiaoh/experiments/precision-mlps/mechanism-0365cd3-20260923/evidence/polynomial_confirmation/fork_inputs/N128.npz,4,c7dd457ca02285d52bf78308ad68a6358596fedbd46825b605b269bdbfb1c63f,step_right,32,20000,1.1,6.014121191784375,pure_effective_gradient_flow,False,False,6.014121191784375,0.0,0.0,0.5467382901622164,7.22365455721063,5.138129399154278,-3.353948886088269,False,conditioning,,no_initial_region,conditioning,0.0,0.0,0,,,,,,,,,,,,,,,,,,,,,,
/workspace/junmiaoh/experiments/precision-mlps/mechanism-0365cd3-20260923/evidence/polynomial_confirmation/fork_inputs/N128.npz,4,c7dd457ca02285d52bf78308ad68a6358596fedbd46825b605b269bdbfb1c63f,step_right,32,20000,1.25,6.834228627027699,pure_effective_gradient_flow,False,False,6.834228627027699,0.0,0.0,1.3668457254055397,7.22365455721063,5.138129399154278,-5.077261682488377,False,conditioning,,no_initial_region,conditioning,0.0,0.0,0,,,,,,,,,,,,,,,,,,,,,,
/workspace/junmiaoh/experiments/precision-mlps/mechanism-0365cd3-20260923/evidence/polynomial_confirmation/fork_inputs/N128.npz,4,c7dd457ca02285d52bf78308ad68a6358596fedbd46825b605b269bdbfb1c63f,step_right,32,20000,1.5,8.201074352433238,pure_effective_gradient_flow,False,False,8.201074352433238,0.0,0.0,2.7336914508110794,7.22365455721063,5.138129399154278,-9.015916104640525,False,conditioning,,no_initial_region,conditioning,0.0,0.0,0,,,,,,,,,,,,,,,,,,,,,,
/workspace/junmiaoh/experiments/precision-mlps/mechanism-0365cd3-20260923/evidence/polynomial_confirmation/fork_inputs/N128.npz,4,c7dd457ca02285d52bf78308ad68a6358596fedbd46825b605b269bdbfb1c63f,step_right,32,20000,2.0,10.934765803244318,pure_effective_gradient_flow,False,False,10.934765803244318,0.0,0.0,5.467382901622159,7.22365455721063,5.138129399154278,-21.82736345581674,False,conditioning,,no_initial_region,conditioning,0.0,0.0,0,,,,,,,,,,,,,,,,,,,,,,
/workspace/junmiaoh/experiments/precision-mlps/mechanism-0365cd3-20260923/evidence/polynomial_confirmation/fork_inputs/N128.npz,5,8c14163603b5897245463b573070d5fadecab50a3c01b98f0e0eb1653099279d,kink_abs,32,20000,1.01,4.259524765272249,pure_effective_gradient_flow,False,False,4.259524765272249,0.0,0.0,0.042173512527448054,6.420437478678325,4.2735695795444,-0.9890660353983642,False,conditioning,,no_initial_region,conditioning,0.0,0.0,0,,,,,,,,,,,,,,,,,,,,,,
/workspace/junmiaoh/experiments/precision-mlps/mechanism-0365cd3-20260923/evidence/polynomial_confirmation/fork_inputs/N128.npz,5,8c14163603b5897245463b573070d5fadecab50a3c01b98f0e0eb1653099279d,kink_abs,32,20000,1.025,4.32278503406342,pure_effective_gradient_flow,False,False,4.32278503406342,0.0,0.0,0.10543378131861925,6.420437478678325,4.2735695795444,-1.0482980528027313,False,conditioning,,no_initial_region,conditioning,0.0,0.0,0,,,,,,,,,,,,,,,,,,,,,,
/workspace/junmiaoh/experiments/precision-mlps/mechanism-0365cd3-20260923/evidence/polynomial_confirmation/fork_inputs/N128.npz,5,8c14163603b5897245463b573070d5fadecab50a3c01b98f0e0eb1653099279d,kink_abs,32,20000,1.05,4.428218815382041,pure_effective_gradient_flow,False,False,4.428218815382041,0.0,0.0,0.21086756263724027,6.420437478678325,4.2735695795444,-1.1509402162700442,False,conditioning,,no_initial_region,conditioning,0.0,0.0,0,,,,,,,,,,,,,,,,,,,,,,
/workspace/junmiaoh/experiments/precision-mlps/mechanism-0365cd3-20260923/evidence/polynomial_confirmation/fork_inputs/N128.npz,5,8c14163603b5897245463b573070d5fadecab50a3c01b98f0e0eb1653099279d,kink_abs,32,20000,1.1,4.6390863780192815,pure_effective_gradient_flow,False,False,4.6390863780192815,0.0,0.0,0.42173512527448054,6.420437478678325,4.2735695795444,-1.3713616302110727,False,conditioning,,no_initial_region,conditioning,0.0,0.0,0,,,,,,,,,,,,,,,,,,,,,,
/workspace/junmiaoh/experiments/precision-mlps/mechanism-0365cd3-20260923/evidence/polynomial_confirmation/fork_inputs/N128.npz,5,8c14163603b5897245463b573070d5fadecab50a3c01b98f0e0eb1653099279d,kink_abs,32,20000,1.25,5.271689065931001,pure_effective_gradient_flow,False,False,5.271689065931001,0.0,0.0,1.0543378131862005,6.420437478678325,4.2735695795444,-2.16230422371107,False,conditioning,,no_initial_region,conditioning,0.0,0.0,0,,,,,,,,,,,,,,,,,,,,,,
/workspace/junmiaoh/experiments/precision-mlps/mechanism-0365cd3-20260923/evidence/polynomial_confirmation/fork_inputs/N128.npz,5,8c14163603b5897245463b573070d5fadecab50a3c01b98f0e0eb1653099279d,kink_abs,32,20000,1.5,6.326026879117201,pure_effective_gradient_flow,False,False,6.326026879117201,0.0,0.0,2.1086756263724,6.420437478678325,4.2735695795444,-3.970014089305297,False,conditioning,,no_initial_region,conditioning,0.0,0.0,0,,,,,,,,,,,,,,,,,,,,,,
/workspace/junmiaoh/experiments/precision-mlps/mechanism-0365cd3-20260923/evidence/polynomial_confirmation/fork_inputs/N128.npz,5,8c14163603b5897245463b573070d5fadecab50a3c01b98f0e0eb1653099279d,kink_abs,32,20000,2.0,8.434702505489602,pure_effective_gradient_flow,False,False,8.434702505489602,0.0,0.0,4.217351252744801,6.420437478678325,4.2735695795444,-9.850037388381029,False,conditioning,,no_initial_region,conditioning,0.0,0.0,0,,,,,,,,,,,,,,,,,,,,,,
/workspace/junmiaoh/experiments/precision-mlps/mechanism-0365cd3-20260923/evidence/polynomial_confirmation/fork_inputs/N128.npz,6,2e6ccbefc0581ccf32b866a6116483a156e531f110d31eef68aa8bb9ea136df7,moment5,33,20000,1.01,4.574490505606981,pure_effective_gradient_flow,False,False,4.574490505606981,0.0,0.0,0.04529198520402922,5.786291870243477,3.920214766904472,-1.3000778376675375,False,conditioning,,no_initial_region,conditioning,0.0,0.0,0,,,,,,,,,,,,,,,,,,,,,,
/workspace/junmiaoh/experiments/precision-mlps/mechanism-0365cd3-20260923/evidence/polynomial_confirmation/fork_inputs/N128.npz,6,2e6ccbefc0581ccf32b866a6116483a156e531f110d31eef68aa8bb9ea136df7,moment5,33,20000,1.025,4.642428483413025,pure_effective_gradient_flow,False,False,4.642428483413025,0.0,0.0,0.11322996301007304,5.786291870243477,3.920214766904472,-1.3734449242438842,False,conditioning,,no_initial_region,conditioning,0.0,0.0,0,,,,,,,,,,,,,,,,,,,,,,
/workspace/junmiaoh/experiments/precision-mlps/mechanism-0365cd3-20260923/evidence/polynomial_confirmation/fork_inputs/N128.npz,6,2e6ccbefc0581ccf32b866a6116483a156e531f110d31eef68aa8bb9ea136df7,moment5,33,20000,1.05,4.7556584464231,pure_effective_gradient_flow,False,False,4.7556584464231,0.0,0.0,0.22645992602014786,5.786291870243477,3.920214766904472,-1.5005815105613822,False,conditioning,,no_initial_region,conditioning,0.0,0.0,0,,,,,,,,,,,,,,,,,,,,,,
/workspace/junmiaoh/experiments/precision-mlps/mechanism-0365cd3-20260923/evidence/polynomial_confirmation/fork_inputs/N128.npz,6,2e6ccbefc0581ccf32b866a6116483a156e531f110d31eef68aa8bb9ea136df7,moment5,33,20000,1.1,4.982118372443248,pure_effective_gradient_flow,False,False,4.982118372443248,0.0,0.0,0.4529198520402957,5.786291870243477,3.920214766904472,-1.773604069450282,False,conditioning,,no_initial_region,conditioning,0.0,0.0,0,,,,,,,,,,,,,,,,,,,,,,
/workspace/junmiaoh/experiments/precision-mlps/mechanism-0365cd3-20260923/evidence/polynomial_confirmation/fork_inputs/N128.npz,6,2e6ccbefc0581ccf32b866a6116483a156e531f110d31eef68aa8bb9ea136df7,moment5,33,20000,1.25,5.661498150503689,pure_effective_gradient_flow,False,False,5.661498150503689,0.0,0.0,1.1322996301007375,5.786291870243477,3.920214766904472,-2.753296409457527,False,conditioning,,no_initial_region,conditioning,0.0,0.0,0,,,,,,,,,,,,,,,,,,,,,,
/workspace/junmiaoh/experiments/precision-mlps/mechanism-0365cd3-20260923/evidence/polynomial_confirmation/fork_inputs/N128.npz,6,2e6ccbefc0581ccf32b866a6116483a156e531f110d31eef68aa8bb9ea136df7,moment5,33,20000,1.5,6.793797780604428,pure_effective_gradient_flow,False,False,6.793797780604428,0.0,0.0,2.264599260201476,5.786291870243477,3.920214766904472,-4.992396342666777,False,conditioning,,no_initial_region,conditioning,0.0,0.0,0,,,,,,,,,,,,,,,,,,,,,,
/workspace/junmiaoh/experiments/precision-mlps/mechanism-0365cd3-20260923/evidence/polynomial_confirmation/fork_inputs/N128.npz,6,2e6ccbefc0581ccf32b866a6116483a156e531f110d31eef68aa8bb9ea136df7,moment5,33,20000,2.0,9.058397040805904,pure_effective_gradient_flow,False,False,9.058397040805904,0.0,0.0,4.529198520402952,5.786291870243477,3.920214766904472,-12.27562249903972,False,conditioning,,no_initial_region,conditioning,0.0,0.0,0,,,,,,,,,,,,,,,,,,,,,,
/workspace/junmiaoh/experiments/precision-mlps/mechanism-0365cd3-20260923/evidence/polynomial_confirmation/fork_inputs/N128.npz,7,87c6a6d2019344100a43c0c58e3bdeea402ccdf2d58c81f80b4713f45dfb5e54,mixed_sine,33,20000,1.01,3.8609088730549397,pure_effective_gradient_flow,False,False,3.8609088730549397,0.0,0.0,0.03822682052529647,5.764329520829779,3.9060701195522958,-0.6531043210197267,False,conditioning,,no_initial_region,conditioning,0.0,0.0,0,,,,,,,,,,,,,,,,,,,,,,
/workspace/junmiaoh/experiments/precision-mlps/mechanism-0365cd3-20260923/evidence/polynomial_confirmation/fork_inputs/N128.npz,7,87c6a6d2019344100a43c0c58e3bdeea402ccdf2d58c81f80b4713f45dfb5e54,mixed_sine,33,20000,1.025,3.918249103842884,pure_effective_gradient_flow,False,False,3.918249103842884,0.0,0.0,0.09556705131324073,5.764329520829779,3.9060701195522958,-0.6972147961566922,False,conditioning,,no_initial_region,conditioning,0.0,0.0,0,,,,,,,,,,,,,,,,,,,,,,
/workspace/junmiaoh/experiments/precision-mlps/mechanism-0365cd3-20260923/evidence/polynomial_confirmation/fork_inputs/N128.npz,7,87c6a6d2019344100a43c0c58e3bdeea402ccdf2d58c81f80b4713f45dfb5e54,mixed_sine,33,20000,1.05,4.0138161551561256,pure_effective_gradient_flow,False,False,4.0138161551561256,0.0,0.0,0.19113410262648234,5.764329520829779,3.9060701195522958,-0.773653094192703,False,conditioning,,no_initial_region,conditioning,0.0,0.0,0,,,,,,,,,,,,,,,,,,,,,,
/workspace/junmiaoh/experiments/precision-mlps/mechanism-0365cd3-20260923/evidence/polynomial_confirmation/fork_inputs/N128.npz,7,87c6a6d2019344100a43c0c58e3bdeea402ccdf2d58c81f80b4713f45dfb5e54,mixed_sine,33,20000,1.1,4.204950257782608,pure_effective_gradient_flow,False,False,4.204950257782608,0.0,0.0,0.3822682052529647,5.764329520829779,3.9060701195522958,-0.937802379079015,False,conditioning,,no_initial_region,conditioning,0.0,0.0,0,,,,,,,,,,,,,,,,,,,,,,
/workspace/junmiaoh/experiments/precision-mlps/mechanism-0365cd3-20260923/evidence/polynomial_confirmation/fork_inputs/N128.npz,7,87c6a6d2019344100a43c0c58e3bdeea402ccdf2d58c81f80b4713f45dfb5e54,mixed_sine,33,20000,1.25,4.778352565662054,pure_effective_gradient_flow,False,False,4.778352565662054,0.0,0.0,0.9556705131324108,5.764329520829779,3.9060701195522958,-1.5268225599580147,False,conditioning,,no_initial_region,conditioning,0.0,0.0,0,,,,,,,,,,,,,,,,,,,,,,
/workspace/junmiaoh/experiments/precision-mlps/mechanism-0365cd3-20260923/evidence/polynomial_confirmation/fork_inputs/N128.npz,7,87c6a6d2019344100a43c0c58e3bdeea402ccdf2d58c81f80b4713f45dfb5e54,mixed_sine,33,20000,1.5,5.734023078794465,pure_effective_gradient_flow,False,False,5.734023078794465,0.0,0.0,1.9113410262648216,5.764329520829779,3.9060701195522958,-2.8730360535281623,False,conditioning,,no_initial_region,conditioning,0.0,0.0,0,,,,,,,,,,,,,,,,,,,,,,
/workspace/junmiaoh/experiments/precision-mlps/mechanism-0365cd3-20260923/evidence/polynomial_confirmation/fork_inputs/N128.npz,7,87c6a6d2019344100a43c0c58e3bdeea402ccdf2d58c81f80b4713f45dfb5e54,mixed_sine,33,20000,2.0,7.645364105059286,pure_effective_gradient_flow,False,False,7.645364105059286,0.0,0.0,3.822682052529643,5.764329520829779,3.9060701195522958,-7.251928296349742,False,conditioning,,no_initial_region,conditioning,0.0,0.0,0,,,,,,,,,,,,,,,,,,,,,,
/workspace/junmiaoh/experiments/precision-mlps/mechanism-0365cd3-20260923/evidence/polynomial_confirmation/fork_inputs/N128.npz,8,91284fe3d6f230a57fbec4d1b478806034c25c7c6c85c142ea8ecb7f8a2490b2,gauss_left,33,20000,1.01,4.516281238643627,pure_effective_gradient_flow,False,False,4.516281238643627,0.0,0.0,0.04471565582815451,5.895238743816863,3.9831285798020852,-1.2391293405703294,False,conditioning,,no_initial_region,conditioning,0.0,0.0,0,,,,,,,,,,,,,,,,,,,,,,
/workspace/junmiaoh/experiments/precision-mlps/mechanism-0365cd3-20260923/evidence/polynomial_confirmation/fork_inputs/N128.npz,8,91284fe3d6f230a57fbec4d1b478806034c25c7c6c85c142ea8ecb7f8a2490b2,gauss_left,33,20000,1.025,4.583354722385859,pure_effective_gradient_flow,False,False,4.583354722385859,0.0,0.0,0.11178913957038628,5.895238743816863,3.9831285798020852,-1.3097311802248928,False,conditioning,,no_initial_region,conditioning,0.0,0.0,0,,,,,,,,,,,,,,,,,,,,,,
/workspace/junmiaoh/experiments/precision-mlps/mechanism-0365cd3-20260923/evidence/polynomial_confirmation/fork_inputs/N128.npz,8,91284fe3d6f230a57fbec4d1b478806034c25c7c6c85c142ea8ecb7f8a2490b2,gauss_left,33,20000,1.05,4.695143861956246,pure_effective_gradient_flow,False,False,4.695143861956246,0.0,0.0,0.22357827914077344,5.895238743816863,3.9831285798020852,-1.4320759168129518,False,conditioning,,no_initial_region,conditioning,0.0,0.0,0,,,,,,,,,,,,,,,,,,,,,,
/workspace/junmiaoh/experiments/precision-mlps/mechanism-0365cd3-20260923/evidence/polynomial_confirmation/fork_inputs/N128.npz,8,91284fe3d6f230a57fbec4d1b478806034c25c7c6c85c142ea8ecb7f8a2490b2,gauss_left,33,20000,1.1,4.91872214109702,pure_effective_gradient_flow,False,False,4.91872214109702,0.0,0.0,0.44715655828154777,5.895238743816863,3.9831285798020852,-1.6948081012877159,False,conditioning,,no_initial_region,conditioning,0.0,0.0,0,,,,,,,,,,,,,,,,,,,,,,
/workspace/junmiaoh/experiments/precision-mlps/mechanism-0365cd3-20260923/evidence/polynomial_confirmation/fork_inputs/N128.npz,8,91284fe3d6f230a57fbec4d1b478806034c25c7c6c85c142ea8ecb7f8a2490b2,gauss_left,33,20000,1.25,5.58945697851934,pure_effective_gradient_flow,False,False,5.58945697851934,0.0,0.0,1.117891395703868,5.895238743816863,3.9831285798020852,-2.637575283790162,False,conditioning,,no_initial_region,conditioning,0.0,0.0,0,,,,,,,,,,,,,,,,,,,,,,
/workspace/junmiaoh/experiments/precision-mlps/mechanism-0365cd3-20260923/evidence/polynomial_confirmation/fork_inputs/N128.npz,8,91284fe3d6f230a57fbec4d1b478806034c25c7c6c85c142ea8ecb7f8a2490b2,gauss_left,33,20000,1.5,6.7073483742232085,pure_effective_gradient_flow,False,False,6.7073483742232085,0.0,0.0,2.235782791407736,5.895238743816863,3.9831285798020852,-4.792282276148074,False,conditioning,,no_initial_region,conditioning,0.0,0.0,0,,,,,,,,,,,,,,,,,,,,,,
/workspace/junmiaoh/experiments/precision-mlps/mechanism-0365cd3-20260923/evidence/polynomial_confirmation/fork_inputs/N128.npz,8,91284fe3d6f230a57fbec4d1b478806034c25c7c6c85c142ea8ecb7f8a2490b2,gauss_left,33,20000,2.0,8.943131165630945,pure_effective_gradient_flow,False,False,8.943131165630945,0.0,0.0,4.471565582815472,5.895238743816863,3.9831285798020852,-11.800999526015573,False,conditioning,,no_initial_region,conditioning,0.0,0.0,0,,,,,,,,,,,,,,,,,,,,,,
/workspace/junmiaoh/experiments/precision-mlps/mechanism-0365cd3-20260923/evidence/polynomial_confirmation/fork_inputs/N128.npz,9,485fe11311e11fce93220cc43c599f9460f8e4390768b791a1e3a43470635a74,bump_right,33,20000,1.01,5.219333843810965,pure_effective_gradient_flow,False,False,5.219333843810965,0.0,0.0,0.05167657271100001,5.831075953574171,3.9365169077228774,-2.0879524920405754,False,conditioning,,no_initial_region,conditioning,0.0,0.0,0,,,,,,,,,,,,,,,,,,,,,,
/workspace/junmiaoh/experiments/precision-mlps/mechanism-0365cd3-20260923/evidence/polynomial_confirmation/fork_inputs/N128.npz,9,485fe11311e11fce93220cc43c599f9460f8e4390768b791a1e3a43470635a74,bump_right,33,20000,1.025,5.296848702877464,pure_effective_gradient_flow,False,False,5.296848702877464,0.0,0.0,0.1291914317774987,5.831075953574171,3.9365169077228774,-2.196925342544865,False,conditioning,,no_initial_region,conditioning,0.0,0.0,0,,,,,,,,,,,,,,,,,,,,,,
/workspace/junmiaoh/experiments/precision-mlps/mechanism-0365cd3-20260923/evidence/polynomial_confirmation/fork_inputs/N128.npz,9,485fe11311e11fce93220cc43c599f9460f8e4390768b791a1e3a43470635a74,bump_right,33,20000,1.05,5.426040134654963,pure_effective_gradient_flow,False,False,5.426040134654963,0.0,0.0,0.2583828635549983,5.831075953574171,3.9365169077228774,-2.385762556354428,False,conditioning,,no_initial_region,conditioning,0.0,0.0,0,,,,,,,,,,,,,,,,,,,,,,
/workspace/junmiaoh/experiments/precision-mlps/mechanism-0365cd3-20260923/evidence/polynomial_confirmation/fork_inputs/N128.npz,9,485fe11311e11fce93220cc43c599f9460f8e4390768b791a1e3a43470635a74,bump_right,33,20000,1.1,5.684422998209961,pure_effective_gradient_flow,False,False,5.684422998209961,0.0,0.0,0.5167657271099966,5.831075953574171,3.9365169077228774,-2.7912856305620743,False,conditioning,,no_initial_region,conditioning,0.0,0.0,0,,,,,,,,,,,,,,,,,,,,,,
/workspace/junmiaoh/experiments/precision-mlps/mechanism-0365cd3-20260923/evidence/polynomial_confirmation/fork_inputs/N128.npz,9,485fe11311e11fce93220cc43c599f9460f8e4390768b791a1e3a43470635a74,bump_right,33,20000,1.25,6.459571588874956,pure_effective_gradient_flow,False,False,6.459571588874956,0.0,0.0,1.2919143177749914,5.831075953574171,3.9365169077228774,-4.246432234982735,False,conditioning,,no_initial_region,conditioning,0.0,0.0,0,,,,,,,,,,,,,,,,,,,,,,
/workspace/junmiaoh/experiments/precision-mlps/mechanism-0365cd3-20260923/evidence/polynomial_confirmation/fork_inputs/N128.npz,9,485fe11311e11fce93220cc43c599f9460f8e4390768b791a1e3a43470635a74,bump_right,33,20000,1.5,7.751485906649947,pure_effective_gradient_flow,False,False,7.751485906649947,0.0,0.0,2.583828635549982,5.831075953574171,3.9365169077228774,-7.5721892422732715,False,conditioning,,no_initial_region,conditioning,0.0,0.0,0,,,,,,,,,,,,,,,,,,,,,,
/workspace/junmiaoh/experiments/precision-mlps/mechanism-0365cd3-20260923/evidence/polynomial_confirmation/fork_inputs/N128.npz,9,485fe11311e11fce93220cc43c599f9460f8e4390768b791a1e3a43470635a74,bump_right,33,20000,2.0,10.33531454219993,pure_effective_gradient_flow,False,False,10.33531454219993,0.0,0.0,5.167657271099965,5.831075953574171,3.9365169077228774,-18.390036211042496,False,conditioning,,no_initial_region,conditioning,0.0,0.0,0,,,,,,,,,,,,,,,,,,,,,,
/workspace/junmiaoh/experiments/precision-mlps/mechanism-0365cd3-20260923/evidence/polynomial_confirmation/fork_inputs/N128.npz,10,108fd742168bfc052042ba89977552e3482bd54d4bbcc584294ff8ad9c36f016,step_right,33,20000,1.01,6.864153123802448,pure_effective_gradient_flow,False,False,6.864153123802448,0.0,0.0,0.0679619121168562,6.778985609304705,4.841574964106486,-5.148666935042819,False,conditioning,,no_initial_region,conditioning,0.0,0.0,0,,,,,,,,,,,,,,,,,,,,,,
/workspace/junmiaoh/experiments/precision-mlps/mechanism-0365cd3-20260923/evidence/polynomial_confirmation/fork_inputs/N128.npz,10,108fd742168bfc052042ba89977552e3482bd54d4bbcc584294ff8ad9c36f016,step_right,33,20000,1.025,6.966095991977731,pure_effective_gradient_flow,False,False,6.966095991977731,0.0,0.0,0.16990478029213918,6.778985609304705,4.841574964106486,-5.396542644983346,False,conditioning,,no_initial_region,conditioning,0.0,0.0,0,,,,,,,,,,,,,,,,,,,,,,
/workspace/junmiaoh/experiments/precision-mlps/mechanism-0365cd3-20260923/evidence/polynomial_confirmation/fork_inputs/N128.npz,10,108fd742168bfc052042ba89977552e3482bd54d4bbcc584294ff8ad9c36f016,step_right,33,20000,1.05,7.136000772269872,pure_effective_gradient_flow,False,False,7.136000772269872,0.0,0.0,0.33980956058428013,6.778985609304705,4.841574964106486,-5.826082280035787,False,conditioning,,no_initial_region,conditioning,0.0,0.0,0,,,,,,,,,,,,,,,,,,,,,,
/workspace/junmiaoh/experiments/precision-mlps/mechanism-0365cd3-20260923/evidence/polynomial_confirmation/fork_inputs/N128.npz,10,108fd742168bfc052042ba89977552e3482bd54d4bbcc584294ff8ad9c36f016,step_right,33,20000,1.1,7.475810332854151,pure_effective_gradient_flow,False,False,7.475810332854151,0.0,0.0,0.6796191211685594,6.778985609304705,4.841574964106486,-6.748507631408317,False,conditioning,,no_initial_region,conditioning,0.0,0.0,0,,,,,,,,,,,,,,,,,,,,,,
/workspace/junmiaoh/experiments/precision-mlps/mechanism-0365cd3-20260923/evidence/polynomial_confirmation/fork_inputs/N128.npz,10,108fd742168bfc052042ba89977552e3482bd54d4bbcc584294ff8ad9c36f016,step_right,33,20000,1.25,8.495239014606991,pure_effective_gradient_flow,False,False,8.495239014606991,0.0,0.0,1.699047802921399,6.778985609304705,4.841574964106486,-10.058465074653512,False,conditioning,,no_initial_region,conditioning,0.0,0.0,0,,,,,,,,,,,,,,,,,,,,,,
/workspace/junmiaoh/experiments/precision-mlps/mechanism-0365cd3-20260923/evidence/polynomial_confirmation/fork_inputs/N128.npz,10,108fd742168bfc052042ba89977552e3482bd54d4bbcc584294ff8ad9c36f016,step_right,33,20000,1.5,10.194286817528388,pure_effective_gradient_flow,False,False,10.194286817528388,0.0,0.0,3.398095605842796,6.778985609304705,4.841574964106486,-17.623417037063405,False,conditioning,,no_initial_region,conditioning,0.0,0.0,0,,,,,,,,,,,,,,,,,,,,,,
/workspace/junmiaoh/experiments/precision-mlps/mechanism-0365cd3-20260923/evidence/polynomial_confirmation/fork_inputs/N128.npz,10,108fd742168bfc052042ba89977552e3482bd54d4bbcc584294ff8ad9c36f016,step_right,33,20000,2.0,13.592382423371184,pure_effective_gradient_flow,False,False,13.592382423371184,0.0,0.0,6.796191211685592,6.778985609304705,4.841574964106486,-42.23029374995713,False,conditioning,,no_initial_region,conditioning,0.0,0.0,0,,,,,,,,,,,,,,,,,,,,,,
/workspace/junmiaoh/experiments/precision-mlps/mechanism-0365cd3-20260923/evidence/polynomial_confirmation/fork_inputs/N128.npz,11,944940096d76744d58b01d73f957395a4211931e2b1f46af0204d9e71f48b6fe,kink_abs,33,20000,1.01,4.888234376296679,pure_effective_gradient_flow,False,False,4.888234376296679,0.0,0.0,0.048398360161352905,5.893255918007405,3.9138736176129476,-1.6602979155918471,False,conditioning,,no_initial_region,conditioning,0.0,0.0,0,,,,,,,,,,,,,,,,,,,,,,
/workspace/junmiaoh/experiments/precision-mlps/mechanism-0365cd3-20260923/evidence/polynomial_confirmation/fork_inputs/N128.npz,11,944940096d76744d58b01d73f957395a4211931e2b1f46af0204d9e71f48b6fe,kink_abs,33,20000,1.025,4.960831916538709,pure_effective_gradient_flow,False,False,4.960831916538709,0.0,0.0,0.1209959004033827,5.893255918007405,3.9138736176129476,-1.7498197853728015,False,conditioning,,no_initial_region,conditioning,0.0,0.0,0,,,,,,,,,,,,,,,,,,,,,,
/workspace/junmiaoh/experiments/precision-mlps/mechanism-0365cd3-20260923/evidence/polynomial_confirmation/fork_inputs/N128.npz,11,944940096d76744d58b01d73f957395a4211931e2b1f46af0204d9e71f48b6fe,kink_abs,33,20000,1.05,5.081827816942092,pure_effective_gradient_flow,False,False,5.081827816942092,0.0,0.0,0.2419918008067663,5.893255918007405,3.9138736176129476,-1.9049507229065714,False,conditioning,,no_initial_region,conditioning,0.0,0.0,0,,,,,,,,,,,,,,,,,,,,,,
/workspace/junmiaoh/experiments/precision-mlps/mechanism-0365cd3-20260923/evidence/polynomial_confirmation/fork_inputs/N128.npz,11,944940096d76744d58b01d73f957395a4211931e2b1f46af0204d9e71f48b6fe,kink_abs,33,20000,1.1,5.323819617748859,pure_effective_gradient_flow,False,False,5.323819617748859,0.0,0.0,0.4839836016135326,5.893255918007405,3.9138736176129476,-2.2380904331590785,False,conditioning,,no_initial_region,conditioning,0.0,0.0,0,,,,,,,,,,,,,,,,,,,,,,
/workspace/junmiaoh/experiments/precision-mlps/mechanism-0365cd3-20260923/evidence/polynomial_confirmation/fork_inputs/N128.npz,11,944940096d76744d58b01d73f957395a4211931e2b1f46af0204d9e71f48b6fe,kink_abs,33,20000,1.25,6.0497950201691575,pure_effective_gradient_flow,False,False,6.0497950201691575,0.0,0.0,1.2099590040338315,5.893255918007405,3.9138736176129476,-3.433502356682315,False,conditioning,,no_initial_region,conditioning,0.0,0.0,0,,,,,,,,,,,,,,,,,,,,,,
/workspace/junmiaoh/experiments/precision-mlps/mechanism-0365cd3-20260923/evidence/polynomial_confirmation/fork_inputs/N128.npz,11,944940096d76744d58b01d73f957395a4211931e2b1f46af0204d9e71f48b6fe,kink_abs,33,20000,1.5,7.259754024202989,pure_effective_gradient_flow,False,False,7.259754024202989,0.0,0.0,2.419918008067663,5.893255918007405,3.9138736176129476,-6.165632280346532,False,conditioning,,no_initial_region,conditioning,0.0,0.0,0,,,,,,,,,,,,,,,,,,,,,,
/workspace/junmiaoh/experiments/precision-mlps/mechanism-0365cd3-20260923/evidence/polynomial_confirmation/fork_inputs/N128.npz,11,944940096d76744d58b01d73f957395a4211931e2b1f46af0204d9e71f48b6fe,kink_abs,33,20000,2.0,9.679672032270652,pure_effective_gradient_flow,False,False,9.679672032270652,0.0,0.0,4.839836016135326,5.893255918007405,3.9138736176129476,-15.052560383693875,False,conditioning,,no_initial_region,conditioning,0.0,0.0,0,,,,,,,,,,,,,,,,,,,,,,
/workspace/junmiaoh/experiments/precision-mlps/mechanism-0365cd3-20260923/evidence/polynomial_confirmation/fork_inputs/N512.npz,0,ab02f2f7fc2506622d765c20792282a570ef32fdb32a1acdf225dc54ec8bd0c1,moment5,32,20000,1.01,4.858422096382324,pure_effective_gradient_flow,False,False,4.858422096382324,0.0,0.0,0.04810318907309252,6.236675640926936,4.270575958082005,-0.16295187602948974,False,conditioning,,no_initial_region,conditioning,0.0,0.0,0,,,,,,,,,,,,,,,,,,,,,,
/workspace/junmiaoh/experiments/precision-mlps/mechanism-0365cd3-20260923/evidence/polynomial_confirmation/fork_inputs/N512.npz,0,ab02f2f7fc2506622d765c20792282a570ef32fdb32a1acdf225dc54ec8bd0c1,moment5,32,20000,1.025,4.930576879991962,pure_effective_gradient_flow,False,False,4.930576879991962,0.0,0.0,0.12025797268273042,6.236675640926936,4.270575958082005,-0.18501885906573096,False,conditioning,,no_initial_region,conditioning,0.0,0.0,0,,,,,,,,,,,,,,,,,,,,,,
/workspace/junmiaoh/experiments/precision-mlps/mechanism-0365cd3-20260923/evidence/polynomial_confirmation/fork_inputs/N512.npz,0,ab02f2f7fc2506622d765c20792282a570ef32fdb32a1acdf225dc54ec8bd0c1,moment5,32,20000,1.05,5.050834852674694,pure_effective_gradient_flow,False,False,5.050834852674694,0.0,0.0,0.24051594536546173,6.236675640926936,4.270575958082005,-0.22325836160661988,False,conditioning,,no_initial_region,conditioning,0.0,0.0,0,,,,,,,,,,,,,,,,,,,,,,
/workspace/junmiaoh/experiments/precision-mlps/mechanism-0365cd3-20260923/evidence/polynomial_confirmation/fork_inputs/N512.npz,0,ab02f2f7fc2506622d765c20792282a570ef32fdb32a1acdf225dc54ec8bd0c1,moment5,32,20000,1.1,5.291350798040155,pure_effective_gradient_flow,False,False,5.291350798040155,0.0,0.0,0.48103189073092345,6.236675640926936,4.270575958082005,-0.30537671271823236,False,conditioning,,no_initial_region,conditioning,0.0,0.0,0,,,,,,,,,,,,,,,,,,,,,,
/workspace/junmiaoh/experiments/precision-mlps/mechanism-0365cd3-20260923/evidence/polynomial_confirmation/fork_inputs/N512.npz,0,ab02f2f7fc2506622d765c20792282a570ef32fdb32a1acdf225dc54ec8bd0c1,moment5,32,20000,1.25,6.01289863413654,pure_effective_gradient_flow,False,False,6.01289863413654,0.0,0.0,1.2025797268273077,6.236675640926936,4.270575958082005,-0.6000436438519705,False,conditioning,,no_initial_region,conditioning,0.0,0.0,0,,,,,,,,,,,,,,,,,,,,,,
/workspace/junmiaoh/experiments/precision-mlps/mechanism-0365cd3-20260923/evidence/polynomial_confirmation/fork_inputs/N512.npz,0,ab02f2f7fc2506622d765c20792282a570ef32fdb32a1acdf225dc54ec8bd0c1,moment5,32,20000,1.5,7.215478360963848,pure_effective_gradient_flow,False,False,7.215478360963848,0.0,0.0,2.4051594536546164,6.236675640926936,4.270575958082005,-1.2735088521393476,False,conditioning,,no_initial_region,conditioning,0.0,0.0,0,,,,,,,,,,,,,,,,,,,,,,
/workspace/junmiaoh/experiments/precision-mlps/mechanism-0365cd3-20260923/evidence/polynomial_confirmation/fork_inputs/N512.npz,0,ab02f2f7fc2506622d765c20792282a570ef32fdb32a1acdf225dc54ec8bd0c1,moment5,32,20000,2.0,9.620637814618464,pure_effective_gradient_flow,False,False,9.620637814618464,0.0,0.0,4.810318907309232,6.236675640926936,4.270575958082005,-3.464120958216968,False,conditioning,,no_initial_region,conditioning,0.0,0.0,0,,,,,,,,,,,,,,,,,,,,,,
/workspace/junmiaoh/experiments/precision-mlps/mechanism-0365cd3-20260923/evidence/polynomial_confirmation/fork_inputs/N512.npz,1,2278a5bc0c9623a08151236009631d7e984f72e58d24752f931535ee5292c847,mixed_sine,32,20000,1.01,4.54481155915871,pure_effective_gradient_flow,False,False,4.54481155915871,0.0,0.0,0.044998134249095934,6.2071345797704165,4.253214597535271,-0.07436784074678515,False,conditioning,,no_initial_region,conditioning,0.0,0.0,0,,,,,,,,,,,,,,,,,,,,,,
/workspace/junmiaoh/experiments/precision-mlps/mechanism-0365cd3-20260923/evidence/polynomial_confirmation/fork_inputs/N512.npz,1,2278a5bc0c9623a08151236009631d7e984f72e58d24752f931535ee5292c847,mixed_sine,32,20000,1.025,4.612308760532354,pure_effective_gradient_flow,False,False,4.612308760532354,0.0,0.0,0.11249533562274028,6.2071345797704165,4.253214597535271,-0.09243146429087712,False,conditioning,,no_initial_region,conditioning,0.0,0.0,0,,,,,,,,,,,,,,,,,,,,,,
/workspace/junmiaoh/experiments/precision-mlps/mechanism-0365cd3-20260923/evidence/polynomial_confirmation/fork_inputs/N512.npz,1,2278a5bc0c9623a08151236009631d7e984f72e58d24752f931535ee5292c847,mixed_sine,32,20000,1.05,4.724804096155094,pure_effective_gradient_flow,False,False,4.724804096155094,0.0,0.0,0.22499067124548056,6.2071345797704165,4.253214597535271,-0.12373361272129585,False,conditioning,,no_initial_region,conditioning,0.0,0.0,0,,,,,,,,,,,,,,,,,,,,,,
/workspace/junmiaoh/experiments/precision-mlps/mechanism-0365cd3-20260923/evidence/polynomial_confirmation/fork_inputs/N512.npz,1,2278a5bc0c9623a08151236009631d7e984f72e58d24752f931535ee5292c847,mixed_sine,32,20000,1.1,4.949794767400576,pure_effective_gradient_flow,False,False,4.949794767400576,0.0,0.0,0.449981342490962,6.2071345797704165,4.253214597535271,-0.19095417377876206,False,conditioning,,no_initial_region,conditioning,0.0,0.0,0,,,,,,,,,,,,,,,,,,,,,,
/workspace/junmiaoh/experiments/precision-mlps/mechanism-0365cd3-20260923/evidence/polynomial_confirmation/fork_inputs/N512.npz,1,2278a5bc0c9623a08151236009631d7e984f72e58d24752f931535ee5292c847,mixed_sine,32,20000,1.25,5.6247667811370174,pure_effective_gradient_flow,False,False,5.6247667811370174,0.0,0.0,1.1249533562274037,6.2071345797704165,4.253214597535271,-0.43216306518684294,False,conditioning,,no_initial_region,conditioning,0.0,0.0,0,,,,,,,,,,,,,,,,,,,,,,
/workspace/junmiaoh/experiments/precision-mlps/mechanism-0365cd3-20260923/evidence/polynomial_confirmation/fork_inputs/N512.npz,1,2278a5bc0c9623a08151236009631d7e984f72e58d24752f931535ee5292c847,mixed_sine,32,20000,1.5,6.74972013736442,pure_effective_gradient_flow,False,False,6.74972013736442,0.0,0.0,2.2499067124548064,6.2071345797704165,4.253214597535271,-0.983449209403624,False,conditioning,,no_initial_region,conditioning,0.0,0.0,0,,,,,,,,,,,,,,,,,,,,,,
/workspace/junmiaoh/experiments/precision-mlps/mechanism-0365cd3-20260923/evidence/polynomial_confirmation/fork_inputs/N512.npz,1,2278a5bc0c9623a08151236009631d7e984f72e58d24752f931535ee5292c847,mixed_sine,32,20000,2.0,8.999626849819228,pure_effective_gradient_flow,False,False,8.999626849819228,0.0,0.0,4.499813424909614,6.2071345797704165,4.253214597535271,-2.776643700482385,False,conditioning,,no_initial_region,conditioning,0.0,0.0,0,,,,,,,,,,,,,,,,,,,,,,
/workspace/junmiaoh/experiments/precision-mlps/mechanism-0365cd3-20260923/evidence/polynomial_confirmation/fork_inputs/N512.npz,2,2c615e75b847900c704dc887f41f66507fcaf9a8582a361374f53817c7405d92,gauss_left,32,20000,1.01,5.044459809059408,pure_effective_gradient_flow,False,False,5.044459809059408,0.0,0.0,0.04994514662435101,6.256461945997339,4.257475841764945,-0.22215930446915982,False,conditioning,,no_initial_region,conditioning,0.0,0.0,0,,,,,,,,,,,,,,,,,,,,,,
/workspace/junmiaoh/experiments/precision-mlps/mechanism-0365cd3-20260923/evidence/polynomial_confirmation/fork_inputs/N512.npz,2,2c615e75b847900c704dc887f41f66507fcaf9a8582a361374f53817c7405d92,gauss_left,32,20000,1.025,5.1193775289959325,pure_effective_gradient_flow,False,False,5.1193775289959325,0.0,0.0,0.12486286656087575,6.256461945997339,4.257475841764945,-0.24685954769587243,False,conditioning,,no_initial_region,conditioning,0.0,0.0,0,,,,,,,,,,,,,,,,,,,,,,
/workspace/junmiaoh/experiments/precision-mlps/mechanism-0365cd3-20260923/evidence/polynomial_confirmation/fork_inputs/N512.npz,2,2c615e75b847900c704dc887f41f66507fcaf9a8582a361374f53817c7405d92,gauss_left,32,20000,1.05,5.24424039555681,pure_effective_gradient_flow,False,False,5.24424039555681,0.0,0.0,0.24972573312175328,6.256461945997339,4.257475841764945,-0.2896621823866787,False,conditioning,,no_initial_region,conditioning,0.0,0.0,0,,,,,,,,,,,,,,,,,,,,,,
/workspace/junmiaoh/experiments/precision-mlps/mechanism-0365cd3-20260923/evidence/polynomial_confirmation/fork_inputs/N512.npz,2,2c615e75b847900c704dc887f41f66507fcaf9a8582a361374f53817c7405d92,gauss_left,32,20000,1.1,5.493966128678562,pure_effective_gradient_flow,False,False,5.493966128678562,0.0,0.0,0.49945146624350567,6.256461945997339,4.257475841764945,-0.3815797427755278,False,conditioning,,no_initial_region,conditioning,0.0,0.0,0,,,,,,,,,,,,,,,,,,,,,,
/workspace/junmiaoh/experiments/precision-mlps/mechanism-0365cd3-20260923/evidence/polynomial_confirmation/fork_inputs/N512.npz,2,2c615e75b847900c704dc887f41f66507fcaf9a8582a361374f53817c7405d92,gauss_left,32,20000,1.25,6.243143328043821,pure_effective_gradient_flow,False,False,6.243143328043821,0.0,0.0,1.2486286656087646,6.256461945997339,4.257475841764945,-0.7114093736733669,False,conditioning,,no_initial_region,conditioning,0.0,0.0,0,,,,,,,,,,,,,,,,,,,,,,
/workspace/junmiaoh/experiments/precision-mlps/mechanism-0365cd3-20260923/evidence/polynomial_confirmation/fork_inputs/N512.npz,2,2c615e75b847900c704dc887f41f66507fcaf9a8582a361374f53817c7405d92,gauss_left,32,20000,1.5,7.491771993652585,pure_effective_gradient_flow,False,False,7.491771993652585,0.0,0.0,2.4972573312175284,6.256461945997339,4.257475841764945,-1.4652394020966977,False,conditioning,,no_initial_region,conditioning,0.0,0.0,0,,,,,,,,,,,,,,,,,,,,,,
/workspace/junmiaoh/experiments/precision-mlps/mechanism-0365cd3-20260923/evidence/polynomial_confirmation/fork_inputs/N512.npz,2,2c615e75b847900c704dc887f41f66507fcaf9a8582a361374f53817c7405d92,gauss_left,32,20000,2.0,9.989029324870113,pure_effective_gradient_flow,False,False,9.989029324870113,0.0,0.0,4.994514662435057,6.256461945997339,4.257475841764945,-3.9172579560890703,False,conditioning,,no_initial_region,conditioning,0.0,0.0,0,,,,,,,,,,,,,,,,,,,,,,
/workspace/junmiaoh/experiments/precision-mlps/mechanism-0365cd3-20260923/evidence/polynomial_confirmation/fork_inputs/N512.npz,3,42e782ef3bc7b294de2ace7c4afff8503ef665400bc04469826f4a04740c8390,bump_right,32,20000,1.01,4.93423769926723,pure_effective_gradient_flow,False,False,4.93423769926723,0.0,0.0,0.04885383860660664,6.1454714983017675,4.164809074368704,-0.18801097181219723,False,conditioning,,no_initial_region,conditioning,0.0,0.0,0,,,,,,,,,,,,,,,,,,,,,,
/workspace/junmiaoh/experiments/precision-mlps/mechanism-0365cd3-20260923/evidence/polynomial_confirmation/fork_inputs/N512.npz,3,42e782ef3bc7b294de2ace7c4afff8503ef665400bc04469826f4a04740c8390,bump_right,32,20000,1.025,5.007518457177139,pure_effective_gradient_flow,False,False,5.007518457177139,0.0,0.0,0.12213459651651526,6.1454714983017675,4.164809074368704,-0.21112722446824,False,conditioning,,no_initial_region,conditioning,0.0,0.0,0,,,,,,,,,,,,,,,,,,,,,,
/workspace/junmiaoh/experiments/precision-mlps/mechanism-0365cd3-20260923/evidence/polynomial_confirmation/fork_inputs/N512.npz,3,42e782ef3bc7b294de2ace7c4afff8503ef665400bc04469826f4a04740c8390,bump_right,32,20000,1.05,5.129653053693655,pure_effective_gradient_flow,False,False,5.129653053693655,0.0,0.0,0.2442691930330314,6.1454714983017675,4.164809074368704,-0.25118498862770117,False,conditioning,,no_initial_region,conditioning,0.0,0.0,0,,,,,,,,,,,,,,,,,,,,,,
/workspace/junmiaoh/experiments/precision-mlps/mechanism-0365cd3-20260923/evidence/polynomial_confirmation/fork_inputs/N512.npz,3,42e782ef3bc7b294de2ace7c4afff8503ef665400bc04469826f4a04740c8390,bump_right,32,20000,1.1,5.3739222467266865,pure_effective_gradient_flow,False,False,5.3739222467266865,0.0,0.0,0.4885383860660628,6.1454714983017675,4.164809074368704,-0.3372080099385932,False,conditioning,,no_initial_region,conditioning,0.0,0.0,0,,,,,,,,,,,,,,,,,,,,,,
/workspace/junmiaoh/experiments/precision-mlps/mechanism-0365cd3-20260923/evidence/polynomial_confirmation/fork_inputs/N512.npz,3,42e782ef3bc7b294de2ace7c4afff8503ef665400bc04469826f4a04740c8390,bump_right,32,20000,1.25,6.10672982582578,pure_effective_gradient_flow,False,False,6.10672982582578,0.0,0.0,1.2213459651651561,6.1454714983017675,4.164809074368704,-0.6458861476922404,False,conditioning,,no_initial_region,conditioning,0.0,0.0,0,,,,,,,,,,,,,,,,,,,,,,
/workspace/junmiaoh/experiments/precision-mlps/mechanism-0365cd3-20260923/evidence/polynomial_confirmation/fork_inputs/N512.npz,3,42e782ef3bc7b294de2ace7c4afff8503ef665400bc04469826f4a04740c8390,bump_right,32,20000,1.5,7.328075790990935,pure_effective_gradient_flow,False,False,7.328075790990935,0.0,0.0,2.4426919303303114,6.1454714983017675,4.164809074368704,-1.3513741559196333,False,conditioning,,no_initial_region,conditioning,0.0,0.0,0,,,,,,,,,,,,,,,,,,,,,,
/workspace/junmiaoh/experiments/precision-mlps/mechanism-0365cd3-20260923/evidence/polynomial_confirmation/fork_inputs/N512.npz,3,42e782ef3bc7b294de2ace7c4afff8503ef665400bc04469826f4a04740c8390,bump_right,32,20000,2.0,9.770767721321247,pure_effective_gradient_flow,False,False,9.770767721321247,0.0,0.0,4.885383860660624,6.1454714983017675,4.164809074368704,-3.646148336527419,False,conditioning,,no_initial_region,conditioning,0.0,0.0,0,,,,,,,,,,,,,,,,,,,,,,
/workspace/junmiaoh/experiments/precision-mlps/mechanism-0365cd3-20260923/evidence/polynomial_confirmation/fork_inputs/N512.npz,4,3a706d044f47d57aac505f2ac9fadf50d63c4f22567e01946d5b0f1bb813ac1e,step_right,32,20000,1.01,5.555775078210323,pure_effective_gradient_flow,False,False,5.555775078210323,0.0,0.0,0.05500767404168627,6.917303067474931,4.9445181607338275,-0.3964150795171957,False,conditioning,,no_initial_region,conditioning,0.0,0.0,0,,,,,,,,,,,,,,,,,,,,,,
/workspace/junmiaoh/experiments/precision-mlps/mechanism-0365cd3-20260923/evidence/polynomial_confirmation/fork_inputs/N512.npz,4,3a706d044f47d57aac505f2ac9fadf50d63c4f22567e01946d5b0f1bb813ac1e,step_right,32,20000,1.025,5.638286589272853,pure_effective_gradient_flow,False,False,5.638286589272853,0.0,0.0,0.13751918510421568,6.917303067474931,4.9445181607338275,-0.429413351446691,False,conditioning,,no_initial_region,conditioning,0.0,0.0,0,,,,,,,,,,,,,,,,,,,,,,
/workspace/junmiaoh/experiments/precision-mlps/mechanism-0365cd3-20260923/evidence/polynomial_confirmation/fork_inputs/N512.npz,4,3a706d044f47d57aac505f2ac9fadf50d63c4f22567e01946d5b0f1bb813ac1e,step_right,32,20000,1.05,5.775805774377069,pure_effective_gradient_flow,False,False,5.775805774377069,0.0,0.0,0.27503837020843225,6.917303067474931,4.9445181607338275,-0.48659550005398033,False,conditioning,,no_initial_region,conditioning,0.0,0.0,0,,,,,,,,,,,,,,,,,,,,,,
/workspace/junmiaoh/experiments/precision-mlps/mechanism-0365cd3-20260923/evidence/polynomial_confirmation/fork_inputs/N512.npz,4,3a706d044f47d57aac505f2ac9fadf50d63c4f22567e01946d5b0f1bb813ac1e,step_right,32,20000,1.1,6.0508441445855015,pure_effective_gradient_flow,False,False,6.0508441445855015,0.0,0.0,0.5500767404168645,6.917303067474931,4.9445181607338275,-0.6093926978373128,False,conditioning,,no_initial_region,conditioning,0.0,0.0,0,,,,,,,,,,,,,,,,,,,,,,
/workspace/junmiaoh/experiments/precision-mlps/mechanism-0365cd3-20260923/evidence/polynomial_confirmation/fork_inputs/N512.npz,4,3a706d044f47d57aac505f2ac9fadf50d63c4f22567e01946d5b0f1bb813ac1e,step_right,32,20000,1.25,6.875959255210796,pure_effective_gradient_flow,False,False,6.875959255210796,0.0,0.0,1.3751918510421595,6.917303067474931,4.9445181607338275,-1.0500283527527017,False,conditioning,,no_initial_region,conditioning,0.0,0.0,0,,,,,,,,,,,,,,,,,,,,,,
/workspace/junmiaoh/experiments/precision-mlps/mechanism-0365cd3-20260923/evidence/polynomial_confirmation/fork_inputs/N512.npz,4,3a706d044f47d57aac505f2ac9fadf50d63c4f22567e01946d5b0f1bb813ac1e,step_right,32,20000,1.5,8.251151106252955,pure_effective_gradient_flow,False,False,8.251151106252955,0.0,0.0,2.750383702084318,6.917303067474931,4.9445181607338275,-2.0571070295987033,False,conditioning,,no_initial_region,conditioning,0.0,0.0,0,,,,,,,,,,,,,,,,,,,,,,
/workspace/junmiaoh/experiments/precision-mlps/mechanism-0365cd3-20260923/evidence/polynomial_confirmation/fork_inputs/N512.npz,4,3a706d044f47d57aac505f2ac9fadf50d63c4f22567e01946d5b0f1bb813ac1e,step_right,32,20000,2.0,11.001534808337274,pure_effective_gradient_flow,False,False,11.001534808337274,0.0,0.0,5.500767404168637,6.917303067474931,4.9445181607338275,-5.332879429009876,False,conditioning,,no_initial_region,conditioning,0.0,0.0,0,,,,,,,,,,,,,,,,,,,,,,
/workspace/junmiaoh/experiments/precision-mlps/mechanism-0365cd3-20260923/evidence/polynomial_confirmation/fork_inputs/N512.npz,5,47b6b39e5247fbefe4717d98a4e9fed7f0f9eccd6b40679742c65e815b44f6b6,kink_abs,32,20000,1.01,4.826229459303218,pure_effective_gradient_flow,False,False,4.826229459303218,0.0,0.0,0.047784450092111186,6.301818489441886,4.243959997169287,-0.15588526439576333,False,conditioning,,no_initial_region,conditioning,0.0,0.0,0,,,,,,,,,,,,,,,,,,,,,,
/workspace/junmiaoh/experiments/precision-mlps/mechanism-0365cd3-20260923/evidence/polynomial_confirmation/fork_inputs/N512.npz,5,47b6b39e5247fbefe4717d98a4e9fed7f0f9eccd6b40679742c65e815b44f6b6,kink_abs,32,20000,1.025,4.897906134441384,pure_effective_gradient_flow,False,False,4.897906134441384,0.0,0.0,0.11946112523027708,6.301818489441886,4.243959997169287,-0.17751649015591614,False,conditioning,,no_initial_region,conditioning,0.0,0.0,0,,,,,,,,,,,,,,,,,,,,,,
/workspace/junmiaoh/experiments/precision-mlps/mechanism-0365cd3-20260923/evidence/polynomial_confirmation/fork_inputs/N512.npz,5,47b6b39e5247fbefe4717d98a4e9fed7f0f9eccd6b40679742c65e815b44f6b6,kink_abs,32,20000,1.05,5.017367259671663,pure_effective_gradient_flow,False,False,5.017367259671663,0.0,0.0,0.23892225046055593,6.301818489441886,4.243959997169287,-0.21500087626612552,False,conditioning,,no_initial_region,conditioning,0.0,0.0,0,,,,,,,,,,,,,,,,,,,,,,
/workspace/junmiaoh/experiments/precision-mlps/mechanism-0365cd3-20260923/evidence/polynomial_confirmation/fork_inputs/N512.npz,5,47b6b39e5247fbefe4717d98a4e9fed7f0f9eccd6b40679742c65e815b44f6b6,kink_abs,32,20000,1.1,5.256289510132218,pure_effective_gradient_flow,False,False,5.256289510132218,0.0,0.0,0.47784450092111097,6.301818489441886,4.243959997169287,-0.2954976342066866,False,conditioning,,no_initial_region,conditioning,0.0,0.0,0,,,,,,,,,,,,,,,,,,,,,,
/workspace/junmiaoh/experiments/precision-mlps/mechanism-0365cd3-20260923/evidence/polynomial_confirmation/fork_inputs/N512.npz,5,47b6b39e5247fbefe4717d98a4e9fed7f0f9eccd6b40679742c65e815b44f6b6,kink_abs,32,20000,1.25,5.973056261513884,pure_effective_gradient_flow,False,False,5.973056261513884,0.0,0.0,1.194611252302777,6.301818489441886,4.243959997169287,-0.5843457699458162,False,conditioning,,no_initial_region,conditioning,0.0,0.0,0,,,,,,,,,,,,,,,,,,,,,,
/workspace/junmiaoh/experiments/precision-mlps/mechanism-0365cd3-20260923/evidence/polynomial_confirmation/fork_inputs/N512.npz,5,47b6b39e5247fbefe4717d98a4e9fed7f0f9eccd6b40679742c65e815b44f6b6,kink_abs,32,20000,1.5,7.16766751381666,pure_effective_gradient_flow,False,False,7.16766751381666,0.0,0.0,2.389222504605553,6.301818489441886,4.243959997169287,-1.2445120436111967,False,conditioning,,no_initial_region,conditioning,0.0,0.0,0,,,,,,,,,,,,,,,,,,,,,,
/workspace/junmiaoh/experiments/precision-mlps/mechanism-0365cd3-20260923/evidence/polynomial_confirmation/fork_inputs/N512.npz,5,47b6b39e5247fbefe4717d98a4e9fed7f0f9eccd6b40679742c65e815b44f6b6,kink_abs,32,20000,2.0,9.556890018422214,pure_effective_gradient_flow,False,False,9.556890018422214,0.0,0.0,4.778445009211107,6.301818489441886,4.243959997169287,-3.3918660766326556,False,conditioning,,no_initial_region,conditioning,0.0,0.0,0,,,,,,,,,,,,,,,,,,,,,,
/workspace/junmiaoh/experiments/precision-mlps/mechanism-0365cd3-20260923/evidence/polynomial_confirmation/fork_inputs/N512.npz,6,c32bc9dab5709b87fa177ff5f12c616917972cd6fc6cd0bf083c4d91824fd36c,moment5,33,20000,1.01,4.6833819764213676,pure_effective_gradient_flow,False,False,4.6833819764213676,0.0,0.0,0.04637011857842932,6.342930502836976,4.275337110213154,-0.11443808760976215,False,conditioning,,no_initial_region,conditioning,0.0,0.0,0,,,,,,,,,,,,,,,,,,,,,,
/workspace/junmiaoh/experiments/precision-mlps/mechanism-0365cd3-20260923/evidence/polynomial_confirmation/fork_inputs/N512.npz,6,c32bc9dab5709b87fa177ff5f12c616917972cd6fc6cd0bf083c4d91824fd36c,moment5,33,20000,1.025,4.752937154289011,pure_effective_gradient_flow,False,False,4.752937154289011,0.0,0.0,0.11592529644607286,6.342930502836976,4.275337110213154,-0.1342048695809921,False,conditioning,,no_initial_region,conditioning,0.0,0.0,0,,,,,,,,,,,,,,,,,,,,,,
/workspace/junmiaoh/experiments/precision-mlps/mechanism-0365cd3-20260923/evidence/polynomial_confirmation/fork_inputs/N512.npz,6,c32bc9dab5709b87fa177ff5f12c616917972cd6fc6cd0bf083c4d91824fd36c,moment5,33,20000,1.05,4.868862450735086,pure_effective_gradient_flow,False,False,4.868862450735086,0.0,0.0,0.2318505928921475,6.342930502836976,4.275337110213154,-0.1684583925103687,False,conditioning,,no_initial_region,conditioning,0.0,0.0,0,,,,,,,,,,,,,,,,,,,,,,
/workspace/junmiaoh/experiments/precision-mlps/mechanism-0365cd3-20260923/evidence/polynomial_confirmation/fork_inputs/N512.npz,6,c32bc9dab5709b87fa177ff5f12c616917972cd6fc6cd0bf083c4d91824fd36c,moment5,33,20000,1.1,5.100713043627232,pure_effective_gradient_flow,False,False,5.100713043627232,0.0,0.0,0.4637011857842941,6.342930502836976,4.275337110213154,-0.24201695462075334,False,conditioning,,no_initial_region,conditioning,0.0,0.0,0,,,,,,,,,,,,,,,,,,,,,,
/workspace/junmiaoh/experiments/precision-mlps/mechanism-0365cd3-20260923/evidence/polynomial_confirmation/fork_inputs/N512.npz,6,c32bc9dab5709b87fa177ff5f12c616917972cd6fc6cd0bf083c4d91824fd36c,moment5,33,20000,1.25,5.796264822303673,pure_effective_gradient_flow,False,False,5.796264822303673,0.0,0.0,1.1592529644607348,6.342930502836976,4.275337110213154,-0.5059686226981758,False,conditioning,,no_initial_region,conditioning,0.0,0.0,0,,,,,,,,,,,,,,,,,,,,,,
/workspace/junmiaoh/experiments/precision-mlps/mechanism-0365cd3-20260923/evidence/polynomial_confirmation/fork_inputs/N512.npz,6,c32bc9dab5709b87fa177ff5f12c616917972cd6fc6cd0bf083c4d91824fd36c,moment5,33,20000,1.5,6.955517786764407,pure_effective_gradient_flow,False,False,6.955517786764407,0.0,0.0,2.3185059289214687,6.342930502836976,4.275337110213154,-1.1092336868694994,False,conditioning,,no_initial_region,conditioning,0.0,0.0,0,,,,,,,,,,,,,,,,,,,,,,
/workspace/junmiaoh/experiments/precision-mlps/mechanism-0365cd3-20260923/evidence/polynomial_confirmation/fork_inputs/N512.npz,6,c32bc9dab5709b87fa177ff5f12c616917972cd6fc6cd0bf083c4d91824fd36c,moment5,33,20000,2.0,9.274023715685876,pure_effective_gradient_flow,False,False,9.274023715685876,0.0,0.0,4.637011857842938,6.342930502836976,4.275337110213154,-3.071502467031169,False,conditioning,,no_initial_region,conditioning,0.0,0.0,0,,,,,,,,,,,,,,,,,,,,,,
/workspace/junmiaoh/experiments/precision-mlps/mechanism-0365cd3-20260923/evidence/polynomial_confirmation/fork_inputs/N512.npz,7,a0703f5609dac6f18dc772f580adc2262be33ac8b577ea713b9889c8a56bdc87,mixed_sine,33,20000,1.01,4.338812510758435,pure_effective_gradient_flow,False,False,4.338812510758435,0.0,0.0,0.04295853971047947,6.314692991886577,4.25901127331374,-0.024829942231980262,False,conditioning,,no_initial_region,conditioning,0.0,0.0,0,,,,,,,,,,,,,,,,,,,,,,
/workspace/junmiaoh/experiments/precision-mlps/mechanism-0365cd3-20260923/evidence/polynomial_confirmation/fork_inputs/N512.npz,7,a0703f5609dac6f18dc772f580adc2262be33ac8b577ea713b9889c8a56bdc87,mixed_sine,33,20000,1.025,4.403250320324155,pure_effective_gradient_flow,False,False,4.403250320324155,0.0,0.0,0.10739634927619868,6.314692991886577,4.25901127331374,-0.04054695053027135,False,conditioning,,no_initial_region,conditioning,0.0,0.0,0,,,,,,,,,,,,,,,,,,,,,,
/workspace/junmiaoh/experiments/precision-mlps/mechanism-0365cd3-20260923/evidence/polynomial_confirmation/fork_inputs/N512.npz,7,a0703f5609dac6f18dc772f580adc2262be33ac8b577ea713b9889c8a56bdc87,mixed_sine,33,20000,1.05,4.510646669600354,pure_effective_gradient_flow,False,False,4.510646669600354,0.0,0.0,0.21479269855239824,6.314692991886577,4.25901127331374,-0.06778268899848933,False,conditioning,,no_initial_region,conditioning,0.0,0.0,0,,,,,,,,,,,,,,,,,,,,,,
/workspace/junmiaoh/experiments/precision-mlps/mechanism-0365cd3-20260923/evidence/polynomial_confirmation/fork_inputs/N512.npz,7,a0703f5609dac6f18dc772f580adc2262be33ac8b577ea713b9889c8a56bdc87,mixed_sine,33,20000,1.1,4.725439368152752,pure_effective_gradient_flow,False,False,4.725439368152752,0.0,0.0,0.4295853971047956,6.314692991886577,4.25901127331374,-0.1262707389391406,False,conditioning,,no_initial_region,conditioning,0.0,0.0,0,,,,,,,,,,,,,,,,,,,,,,
/workspace/junmiaoh/experiments/precision-mlps/mechanism-0365cd3-20260923/evidence/polynomial_confirmation/fork_inputs/N512.npz,7,a0703f5609dac6f18dc772f580adc2262be33ac8b577ea713b9889c8a56bdc87,mixed_sine,33,20000,1.25,5.3698174638099445,pure_effective_gradient_flow,False,False,5.3698174638099445,0.0,0.0,1.0739634927619885,6.314692991886577,4.25901127331374,-0.33614458504917794,False,conditioning,,no_initial_region,conditioning,0.0,0.0,0,,,,,,,,,,,,,,,,,,,,,,
/workspace/junmiaoh/experiments/precision-mlps/mechanism-0365cd3-20260923/evidence/polynomial_confirmation/fork_inputs/N512.npz,7,a0703f5609dac6f18dc772f580adc2262be33ac8b577ea713b9889c8a56bdc87,mixed_sine,33,20000,1.5,6.443780956571934,pure_effective_gradient_flow,False,False,6.443780956571934,0.0,0.0,2.147926985523978,6.314692991886577,4.25901127331374,-0.8158140645552412,False,conditioning,,no_initial_region,conditioning,0.0,0.0,0,,,,,,,,,,,,,,,,,,,,,,
/workspace/junmiaoh/experiments/precision-mlps/mechanism-0365cd3-20260923/evidence/polynomial_confirmation/fork_inputs/N512.npz,7,a0703f5609dac6f18dc772f580adc2262be33ac8b577ea713b9889c8a56bdc87,mixed_sine,33,20000,2.0,8.591707942095912,pure_effective_gradient_flow,False,False,8.591707942095912,0.0,0.0,4.295853971047956,6.314692991886577,4.25901127331374,-2.3760576462452923,False,conditioning,,no_initial_region,conditioning,0.0,0.0,0,,,,,,,,,,,,,,,,,,,,,,
/workspace/junmiaoh/experiments/precision-mlps/mechanism-0365cd3-20260923/evidence/polynomial_confirmation/fork_inputs/N512.npz,8,13d631cd5ccbc526b061e5da90821a47102e16021ef332c3934994a2397952e7,gauss_left,33,20000,1.01,4.780260152259404,pure_effective_gradient_flow,False,False,4.780260152259404,0.0,0.0,0.04732930843821226,6.352031311937998,4.254436989208866,-0.14313344163900138,False,conditioning,,no_initial_region,conditioning,0.0,0.0,0,,,,,,,,,,,,,,,,,,,,,,
/workspace/junmiaoh/experiments/precision-mlps/mechanism-0365cd3-20260923/evidence/polynomial_confirmation/fork_inputs/N512.npz,8,13d631cd5ccbc526b061e5da90821a47102e16021ef332c3934994a2397952e7,gauss_left,33,20000,1.025,4.851254114916721,pure_effective_gradient_flow,False,False,4.851254114916721,0.0,0.0,0.11832327109552931,6.352031311937998,4.254436989208866,-0.16415243092185688,False,conditioning,,no_initial_region,conditioning,0.0,0.0,0,,,,,,,,,,,,,,,,,,,,,,
/workspace/junmiaoh/experiments/precision-mlps/mechanism-0365cd3-20260923/evidence/polynomial_confirmation/fork_inputs/N512.npz,8,13d631cd5ccbc526b061e5da90821a47102e16021ef332c3934994a2397952e7,gauss_left,33,20000,1.05,4.969577386012252,pure_effective_gradient_flow,False,False,4.969577386012252,0.0,0.0,0.23664654219105952,6.352031311937998,4.254436989208866,-0.20057588277155658,False,conditioning,,no_initial_region,conditioning,0.0,0.0,0,,,,,,,,,,,,,,,,,,,,,,
/workspace/junmiaoh/experiments/precision-mlps/mechanism-0365cd3-20260923/evidence/polynomial_confirmation/fork_inputs/N512.npz,8,13d631cd5ccbc526b061e5da90821a47102e16021ef332c3934994a2397952e7,gauss_left,33,20000,1.1,5.206223928203312,pure_effective_gradient_flow,False,False,5.206223928203312,0.0,0.0,0.4732930843821199,6.352031311937998,4.254436989208866,-0.2787943115937489,False,conditioning,,no_initial_region,conditioning,0.0,0.0,0,,,,,,,,,,,,,,,,,,,,,,
/workspace/junmiaoh/experiments/precision-mlps/mechanism-0365cd3-20260923/evidence/polynomial_confirmation/fork_inputs/N512.npz,8,13d631cd5ccbc526b061e5da90821a47102e16021ef332c3934994a2397952e7,gauss_left,33,20000,1.25,5.916163554776491,pure_effective_gradient_flow,False,False,5.916163554776491,0.0,0.0,1.1832327109552985,6.352031311937998,4.254436989208866,-0.5594670731280313,False,conditioning,,no_initial_region,conditioning,0.0,0.0,0,,,,,,,,,,,,,,,,,,,,,,
/workspace/junmiaoh/experiments/precision-mlps/mechanism-0365cd3-20260923/evidence/polynomial_confirmation/fork_inputs/N512.npz,8,13d631cd5ccbc526b061e5da90821a47102e16021ef332c3934994a2397952e7,gauss_left,33,20000,1.5,7.099396265731788,pure_effective_gradient_flow,False,False,7.099396265731788,0.0,0.0,2.366465421910596,6.352031311937998,4.254436989208866,-1.200948419813276,False,conditioning,,no_initial_region,conditioning,0.0,0.0,0,,,,,,,,,,,,,,,,,,,,,,
/workspace/junmiaoh/experiments/precision-mlps/mechanism-0365cd3-20260923/evidence/polynomial_confirmation/fork_inputs/N512.npz,8,13d631cd5ccbc526b061e5da90821a47102e16021ef332c3934994a2397952e7,gauss_left,33,20000,2.0,9.465861687642384,pure_effective_gradient_flow,False,False,9.465861687642384,0.0,0.0,4.732930843821192,6.352031311937998,4.254436989208866,-3.2875251079323142,False,conditioning,,no_initial_region,conditioning,0.0,0.0,0,,,,,,,,,,,,,,,,,,,,,,
/workspace/junmiaoh/experiments/precision-mlps/mechanism-0365cd3-20260923/evidence/polynomial_confirmation/fork_inputs/N512.npz,9,ba431257c56b7202aaa432a1f5794f73ad5da125b11d2cf9ea61b339f622b2ae,bump_right,33,20000,1.01,4.718958259011249,pure_effective_gradient_flow,False,False,4.718958259011249,0.0,0.0,0.046722359000111346,6.246006073044127,4.165379351466408,-0.12637234402131664,False,conditioning,,no_initial_region,conditioning,0.0,0.0,0,,,,,,,,,,,,,,,,,,,,,,
/workspace/junmiaoh/experiments/precision-mlps/mechanism-0365cd3-20260923/evidence/polynomial_confirmation/fork_inputs/N512.npz,9,ba431257c56b7202aaa432a1f5794f73ad5da125b11d2cf9ea61b339f622b2ae,bump_right,33,20000,1.025,4.789041797511415,pure_effective_gradient_flow,False,False,4.789041797511415,0.0,0.0,0.11680589750027792,6.246006073044127,4.165379351466408,-0.1465930185468297,False,conditioning,,no_initial_region,conditioning,0.0,0.0,0,,,,,,,,,,,,,,,,,,,,,,
/workspace/junmiaoh/experiments/precision-mlps/mechanism-0365cd3-20260923/evidence/polynomial_confirmation/fork_inputs/N512.npz,9,ba431257c56b7202aaa432a1f5794f73ad5da125b11d2cf9ea61b339f622b2ae,bump_right,33,20000,1.05,4.905847695011694,pure_effective_gradient_flow,False,False,4.905847695011694,0.0,0.0,0.23361179500055673,6.246006073044127,4.165379351466408,-0.1816330842244509,False,conditioning,,no_initial_region,conditioning,0.0,0.0,0,,,,,,,,,,,,,,,,,,,,,,
/workspace/junmiaoh/experiments/precision-mlps/mechanism-0365cd3-20260923/evidence/polynomial_confirmation/fork_inputs/N512.npz,9,ba431257c56b7202aaa432a1f5794f73ad5da125b11d2cf9ea61b339f622b2ae,bump_right,33,20000,1.1,5.139459490012252,pure_effective_gradient_flow,False,False,5.139459490012252,0.0,0.0,0.46722359000111435,6.246006073044127,4.165379351466408,-0.2568807267169775,False,conditioning,,no_initial_region,conditioning,0.0,0.0,0,,,,,,,,,,,,,,,,,,,,,,
/workspace/junmiaoh/experiments/precision-mlps/mechanism-0365cd3-20260923/evidence/polynomial_confirmation/fork_inputs/N512.npz,9,ba431257c56b7202aaa432a1f5794f73ad5da125b11d2cf9ea61b339f622b2ae,bump_right,33,20000,1.25,5.840294875013922,pure_effective_gradient_flow,False,False,5.840294875013922,0.0,0.0,1.1680589750027845,6.246006073044127,4.165379351466408,-0.5268933559060928,False,conditioning,,no_initial_region,conditioning,0.0,0.0,0,,,,,,,,,,,,,,,,,,,,,,
/workspace/junmiaoh/experiments/precision-mlps/mechanism-0365cd3-20260923/evidence/polynomial_confirmation/fork_inputs/N512.npz,9,ba431257c56b7202aaa432a1f5794f73ad5da125b11d2cf9ea61b339f622b2ae,bump_right,33,20000,1.5,7.0083538500167055,pure_effective_gradient_flow,False,False,7.0083538500167055,0.0,0.0,2.336117950005568,6.246006073044127,4.165379351466408,-1.1440108276814969,False,conditioning,,no_initial_region,conditioning,0.0,0.0,0,,,,,,,,,,,,,,,,,,,,,,
/workspace/junmiaoh/experiments/precision-mlps/mechanism-0365cd3-20260923/evidence/polynomial_confirmation/fork_inputs/N512.npz,9,ba431257c56b7202aaa432a1f5794f73ad5da125b11d2cf9ea61b339f622b2ae,bump_right,33,20000,2.0,9.344471800022275,pure_effective_gradient_flow,False,False,9.344471800022275,0.0,0.0,4.672235900011137,6.246006073044127,4.165379351466408,-3.151337988621275,False,conditioning,,no_initial_region,conditioning,0.0,0.0,0,,,,,,,,,,,,,,,,,,,,,,
/workspace/junmiaoh/experiments/precision-mlps/mechanism-0365cd3-20260923/evidence/polynomial_confirmation/fork_inputs/N512.npz,10,f12712f0c8827df91612818a968a928abf290a5e27efa37cc61153c5848e5053,step_right,33,20000,1.01,5.179657533129181,pure_effective_gradient_flow,False,False,5.179657533129181,0.0,0.0,0.0512837379517741,7.029802841566322,4.954184838887326,-0.2601919815159879,False,conditioning,,no_initial_region,conditioning,0.0,0.0,0,,,,,,,,,,,,,,,,,,,,,,
/workspace/junmiaoh/experiments/precision-mlps/mechanism-0365cd3-20260923/evidence/polynomial_confirmation/fork_inputs/N512.npz,10,f12712f0c8827df91612818a968a928abf290a5e27efa37cc61153c5848e5053,step_right,33,20000,1.025,5.256583140056842,pure_effective_gradient_flow,False,False,5.256583140056842,0.0,0.0,0.12820934487943436,7.029802841566322,4.954184838887326,-0.2869319178976504,False,conditioning,,no_initial_region,conditioning,0.0,0.0,0,,,,,,,,,,,,,,,,,,,,,,
/workspace/junmiaoh/experiments/precision-mlps/mechanism-0365cd3-20260923/evidence/polynomial_confirmation/fork_inputs/N512.npz,10,f12712f0c8827df91612818a968a928abf290a5e27efa37cc61153c5848e5053,step_right,33,20000,1.05,5.384792484936278,pure_effective_gradient_flow,False,False,5.384792484936278,0.0,0.0,0.2564186897588705,7.029802841566322,4.954184838887326,-0.3332691024384856,False,conditioning,,no_initial_region,conditioning,0.0,0.0,0,,,,,,,,,,,,,,,,,,,,,,
/workspace/junmiaoh/experiments/precision-mlps/mechanism-0365cd3-20260923/evidence/polynomial_confirmation/fork_inputs/N512.npz,10,f12712f0c8827df91612818a968a928abf290a5e27efa37cc61153c5848e5053,step_right,33,20000,1.1,5.641211174695148,pure_effective_gradient_flow,False,False,5.641211174695148,0.0,0.0,0.512837379517741,7.029802841566322,4.954184838887326,-0.43277701799201906,False,conditioning,,no_initial_region,conditioning,0.0,0.0,0,,,,,,,,,,,,,,,,,,,,,,
/workspace/junmiaoh/experiments/precision-mlps/mechanism-0365cd3-20260923/evidence/polynomial_confirmation/fork_inputs/N512.npz,10,f12712f0c8827df91612818a968a928abf290a5e27efa37cc61153c5848e5053,step_right,33,20000,1.25,6.410467243971759,pure_effective_gradient_flow,False,False,6.410467243971759,0.0,0.0,1.2820934487943516,7.029802841566322,4.954184838887326,-0.7898432730099962,False,conditioning,,no_initial_region,conditioning,0.0,0.0,0,,,,,,,,,,,,,,,,,,,,,,
/workspace/junmiaoh/experiments/precision-mlps/mechanism-0365cd3-20260923/evidence/polynomial_confirmation/fork_inputs/N512.npz,10,f12712f0c8827df91612818a968a928abf290a5e27efa37cc61153c5848e5053,step_right,33,20000,1.5,7.692560692766111,pure_effective_gradient_flow,False,False,7.692560692766111,0.0,0.0,2.564186897588704,7.029802841566322,4.954184838887326,-1.6059229697810422,False,conditioning,,no_initial_region,conditioning,0.0,0.0,0,,,,,,,,,,,,,,,,,,,,,,
/workspace/junmiaoh/experiments/precision-mlps/mechanism-0365cd3-20260923/evidence/polynomial_confirmation/fork_inputs/N512.npz,10,f12712f0c8827df91612818a968a928abf290a5e27efa37cc61153c5848e5053,step_right,33,20000,2.0,10.256747590354815,pure_effective_gradient_flow,False,False,10.256747590354815,0.0,0.0,5.128373795177407,7.029802841566322,4.954184838887326,-4.260423961475872,False,conditioning,,no_initial_region,conditioning,0.0,0.0,0,,,,,,,,,,,,,,,,,,,,,,
/workspace/junmiaoh/experiments/precision-mlps/mechanism-0365cd3-20260923/evidence/polynomial_confirmation/fork_inputs/N512.npz,11,fa03cad889fd2dd1c38654ee9908a6a0c19dc52bee3b4c520184bab2242c37ff,kink_abs,33,20000,1.01,4.7335578962921065,pure_effective_gradient_flow,False,False,4.7335578962921065,0.0,0.0,0.04686690986427866,6.41534368358706,4.255536029848371,-0.1310770468728113,False,conditioning,,no_initial_region,conditioning,0.0,0.0,0,,,,,,,,,,,,,,,,,,,,,,
/workspace/junmiaoh/experiments/precision-mlps/mechanism-0365cd3-20260923/evidence/polynomial_confirmation/fork_inputs/N512.npz,11,fa03cad889fd2dd1c38654ee9908a6a0c19dc52bee3b4c520184bab2242c37ff,kink_abs,33,20000,1.025,4.803858261088523,pure_effective_gradient_flow,False,False,4.803858261088523,0.0,0.0,0.11716727466069532,6.41534368358706,4.255536029848371,-0.15148598040491057,False,conditioning,,no_initial_region,conditioning,0.0,0.0,0,,,,,,,,,,,,,,,,,,,,,,
/workspace/junmiaoh/experiments/precision-mlps/mechanism-0365cd3-20260923/evidence/polynomial_confirmation/fork_inputs/N512.npz,11,fa03cad889fd2dd1c38654ee9908a6a0c19dc52bee3b4c520184bab2242c37ff,kink_abs,33,20000,1.05,4.921025535749219,pure_effective_gradient_flow,False,False,4.921025535749219,0.0,0.0,0.23433454932139153,6.41534368358706,4.255536029848371,-0.18685227693832546,False,conditioning,,no_initial_region,conditioning,0.0,0.0,0,,,,,,,,,,,,,,,,,,,,,,
/workspace/junmiaoh/experiments/precision-mlps/mechanism-0365cd3-20260923/evidence/polynomial_confirmation/fork_inputs/N512.npz,11,fa03cad889fd2dd1c38654ee9908a6a0c19dc52bee3b4c520184bab2242c37ff,kink_abs,33,20000,1.1,5.155360085070611,pure_effective_gradient_flow,False,False,5.155360085070611,0.0,0.0,0.46866909864278306,6.41534368358706,4.255536029848371,-0.2628004918279658,False,conditioning,,no_initial_region,conditioning,0.0,0.0,0,,,,,,,,,,,,,,,,,,,,,,
/workspace/junmiaoh/experiments/precision-mlps/mechanism-0365cd3-20260923/evidence/polynomial_confirmation/fork_inputs/N512.npz,11,fa03cad889fd2dd1c38654ee9908a6a0c19dc52bee3b4c520184bab2242c37ff,kink_abs,33,20000,1.25,5.858363733034785,pure_effective_gradient_flow,False,False,5.858363733034785,0.0,0.0,1.1716727466069567,6.41534368358706,4.255536029848371,-0.5353269990419085,False,conditioning,,no_initial_region,conditioning,0.0,0.0,0,,,,,,,,,,,,,,,,,,,,,,
/workspace/junmiaoh/experiments/precision-mlps/mechanism-0365cd3-20260923/evidence/polynomial_confirmation/fork_inputs/N512.npz,11,fa03cad889fd2dd1c38654ee9908a6a0c19dc52bee3b4c520184bab2242c37ff,kink_abs,33,20000,1.5,7.030036479641742,pure_effective_gradient_flow,False,False,7.030036479641742,0.0,0.0,2.3433454932139144,6.41534368358706,4.255536029848371,-1.158189972632144,False,conditioning,,no_initial_region,conditioning,0.0,0.0,0,,,,,,,,,,,,,,,,,,,,,,
/workspace/junmiaoh/experiments/precision-mlps/mechanism-0365cd3-20260923/evidence/polynomial_confirmation/fork_inputs/N512.npz,11,fa03cad889fd2dd1c38654ee9908a6a0c19dc52bee3b4c520184bab2242c37ff,kink_abs,33,20000,2.0,9.373381972855656,pure_effective_gradient_flow,False,False,9.373381972855656,0.0,0.0,4.686690986427828,6.41534368358706,4.255536029848371,-3.1842057988157664,False,conditioning,,no_initial_region,conditioning,0.0,0.0,0,,,,,,,,,,,,,,,,,,,,,,
/workspace/junmiaoh/experiments/precision-mlps/mechanism-0365cd3-20260923/evidence/polynomial_confirmation/fork_inputs/N1024.npz,0,99b4b035faaaf599a18666e743d9e95a3603afb735caaddbdce2d63d9accdb5a,moment5,32,20000,1.01,4.626892496323903,pure_effective_gradient_flow,False,False,4.626892496323903,0.0,0.0,0.04581081679528598,6.324486101419256,4.277699399069146,0.11231628337526015,True,valid,0.04581081679528598,evaluated,support,4.079315976621349e-06,4.07931597662135e-06,2,0.012614947511231739,11208.480326744715,5344.753565473614,3.0356497526834146e-07,0.0,0.00024074870042566565,4.626892496323903,2.8388928317956e-06,0.0004210642976469116,0.04581081679528598,6.327149677446559,4.275898591730577,0.1121851993120038,0.012585518944674016,11223.466487409163,5351.821957708895,0.013948598236281966,3.082123283219028e-07,1.2235310711403374e-09,0.00024074870042566565,True,valid
/workspace/junmiaoh/experiments/precision-mlps/mechanism-0365cd3-20260923/evidence/polynomial_confirmation/fork_inputs/N1024.npz,0,99b4b035faaaf599a18666e743d9e95a3603afb735caaddbdce2d63d9accdb5a,moment5,32,20000,1.025,4.695608721516832,pure_effective_gradient_flow,False,False,4.695608721516832,0.0,0.0,0.1145270419882154,6.324486101419256,4.277699399069146,0.10277946345630637,True,valid,0.1145270419882154,evaluated,support,8.927164389162677e-06,8.927164389162679e-06,6,0.010563618108366216,12769.097761206876,6012.779946973689,3.0356497526834146e-07,0.0,0.0002443241761745617,4.695608721516832,8.5166784953868e-06,0.0013009920920947552,0.1145270419882154,6.332719562496326,4.2721377645843,0.10237460910778076,0.010480560589970907,12826.284095462916,6039.42425285017,0.005289704056664651,3.1958763009081035e-07,3.738091529868017e-09,0.0002443241761745617,True,valid
/workspace/junmiaoh/experiments/precision-mlps/mechanism-0365cd3-20260923/evidence/polynomial_confirmation/fork_inputs/N1024.npz,0,99b4b035faaaf599a18666e743d9e95a3603afb735caaddbdce2d63d9accdb5a,moment5,32,20000,1.05,4.8101357635050475,pure_effective_gradient_flow,False,False,4.8101357635050475,0.0,0.0,0.2290540839764308,6.324486101419256,4.277699399069146,0.08625326914492731,True,valid,0.2290540839764308,evaluated,support,1.394155341987192e-05,1.3941553419871921e-05,9,0.00743962643818727,16282.515269485577,7510.169212306559,3.0356497526834146e-07,0.0,0.00025028330242272176,4.8101357635050475,1.27750177430802e-05,0.0020478435905310665,0.2290540839764308,6.337450930185353,4.2689483032685285,0.0856162236610124,0.0073301377539725,16417.206874335887,7571.690284344402,0.019323974864971588,3.343954089384582e-07,5.737170883892767e-09,0.00025028330242272176,True,valid
/workspace/junmiaoh/experiments/precision-mlps/mechanism-0365cd3-20260923/evidence/polynomial_confirmation/fork_inputs/N1024.npz,0,99b4b035faaaf599a18666e743d9e95a3603afb735caaddbdce2d63d9accdb5a,moment5,32,20000,1.1,5.039189847481479,pure_effective_gradient_flow,False,False,5.039189847481479,0.0,0.0,0.45810816795286247,6.324486101419256,4.277699399069146,0.05076369065081798,True,valid,0.45810816795286247,evaluated,support,1.4304505665450056e-05,1.4304505665450058e-05,10,0.002576952288491945,31499.39467057666,13949.87321615589,3.0356497526834146e-07,0.0,0.00026220155491904186,5.039189847481479,1.4194464158977999e-05,0.002497244388553883,0.45810816795286247,6.340299625745893,4.267030265510452,0.04998700701697656,0.0024987008705152636,32021.34013636513,14179.428148663857,0.0035824030647839677,3.71246053140376e-07,6.725422049596745e-09,0.00026220155491904186,True,valid
/workspace/junmiaoh/experiments/precision-mlps/mechanism-0365cd3-20260923/evidence/polynomial_confirmation/fork_inputs/N1024.npz,0,99b4b035faaaf599a18666e743d9e95a3603afb735caaddbdce2d63d9accdb5a,moment5,32,20000,1.25,5.726352099410771,pure_effective_gradient_flow,False,False,5.726352099410771,0.0,0.0,1.145270419882154,6.324486101419256,4.277699399069146,-0.07658427774513082,False,conditioning,,no_initial_region,conditioning,0.0,0.0,0,,,,,,,,,,,,,,,,,,,,,,
/workspace/junmiaoh/experiments/precision-mlps/mechanism-0365cd3-20260923/evidence/polynomial_confirmation/fork_inputs/N1024.npz,0,99b4b035faaaf599a18666e743d9e95a3603afb735caaddbdce2d63d9accdb5a,moment5,32,20000,1.5,6.8716225192929254,pure_effective_gradient_flow,False,False,6.8716225192929254,0.0,0.0,2.290540839764309,6.324486101419256,4.277699399069146,-0.36763976106920593,False,conditioning,,no_initial_region,conditioning,0.0,0.0,0,,,,,,,,,,,,,,,,,,,,,,
/workspace/junmiaoh/experiments/precision-mlps/mechanism-0365cd3-20260923/evidence/polynomial_confirmation/fork_inputs/N1024.npz,0,99b4b035faaaf599a18666e743d9e95a3603afb735caaddbdce2d63d9accdb5a,moment5,32,20000,2.0,9.162163359057233,pure_effective_gradient_flow,False,False,9.162163359057233,0.0,0.0,4.581081679528617,6.324486101419256,4.277699399069146,-1.3143696848486144,False,conditioning,,no_initial_region,conditioning,0.0,0.0,0,,,,,,,,,,,,,,,,,,,,,,
/workspace/junmiaoh/experiments/precision-mlps/mechanism-0365cd3-20260923/evidence/polynomial_confirmation/fork_inputs/N1024.npz,1,362e74b4493e5e640fa26fe2a93fdaac76976942febff529ee272ac150004976,mixed_sine,32,20000,1.01,4.67864632088501,pure_effective_gradient_flow,False,False,4.67864632088501,0.0,0.0,0.04632323089985135,6.296805528495667,4.265453269773607,0.10535334197275514,True,valid,0.04632323089985135,evaluated,support,3.565909314645875e-06,3.5659093146458755e-06,2,0.011099326664828291,12965.739610413075,6120.951755802718,0.0001630430147272387,0.0,0.00024344158036939542,4.67864632088501,2.8388928317956e-06,0.0004536530383485011,0.04632323089985135,6.299662741498237,4.263518672788919,0.10521205194293942,0.011069575874043783,12985.509728719047,6130.190739346405,0.009458760413778827,0.00016590527858666458,6.578799827623353e-07,0.00024344158036939542,True,valid
/workspace/junmiaoh/experiments/precision-mlps/mechanism-0365cd3-20260923/evidence/polynomial_confirmation/fork_inputs/N1024.npz,1,362e74b4493e5e640fa26fe2a93fdaac76976942febff529ee272ac150004976,mixed_sine,32,20000,1.025,4.748131167234787,pure_effective_gradient_flow,False,False,4.748131167234787,0.0,0.0,0.11580807724962838,6.296805528495667,4.265453269773607,0.09549290857975004,True,valid,0.11580807724962838,evaluated,support,7.730424686650754e-06,7.730424686650756e-06,5,0.0091188955890205,14911.057898929337,6951.165120016617,0.0001630430147272387,0.0,0.00024705704938478247,4.748131167234787,7.097232079488999e-06,0.001168069854462538,0.11580807724962838,6.304164934526324,4.260473831125811,0.09512923430457412,0.009049571219374563,14975.083683606183,6980.723050032758,0.00952643293730629,0.0001713242348851309,1.671494359372323e-06,0.00024705704938478247,True,valid
/workspace/junmiaoh/experiments/precision-mlps/mechanism-0365cd3-20260923/evidence/polynomial_confirmation/fork_inputs/N1024.npz,1,362e74b4493e5e640fa26fe2a93fdaac76976942febff529ee272ac150004976,mixed_sine,32,20000,1.05,4.863939244484417,pure_effective_gradient_flow,False,False,4.863939244484417,0.0,0.0,0.23161615449925854,6.296805528495667,4.265453269773607,0.07840592993990458,True,valid,0.23161615449925854,evaluated,support,1.1813914942256044e-05,1.1813914942256046e-05,8,0.006147489849741226,19430.585014853383,8872.209812471965,0.0001630430147272387,0.0,0.0002530828310770943,4.863939244484417,1.13555713271824e-05,0.0019611899805086668,0.23161615449925854,6.309166877922599,4.257096103232898,0.0777955452067533,0.006052146854015996,19598.53927636401,8948.22825476449,0.009063543837921323,0.00018048114350941542,2.745831102487192e-06,0.0002530828310770943,True,valid
/workspace/junmiaoh/experiments/precision-mlps/mechanism-0365cd3-20260923/evidence/polynomial_confirmation/fork_inputs/N1024.npz,1,362e74b4493e5e640fa26fe2a93fdaac76976942febff529ee272ac150004976,mixed_sine,32,20000,1.1,5.095555398983675,pure_effective_gradient_flow,False,False,5.095555398983675,0.0,0.0,0.4632323089985162,6.296805528495667,4.265453269773607,0.04171208148089106,True,valid,0.4632323089985162,evaluated,support,1.0961716683397235e-05,1.0961716683397237e-05,7,0.0017398977414684951,41568.77233354253,18222.0173567666,0.0001630430147272387,0.0,0.00026513439446171783,5.095555398983675,9.9361249112846e-06,0.0018833649812821322,0.4632323089985162,6.308675886121169,4.257427424626217,0.041125897204948414,0.0016913394209119837,42193.64554139706,18494.39716910759,0.0439909764367285,0.0001959337712721457,2.5057900264618437e-06,0.00026513439446171783,True,valid
/workspace/junmiaoh/experiments/precision-mlps/mechanism-0365cd3-20260923/evidence/polynomial_confirmation/fork_inputs/N1024.npz,1,362e74b4493e5e640fa26fe2a93fdaac76976942febff529ee272ac150004976,mixed_sine,32,20000,1.25,5.790403862481448,pure_effective_gradient_flow,False,False,5.790403862481448,0.0,0.0,1.1580807724962892,6.296805528495667,4.265453269773607,-0.08995719305444438,False,conditioning,,no_initial_region,conditioning,0.0,0.0,0,,,,,,,,,,,,,,,,,,,,,,
/workspace/junmiaoh/experiments/precision-mlps/mechanism-0365cd3-20260923/evidence/polynomial_confirmation/fork_inputs/N1024.npz,1,362e74b4493e5e640fa26fe2a93fdaac76976942febff529ee272ac150004976,mixed_sine,32,20000,1.5,6.948484634977738,pure_effective_gradient_flow,False,False,6.948484634977738,0.0,0.0,2.316161544992579,6.296805528495667,4.265453269773607,-0.39088907929905814,False,conditioning,,no_initial_region,conditioning,0.0,0.0,0,,,,,,,,,,,,,,,,,,,,,,
/workspace/junmiaoh/experiments/precision-mlps/mechanism-0365cd3-20260923/evidence/polynomial_confirmation/fork_inputs/N1024.npz,1,362e74b4493e5e640fa26fe2a93fdaac76976942febff529ee272ac150004976,mixed_sine,32,20000,2.0,9.264646179970317,pure_effective_gradient_flow,False,False,9.264646179970317,0.0,0.0,4.632323089985158,6.296805528495667,4.265453269773607,-1.369744445545274,False,conditioning,,no_initial_region,conditioning,0.0,0.0,0,,,,,,,,,,,,,,,,,,,,,,
/workspace/junmiaoh/experiments/precision-mlps/mechanism-0365cd3-20260923/evidence/polynomial_confirmation/fork_inputs/N1024.npz,2,dcf899cefc7510bf138ff9b24bf39c69f3429c309a775a782a14a851f12de6fc,gauss_left,32,20000,1.01,5.042310755600256,pure_effective_gradient_flow,False,False,5.042310755600256,0.0,0.0,0.04992386886732891,6.32368749369107,4.243898808781942,0.048996505617664665,True,valid,0.04992386886732891,evaluated,support,1.6736008409958823e-06,1.6736008409958825e-06,1,0.002400657562741845,29776.23662274391,13186.594212960514,0.0006170728774880165,0.0,0.00026236394351448474,5.042310755600256,1.4194464158978e-06,0.00022783032747074124,0.04992386886732891,6.325128385616787,4.242932030061522,0.048925849005174105,0.002393738700877096,29822.00468189174,13206.713269682927,0.007593131206730275,0.0006287497693724264,1.2457861641398902e-06,0.00026236394351448474,True,valid
/workspace/junmiaoh/experiments/precision-mlps/mechanism-0365cd3-20260923/evidence/polynomial_confirmation/fork_inputs/N1024.npz,2,dcf899cefc7510bf138ff9b24bf39c69f3429c309a775a782a14a851f12de6fc,gauss_left,32,20000,1.025,5.11719655890125,pure_effective_gradient_flow,False,False,5.11719655890125,0.0,0.0,0.12480967216832273,6.32368749369107,4.243898808781942,0.03665340760021896,True,valid,0.12480967216832273,evaluated,support,2.99707436747278e-06,2.9970743674727803e-06,2,0.0013434722887077889,41460.89158469096,18117.746171484072,0.0006170728774880165,0.0,0.0002662604377250959,5.11719655890125,2.8388928317956e-06,0.000469295633367214,0.12480967216832273,6.326655869086965,4.241907632864154,0.0365078820907927,0.0013328254547552221,41634.143481623345,18193.010350752753,0.006614800680392718,0.0006497808417304243,2.5331443630847952e-06,0.0002662604377250959,True,valid
/workspace/junmiaoh/experiments/precision-mlps/mechanism-0365cd3-20260923/evidence/polynomial_confirmation/fork_inputs/N1024.npz,2,dcf899cefc7510bf138ff9b24bf39c69f3429c309a775a782a14a851f12de6fc,gauss_left,32,20000,1.05,5.242006231069573,pure_effective_gradient_flow,False,False,5.242006231069573,0.0,0.0,0.24961934433664634,6.32368749369107,4.243898808781942,0.015264261325652062,True,valid,0.24961934433664634,evaluated,support,2.32675114884787e-06,2.3267511488478704e-06,1,0.00023299767381779725,106384.99946765714,45461.67947916774,0.0006170728774880165,0.0,0.0002727545947427812,5.242006231069573,1.4194464158978e-06,0.00024623363987500465,0.24961934433664634,6.325244790001575,4.242853946776361,0.015187897978905907,0.00023067224501765413,106930.71555701357,45694.25155825674,0.09783692338985633,0.0006584230608854358,1.275048970496508e-06,0.0002727545947427812,True,valid
/workspace/junmiaoh/experiments/precision-mlps/mechanism-0365cd3-20260923/evidence/polynomial_confirmation/fork_inputs/N1024.npz,2,dcf899cefc7510bf138ff9b24bf39c69f3429c309a775a782a14a851f12de6fc,gauss_left,32,20000,1.1,5.4916255754062195,pure_effective_gradient_flow,False,False,5.4916255754062195,0.0,0.0,0.4992386886732927,6.32368749369107,4.243898808781942,-0.030668381806260858,False,conditioning,,no_initial_region,conditioning,0.0,0.0,0,,,,,,,,,,,,,,,,,,,,,,
/workspace/junmiaoh/experiments/precision-mlps/mechanism-0365cd3-20260923/evidence/polynomial_confirmation/fork_inputs/N1024.npz,2,dcf899cefc7510bf138ff9b24bf39c69f3429c309a775a782a14a851f12de6fc,gauss_left,32,20000,1.25,6.240483608416159,pure_effective_gradient_flow,False,False,6.240483608416159,0.0,0.0,1.2480967216832317,6.32368749369107,4.243898808781942,-0.19548940910801316,False,conditioning,,no_initial_region,conditioning,0.0,0.0,0,,,,,,,,,,,,,,,,,,,,,,
/workspace/junmiaoh/experiments/precision-mlps/mechanism-0365cd3-20260923/evidence/polynomial_confirmation/fork_inputs/N1024.npz,2,dcf899cefc7510bf138ff9b24bf39c69f3429c309a775a782a14a851f12de6fc,gauss_left,32,20000,1.5,7.48858033009939,pure_effective_gradient_flow,False,False,7.48858033009939,0.0,0.0,2.4961934433664634,6.32368749369107,4.243898808781942,-0.572190069256181,False,conditioning,,no_initial_region,conditioning,0.0,0.0,0,,,,,,,,,,,,,,,,,,,,,,
/workspace/junmiaoh/experiments/precision-mlps/mechanism-0365cd3-20260923/evidence/polynomial_confirmation/fork_inputs/N1024.npz,2,dcf899cefc7510bf138ff9b24bf39c69f3429c309a775a782a14a851f12de6fc,gauss_left,32,20000,2.0,9.984773773465854,pure_effective_gradient_flow,False,False,9.984773773465854,0.0,0.0,4.992386886732927,6.32368749369107,4.243898808781942,-1.7975021066612105,False,conditioning,,no_initial_region,conditioning,0.0,0.0,0,,,,,,,,,,,,,,,,,,,,,,
/workspace/junmiaoh/experiments/precision-mlps/mechanism-0365cd3-20260923/evidence/polynomial_confirmation/fork_inputs/N1024.npz,3,7c6f53c71fa6fd5bab219c135d224e1c2b703e51b05563e13f44a40494aa3c8d,bump_right,32,20000,1.01,4.557305454871198,pure_effective_gradient_flow,False,False,4.557305454871198,0.0,0.0,0.04512183618684329,6.219284739378067,4.1587851275480565,0.1196505197980422,True,valid,0.04512183618684329,evaluated,support,4.427783037897329e-06,4.42778303789733e-06,3,0.014316246887941688,10170.910562312054,4911.483258056888,0.0004956732726728952,0.0,0.00023712791394542738,4.557305454871198,4.2583392476934e-06,0.0006236802229983435,0.04512183618684329,6.223164794102139,4.156192184180104,0.1194577159523113,0.014270145900543091,10189.860747895755,4920.535172747017,0.0017299522355483724,0.0005061688418967332,3.00541638606595e-06,0.00023712791394542738,True,valid
/workspace/junmiaoh/experiments/precision-mlps/mechanism-0365cd3-20260923/evidence/polynomial_confirmation/fork_inputs/N1024.npz,3,7c6f53c71fa6fd5bab219c135d224e1c2b703e51b05563e13f44a40494aa3c8d,bump_right,32,20000,1.025,4.624988209151463,pure_effective_gradient_flow,False,False,4.624988209151463,0.0,0.0,0.11280459046710867,6.219284739378067,4.1587851275480565,0.11053755337839613,True,valid,0.11280459046710867,evaluated,support,9.781155261581793e-06,9.781155261581795e-06,6,0.012218550706881773,11478.505440077168,5473.750444176283,0.0004956732726728952,0.0,0.0002406496156376862,4.624988209151463,8.5166784953868e-06,0.0012846858823402309,0.11280459046710867,6.227279701088634,4.153445825404392,0.11014052858937787,0.012130936037947564,11525.801870783389,5496.065991429854,0.01464304153211883,0.0005194264449013005,6.089486502165527e-06,0.0002406496156376862,True,valid
/workspace/junmiaoh/experiments/precision-mlps/mechanism-0365cd3-20260923/evidence/polynomial_confirmation/fork_inputs/N1024.npz,3,7c6f53c71fa6fd5bab219c135d224e1c2b703e51b05563e13f44a40494aa3c8d,bump_right,32,20000,1.05,4.737792799618573,pure_effective_gradient_flow,False,False,4.737792799618573,0.0,0.0,0.22560918093421822,6.219284739378067,4.1587851275480565,0.09474584764378002,True,valid,0.22560918093421822,evaluated,support,1.5598197096907977e-05,1.559819709690798e-05,10,0.008976775645738377,14333.152026495127,6695.620617549521,0.0004956732726728952,0.0,0.0002465191184581176,4.737792799618573,1.4194464158977999e-05,0.0022468628757170016,0.22560918093421822,6.233274329832797,4.149451397369495,0.09405177713734236,0.008845736782692315,14451.964324619823,6750.569850738889,0.020471291301573463,0.0005455190392350794,1.0403963908088472e-05,0.0002465191184581176,True,valid
/workspace/junmiaoh/experiments/precision-mlps/mechanism-0365cd3-20260923/evidence/polynomial_confirmation/fork_inputs/N1024.npz,3,7c6f53c71fa6fd5bab219c135d224e1c2b703e51b05563e13f44a40494aa3c8d,bump_right,32,20000,1.1,4.96340198055279,pure_effective_gradient_flow,False,False,4.96340198055279,0.0,0.0,0.45121836186843556,6.219284739378067,4.1587851275480565,0.06083356453340666,True,valid,0.45121836186843556,evaluated,support,1.7451561663480048e-05,1.745156166348005e-05,12,0.0037007225738401525,25426.285414607974,11408.13397367079,0.0004956732726728952,0.0,0.0002582581240989803,4.96340198055279,1.70333569907736e-05,0.0029591336921007583,0.45121836186843556,6.23771569076657,4.146496916555284,0.059919770606449096,0.003590378909529481,25845.04249039605,11594.573471783662,0.010990526687807312,0.0006039017350118021,1.315217880214621e-05,0.0002582581240989803,True,valid
/workspace/junmiaoh/experiments/precision-mlps/mechanism-0365cd3-20260923/evidence/polynomial_confirmation/fork_inputs/N1024.npz,3,7c6f53c71fa6fd5bab219c135d224e1c2b703e51b05563e13f44a40494aa3c8d,bump_right,32,20000,1.25,5.640229523355443,pure_effective_gradient_flow,False,False,5.640229523355443,0.0,0.0,1.1280459046710885,6.219284739378067,4.1587851275480565,-0.060854563109223825,False,conditioning,,no_initial_region,conditioning,0.0,0.0,0,,,,,,,,,,,,,,,,,,,,,,
/workspace/junmiaoh/experiments/precision-mlps/mechanism-0365cd3-20260923/evidence/polynomial_confirmation/fork_inputs/N1024.npz,3,7c6f53c71fa6fd5bab219c135d224e1c2b703e51b05563e13f44a40494aa3c8d,bump_right,32,20000,1.5,6.7682754280265325,pure_effective_gradient_flow,False,False,6.7682754280265325,0.0,0.0,2.256091809342178,6.219284739378067,4.1587851275480565,-0.33897440476783797,False,conditioning,,no_initial_region,conditioning,0.0,0.0,0,,,,,,,,,,,,,,,,,,,,,,
/workspace/junmiaoh/experiments/precision-mlps/mechanism-0365cd3-20260923/evidence/polynomial_confirmation/fork_inputs/N1024.npz,3,7c6f53c71fa6fd5bab219c135d224e1c2b703e51b05563e13f44a40494aa3c8d,bump_right,32,20000,2.0,9.02436723736871,pure_effective_gradient_flow,False,False,9.02436723736871,0.0,0.0,4.512183618684355,6.219284739378067,4.1587851275480565,-1.2436279556573955,False,conditioning,,no_initial_region,conditioning,0.0,0.0,0,,,,,,,,,,,,,,,,,,,,,,
/workspace/junmiaoh/experiments/precision-mlps/mechanism-0365cd3-20260923/evidence/polynomial_confirmation/fork_inputs/N1024.npz,4,6a7acc6b2287221608f0a0aae69e49eacab92744e782d318b6f418d97652eec8,step_right,32,20000,1.01,5.543153043815873,pure_effective_gradient_flow,False,False,5.543153043815873,0.0,0.0,0.05488270340411727,6.978584196255038,4.933678806516308,-0.031055349604574456,False,conditioning,,no_initial_region,conditioning,0.0,0.0,0,,,,,,,,,,,,,,,,,,,,,,
/workspace/junmiaoh/experiments/precision-mlps/mechanism-0365cd3-20260923/evidence/polynomial_confirmation/fork_inputs/N1024.npz,4,6a7acc6b2287221608f0a0aae69e49eacab92744e782d318b6f418d97652eec8,step_right,32,20000,1.025,5.625477098922049,pure_effective_gradient_flow,False,False,5.625477098922049,0.0,0.0,0.13720675851029362,6.978584196255038,4.933678806516308,-0.04745391905013974,False,conditioning,,no_initial_region,conditioning,0.0,0.0,0,,,,,,,,,,,,,,,,,,,,,,
/workspace/junmiaoh/experiments/precision-mlps/mechanism-0365cd3-20260923/evidence/polynomial_confirmation/fork_inputs/N1024.npz,4,6a7acc6b2287221608f0a0aae69e49eacab92744e782d318b6f418d97652eec8,step_right,32,20000,1.05,5.762683857432344,pure_effective_gradient_flow,False,False,5.762683857432344,0.0,0.0,0.27441351702058814,6.978584196255038,4.933678806516308,-0.07587072332967226,False,conditioning,,no_initial_region,conditioning,0.0,0.0,0,,,,,,,,,,,,,,,,,,,,,,
/workspace/junmiaoh/experiments/precision-mlps/mechanism-0365cd3-20260923/evidence/polynomial_confirmation/fork_inputs/N1024.npz,4,6a7acc6b2287221608f0a0aae69e49eacab92744e782d318b6f418d97652eec8,step_right,32,20000,1.1,6.037097374452932,pure_effective_gradient_flow,False,False,6.037097374452932,0.0,0.0,0.5488270340411763,6.978584196255038,4.933678806516308,-0.13689508181345234,False,conditioning,,no_initial_region,conditioning,0.0,0.0,0,,,,,,,,,,,,,,,,,,,,,,
/workspace/junmiaoh/experiments/precision-mlps/mechanism-0365cd3-20260923/evidence/polynomial_confirmation/fork_inputs/N1024.npz,4,6a7acc6b2287221608f0a0aae69e49eacab92744e782d318b6f418d97652eec8,step_right,32,20000,1.25,6.860337925514695,pure_effective_gradient_flow,False,False,6.860337925514695,0.0,0.0,1.372067585102939,6.978584196255038,4.933678806516308,-0.3558700148875494,False,conditioning,,no_initial_region,conditioning,0.0,0.0,0,,,,,,,,,,,,,,,,,,,,,,
/workspace/junmiaoh/experiments/precision-mlps/mechanism-0365cd3-20260923/evidence/polynomial_confirmation/fork_inputs/N1024.npz,4,6a7acc6b2287221608f0a0aae69e49eacab92744e782d318b6f418d97652eec8,step_right,32,20000,1.5,8.232405510617633,pure_effective_gradient_flow,False,False,8.232405510617633,0.0,0.0,2.744135170205878,6.978584196255038,4.933678806516308,-0.8563401502538053,False,conditioning,,no_initial_region,conditioning,0.0,0.0,0,,,,,,,,,,,,,,,,,,,,,,
/workspace/junmiaoh/experiments/precision-mlps/mechanism-0365cd3-20260923/evidence/polynomial_confirmation/fork_inputs/N1024.npz,4,6a7acc6b2287221608f0a0aae69e49eacab92744e782d318b6f418d97652eec8,step_right,32,20000,2.0,10.976540680823511,pure_effective_gradient_flow,False,False,10.976540680823511,0.0,0.0,5.488270340411756,6.978584196255038,4.933678806516308,-2.4842430081484403,False,conditioning,,no_initial_region,conditioning,0.0,0.0,0,,,,,,,,,,,,,,,,,,,,,,
/workspace/junmiaoh/experiments/precision-mlps/mechanism-0365cd3-20260923/evidence/polynomial_confirmation/fork_inputs/N1024.npz,5,f0ab1bb456bc5ab6c8b91e0e907d6ac5357e14000b1080d422930f674b47857c,kink_abs,32,20000,1.01,4.679301625869176,pure_effective_gradient_flow,False,False,4.679301625869176,0.0,0.0,0.04632971906801142,6.417288474464343,4.271743495215129,0.10266909528242646,True,valid,0.04632971906801142,evaluated,support,7.338128209184201e-06,7.338128209184202e-06,5,0.010540943126111963,6301.697022756636,3009.1789377912737,0.0006929921436284697,0.0,0.00024347567751417367,4.679301625869176,7.097232079488999e-06,0.000532565885321206,0.04632971906801142,6.420707013599969,4.26946911604087,0.10250445419538995,0.010507163129894796,6313.170846447091,3014.5402691160475,0.0015236804133124046,0.0007079783784203358,7.004585421554574e-06,0.00024347567751417367,True,valid
/workspace/junmiaoh/experiments/precision-mlps/mechanism-0365cd3-20260923/evidence/polynomial_confirmation/fork_inputs/N1024.npz,5,f0ab1bb456bc5ab6c8b91e0e907d6ac5357e14000b1080d422930f674b47857c,kink_abs,32,20000,1.025,4.748796204471193,pure_effective_gradient_flow,False,False,4.748796204471193,0.0,0.0,0.115824297670029,6.417288474464343,4.271743495215129,0.0928045180650475,True,valid,0.115824297670029,evaluated,support,1.5864869713102818e-05,1.586486971310282e-05,11,0.008612678573285727,7267.273904746782,3425.1185871752523,0.0006929921436284697,0.0,0.0002470916529228,4.748796204471193,1.5613910574875797e-05,0.0012067047085425964,0.115824297670029,6.425036920785652,4.26659187109543,0.0924315858529752,0.008543598063295925,7300.147229267289,3440.293023464946,0.001840451648822225,0.0007312351495191272,1.5662734230023812e-05,0.0002470916529228,True,valid
/workspace/junmiaoh/experiments/precision-mlps/mechanism-0365cd3-20260923/evidence/polynomial_confirmation/fork_inputs/N1024.npz,5,f0ab1bb456bc5ab6c8b91e0e907d6ac5357e14000b1080d422930f674b47857c,kink_abs,32,20000,1.05,4.864620502141222,pure_effective_gradient_flow,False,False,4.864620502141222,0.0,0.0,0.231648595340058,6.417288474464343,4.271743495215129,0.07571035866186868,True,valid,0.231648595340058,evaluated,support,2.4090869568166467e-05,2.409086956816647e-05,16,0.005732058408708793,9531.406982914925,4394.950883753026,0.0006929921436284697,0.0,0.0002531182786038439,4.864620502141222,2.27111426543648e-05,0.0018418708395384913,0.231648595340058,6.42911918294822,4.263882736910348,0.07514129619607804,0.005646214394026732,9610.76187929105,4430.863907946467,0.013377211282347812,0.0007663574031459057,2.3329908750904513e-05,0.0002531182786038439,True,valid
/workspace/junmiaoh/experiments/precision-mlps/mechanism-0365cd3-20260923/evidence/polynomial_confirmation/fork_inputs/N1024.npz,5,f0ab1bb456bc5ab6c8b91e0e907d6ac5357e14000b1080d422930f674b47857c,kink_abs,32,20000,1.1,5.096269097481281,pure_effective_gradient_flow,False,False,5.096269097481281,0.0,0.0,0.4632971906801169,6.417288474464343,4.271743495215129,0.03900108969773619,True,valid,0.4632971906801169,evaluated,support,2.1645727165699705e-05,2.1645727165699708e-05,15,0.001521084997610864,21060.3568093124,9286.557608258514,0.0006929921436284697,0.0,0.00026517152996593173,5.096269097481281,2.1291696238466995e-05,0.0018951222073482778,0.4632971906801169,6.4294615514542395,4.263655685367882,0.03841558922656618,0.0014757574956242678,21397.937036750434,9433.691018787013,0.007698815163784067,0.0008471501451554703,2.302477616862553e-05,0.00026517152996593173,True,valid
/workspace/junmiaoh/experiments/precision-mlps/mechanism-0365cd3-20260923/evidence/polynomial_confirmation/fork_inputs/N1024.npz,5,f0ab1bb456bc5ab6c8b91e0e907d6ac5357e14000b1080d422930f674b47857c,kink_abs,32,20000,1.25,5.791214883501455,pure_effective_gradient_flow,False,False,5.791214883501455,0.0,0.0,1.1582429767002909,6.417288474464343,4.271743495215129,-0.0927235185463064,False,conditioning,,no_initial_region,conditioning,0.0,0.0,0,,,,,,,,,,,,,,,,,,,,,,
/workspace/junmiaoh/experiments/precision-mlps/mechanism-0365cd3-20260923/evidence/polynomial_confirmation/fork_inputs/N1024.npz,5,f0ab1bb456bc5ab6c8b91e0e907d6ac5357e14000b1080d422930f674b47857c,kink_abs,32,20000,1.5,6.949457860201747,pure_effective_gradient_flow,False,False,6.949457860201747,0.0,0.0,2.3164859534005826,6.417288474464343,4.271743495215129,-0.3937818707215095,False,conditioning,,no_initial_region,conditioning,0.0,0.0,0,,,,,,,,,,,,,,,,,,,,,,
/workspace/junmiaoh/experiments/precision-mlps/mechanism-0365cd3-20260923/evidence/polynomial_confirmation/fork_inputs/N1024.npz,5,f0ab1bb456bc5ab6c8b91e0e907d6ac5357e14000b1080d422930f674b47857c,kink_abs,32,20000,2.0,9.265943813602329,pure_effective_gradient_flow,False,False,9.265943813602329,0.0,0.0,4.632971906801164,6.417288474464343,4.271743495215129,-1.3730485986760157,False,conditioning,,no_initial_region,conditioning,0.0,0.0,0,,,,,,,,,,,,,,,,,,,,,,
/workspace/junmiaoh/experiments/precision-mlps/mechanism-0365cd3-20260923/evidence/polynomial_confirmation/fork_inputs/N1024.npz,6,dea7ac00336b69eedad02d0f85bc66d1554aed3480616f85727ddf71bdcb1259,moment5,33,20000,1.01,4.790014887795906,pure_effective_gradient_flow,False,False,4.790014887795906,0.0,0.0,0.04742588997817698,6.304031166739771,4.202324107070297,0.08683541840094972,True,valid,0.04742588997817698,evaluated,support,2.968121527336445e-06,2.9681215273364456e-06,2,0.007540389888867996,15948.559930153247,7380.971860631724,2.5986970532835407e-07,0.0,0.00024923636332001926,4.790014887795906,2.8388928317956e-06,0.0004512771309699782,0.04742588997817698,6.306876673846093,4.2004281221433475,0.08669598059059014,0.007516193050563982,15977.117283699627,7394.060559721731,0.002068566248724528,2.653822707247479e-07,1.0504653810694838e-09,0.00024923636332001926,True,valid
/workspace/junmiaoh/experiments/precision-mlps/mechanism-0365cd3-20260923/evidence/polynomial_confirmation/fork_inputs/N1024.npz,6,dea7ac00336b69eedad02d0f85bc66d1554aed3480616f85727ddf71bdcb1259,moment5,33,20000,1.025,4.861153722763172,pure_effective_gradient_flow,False,False,4.861153722763172,0.0,0.0,0.11856472494544246,6.304031166739771,4.202324107070297,0.07625394986708448,True,valid,0.11856472494544246,evaluated,support,6.235597632081014e-06,6.235597632081015e-06,4,0.005814664870331832,18927.721885064915,8648.706586421154,2.5986970532835407e-07,0.0,0.0002529378934683364,4.861153722763172,5.6777856635912e-06,0.0009295618777087212,0.11856472494544246,6.309893878242659,4.198419601803364,0.07596679302500961,0.005770953642504649,19006.411925489065,8684.339470730753,0.01065039179859184,2.7300447587536906e-07,2.1310649777244163e-09,0.0002529378934683364,True,valid
/workspace/junmiaoh/experiments/precision-mlps/mechanism-0365cd3-20260923/evidence/polynomial_confirmation/fork_inputs/N1024.npz,6,dea7ac00336b69eedad02d0f85bc66d1554aed3480616f85727ddf71bdcb1259,moment5,33,20000,1.05,4.979718447708616,pure_effective_gradient_flow,False,False,4.979718447708616,0.0,0.0,0.2371294498908867,6.304031166739771,4.202324107070297,0.057917501598531373,True,valid,0.2371294498908867,evaluated,support,8.819598081117078e-06,8.81959808111708e-06,6,0.003354436991415884,26652.995903665764,11924.670886866921,2.5986970532835407e-07,0.0,0.0002591071103821983,4.979718447708616,8.5166784953868e-06,0.0014631890115510277,0.2371294498908867,6.313261907383701,4.196179808844884,0.05746561050051119,0.0033022963901964617,26878.56688042343,12024.833376798544,0.008213337353568606,2.878939006919111e-07,3.2837121338777758e-09,0.0002591071103821983,True,valid
/workspace/junmiaoh/experiments/precision-mlps/mechanism-0365cd3-20260923/evidence/polynomial_confirmation/fork_inputs/N1024.npz,6,dea7ac00336b69eedad02d0f85bc66d1554aed3480616f85727ddf71bdcb1259,moment5,33,20000,1.1,5.216847897599503,pure_effective_gradient_flow,False,False,5.216847897599503,0.0,0.0,0.4742588997817734,6.304031166739771,4.202324107070297,0.018540449152650962,True,valid,0.4742588997817734,evaluated,support,4.929360285160346e-06,4.929360285160347e-06,3,0.00034374825478203575,94684.92179578009,40624.884473107624,2.5986970532835407e-07,0.0,0.000271445544209922,5.216847897599503,4.2583392476934e-06,0.0008029291174497703,0.4742588997817734,6.309094889554055,4.198951292930312,0.01829239666604454,0.0003346117757879175,96000.5548630546,41187.71687650227,0.0654559692080845,3.096899523716152e-07,1.7043121932306574e-09,0.000271445544209922,True,valid
/workspace/junmiaoh/experiments/precision-mlps/mechanism-0365cd3-20260923/evidence/polynomial_confirmation/fork_inputs/N1024.npz,6,dea7ac00336b69eedad02d0f85bc66d1554aed3480616f85727ddf71bdcb1259,moment5,33,20000,1.25,5.928236247272162,pure_effective_gradient_flow,False,False,5.928236247272162,0.0,0.0,1.1856472494544326,6.304031166739771,4.202324107070297,-0.12275702022236462,False,conditioning,,no_initial_region,conditioning,0.0,0.0,0,,,,,,,,,,,,,,,,,,,,,,
/workspace/junmiaoh/experiments/precision-mlps/mechanism-0365cd3-20260923/evidence/polynomial_confirmation/fork_inputs/N1024.npz,6,dea7ac00336b69eedad02d0f85bc66d1554aed3480616f85727ddf71bdcb1259,moment5,33,20000,1.5,7.113883496726594,pure_effective_gradient_flow,False,False,7.113883496726594,0.0,0.0,2.3712944989088642,6.304031166739771,4.202324107070297,-0.4456942744198331,False,conditioning,,no_initial_region,conditioning,0.0,0.0,0,,,,,,,,,,,,,,,,,,,,,,
/workspace/junmiaoh/experiments/precision-mlps/mechanism-0365cd3-20260923/evidence/polynomial_confirmation/fork_inputs/N1024.npz,6,dea7ac00336b69eedad02d0f85bc66d1554aed3480616f85727ddf71bdcb1259,moment5,33,20000,2.0,9.485177995635459,pure_effective_gradient_flow,False,False,9.485177995635459,0.0,0.0,4.742588997817729,6.304031166739771,4.202324107070297,-1.4961275408203907,False,conditioning,,no_initial_region,conditioning,0.0,0.0,0,,,,,,,,,,,,,,,,,,,,,,
/workspace/junmiaoh/experiments/precision-mlps/mechanism-0365cd3-20260923/evidence/polynomial_confirmation/fork_inputs/N1024.npz,7,7c2022f08282d8e0497149fa1972c274296117ea771667b70c8eec0a470d8840,mixed_sine,33,20000,1.01,4.402788761124579,pure_effective_gradient_flow,False,False,4.402788761124579,0.0,0.0,0.04359196793192677,6.281452824252421,4.192894517397422,0.139294735184622,True,valid,0.04359196793192677,evaluated,support,5.281041532110848e-06,5.281041532110849e-06,3,0.019403023250153965,8238.293082667633,4094.6484049668566,0.00015744681777820114,0.0,0.0002290880268628715,4.402788761124579,4.2583392476934e-06,0.000602599097938259,0.04359196793192677,6.285239162765566,4.190368644064418,0.13910847755998274,0.01935116852905622,8251.29843138684,4101.043846041555,0.008455139977121197,0.00016022056101497933,9.529779166815741e-07,0.0002290880268628715,True,valid
/workspace/junmiaoh/experiments/precision-mlps/mechanism-0365cd3-20260923/evidence/polynomial_confirmation/fork_inputs/N1024.npz,7,7c2022f08282d8e0497149fa1972c274296117ea771667b70c8eec0a470d8840,mixed_sine,33,20000,1.025,4.468176713022467,pure_effective_gradient_flow,False,False,4.468176713022467,0.0,0.0,0.10897991982981559,6.281452824252421,4.192894517397422,0.13107762893307304,True,valid,0.10897991982981559,evaluated,support,1.1879285589110838e-05,1.187928558911084e-05,8,0.017181344806716386,9130.214770753717,4481.49515762017,0.00015744681777820114,0.0,0.00023249032429152798,4.468176713022467,1.13555713271824e-05,0.001655015984763279,0.10897991982981559,6.2918573365262604,4.185960949114505,0.1305663289257251,0.017047566249140635,9172.011210211425,4501.794179206449,0.00482649231854318,0.00016570484792491482,2.584650477905813e-06,0.00023249032429152798,True,valid
/workspace/junmiaoh/experiments/precision-mlps/mechanism-0365cd3-20260923/evidence/polynomial_confirmation/fork_inputs/N1024.npz,7,7c2022f08282d8e0497149fa1972c274296117ea771667b70c8eec0a470d8840,mixed_sine,33,20000,1.05,4.577156632852285,pure_effective_gradient_flow,False,False,4.577156632852285,0.0,0.0,0.21795983965963295,6.281452824252421,4.192894517397422,0.11683834416683136,True,valid,0.21795983965963295,evaluated,support,1.96901502669331e-05,1.9690150266933102e-05,13,0.013651198667646938,10968.183431933201,5274.507925975005,0.00015744681777820114,0.0,0.00023816082000595554,4.577156632852285,1.84528034066714e-05,0.0028221911483188233,0.21795983965963295,6.299205323501861,4.181078049612927,0.1159669292926293,0.013448328689561685,11063.078426660713,5319.671743417373,0.013815028379875277,0.00017368626434120866,4.301276716104018e-06,0.00023816082000595554,True,valid
/workspace/junmiaoh/experiments/precision-mlps/mechanism-0365cd3-20260923/evidence/polynomial_confirmation/fork_inputs/N1024.npz,7,7c2022f08282d8e0497149fa1972c274296117ea771667b70c8eec0a470d8840,mixed_sine,33,20000,1.1,4.795116472511918,pure_effective_gradient_flow,False,False,4.795116472511918,0.0,0.0,0.4359196793192659,6.281452824252421,4.192894517397422,0.08625984527652436,True,valid,0.4359196793192659,evaluated,support,2.5300850961148424e-05,2.5300850961148428e-05,17,0.007440760907129922,16938.66429092547,7828.108113602935,0.00015744681777820114,0.0,0.0002495018114348106,4.795116472511918,2.4130589070262598e-05,0.004050407948433156,0.4359196793192659,6.30694686648094,4.1759459316317225,0.0850099029194975,0.00722668359438239,17215.820605202716,7955.026160772707,0.02049178678775959,0.0001907659346821773,5.901506138245346e-06,0.0002495018114348106,True,valid
/workspace/junmiaoh/experiments/precision-mlps/mechanism-0365cd3-20260923/evidence/polynomial_confirmation/fork_inputs/N1024.npz,7,7c2022f08282d8e0497149fa1972c274296117ea771667b70c8eec0a470d8840,mixed_sine,33,20000,1.25,5.448995991490815,pure_effective_gradient_flow,False,False,5.448995991490815,0.0,0.0,1.089799198298163,6.281452824252421,4.192894517397422,-0.023465597388982185,False,conditioning,,no_initial_region,conditioning,0.0,0.0,0,,,,,,,,,,,,,,,,,,,,,,
/workspace/junmiaoh/experiments/precision-mlps/mechanism-0365cd3-20260923/evidence/polynomial_confirmation/fork_inputs/N1024.npz,7,7c2022f08282d8e0497149fa1972c274296117ea771667b70c8eec0a470d8840,mixed_sine,33,20000,1.5,6.538795189788978,pure_effective_gradient_flow,False,False,6.538795189788978,0.0,0.0,2.179598396596326,6.281452824252421,4.192894517397422,-0.2742445626934103,False,conditioning,,no_initial_region,conditioning,0.0,0.0,0,,,,,,,,,,,,,,,,,,,,,,
/workspace/junmiaoh/experiments/precision-mlps/mechanism-0365cd3-20260923/evidence/polynomial_confirmation/fork_inputs/N1024.npz,7,7c2022f08282d8e0497149fa1972c274296117ea771667b70c8eec0a470d8840,mixed_sine,33,20000,2.0,8.718393586385304,pure_effective_gradient_flow,False,False,8.718393586385304,0.0,0.0,4.359196793192652,6.281452824252421,4.192894517397422,-1.0899651531341872,False,conditioning,,no_initial_region,conditioning,0.0,0.0,0,,,,,,,,,,,,,,,,,,,,,,
/workspace/junmiaoh/experiments/precision-mlps/mechanism-0365cd3-20260923/evidence/polynomial_confirmation/fork_inputs/N1024.npz,8,76bfb6ccdf4c1949ef7d589652e2ca08526317d750e259498cfa79a073fac859,gauss_left,33,20000,1.01,4.717675794360354,pure_effective_gradient_flow,False,False,4.717675794360354,0.0,0.0,0.046709661330300634,6.290690949572784,4.1601535734311215,0.0959774136713474,True,valid,0.046709661330300634,evaluated,support,3.7060358640439884e-06,3.706035864043989e-06,2,0.009211663935040944,12579.995568286677,5904.210723394851,0.0006111215468693626,0.0,0.000245472380744583,4.717675794360354,2.8388928317956e-06,0.0003988788860517311,0.046709661330300634,6.293200673875987,4.158494506913247,0.0958546719032218,0.0091881181256743,12598.126059675395,5912.625383517645,0.010944931565430811,0.0006214659858016723,2.4651171874097256e-06,0.000245472380744583,True,valid
/workspace/junmiaoh/experiments/precision-mlps/mechanism-0365cd3-20260923/evidence/polynomial_confirmation/fork_inputs/N1024.npz,8,76bfb6ccdf4c1949ef7d589652e2ca08526317d750e259498cfa79a073fac859,gauss_left,33,20000,1.025,4.787740286355804,pure_effective_gradient_flow,False,False,4.787740286355804,0.0,0.0,0.1167741533257507,6.290690949572784,4.1601535734311215,0.08586814749270191,True,valid,0.1167741533257507,evaluated,support,7.931187234876413e-06,7.931187234876414e-06,5,0.0073733387538284095,14656.088446975482,6791.538282603395,0.0006111215468693626,0.0,0.00024911801016158175,4.787740286355804,7.097232079488999e-06,0.0010270368828009504,0.1167741533257507,6.297155040057771,4.155883135597045,0.08555220297390306,0.007319179433687908,14716.311419352041,6819.1510723637375,0.012329075828575106,0.0006414254518473596,6.261512857083146e-06,0.00024911801016158175,True,valid
/workspace/junmiaoh/experiments/precision-mlps/mechanism-0365cd3-20260923/evidence/polynomial_confirmation/fork_inputs/N1024.npz,8,76bfb6ccdf4c1949ef7d589652e2ca08526317d750e259498cfa79a073fac859,gauss_left,33,20000,1.05,4.904514439681557,pure_effective_gradient_flow,False,False,4.904514439681557,0.0,0.0,0.23354830665150317,6.290690949572784,4.1601535734311215,0.06834997071747356,True,valid,0.23354830665150317,evaluated,support,1.1753089921653107e-05,1.1753089921653108e-05,8,0.004671718497079493,19697.398051108186,8937.67577860927,0.0006111215468693626,0.0,0.00025519405918991304,4.904514439681557,1.13555713271824e-05,0.0017243955371906033,0.23354830665150317,6.3015479471608575,4.152986004812826,0.06781967123491744,0.004599507806412289,19865.304802771025,9013.15955799483,0.007966421027417708,0.0006769825158651339,1.0295846280977933e-05,0.00025519405918991304,True,valid
/workspace/junmiaoh/experiments/precision-mlps/mechanism-0365cd3-20260923/evidence/polynomial_confirmation/fork_inputs/N1024.npz,8,76bfb6ccdf4c1949ef7d589652e2ca08526317d750e259498cfa79a073fac859,gauss_left,33,20000,1.1,5.138062746333059,pure_effective_gradient_flow,False,False,5.138062746333059,0.0,0.0,0.46709661330300545,6.290690949572784,4.1601535734311215,0.030730135320157503,True,valid,0.46709661330300545,evaluated,support,9.220445842413257e-06,9.220445842413259e-06,6,0.0009443412167951917,49848.276324066515,21693.74993431064,0.0006111215468693626,0.0,0.0002673461572465756,5.138062746333059,8.5166784953868e-06,0.0014194004081636935,0.46709661330300545,6.299626298793235,4.1542528384944415,0.03029356855162374,0.0009177002955919268,50596.07123250339,22017.553351610633,0.03618614148608512,0.0007371654023858429,8.066100242229196e-06,0.0002673461572465756,True,valid
/workspace/junmiaoh/experiments/precision-mlps/mechanism-0365cd3-20260923/evidence/polynomial_confirmation/fork_inputs/N1024.npz,8,76bfb6ccdf4c1949ef7d589652e2ca08526317d750e259498cfa79a073fac859,gauss_left,33,20000,1.25,5.838707666287567,pure_effective_gradient_flow,False,False,5.838707666287567,0.0,0.0,1.1677415332575132,6.290690949572784,4.1601535734311215,-0.10426187677244664,False,conditioning,,no_initial_region,conditioning,0.0,0.0,0,,,,,,,,,,,,,,,,,,,,,,
/workspace/junmiaoh/experiments/precision-mlps/mechanism-0365cd3-20260923/evidence/polynomial_confirmation/fork_inputs/N1024.npz,8,76bfb6ccdf4c1949ef7d589652e2ca08526317d750e259498cfa79a073fac859,gauss_left,33,20000,1.5,7.006449199545081,pure_effective_gradient_flow,False,False,7.006449199545081,0.0,0.0,2.3354830665150272,6.290690949572784,4.1601535734311215,-0.4127879241008321,False,conditioning,,no_initial_region,conditioning,0.0,0.0,0,,,,,,,,,,,,,,,,,,,,,,
/workspace/junmiaoh/experiments/precision-mlps/mechanism-0365cd3-20260923/evidence/polynomial_confirmation/fork_inputs/N1024.npz,8,76bfb6ccdf4c1949ef7d589652e2ca08526317d750e259498cfa79a073fac859,gauss_left,33,20000,2.0,9.341932266060107,pure_effective_gradient_flow,False,False,9.341932266060107,0.0,0.0,4.670966133030054,6.290690949572784,4.1601535734311215,-1.416345176949206,False,conditioning,,no_initial_region,conditioning,0.0,0.0,0,,,,,,,,,,,,,,,,,,,,,,
/workspace/junmiaoh/experiments/precision-mlps/mechanism-0365cd3-20260923/evidence/polynomial_confirmation/fork_inputs/N1024.npz,9,33ec37f940deafce9692ba28eed479552e85475d7034d18fa2deb08ff4d52981,bump_right,33,20000,1.01,4.738295126837273,pure_effective_gradient_flow,False,False,4.738295126837273,0.0,0.0,0.046913813137003046,6.191826445513911,4.0781612918803605,0.09219718955381659,True,valid,0.046913813137003046,evaluated,support,3.1871078736406924e-06,3.1871078736406928e-06,2,0.008500321761622387,14692.176131366605,6861.1117250907055,0.0004802182788137321,0.0,0.0002465452557900713,4.738295126837273,2.8388928317956e-06,0.00044947392638131794,0.046913813137003046,6.19461013560904,4.076328676599329,0.09205932183372093,0.008474918736484606,14716.84009091275,6872.517506143874,0.0051342812962287335,0.0004896794967100882,1.9397340209098506e-06,0.0002465452557900713,True,valid
/workspace/junmiaoh/experiments/precision-mlps/mechanism-0365cd3-20260923/evidence/polynomial_confirmation/fork_inputs/N1024.npz,9,33ec37f940deafce9692ba28eed479552e85475d7034d18fa2deb08ff4d52981,bump_right,33,20000,1.025,4.808665846542777,pure_effective_gradient_flow,False,False,4.808665846542777,0.0,0.0,0.11728453284250673,6.191826445513911,4.0781612918803605,0.08195479085159305,True,valid,0.11728453284250673,evaluated,support,6.7771049535733765e-06,6.777104953573377e-06,4,0.006716587743528359,17226.75259781418,7943.188418300297,0.0004802182788137321,0.0,0.0002502068189948743,4.808665846542777,5.6777856635912e-06,0.0009258475520132773,0.11728453284250673,6.1975617874874525,4.074387283579319,0.08167086710609209,0.006670130533860954,17293.099444295112,7973.500278146714,0.019098020738630997,0.0005024582609172742,3.9300349521244726e-06,0.0002502068189948743,True,valid
/workspace/junmiaoh/experiments/precision-mlps/mechanism-0365cd3-20260923/evidence/polynomial_confirmation/fork_inputs/N1024.npz,9,33ec37f940deafce9692ba28eed479552e85475d7034d18fa2deb08ff4d52981,bump_right,33,20000,1.05,4.9259503793852835,pure_effective_gradient_flow,False,False,4.9259503793852835,0.0,0.0,0.23456906568501346,6.191826445513911,4.0781612918803605,0.0642059109727609,True,valid,0.23456906568501346,evaluated,support,9.885481173916535e-06,9.885481173916537e-06,6,0.004122399003842099,23520.858727147337,10620.496208723365,0.0004802182788137321,0.0,0.00025630942433621274,4.9259503793852835,8.5166784953868e-06,0.001457342428689549,0.23456906568501346,6.200856635345203,4.072222342990881,0.06375910713065369,0.004065223742098174,23699.68810822653,10700.605647920198,0.03272644162630628,0.0005260384800620704,6.033365370441152e-06,0.00025630942433621274,True,valid
/workspace/junmiaoh/experiments/precision-mlps/mechanism-0365cd3-20260923/evidence/polynomial_confirmation/fork_inputs/N1024.npz,9,33ec37f940deafce9692ba28eed479552e85475d7034d18fa2deb08ff4d52981,bump_right,33,20000,1.1,5.160519445070298,pure_effective_gradient_flow,False,False,5.160519445070298,0.0,0.0,0.4691381313700278,6.191826445513911,4.0781612918803605,0.026090646576491905,True,valid,0.4691381313700278,evaluated,support,7.011076943986402e-06,7.0110769439864025e-06,4,0.0006807218387794088,65842.92787275565,28522.509368918672,0.0004802182788137321,0.0,0.00026851463501888955,5.160519445070298,5.6777856635912e-06,0.0010662943847101162,0.4691381313700278,6.198432276538232,4.073815088972561,0.025763674176571938,0.0006637669070765597,66707.70221926118,28895.66673730864,0.09038609605839582,0.0005658359246525065,4.174856530687867e-06,0.00026851463501888955,True,valid
/workspace/junmiaoh/experiments/precision-mlps/mechanism-0365cd3-20260923/evidence/polynomial_confirmation/fork_inputs/N1024.npz,9,33ec37f940deafce9692ba28eed479552e85475d7034d18fa2deb08ff4d52981,bump_right,33,20000,1.25,5.864226642125337,pure_effective_gradient_flow,False,False,5.864226642125337,0.0,0.0,1.1728453284250673,6.191826445513911,4.0781612918803605,-0.1106791233587856,False,conditioning,,no_initial_region,conditioning,0.0,0.0,0,,,,,,,,,,,,,,,,,,,,,,
/workspace/junmiaoh/experiments/precision-mlps/mechanism-0365cd3-20260923/evidence/polynomial_confirmation/fork_inputs/N1024.npz,9,33ec37f940deafce9692ba28eed479552e85475d7034d18fa2deb08ff4d52981,bump_right,33,20000,1.5,7.0370719705504055,pure_effective_gradient_flow,False,False,7.0370719705504055,0.0,0.0,2.3456906568501354,6.191826445513911,4.0781612918803605,-0.42326825999004625,False,conditioning,,no_initial_region,conditioning,0.0,0.0,0,,,,,,,,,,,,,,,,,,,,,,
/workspace/junmiaoh/experiments/precision-mlps/mechanism-0365cd3-20260923/evidence/polynomial_confirmation/fork_inputs/N1024.npz,9,33ec37f940deafce9692ba28eed479552e85475d7034d18fa2deb08ff4d52981,bump_right,33,20000,2.0,9.38276262740054,pure_effective_gradient_flow,False,False,9.38276262740054,0.0,0.0,4.69138131370027,6.191826445513911,4.0781612918803605,-1.4400417154060143,False,conditioning,,no_initial_region,conditioning,0.0,0.0,0,,,,,,,,,,,,,,,,,,,,,,
/workspace/junmiaoh/experiments/precision-mlps/mechanism-0365cd3-20260923/evidence/polynomial_confirmation/fork_inputs/N1024.npz,10,6c4a2291f157b79fb55d6ebce69f9be6c04eec231fde2a3481521cd9b6dfc987,step_right,33,20000,1.01,5.499699527265747,pure_effective_gradient_flow,False,False,5.499699527265747,0.0,0.0,0.05445247056698754,6.975921429260594,4.870973650157299,-0.024648830477722816,False,conditioning,,no_initial_region,conditioning,0.0,0.0,0,,,,,,,,,,,,,,,,,,,,,,
/workspace/junmiaoh/experiments/precision-mlps/mechanism-0365cd3-20260923/evidence/polynomial_confirmation/fork_inputs/N1024.npz,10,6c4a2291f157b79fb55d6ebce69f9be6c04eec231fde2a3481521cd9b6dfc987,step_right,33,20000,1.025,5.5813782331162285,pure_effective_gradient_flow,False,False,5.5813782331162285,0.0,0.0,0.13613117641746886,6.975921429260594,4.870973650157299,-0.04066476347517317,False,conditioning,,no_initial_region,conditioning,0.0,0.0,0,,,,,,,,,,,,,,,,,,,,,,
/workspace/junmiaoh/experiments/precision-mlps/mechanism-0365cd3-20260923/evidence/polynomial_confirmation/fork_inputs/N1024.npz,10,6c4a2291f157b79fb55d6ebce69f9be6c04eec231fde2a3481521cd9b6dfc987,step_right,33,20000,1.05,5.717509409533698,pure_effective_gradient_flow,False,False,5.717509409533698,0.0,0.0,0.2722623528349386,6.975921429260594,4.870973650157299,-0.06841850351045015,False,conditioning,,no_initial_region,conditioning,0.0,0.0,0,,,,,,,,,,,,,,,,,,,,,,
/workspace/junmiaoh/experiments/precision-mlps/mechanism-0365cd3-20260923/evidence/polynomial_confirmation/fork_inputs/N1024.npz,10,6c4a2291f157b79fb55d6ebce69f9be6c04eec231fde2a3481521cd9b6dfc987,step_right,33,20000,1.1,5.989771762368636,pure_effective_gradient_flow,False,False,5.989771762368636,0.0,0.0,0.5445247056698763,6.975921429260594,4.870973650157299,-0.12801894853298396,False,conditioning,,no_initial_region,conditioning,0.0,0.0,0,,,,,,,,,,,,,,,,,,,,,,
/workspace/junmiaoh/experiments/precision-mlps/mechanism-0365cd3-20260923/evidence/polynomial_confirmation/fork_inputs/N1024.npz,10,6c4a2291f157b79fb55d6ebce69f9be6c04eec231fde2a3481521cd9b6dfc987,step_right,33,20000,1.25,6.80655882087345,pure_effective_gradient_flow,False,False,6.80655882087345,0.0,0.0,1.3613117641746904,6.975921429260594,4.870973650157299,-0.3418844242915642,False,conditioning,,no_initial_region,conditioning,0.0,0.0,0,,,,,,,,,,,,,,,,,,,,,,
/workspace/junmiaoh/experiments/precision-mlps/mechanism-0365cd3-20260923/evidence/polynomial_confirmation/fork_inputs/N1024.npz,10,6c4a2291f157b79fb55d6ebce69f9be6c04eec231fde2a3481521cd9b6dfc987,step_right,33,20000,1.5,8.167870585048139,pure_effective_gradient_flow,False,False,8.167870585048139,0.0,0.0,2.722623528349379,6.975921429260594,4.870973650157299,-0.8306768266933819,False,conditioning,,no_initial_region,conditioning,0.0,0.0,0,,,,,,,,,,,,,,,,,,,,,,
/workspace/junmiaoh/experiments/precision-mlps/mechanism-0365cd3-20260923/evidence/polynomial_confirmation/fork_inputs/N1024.npz,10,6c4a2291f157b79fb55d6ebce69f9be6c04eec231fde2a3481521cd9b6dfc987,step_right,33,20000,2.0,10.89049411339752,pure_effective_gradient_flow,False,False,10.89049411339752,0.0,0.0,5.44524705669876,6.975921429260594,4.870973650157299,-2.420594970769627,False,conditioning,,no_initial_region,conditioning,0.0,0.0,0,,,,,,,,,,,,,,,,,,,,,,
/workspace/junmiaoh/experiments/precision-mlps/mechanism-0365cd3-20260923/evidence/polynomial_confirmation/fork_inputs/N1024.npz,11,c4d8047164ccb0b5587b4a134d154e241288b288e14ac8285d057d2de8e6bc4d,kink_abs,33,20000,1.01,4.858747554206785,pure_effective_gradient_flow,False,False,4.858747554206785,0.0,0.0,0.04810641142779026,6.387442210702592,4.192079073910373,0.07427931895211431,True,valid,0.04810641142779026,evaluated,support,4.974448193927692e-06,4.9744481939276925e-06,3,0.005517417223989929,9653.048857089998,4453.7321792253215,0.0006791749612247705,0.0,0.00025281269454629194,4.858747554206785,4.2583392476934e-06,0.0003444822109352913,0.04810641142779026,6.389642949953554,4.190635225946824,0.07417360064915757,0.005501723033260708,9668.158332855346,4460.576909292945,0.006936113346078354,0.0006921989532127395,4.11399805097344e-06,0.00025281269454629194,True,valid
/workspace/junmiaoh/experiments/precision-mlps/mechanism-0365cd3-20260923/evidence/polynomial_confirmation/fork_inputs/N1024.npz,11,c4d8047164ccb0b5587b4a134d154e241288b288e14ac8285d057d2de8e6bc4d,kink_abs,33,20000,1.025,4.930907171348469,pure_effective_gradient_flow,False,False,4.930907171348469,0.0,0.0,0.12026602856947477,6.387442210702592,4.192079073910373,0.06323577763949068,True,valid,0.12026602856947477,evaluated,support,1.0133292367656185e-05,1.0133292367656187e-05,7,0.003998763573671109,11815.727673791585,5376.955890912604,0.0006791749612247705,0.0,0.00025656733852470217,4.930907171348469,9.9361249112846e-06,0.0008278441198729642,0.12026602856947477,6.392732206521603,4.188610121972839,0.06298177719698844,0.003966704258891093,11867.37728365976,5400.074247443647,0.0023502855096900616,0.0007166120222128195,9.768165494600739e-06,0.00025656733852470217,True,valid
/workspace/junmiaoh/experiments/precision-mlps/mechanism-0365cd3-20260923/evidence/polynomial_confirmation/fork_inputs/N1024.npz,11,c4d8047164ccb0b5587b4a134d154e241288b288e14ac8285d057d2de8e6bc4d,kink_abs,33,20000,1.05,5.051173199917944,pure_effective_gradient_flow,False,False,5.051173199917944,0.0,0.0,0.24053205713894954,6.387442210702592,4.192079073910373,0.04409861124973424,True,valid,0.24053205713894954,evaluated,support,1.316356652877876e-05,1.3163566528778761e-05,9,0.0019446875141551875,18117.73045136976,8054.97976253206,0.0006791749612247705,0.0,0.00026282507848871927,5.051173199917944,1.27750177430802e-05,0.0011169247256822624,0.24053205713894954,6.394580488559015,4.1873994510204575,0.043755960635766034,0.0019145840911587067,18267.956101906686,8120.923841160299,0.007158593807281399,0.0007534206586029219,1.2881808726686509e-05,0.00026282507848871927,True,valid
/workspace/junmiaoh/experiments/precision-mlps/mechanism-0365cd3-20260923/evidence/polynomial_confirmation/fork_inputs/N1024.npz,11,c4d8047164ccb0b5587b4a134d154e241288b288e14ac8285d057d2de8e6bc4d,kink_abs,33,20000,1.1,5.291705257056894,pure_effective_gradient_flow,False,False,5.291705257056894,0.0,0.0,0.48106411427789997,6.387442210702592,4.192079073910373,0.0030020371717900396,True,valid,0.48106411427789997,evaluated,support,1.5656401390043916e-06,1.5656401390043918e-06,1,9.012227180809139e-06,302525.411010194,128108.24880579759,0.0006791749612247705,0.0,0.0002753405584167536,5.291705257056894,1.4194464158978e-06,0.00013620346868990047,0.48106411427789997,6.388312261738386,4.191508137082154,0.002960233584100691,8.762982872437623e-06,306814.8812911415,129922.77088134384,0.04555683068508021,0.0008167207038731978,1.491670398321708e-06,0.0002753405584167536,True,valid
/workspace/junmiaoh/experiments/precision-mlps/mechanism-0365cd3-20260923/evidence/polynomial_confirmation/fork_inputs/N1024.npz,11,c4d8047164ccb0b5587b4a134d154e241288b288e14ac8285d057d2de8e6bc4d,kink_abs,33,20000,1.25,6.013301428473743,pure_effective_gradient_flow,False,False,6.013301428473743,0.0,0.0,1.2026602856947486,6.387442210702592,4.192079073910373,-0.1444656262643509,False,conditioning,,no_initial_region,conditioning,0.0,0.0,0,,,,,,,,,,,,,,,,,,,,,,
/workspace/junmiaoh/experiments/precision-mlps/mechanism-0365cd3-20260923/evidence/polynomial_confirmation/fork_inputs/N1024.npz,11,c4d8047164ccb0b5587b4a134d154e241288b288e14ac8285d057d2de8e6bc4d,kink_abs,33,20000,1.5,7.2159617141684915,pure_effective_gradient_flow,False,False,7.2159617141684915,0.0,0.0,2.405320571389497,6.387442210702592,4.192079073910373,-0.4815049414313402,False,conditioning,,no_initial_region,conditioning,0.0,0.0,0,,,,,,,,,,,,,,,,,,,,,,
/workspace/junmiaoh/experiments/precision-mlps/mechanism-0365cd3-20260923/evidence/polynomial_confirmation/fork_inputs/N1024.npz,11,c4d8047164ccb0b5587b4a134d154e241288b288e14ac8285d057d2de8e6bc4d,kink_abs,33,20000,2.0,9.621282285557989,pure_effective_gradient_flow,False,False,9.621282285557989,0.0,0.0,4.810641142778994,6.387442210702592,4.192079073910373,-1.5778086479085796,False,conditioning,,no_initial_region,conditioning,0.0,0.0,0,,,,,,,,,,,,,,,,,,,,,,
/workspace/junmiaoh/experiments/precision-mlps/mechanism-0365cd3-20260923/evidence/population_coverage_inputs/fresh_all.npz,0,10ff0611e828e2fe41caf3f7dc9cffb48ed3040a58222ebcb0099eeb2188583a,sine,20,100000,1.01,3.9299927242567914,pure_effective_gradient_flow,False,False,3.9299927242567914,0.0,0.0,0.03891081905204752,6.4133513176660895,4.154804369035927,-0.7122951129212794,False,conditioning,,no_initial_region,conditioning,0.0,0.0,0,,,,,,,,,,,,,,,,,,,,,,
/workspace/junmiaoh/experiments/precision-mlps/mechanism-0365cd3-20260923/evidence/population_coverage_inputs/fresh_all.npz,0,10ff0611e828e2fe41caf3f7dc9cffb48ed3040a58222ebcb0099eeb2188583a,sine,20,100000,1.025,3.988358952834862,pure_effective_gradient_flow,False,False,3.988358952834862,0.0,0.0,0.09727704763011813,6.4133513176660895,4.154804369035927,-0.7588160357187826,False,conditioning,,no_initial_region,conditioning,0.0,0.0,0,,,,,,,,,,,,,,,,,,,,,,
/workspace/junmiaoh/experiments/precision-mlps/mechanism-0365cd3-20260923/evidence/population_coverage_inputs/fresh_all.npz,0,10ff0611e828e2fe41caf3f7dc9cffb48ed3040a58222ebcb0099eeb2188583a,sine,20,100000,1.05,4.085636000464981,pure_effective_gradient_flow,False,False,4.085636000464981,0.0,0.0,0.19455409526023715,6.4133513176660895,4.154804369035927,-0.8394313578313718,False,conditioning,,no_initial_region,conditioning,0.0,0.0,0,,,,,,,,,,,,,,,,,,,,,,
/workspace/junmiaoh/experiments/precision-mlps/mechanism-0365cd3-20260923/evidence/population_coverage_inputs/fresh_all.npz,0,10ff0611e828e2fe41caf3f7dc9cffb48ed3040a58222ebcb0099eeb2188583a,sine,20,100000,1.1,4.280190095725218,pure_effective_gradient_flow,False,False,4.280190095725218,0.0,0.0,0.3891081905204743,6.4133513176660895,4.154804369035927,-1.0125506948085894,False,conditioning,,no_initial_region,conditioning,0.0,0.0,0,,,,,,,,,,,,,,,,,,,,,,
/workspace/junmiaoh/experiments/precision-mlps/mechanism-0365cd3-20260923/evidence/population_coverage_inputs/fresh_all.npz,0,10ff0611e828e2fe41caf3f7dc9cffb48ed3040a58222ebcb0099eeb2188583a,sine,20,100000,1.25,4.86385238150593,pure_effective_gradient_flow,False,False,4.86385238150593,0.0,0.0,0.9727704763011857,6.4133513176660895,4.154804369035927,-1.6337582940411863,False,conditioning,,no_initial_region,conditioning,0.0,0.0,0,,,,,,,,,,,,,,,,,,,,,,
/workspace/junmiaoh/experiments/precision-mlps/mechanism-0365cd3-20260923/evidence/population_coverage_inputs/fresh_all.npz,0,10ff0611e828e2fe41caf3f7dc9cffb48ed3040a58222ebcb0099eeb2188583a,sine,20,100000,1.5,5.836622857807116,pure_effective_gradient_flow,False,False,5.836622857807116,0.0,0.0,1.9455409526023724,6.4133513176660895,4.154804369035927,-3.053536562329472,False,conditioning,,no_initial_region,conditioning,0.0,0.0,0,,,,,,,,,,,,,,,,,,,,,,
/workspace/junmiaoh/experiments/precision-mlps/mechanism-0365cd3-20260923/evidence/population_coverage_inputs/fresh_all.npz,0,10ff0611e828e2fe41caf3f7dc9cffb48ed3040a58222ebcb0099eeb2188583a,sine,20,100000,2.0,7.782163810409488,pure_effective_gradient_flow,False,False,7.782163810409488,0.0,0.0,3.891081905204744,6.4133513176660895,4.154804369035927,-7.671716424014443,False,conditioning,,no_initial_region,conditioning,0.0,0.0,0,,,,,,,,,,,,,,,,,,,,,,
/workspace/junmiaoh/experiments/precision-mlps/mechanism-0365cd3-20260923/evidence/population_coverage_inputs/fresh_all.npz,1,7a46d548054ec1a58f604c0514e0bb36f05f91c6b5ea74c20d43f0085c4031dd,runge,20,100000,1.01,9.562833702230826,pure_effective_gradient_flow,False,False,9.562833702230826,0.0,0.0,0.09468152180426515,8.519823362246047,5.789412921578177,-14.494962380881535,False,conditioning,,no_initial_region,conditioning,0.0,0.0,0,,,,,,,,,,,,,,,,,,,,,,
/workspace/junmiaoh/experiments/precision-mlps/mechanism-0365cd3-20260923/evidence/population_coverage_inputs/fresh_all.npz,1,7a46d548054ec1a58f604c0514e0bb36f05f91c6b5ea74c20d43f0085c4031dd,runge,20,100000,1.025,9.704855984937224,pure_effective_gradient_flow,False,False,9.704855984937224,0.0,0.0,0.23670380451066286,8.519823362246047,5.789412921578177,-15.165206315015604,False,conditioning,,no_initial_region,conditioning,0.0,0.0,0,,,,,,,,,,,,,,,,,,,,,,
/workspace/junmiaoh/experiments/precision-mlps/mechanism-0365cd3-20260923/evidence/population_coverage_inputs/fresh_all.npz,1,7a46d548054ec1a58f604c0514e0bb36f05f91c6b5ea74c20d43f0085c4031dd,runge,20,100000,1.05,9.94155978944789,pure_effective_gradient_flow,False,False,9.94155978944789,0.0,0.0,0.4734076090213293,8.519823362246047,5.789412921578177,-16.326660718648515,False,conditioning,,no_initial_region,conditioning,0.0,0.0,0,,,,,,,,,,,,,,,,,,,,,,
/workspace/junmiaoh/experiments/precision-mlps/mechanism-0365cd3-20260923/evidence/population_coverage_inputs/fresh_all.npz,1,7a46d548054ec1a58f604c0514e0bb36f05f91c6b5ea74c20d43f0085c4031dd,runge,20,100000,1.1,10.414967398469217,pure_effective_gradient_flow,False,False,10.414967398469217,0.0,0.0,0.9468152180426568,8.519823362246047,5.789412921578177,-18.820854266686187,False,conditioning,,no_initial_region,conditioning,0.0,0.0,0,,,,,,,,,,,,,,,,,,,,,,
/workspace/junmiaoh/experiments/precision-mlps/mechanism-0365cd3-20260923/evidence/population_coverage_inputs/fresh_all.npz,1,7a46d548054ec1a58f604c0514e0bb36f05f91c6b5ea74c20d43f0085c4031dd,runge,20,100000,1.25,11.8351902255332,pure_effective_gradient_flow,False,False,11.8351902255332,0.0,0.0,2.3670380451066393,8.519823362246047,5.789412921578177,-27.770819146703108,False,conditioning,,no_initial_region,conditioning,0.0,0.0,0,,,,,,,,,,,,,,,,,,,,,,
/workspace/junmiaoh/experiments/precision-mlps/mechanism-0365cd3-20260923/evidence/population_coverage_inputs/fresh_all.npz,1,7a46d548054ec1a58f604c0514e0bb36f05f91c6b5ea74c20d43f0085c4031dd,runge,20,100000,1.5,14.202228270639841,pure_effective_gradient_flow,False,False,14.202228270639841,0.0,0.0,4.73407609021328,8.519823362246047,5.789412921578177,-48.226083464603995,False,conditioning,,no_initial_region,conditioning,0.0,0.0,0,,,,,,,,,,,,,,,,,,,,,,
/workspace/junmiaoh/experiments/precision-mlps/mechanism-0365cd3-20260923/evidence/population_coverage_inputs/fresh_all.npz,1,7a46d548054ec1a58f604c0514e0bb36f05f91c6b5ea74c20d43f0085c4031dd,runge,20,100000,2.0,18.93630436085312,pure_effective_gradient_flow,False,False,18.93630436085312,0.0,0.0,9.46815218042656,8.519823362246047,5.789412921578177,-114.76188827887496,False,conditioning,,no_initial_region,conditioning,0.0,0.0,0,,,,,,,,,,,,,,,,,,,,,,
/workspace/junmiaoh/experiments/precision-mlps/mechanism-0365cd3-20260923/evidence/population_coverage_inputs/fresh_all.npz,2,3319d4aa85cfe61ea567f1db4f39b9f7c0b12a3be95f8fac51ddf529bb4a8520,moment3,20,100000,1.01,4.179737192892588,pure_effective_gradient_flow,False,False,4.179737192892588,0.0,0.0,0.04138353656329308,6.29763812221468,4.018767489755092,-0.9237413396767299,False,conditioning,,no_initial_region,conditioning,0.0,0.0,0,,,,,,,,,,,,,,,,,,,,,,
/workspace/junmiaoh/experiments/precision-mlps/mechanism-0365cd3-20260923/evidence/population_coverage_inputs/fresh_all.npz,2,3319d4aa85cfe61ea567f1db4f39b9f7c0b12a3be95f8fac51ddf529bb4a8520,moment3,20,100000,1.025,4.241812497737527,pure_effective_gradient_flow,False,False,4.241812497737527,0.0,0.0,0.1034588414082318,6.29763812221468,4.018767489755092,-0.9797067908231257,False,conditioning,,no_initial_region,conditioning,0.0,0.0,0,,,,,,,,,,,,,,,,,,,,,,
/workspace/junmiaoh/experiments/precision-mlps/mechanism-0365cd3-20260923/evidence/population_coverage_inputs/fresh_all.npz,2,3319d4aa85cfe61ea567f1db4f39b9f7c0b12a3be95f8fac51ddf529bb4a8520,moment3,20,100000,1.05,4.345271339145761,pure_effective_gradient_flow,False,False,4.345271339145761,0.0,0.0,0.2069176828164654,6.29763812221468,4.018767489755092,-1.0766883767426827,False,conditioning,,no_initial_region,conditioning,0.0,0.0,0,,,,,,,,,,,,,,,,,,,,,,
/workspace/junmiaoh/experiments/precision-mlps/mechanism-0365cd3-20260923/evidence/population_coverage_inputs/fresh_all.npz,2,3319d4aa85cfe61ea567f1db4f39b9f7c0b12a3be95f8fac51ddf529bb4a8520,moment3,20,100000,1.1,4.552189021962225,pure_effective_gradient_flow,False,False,4.552189021962225,0.0,0.0,0.4138353656329299,6.29763812221468,4.018767489755092,-1.2849538455569633,False,conditioning,,no_initial_region,conditioning,0.0,0.0,0,,,,,,,,,,,,,,,,,,,,,,
/workspace/junmiaoh/experiments/precision-mlps/mechanism-0365cd3-20260923/evidence/population_coverage_inputs/fresh_all.npz,2,3319d4aa85cfe61ea567f1db4f39b9f7c0b12a3be95f8fac51ddf529bb4a8520,moment3,20,100000,1.25,5.172942070411619,pure_effective_gradient_flow,False,False,5.172942070411619,0.0,0.0,1.0345884140823234,6.29763812221468,4.018767489755092,-2.0322770166374777,False,conditioning,,no_initial_region,conditioning,0.0,0.0,0,,,,,,,,,,,,,,,,,,,,,,
/workspace/junmiaoh/experiments/precision-mlps/mechanism-0365cd3-20260923/evidence/population_coverage_inputs/fresh_all.npz,2,3319d4aa85cfe61ea567f1db4f39b9f7c0b12a3be95f8fac51ddf529bb4a8520,moment3,20,100000,1.5,6.207530484493943,pure_effective_gradient_flow,False,False,6.207530484493943,0.0,0.0,2.0691768281646477,6.29763812221468,4.018767489755092,-3.740294109472694,False,conditioning,,no_initial_region,conditioning,0.0,0.0,0,,,,,,,,,,,,,,,,,,,,,,
/workspace/junmiaoh/experiments/precision-mlps/mechanism-0365cd3-20260923/evidence/population_coverage_inputs/fresh_all.npz,2,3319d4aa85cfe61ea567f1db4f39b9f7c0b12a3be95f8fac51ddf529bb4a8520,moment3,20,100000,2.0,8.27670731265859,pure_effective_gradient_flow,False,False,8.27670731265859,0.0,0.0,4.138353656329295,6.29763812221468,4.018767489755092,-9.296042015837793,False,conditioning,,no_initial_region,conditioning,0.0,0.0,0,,,,,,,,,,,,,,,,,,,,,,
/workspace/junmiaoh/experiments/precision-mlps/mechanism-0365cd3-20260923/evidence/population_coverage_inputs/fresh_all.npz,3,501e14957b9cf6927896d299cdf6d1e84f20ee4cedb951390d8ea37e7d3320cc,moment5,20,100000,1.01,4.585145543495768,pure_effective_gradient_flow,False,False,4.585145543495768,0.0,0.0,0.04539748062867144,6.544848040271533,4.28612458464801,-1.315396800277011,False,conditioning,,no_initial_region,conditioning,0.0,0.0,0,,,,,,,,,,,,,,,,,,,,,,
/workspace/junmiaoh/experiments/precision-mlps/mechanism-0365cd3-20260923/evidence/population_coverage_inputs/fresh_all.npz,3,501e14957b9cf6927896d299cdf6d1e84f20ee4cedb951390d8ea37e7d3320cc,moment5,20,100000,1.025,4.653241764438774,pure_effective_gradient_flow,False,False,4.653241764438774,0.0,0.0,0.11349370157167726,6.544848040271533,4.28612458464801,-1.3892777482285643,False,conditioning,,no_initial_region,conditioning,0.0,0.0,0,,,,,,,,,,,,,,,,,,,,,,
/workspace/junmiaoh/experiments/precision-mlps/mechanism-0365cd3-20260923/evidence/population_coverage_inputs/fresh_all.npz,3,501e14957b9cf6927896d299cdf6d1e84f20ee4cedb951390d8ea37e7d3320cc,moment5,20,100000,1.05,4.766735466010452,pure_effective_gradient_flow,False,False,4.766735466010452,0.0,0.0,0.22698740314335542,6.544848040271533,4.28612458464801,-1.5173047962521595,False,conditioning,,no_initial_region,conditioning,0.0,0.0,0,,,,,,,,,,,,,,,,,,,,,,
/workspace/junmiaoh/experiments/precision-mlps/mechanism-0365cd3-20260923/evidence/population_coverage_inputs/fresh_all.npz,3,501e14957b9cf6927896d299cdf6d1e84f20ee4cedb951390d8ea37e7d3320cc,moment5,20,100000,1.1,4.993722869153807,pure_effective_gradient_flow,False,False,4.993722869153807,0.0,0.0,0.45397480628670994,6.544848040271533,4.28612458464801,-1.792239598820343,False,conditioning,,no_initial_region,conditioning,0.0,0.0,0,,,,,,,,,,,,,,,,,,,,,,
/workspace/junmiaoh/experiments/precision-mlps/mechanism-0365cd3-20260923/evidence/population_coverage_inputs/fresh_all.npz,3,501e14957b9cf6927896d299cdf6d1e84f20ee4cedb951390d8ea37e7d3320cc,moment5,20,100000,1.25,5.674685078583871,pure_effective_gradient_flow,False,False,5.674685078583871,0.0,0.0,1.1349370157167744,6.544848040271533,4.28612458464801,-2.77879368128743,False,conditioning,,no_initial_region,conditioning,0.0,0.0,0,,,,,,,,,,,,,,,,,,,,,,
/workspace/junmiaoh/experiments/precision-mlps/mechanism-0365cd3-20260923/evidence/population_coverage_inputs/fresh_all.npz,3,501e14957b9cf6927896d299cdf6d1e84f20ee4cedb951390d8ea37e7d3320cc,moment5,20,100000,1.5,6.809622094300645,pure_effective_gradient_flow,False,False,6.809622094300645,0.0,0.0,2.269874031433548,6.544848040271533,4.28612458464801,-5.033576218571557,False,conditioning,,no_initial_region,conditioning,0.0,0.0,0,,,,,,,,,,,,,,,,,,,,,,
/workspace/junmiaoh/experiments/precision-mlps/mechanism-0365cd3-20260923/evidence/population_coverage_inputs/fresh_all.npz,3,501e14957b9cf6927896d299cdf6d1e84f20ee4cedb951390d8ea37e7d3320cc,moment5,20,100000,2.0,9.079496125734194,pure_effective_gradient_flow,False,False,9.079496125734194,0.0,0.0,4.539748062867097,6.544848040271533,4.28612458464801,-12.36781392226499,False,conditioning,,no_initial_region,conditioning,0.0,0.0,0,,,,,,,,,,,,,,,,,,,,,,
/workspace/junmiaoh/experiments/precision-mlps/mechanism-0365cd3-20260923/evidence/population_coverage_inputs/fresh_all.npz,4,06faa8940f5a2ba5efff88cbd4c3262183085aebc854bb951ab721753e9ec32d,moment9,20,100000,1.01,4.577374453094248,pure_effective_gradient_flow,False,False,4.577374453094248,0.0,0.0,0.04532053913954748,6.540264963549463,4.281223200405869,-1.3071821718195404,False,conditioning,,no_initial_region,conditioning,0.0,0.0,0,,,,,,,,,,,,,,,,,,,,,,
/workspace/junmiaoh/experiments/precision-mlps/mechanism-0365cd3-20260923/evidence/population_coverage_inputs/fresh_all.npz,4,06faa8940f5a2ba5efff88cbd4c3262183085aebc854bb951ab721753e9ec32d,moment9,20,100000,1.025,4.645355261803568,pure_effective_gradient_flow,False,False,4.645355261803568,0.0,0.0,0.11330134784886692,6.540264963549463,4.281223200405869,-1.38068810680697,False,conditioning,,no_initial_region,conditioning,0.0,0.0,0,,,,,,,,,,,,,,,,,,,,,,
/workspace/junmiaoh/experiments/precision-mlps/mechanism-0365cd3-20260923/evidence/population_coverage_inputs/fresh_all.npz,4,06faa8940f5a2ba5efff88cbd4c3262183085aebc854bb951ab721753e9ec32d,moment9,20,100000,1.05,4.758656609652436,pure_effective_gradient_flow,False,False,4.758656609652436,0.0,0.0,0.2266026956977356,6.540264963549463,4.281223200405869,-1.5080653011930791,False,conditioning,,no_initial_region,conditioning,0.0,0.0,0,,,,,,,,,,,,,,,,,,,,,,
/workspace/junmiaoh/experiments/precision-mlps/mechanism-0365cd3-20260923/evidence/population_coverage_inputs/fresh_all.npz,4,06faa8940f5a2ba5efff88cbd4c3262183085aebc854bb951ab721753e9ec32d,moment9,20,100000,1.1,4.985259305350171,pure_effective_gradient_flow,False,False,4.985259305350171,0.0,0.0,0.45320539139547034,6.540264963549463,4.281223200405869,-1.7816045597392858,False,conditioning,,no_initial_region,conditioning,0.0,0.0,0,,,,,,,,,,,,,,,,,,,,,,
/workspace/junmiaoh/experiments/precision-mlps/mechanism-0365cd3-20260923/evidence/population_coverage_inputs/fresh_all.npz,4,06faa8940f5a2ba5efff88cbd4c3262183085aebc854bb951ab721753e9ec32d,moment9,20,100000,1.25,5.665067392443376,pure_effective_gradient_flow,False,False,5.665067392443376,0.0,0.0,1.1330134784886754,6.540264963549463,4.281223200405869,-2.763150983520448,False,conditioning,,no_initial_region,conditioning,0.0,0.0,0,,,,,,,,,,,,,,,,,,,,,,
/workspace/junmiaoh/experiments/precision-mlps/mechanism-0365cd3-20260923/evidence/population_coverage_inputs/fresh_all.npz,4,06faa8940f5a2ba5efff88cbd4c3262183085aebc854bb951ab721753e9ec32d,moment9,20,100000,1.5,6.798080870932051,pure_effective_gradient_flow,False,False,6.798080870932051,0.0,0.0,2.26602695697735,6.540264963549463,4.281223200405869,-5.00648844996825,False,conditioning,,no_initial_region,conditioning,0.0,0.0,0,,,,,,,,,,,,,,,,,,,,,,
/workspace/junmiaoh/experiments/precision-mlps/mechanism-0365cd3-20260923/evidence/population_coverage_inputs/fresh_all.npz,4,06faa8940f5a2ba5efff88cbd4c3262183085aebc854bb951ab721753e9ec32d,moment9,20,100000,2.0,9.064107827909401,pure_effective_gradient_flow,False,False,9.064107827909401,0.0,0.0,4.532053913954701,6.540264963549463,4.281223200405869,-12.30349823094133,False,conditioning,,no_initial_region,conditioning,0.0,0.0,0,,,,,,,,,,,,,,,,,,,,,,
/workspace/junmiaoh/experiments/precision-mlps/mechanism-0365cd3-20260923/evidence/population_coverage_inputs/fresh_all.npz,5,d9295a9f8dc238e009c6e8421c0eaed9eeb27dad22b4682198ecbca2f6472042,mixed_sine,20,100000,1.01,3.9108377344678926,pure_effective_gradient_flow,False,False,3.9108377344678926,0.0,0.0,0.03872116568780104,6.508356871928875,4.248783456832772,-0.6959426368294037,False,conditioning,,no_initial_region,conditioning,0.0,0.0,0,,,,,,,,,,,,,,,,,,,,,,
/workspace/junmiaoh/experiments/precision-mlps/mechanism-0365cd3-20260923/evidence/population_coverage_inputs/fresh_all.npz,5,d9295a9f8dc238e009c6e8421c0eaed9eeb27dad22b4682198ecbca2f6472042,mixed_sine,20,100000,1.025,3.9689194829995937,pure_effective_gradient_flow,False,False,3.9689194829995937,0.0,0.0,0.09680291421950216,6.508356871928875,4.248783456832772,-0.7417866335250696,False,conditioning,,no_initial_region,conditioning,0.0,0.0,0,,,,,,,,,,,,,,,,,,,,,,
/workspace/junmiaoh/experiments/precision-mlps/mechanism-0365cd3-20260923/evidence/population_coverage_inputs/fresh_all.npz,5,d9295a9f8dc238e009c6e8421c0eaed9eeb27dad22b4682198ecbca2f6472042,mixed_sine,20,100000,1.05,4.065722397219096,pure_effective_gradient_flow,False,False,4.065722397219096,0.0,0.0,0.1936058284390043,6.508356871928875,4.248783456832772,-0.8212289218183679,False,conditioning,,no_initial_region,conditioning,0.0,0.0,0,,,,,,,,,,,,,,,,,,,,,,
/workspace/junmiaoh/experiments/precision-mlps/mechanism-0365cd3-20260923/evidence/population_coverage_inputs/fresh_all.npz,5,d9295a9f8dc238e009c6e8421c0eaed9eeb27dad22b4682198ecbca2f6472042,mixed_sine,20,100000,1.1,4.259328225658101,pure_effective_gradient_flow,False,False,4.259328225658101,0.0,0.0,0.3872116568780095,6.508356871928875,4.248783456832772,-0.9918291987493613,False,conditioning,,no_initial_region,conditioning,0.0,0.0,0,,,,,,,,,,,,,,,,,,,,,,
/workspace/junmiaoh/experiments/precision-mlps/mechanism-0365cd3-20260923/evidence/population_coverage_inputs/fresh_all.npz,5,d9295a9f8dc238e009c6e8421c0eaed9eeb27dad22b4682198ecbca2f6472042,mixed_sine,20,100000,1.25,4.840145710975115,pure_effective_gradient_flow,False,False,4.840145710975115,0.0,0.0,0.9680291421950233,6.508356871928875,4.248783456832772,-1.6039976041462978,False,conditioning,,no_initial_region,conditioning,0.0,0.0,0,,,,,,,,,,,,,,,,,,,,,,
/workspace/junmiaoh/experiments/precision-mlps/mechanism-0365cd3-20260923/evidence/population_coverage_inputs/fresh_all.npz,5,d9295a9f8dc238e009c6e8421c0eaed9eeb27dad22b4682198ecbca2f6472042,mixed_sine,20,100000,1.5,5.808174853170137,pure_effective_gradient_flow,False,False,5.808174853170137,0.0,0.0,1.9360582843900458,6.508356871928875,4.248783456832772,-3.0031166741463275,False,conditioning,,no_initial_region,conditioning,0.0,0.0,0,,,,,,,,,,,,,,,,,,,,,,
/workspace/junmiaoh/experiments/precision-mlps/mechanism-0365cd3-20260923/evidence/population_coverage_inputs/fresh_all.npz,5,d9295a9f8dc238e009c6e8421c0eaed9eeb27dad22b4682198ecbca2f6472042,mixed_sine,20,100000,2.0,7.744233137560183,pure_effective_gradient_flow,False,False,7.744233137560183,0.0,0.0,3.8721165687800916,6.508356871928875,4.248783456832772,-7.554097385355218,False,conditioning,,no_initial_region,conditioning,0.0,0.0,0,,,,,,,,,,,,,,,,,,,,,,
/workspace/junmiaoh/experiments/precision-mlps/mechanism-0365cd3-20260923/evidence/population_coverage_inputs/fresh_all.npz,6,364f1099e37db53a513b2114a97b8893c521861eaa18c0c540732e2d2c350382,localized_sine,20,100000,1.01,4.646617693292034,pure_effective_gradient_flow,False,False,4.646617693292034,0.0,0.0,0.04600611577516833,6.582453752942022,4.335120049396774,-1.3810316124009046,False,conditioning,,no_initial_region,conditioning,0.0,0.0,0,,,,,,,,,,,,,,,,,,,,,,
/workspace/junmiaoh/experiments/precision-mlps/mechanism-0365cd3-20260923/evidence/population_coverage_inputs/fresh_all.npz,6,364f1099e37db53a513b2114a97b8893c521861eaa18c0c540732e2d2c350382,localized_sine,20,100000,1.025,4.7156268669547865,pure_effective_gradient_flow,False,False,4.7156268669547865,0.0,0.0,0.11501528943792128,6.582453752942022,4.335120049396774,-1.4579240992778253,False,conditioning,,no_initial_region,conditioning,0.0,0.0,0,,,,,,,,,,,,,,,,,,,,,,
/workspace/junmiaoh/experiments/precision-mlps/mechanism-0365cd3-20260923/evidence/population_coverage_inputs/fresh_all.npz,6,364f1099e37db53a513b2114a97b8893c521861eaa18c0c540732e2d2c350382,localized_sine,20,100000,1.05,4.830642156392709,pure_effective_gradient_flow,False,False,4.830642156392709,0.0,0.0,0.23003057887584344,6.582453752942022,4.335120049396774,-1.5911697922878876,False,conditioning,,no_initial_region,conditioning,0.0,0.0,0,,,,,,,,,,,,,,,,,,,,,,
/workspace/junmiaoh/experiments/precision-mlps/mechanism-0365cd3-20260923/evidence/population_coverage_inputs/fresh_all.npz,6,364f1099e37db53a513b2114a97b8893c521861eaa18c0c540732e2d2c350382,localized_sine,20,100000,1.1,5.060672735268552,pure_effective_gradient_flow,False,False,5.060672735268552,0.0,0.0,0.4600611577516869,6.582453752942022,4.335120049396774,-1.877311501140152,False,conditioning,,no_initial_region,conditioning,0.0,0.0,0,,,,,,,,,,,,,,,,,,,,,,
/workspace/junmiaoh/experiments/precision-mlps/mechanism-0365cd3-20260923/evidence/population_coverage_inputs/fresh_all.npz,6,364f1099e37db53a513b2114a97b8893c521861eaa18c0c540732e2d2c350382,localized_sine,20,100000,1.25,5.7507644718960815,pure_effective_gradient_flow,False,False,5.7507644718960815,0.0,0.0,1.1501528943792163,6.582453752942022,4.335120049396774,-2.9040795508573223,False,conditioning,,no_initial_region,conditioning,0.0,0.0,0,,,,,,,,,,,,,,,,,,,,,,
/workspace/junmiaoh/experiments/precision-mlps/mechanism-0365cd3-20260923/evidence/population_coverage_inputs/fresh_all.npz,6,364f1099e37db53a513b2114a97b8893c521861eaa18c0c540732e2d2c350382,localized_sine,20,100000,1.5,6.900917366275298,pure_effective_gradient_flow,False,False,6.900917366275298,0.0,0.0,2.3003057887584326,6.582453752942022,4.335120049396774,-5.250771647608943,False,conditioning,,no_initial_region,conditioning,0.0,0.0,0,,,,,,,,,,,,,,,,,,,,,,
/workspace/junmiaoh/experiments/precision-mlps/mechanism-0365cd3-20260923/evidence/population_coverage_inputs/fresh_all.npz,6,364f1099e37db53a513b2114a97b8893c521861eaa18c0c540732e2d2c350382,localized_sine,20,100000,2.0,9.20122315503373,pure_effective_gradient_flow,False,False,9.20122315503373,0.0,0.0,4.600611577516865,6.582453752942022,4.335120049396774,-12.883967918361467,False,conditioning,,no_initial_region,conditioning,0.0,0.0,0,,,,,,,,,,,,,,,,,,,,,,
/workspace/junmiaoh/experiments/precision-mlps/mechanism-0365cd3-20260923/evidence/population_coverage_inputs/fresh_all.npz,7,9f8f82c5a012e1b11448ebf2a3b82846dd8f715f387ca97ca10aec375702e09f,chirp,20,100000,1.01,4.7868590847890005,pure_effective_gradient_flow,False,False,4.7868590847890005,0.0,0.0,0.04739464440385177,6.557193591410301,4.24677164995877,-1.5423953815504299,False,conditioning,,no_initial_region,conditioning,0.0,0.0,0,,,,,,,,,,,,,,,,,,,,,,
/workspace/junmiaoh/experiments/precision-mlps/mechanism-0365cd3-20260923/evidence/population_coverage_inputs/fresh_all.npz,7,9f8f82c5a012e1b11448ebf2a3b82846dd8f715f387ca97ca10aec375702e09f,chirp,20,100000,1.025,4.857951051394777,pure_effective_gradient_flow,False,False,4.857951051394777,0.0,0.0,0.11848661100962854,6.557193591410301,4.24677164995877,-1.6264622772384731,False,conditioning,,no_initial_region,conditioning,0.0,0.0,0,,,,,,,,,,,,,,,,,,,,,,
/workspace/junmiaoh/experiments/precision-mlps/mechanism-0365cd3-20260923/evidence/population_coverage_inputs/fresh_all.npz,7,9f8f82c5a012e1b11448ebf2a3b82846dd8f715f387ca97ca10aec375702e09f,chirp,20,100000,1.05,4.976437662404407,pure_effective_gradient_flow,False,False,4.976437662404407,0.0,0.0,0.23697322201925797,6.557193591410301,4.24677164995877,-1.7721403822149444,False,conditioning,,no_initial_region,conditioning,0.0,0.0,0,,,,,,,,,,,,,,,,,,,,,,
/workspace/junmiaoh/experiments/precision-mlps/mechanism-0365cd3-20260923/evidence/population_coverage_inputs/fresh_all.npz,7,9f8f82c5a012e1b11448ebf2a3b82846dd8f715f387ca97ca10aec375702e09f,chirp,20,100000,1.1,5.213410884423664,pure_effective_gradient_flow,False,False,5.213410884423664,0.0,0.0,0.47394644403851505,6.557193591410301,4.24677164995877,-2.0849803769544284,False,conditioning,,no_initial_region,conditioning,0.0,0.0,0,,,,,,,,,,,,,,,,,,,,,,
/workspace/junmiaoh/experiments/precision-mlps/mechanism-0365cd3-20260923/evidence/population_coverage_inputs/fresh_all.npz,7,9f8f82c5a012e1b11448ebf2a3b82846dd8f715f387ca97ca10aec375702e09f,chirp,20,100000,1.25,5.924330550481436,pure_effective_gradient_flow,False,False,5.924330550481436,0.0,0.0,1.1848661100962872,6.557193591410301,4.24677164995877,-3.207550422966263,False,conditioning,,no_initial_region,conditioning,0.0,0.0,0,,,,,,,,,,,,,,,,,,,,,,
/workspace/junmiaoh/experiments/precision-mlps/mechanism-0365cd3-20260923/evidence/population_coverage_inputs/fresh_all.npz,7,9f8f82c5a012e1b11448ebf2a3b82846dd8f715f387ca97ca10aec375702e09f,chirp,20,100000,1.5,7.109196660577723,pure_effective_gradient_flow,False,False,7.109196660577723,0.0,0.0,2.3697322201925743,6.557193591410301,4.24677164995877,-5.773199262304141,False,conditioning,,no_initial_region,conditioning,0.0,0.0,0,,,,,,,,,,,,,,,,,,,,,,
/workspace/junmiaoh/experiments/precision-mlps/mechanism-0365cd3-20260923/evidence/population_coverage_inputs/fresh_all.npz,7,9f8f82c5a012e1b11448ebf2a3b82846dd8f715f387ca97ca10aec375702e09f,chirp,20,100000,2.0,9.478928880770297,pure_effective_gradient_flow,False,False,9.478928880770297,0.0,0.0,4.739464440385149,6.557193591410301,4.24677164995877,-14.1186064759746,False,conditioning,,no_initial_region,conditioning,0.0,0.0,0,,,,,,,,,,,,,,,,,,,,,,
/workspace/junmiaoh/experiments/precision-mlps/mechanism-0365cd3-20260923/evidence/population_coverage_inputs/fresh_all.npz,8,f6c12df2517e02db9122735091e0e315a3e98bd0a64af95036f1f59297321e56,moment4,20,100000,1.01,4.6984510583158405,pure_effective_gradient_flow,False,False,4.6984510583158405,0.0,0.0,0.046519317409067895,6.556418453596997,4.2949842080365075,-1.439470061852272,False,conditioning,,no_initial_region,conditioning,0.0,0.0,0,,,,,,,,,,,,,,,,,,,,,,
/workspace/junmiaoh/experiments/precision-mlps/mechanism-0365cd3-20260923/evidence/population_coverage_inputs/fresh_all.npz,8,f6c12df2517e02db9122735091e0e315a3e98bd0a64af95036f1f59297321e56,moment4,20,100000,1.025,4.7682300344294415,pure_effective_gradient_flow,False,False,4.7682300344294415,0.0,0.0,0.11629829352266885,6.556418453596997,4.2949842080365075,-1.5189645841529091,False,conditioning,,no_initial_region,conditioning,0.0,0.0,0,,,,,,,,,,,,,,,,,,,,,,
/workspace/junmiaoh/experiments/precision-mlps/mechanism-0365cd3-20260923/evidence/population_coverage_inputs/fresh_all.npz,8,f6c12df2517e02db9122735091e0e315a3e98bd0a64af95036f1f59297321e56,moment4,20,100000,1.05,4.884528327952111,pure_effective_gradient_flow,False,False,4.884528327952111,0.0,0.0,0.2325965870453386,6.556418453596997,4.2949842080365075,-1.6567193004414735,False,conditioning,,no_initial_region,conditioning,0.0,0.0,0,,,,,,,,,,,,,,,,,,,,,,
/workspace/junmiaoh/experiments/precision-mlps/mechanism-0365cd3-20260923/evidence/population_coverage_inputs/fresh_all.npz,8,f6c12df2517e02db9122735091e0e315a3e98bd0a64af95036f1f59297321e56,moment4,20,100000,1.1,5.117124914997451,pure_effective_gradient_flow,False,False,5.117124914997451,0.0,0.0,0.46519317409067806,6.556418453596997,4.2949842080365075,-1.9525440211571525,False,conditioning,,no_initial_region,conditioning,0.0,0.0,0,,,,,,,,,,,,,,,,,,,,,,
/workspace/junmiaoh/experiments/precision-mlps/mechanism-0365cd3-20260923/evidence/population_coverage_inputs/fresh_all.npz,8,f6c12df2517e02db9122735091e0e315a3e98bd0a64af95036f1f59297321e56,moment4,20,100000,1.25,5.814914676133466,pure_effective_gradient_flow,False,False,5.814914676133466,0.0,0.0,1.162982935226693,6.556418453596997,4.2949842080365075,-3.0140578171210493,False,conditioning,,no_initial_region,conditioning,0.0,0.0,0,,,,,,,,,,,,,,,,,,,,,,
/workspace/junmiaoh/experiments/precision-mlps/mechanism-0365cd3-20260923/evidence/population_coverage_inputs/fresh_all.npz,8,f6c12df2517e02db9122735091e0e315a3e98bd0a64af95036f1f59297321e56,moment4,20,100000,1.5,6.977897611360159,pure_effective_gradient_flow,False,False,6.977897611360159,0.0,0.0,2.3259658704533868,6.556418453596997,4.2949842080365075,-5.440161781173562,False,conditioning,,no_initial_region,conditioning,0.0,0.0,0,,,,,,,,,,,,,,,,,,,,,,
/workspace/junmiaoh/experiments/precision-mlps/mechanism-0365cd3-20260923/evidence/population_coverage_inputs/fresh_all.npz,8,f6c12df2517e02db9122735091e0e315a3e98bd0a64af95036f1f59297321e56,moment4,20,100000,2.0,9.303863481813545,pure_effective_gradient_flow,False,False,9.303863481813545,0.0,0.0,4.651931740906773,6.556418453596997,4.2949842080365075,-13.331664785124588,False,conditioning,,no_initial_region,conditioning,0.0,0.0,0,,,,,,,,,,,,,,,,,,,,,,
/workspace/junmiaoh/experiments/precision-mlps/mechanism-0365cd3-20260923/evidence/population_coverage_inputs/fresh_all.npz,9,4020a9bb25406dd8aa1c9d514614f5b094c8dc11dd0dcc3d2632b5671c0ddefc,blend_m010,20,100000,1.01,4.709821086959743,pure_effective_gradient_flow,False,False,4.709821086959743,0.0,0.0,0.04663189195009654,6.624086445102137,4.369166572027183,-1.4510541048178411,False,conditioning,,no_initial_region,conditioning,0.0,0.0,0,,,,,,,,,,,,,,,,,,,,,,
/workspace/junmiaoh/experiments/precision-mlps/mechanism-0365cd3-20260923/evidence/population_coverage_inputs/fresh_all.npz,9,4020a9bb25406dd8aa1c9d514614f5b094c8dc11dd0dcc3d2632b5671c0ddefc,blend_m010,20,100000,1.025,4.779768924884888,pure_effective_gradient_flow,False,False,4.779768924884888,0.0,0.0,0.1165797298752409,6.624086445102137,4.369166572027183,-1.5311271437625358,False,conditioning,,no_initial_region,conditioning,0.0,0.0,0,,,,,,,,,,,,,,,,,,,,,,
/workspace/junmiaoh/experiments/precision-mlps/mechanism-0365cd3-20260923/evidence/population_coverage_inputs/fresh_all.npz,9,4020a9bb25406dd8aa1c9d514614f5b094c8dc11dd0dcc3d2632b5671c0ddefc,blend_m010,20,100000,1.05,4.896348654760129,pure_effective_gradient_flow,False,False,4.896348654760129,0.0,0.0,0.2331594597504827,6.624086445102137,4.369166572027183,-1.669884361781583,False,conditioning,,no_initial_region,conditioning,0.0,0.0,0,,,,,,,,,,,,,,,,,,,,,,
/workspace/junmiaoh/experiments/precision-mlps/mechanism-0365cd3-20260923/evidence/population_coverage_inputs/fresh_all.npz,9,4020a9bb25406dd8aa1c9d514614f5b094c8dc11dd0dcc3d2632b5671c0ddefc,blend_m010,20,100000,1.1,5.129508114510612,pure_effective_gradient_flow,False,False,5.129508114510612,0.0,0.0,0.4663189195009654,6.624086445102137,4.369166572027183,-1.967861929255812,False,conditioning,,no_initial_region,conditioning,0.0,0.0,0,,,,,,,,,,,,,,,,,,,,,,
/workspace/junmiaoh/experiments/precision-mlps/mechanism-0365cd3-20260923/evidence/population_coverage_inputs/fresh_all.npz,9,4020a9bb25406dd8aa1c9d514614f5b094c8dc11dd0dcc3d2632b5671c0ddefc,blend_m010,20,100000,1.25,5.828986493762058,pure_effective_gradient_flow,False,False,5.828986493762058,0.0,0.0,1.1657972987524117,6.624086445102137,4.369166572027183,-3.0371008285486987,False,conditioning,,no_initial_region,conditioning,0.0,0.0,0,,,,,,,,,,,,,,,,,,,,,,
/workspace/junmiaoh/experiments/precision-mlps/mechanism-0365cd3-20260923/evidence/population_coverage_inputs/fresh_all.npz,9,4020a9bb25406dd8aa1c9d514614f5b094c8dc11dd0dcc3d2632b5671c0ddefc,blend_m010,20,100000,1.5,6.99478379251447,pure_effective_gradient_flow,False,False,6.99478379251447,0.0,0.0,2.3315945975048233,6.624086445102137,4.369166572027183,-5.480860619478293,False,conditioning,,no_initial_region,conditioning,0.0,0.0,0,,,,,,,,,,,,,,,,,,,,,,
/workspace/junmiaoh/experiments/precision-mlps/mechanism-0365cd3-20260923/evidence/population_coverage_inputs/fresh_all.npz,9,4020a9bb25406dd8aa1c9d514614f5b094c8dc11dd0dcc3d2632b5671c0ddefc,blend_m010,20,100000,2.0,9.326378390019293,pure_effective_gradient_flow,False,False,9.326378390019293,0.0,0.0,4.663189195009647,6.624086445102137,4.369166572027183,-13.429793565798734,False,conditioning,,no_initial_region,conditioning,0.0,0.0,0,,,,,,,,,,,,,,,,,,,,,,
/workspace/junmiaoh/experiments/precision-mlps/mechanism-0365cd3-20260923/evidence/population_coverage_inputs/fresh_all.npz,10,e0af7185d7b6bcdc171c9bcf127cc93a19f41256cda165ab09bfb2a1ec4e47bd,blend_p001,20,100000,1.01,4.565751324386459,pure_effective_gradient_flow,False,False,4.565751324386459,0.0,0.0,0.045205458657291864,6.532857525299707,4.273438990567718,-1.2949527018947478,False,conditioning,,no_initial_region,conditioning,0.0,0.0,0,,,,,,,,,,,,,,,,,,,,,,
/workspace/junmiaoh/experiments/precision-mlps/mechanism-0365cd3-20260923/evidence/population_coverage_inputs/fresh_all.npz,10,e0af7185d7b6bcdc171c9bcf127cc93a19f41256cda165ab09bfb2a1ec4e47bd,blend_p001,20,100000,1.025,4.633559512372395,pure_effective_gradient_flow,False,False,4.633559512372395,0.0,0.0,0.11301364664322833,6.532857525299707,4.273438990567718,-1.3679001062270415,False,conditioning,,no_initial_region,conditioning,0.0,0.0,0,,,,,,,,,,,,,,,,,,,,,,
/workspace/junmiaoh/experiments/precision-mlps/mechanism-0365cd3-20260923/evidence/population_coverage_inputs/fresh_all.npz,10,e0af7185d7b6bcdc171c9bcf127cc93a19f41256cda165ab09bfb2a1ec4e47bd,blend_p001,20,100000,1.05,4.746573159015625,pure_effective_gradient_flow,False,False,4.746573159015625,0.0,0.0,0.22602729328645843,6.532857525299707,4.273438990567718,-1.494309432265621,False,conditioning,,no_initial_region,conditioning,0.0,0.0,0,,,,,,,,,,,,,,,,,,,,,,
/workspace/junmiaoh/experiments/precision-mlps/mechanism-0365cd3-20260923/evidence/population_coverage_inputs/fresh_all.npz,10,e0af7185d7b6bcdc171c9bcf127cc93a19f41256cda165ab09bfb2a1ec4e47bd,blend_p001,20,100000,1.1,4.972600452302084,pure_effective_gradient_flow,False,False,4.972600452302084,0.0,0.0,0.45205458657291686,6.532857525299707,4.273438990567718,-1.7657702183550474,False,conditioning,,no_initial_region,conditioning,0.0,0.0,0,,,,,,,,,,,,,,,,,,,,,,
/workspace/junmiaoh/experiments/precision-mlps/mechanism-0365cd3-20260923/evidence/population_coverage_inputs/fresh_all.npz,10,e0af7185d7b6bcdc171c9bcf127cc93a19f41256cda165ab09bfb2a1ec4e47bd,blend_p001,20,100000,1.25,5.650682332161459,pure_effective_gradient_flow,False,False,5.650682332161459,0.0,0.0,1.1301364664322922,6.532857525299707,4.273438990567718,-2.7398584176103293,False,conditioning,,no_initial_region,conditioning,0.0,0.0,0,,,,,,,,,,,,,,,,,,,,,,
/workspace/junmiaoh/experiments/precision-mlps/mechanism-0365cd3-20260923/evidence/population_coverage_inputs/fresh_all.npz,10,e0af7185d7b6bcdc171c9bcf127cc93a19f41256cda165ab09bfb2a1ec4e47bd,blend_p001,20,100000,1.5,6.78081879859375,pure_effective_gradient_flow,False,False,6.78081879859375,0.0,0.0,2.2602729328645834,6.532857525299707,4.273438990567718,-4.966150012251444,False,conditioning,,no_initial_region,conditioning,0.0,0.0,0,,,,,,,,,,,,,,,,,,,,,,
/workspace/junmiaoh/experiments/precision-mlps/mechanism-0365cd3-20260923/evidence/population_coverage_inputs/fresh_all.npz,10,e0af7185d7b6bcdc171c9bcf127cc93a19f41256cda165ab09bfb2a1ec4e47bd,blend_p001,20,100000,2.0,9.041091731458334,pure_effective_gradient_flow,False,False,9.041091731458334,0.0,0.0,4.520545865729167,6.532857525299707,4.273438990567718,-12.207713880534632,False,conditioning,,no_initial_region,conditioning,0.0,0.0,0,,,,,,,,,,,,,,,,,,,,,,
/workspace/junmiaoh/experiments/precision-mlps/mechanism-0365cd3-20260923/evidence/population_coverage_inputs/fresh_all.npz,11,e3d753bfd1310e2aee3f4473e38a4722dcbd2cee109c3068de8e373df34fda75,blend_p010,20,100000,1.01,4.472057455189403,pure_effective_gradient_flow,False,False,4.472057455189403,0.0,0.0,0.0442777965860337,6.473001100278601,4.210441743559648,-1.1986655125661776,False,conditioning,,no_initial_region,conditioning,0.0,0.0,0,,,,,,,,,,,,,,,,,,,,,,
/workspace/junmiaoh/experiments/precision-mlps/mechanism-0365cd3-20260923/evidence/population_coverage_inputs/fresh_all.npz,11,e3d753bfd1310e2aee3f4473e38a4722dcbd2cee109c3068de8e373df34fda75,blend_p010,20,100000,1.025,4.538474150068454,pure_effective_gradient_flow,False,False,4.538474150068454,0.0,0.0,0.11069449146508425,6.473001100278601,4.210441743559648,-1.267213578453877,False,conditioning,,no_initial_region,conditioning,0.0,0.0,0,,,,,,,,,,,,,,,,,,,,,,
/workspace/junmiaoh/experiments/precision-mlps/mechanism-0365cd3-20260923/evidence/population_coverage_inputs/fresh_all.npz,11,e3d753bfd1310e2aee3f4473e38a4722dcbd2cee109c3068de8e373df34fda75,blend_p010,20,100000,1.05,4.649168641533538,pure_effective_gradient_flow,False,False,4.649168641533538,0.0,0.0,0.2213889829301685,6.473001100278601,4.210441743559648,-1.3859993651371187,False,conditioning,,no_initial_region,conditioning,0.0,0.0,0,,,,,,,,,,,,,,,,,,,,,,
/workspace/junmiaoh/experiments/precision-mlps/mechanism-0365cd3-20260923/evidence/population_coverage_inputs/fresh_all.npz,11,e3d753bfd1310e2aee3f4473e38a4722dcbd2cee109c3068de8e373df34fda75,blend_p010,20,100000,1.1,4.870557624463706,pure_effective_gradient_flow,False,False,4.870557624463706,0.0,0.0,0.442777965860337,6.473001100278601,4.210441743559648,-1.6410887959552438,False,conditioning,,no_initial_region,conditioning,0.0,0.0,0,,,,,,,,,,,,,,,,,,,,,,
/workspace/junmiaoh/experiments/precision-mlps/mechanism-0365cd3-20260923/evidence/population_coverage_inputs/fresh_all.npz,11,e3d753bfd1310e2aee3f4473e38a4722dcbd2cee109c3068de8e373df34fda75,blend_p010,20,100000,1.25,5.534724573254212,pure_effective_gradient_flow,False,False,5.534724573254212,0.0,0.0,1.1069449146508425,6.473001100278601,4.210441743559648,-2.5564313317748604,False,conditioning,,no_initial_region,conditioning,0.0,0.0,0,,,,,,,,,,,,,,,,,,,,,,
/workspace/junmiaoh/experiments/precision-mlps/mechanism-0365cd3-20260923/evidence/population_coverage_inputs/fresh_all.npz,11,e3d753bfd1310e2aee3f4473e38a4722dcbd2cee109c3068de8e373df34fda75,blend_p010,20,100000,1.5,6.6416694879050535,pure_effective_gradient_flow,False,False,6.6416694879050535,0.0,0.0,2.213889829301684,6.473001100278601,4.210441743559648,-4.648458927705769,False,conditioning,,no_initial_region,conditioning,0.0,0.0,0,,,,,,,,,,,,,,,,,,,,,,
/workspace/junmiaoh/experiments/precision-mlps/mechanism-0365cd3-20260923/evidence/population_coverage_inputs/fresh_all.npz,11,e3d753bfd1310e2aee3f4473e38a4722dcbd2cee109c3068de8e373df34fda75,blend_p010,20,100000,2.0,8.855559317206739,pure_effective_gradient_flow,False,False,8.855559317206739,0.0,0.0,4.427779658603369,6.473001100278601,4.210441743559648,-11.453295943041473,False,conditioning,,no_initial_region,conditioning,0.0,0.0,0,,,,,,,,,,,,,,,,,,,,,,
/workspace/junmiaoh/experiments/precision-mlps/mechanism-0365cd3-20260923/evidence/population_coverage_inputs/fresh_all.npz,12,ecfbce3539dc6a844034484b56afd661f02e341d185a459be050a5fd50da6b72,blend_p030,20,100000,1.01,4.329204779199879,pure_effective_gradient_flow,False,False,4.329204779199879,0.0,0.0,0.04286341365544466,6.376092321123443,4.107884994882014,-1.0596746705253954,False,conditioning,,no_initial_region,conditioning,0.0,0.0,0,,,,,,,,,,,,,,,,,,,,,,
/workspace/junmiaoh/experiments/precision-mlps/mechanism-0365cd3-20260923/evidence/population_coverage_inputs/fresh_all.npz,12,ecfbce3539dc6a844034484b56afd661f02e341d185a459be050a5fd50da6b72,blend_p030,20,100000,1.025,4.393499899683045,pure_effective_gradient_flow,False,False,4.393499899683045,0.0,0.0,0.10715853413861076,6.376092321123443,4.107884994882014,-1.1218613645573159,False,conditioning,,no_initial_region,conditioning,0.0,0.0,0,,,,,,,,,,,,,,,,,,,,,,
/workspace/junmiaoh/experiments/precision-mlps/mechanism-0365cd3-20260923/evidence/population_coverage_inputs/fresh_all.npz,12,ecfbce3539dc6a844034484b56afd661f02e341d185a459be050a5fd50da6b72,blend_p030,20,100000,1.05,4.5006584338216555,pure_effective_gradient_flow,False,False,4.5006584338216555,0.0,0.0,0.21431706827722152,6.376092321123443,4.107884994882014,-1.2296236372947194,False,conditioning,,no_initial_region,conditioning,0.0,0.0,0,,,,,,,,,,,,,,,,,,,,,,
/workspace/junmiaoh/experiments/precision-mlps/mechanism-0365cd3-20260923/evidence/population_coverage_inputs/fresh_all.npz,12,ecfbce3539dc6a844034484b56afd661f02e341d185a459be050a5fd50da6b72,blend_p030,20,100000,1.1,4.714975502098878,pure_effective_gradient_flow,False,False,4.714975502098878,0.0,0.0,0.42863413655444393,6.376092321123443,4.107884994882014,-1.4610403545957127,False,conditioning,,no_initial_region,conditioning,0.0,0.0,0,,,,,,,,,,,,,,,,,,,,,,
/workspace/junmiaoh/experiments/precision-mlps/mechanism-0365cd3-20260923/evidence/population_coverage_inputs/fresh_all.npz,12,ecfbce3539dc6a844034484b56afd661f02e341d185a459be050a5fd50da6b72,blend_p030,20,100000,1.25,5.3579267069305425,pure_effective_gradient_flow,False,False,5.3579267069305425,0.0,0.0,1.0715853413861085,6.376092321123443,4.107884994882014,-2.2914376163167214,False,conditioning,,no_initial_region,conditioning,0.0,0.0,0,,,,,,,,,,,,,,,,,,,,,,
/workspace/junmiaoh/experiments/precision-mlps/mechanism-0365cd3-20260923/evidence/population_coverage_inputs/fresh_all.npz,12,ecfbce3539dc6a844034484b56afd661f02e341d185a459be050a5fd50da6b72,blend_p030,20,100000,1.5,6.429512048316651,pure_effective_gradient_flow,False,False,6.429512048316651,0.0,0.0,2.143170682772217,6.376092321123443,4.107884994882014,-4.18932165330215,False,conditioning,,no_initial_region,conditioning,0.0,0.0,0,,,,,,,,,,,,,,,,,,,,,,
/workspace/junmiaoh/experiments/precision-mlps/mechanism-0365cd3-20260923/evidence/population_coverage_inputs/fresh_all.npz,12,ecfbce3539dc6a844034484b56afd661f02e341d185a459be050a5fd50da6b72,blend_p030,20,100000,2.0,8.572682731088868,pure_effective_gradient_flow,False,False,8.572682731088868,0.0,0.0,4.286341365544434,6.376092321123443,4.107884994882014,-10.362658740639372,False,conditioning,,no_initial_region,conditioning,0.0,0.0,0,,,,,,,,,,,,,,,,,,,,,,
/workspace/junmiaoh/experiments/precision-mlps/mechanism-0365cd3-20260923/evidence/population_coverage_inputs/fresh_all.npz,13,584a23b8471fdc0855eb75225ee81f4495d263b22ec19ae4c107b174851fb44c,sine,21,100000,1.01,3.856240163806517,pure_effective_gradient_flow,False,False,3.856240163806517,0.0,0.0,0.03818059568125287,6.138001355837067,4.024868012551625,-0.654048311806455,False,conditioning,,no_initial_region,conditioning,0.0,0.0,0,,,,,,,,,,,,,,,,,,,,,,
/workspace/junmiaoh/experiments/precision-mlps/mechanism-0365cd3-20260923/evidence/population_coverage_inputs/fresh_all.npz,13,584a23b8471fdc0855eb75225ee81f4495d263b22ec19ae4c107b174851fb44c,sine,21,100000,1.025,3.913511057328395,pure_effective_gradient_flow,False,False,3.913511057328395,0.0,0.0,0.09545148920313107,6.138001355837067,4.024868012551625,-0.697998961837178,False,conditioning,,no_initial_region,conditioning,0.0,0.0,0,,,,,,,,,,,,,,,,,,,,,,
/workspace/junmiaoh/experiments/precision-mlps/mechanism-0365cd3-20260923/evidence/population_coverage_inputs/fresh_all.npz,13,584a23b8471fdc0855eb75225ee81f4495d263b22ec19ae4c107b174851fb44c,sine,21,100000,1.05,4.008962546531527,pure_effective_gradient_flow,False,False,4.008962546531527,0.0,0.0,0.19090297840626302,6.138001355837067,4.024868012551625,-0.7741603016435026,False,conditioning,,no_initial_region,conditioning,0.0,0.0,0,,,,,,,,,,,,,,,,,,,,,,
/workspace/junmiaoh/experiments/precision-mlps/mechanism-0365cd3-20260923/evidence/population_coverage_inputs/fresh_all.npz,13,584a23b8471fdc0855eb75225ee81f4495d263b22ec19ae4c107b174851fb44c,sine,21,100000,1.1,4.199865524937791,pure_effective_gradient_flow,False,False,4.199865524937791,0.0,0.0,0.38180595681252694,6.138001355837067,4.024868012551625,-0.9377148258337431,False,conditioning,,no_initial_region,conditioning,0.0,0.0,0,,,,,,,,,,,,,,,,,,,,,,
/workspace/junmiaoh/experiments/precision-mlps/mechanism-0365cd3-20260923/evidence/population_coverage_inputs/fresh_all.npz,13,584a23b8471fdc0855eb75225ee81f4495d263b22ec19ae4c107b174851fb44c,sine,21,100000,1.25,4.77257446015658,pure_effective_gradient_flow,False,False,4.77257446015658,0.0,0.0,0.954514892031316,6.138001355837067,4.024868012551625,-1.5246008149432062,False,conditioning,,no_initial_region,conditioning,0.0,0.0,0,,,,,,,,,,,,,,,,,,,,,,
/workspace/junmiaoh/experiments/precision-mlps/mechanism-0365cd3-20260923/evidence/population_coverage_inputs/fresh_all.npz,13,584a23b8471fdc0855eb75225ee81f4495d263b22ec19ae4c107b174851fb44c,sine,21,100000,1.5,5.727089352187896,pure_effective_gradient_flow,False,False,5.727089352187896,0.0,0.0,1.909029784062632,6.138001355837067,4.024868012551625,-2.8659365847081544,False,conditioning,,no_initial_region,conditioning,0.0,0.0,0,,,,,,,,,,,,,,,,,,,,,,
/workspace/junmiaoh/experiments/precision-mlps/mechanism-0365cd3-20260923/evidence/population_coverage_inputs/fresh_all.npz,13,584a23b8471fdc0855eb75225ee81f4495d263b22ec19ae4c107b174851fb44c,sine,21,100000,2.0,7.636119136250528,pure_effective_gradient_flow,False,False,7.636119136250528,0.0,0.0,3.818059568125264,6.138001355837067,4.024868012551625,-7.2289628248227125,False,conditioning,,no_initial_region,conditioning,0.0,0.0,0,,,,,,,,,,,,,,,,,,,,,,
/workspace/junmiaoh/experiments/precision-mlps/mechanism-0365cd3-20260923/evidence/population_coverage_inputs/fresh_all.npz,14,67c8a0ff024352761b8e9a53aa4f7afdd25c231f077054a3664194b4d246fea9,runge,21,100000,1.01,7.975231576750232,pure_effective_gradient_flow,False,False,7.975231576750232,0.0,0.0,0.0789626888787156,7.390153099877874,5.009550732381861,-8.272315363114453,False,conditioning,,no_initial_region,conditioning,0.0,0.0,0,,,,,,,,,,,,,,,,,,,,,,
/workspace/junmiaoh/experiments/precision-mlps/mechanism-0365cd3-20260923/evidence/population_coverage_inputs/fresh_all.npz,14,67c8a0ff024352761b8e9a53aa4f7afdd25c231f077054a3664194b4d246fea9,runge,21,100000,1.025,8.093675610068304,pure_effective_gradient_flow,False,False,8.093675610068304,0.0,0.0,0.19740672219678768,7.390153099877874,5.009550732381861,-8.66109453412697,False,conditioning,,no_initial_region,conditioning,0.0,0.0,0,,,,,,,,,,,,,,,,,,,,,,
/workspace/junmiaoh/experiments/precision-mlps/mechanism-0365cd3-20260923/evidence/population_coverage_inputs/fresh_all.npz,14,67c8a0ff024352761b8e9a53aa4f7afdd25c231f077054a3664194b4d246fea9,runge,21,100000,1.05,8.291082332265093,pure_effective_gradient_flow,False,False,8.291082332265093,0.0,0.0,0.39481344439357624,7.390153099877874,5.009550732381861,-9.334803399238332,False,conditioning,,no_initial_region,conditioning,0.0,0.0,0,,,,,,,,,,,,,,,,,,,,,,
/workspace/junmiaoh/experiments/precision-mlps/mechanism-0365cd3-20260923/evidence/population_coverage_inputs/fresh_all.npz,14,67c8a0ff024352761b8e9a53aa4f7afdd25c231f077054a3664194b4d246fea9,runge,21,100000,1.1,8.685895776658668,pure_effective_gradient_flow,False,False,8.685895776658668,0.0,0.0,0.7896268887871516,7.390153099877874,5.009550732381861,-10.781575910807067,False,conditioning,,no_initial_region,conditioning,0.0,0.0,0,,,,,,,,,,,,,,,,,,,,,,
/workspace/junmiaoh/experiments/precision-mlps/mechanism-0365cd3-20260923/evidence/population_coverage_inputs/fresh_all.npz,14,67c8a0ff024352761b8e9a53aa4f7afdd25c231f077054a3664194b4d246fea9,runge,21,100000,1.25,9.870336109839396,pure_effective_gradient_flow,False,False,9.870336109839396,0.0,0.0,1.9740672219678794,7.390153099877874,5.009550732381861,-15.973058816414568,False,conditioning,,no_initial_region,conditioning,0.0,0.0,0,,,,,,,,,,,,,,,,,,,,,,
/workspace/junmiaoh/experiments/precision-mlps/mechanism-0365cd3-20260923/evidence/population_coverage_inputs/fresh_all.npz,14,67c8a0ff024352761b8e9a53aa4f7afdd25c231f077054a3664194b4d246fea9,runge,21,100000,1.5,11.844403331807275,pure_effective_gradient_flow,False,False,11.844403331807275,0.0,0.0,3.948134443935758,7.390153099877874,5.009550732381861,-27.838262362985848,False,conditioning,,no_initial_region,conditioning,0.0,0.0,0,,,,,,,,,,,,,,,,,,,,,,
/workspace/junmiaoh/experiments/precision-mlps/mechanism-0365cd3-20260923/evidence/population_coverage_inputs/fresh_all.npz,14,67c8a0ff024352761b8e9a53aa4f7afdd25c231f077054a3664194b4d246fea9,runge,21,100000,2.0,15.792537775743034,pure_effective_gradient_flow,False,False,15.792537775743034,0.0,0.0,7.896268887871517,7.390153099877874,5.009550732381861,-66.43277060238258,False,conditioning,,no_initial_region,conditioning,0.0,0.0,0,,,,,,,,,,,,,,,,,,,,,,
/workspace/junmiaoh/experiments/precision-mlps/mechanism-0365cd3-20260923/evidence/population_coverage_inputs/fresh_all.npz,15,ee9df88af4f98bb71a078cbf3009d652bb89c41dc1555862662c37619fd9b0f7,moment3,21,100000,1.01,4.0732146803446,pure_effective_gradient_flow,False,False,4.0732146803446,0.0,0.0,0.04032885822123333,6.257548908274764,4.125041205162524,-0.826441532622119,False,conditioning,,no_initial_region,conditioning,0.0,0.0,0,,,,,,,,,,,,,,,,,,,,,,
/workspace/junmiaoh/experiments/precision-mlps/mechanism-0365cd3-20260923/evidence/population_coverage_inputs/fresh_all.npz,15,ee9df88af4f98bb71a078cbf3009d652bb89c41dc1555862662c37619fd9b0f7,moment3,21,100000,1.025,4.133707967676451,pure_effective_gradient_flow,False,False,4.133707967676451,0.0,0.0,0.10082214555308422,6.257548908274764,4.125041205162524,-0.8782361921851555,False,conditioning,,no_initial_region,conditioning,0.0,0.0,0,,,,,,,,,,,,,,,,,,,,,,
/workspace/junmiaoh/experiments/precision-mlps/mechanism-0365cd3-20260923/evidence/population_coverage_inputs/fresh_all.npz,15,ee9df88af4f98bb71a078cbf3009d652bb89c41dc1555862662c37619fd9b0f7,moment3,21,100000,1.05,4.234530113229535,pure_effective_gradient_flow,False,False,4.234530113229535,0.0,0.0,0.20164429110616844,6.257548908274764,4.125041205162524,-0.9679902837486632,False,conditioning,,no_initial_region,conditioning,0.0,0.0,0,,,,,,,,,,,,,,,,,,,,,,
/workspace/junmiaoh/experiments/precision-mlps/mechanism-0365cd3-20260923/evidence/population_coverage_inputs/fresh_all.npz,15,ee9df88af4f98bb71a078cbf3009d652bb89c41dc1555862662c37619fd9b0f7,moment3,21,100000,1.1,4.436174404335704,pure_effective_gradient_flow,False,False,4.436174404335704,0.0,0.0,0.4032885822123369,6.257548908274764,4.125041205162524,-1.1607348937716329,False,conditioning,,no_initial_region,conditioning,0.0,0.0,0,,,,,,,,,,,,,,,,,,,,,,
/workspace/junmiaoh/experiments/precision-mlps/mechanism-0365cd3-20260923/evidence/population_coverage_inputs/fresh_all.npz,15,ee9df88af4f98bb71a078cbf3009d652bb89c41dc1555862662c37619fd9b0f7,moment3,21,100000,1.25,5.041107277654209,pure_effective_gradient_flow,False,False,5.041107277654209,0.0,0.0,1.0082214555308422,6.257548908274764,4.125041205162524,-1.852364255043673,False,conditioning,,no_initial_region,conditioning,0.0,0.0,0,,,,,,,,,,,,,,,,,,,,,,
/workspace/junmiaoh/experiments/precision-mlps/mechanism-0365cd3-20260923/evidence/population_coverage_inputs/fresh_all.npz,15,ee9df88af4f98bb71a078cbf3009d652bb89c41dc1555862662c37619fd9b0f7,moment3,21,100000,1.5,6.0493287331850505,pure_effective_gradient_flow,False,False,6.0493287331850505,0.0,0.0,2.0164429110616835,6.257548908274764,4.125041205162524,-3.433092401410851,False,conditioning,,no_initial_region,conditioning,0.0,0.0,0,,,,,,,,,,,,,,,,,,,,,,
/workspace/junmiaoh/experiments/precision-mlps/mechanism-0365cd3-20260923/evidence/population_coverage_inputs/fresh_all.npz,15,ee9df88af4f98bb71a078cbf3009d652bb89c41dc1555862662c37619fd9b0f7,moment3,21,100000,2.0,8.065771644246734,pure_effective_gradient_flow,False,False,8.065771644246734,0.0,0.0,4.032885822123367,6.257548908274764,4.125041205162524,-8.574801536846948,False,conditioning,,no_initial_region,conditioning,0.0,0.0,0,,,,,,,,,,,,,,,,,,,,,,
/workspace/junmiaoh/experiments/precision-mlps/mechanism-0365cd3-20260923/evidence/population_coverage_inputs/fresh_all.npz,16,2b41a01dd7c3322104e7e534ad37d100077024ca426c1f7d4d7b590a20b72a48,moment5,21,100000,1.01,4.342166999955844,pure_effective_gradient_flow,False,False,4.342166999955844,0.0,0.0,0.04299175247481024,6.344153638996863,4.224720997723694,-1.0668627939239492,False,conditioning,,no_initial_region,conditioning,0.0,0.0,0,,,,,,,,,,,,,,,,,,,,,,
/workspace/junmiaoh/experiments/precision-mlps/mechanism-0365cd3-20260923/evidence/population_coverage_inputs/fresh_all.npz,16,2b41a01dd7c3322104e7e534ad37d100077024ca426c1f7d4d7b590a20b72a48,moment5,21,100000,1.025,4.4066546286680595,pure_effective_gradient_flow,False,False,4.4066546286680595,0.0,0.0,0.1074793811870256,6.344153638996863,4.224720997723694,-1.1296097480574003,False,conditioning,,no_initial_region,conditioning,0.0,0.0,0,,,,,,,,,,,,,,,,,,,,,,
/workspace/junmiaoh/experiments/precision-mlps/mechanism-0365cd3-20260923/evidence/population_coverage_inputs/fresh_all.npz,16,2b41a01dd7c3322104e7e534ad37d100077024ca426c1f7d4d7b590a20b72a48,moment5,21,100000,1.05,4.514134009855086,pure_effective_gradient_flow,False,False,4.514134009855086,0.0,0.0,0.2149587623740521,6.344153638996863,4.224720997723694,-1.2383428860708077,False,conditioning,,no_initial_region,conditioning,0.0,0.0,0,,,,,,,,,,,,,,,,,,,,,,
/workspace/junmiaoh/experiments/precision-mlps/mechanism-0365cd3-20260923/evidence/population_coverage_inputs/fresh_all.npz,16,2b41a01dd7c3322104e7e534ad37d100077024ca426c1f7d4d7b590a20b72a48,moment5,21,100000,1.1,4.729092772229138,pure_effective_gradient_flow,False,False,4.729092772229138,0.0,0.0,0.4299175247481042,6.344153638996863,4.224720997723694,-1.4718445116556271,False,conditioning,,no_initial_region,conditioning,0.0,0.0,0,,,,,,,,,,,,,,,,,,,,,,
/workspace/junmiaoh/experiments/precision-mlps/mechanism-0365cd3-20260923/evidence/population_coverage_inputs/fresh_all.npz,16,2b41a01dd7c3322104e7e534ad37d100077024ca426c1f7d4d7b590a20b72a48,moment5,21,100000,1.25,5.3739690593512925,pure_effective_gradient_flow,False,False,5.3739690593512925,0.0,0.0,1.0747938118702587,6.344153638996863,4.224720997723694,-2.3097230917101648,False,conditioning,,no_initial_region,conditioning,0.0,0.0,0,,,,,,,,,,,,,,,,,,,,,,
/workspace/junmiaoh/experiments/precision-mlps/mechanism-0365cd3-20260923/evidence/population_coverage_inputs/fresh_all.npz,16,2b41a01dd7c3322104e7e534ad37d100077024ca426c1f7d4d7b590a20b72a48,moment5,21,100000,1.5,6.44876287122155,pure_effective_gradient_flow,False,False,6.44876287122155,0.0,0.0,2.1495876237405165,6.344153638996863,4.224720997723694,-4.224705781708227,False,conditioning,,no_initial_region,conditioning,0.0,0.0,0,,,,,,,,,,,,,,,,,,,,,,
/workspace/junmiaoh/experiments/precision-mlps/mechanism-0365cd3-20260923/evidence/population_coverage_inputs/fresh_all.npz,16,2b41a01dd7c3322104e7e534ad37d100077024ca426c1f7d4d7b590a20b72a48,moment5,21,100000,2.0,8.598350494962068,pure_effective_gradient_flow,False,False,8.598350494962068,0.0,0.0,4.299175247481034,6.344153638996863,4.224720997723694,-10.453660465657975,False,conditioning,,no_initial_region,conditioning,0.0,0.0,0,,,,,,,,,,,,,,,,,,,,,,
/workspace/junmiaoh/experiments/precision-mlps/mechanism-0365cd3-20260923/evidence/population_coverage_inputs/fresh_all.npz,17,714a67b2132dc2cb9417a1fbdc278efbb08d5e0f26d213901a28109340810c35,moment9,21,100000,1.01,4.337044058835414,pure_effective_gradient_flow,False,False,4.337044058835414,0.0,0.0,0.04294103028549934,6.34053377833962,4.220896421718135,-1.0620176276373139,False,conditioning,,no_initial_region,conditioning,0.0,0.0,0,,,,,,,,,,,,,,,,,,,,,,
/workspace/junmiaoh/experiments/precision-mlps/mechanism-0365cd3-20260923/evidence/population_coverage_inputs/fresh_all.npz,17,714a67b2132dc2cb9417a1fbdc278efbb08d5e0f26d213901a28109340810c35,moment9,21,100000,1.025,4.401455604263663,pure_effective_gradient_flow,False,False,4.401455604263663,0.0,0.0,0.10735257571374746,6.34053377833962,4.220896421718135,-1.1245427548456575,False,conditioning,,no_initial_region,conditioning,0.0,0.0,0,,,,,,,,,,,,,,,,,,,,,,
/workspace/junmiaoh/experiments/precision-mlps/mechanism-0365cd3-20260923/evidence/population_coverage_inputs/fresh_all.npz,17,714a67b2132dc2cb9417a1fbdc278efbb08d5e0f26d213901a28109340810c35,moment9,21,100000,1.05,4.508808179977411,pure_effective_gradient_flow,False,False,4.508808179977411,0.0,0.0,0.2147051514274958,6.34053377833962,4.220896421718135,-1.2328914927236978,False,conditioning,,no_initial_region,conditioning,0.0,0.0,0,,,,,,,,,,,,,,,,,,,,,,
/workspace/junmiaoh/experiments/precision-mlps/mechanism-0365cd3-20260923/evidence/population_coverage_inputs/fresh_all.npz,17,714a67b2132dc2cb9417a1fbdc278efbb08d5e0f26d213901a28109340810c35,moment9,21,100000,1.1,4.723513331404907,pure_effective_gradient_flow,False,False,4.723513331404907,0.0,0.0,0.4294103028549916,6.34053377833962,4.220896421718135,-1.4655676288751838,False,conditioning,,no_initial_region,conditioning,0.0,0.0,0,,,,,,,,,,,,,,,,,,,,,,
/workspace/junmiaoh/experiments/precision-mlps/mechanism-0365cd3-20260923/evidence/population_coverage_inputs/fresh_all.npz,17,714a67b2132dc2cb9417a1fbdc278efbb08d5e0f26d213901a28109340810c35,moment9,21,100000,1.25,5.367628785687394,pure_effective_gradient_flow,False,False,5.367628785687394,0.0,0.0,1.073525757137479,6.34053377833962,4.220896421718135,-2.300484088591079,False,conditioning,,no_initial_region,conditioning,0.0,0.0,0,,,,,,,,,,,,,,,,,,,,,,
/workspace/junmiaoh/experiments/precision-mlps/mechanism-0365cd3-20260923/evidence/population_coverage_inputs/fresh_all.npz,17,714a67b2132dc2cb9417a1fbdc278efbb08d5e0f26d213901a28109340810c35,moment9,21,100000,1.5,6.441154542824872,pure_effective_gradient_flow,False,False,6.441154542824872,0.0,0.0,2.147051514274957,6.34053377833962,4.220896421718135,-4.208696812976913,False,conditioning,,no_initial_region,conditioning,0.0,0.0,0,,,,,,,,,,,,,,,,,,,,,,
/workspace/junmiaoh/experiments/precision-mlps/mechanism-0365cd3-20260923/evidence/population_coverage_inputs/fresh_all.npz,17,714a67b2132dc2cb9417a1fbdc278efbb08d5e0f26d213901a28109340810c35,moment9,21,100000,2.0,8.58820605709983,pure_effective_gradient_flow,False,False,8.58820605709983,0.0,0.0,4.294103028549915,6.34053377833962,4.220896421718135,-10.415630509880291,False,conditioning,,no_initial_region,conditioning,0.0,0.0,0,,,,,,,,,,,,,,,,,,,,,,
/workspace/junmiaoh/experiments/precision-mlps/mechanism-0365cd3-20260923/evidence/population_coverage_inputs/fresh_all.npz,18,7b0a6c014119d5c2dc1c9a2ffe043ebeedb8baffb7171ab6f0e8ccbe453efda5,mixed_sine,21,100000,1.01,3.9481473601209593,pure_effective_gradient_flow,False,False,3.9481473601209593,0.0,0.0,0.03909056792198973,6.2056684871615655,4.089879793304128,-0.7242755126214688,False,conditioning,,no_initial_region,conditioning,0.0,0.0,0,,,,,,,,,,,,,,,,,,,,,,
/workspace/junmiaoh/experiments/precision-mlps/mechanism-0365cd3-20260923/evidence/population_coverage_inputs/fresh_all.npz,18,7b0a6c014119d5c2dc1c9a2ffe043ebeedb8baffb7171ab6f0e8ccbe453efda5,mixed_sine,21,100000,1.025,4.006783212003944,pure_effective_gradient_flow,False,False,4.006783212003944,0.0,0.0,0.0977264198049741,6.2056684871615655,4.089879793304128,-0.7714441296879635,False,conditioning,,no_initial_region,conditioning,0.0,0.0,0,,,,,,,,,,,,,,,,,,,,,,
/workspace/junmiaoh/experiments/precision-mlps/mechanism-0365cd3-20260923/evidence/population_coverage_inputs/fresh_all.npz,18,7b0a6c014119d5c2dc1c9a2ffe043ebeedb8baffb7171ab6f0e8ccbe453efda5,mixed_sine,21,100000,1.05,4.104509631808918,pure_effective_gradient_flow,False,False,4.104509631808918,0.0,0.0,0.19545283960994864,6.2056684871615655,4.089879793304128,-0.8531818302699663,False,conditioning,,no_initial_region,conditioning,0.0,0.0,0,,,,,,,,,,,,,,,,,,,,,,
/workspace/junmiaoh/experiments/precision-mlps/mechanism-0365cd3-20260923/evidence/population_coverage_inputs/fresh_all.npz,18,7b0a6c014119d5c2dc1c9a2ffe043ebeedb8baffb7171ab6f0e8ccbe453efda5,mixed_sine,21,100000,1.1,4.299962471418867,pure_effective_gradient_flow,False,False,4.299962471418867,0.0,0.0,0.3909056792198977,6.2056684871615655,4.089879793304128,-1.0287114462285314,False,conditioning,,no_initial_region,conditioning,0.0,0.0,0,,,,,,,,,,,,,,,,,,,,,,
/workspace/junmiaoh/experiments/precision-mlps/mechanism-0365cd3-20260923/evidence/population_coverage_inputs/fresh_all.npz,18,7b0a6c014119d5c2dc1c9a2ffe043ebeedb8baffb7171ab6f0e8ccbe453efda5,mixed_sine,21,100000,1.25,4.886320990248712,pure_effective_gradient_flow,False,False,4.886320990248712,0.0,0.0,0.9772641980497423,6.2056684871615655,4.089879793304128,-1.6585678980135161,False,conditioning,,no_initial_region,conditioning,0.0,0.0,0,,,,,,,,,,,,,,,,,,,,,,
/workspace/junmiaoh/experiments/precision-mlps/mechanism-0365cd3-20260923/evidence/population_coverage_inputs/fresh_all.npz,18,7b0a6c014119d5c2dc1c9a2ffe043ebeedb8baffb7171ab6f0e8ccbe453efda5,mixed_sine,21,100000,1.5,5.863585188298455,pure_effective_gradient_flow,False,False,5.863585188298455,0.0,0.0,1.954528396099485,6.2056684871615655,4.089879793304128,-3.0981132343716054,False,conditioning,,no_initial_region,conditioning,0.0,0.0,0,,,,,,,,,,,,,,,,,,,,,,
/workspace/junmiaoh/experiments/precision-mlps/mechanism-0365cd3-20260923/evidence/population_coverage_inputs/fresh_all.npz,18,7b0a6c014119d5c2dc1c9a2ffe043ebeedb8baffb7171ab6f0e8ccbe453efda5,mixed_sine,21,100000,2.0,7.818113584397939,pure_effective_gradient_flow,False,False,7.818113584397939,0.0,0.0,3.9090567921989696,6.2056684871615655,4.089879793304128,-7.7805903724154994,False,conditioning,,no_initial_region,conditioning,0.0,0.0,0,,,,,,,,,,,,,,,,,,,,,,
/workspace/junmiaoh/experiments/precision-mlps/mechanism-0365cd3-20260923/evidence/population_coverage_inputs/fresh_all.npz,19,9b999a10cb750eb74be12fa5325f3e711950d4d94170c3a92b949b34e1cd4caf,localized_sine,21,100000,1.01,4.372254758566459,pure_effective_gradient_flow,False,False,4.372254758566459,0.0,0.0,0.04328965107491545,6.270004770151735,4.165545240484413,-1.0964231067752412,False,conditioning,,no_initial_region,conditioning,0.0,0.0,0,,,,,,,,,,,,,,,,,,,,,,
/workspace/junmiaoh/experiments/precision-mlps/mechanism-0365cd3-20260923/evidence/population_coverage_inputs/fresh_all.npz,19,9b999a10cb750eb74be12fa5325f3e711950d4d94170c3a92b949b34e1cd4caf,localized_sine,21,100000,1.025,4.437189235178832,pure_effective_gradient_flow,False,False,4.437189235178832,0.0,0.0,0.10822412768728817,6.270004770151735,4.165545240484413,-1.1604834791905159,False,conditioning,,no_initial_region,conditioning,0.0,0.0,0,,,,,,,,,,,,,,,,,,,,,,
/workspace/junmiaoh/experiments/precision-mlps/mechanism-0365cd3-20260923/evidence/population_coverage_inputs/fresh_all.npz,19,9b999a10cb750eb74be12fa5325f3e711950d4d94170c3a92b949b34e1cd4caf,localized_sine,21,100000,1.05,4.545413362866121,pure_effective_gradient_flow,False,False,4.545413362866121,0.0,0.0,0.21644825537457724,6.270004770151735,4.165545240484413,-1.2714926175816168,False,conditioning,,no_initial_region,conditioning,0.0,0.0,0,,,,,,,,,,,,,,,,,,,,,,
/workspace/junmiaoh/experiments/precision-mlps/mechanism-0365cd3-20260923/evidence/population_coverage_inputs/fresh_all.npz,19,9b999a10cb750eb74be12fa5325f3e711950d4d94170c3a92b949b34e1cd4caf,localized_sine,21,100000,1.1,4.761861618240698,pure_effective_gradient_flow,False,False,4.761861618240698,0.0,0.0,0.4328965107491545,6.270004770151735,4.165545240484413,-1.5098818956129016,False,conditioning,,no_initial_region,conditioning,0.0,0.0,0,,,,,,,,,,,,,,,,,,,,,,
/workspace/junmiaoh/experiments/precision-mlps/mechanism-0365cd3-20260923/evidence/population_coverage_inputs/fresh_all.npz,19,9b999a10cb750eb74be12fa5325f3e711950d4d94170c3a92b949b34e1cd4caf,localized_sine,21,100000,1.25,5.41120638436443,pure_effective_gradient_flow,False,False,5.41120638436443,0.0,0.0,1.0822412768728862,6.270004770151735,4.165545240484413,-2.365298937257966,False,conditioning,,no_initial_region,conditioning,0.0,0.0,0,,,,,,,,,,,,,,,,,,,,,,
/workspace/junmiaoh/experiments/precision-mlps/mechanism-0365cd3-20260923/evidence/population_coverage_inputs/fresh_all.npz,19,9b999a10cb750eb74be12fa5325f3e711950d4d94170c3a92b949b34e1cd4caf,localized_sine,21,100000,1.5,6.493447661237315,pure_effective_gradient_flow,False,False,6.493447661237315,0.0,0.0,2.1644825537457715,6.270004770151735,4.165545240484413,-4.32036601556068,False,conditioning,,no_initial_region,conditioning,0.0,0.0,0,,,,,,,,,,,,,,,,,,,,,,
/workspace/junmiaoh/experiments/precision-mlps/mechanism-0365cd3-20260923/evidence/population_coverage_inputs/fresh_all.npz,19,9b999a10cb750eb74be12fa5325f3e711950d4d94170c3a92b949b34e1cd4caf,localized_sine,21,100000,2.0,8.657930214983088,pure_effective_gradient_flow,False,False,8.657930214983088,0.0,0.0,4.328965107491544,6.270004770151735,4.165545240484413,-10.67970508344643,False,conditioning,,no_initial_region,conditioning,0.0,0.0,0,,,,,,,,,,,,,,,,,,,,,,
/workspace/junmiaoh/experiments/precision-mlps/mechanism-0365cd3-20260923/evidence/population_coverage_inputs/fresh_all.npz,20,0cab9adeb2317238017449dff3fe309a6195d422068c3b5db79d8590f1ff8990,chirp,21,100000,1.01,4.300190279669713,pure_effective_gradient_flow,False,False,4.300190279669713,0.0,0.0,0.04257614138286847,6.512669391207643,4.3014452435014885,-1.0280204239396038,False,conditioning,,no_initial_region,conditioning,0.0,0.0,0,,,,,,,,,,,,,,,,,,,,,,
/workspace/junmiaoh/experiments/precision-mlps/mechanism-0365cd3-20260923/evidence/population_coverage_inputs/fresh_all.npz,20,0cab9adeb2317238017449dff3fe309a6195d422068c3b5db79d8590f1ff8990,chirp,21,100000,1.025,4.364054491744015,pure_effective_gradient_flow,False,False,4.364054491744015,0.0,0.0,0.10644035345717029,6.512669391207643,4.3014452435014885,-1.088965146074008,False,conditioning,,no_initial_region,conditioning,0.0,0.0,0,,,,,,,,,,,,,,,,,,,,,,
/workspace/junmiaoh/experiments/precision-mlps/mechanism-0365cd3-20260923/evidence/population_coverage_inputs/fresh_all.npz,20,0cab9adeb2317238017449dff3fe309a6195d422068c3b5db79d8590f1ff8990,chirp,21,100000,1.05,4.470494845201187,pure_effective_gradient_flow,False,False,4.470494845201187,0.0,0.0,0.21288070691434235,6.512669391207643,4.3014452435014885,-1.1945752266674854,False,conditioning,,no_initial_region,conditioning,0.0,0.0,0,,,,,,,,,,,,,,,,,,,,,,
/workspace/junmiaoh/experiments/precision-mlps/mechanism-0365cd3-20260923/evidence/population_coverage_inputs/fresh_all.npz,20,0cab9adeb2317238017449dff3fe309a6195d422068c3b5db79d8590f1ff8990,chirp,21,100000,1.1,4.683375552115529,pure_effective_gradient_flow,False,False,4.683375552115529,0.0,0.0,0.4257614138286847,6.512669391207643,4.3014452435014885,-1.4213701665291492,False,conditioning,,no_initial_region,conditioning,0.0,0.0,0,,,,,,,,,,,,,,,,,,,,,,
/workspace/junmiaoh/experiments/precision-mlps/mechanism-0365cd3-20260923/evidence/population_coverage_inputs/fresh_all.npz,20,0cab9adeb2317238017449dff3fe309a6195d422068c3b5db79d8590f1ff8990,chirp,21,100000,1.25,5.322017672858555,pure_effective_gradient_flow,False,False,5.322017672858555,0.0,0.0,1.0644035345717109,6.512669391207643,4.3014452435014885,-2.235183011295912,False,conditioning,,no_initial_region,conditioning,0.0,0.0,0,,,,,,,,,,,,,,,,,,,,,,
/workspace/junmiaoh/experiments/precision-mlps/mechanism-0365cd3-20260923/evidence/population_coverage_inputs/fresh_all.npz,20,0cab9adeb2317238017449dff3fe309a6195d422068c3b5db79d8590f1ff8990,chirp,21,100000,1.5,6.386421207430267,pure_effective_gradient_flow,False,False,6.386421207430267,0.0,0.0,2.1288070691434227,6.512669391207643,4.3014452435014885,-4.0951631417403425,False,conditioning,,no_initial_region,conditioning,0.0,0.0,0,,,,,,,,,,,,,,,,,,,,,,
/workspace/junmiaoh/experiments/precision-mlps/mechanism-0365cd3-20260923/evidence/population_coverage_inputs/fresh_all.npz,20,0cab9adeb2317238017449dff3fe309a6195d422068c3b5db79d8590f1ff8990,chirp,21,100000,2.0,8.515228276573689,pure_effective_gradient_flow,False,False,8.515228276573689,0.0,0.0,4.257614138286844,6.512669391207643,4.3014452435014885,-10.145208401207938,False,conditioning,,no_initial_region,conditioning,0.0,0.0,0,,,,,,,,,,,,,,,,,,,,,,
/workspace/junmiaoh/experiments/precision-mlps/mechanism-0365cd3-20260923/evidence/population_coverage_inputs/fresh_all.npz,21,b414aa7457514bea8ad8c2e9ee293dbcf99eebbba1bce1876ae0a461a892087f,moment4,21,100000,1.01,4.42858676111076,pure_effective_gradient_flow,False,False,4.42858676111076,0.0,0.0,0.043847393674363744,6.340483327915018,4.221345434829553,-1.1514153639739242,False,conditioning,,no_initial_region,conditioning,0.0,0.0,0,,,,,,,,,,,,,,,,,,,,,,
/workspace/junmiaoh/experiments/precision-mlps/mechanism-0365cd3-20260923/evidence/population_coverage_inputs/fresh_all.npz,21,b414aa7457514bea8ad8c2e9ee293dbcf99eebbba1bce1876ae0a461a892087f,moment4,21,100000,1.025,4.494357851622306,pure_effective_gradient_flow,False,False,4.494357851622306,0.0,0.0,0.10961848418590936,6.340483327915018,4.221345434829553,-1.2179838307254691,False,conditioning,,no_initial_region,conditioning,0.0,0.0,0,,,,,,,,,,,,,,,,,,,,,,
/workspace/junmiaoh/experiments/precision-mlps/mechanism-0365cd3-20260923/evidence/population_coverage_inputs/fresh_all.npz,21,b414aa7457514bea8ad8c2e9ee293dbcf99eebbba1bce1876ae0a461a892087f,moment4,21,100000,1.05,4.603976335808216,pure_effective_gradient_flow,False,False,4.603976335808216,0.0,0.0,0.2192369683718196,6.340483327915018,4.221345434829553,-1.3333392034698153,False,conditioning,,no_initial_region,conditioning,0.0,0.0,0,,,,,,,,,,,,,,,,,,,,,,
/workspace/junmiaoh/experiments/precision-mlps/mechanism-0365cd3-20260923/evidence/population_coverage_inputs/fresh_all.npz,21,b414aa7457514bea8ad8c2e9ee293dbcf99eebbba1bce1876ae0a461a892087f,moment4,21,100000,1.1,4.823213304180037,pure_effective_gradient_flow,False,False,4.823213304180037,0.0,0.0,0.4384739367436401,6.340483327915018,4.221345434829553,-1.5810619083220052,False,conditioning,,no_initial_region,conditioning,0.0,0.0,0,,,,,,,,,,,,,,,,,,,,,,
/workspace/junmiaoh/experiments/precision-mlps/mechanism-0365cd3-20260923/evidence/population_coverage_inputs/fresh_all.npz,21,b414aa7457514bea8ad8c2e9ee293dbcf99eebbba1bce1876ae0a461a892087f,moment4,21,100000,1.25,5.4809242092954955,pure_effective_gradient_flow,False,False,5.4809242092954955,0.0,0.0,1.096184841859099,6.340483327915018,4.221345434829553,-2.469970273173731,False,conditioning,,no_initial_region,conditioning,0.0,0.0,0,,,,,,,,,,,,,,,,,,,,,,
/workspace/junmiaoh/experiments/precision-mlps/mechanism-0365cd3-20260923/evidence/population_coverage_inputs/fresh_all.npz,21,b414aa7457514bea8ad8c2e9ee293dbcf99eebbba1bce1876ae0a461a892087f,moment4,21,100000,1.5,6.577109051154595,pure_effective_gradient_flow,False,False,6.577109051154595,0.0,0.0,2.1923696837181987,6.340483327915018,4.221345434829553,-4.50158221815834,False,conditioning,,no_initial_region,conditioning,0.0,0.0,0,,,,,,,,,,,,,,,,,,,,,,
/workspace/junmiaoh/experiments/precision-mlps/mechanism-0365cd3-20260923/evidence/population_coverage_inputs/fresh_all.npz,21,b414aa7457514bea8ad8c2e9ee293dbcf99eebbba1bce1876ae0a461a892087f,moment4,21,100000,2.0,8.769478734872793,pure_effective_gradient_flow,False,False,8.769478734872793,0.0,0.0,4.384739367436397,6.340483327915018,4.221345434829553,-11.109902390855524,False,conditioning,,no_initial_region,conditioning,0.0,0.0,0,,,,,,,,,,,,,,,,,,,,,,
/workspace/junmiaoh/experiments/precision-mlps/mechanism-0365cd3-20260923/evidence/population_coverage_inputs/fresh_all.npz,22,cf2d8002f4be6ccb03029defb5bdcdd229cbfb058bd7fe4ef25b4339fff17f62,blend_m010,21,100000,1.01,4.466272575199459,pure_effective_gradient_flow,False,False,4.466272575199459,0.0,0.0,0.044220520546529585,6.40804795265813,4.291203127522369,-1.1882602819573487,False,conditioning,,no_initial_region,conditioning,0.0,0.0,0,,,,,,,,,,,,,,,,,,,,,,
/workspace/junmiaoh/experiments/precision-mlps/mechanism-0365cd3-20260923/evidence/population_coverage_inputs/fresh_all.npz,22,cf2d8002f4be6ccb03029defb5bdcdd229cbfb058bd7fe4ef25b4339fff17f62,blend_m010,21,100000,1.025,4.532603356019252,pure_effective_gradient_flow,False,False,4.532603356019252,0.0,0.0,0.11055130136632307,6.40804795265813,4.291203127522369,-1.256542678446964,False,conditioning,,no_initial_region,conditioning,0.0,0.0,0,,,,,,,,,,,,,,,,,,,,,,
/workspace/junmiaoh/experiments/precision-mlps/mechanism-0365cd3-20260923/evidence/population_coverage_inputs/fresh_all.npz,22,cf2d8002f4be6ccb03029defb5bdcdd229cbfb058bd7fe4ef25b4339fff17f62,blend_m010,21,100000,1.05,4.643154657385576,pure_effective_gradient_flow,False,False,4.643154657385576,0.0,0.0,0.22110260273264704,6.40804795265813,4.291203127522369,-1.3748680911132265,False,conditioning,,no_initial_region,conditioning,0.0,0.0,0,,,,,,,,,,,,,,,,,,,,,,
/workspace/junmiaoh/experiments/precision-mlps/mechanism-0365cd3-20260923/evidence/population_coverage_inputs/fresh_all.npz,22,cf2d8002f4be6ccb03029defb5bdcdd229cbfb058bd7fe4ef25b4339fff17f62,blend_m010,21,100000,1.1,4.864257260118222,pure_effective_gradient_flow,False,False,4.864257260118222,0.0,0.0,0.4422052054652932,6.40804795265813,4.291203127522369,-1.628968880535489,False,conditioning,,no_initial_region,conditioning,0.0,0.0,0,,,,,,,,,,,,,,,,,,,,,,
/workspace/junmiaoh/experiments/precision-mlps/mechanism-0365cd3-20260923/evidence/population_coverage_inputs/fresh_all.npz,22,cf2d8002f4be6ccb03029defb5bdcdd229cbfb058bd7fe4ef25b4339fff17f62,blend_m010,21,100000,1.25,5.527565068316162,pure_effective_gradient_flow,False,False,5.527565068316162,0.0,0.0,1.1055130136632325,6.40804795265813,4.291203127522369,-2.54076385454746,False,conditioning,,no_initial_region,conditioning,0.0,0.0,0,,,,,,,,,,,,,,,,,,,,,,
/workspace/junmiaoh/experiments/precision-mlps/mechanism-0365cd3-20260923/evidence/population_coverage_inputs/fresh_all.npz,22,cf2d8002f4be6ccb03029defb5bdcdd229cbfb058bd7fe4ef25b4339fff17f62,blend_m010,21,100000,1.5,6.633078081979393,pure_effective_gradient_flow,False,False,6.633078081979393,0.0,0.0,2.211026027326464,6.40804795265813,4.291203127522369,-4.624683450566378,False,conditioning,,no_initial_region,conditioning,0.0,0.0,0,,,,,,,,,,,,,,,,,,,,,,
/workspace/junmiaoh/experiments/precision-mlps/mechanism-0365cd3-20260923/evidence/population_coverage_inputs/fresh_all.npz,22,cf2d8002f4be6ccb03029defb5bdcdd229cbfb058bd7fe4ef25b4339fff17f62,blend_m010,21,100000,2.0,8.844104109305858,pure_effective_gradient_flow,False,False,8.844104109305858,0.0,0.0,4.422052054652929,6.40804795265813,4.291203127522369,-11.403147191463086,False,conditioning,,no_initial_region,conditioning,0.0,0.0,0,,,,,,,,,,,,,,,,,,,,,,
/workspace/junmiaoh/experiments/precision-mlps/mechanism-0365cd3-20260923/evidence/population_coverage_inputs/fresh_all.npz,23,74d59daa9b712944d23f163918f859a563bcf261e5b555a87c3582ca95513ab5,blend_p001,21,100000,1.01,4.32833881295114,pure_effective_gradient_flow,False,False,4.32833881295114,0.0,0.0,0.04285483973218973,6.334676694200135,4.2147840228518305,-1.0538033008364103,False,conditioning,,no_initial_region,conditioning,0.0,0.0,0,,,,,,,,,,,,,,,,,,,,,,
/workspace/junmiaoh/experiments/precision-mlps/mechanism-0365cd3-20260923/evidence/population_coverage_inputs/fresh_all.npz,23,74d59daa9b712944d23f163918f859a563bcf261e5b555a87c3582ca95513ab5,blend_p001,21,100000,1.025,4.3926210725494235,pure_effective_gradient_flow,False,False,4.3926210725494235,0.0,0.0,0.10713709933047344,6.334676694200135,4.2147840228518305,-1.1159526849166816,False,conditioning,,no_initial_region,conditioning,0.0,0.0,0,,,,,,,,,,,,,,,,,,,,,,
/workspace/junmiaoh/experiments/precision-mlps/mechanism-0365cd3-20260923/evidence/population_coverage_inputs/fresh_all.npz,23,74d59daa9b712944d23f163918f859a563bcf261e5b555a87c3582ca95513ab5,blend_p001,21,100000,1.05,4.499758171879898,pure_effective_gradient_flow,False,False,4.499758171879898,0.0,0.0,0.21427419866094777,6.334676694200135,4.2147840228518305,-1.2236503038684492,False,conditioning,,no_initial_region,conditioning,0.0,0.0,0,,,,,,,,,,,,,,,,,,,,,,
/workspace/junmiaoh/experiments/precision-mlps/mechanism-0365cd3-20260923/evidence/population_coverage_inputs/fresh_all.npz,23,74d59daa9b712944d23f163918f859a563bcf261e5b555a87c3582ca95513ab5,blend_p001,21,100000,1.1,4.714032370540846,pure_effective_gradient_flow,False,False,4.714032370540846,0.0,0.0,0.42854839732189554,6.334676694200135,4.2147840228518305,-1.4549281788227373,False,conditioning,,no_initial_region,conditioning,0.0,0.0,0,,,,,,,,,,,,,,,,,,,,,,
/workspace/junmiaoh/experiments/precision-mlps/mechanism-0365cd3-20260923/evidence/population_coverage_inputs/fresh_all.npz,23,74d59daa9b712944d23f163918f859a563bcf261e5b555a87c3582ca95513ab5,blend_p001,21,100000,1.25,5.356854966523688,pure_effective_gradient_flow,False,False,5.356854966523688,0.0,0.0,1.071370993304738,6.334676694200135,4.2147840228518305,-2.2848272297582035,False,conditioning,,no_initial_region,conditioning,0.0,0.0,0,,,,,,,,,,,,,,,,,,,,,,
/workspace/junmiaoh/experiments/precision-mlps/mechanism-0365cd3-20260923/evidence/population_coverage_inputs/fresh_all.npz,23,74d59daa9b712944d23f163918f859a563bcf261e5b555a87c3582ca95513ab5,blend_p001,21,100000,1.5,6.428225959828425,pure_effective_gradient_flow,False,False,6.428225959828425,0.0,0.0,2.142741986609475,6.334676694200135,4.2147840228518305,-4.181572599336447,False,conditioning,,no_initial_region,conditioning,0.0,0.0,0,,,,,,,,,,,,,,,,,,,,,,
/workspace/junmiaoh/experiments/precision-mlps/mechanism-0365cd3-20260923/evidence/population_coverage_inputs/fresh_all.npz,23,74d59daa9b712944d23f163918f859a563bcf261e5b555a87c3582ca95513ab5,blend_p001,21,100000,2.0,8.5709679464379,pure_effective_gradient_flow,False,False,8.5709679464379,0.0,0.0,4.28548397321895,6.334676694200135,4.2147840228518305,-10.351205889393157,False,conditioning,,no_initial_region,conditioning,0.0,0.0,0,,,,,,,,,,,,,,,,,,,,,,
/workspace/junmiaoh/experiments/precision-mlps/mechanism-0365cd3-20260923/evidence/population_coverage_inputs/fresh_all.npz,24,142611d59a9a33d8a2857f2c70bfeceaa71a8db32e8bceb8913c39f389751b45,blend_p010,21,100000,1.01,4.257082713504917,pure_effective_gradient_flow,False,False,4.257082713504917,0.0,0.0,0.04214933379707819,6.288287710097285,4.166267331524508,-0.9877991792574348,False,conditioning,,no_initial_region,conditioning,0.0,0.0,0,,,,,,,,,,,,,,,,,,,,,,
/workspace/junmiaoh/experiments/precision-mlps/mechanism-0365cd3-20260923/evidence/population_coverage_inputs/fresh_all.npz,24,142611d59a9a33d8a2857f2c70bfeceaa71a8db32e8bceb8913c39f389751b45,blend_p010,21,100000,1.025,4.320306714200535,pure_effective_gradient_flow,False,False,4.320306714200535,0.0,0.0,0.10537333449269592,6.288287710097285,4.166267331524508,-1.0469293791484522,False,conditioning,,no_initial_region,conditioning,0.0,0.0,0,,,,,,,,,,,,,,,,,,,,,,
/workspace/junmiaoh/experiments/precision-mlps/mechanism-0365cd3-20260923/evidence/population_coverage_inputs/fresh_all.npz,24,142611d59a9a33d8a2857f2c70bfeceaa71a8db32e8bceb8913c39f389751b45,blend_p010,21,100000,1.05,4.425680048693231,pure_effective_gradient_flow,False,False,4.425680048693231,0.0,0.0,0.21074666898539185,6.288287710097285,4.166267331524508,-1.1493951047649678,False,conditioning,,no_initial_region,conditioning,0.0,0.0,0,,,,,,,,,,,,,,,,,,,,,,
/workspace/junmiaoh/experiments/precision-mlps/mechanism-0365cd3-20260923/evidence/population_coverage_inputs/fresh_all.npz,24,142611d59a9a33d8a2857f2c70bfeceaa71a8db32e8bceb8913c39f389751b45,blend_p010,21,100000,1.1,4.636426717678623,pure_effective_gradient_flow,False,False,4.636426717678623,0.0,0.0,0.4214933379707846,6.288287710097285,4.166267331524508,-1.3694376229458967,False,conditioning,,no_initial_region,conditioning,0.0,0.0,0,,,,,,,,,,,,,,,,,,,,,,
/workspace/junmiaoh/experiments/precision-mlps/mechanism-0365cd3-20260923/evidence/population_coverage_inputs/fresh_all.npz,24,142611d59a9a33d8a2857f2c70bfeceaa71a8db32e8bceb8913c39f389751b45,blend_p010,21,100000,1.25,5.268666724634798,pure_effective_gradient_flow,False,False,5.268666724634798,0.0,0.0,1.0537333449269592,6.288287710097285,4.166267331524508,-2.1590206171683026,False,conditioning,,no_initial_region,conditioning,0.0,0.0,0,,,,,,,,,,,,,,,,,,,,,,
/workspace/junmiaoh/experiments/precision-mlps/mechanism-0365cd3-20260923/evidence/population_coverage_inputs/fresh_all.npz,24,142611d59a9a33d8a2857f2c70bfeceaa71a8db32e8bceb8913c39f389751b45,blend_p010,21,100000,1.5,6.322400069561758,pure_effective_gradient_flow,False,False,6.322400069561758,0.0,0.0,2.1074666898539194,6.288287710097285,4.166267331524508,-3.963623100447364,False,conditioning,,no_initial_region,conditioning,0.0,0.0,0,,,,,,,,,,,,,,,,,,,,,,
/workspace/junmiaoh/experiments/precision-mlps/mechanism-0365cd3-20260923/evidence/population_coverage_inputs/fresh_all.npz,24,142611d59a9a33d8a2857f2c70bfeceaa71a8db32e8bceb8913c39f389751b45,blend_p010,21,100000,2.0,8.429866759415678,pure_effective_gradient_flow,False,False,8.429866759415678,0.0,0.0,4.214933379707839,6.288287710097285,4.166267331524508,-9.833538870234198,False,conditioning,,no_initial_region,conditioning,0.0,0.0,0,,,,,,,,,,,,,,,,,,,,,,
/workspace/junmiaoh/experiments/precision-mlps/mechanism-0365cd3-20260923/evidence/population_coverage_inputs/fresh_all.npz,25,6fda941373cc697e4561130c6b430cddb3eaa78a343753d8d4433b36329e33eb,blend_p030,21,100000,1.01,4.1358672732634,pure_effective_gradient_flow,False,False,4.1358672732634,0.0,0.0,0.040949180923400164,6.219402139739766,4.093568923001777,-0.8804317530691197,False,conditioning,,no_initial_region,conditioning,0.0,0.0,0,,,,,,,,,,,,,,,,,,,,,,
/workspace/junmiaoh/experiments/precision-mlps/mechanism-0365cd3-20260923/evidence/population_coverage_inputs/fresh_all.npz,25,6fda941373cc697e4561130c6b430cddb3eaa78a343753d8d4433b36329e33eb,blend_p030,21,100000,1.025,4.197291044648499,pure_effective_gradient_flow,False,False,4.197291044648499,0.0,0.0,0.10237295230849952,6.219402139739766,4.093568923001777,-0.9346534195239697,False,conditioning,,no_initial_region,conditioning,0.0,0.0,0,,,,,,,,,,,,,,,,,,,,,,
/workspace/junmiaoh/experiments/precision-mlps/mechanism-0365cd3-20260923/evidence/population_coverage_inputs/fresh_all.npz,25,6fda941373cc697e4561130c6b430cddb3eaa78a343753d8d4433b36329e33eb,blend_p030,21,100000,1.05,4.299663996956999,pure_effective_gradient_flow,False,False,4.299663996956999,0.0,0.0,0.20474590461699993,6.219402139739766,4.093568923001777,-1.0286132303765108,False,conditioning,,no_initial_region,conditioning,0.0,0.0,0,,,,,,,,,,,,,,,,,,,,,,
/workspace/junmiaoh/experiments/precision-mlps/mechanism-0365cd3-20260923/evidence/population_coverage_inputs/fresh_all.npz,25,6fda941373cc697e4561130c6b430cddb3eaa78a343753d8d4433b36329e33eb,blend_p030,21,100000,1.1,4.504409901574,pure_effective_gradient_flow,False,False,4.504409901574,0.0,0.0,0.40949180923400075,6.219402139739766,4.093568923001777,-1.2303895147232875,False,conditioning,,no_initial_region,conditioning,0.0,0.0,0,,,,,,,,,,,,,,,,,,,,,,
/workspace/junmiaoh/experiments/precision-mlps/mechanism-0365cd3-20260923/evidence/population_coverage_inputs/fresh_all.npz,25,6fda941373cc697e4561130c6b430cddb3eaa78a343753d8d4433b36329e33eb,blend_p030,21,100000,1.25,5.118647615424999,pure_effective_gradient_flow,False,False,5.118647615424999,0.0,0.0,1.0237295230849996,6.219402139739766,4.093568923001777,-1.954427414646794,False,conditioning,,no_initial_region,conditioning,0.0,0.0,0,,,,,,,,,,,,,,,,,,,,,,
/workspace/junmiaoh/experiments/precision-mlps/mechanism-0365cd3-20260923/evidence/population_coverage_inputs/fresh_all.npz,25,6fda941373cc697e4561130c6b430cddb3eaa78a343753d8d4433b36329e33eb,blend_p030,21,100000,1.5,6.14237713851,pure_effective_gradient_flow,False,False,6.14237713851,0.0,0.0,2.04745904617,6.219402139739766,4.093568923001777,-3.6092257091273843,False,conditioning,,no_initial_region,conditioning,0.0,0.0,0,,,,,,,,,,,,,,,,,,,,,,
/workspace/junmiaoh/experiments/precision-mlps/mechanism-0365cd3-20260923/evidence/population_coverage_inputs/fresh_all.npz,25,6fda941373cc697e4561130c6b430cddb3eaa78a343753d8d4433b36329e33eb,blend_p030,21,100000,2.0,8.189836184679999,pure_effective_gradient_flow,False,False,8.189836184679999,0.0,0.0,4.0949180923399995,6.219402139739766,4.093568923001777,-8.99186631534996,False,conditioning,,no_initial_region,conditioning,0.0,0.0,0,,,,,,,,,,,,,,,,,,,,,,
/workspace/junmiaoh/experiments/precision-mlps/mechanism-0365cd3-20260923/evidence/population_coverage_inputs/fresh_all.npz,26,87796a8f45ec04f594d44cf5ed9af731ae867bf7a46f167f0c87c89539737869,sine,20,400000,1.01,6.93810924452116,pure_effective_gradient_flow,False,False,6.93810924452116,0.0,0.0,0.06869415093585296,7.467105495564445,5.234027493541787,-5.329819901750597,False,conditioning,,no_initial_region,conditioning,0.0,0.0,0,,,,,,,,,,,,,,,,,,,,,,
/workspace/junmiaoh/experiments/precision-mlps/mechanism-0365cd3-20260923/evidence/population_coverage_inputs/fresh_all.npz,26,87796a8f45ec04f594d44cf5ed9af731ae867bf7a46f167f0c87c89539737869,sine,20,400000,1.025,7.041150470924939,pure_effective_gradient_flow,False,False,7.041150470924939,0.0,0.0,0.1717353773396324,7.467105495564445,5.234027493541787,-5.585794271969158,False,conditioning,,no_initial_region,conditioning,0.0,0.0,0,,,,,,,,,,,,,,,,,,,,,,
/workspace/junmiaoh/experiments/precision-mlps/mechanism-0365cd3-20260923/evidence/population_coverage_inputs/fresh_all.npz,26,87796a8f45ec04f594d44cf5ed9af731ae867bf7a46f167f0c87c89539737869,sine,20,400000,1.05,7.212885848264572,pure_effective_gradient_flow,False,False,7.212885848264572,0.0,0.0,0.3434707546792657,7.467105495564445,5.234027493541787,-6.0293679387590124,False,conditioning,,no_initial_region,conditioning,0.0,0.0,0,,,,,,,,,,,,,,,,,,,,,,
/workspace/junmiaoh/experiments/precision-mlps/mechanism-0365cd3-20260923/evidence/population_coverage_inputs/fresh_all.npz,26,87796a8f45ec04f594d44cf5ed9af731ae867bf7a46f167f0c87c89539737869,sine,20,400000,1.1,7.556356602943838,pure_effective_gradient_flow,False,False,7.556356602943838,0.0,0.0,0.6869415093585314,7.467105495564445,5.234027493541787,-6.981931013405848,False,conditioning,,no_initial_region,conditioning,0.0,0.0,0,,,,,,,,,,,,,,,,,,,,,,
/workspace/junmiaoh/experiments/precision-mlps/mechanism-0365cd3-20260923/evidence/population_coverage_inputs/fresh_all.npz,26,87796a8f45ec04f594d44cf5ed9af731ae867bf7a46f167f0c87c89539737869,sine,20,400000,1.25,8.586768866981632,pure_effective_gradient_flow,False,False,8.586768866981632,0.0,0.0,1.7173537733963258,7.467105495564445,5.234027493541787,-10.400032255307282,False,conditioning,,no_initial_region,conditioning,0.0,0.0,0,,,,,,,,,,,,,,,,,,,,,,
/workspace/junmiaoh/experiments/precision-mlps/mechanism-0365cd3-20260923/evidence/population_coverage_inputs/fresh_all.npz,26,87796a8f45ec04f594d44cf5ed9af731ae867bf7a46f167f0c87c89539737869,sine,20,400000,1.5,10.30412264037796,pure_effective_gradient_flow,False,False,10.30412264037796,0.0,0.0,3.4347075467926533,7.467105495564445,5.234027493541787,-18.21214831450537,False,conditioning,,no_initial_region,conditioning,0.0,0.0,0,,,,,,,,,,,,,,,,,,,,,,
/workspace/junmiaoh/experiments/precision-mlps/mechanism-0365cd3-20260923/evidence/population_coverage_inputs/fresh_all.npz,26,87796a8f45ec04f594d44cf5ed9af731ae867bf7a46f167f0c87c89539737869,sine,20,400000,2.0,13.738830187170613,pure_effective_gradient_flow,False,False,13.738830187170613,0.0,0.0,6.869415093585307,7.467105495564445,5.234027493541787,-43.622987364204654,False,conditioning,,no_initial_region,conditioning,0.0,0.0,0,,,,,,,,,,,,,,,,,,,,,,
/workspace/junmiaoh/experiments/precision-mlps/mechanism-0365cd3-20260923/evidence/population_coverage_inputs/fresh_all.npz,27,3b0bb55d02ec9f466efdc4e5ac857aedf71528b4a2459161146d7301ce7e7294,runge,20,400000,1.01,41.15873471618079,pure_effective_gradient_flow,False,False,41.15873471618079,0.0,0.0,0.40751222491267924,21.486575997083897,17.909759633089923,-1181.4044614571583,False,conditioning,,no_initial_region,conditioning,0.0,0.0,0,,,,,,,,,,,,,,,,,,,,,,
/workspace/junmiaoh/experiments/precision-mlps/mechanism-0365cd3-20260923/evidence/population_coverage_inputs/fresh_all.npz,27,3b0bb55d02ec9f466efdc4e5ac857aedf71528b4a2459161146d7301ce7e7294,runge,20,400000,1.025,41.77000305354981,pure_effective_gradient_flow,False,False,41.77000305354981,0.0,0.0,1.018780562281698,21.486575997083897,17.909759633089923,-1234.843560563097,False,conditioning,,no_initial_region,conditioning,0.0,0.0,0,,,,,,,,,,,,,,,,,,,,,,
/workspace/junmiaoh/experiments/precision-mlps/mechanism-0365cd3-20260923/evidence/population_coverage_inputs/fresh_all.npz,27,3b0bb55d02ec9f466efdc4e5ac857aedf71528b4a2459161146d7301ce7e7294,runge,20,400000,1.05,42.78878361583152,pure_effective_gradient_flow,False,False,42.78878361583152,0.0,0.0,2.0375611245634104,21.486575997083897,17.909759633089923,-1327.447273661905,False,conditioning,,no_initial_region,conditioning,0.0,0.0,0,,,,,,,,,,,,,,,,,,,,,,
/workspace/junmiaoh/experiments/precision-mlps/mechanism-0365cd3-20260923/evidence/population_coverage_inputs/fresh_all.npz,27,3b0bb55d02ec9f466efdc4e5ac857aedf71528b4a2459161146d7301ce7e7294,runge,20,400000,1.1,44.82634474039492,pure_effective_gradient_flow,False,False,44.82634474039492,0.0,0.0,4.075122249126814,21.486575997083897,17.909759633089923,-1526.311372857641,False,conditioning,,no_initial_region,conditioning,0.0,0.0,0,,,,,,,,,,,,,,,,,,,,,,
/workspace/junmiaoh/experiments/precision-mlps/mechanism-0365cd3-20260923/evidence/population_coverage_inputs/fresh_all.npz,27,3b0bb55d02ec9f466efdc4e5ac857aedf71528b4a2459161146d7301ce7e7294,runge,20,400000,1.25,50.93902811408513,pure_effective_gradient_flow,False,False,50.93902811408513,0.0,0.0,10.187805622817024,21.486575997083897,17.909759633089923,-2239.8994202240256,False,conditioning,,no_initial_region,conditioning,0.0,0.0,0,,,,,,,,,,,,,,,,,,,,,,
/workspace/junmiaoh/experiments/precision-mlps/mechanism-0365cd3-20260923/evidence/population_coverage_inputs/fresh_all.npz,27,3b0bb55d02ec9f466efdc4e5ac857aedf71528b4a2459161146d7301ce7e7294,runge,20,400000,1.5,61.126833736902164,pure_effective_gradient_flow,False,False,61.126833736902164,0.0,0.0,20.375611245634055,21.486575997083897,17.909759633089923,-3870.81443706,False,conditioning,,no_initial_region,conditioning,0.0,0.0,0,,,,,,,,,,,,,,,,,,,,,,
/workspace/junmiaoh/experiments/precision-mlps/mechanism-0365cd3-20260923/evidence/population_coverage_inputs/fresh_all.npz,27,3b0bb55d02ec9f466efdc4e5ac857aedf71528b4a2459161146d7301ce7e7294,runge,20,400000,2.0,81.50244498253622,pure_effective_gradient_flow,False,False,81.50244498253622,0.0,0.0,40.75122249126811,21.486575997083897,17.909759633089923,-9175.768777537452,False,conditioning,,no_initial_region,conditioning,0.0,0.0,0,,,,,,,,,,,,,,,,,,,,,,
/workspace/junmiaoh/experiments/precision-mlps/mechanism-0365cd3-20260923/evidence/population_coverage_inputs/fresh_all.npz,28,9f001159b107033dcfe597d27d4413445dc4cae78a515934cf1bde655262cffb,moment3,20,400000,1.01,68.7294067082582,pure_effective_gradient_flow,False,False,68.7294067082582,0.0,0.0,0.680489175329285,55.82375323286193,53.66304997729987,-5502.300712680704,False,conditioning,,no_initial_region,conditioning,0.0,0.0,0,,,,,,,,,,,,,,,,,,,,,,
/workspace/junmiaoh/experiments/precision-mlps/mechanism-0365cd3-20260923/evidence/population_coverage_inputs/fresh_all.npz,28,9f001159b107033dcfe597d27d4413445dc4cae78a515934cf1bde655262cffb,moment3,20,400000,1.025,69.75014047125212,pure_effective_gradient_flow,False,False,69.75014047125212,0.0,0.0,1.7012229383232125,55.82375323286193,53.66304997729987,-5751.129639652985,False,conditioning,,no_initial_region,conditioning,0.0,0.0,0,,,,,,,,,,,,,,,,,,,,,,
/workspace/junmiaoh/experiments/precision-mlps/mechanism-0365cd3-20260923/evidence/population_coverage_inputs/fresh_all.npz,28,9f001159b107033dcfe597d27d4413445dc4cae78a515934cf1bde655262cffb,moment3,20,400000,1.05,71.45136340957536,pure_effective_gradient_flow,False,False,71.45136340957536,0.0,0.0,3.4024458766464534,55.82375323286193,53.66304997729987,-6182.321088414981,False,conditioning,,no_initial_region,conditioning,0.0,0.0,0,,,,,,,,,,,,,,,,,,,,,,
/workspace/junmiaoh/experiments/precision-mlps/mechanism-0365cd3-20260923/evidence/population_coverage_inputs/fresh_all.npz,28,9f001159b107033dcfe597d27d4413445dc4cae78a515934cf1bde655262cffb,moment3,20,400000,1.1,74.8538092862218,pure_effective_gradient_flow,False,False,74.8538092862218,0.0,0.0,6.8048917532928925,55.82375323286193,53.66304997729987,-7108.293667370477,False,conditioning,,no_initial_region,conditioning,0.0,0.0,0,,,,,,,,,,,,,,,,,,,,,,
/workspace/junmiaoh/experiments/precision-mlps/mechanism-0365cd3-20260923/evidence/population_coverage_inputs/fresh_all.npz,28,9f001159b107033dcfe597d27d4413445dc4cae78a515934cf1bde655262cffb,moment3,20,400000,1.25,85.06114691616114,pure_effective_gradient_flow,False,False,85.06114691616114,0.0,0.0,17.012229383232224,55.82375323286193,53.66304997729987,-10430.979698705381,False,conditioning,,no_initial_region,conditioning,0.0,0.0,0,,,,,,,,,,,,,,,,,,,,,,
/workspace/junmiaoh/experiments/precision-mlps/mechanism-0365cd3-20260923/evidence/population_coverage_inputs/fresh_all.npz,28,9f001159b107033dcfe597d27d4413445dc4cae78a515934cf1bde655262cffb,moment3,20,400000,1.5,102.07337629939337,pure_effective_gradient_flow,False,False,102.07337629939337,0.0,0.0,34.02445876646446,55.82375323286193,53.66304997729987,-18025.023019266875,False,conditioning,,no_initial_region,conditioning,0.0,0.0,0,,,,,,,,,,,,,,,,,,,,,,
/workspace/junmiaoh/experiments/precision-mlps/mechanism-0365cd3-20260923/evidence/population_coverage_inputs/fresh_all.npz,28,9f001159b107033dcfe597d27d4413445dc4cae78a515934cf1bde655262cffb,moment3,20,400000,2.0,136.09783506585782,pure_effective_gradient_flow,False,False,136.09783506585782,0.0,0.0,68.04891753292891,55.82375323286193,53.66304997729987,-42726.526567466884,False,conditioning,,no_initial_region,conditioning,0.0,0.0,0,,,,,,,,,,,,,,,,,,,,,,
/workspace/junmiaoh/experiments/precision-mlps/mechanism-0365cd3-20260923/evidence/population_coverage_inputs/fresh_all.npz,29,a85c8e2012f9479ebd4433e5c25142b2c5a969cc9ac8d0c5eca74917533f551d,moment5,20,400000,1.01,4.543857284997,pure_effective_gradient_flow,False,False,4.543857284997,0.0,0.0,0.04498868599006922,6.5468348631197495,4.2910963934206965,-1.2715164118197146,False,conditioning,,no_initial_region,conditioning,0.0,0.0,0,,,,,,,,,,,,,,,,,,,,,,
/workspace/junmiaoh/experiments/precision-mlps/mechanism-0365cd3-20260923/evidence/population_coverage_inputs/fresh_all.npz,29,a85c8e2012f9479ebd4433e5c25142b2c5a969cc9ac8d0c5eca74917533f551d,moment5,20,400000,1.025,4.611340313982104,pure_effective_gradient_flow,False,False,4.611340313982104,0.0,0.0,0.11247171497517261,6.5468348631197495,4.2910963934206965,-1.343419431423589,False,conditioning,,no_initial_region,conditioning,0.0,0.0,0,,,,,,,,,,,,,,,,,,,,,,
/workspace/junmiaoh/experiments/precision-mlps/mechanism-0365cd3-20260923/evidence/population_coverage_inputs/fresh_all.npz,29,a85c8e2012f9479ebd4433e5c25142b2c5a969cc9ac8d0c5eca74917533f551d,moment5,20,400000,1.05,4.723812028957278,pure_effective_gradient_flow,False,False,4.723812028957278,0.0,0.0,0.224943429950347,6.5468348631197495,4.2910963934206965,-1.4680189607894445,False,conditioning,,no_initial_region,conditioning,0.0,0.0,0,,,,,,,,,,,,,,,,,,,,,,
/workspace/junmiaoh/experiments/precision-mlps/mechanism-0365cd3-20260923/evidence/population_coverage_inputs/fresh_all.npz,29,a85c8e2012f9479ebd4433e5c25142b2c5a969cc9ac8d0c5eca74917533f551d,moment5,20,400000,1.1,4.948755458907624,pure_effective_gradient_flow,False,False,4.948755458907624,0.0,0.0,0.4498868599006931,6.5468348631197495,4.2910963934206965,-1.735593254933728,False,conditioning,,no_initial_region,conditioning,0.0,0.0,0,,,,,,,,,,,,,,,,,,,,,,
/workspace/junmiaoh/experiments/precision-mlps/mechanism-0365cd3-20260923/evidence/population_coverage_inputs/fresh_all.npz,29,a85c8e2012f9479ebd4433e5c25142b2c5a969cc9ac8d0c5eca74917533f551d,moment5,20,400000,1.25,5.623585748758664,pure_effective_gradient_flow,False,False,5.623585748758664,0.0,0.0,1.1247171497517332,6.5468348631197495,4.2910963934206965,-2.695735476964084,False,conditioning,,no_initial_region,conditioning,0.0,0.0,0,,,,,,,,,,,,,,,,,,,,,,
/workspace/junmiaoh/experiments/precision-mlps/mechanism-0365cd3-20260923/evidence/population_coverage_inputs/fresh_all.npz,29,a85c8e2012f9479ebd4433e5c25142b2c5a969cc9ac8d0c5eca74917533f551d,moment5,20,400000,1.5,6.7483028985103966,pure_effective_gradient_flow,False,False,6.7483028985103966,0.0,0.0,2.2494342995034655,6.5468348631197495,4.2910963934206965,-4.890153354318974,False,conditioning,,no_initial_region,conditioning,0.0,0.0,0,,,,,,,,,,,,,,,,,,,,,,
/workspace/junmiaoh/experiments/precision-mlps/mechanism-0365cd3-20260923/evidence/population_coverage_inputs/fresh_all.npz,29,a85c8e2012f9479ebd4433e5c25142b2c5a969cc9ac8d0c5eca74917533f551d,moment5,20,400000,2.0,8.997737198013862,pure_effective_gradient_flow,False,False,8.997737198013862,0.0,0.0,4.498868599006931,6.5468348631197495,4.2910963934206965,-12.028040076264551,False,conditioning,,no_initial_region,conditioning,0.0,0.0,0,,,,,,,,,,,,,,,,,,,,,,
/workspace/junmiaoh/experiments/precision-mlps/mechanism-0365cd3-20260923/evidence/population_coverage_inputs/fresh_all.npz,30,fa1c4ef9b400388404e387e4d0265d46be6ab5305aa85c92f9a6fda68e928996,moment9,20,400000,1.01,4.515121670295977,pure_effective_gradient_flow,False,False,4.515121670295977,0.0,0.0,0.04470417495342538,6.528425761640752,4.27139244442651,-1.2418555868301167,False,conditioning,,no_initial_region,conditioning,0.0,0.0,0,,,,,,,,,,,,,,,,,,,,,,
/workspace/junmiaoh/experiments/precision-mlps/mechanism-0365cd3-20260923/evidence/population_coverage_inputs/fresh_all.npz,30,fa1c4ef9b400388404e387e4d0265d46be6ab5305aa85c92f9a6fda68e928996,moment9,20,400000,1.025,4.582177932726115,pure_effective_gradient_flow,False,False,4.582177932726115,0.0,0.0,0.11176043738356345,6.528425761640752,4.27139244442651,-1.3124030587629218,False,conditioning,,no_initial_region,conditioning,0.0,0.0,0,,,,,,,,,,,,,,,,,,,,,,
/workspace/junmiaoh/experiments/precision-mlps/mechanism-0365cd3-20260923/evidence/population_coverage_inputs/fresh_all.npz,30,fa1c4ef9b400388404e387e4d0265d46be6ab5305aa85c92f9a6fda68e928996,moment9,20,400000,1.05,4.693938370109679,pure_effective_gradient_flow,False,False,4.693938370109679,0.0,0.0,0.2235208747671278,6.528425761640752,4.27139244442651,-1.434653582443357,False,conditioning,,no_initial_region,conditioning,0.0,0.0,0,,,,,,,,,,,,,,,,,,,,,,
/workspace/junmiaoh/experiments/precision-mlps/mechanism-0365cd3-20260923/evidence/population_coverage_inputs/fresh_all.npz,30,fa1c4ef9b400388404e387e4d0265d46be6ab5305aa85c92f9a6fda68e928996,moment9,20,400000,1.1,4.917459244876807,pure_effective_gradient_flow,False,False,4.917459244876807,0.0,0.0,0.4470417495342556,6.528425761640752,4.27139244442651,-1.6971834471149472,False,conditioning,,no_initial_region,conditioning,0.0,0.0,0,,,,,,,,,,,,,,,,,,,,,,
/workspace/junmiaoh/experiments/precision-mlps/mechanism-0365cd3-20260923/evidence/population_coverage_inputs/fresh_all.npz,30,fa1c4ef9b400388404e387e4d0265d46be6ab5305aa85c92f9a6fda68e928996,moment9,20,400000,1.25,5.588021869178189,pure_effective_gradient_flow,False,False,5.588021869178189,0.0,0.0,1.117604373835638,6.528425761640752,4.27139244442651,-2.639224641397933,False,conditioning,,no_initial_region,conditioning,0.0,0.0,0,,,,,,,,,,,,,,,,,,,,,,
/workspace/junmiaoh/experiments/precision-mlps/mechanism-0365cd3-20260923/evidence/population_coverage_inputs/fresh_all.npz,30,fa1c4ef9b400388404e387e4d0265d46be6ab5305aa85c92f9a6fda68e928996,moment9,20,400000,1.5,6.7056262430138265,pure_effective_gradient_flow,False,False,6.7056262430138265,0.0,0.0,2.235208747671275,6.528425761640752,4.27139244442651,-4.7922723779800025,False,conditioning,,no_initial_region,conditioning,0.0,0.0,0,,,,,,,,,,,,,,,,,,,,,,
/workspace/junmiaoh/experiments/precision-mlps/mechanism-0365cd3-20260923/evidence/population_coverage_inputs/fresh_all.npz,30,fa1c4ef9b400388404e387e4d0265d46be6ab5305aa85c92f9a6fda68e928996,moment9,20,400000,2.0,8.940834990685103,pure_effective_gradient_flow,False,False,8.940834990685103,0.0,0.0,4.470417495342551,6.528425761640752,4.27139244442651,-11.795592488181027,False,conditioning,,no_initial_region,conditioning,0.0,0.0,0,,,,,,,,,,,,,,,,,,,,,,
/workspace/junmiaoh/experiments/precision-mlps/mechanism-0365cd3-20260923/evidence/population_coverage_inputs/fresh_all.npz,31,a61afd9e31a84dbc31d04d603bb14098d65a15e16bcf4b41ccfad89b52c45ad4,mixed_sine,20,400000,1.01,75.13617432484372,pure_effective_gradient_flow,False,False,75.13617432484372,0.0,0.0,0.7439225180677624,43.320983560375446,41.1525925319586,-7189.047029790234,False,conditioning,,no_initial_region,conditioning,0.0,0.0,0,,,,,,,,,,,,,,,,,,,,,,
/workspace/junmiaoh/experiments/precision-mlps/mechanism-0365cd3-20260923/evidence/population_coverage_inputs/fresh_all.npz,31,a61afd9e31a84dbc31d04d603bb14098d65a15e16bcf4b41ccfad89b52c45ad4,mixed_sine,20,400000,1.025,76.25205810194535,pure_effective_gradient_flow,False,False,76.25205810194535,0.0,0.0,1.8598062951693919,43.320983560375446,41.1525925319586,-7514.149535918574,False,conditioning,,no_initial_region,conditioning,0.0,0.0,0,,,,,,,,,,,,,,,,,,,,,,
/workspace/junmiaoh/experiments/precision-mlps/mechanism-0365cd3-20260923/evidence/population_coverage_inputs/fresh_all.npz,31,a61afd9e31a84dbc31d04d603bb14098d65a15e16bcf4b41ccfad89b52c45ad4,mixed_sine,20,400000,1.05,78.11186439711476,pure_effective_gradient_flow,False,False,78.11186439711476,0.0,0.0,3.719612590338798,43.320983560375446,41.1525925319586,-8077.514182944718,False,conditioning,,no_initial_region,conditioning,0.0,0.0,0,,,,,,,,,,,,,,,,,,,,,,
/workspace/junmiaoh/experiments/precision-mlps/mechanism-0365cd3-20260923/evidence/population_coverage_inputs/fresh_all.npz,31,a61afd9e31a84dbc31d04d603bb14098d65a15e16bcf4b41ccfad89b52c45ad4,mixed_sine,20,400000,1.1,81.83147698745356,pure_effective_gradient_flow,False,False,81.83147698745356,0.0,0.0,7.439225180677596,43.320983560375446,41.1525925319586,-9287.325315788163,False,conditioning,,no_initial_region,conditioning,0.0,0.0,0,,,,,,,,,,,,,,,,,,,,,,
/workspace/junmiaoh/experiments/precision-mlps/mechanism-0365cd3-20260923/evidence/population_coverage_inputs/fresh_all.npz,31,a61afd9e31a84dbc31d04d603bb14098d65a15e16bcf4b41ccfad89b52c45ad4,mixed_sine,20,400000,1.25,92.99031475846995,pure_effective_gradient_flow,False,False,92.99031475846995,0.0,0.0,18.59806295169399,43.320983560375446,41.1525925319586,-13628.514939552999,False,conditioning,,no_initial_region,conditioning,0.0,0.0,0,,,,,,,,,,,,,,,,,,,,,,
/workspace/junmiaoh/experiments/precision-mlps/mechanism-0365cd3-20260923/evidence/population_coverage_inputs/fresh_all.npz,31,a61afd9e31a84dbc31d04d603bb14098d65a15e16bcf4b41ccfad89b52c45ad4,mixed_sine,20,400000,1.5,111.58837771016394,pure_effective_gradient_flow,False,False,111.58837771016394,0.0,0.0,37.19612590338798,43.320983560375446,41.1525925319586,-23550.36182931089,False,conditioning,,no_initial_region,conditioning,0.0,0.0,0,,,,,,,,,,,,,,,,,,,,,,
/workspace/junmiaoh/experiments/precision-mlps/mechanism-0365cd3-20260923/evidence/population_coverage_inputs/fresh_all.npz,31,a61afd9e31a84dbc31d04d603bb14098d65a15e16bcf4b41ccfad89b52c45ad4,mixed_sine,20,400000,2.0,148.78450361355192,pure_effective_gradient_flow,False,False,148.78450361355192,0.0,0.0,74.39225180677596,43.320983560375446,41.1525925319586,-55823.62204214974,False,conditioning,,no_initial_region,conditioning,0.0,0.0,0,,,,,,,,,,,,,,,,,,,,,,
/workspace/junmiaoh/experiments/precision-mlps/mechanism-0365cd3-20260923/evidence/population_coverage_inputs/fresh_all.npz,32,892c2ca7777ca9cb4e018bb544ef73ed23558dc3d2a2cc6d86024393fda503e8,localized_sine,20,400000,1.01,122.64751649958113,pure_effective_gradient_flow,False,False,122.64751649958113,0.0,0.0,1.2143318465305128,107.52152528330707,105.34907389816007,-31269.33638996242,False,conditioning,,no_initial_region,conditioning,0.0,0.0,0,,,,,,,,,,,,,,,,,,,,,,
/workspace/junmiaoh/experiments/precision-mlps/mechanism-0365cd3-20260923/evidence/population_coverage_inputs/fresh_all.npz,32,892c2ca7777ca9cb4e018bb544ef73ed23558dc3d2a2cc6d86024393fda503e8,localized_sine,20,400000,1.025,124.46901426937687,pure_effective_gradient_flow,False,False,124.46901426937687,0.0,0.0,3.0358296163262537,107.52152528330707,105.34907389816007,-32683.336220873247,False,conditioning,,no_initial_region,conditioning,0.0,0.0,0,,,,,,,,,,,,,,,,,,,,,,
/workspace/junmiaoh/experiments/precision-mlps/mechanism-0365cd3-20260923/evidence/population_coverage_inputs/fresh_all.npz,32,892c2ca7777ca9cb4e018bb544ef73ed23558dc3d2a2cc6d86024393fda503e8,localized_sine,20,400000,1.05,127.50484388570315,pure_effective_gradient_flow,False,False,127.50484388570315,0.0,0.0,6.071659232652536,107.52152528330707,105.34907389816007,-35133.632667747275,False,conditioning,,no_initial_region,conditioning,0.0,0.0,0,,,,,,,,,,,,,,,,,,,,,,
/workspace/junmiaoh/experiments/precision-mlps/mechanism-0365cd3-20260923/evidence/population_coverage_inputs/fresh_all.npz,32,892c2ca7777ca9cb4e018bb544ef73ed23558dc3d2a2cc6d86024393fda503e8,localized_sine,20,400000,1.1,133.5765031183557,pure_effective_gradient_flow,False,False,133.5765031183557,0.0,0.0,12.143318465305086,107.52152528330707,105.34907389816007,-40395.58145321546,False,conditioning,,no_initial_region,conditioning,0.0,0.0,0,,,,,,,,,,,,,,,,,,,,,,
/workspace/junmiaoh/experiments/precision-mlps/mechanism-0365cd3-20260923/evidence/population_coverage_inputs/fresh_all.npz,32,892c2ca7777ca9cb4e018bb544ef73ed23558dc3d2a2cc6d86024393fda503e8,localized_sine,20,400000,1.25,151.79148081631328,pure_effective_gradient_flow,False,False,151.79148081631328,0.0,0.0,30.358296163262665,107.52152528330707,105.34907389816007,-59277.13812608863,False,conditioning,,no_initial_region,conditioning,0.0,0.0,0,,,,,,,,,,,,,,,,,,,,,,
/workspace/junmiaoh/experiments/precision-mlps/mechanism-0365cd3-20260923/evidence/population_coverage_inputs/fresh_all.npz,32,892c2ca7777ca9cb4e018bb544ef73ed23558dc3d2a2cc6d86024393fda503e8,localized_sine,20,400000,1.5,182.14977697957593,pure_effective_gradient_flow,False,False,182.14977697957593,0.0,0.0,60.716592326525316,107.52152528330707,105.34907389816007,-102431.18818715599,False,conditioning,,no_initial_region,conditioning,0.0,0.0,0,,,,,,,,,,,,,,,,,,,,,,
/workspace/junmiaoh/experiments/precision-mlps/mechanism-0365cd3-20260923/evidence/population_coverage_inputs/fresh_all.npz,32,892c2ca7777ca9cb4e018bb544ef73ed23558dc3d2a2cc6d86024393fda503e8,localized_sine,20,400000,2.0,242.86636930610123,pure_effective_gradient_flow,False,False,242.86636930610123,0.0,0.0,121.43318465305062,107.52152528330707,105.34907389816007,-242800.4059682103,False,conditioning,,no_initial_region,conditioning,0.0,0.0,0,,,,,,,,,,,,,,,,,,,,,,
/workspace/junmiaoh/experiments/precision-mlps/mechanism-0365cd3-20260923/evidence/population_coverage_inputs/fresh_all.npz,33,9328b0cbd8eac3df081b037d219677c1337bed02f6c437e8073a89fce9036095,chirp,20,400000,1.01,31.872192711073883,pure_effective_gradient_flow,False,False,31.872192711073883,0.0,0.0,0.31556626446607794,17.601290159349738,14.606978547716146,-548.3949968991815,False,conditioning,,no_initial_region,conditioning,0.0,0.0,0,,,,,,,,,,,,,,,,,,,,,,
/workspace/junmiaoh/experiments/precision-mlps/mechanism-0365cd3-20260923/evidence/population_coverage_inputs/fresh_all.npz,33,9328b0cbd8eac3df081b037d219677c1337bed02f6c437e8073a89fce9036095,chirp,20,400000,1.025,32.345542107773,pure_effective_gradient_flow,False,False,32.345542107773,0.0,0.0,0.7889156611651948,17.601290159349738,14.606978547716146,-573.2096900820603,False,conditioning,,no_initial_region,conditioning,0.0,0.0,0,,,,,,,,,,,,,,,,,,,,,,
/workspace/junmiaoh/experiments/precision-mlps/mechanism-0365cd3-20260923/evidence/population_coverage_inputs/fresh_all.npz,33,9328b0cbd8eac3df081b037d219677c1337bed02f6c437e8073a89fce9036095,chirp,20,400000,1.05,33.1344577689382,pure_effective_gradient_flow,False,False,33.1344577689382,0.0,0.0,1.5778313223303932,17.601290159349738,14.606978547716146,-616.2106531706557,False,conditioning,,no_initial_region,conditioning,0.0,0.0,0,,,,,,,,,,,,,,,,,,,,,,
/workspace/junmiaoh/experiments/precision-mlps/mechanism-0365cd3-20260923/evidence/population_coverage_inputs/fresh_all.npz,33,9328b0cbd8eac3df081b037d219677c1337bed02f6c437e8073a89fce9036095,chirp,20,400000,1.1,34.71228909126859,pure_effective_gradient_flow,False,False,34.71228909126859,0.0,0.0,3.155662644660783,17.601290159349738,14.606978547716146,-708.5541187079214,False,conditioning,,no_initial_region,conditioning,0.0,0.0,0,,,,,,,,,,,,,,,,,,,,,,
/workspace/junmiaoh/experiments/precision-mlps/mechanism-0365cd3-20260923/evidence/population_coverage_inputs/fresh_all.npz,33,9328b0cbd8eac3df081b037d219677c1337bed02f6c437e8073a89fce9036095,chirp,20,400000,1.25,39.44578305825976,pure_effective_gradient_flow,False,False,39.44578305825976,0.0,0.0,7.889156611651952,17.601290159349738,14.606978547716146,-1039.912033617057,False,conditioning,,no_initial_region,conditioning,0.0,0.0,0,,,,,,,,,,,,,,,,,,,,,,
/workspace/junmiaoh/experiments/precision-mlps/mechanism-0365cd3-20260923/evidence/population_coverage_inputs/fresh_all.npz,33,9328b0cbd8eac3df081b037d219677c1337bed02f6c437e8073a89fce9036095,chirp,20,400000,1.5,47.334939669911705,pure_effective_gradient_flow,False,False,47.334939669911705,0.0,0.0,15.7783132233039,17.601290159349738,14.606978547716146,-1797.2349755683165,False,conditioning,,no_initial_region,conditioning,0.0,0.0,0,,,,,,,,,,,,,,,,,,,,,,
/workspace/junmiaoh/experiments/precision-mlps/mechanism-0365cd3-20260923/evidence/population_coverage_inputs/fresh_all.npz,33,9328b0cbd8eac3df081b037d219677c1337bed02f6c437e8073a89fce9036095,chirp,20,400000,2.0,63.11325289321561,pure_effective_gradient_flow,False,False,63.11325289321561,0.0,0.0,31.556626446607805,17.601290159349738,14.606978547716146,-4260.615094442743,False,conditioning,,no_initial_region,conditioning,0.0,0.0,0,,,,,,,,,,,,,,,,,,,,,,
/workspace/junmiaoh/experiments/precision-mlps/mechanism-0365cd3-20260923/evidence/population_coverage_inputs/fresh_all.npz,34,220c83b7614120bf4a7754982777ef08babeed6288b58ee5f68cd01274fa79b8,moment4,20,400000,1.01,5.1155849966808375,pure_effective_gradient_flow,False,False,5.1155849966808375,0.0,0.0,0.05064935640278101,6.61347506450335,4.343953134810981,-1.9499709749170648,False,conditioning,,no_initial_region,conditioning,0.0,0.0,0,,,,,,,,,,,,,,,,,,,,,,
/workspace/junmiaoh/experiments/precision-mlps/mechanism-0365cd3-20260923/evidence/population_coverage_inputs/fresh_all.npz,34,220c83b7614120bf4a7754982777ef08babeed6288b58ee5f68cd01274fa79b8,moment4,20,400000,1.025,5.191559031285007,pure_effective_gradient_flow,False,False,5.191559031285007,0.0,0.0,0.12662339100695075,6.61347506450335,4.343953134810981,-2.0525737238958333,False,conditioning,,no_initial_region,conditioning,0.0,0.0,0,,,,,,,,,,,,,,,,,,,,,,
/workspace/junmiaoh/experiments/precision-mlps/mechanism-0365cd3-20260923/evidence/population_coverage_inputs/fresh_all.npz,34,220c83b7614120bf4a7754982777ef08babeed6288b58ee5f68cd01274fa79b8,moment4,20,400000,1.05,5.31818242229196,pure_effective_gradient_flow,False,False,5.31818242229196,0.0,0.0,0.25324678201390327,6.61347506450335,4.343953134810981,-2.2303722962621695,False,conditioning,,no_initial_region,conditioning,0.0,0.0,0,,,,,,,,,,,,,,,,,,,,,,
/workspace/junmiaoh/experiments/precision-mlps/mechanism-0365cd3-20260923/evidence/population_coverage_inputs/fresh_all.npz,34,220c83b7614120bf4a7754982777ef08babeed6288b58ee5f68cd01274fa79b8,moment4,20,400000,1.1,5.571429204305863,pure_effective_gradient_flow,False,False,5.571429204305863,0.0,0.0,0.5064935640278065,6.61347506450335,4.343953134810981,-2.612190171039961,False,conditioning,,no_initial_region,conditioning,0.0,0.0,0,,,,,,,,,,,,,,,,,,,,,,
/workspace/junmiaoh/experiments/precision-mlps/mechanism-0365cd3-20260923/evidence/population_coverage_inputs/fresh_all.npz,34,220c83b7614120bf4a7754982777ef08babeed6288b58ee5f68cd01274fa79b8,moment4,20,400000,1.25,6.331169550347571,pure_effective_gradient_flow,False,False,6.331169550347571,0.0,0.0,1.2662339100695146,6.61347506450335,4.343953134810981,-3.982274931507924,False,conditioning,,no_initial_region,conditioning,0.0,0.0,0,,,,,,,,,,,,,,,,,,,,,,
/workspace/junmiaoh/experiments/precision-mlps/mechanism-0365cd3-20260923/evidence/population_coverage_inputs/fresh_all.npz,34,220c83b7614120bf4a7754982777ef08babeed6288b58ee5f68cd01274fa79b8,moment4,20,400000,1.5,7.597403460417085,pure_effective_gradient_flow,False,False,7.597403460417085,0.0,0.0,2.5324678201390283,6.61347506450335,4.343953134810981,-7.113621957893917,False,conditioning,,no_initial_region,conditioning,0.0,0.0,0,,,,,,,,,,,,,,,,,,,,,,
/workspace/junmiaoh/experiments/precision-mlps/mechanism-0365cd3-20260923/evidence/population_coverage_inputs/fresh_all.npz,34,220c83b7614120bf4a7754982777ef08babeed6288b58ee5f68cd01274fa79b8,moment4,20,400000,2.0,10.129871280556113,pure_effective_gradient_flow,False,False,10.129871280556113,0.0,0.0,5.0649356402780565,6.61347506450335,4.343953134810981,-17.299102395369236,False,conditioning,,no_initial_region,conditioning,0.0,0.0,0,,,,,,,,,,,,,,,,,,,,,,
/workspace/junmiaoh/experiments/precision-mlps/mechanism-0365cd3-20260923/evidence/population_coverage_inputs/fresh_all.npz,35,125e2cff0c71e008eaabfcea1bcb52a60d22946a0add337de4aa00b7ba9b67ee,blend_m010,20,400000,1.01,5.503597278750354,pure_effective_gradient_flow,False,False,5.503597278750354,0.0,0.0,0.05449106216584543,7.010783611365059,4.775850722909828,-2.499909944479173,False,conditioning,,no_initial_region,conditioning,0.0,0.0,0,,,,,,,,,,,,,,,,,,,,,,
/workspace/junmiaoh/experiments/precision-mlps/mechanism-0365cd3-20260923/evidence/population_coverage_inputs/fresh_all.npz,35,125e2cff0c71e008eaabfcea1bcb52a60d22946a0add337de4aa00b7ba9b67ee,blend_m010,20,400000,1.025,5.585333871999121,pure_effective_gradient_flow,False,False,5.585333871999121,0.0,0.0,0.13622765541461224,7.010783611365059,4.775850722909828,-2.6276752752299584,False,conditioning,,no_initial_region,conditioning,0.0,0.0,0,,,,,,,,,,,,,,,,,,,,,,
/workspace/junmiaoh/experiments/precision-mlps/mechanism-0365cd3-20260923/evidence/population_coverage_inputs/fresh_all.npz,35,125e2cff0c71e008eaabfcea1bcb52a60d22946a0add337de4aa00b7ba9b67ee,blend_m010,20,400000,1.05,5.721561527413734,pure_effective_gradient_flow,False,False,5.721561527413734,0.0,0.0,0.27245531082922536,7.010783611365059,4.775850722909828,-2.849077660950665,False,conditioning,,no_initial_region,conditioning,0.0,0.0,0,,,,,,,,,,,,,,,,,,,,,,
/workspace/junmiaoh/experiments/precision-mlps/mechanism-0365cd3-20260923/evidence/population_coverage_inputs/fresh_all.npz,35,125e2cff0c71e008eaabfcea1bcb52a60d22946a0add337de4aa00b7ba9b67ee,blend_m010,20,400000,1.1,5.994016838242961,pure_effective_gradient_flow,False,False,5.994016838242961,0.0,0.0,0.5449106216584516,7.010783611365059,4.775850722909828,-3.324533606752283,False,conditioning,,no_initial_region,conditioning,0.0,0.0,0,,,,,,,,,,,,,,,,,,,,,,
/workspace/junmiaoh/experiments/precision-mlps/mechanism-0365cd3-20260923/evidence/population_coverage_inputs/fresh_all.npz,35,125e2cff0c71e008eaabfcea1bcb52a60d22946a0add337de4aa00b7ba9b67ee,blend_m010,20,400000,1.25,6.811382770730637,pure_effective_gradient_flow,False,False,6.811382770730637,0.0,0.0,1.3622765541461277,7.010783611365059,4.775850722909828,-5.0306217410382565,False,conditioning,,no_initial_region,conditioning,0.0,0.0,0,,,,,,,,,,,,,,,,,,,,,,
/workspace/junmiaoh/experiments/precision-mlps/mechanism-0365cd3-20260923/evidence/population_coverage_inputs/fresh_all.npz,35,125e2cff0c71e008eaabfcea1bcb52a60d22946a0add337de4aa00b7ba9b67ee,blend_m010,20,400000,1.5,8.173659324876763,pure_effective_gradient_flow,False,False,8.173659324876763,0.0,0.0,2.7245531082922536,7.010783611365059,4.775850722909828,-8.929908967781866,False,conditioning,,no_initial_region,conditioning,0.0,0.0,0,,,,,,,,,,,,,,,,,,,,,,
/workspace/junmiaoh/experiments/precision-mlps/mechanism-0365cd3-20260923/evidence/population_coverage_inputs/fresh_all.npz,35,125e2cff0c71e008eaabfcea1bcb52a60d22946a0add337de4aa00b7ba9b67ee,blend_m010,20,400000,2.0,10.898212433169018,pure_effective_gradient_flow,False,False,10.898212433169018,0.0,0.0,5.449106216584509,7.010783611365059,4.775850722909828,-21.613304782244604,False,conditioning,,no_initial_region,conditioning,0.0,0.0,0,,,,,,,,,,,,,,,,,,,,,,
/workspace/junmiaoh/experiments/precision-mlps/mechanism-0365cd3-20260923/evidence/population_coverage_inputs/fresh_all.npz,36,24ce1a26f15e800a60999c795b9092f3df121e2df7a8f9983b69f9b18ce13757,blend_p001,20,400000,1.01,4.474239368861995,pure_effective_gradient_flow,False,False,4.474239368861995,0.0,0.0,0.04429939969170338,6.500469636197785,4.241940111634865,-1.2003263309409067,False,conditioning,,no_initial_region,conditioning,0.0,0.0,0,,,,,,,,,,,,,,,,,,,,,,
/workspace/junmiaoh/experiments/precision-mlps/mechanism-0365cd3-20260923/evidence/population_coverage_inputs/fresh_all.npz,36,24ce1a26f15e800a60999c795b9092f3df121e2df7a8f9983b69f9b18ce13757,blend_p001,20,400000,1.025,4.540688468399549,pure_effective_gradient_flow,False,False,4.540688468399549,0.0,0.0,0.11074849922925711,6.500469636197785,4.241940111634865,-1.268974779448027,False,conditioning,,no_initial_region,conditioning,0.0,0.0,0,,,,,,,,,,,,,,,,,,,,,,
/workspace/junmiaoh/experiments/precision-mlps/mechanism-0365cd3-20260923/evidence/population_coverage_inputs/fresh_all.npz,36,24ce1a26f15e800a60999c795b9092f3df121e2df7a8f9983b69f9b18ce13757,blend_p001,20,400000,1.05,4.651436967628807,pure_effective_gradient_flow,False,False,4.651436967628807,0.0,0.0,0.22149699845851512,6.500469636197785,4.241940111634865,-1.3879345174785893,False,conditioning,,no_initial_region,conditioning,0.0,0.0,0,,,,,,,,,,,,,,,,,,,,,,
/workspace/junmiaoh/experiments/precision-mlps/mechanism-0365cd3-20260923/evidence/population_coverage_inputs/fresh_all.npz,36,24ce1a26f15e800a60999c795b9092f3df121e2df7a8f9983b69f9b18ce13757,blend_p001,20,400000,1.1,4.872933966087321,pure_effective_gradient_flow,False,False,4.872933966087321,0.0,0.0,0.44299399691702934,6.500469636197785,4.241940111634865,-1.6433975043543598,False,conditioning,,no_initial_region,conditioning,0.0,0.0,0,,,,,,,,,,,,,,,,,,,,,,
/workspace/junmiaoh/experiments/precision-mlps/mechanism-0365cd3-20260923/evidence/population_coverage_inputs/fresh_all.npz,36,24ce1a26f15e800a60999c795b9092f3df121e2df7a8f9983b69f9b18ce13757,blend_p001,20,400000,1.25,5.537424961462865,pure_effective_gradient_flow,False,False,5.537424961462865,0.0,0.0,1.107484992292573,6.500469636197785,4.241940111634865,-2.5600804788898412,False,conditioning,,no_initial_region,conditioning,0.0,0.0,0,,,,,,,,,,,,,,,,,,,,,,
/workspace/junmiaoh/experiments/precision-mlps/mechanism-0365cd3-20260923/evidence/population_coverage_inputs/fresh_all.npz,36,24ce1a26f15e800a60999c795b9092f3df121e2df7a8f9983b69f9b18ce13757,blend_p001,20,400000,1.5,6.6449099537554375,pure_effective_gradient_flow,False,False,6.6449099537554375,0.0,0.0,2.214969984585146,6.500469636197785,4.241940111634865,-4.6551716654160815,False,conditioning,,no_initial_region,conditioning,0.0,0.0,0,,,,,,,,,,,,,,,,,,,,,,
/workspace/junmiaoh/experiments/precision-mlps/mechanism-0365cd3-20260923/evidence/population_coverage_inputs/fresh_all.npz,36,24ce1a26f15e800a60999c795b9092f3df121e2df7a8f9983b69f9b18ce13757,blend_p001,20,400000,2.0,8.859879938340583,pure_effective_gradient_flow,False,False,8.859879938340583,0.0,0.0,4.429939969170292,6.500469636197785,4.241940111634865,-11.469973766644294,False,conditioning,,no_initial_region,conditioning,0.0,0.0,0,,,,,,,,,,,,,,,,,,,,,,
/workspace/junmiaoh/experiments/precision-mlps/mechanism-0365cd3-20260923/evidence/population_coverage_inputs/fresh_all.npz,37,d2520143dde24b716541aa203b1a94ff6c4b83f945abdb6ce6749371a292ba00,blend_p010,20,400000,1.01,4.264857060969479,pure_effective_gradient_flow,False,False,4.264857060969479,0.0,0.0,0.04222630753435119,6.335300814589886,4.066559408951451,-0.9999151035000746,False,conditioning,,no_initial_region,conditioning,0.0,0.0,0,,,,,,,,,,,,,,,,,,,,,,
/workspace/junmiaoh/experiments/precision-mlps/mechanism-0365cd3-20260923/evidence/population_coverage_inputs/fresh_all.npz,37,d2520143dde24b716541aa203b1a94ff6c4b83f945abdb6ce6749371a292ba00,blend_p010,20,400000,1.025,4.328196522271006,pure_effective_gradient_flow,False,False,4.328196522271006,0.0,0.0,0.10556576883587798,6.335300814589886,4.066559408951451,-1.0593698486984604,False,conditioning,,no_initial_region,conditioning,0.0,0.0,0,,,,,,,,,,,,,,,,,,,,,,
/workspace/junmiaoh/experiments/precision-mlps/mechanism-0365cd3-20260923/evidence/population_coverage_inputs/fresh_all.npz,37,d2520143dde24b716541aa203b1a94ff6c4b83f945abdb6ce6749371a292ba00,blend_p010,20,400000,1.05,4.433762291106885,pure_effective_gradient_flow,False,False,4.433762291106885,0.0,0.0,0.21113153767175685,6.335300814589886,4.066559408951451,-1.1623979734016736,False,conditioning,,no_initial_region,conditioning,0.0,0.0,0,,,,,,,,,,,,,,,,,,,,,,
/workspace/junmiaoh/experiments/precision-mlps/mechanism-0365cd3-20260923/evidence/population_coverage_inputs/fresh_all.npz,37,d2520143dde24b716541aa203b1a94ff6c4b83f945abdb6ce6749371a292ba00,blend_p010,20,400000,1.1,4.644893828778641,pure_effective_gradient_flow,False,False,4.644893828778641,0.0,0.0,0.4222630753435128,6.335300814589886,4.066559408951451,-1.3836482291993986,False,conditioning,,no_initial_region,conditioning,0.0,0.0,0,,,,,,,,,,,,,,,,,,,,,,
/workspace/junmiaoh/experiments/precision-mlps/mechanism-0365cd3-20260923/evidence/population_coverage_inputs/fresh_all.npz,37,d2520143dde24b716541aa203b1a94ff6c4b83f945abdb6ce6749371a292ba00,blend_p010,20,400000,1.25,5.27828844179391,pure_effective_gradient_flow,False,False,5.27828844179391,0.0,0.0,1.0556576883587816,6.335300814589886,4.066559408951451,-2.177564972606233,False,conditioning,,no_initial_region,conditioning,0.0,0.0,0,,,,,,,,,,,,,,,,,,,,,,
/workspace/junmiaoh/experiments/precision-mlps/mechanism-0365cd3-20260923/evidence/population_coverage_inputs/fresh_all.npz,37,d2520143dde24b716541aa203b1a94ff6c4b83f945abdb6ce6749371a292ba00,blend_p010,20,400000,1.5,6.333946130152692,pure_effective_gradient_flow,False,False,6.333946130152692,0.0,0.0,2.111315376717564,6.335300814589886,4.066559408951451,-3.992072297551532,False,conditioning,,no_initial_region,conditioning,0.0,0.0,0,,,,,,,,,,,,,,,,,,,,,,
/workspace/junmiaoh/experiments/precision-mlps/mechanism-0365cd3-20260923/evidence/population_coverage_inputs/fresh_all.npz,37,d2520143dde24b716541aa203b1a94ff6c4b83f945abdb6ce6749371a292ba00,blend_p010,20,400000,2.0,8.445261506870256,pure_effective_gradient_flow,False,False,8.445261506870256,0.0,0.0,4.222630753435128,6.335300814589886,4.066559408951451,-9.894206013857117,False,conditioning,,no_initial_region,conditioning,0.0,0.0,0,,,,,,,,,,,,,,,,,,,,,,
/workspace/junmiaoh/experiments/precision-mlps/mechanism-0365cd3-20260923/evidence/population_coverage_inputs/fresh_all.npz,38,67f6abc5783996112aa76c0a036ad867c8801f1344b5155e4fb3f6eb1b607416,blend_p030,20,400000,1.01,4.152345638430207,pure_effective_gradient_flow,False,False,4.152345638430207,0.0,0.0,0.04111233305376416,6.3315930753499785,4.052737678390387,-0.8990285738656619,False,conditioning,,no_initial_region,conditioning,0.0,0.0,0,,,,,,,,,,,,,,,,,,,,,,
/workspace/junmiaoh/experiments/precision-mlps/mechanism-0365cd3-20260923/evidence/population_coverage_inputs/fresh_all.npz,38,67f6abc5783996112aa76c0a036ad867c8801f1344b5155e4fb3f6eb1b607416,blend_p030,20,400000,1.025,4.214014138010853,pure_effective_gradient_flow,False,False,4.214014138010853,0.0,0.0,0.1027808326344104,6.3315930753499785,4.052737678390387,-0.9539009253846721,False,conditioning,,no_initial_region,conditioning,0.0,0.0,0,,,,,,,,,,,,,,,,,,,,,,
/workspace/junmiaoh/experiments/precision-mlps/mechanism-0365cd3-20260923/evidence/population_coverage_inputs/fresh_all.npz,38,67f6abc5783996112aa76c0a036ad867c8801f1344b5155e4fb3f6eb1b607416,blend_p030,20,400000,1.05,4.316794970645265,pure_effective_gradient_flow,False,False,4.316794970645265,0.0,0.0,0.20556166526882258,6.3315930753499785,4.052737678390387,-1.0489882974051095,False,conditioning,,no_initial_region,conditioning,0.0,0.0,0,,,,,,,,,,,,,,,,,,,,,,
/workspace/junmiaoh/experiments/precision-mlps/mechanism-0365cd3-20260923/evidence/population_coverage_inputs/fresh_all.npz,38,67f6abc5783996112aa76c0a036ad867c8801f1344b5155e4fb3f6eb1b607416,blend_p030,20,400000,1.1,4.522356635914087,pure_effective_gradient_flow,False,False,4.522356635914087,0.0,0.0,0.41112333053764427,6.3315930753499785,4.052737678390387,-1.2531859904453184,False,conditioning,,no_initial_region,conditioning,0.0,0.0,0,,,,,,,,,,,,,,,,,,,,,,
/workspace/junmiaoh/experiments/precision-mlps/mechanism-0365cd3-20260923/evidence/population_coverage_inputs/fresh_all.npz,38,67f6abc5783996112aa76c0a036ad867c8801f1344b5155e4fb3f6eb1b607416,blend_p030,20,400000,1.25,5.139041631720554,pure_effective_gradient_flow,False,False,5.139041631720554,0.0,0.0,1.0278083263441111,6.3315930753499785,4.052737678390387,-1.9859126798909745,False,conditioning,,no_initial_region,conditioning,0.0,0.0,0,,,,,,,,,,,,,,,,,,,,,,
/workspace/junmiaoh/experiments/precision-mlps/mechanism-0365cd3-20260923/evidence/population_coverage_inputs/fresh_all.npz,38,67f6abc5783996112aa76c0a036ad867c8801f1344b5155e4fb3f6eb1b607416,blend_p030,20,400000,1.5,6.166849958064664,pure_effective_gradient_flow,False,False,6.166849958064664,0.0,0.0,2.0556166526882214,6.3315930753499785,4.052737678390387,-3.6605693189193693,False,conditioning,,no_initial_region,conditioning,0.0,0.0,0,,,,,,,,,,,,,,,,,,,,,,
/workspace/junmiaoh/experiments/precision-mlps/mechanism-0365cd3-20260923/evidence/population_coverage_inputs/fresh_all.npz,38,67f6abc5783996112aa76c0a036ad867c8801f1344b5155e4fb3f6eb1b607416,blend_p030,20,400000,2.0,8.222466610752885,pure_effective_gradient_flow,False,False,8.222466610752885,0.0,0.0,4.111233305376443,6.3315930753499785,4.052737678390387,-9.10780410081393,False,conditioning,,no_initial_region,conditioning,0.0,0.0,0,,,,,,,,,,,,,,,,,,,,,,
/workspace/junmiaoh/experiments/precision-mlps/mechanism-0365cd3-20260923/evidence/population_coverage_inputs/fresh_all.npz,39,d9cc413e7d23d84d9eb4d66efcf76a4c5def5015771f113776f369bd07ffed46,sine,21,400000,1.01,7.03875251168284,pure_effective_gradient_flow,False,False,7.03875251168284,0.0,0.0,0.06969061892755324,6.858436473113072,4.7558986341262095,-5.582440695746919,False,conditioning,,no_initial_region,conditioning,0.0,0.0,0,,,,,,,,,,,,,,,,,,,,,,
/workspace/junmiaoh/experiments/precision-mlps/mechanism-0365cd3-20260923/evidence/population_coverage_inputs/fresh_all.npz,39,d9cc413e7d23d84d9eb4d66efcf76a4c5def5015771f113776f369bd07ffed46,sine,21,400000,1.025,7.143288440074168,pure_effective_gradient_flow,False,False,7.143288440074168,0.0,0.0,0.17422654731888176,6.858436473113072,4.7558986341262095,-5.849716821715609,False,conditioning,,no_initial_region,conditioning,0.0,0.0,0,,,,,,,,,,,,,,,,,,,,,,
/workspace/junmiaoh/experiments/precision-mlps/mechanism-0365cd3-20260923/evidence/population_coverage_inputs/fresh_all.npz,39,d9cc413e7d23d84d9eb4d66efcf76a4c5def5015771f113776f369bd07ffed46,sine,21,400000,1.05,7.317514987393051,pure_effective_gradient_flow,False,False,7.317514987393051,0.0,0.0,0.3484530946377644,6.858436473113072,4.7558986341262095,-6.312875110336814,False,conditioning,,no_initial_region,conditioning,0.0,0.0,0,,,,,,,,,,,,,,,,,,,,,,
/workspace/junmiaoh/experiments/precision-mlps/mechanism-0365cd3-20260923/evidence/population_coverage_inputs/fresh_all.npz,39,d9cc413e7d23d84d9eb4d66efcf76a4c5def5015771f113776f369bd07ffed46,sine,21,400000,1.1,7.665968082030815,pure_effective_gradient_flow,False,False,7.665968082030815,0.0,0.0,0.6969061892755288,6.858436473113072,4.7558986341262095,-7.307495658148093,False,conditioning,,no_initial_region,conditioning,0.0,0.0,0,,,,,,,,,,,,,,,,,,,,,,
/workspace/junmiaoh/experiments/precision-mlps/mechanism-0365cd3-20260923/evidence/population_coverage_inputs/fresh_all.npz,39,d9cc413e7d23d84d9eb4d66efcf76a4c5def5015771f113776f369bd07ffed46,sine,21,400000,1.25,8.711327365944108,pure_effective_gradient_flow,False,False,8.711327365944108,0.0,0.0,1.7422654731888212,6.858436473113072,4.7558986341262095,-10.876512577006585,False,conditioning,,no_initial_region,conditioning,0.0,0.0,0,,,,,,,,,,,,,,,,,,,,,,
/workspace/junmiaoh/experiments/precision-mlps/mechanism-0365cd3-20260923/evidence/population_coverage_inputs/fresh_all.npz,39,d9cc413e7d23d84d9eb4d66efcf76a4c5def5015771f113776f369bd07ffed46,sine,21,400000,1.5,10.45359283913293,pure_effective_gradient_flow,False,False,10.45359283913293,0.0,0.0,3.484530946377644,6.858436473113072,4.7558986341262095,-19.033548432344215,False,conditioning,,no_initial_region,conditioning,0.0,0.0,0,,,,,,,,,,,,,,,,,,,,,,
/workspace/junmiaoh/experiments/precision-mlps/mechanism-0365cd3-20260923/evidence/population_coverage_inputs/fresh_all.npz,39,d9cc413e7d23d84d9eb4d66efcf76a4c5def5015771f113776f369bd07ffed46,sine,21,400000,2.0,13.938123785510573,pure_effective_gradient_flow,False,False,13.938123785510573,0.0,0.0,6.9690618927552865,6.858436473113072,4.7558986341262095,-45.566324401354514,False,conditioning,,no_initial_region,conditioning,0.0,0.0,0,,,,,,,,,,,,,,,,,,,,,,
/workspace/junmiaoh/experiments/precision-mlps/mechanism-0365cd3-20260923/evidence/population_coverage_inputs/fresh_all.npz,40,70bd8849904caef4f571159cac47a9daf1e049560647d731f6fb1dac9589cc1d,runge,21,400000,1.01,40.50645306704572,pure_effective_gradient_flow,False,False,40.50645306704572,0.0,0.0,0.40105399076283277,20.825209728931316,17.665298307953826,-1126.1010421185292,False,conditioning,,no_initial_region,conditioning,0.0,0.0,0,,,,,,,,,,,,,,,,,,,,,,
/workspace/junmiaoh/experiments/precision-mlps/mechanism-0365cd3-20260923/evidence/population_coverage_inputs/fresh_all.npz,40,70bd8849904caef4f571159cac47a9daf1e049560647d731f6fb1dac9589cc1d,runge,21,400000,1.025,41.108034053189954,pure_effective_gradient_flow,False,False,41.108034053189954,0.0,0.0,1.0026349769070677,20.825209728931316,17.665298307953826,-1177.0394926026433,False,conditioning,,no_initial_region,conditioning,0.0,0.0,0,,,,,,,,,,,,,,,,,,,,,,
/workspace/junmiaoh/experiments/precision-mlps/mechanism-0365cd3-20260923/evidence/population_coverage_inputs/fresh_all.npz,40,70bd8849904caef4f571159cac47a9daf1e049560647d731f6fb1dac9589cc1d,runge,21,400000,1.05,42.110669030097036,pure_effective_gradient_flow,False,False,42.110669030097036,0.0,0.0,2.0052699538141496,20.825209728931316,17.665298307953826,-1265.3098739011293,False,conditioning,,no_initial_region,conditioning,0.0,0.0,0,,,,,,,,,,,,,,,,,,,,,,
/workspace/junmiaoh/experiments/precision-mlps/mechanism-0365cd3-20260923/evidence/population_coverage_inputs/fresh_all.npz,40,70bd8849904caef4f571159cac47a9daf1e049560647d731f6fb1dac9589cc1d,runge,21,400000,1.1,44.11593898391118,pure_effective_gradient_flow,False,False,44.11593898391118,0.0,0.0,4.010539907628292,20.825209728931316,17.665298307953826,-1454.868254177497,False,conditioning,,no_initial_region,conditioning,0.0,0.0,0,,,,,,,,,,,,,,,,,,,,,,
/workspace/junmiaoh/experiments/precision-mlps/mechanism-0365cd3-20260923/evidence/population_coverage_inputs/fresh_all.npz,40,70bd8849904caef4f571159cac47a9daf1e049560647d731f6fb1dac9589cc1d,runge,21,400000,1.25,50.131748845353606,pure_effective_gradient_flow,False,False,50.131748845353606,0.0,0.0,10.02634976907072,20.825209728931316,17.665298307953826,-2135.0644031576567,False,conditioning,,no_initial_region,conditioning,0.0,0.0,0,,,,,,,,,,,,,,,,,,,,,,
/workspace/junmiaoh/experiments/precision-mlps/mechanism-0365cd3-20260923/evidence/population_coverage_inputs/fresh_all.npz,40,70bd8849904caef4f571159cac47a9daf1e049560647d731f6fb1dac9589cc1d,runge,21,400000,1.5,60.15809861442433,pure_effective_gradient_flow,False,False,60.15809861442433,0.0,0.0,20.052699538141447,20.825209728931316,17.665298307953826,-3689.6617900673054,False,conditioning,,no_initial_region,conditioning,0.0,0.0,0,,,,,,,,,,,,,,,,,,,,,,
/workspace/junmiaoh/experiments/precision-mlps/mechanism-0365cd3-20260923/evidence/population_coverage_inputs/fresh_all.npz,40,70bd8849904caef4f571159cac47a9daf1e049560647d731f6fb1dac9589cc1d,runge,21,400000,2.0,80.21079815256577,pure_effective_gradient_flow,False,False,80.21079815256577,0.0,0.0,40.105399076282886,20.825209728931316,17.665298307953826,-8746.374169465722,False,conditioning,,no_initial_region,conditioning,0.0,0.0,0,,,,,,,,,,,,,,,,,,,,,,
/workspace/junmiaoh/experiments/precision-mlps/mechanism-0365cd3-20260923/evidence/population_coverage_inputs/fresh_all.npz,41,dc872313e739f1b596ec9847420931991383ddc383a21294d7a2cd54d6f48069,moment3,21,400000,1.01,64.31044113849465,pure_effective_gradient_flow,False,False,64.31044113849465,0.0,0.0,0.6367370409751913,69.19570455015544,66.05737008151907,-4507.691268781364,False,conditioning,,no_initial_region,conditioning,0.0,0.0,0,,,,,,,,,,,,,,,,,,,,,,
/workspace/junmiaoh/experiments/precision-mlps/mechanism-0365cd3-20260923/evidence/population_coverage_inputs/fresh_all.npz,41,dc872313e739f1b596ec9847420931991383ddc383a21294d7a2cd54d6f48069,moment3,21,400000,1.025,65.26554669995744,pure_effective_gradient_flow,False,False,65.26554669995744,0.0,0.0,1.5918426024379784,69.19570455015544,66.05737008151907,-4711.544475612684,False,conditioning,,no_initial_region,conditioning,0.0,0.0,0,,,,,,,,,,,,,,,,,,,,,,
/workspace/junmiaoh/experiments/precision-mlps/mechanism-0365cd3-20260923/evidence/population_coverage_inputs/fresh_all.npz,41,dc872313e739f1b596ec9847420931991383ddc383a21294d7a2cd54d6f48069,moment3,21,400000,1.05,66.85738930239543,pure_effective_gradient_flow,False,False,66.85738930239543,0.0,0.0,3.183685204875971,69.19570455015544,66.05737008151907,-5064.798257871557,False,conditioning,,no_initial_region,conditioning,0.0,0.0,0,,,,,,,,,,,,,,,,,,,,,,
/workspace/junmiaoh/experiments/precision-mlps/mechanism-0365cd3-20260923/evidence/population_coverage_inputs/fresh_all.npz,41,dc872313e739f1b596ec9847420931991383ddc383a21294d7a2cd54d6f48069,moment3,21,400000,1.1,70.04107450727142,pure_effective_gradient_flow,False,False,70.04107450727142,0.0,0.0,6.367370409751956,69.19570455015544,66.05737008151907,-5823.401696606694,False,conditioning,,no_initial_region,conditioning,0.0,0.0,0,,,,,,,,,,,,,,,,,,,,,,
/workspace/junmiaoh/experiments/precision-mlps/mechanism-0365cd3-20260923/evidence/population_coverage_inputs/fresh_all.npz,41,dc872313e739f1b596ec9847420931991383ddc383a21294d7a2cd54d6f48069,moment3,21,400000,1.25,79.59213012189933,pure_effective_gradient_flow,False,False,79.59213012189933,0.0,0.0,15.918426024379869,69.19570455015544,66.05737008151907,-8545.513675398877,False,conditioning,,no_initial_region,conditioning,0.0,0.0,0,,,,,,,,,,,,,,,,,,,,,,
/workspace/junmiaoh/experiments/precision-mlps/mechanism-0365cd3-20260923/evidence/population_coverage_inputs/fresh_all.npz,41,dc872313e739f1b596ec9847420931991383ddc383a21294d7a2cd54d6f48069,moment3,21,400000,1.5,95.51055614627919,pure_effective_gradient_flow,False,False,95.51055614627919,0.0,0.0,31.836852048759724,69.19570455015544,66.05737008151907,-14766.93697432616,False,conditioning,,no_initial_region,conditioning,0.0,0.0,0,,,,,,,,,,,,,,,,,,,,,,
/workspace/junmiaoh/experiments/precision-mlps/mechanism-0365cd3-20260923/evidence/population_coverage_inputs/fresh_all.npz,41,dc872313e739f1b596ec9847420931991383ddc383a21294d7a2cd54d6f48069,moment3,21,400000,2.0,127.34740819503892,pure_effective_gradient_flow,False,False,127.34740819503892,0.0,0.0,63.67370409751946,69.19570455015544,66.05737008151907,-35003.65451808964,False,conditioning,,no_initial_region,conditioning,0.0,0.0,0,,,,,,,,,,,,,,,,,,,,,,
/workspace/junmiaoh/experiments/precision-mlps/mechanism-0365cd3-20260923/evidence/population_coverage_inputs/fresh_all.npz,42,2af9a83648ad5171212035cd1c3423b78904cd9c32c0d53c81ed86d32c76862a,moment5,21,400000,1.01,4.347111242242449,pure_effective_gradient_flow,False,False,4.347111242242449,0.0,0.0,0.043040705368737164,6.353644926413096,4.2346045668658165,-1.0714556952175185,False,conditioning,,no_initial_region,conditioning,0.0,0.0,0,,,,,,,,,,,,,,,,,,,,,,
/workspace/junmiaoh/experiments/precision-mlps/mechanism-0365cd3-20260923/evidence/population_coverage_inputs/fresh_all.npz,42,2af9a83648ad5171212035cd1c3423b78904cd9c32c0d53c81ed86d32c76862a,moment5,21,400000,1.025,4.411672300295554,pure_effective_gradient_flow,False,False,4.411672300295554,0.0,0.0,0.10760176342184202,6.353644926413096,4.2346045668658165,-1.134417235430362,False,conditioning,,no_initial_region,conditioning,0.0,0.0,0,,,,,,,,,,,,,,,,,,,,,,
/workspace/junmiaoh/experiments/precision-mlps/mechanism-0365cd3-20260923/evidence/population_coverage_inputs/fresh_all.npz,42,2af9a83648ad5171212035cd1c3423b78904cd9c32c0d53c81ed86d32c76862a,moment5,21,400000,1.05,4.519274063717398,pure_effective_gradient_flow,False,False,4.519274063717398,0.0,0.0,0.21520352684368582,6.353644926413096,4.2346045668658165,-1.2435222260397811,False,conditioning,,no_initial_region,conditioning,0.0,0.0,0,,,,,,,,,,,,,,,,,,,,,,
/workspace/junmiaoh/experiments/precision-mlps/mechanism-0365cd3-20260923/evidence/population_coverage_inputs/fresh_all.npz,42,2af9a83648ad5171212035cd1c3423b78904cd9c32c0d53c81ed86d32c76862a,moment5,21,400000,1.1,4.734477590561084,pure_effective_gradient_flow,False,False,4.734477590561084,0.0,0.0,0.43040705368737164,6.353644926413096,4.2346045668658165,-1.477822395538931,False,conditioning,,no_initial_region,conditioning,0.0,0.0,0,,,,,,,,,,,,,,,,,,,,,,
/workspace/junmiaoh/experiments/precision-mlps/mechanism-0365cd3-20260923/evidence/population_coverage_inputs/fresh_all.npz,42,2af9a83648ad5171212035cd1c3423b78904cd9c32c0d53c81ed86d32c76862a,moment5,21,400000,1.25,5.38008817109214,pure_effective_gradient_flow,False,False,5.38008817109214,0.0,0.0,1.0760176342184282,6.353644926413096,4.2346045668658165,-2.3185664067842566,False,conditioning,,no_initial_region,conditioning,0.0,0.0,0,,,,,,,,,,,,,,,,,,,,,,
/workspace/junmiaoh/experiments/precision-mlps/mechanism-0365cd3-20260923/evidence/population_coverage_inputs/fresh_all.npz,42,2af9a83648ad5171212035cd1c3423b78904cd9c32c0d53c81ed86d32c76862a,moment5,21,400000,1.5,6.4561058053105675,pure_effective_gradient_flow,False,False,6.4561058053105675,0.0,0.0,2.1520352684368556,6.353644926413096,4.2346045668658165,-4.240098078055218,False,conditioning,,no_initial_region,conditioning,0.0,0.0,0,,,,,,,,,,,,,,,,,,,,,,
/workspace/junmiaoh/experiments/precision-mlps/mechanism-0365cd3-20260923/evidence/population_coverage_inputs/fresh_all.npz,42,2af9a83648ad5171212035cd1c3423b78904cd9c32c0d53c81ed86d32c76862a,moment5,21,400000,2.0,8.608141073747424,pure_effective_gradient_flow,False,False,8.608141073747424,0.0,0.0,4.304070536873712,6.353644926413096,4.2346045668658165,-10.49035494284868,False,conditioning,,no_initial_region,conditioning,0.0,0.0,0,,,,,,,,,,,,,,,,,,,,,,
/workspace/junmiaoh/experiments/precision-mlps/mechanism-0365cd3-20260923/evidence/population_coverage_inputs/fresh_all.npz,43,852c7a01377cf37fb4a296cad67e8094f88851a47261e15870fd209c87d8a7bb,moment9,21,400000,1.01,4.326631462938385,pure_effective_gradient_flow,False,False,4.326631462938385,0.0,0.0,0.0428379352766175,6.338805218451459,4.21893302692097,-1.0521165922956228,False,conditioning,,no_initial_region,conditioning,0.0,0.0,0,,,,,,,,,,,,,,,,,,,,,,
/workspace/junmiaoh/experiments/precision-mlps/mechanism-0365cd3-20260923/evidence/population_coverage_inputs/fresh_all.npz,43,852c7a01377cf37fb4a296cad67e8094f88851a47261e15870fd209c87d8a7bb,moment9,21,400000,1.025,4.3908883658533115,pure_effective_gradient_flow,False,False,4.3908883658533115,0.0,0.0,0.10709483819154375,6.338805218451459,4.21893302692097,-1.1141924593254724,False,conditioning,,no_initial_region,conditioning,0.0,0.0,0,,,,,,,,,,,,,,,,,,,,,,
/workspace/junmiaoh/experiments/precision-mlps/mechanism-0365cd3-20260923/evidence/population_coverage_inputs/fresh_all.npz,43,852c7a01377cf37fb4a296cad67e8094f88851a47261e15870fd209c87d8a7bb,moment9,21,400000,1.05,4.497983204044856,pure_effective_gradient_flow,False,False,4.497983204044856,0.0,0.0,0.2141896763830884,6.338805218451459,4.21893302692097,-1.221762681821105,False,conditioning,,no_initial_region,conditioning,0.0,0.0,0,,,,,,,,,,,,,,,,,,,,,,
/workspace/junmiaoh/experiments/precision-mlps/mechanism-0365cd3-20260923/evidence/population_coverage_inputs/fresh_all.npz,43,852c7a01377cf37fb4a296cad67e8094f88851a47261e15870fd209c87d8a7bb,moment9,21,400000,1.1,4.712172880427945,pure_effective_gradient_flow,False,False,4.712172880427945,0.0,0.0,0.4283793527661768,6.338805218451459,4.21893302692097,-1.4527669761527353,False,conditioning,,no_initial_region,conditioning,0.0,0.0,0,,,,,,,,,,,,,,,,,,,,,,
/workspace/junmiaoh/experiments/precision-mlps/mechanism-0365cd3-20260923/evidence/population_coverage_inputs/fresh_all.npz,43,852c7a01377cf37fb4a296cad67e8094f88851a47261e15870fd209c87d8a7bb,moment9,21,400000,1.25,5.35474190957721,pure_effective_gradient_flow,False,False,5.35474190957721,0.0,0.0,1.070948381915442,6.338805218451459,4.21893302692097,-2.281684332236746,False,conditioning,,no_initial_region,conditioning,0.0,0.0,0,,,,,,,,,,,,,,,,,,,,,,
/workspace/junmiaoh/experiments/precision-mlps/mechanism-0365cd3-20260923/evidence/population_coverage_inputs/fresh_all.npz,43,852c7a01377cf37fb4a296cad67e8094f88851a47261e15870fd209c87d8a7bb,moment9,21,400000,1.5,6.425690291492652,pure_effective_gradient_flow,False,False,6.425690291492652,0.0,0.0,2.141896763830884,6.338805218451459,4.21893302692097,-4.176186025115111,False,conditioning,,no_initial_region,conditioning,0.0,0.0,0,,,,,,,,,,,,,,,,,,,,,,
/workspace/junmiaoh/experiments/precision-mlps/mechanism-0365cd3-20260923/evidence/population_coverage_inputs/fresh_all.npz,43,852c7a01377cf37fb4a296cad67e8094f88851a47261e15870fd209c87d8a7bb,moment9,21,400000,2.0,8.567587055323536,pure_effective_gradient_flow,False,False,8.567587055323536,0.0,0.0,4.283793527661768,6.338805218451459,4.21893302692097,-10.338521201950234,False,conditioning,,no_initial_region,conditioning,0.0,0.0,0,,,,,,,,,,,,,,,,,,,,,,
/workspace/junmiaoh/experiments/precision-mlps/mechanism-0365cd3-20260923/evidence/population_coverage_inputs/fresh_all.npz,44,1f17d54bc12c5b2545664f62a6f02b13f25c204adb1c7aa7e94ca5c538032883,mixed_sine,21,400000,1.01,74.73429319895362,pure_effective_gradient_flow,False,False,74.73429319895362,0.0,0.0,0.7399434970193397,42.393060258957796,40.34706015616381,-7074.300053221927,False,conditioning,,no_initial_region,conditioning,0.0,0.0,0,,,,,,,,,,,,,,,,,,,,,,
/workspace/junmiaoh/experiments/precision-mlps/mechanism-0365cd3-20260923/evidence/population_coverage_inputs/fresh_all.npz,44,1f17d54bc12c5b2545664f62a6f02b13f25c204adb1c7aa7e94ca5c538032883,mixed_sine,21,400000,1.025,75.84420844448263,pure_effective_gradient_flow,False,False,75.84420844448263,0.0,0.0,1.8498587425483493,42.393060258957796,40.34706015616381,-7394.213780983527,False,conditioning,,no_initial_region,conditioning,0.0,0.0,0,,,,,,,,,,,,,,,,,,,,,,
/workspace/junmiaoh/experiments/precision-mlps/mechanism-0365cd3-20260923/evidence/population_coverage_inputs/fresh_all.npz,44,1f17d54bc12c5b2545664f62a6f02b13f25c204adb1c7aa7e94ca5c538032883,mixed_sine,21,400000,1.05,77.694067187031,pure_effective_gradient_flow,False,False,77.694067187031,0.0,0.0,3.6997174850967127,42.393060258957796,40.34706015616381,-7948.586881534417,False,conditioning,,no_initial_region,conditioning,0.0,0.0,0,,,,,,,,,,,,,,,,,,,,,,
/workspace/junmiaoh/experiments/precision-mlps/mechanism-0365cd3-20260923/evidence/population_coverage_inputs/fresh_all.npz,44,1f17d54bc12c5b2545664f62a6f02b13f25c204adb1c7aa7e94ca5c538032883,mixed_sine,21,400000,1.1,81.39378467212772,pure_effective_gradient_flow,False,False,81.39378467212772,0.0,0.0,7.39943497019344,42.393060258957796,40.34706015616381,-9139.088898897035,False,conditioning,,no_initial_region,conditioning,0.0,0.0,0,,,,,,,,,,,,,,,,,,,,,,
/workspace/junmiaoh/experiments/precision-mlps/mechanism-0365cd3-20260923/evidence/population_coverage_inputs/fresh_all.npz,44,1f17d54bc12c5b2545664f62a6f02b13f25c204adb1c7aa7e94ca5c538032883,mixed_sine,21,400000,1.25,92.49293712741786,pure_effective_gradient_flow,False,False,92.49293712741786,0.0,0.0,18.498587425483578,42.393060258957796,40.34706015616381,-13410.991235172261,False,conditioning,,no_initial_region,conditioning,0.0,0.0,0,,,,,,,,,,,,,,,,,,,,,,
/workspace/junmiaoh/experiments/precision-mlps/mechanism-0365cd3-20260923/evidence/population_coverage_inputs/fresh_all.npz,44,1f17d54bc12c5b2545664f62a6f02b13f25c204adb1c7aa7e94ca5c538032883,mixed_sine,21,400000,1.5,110.99152455290142,pure_effective_gradient_flow,False,False,110.99152455290142,0.0,0.0,36.99717485096714,42.393060258957796,40.34706015616381,-23174.481103593134,False,conditioning,,no_initial_region,conditioning,0.0,0.0,0,,,,,,,,,,,,,,,,,,,,,,
/workspace/junmiaoh/experiments/precision-mlps/mechanism-0365cd3-20260923/evidence/population_coverage_inputs/fresh_all.npz,44,1f17d54bc12c5b2545664f62a6f02b13f25c204adb1c7aa7e94ca5c538032883,mixed_sine,21,400000,2.0,147.98869940386857,pure_effective_gradient_flow,False,False,147.98869940386857,0.0,0.0,73.99434970193428,42.393060258957796,40.34706015616381,-54932.64595032477,False,conditioning,,no_initial_region,conditioning,0.0,0.0,0,,,,,,,,,,,,,,,,,,,,,,
/workspace/junmiaoh/experiments/precision-mlps/mechanism-0365cd3-20260923/evidence/population_coverage_inputs/fresh_all.npz,45,82fff8a2d7c5a4b5a6afa6a4a5103aa4270d4fa5c0c95dbf4a2622511ab70a31,localized_sine,21,400000,1.01,119.90264584856158,pure_effective_gradient_flow,False,False,119.90264584856158,0.0,0.0,1.187154909391694,95.40660090889155,93.3849793790335,-29216.5075231507,False,conditioning,,no_initial_region,conditioning,0.0,0.0,0,,,,,,,,,,,,,,,,,,,,,,
/workspace/junmiaoh/experiments/precision-mlps/mechanism-0365cd3-20260923/evidence/population_coverage_inputs/fresh_all.npz,45,82fff8a2d7c5a4b5a6afa6a4a5103aa4270d4fa5c0c95dbf4a2622511ab70a31,localized_sine,21,400000,1.025,121.68337821264912,pure_effective_gradient_flow,False,False,121.68337821264912,0.0,0.0,2.967887273479235,95.40660090889155,93.3849793790335,-30537.679586205173,False,conditioning,,no_initial_region,conditioning,0.0,0.0,0,,,,,,,,,,,,,,,,,,,,,,
/workspace/junmiaoh/experiments/precision-mlps/mechanism-0365cd3-20260923/evidence/population_coverage_inputs/fresh_all.npz,45,82fff8a2d7c5a4b5a6afa6a4a5103aa4270d4fa5c0c95dbf4a2622511ab70a31,localized_sine,21,400000,1.05,124.65126548612838,pure_effective_gradient_flow,False,False,124.65126548612838,0.0,0.0,5.935774546958498,95.40660090889155,93.3849793790335,-32827.11636055492,False,conditioning,,no_initial_region,conditioning,0.0,0.0,0,,,,,,,,,,,,,,,,,,,,,,
/workspace/junmiaoh/experiments/precision-mlps/mechanism-0365cd3-20260923/evidence/population_coverage_inputs/fresh_all.npz,45,82fff8a2d7c5a4b5a6afa6a4a5103aa4270d4fa5c0c95dbf4a2622511ab70a31,localized_sine,21,400000,1.1,130.58704003308688,pure_effective_gradient_flow,False,False,130.58704003308688,0.0,0.0,11.871549093916997,95.40660090889155,93.3849793790335,-37743.623124283324,False,conditioning,,no_initial_region,conditioning,0.0,0.0,0,,,,,,,,,,,,,,,,,,,,,,
/workspace/junmiaoh/experiments/precision-mlps/mechanism-0365cd3-20260923/evidence/population_coverage_inputs/fresh_all.npz,45,82fff8a2d7c5a4b5a6afa6a4a5103aa4270d4fa5c0c95dbf4a2622511ab70a31,localized_sine,21,400000,1.25,148.39436367396235,pure_effective_gradient_flow,False,False,148.39436367396235,0.0,0.0,29.678872734792463,95.40660090889155,93.3849793790335,-55385.623241858106,False,conditioning,,no_initial_region,conditioning,0.0,0.0,0,,,,,,,,,,,,,,,,,,,,,,
/workspace/junmiaoh/experiments/precision-mlps/mechanism-0365cd3-20260923/evidence/population_coverage_inputs/fresh_all.npz,45,82fff8a2d7c5a4b5a6afa6a4a5103aa4270d4fa5c0c95dbf4a2622511ab70a31,localized_sine,21,400000,1.5,178.07323640875484,pure_effective_gradient_flow,False,False,178.07323640875484,0.0,0.0,59.357745469584955,95.40660090889155,93.3849793790335,-95706.65023350235,False,conditioning,,no_initial_region,conditioning,0.0,0.0,0,,,,,,,,,,,,,,,,,,,,,,
/workspace/junmiaoh/experiments/precision-mlps/mechanism-0365cd3-20260923/evidence/population_coverage_inputs/fresh_all.npz,45,82fff8a2d7c5a4b5a6afa6a4a5103aa4270d4fa5c0c95dbf4a2622511ab70a31,localized_sine,21,400000,2.0,237.43098187833976,pure_effective_gradient_flow,False,False,237.43098187833976,0.0,0.0,118.71549093916988,95.40660090889155,93.3849793790335,-226860.7600085209,False,conditioning,,no_initial_region,conditioning,0.0,0.0,0,,,,,,,,,,,,,,,,,,,,,,
/workspace/junmiaoh/experiments/precision-mlps/mechanism-0365cd3-20260923/evidence/population_coverage_inputs/fresh_all.npz,46,5044d2aa4c2aed1ab5cb025459d7236ca44aac1272b980382cf3e8569f26e918,chirp,21,400000,1.01,32.4834611223871,pure_effective_gradient_flow,False,False,32.4834611223871,0.0,0.0,0.3216184269543305,16.536739968561616,13.633686282620117,-580.5796093489506,False,conditioning,,no_initial_region,conditioning,0.0,0.0,0,,,,,,,,,,,,,,,,,,,,,,
/workspace/junmiaoh/experiments/precision-mlps/mechanism-0365cd3-20260923/evidence/population_coverage_inputs/fresh_all.npz,46,5044d2aa4c2aed1ab5cb025459d7236ca44aac1272b980382cf3e8569f26e918,chirp,21,400000,1.025,32.96588876281859,pure_effective_gradient_flow,False,False,32.96588876281859,0.0,0.0,0.8040460673858192,16.536739968561616,13.633686282620117,-606.8496033465733,False,conditioning,,no_initial_region,conditioning,0.0,0.0,0,,,,,,,,,,,,,,,,,,,,,,
/workspace/junmiaoh/experiments/precision-mlps/mechanism-0365cd3-20260923/evidence/population_coverage_inputs/fresh_all.npz,46,5044d2aa4c2aed1ab5cb025459d7236ca44aac1272b980382cf3e8569f26e918,chirp,21,400000,1.05,33.769934830204406,pure_effective_gradient_flow,False,False,33.769934830204406,0.0,0.0,1.6080921347716384,16.536739968561616,13.633686282620117,-652.3724326600059,False,conditioning,,no_initial_region,conditioning,0.0,0.0,0,,,,,,,,,,,,,,,,,,,,,,
/workspace/junmiaoh/experiments/precision-mlps/mechanism-0365cd3-20260923/evidence/population_coverage_inputs/fresh_all.npz,46,5044d2aa4c2aed1ab5cb025459d7236ca44aac1272b980382cf3e8569f26e918,chirp,21,400000,1.1,35.378026964976044,pure_effective_gradient_flow,False,False,35.378026964976044,0.0,0.0,3.2161842695432767,16.536739968561616,13.633686282620117,-750.1315412456163,False,conditioning,,no_initial_region,conditioning,0.0,0.0,0,,,,,,,,,,,,,,,,,,,,,,
/workspace/junmiaoh/experiments/precision-mlps/mechanism-0365cd3-20260923/evidence/population_coverage_inputs/fresh_all.npz,46,5044d2aa4c2aed1ab5cb025459d7236ca44aac1272b980382cf3e8569f26e918,chirp,21,400000,1.25,40.20230336929096,pure_effective_gradient_flow,False,False,40.20230336929096,0.0,0.0,8.040460673858192,16.536739968561616,13.633686282620117,-1100.9225170427196,False,conditioning,,no_initial_region,conditioning,0.0,0.0,0,,,,,,,,,,,,,,,,,,,,,,
/workspace/junmiaoh/experiments/precision-mlps/mechanism-0365cd3-20260923/evidence/population_coverage_inputs/fresh_all.npz,46,5044d2aa4c2aed1ab5cb025459d7236ca44aac1272b980382cf3e8569f26e918,chirp,21,400000,1.5,48.24276404314915,pure_effective_gradient_flow,False,False,48.24276404314915,0.0,0.0,16.080921347716384,16.536739968561616,13.633686282620117,-1902.6599793075482,False,conditioning,,no_initial_region,conditioning,0.0,0.0,0,,,,,,,,,,,,,,,,,,,,,,
/workspace/junmiaoh/experiments/precision-mlps/mechanism-0365cd3-20260923/evidence/population_coverage_inputs/fresh_all.npz,46,5044d2aa4c2aed1ab5cb025459d7236ca44aac1272b980382cf3e8569f26e918,chirp,21,400000,2.0,64.32368539086553,pure_effective_gradient_flow,False,False,64.32368539086553,0.0,0.0,32.16184269543277,16.536739968561616,13.633686282620117,-4510.509307114023,False,conditioning,,no_initial_region,conditioning,0.0,0.0,0,,,,,,,,,,,,,,,,,,,,,,
/workspace/junmiaoh/experiments/precision-mlps/mechanism-0365cd3-20260923/evidence/population_coverage_inputs/fresh_all.npz,47,1fec0faa1d45218a0c5c99c0972186c9ae412f2abb1ef08ea7cf99bff2411b76,moment4,21,400000,1.01,4.798993821983397,pure_effective_gradient_flow,False,False,4.798993821983397,0.0,0.0,0.04751479031666772,6.36057168664624,4.23847127934738,-1.5523776230684014,False,conditioning,,no_initial_region,conditioning,0.0,0.0,0,,,,,,,,,,,,,,,,,,,,,,
/workspace/junmiaoh/experiments/precision-mlps/mechanism-0365cd3-20260923/evidence/population_coverage_inputs/fresh_all.npz,47,1fec0faa1d45218a0c5c99c0972186c9ae412f2abb1ef08ea7cf99bff2411b76,moment4,21,400000,1.025,4.870266007458397,pure_effective_gradient_flow,False,False,4.870266007458397,0.0,0.0,0.11878697579166797,6.36057168664624,4.23847127934738,-1.6370854721826709,False,conditioning,,no_initial_region,conditioning,0.0,0.0,0,,,,,,,,,,,,,,,,,,,,,,
/workspace/junmiaoh/experiments/precision-mlps/mechanism-0365cd3-20260923/evidence/population_coverage_inputs/fresh_all.npz,47,1fec0faa1d45218a0c5c99c0972186c9ae412f2abb1ef08ea7cf99bff2411b76,moment4,21,400000,1.05,4.989052983250066,pure_effective_gradient_flow,False,False,4.989052983250066,0.0,0.0,0.23757395158333683,6.36057168664624,4.23847127934738,-1.783874274535876,False,conditioning,,no_initial_region,conditioning,0.0,0.0,0,,,,,,,,,,,,,,,,,,,,,,
/workspace/junmiaoh/experiments/precision-mlps/mechanism-0365cd3-20260923/evidence/population_coverage_inputs/fresh_all.npz,47,1fec0faa1d45218a0c5c99c0972186c9ae412f2abb1ef08ea7cf99bff2411b76,moment4,21,400000,1.1,5.226626934833403,pure_effective_gradient_flow,False,False,5.226626934833403,0.0,0.0,0.47514790316667366,6.36057168664624,4.23847127934738,-2.099099463409721,False,conditioning,,no_initial_region,conditioning,0.0,0.0,0,,,,,,,,,,,,,,,,,,,,,,
/workspace/junmiaoh/experiments/precision-mlps/mechanism-0365cd3-20260923/evidence/population_coverage_inputs/fresh_all.npz,47,1fec0faa1d45218a0c5c99c0972186c9ae412f2abb1ef08ea7cf99bff2411b76,moment4,21,400000,1.25,5.939348789583412,pure_effective_gradient_flow,False,False,5.939348789583412,0.0,0.0,1.1878697579166824,6.36057168664624,4.23847127934738,-3.2302283495129096,False,conditioning,,no_initial_region,conditioning,0.0,0.0,0,,,,,,,,,,,,,,,,,,,,,,
/workspace/junmiaoh/experiments/precision-mlps/mechanism-0365cd3-20260923/evidence/population_coverage_inputs/fresh_all.npz,47,1fec0faa1d45218a0c5c99c0972186c9ae412f2abb1ef08ea7cf99bff2411b76,moment4,21,400000,1.5,7.127218547500094,pure_effective_gradient_flow,False,False,7.127218547500094,0.0,0.0,2.3757395158333647,6.36057168664624,4.23847127934738,-5.815438532238202,False,conditioning,,no_initial_region,conditioning,0.0,0.0,0,,,,,,,,,,,,,,,,,,,,,,
/workspace/junmiaoh/experiments/precision-mlps/mechanism-0365cd3-20260923/evidence/population_coverage_inputs/fresh_all.npz,47,1fec0faa1d45218a0c5c99c0972186c9ae412f2abb1ef08ea7cf99bff2411b76,moment4,21,400000,2.0,9.502958063333459,pure_effective_gradient_flow,False,False,9.502958063333459,0.0,0.0,4.7514790316667295,6.36057168664624,4.23847127934738,-14.224473851872126,False,conditioning,,no_initial_region,conditioning,0.0,0.0,0,,,,,,,,,,,,,,,,,,,,,,
/workspace/junmiaoh/experiments/precision-mlps/mechanism-0365cd3-20260923/evidence/population_coverage_inputs/fresh_all.npz,48,677c199bf39fa55fbe05a523d485ece0b191d2ec90def3b5aceea91477d7a8a2,blend_m010,21,400000,1.01,5.340640772535259,pure_effective_gradient_flow,False,False,5.340640772535259,0.0,0.0,0.052877631411240245,6.749055477296093,4.643843624332858,-2.2550775319467946,False,conditioning,,no_initial_region,conditioning,0.0,0.0,0,,,,,,,,,,,,,,,,,,,,,,
/workspace/junmiaoh/experiments/precision-mlps/mechanism-0365cd3-20260923/evidence/population_coverage_inputs/fresh_all.npz,48,677c199bf39fa55fbe05a523d485ece0b191d2ec90def3b5aceea91477d7a8a2,blend_m010,21,400000,1.025,5.419957219652119,pure_effective_gradient_flow,False,False,5.419957219652119,0.0,0.0,0.13219407852809972,6.749055477296093,4.643843624332858,-2.3718265355755834,False,conditioning,,no_initial_region,conditioning,0.0,0.0,0,,,,,,,,,,,,,,,,,,,,,,
/workspace/junmiaoh/experiments/precision-mlps/mechanism-0365cd3-20260923/evidence/population_coverage_inputs/fresh_all.npz,48,677c199bf39fa55fbe05a523d485ece0b191d2ec90def3b5aceea91477d7a8a2,blend_m010,21,400000,1.05,5.55215129818022,pure_effective_gradient_flow,False,False,5.55215129818022,0.0,0.0,0.2643881570562012,6.749055477296093,4.643843624332858,-2.5741389139182536,False,conditioning,,no_initial_region,conditioning,0.0,0.0,0,,,,,,,,,,,,,,,,,,,,,,
/workspace/junmiaoh/experiments/precision-mlps/mechanism-0365cd3-20260923/evidence/population_coverage_inputs/fresh_all.npz,48,677c199bf39fa55fbe05a523d485ece0b191d2ec90def3b5aceea91477d7a8a2,blend_m010,21,400000,1.1,5.816539455236422,pure_effective_gradient_flow,False,False,5.816539455236422,0.0,0.0,0.5287763141124024,6.749055477296093,4.643843624332858,-3.008599558410272,False,conditioning,,no_initial_region,conditioning,0.0,0.0,0,,,,,,,,,,,,,,,,,,,,,,
/workspace/junmiaoh/experiments/precision-mlps/mechanism-0365cd3-20260923/evidence/population_coverage_inputs/fresh_all.npz,48,677c199bf39fa55fbe05a523d485ece0b191d2ec90def3b5aceea91477d7a8a2,blend_m010,21,400000,1.25,6.6097039264050235,pure_effective_gradient_flow,False,False,6.6097039264050235,0.0,0.0,1.3219407852810043,6.749055477296093,4.643843624332858,-4.567583428371894,False,conditioning,,no_initial_region,conditioning,0.0,0.0,0,,,,,,,,,,,,,,,,,,,,,,
/workspace/junmiaoh/experiments/precision-mlps/mechanism-0365cd3-20260923/evidence/population_coverage_inputs/fresh_all.npz,48,677c199bf39fa55fbe05a523d485ece0b191d2ec90def3b5aceea91477d7a8a2,blend_m010,21,400000,1.5,7.931644711686029,pure_effective_gradient_flow,False,False,7.931644711686029,0.0,0.0,2.6438815705620096,6.749055477296093,4.643843624332858,-8.130661893474059,False,conditioning,,no_initial_region,conditioning,0.0,0.0,0,,,,,,,,,,,,,,,,,,,,,,
/workspace/junmiaoh/experiments/precision-mlps/mechanism-0365cd3-20260923/evidence/population_coverage_inputs/fresh_all.npz,48,677c199bf39fa55fbe05a523d485ece0b191d2ec90def3b5aceea91477d7a8a2,blend_m010,21,400000,2.0,10.575526282248038,pure_effective_gradient_flow,False,False,10.575526282248038,0.0,0.0,5.287763141124019,6.749055477296093,4.643843624332858,-19.720455582158028,False,conditioning,,no_initial_region,conditioning,0.0,0.0,0,,,,,,,,,,,,,,,,,,,,,,
/workspace/junmiaoh/experiments/precision-mlps/mechanism-0365cd3-20260923/evidence/population_coverage_inputs/fresh_all.npz,49,07121d24234cba55d2a63753a9e36652ac6cfe3e6a2319438094d05441114382,blend_p001,21,400000,1.01,4.2936137264328345,pure_effective_gradient_flow,False,False,4.2936137264328345,0.0,0.0,0.04251102699438469,6.316506777777247,4.195647751575735,-1.0212913600164504,False,conditioning,,no_initial_region,conditioning,0.0,0.0,0,,,,,,,,,,,,,,,,,,,,,,
/workspace/junmiaoh/experiments/precision-mlps/mechanism-0365cd3-20260923/evidence/population_coverage_inputs/fresh_all.npz,49,07121d24234cba55d2a63753a9e36652ac6cfe3e6a2319438094d05441114382,blend_p001,21,400000,1.025,4.357380266924411,pure_effective_gradient_flow,False,False,4.357380266924411,0.0,0.0,0.10627756748596084,6.316506777777247,4.195647751575735,-1.0819568897074225,False,conditioning,,no_initial_region,conditioning,0.0,0.0,0,,,,,,,,,,,,,,,,,,,,,,
/workspace/junmiaoh/experiments/precision-mlps/mechanism-0365cd3-20260923/evidence/population_coverage_inputs/fresh_all.npz,49,07121d24234cba55d2a63753a9e36652ac6cfe3e6a2319438094d05441114382,blend_p001,21,400000,1.05,4.463657834410372,pure_effective_gradient_flow,False,False,4.463657834410372,0.0,0.0,0.21255513497192258,6.316506777777247,4.195647751575735,-1.187083162426824,False,conditioning,,no_initial_region,conditioning,0.0,0.0,0,,,,,,,,,,,,,,,,,,,,,,
/workspace/junmiaoh/experiments/precision-mlps/mechanism-0365cd3-20260923/evidence/population_coverage_inputs/fresh_all.npz,49,07121d24234cba55d2a63753a9e36652ac6cfe3e6a2319438094d05441114382,blend_p001,21,400000,1.1,4.676212969382295,pure_effective_gradient_flow,False,False,4.676212969382295,0.0,0.0,0.42511026994384515,6.316506777777247,4.195647751575735,-1.4128391372854416,False,conditioning,,no_initial_region,conditioning,0.0,0.0,0,,,,,,,,,,,,,,,,,,,,,,
/workspace/junmiaoh/experiments/precision-mlps/mechanism-0365cd3-20260923/evidence/population_coverage_inputs/fresh_all.npz,49,07121d24234cba55d2a63753a9e36652ac6cfe3e6a2319438094d05441114382,blend_p001,21,400000,1.25,5.313878374298062,pure_effective_gradient_flow,False,False,5.313878374298062,0.0,0.0,1.062775674859612,6.316506777777247,4.195647751575735,-2.2229238430326212,False,conditioning,,no_initial_region,conditioning,0.0,0.0,0,,,,,,,,,,,,,,,,,,,,,,
/workspace/junmiaoh/experiments/precision-mlps/mechanism-0365cd3-20260923/evidence/population_coverage_inputs/fresh_all.npz,49,07121d24234cba55d2a63753a9e36652ac6cfe3e6a2319438094d05441114382,blend_p001,21,400000,1.5,6.376654049157675,pure_effective_gradient_flow,False,False,6.376654049157675,0.0,0.0,2.125551349719225,6.316506777777247,4.195647751575735,-4.074383261934404,False,conditioning,,no_initial_region,conditioning,0.0,0.0,0,,,,,,,,,,,,,,,,,,,,,,
/workspace/junmiaoh/experiments/precision-mlps/mechanism-0365cd3-20260923/evidence/population_coverage_inputs/fresh_all.npz,49,07121d24234cba55d2a63753a9e36652ac6cfe3e6a2319438094d05441114382,blend_p001,21,400000,2.0,8.5022053988769,pure_effective_gradient_flow,False,False,8.5022053988769,0.0,0.0,4.25110269943845,6.316506777777247,4.195647751575735,-10.096712800340203,False,conditioning,,no_initial_region,conditioning,0.0,0.0,0,,,,,,,,,,,,,,,,,,,,,,
/workspace/junmiaoh/experiments/precision-mlps/mechanism-0365cd3-20260923/evidence/population_coverage_inputs/fresh_all.npz,50,83be6c33fded82a35455072966284f838cc90e5691144185af9f5c7fa7031df4,blend_p010,21,400000,1.01,4.085105061809885,pure_effective_gradient_flow,False,False,4.085105061809885,0.0,0.0,0.04044658477039498,6.199307588790117,4.071776835946055,-0.8371932172476715,False,conditioning,,no_initial_region,conditioning,0.0,0.0,0,,,,,,,,,,,,,,,,,,,,,,
/workspace/junmiaoh/experiments/precision-mlps/mechanism-0365cd3-20260923/evidence/population_coverage_inputs/fresh_all.npz,50,83be6c33fded82a35455072966284f838cc90e5691144185af9f5c7fa7031df4,blend_p010,21,400000,1.025,4.145774938965476,pure_effective_gradient_flow,False,False,4.145774938965476,0.0,0.0,0.10111646192598656,6.199307588790117,4.071776835946055,-0.8894427935159062,False,conditioning,,no_initial_region,conditioning,0.0,0.0,0,,,,,,,,,,,,,,,,,,,,,,
/workspace/junmiaoh/experiments/precision-mlps/mechanism-0365cd3-20260923/evidence/population_coverage_inputs/fresh_all.npz,50,83be6c33fded82a35455072966284f838cc90e5691144185af9f5c7fa7031df4,blend_p010,21,400000,1.05,4.246891400891465,pure_effective_gradient_flow,False,False,4.246891400891465,0.0,0.0,0.2022329238519749,6.199307588790117,4.071776835946055,-0.979985202561501,False,conditioning,,no_initial_region,conditioning,0.0,0.0,0,,,,,,,,,,,,,,,,,,,,,,
/workspace/junmiaoh/experiments/precision-mlps/mechanism-0365cd3-20260923/evidence/population_coverage_inputs/fresh_all.npz,50,83be6c33fded82a35455072966284f838cc90e5691144185af9f5c7fa7031df4,blend_p010,21,400000,1.1,4.4491243247434396,pure_effective_gradient_flow,False,False,4.4491243247434396,0.0,0.0,0.4044658477039498,6.199307588790117,4.071776835946055,-1.174422704162026,False,conditioning,,no_initial_region,conditioning,0.0,0.0,0,,,,,,,,,,,,,,,,,,,,,,
/workspace/junmiaoh/experiments/precision-mlps/mechanism-0365cd3-20260923/evidence/population_coverage_inputs/fresh_all.npz,50,83be6c33fded82a35455072966284f838cc90e5691144185af9f5c7fa7031df4,blend_p010,21,400000,1.25,5.055823096299362,pure_effective_gradient_flow,False,False,5.055823096299362,0.0,0.0,1.0111646192598727,6.199307588790117,4.071776835946055,-1.8721267023349237,False,conditioning,,no_initial_region,conditioning,0.0,0.0,0,,,,,,,,,,,,,,,,,,,,,,
/workspace/junmiaoh/experiments/precision-mlps/mechanism-0365cd3-20260923/evidence/population_coverage_inputs/fresh_all.npz,50,83be6c33fded82a35455072966284f838cc90e5691144185af9f5c7fa7031df4,blend_p010,21,400000,1.5,6.066987715559234,pure_effective_gradient_flow,False,False,6.066987715559234,0.0,0.0,2.0223292385197444,6.199307588790117,4.071776835946055,-3.466738512505048,False,conditioning,,no_initial_region,conditioning,0.0,0.0,0,,,,,,,,,,,,,,,,,,,,,,
/workspace/junmiaoh/experiments/precision-mlps/mechanism-0365cd3-20260923/evidence/population_coverage_inputs/fresh_all.npz,50,83be6c33fded82a35455072966284f838cc90e5691144185af9f5c7fa7031df4,blend_p010,21,400000,2.0,8.08931695407898,pure_effective_gradient_flow,False,False,8.08931695407898,0.0,0.0,4.04465847703949,6.199307588790117,4.071776835946055,-8.653607697234248,False,conditioning,,no_initial_region,conditioning,0.0,0.0,0,,,,,,,,,,,,,,,,,,,,,,
/workspace/junmiaoh/experiments/precision-mlps/mechanism-0365cd3-20260923/evidence/population_coverage_inputs/fresh_all.npz,51,6b0064f3e227e2caecac5c3bb3e0cb7c5bd276a812c2eca559d3a4bc5703dd45,blend_p030,21,400000,1.01,4.091624914766907,pure_effective_gradient_flow,False,False,4.091624914766907,0.0,0.0,0.040511137769969174,6.357638260583827,4.224648711552947,-0.8405792003612786,False,conditioning,,no_initial_region,conditioning,0.0,0.0,0,,,,,,,,,,,,,,,,,,,,,,
/workspace/junmiaoh/experiments/precision-mlps/mechanism-0365cd3-20260923/evidence/population_coverage_inputs/fresh_all.npz,51,6b0064f3e227e2caecac5c3bb3e0cb7c5bd276a812c2eca559d3a4bc5703dd45,blend_p030,21,400000,1.025,4.152391621421861,pure_effective_gradient_flow,False,False,4.152391621421861,0.0,0.0,0.10127784442492338,6.357638260583827,4.224648711552947,-0.8930793480590193,False,conditioning,,no_initial_region,conditioning,0.0,0.0,0,,,,,,,,,,,,,,,,,,,,,,
/workspace/junmiaoh/experiments/precision-mlps/mechanism-0365cd3-20260923/evidence/population_coverage_inputs/fresh_all.npz,51,6b0064f3e227e2caecac5c3bb3e0cb7c5bd276a812c2eca559d3a4bc5703dd45,blend_p030,21,400000,1.05,4.253669465846785,pure_effective_gradient_flow,False,False,4.253669465846785,0.0,0.0,0.20255568884984676,6.357638260583827,4.224648711552947,-0.9840559681066114,False,conditioning,,no_initial_region,conditioning,0.0,0.0,0,,,,,,,,,,,,,,,,,,,,,,
/workspace/junmiaoh/experiments/precision-mlps/mechanism-0365cd3-20260923/evidence/population_coverage_inputs/fresh_all.npz,51,6b0064f3e227e2caecac5c3bb3e0cb7c5bd276a812c2eca559d3a4bc5703dd45,blend_p030,21,400000,1.1,4.456225154696632,pure_effective_gradient_flow,False,False,4.456225154696632,0.0,0.0,0.4051113776996944,6.357638260583827,4.224648711552947,-1.1794259266992349,False,conditioning,,no_initial_region,conditioning,0.0,0.0,0,,,,,,,,,,,,,,,,,,,,,,
/workspace/junmiaoh/experiments/precision-mlps/mechanism-0365cd3-20260923/evidence/population_coverage_inputs/fresh_all.npz,51,6b0064f3e227e2caecac5c3bb3e0cb7c5bd276a812c2eca559d3a4bc5703dd45,blend_p030,21,400000,1.25,5.0638922212461726,pure_effective_gradient_flow,False,False,5.0638922212461726,0.0,0.0,1.0127784442492347,6.357638260583827,4.224648711552947,-1.8804758790535843,False,conditioning,,no_initial_region,conditioning,0.0,0.0,0,,,,,,,,,,,,,,,,,,,,,,
/workspace/junmiaoh/experiments/precision-mlps/mechanism-0365cd3-20260923/evidence/population_coverage_inputs/fresh_all.npz,51,6b0064f3e227e2caecac5c3bb3e0cb7c5bd276a812c2eca559d3a4bc5703dd45,blend_p030,21,400000,1.5,6.076670665495406,pure_effective_gradient_flow,False,False,6.076670665495406,0.0,0.0,2.0255568884984685,6.357638260583827,4.224648711552947,-3.482734912212259,False,conditioning,,no_initial_region,conditioning,0.0,0.0,0,,,,,,,,,,,,,,,,,,,,,,
/workspace/junmiaoh/experiments/precision-mlps/mechanism-0365cd3-20260923/evidence/population_coverage_inputs/fresh_all.npz,51,6b0064f3e227e2caecac5c3bb3e0cb7c5bd276a812c2eca559d3a4bc5703dd45,blend_p030,21,400000,2.0,8.102227553993876,pure_effective_gradient_flow,False,False,8.102227553993876,0.0,0.0,4.051113776996938,6.357638260583827,4.224648711552947,-8.694478580508612,False,conditioning,,no_initial_region,conditioning,0.0,0.0,0,,,,,,,,,,,,,,,,,,,,,,
/workspace/junmiaoh/experiments/precision-mlps/mechanism-0365cd3-20260923/evidence/population_coverage_inputs/fresh_all.npz,65,29c27d8ffd39801dfba01a1ea8aca7e3a559dec8f8d00531d249e8aaae616f04,sine,21,600000,1.01,75.63820075111008,pure_effective_gradient_flow,False,False,75.63820075111008,0.0,0.0,0.7488930767436699,41.291043413746564,39.23972171000688,-7334.122039475881,False,conditioning,,no_initial_region,conditioning,0.0,0.0,0,,,,,,,,,,,,,,,,,,,,,,
/workspace/junmiaoh/experiments/precision-mlps/mechanism-0365cd3-20260923/evidence/population_coverage_inputs/fresh_all.npz,65,29c27d8ffd39801dfba01a1ea8aca7e3a559dec8f8d00531d249e8aaae616f04,sine,21,600000,1.025,76.76154036622556,pure_effective_gradient_flow,False,False,76.76154036622556,0.0,0.0,1.8722326918591534,41.291043413746564,39.23972171000688,-7665.784753506915,False,conditioning,,no_initial_region,conditioning,0.0,0.0,0,,,,,,,,,,,,,,,,,,,,,,
/workspace/junmiaoh/experiments/precision-mlps/mechanism-0365cd3-20260923/evidence/population_coverage_inputs/fresh_all.npz,65,29c27d8ffd39801dfba01a1ea8aca7e3a559dec8f8d00531d249e8aaae616f04,sine,21,600000,1.05,78.63377305808473,pure_effective_gradient_flow,False,False,78.63377305808473,0.0,0.0,3.744465383718321,41.291043413746564,39.23972171000688,-8240.517474109402,False,conditioning,,no_initial_region,conditioning,0.0,0.0,0,,,,,,,,,,,,,,,,,,,,,,
/workspace/junmiaoh/experiments/precision-mlps/mechanism-0365cd3-20260923/evidence/population_coverage_inputs/fresh_all.npz,65,29c27d8ffd39801dfba01a1ea8aca7e3a559dec8f8d00531d249e8aaae616f04,sine,21,600000,1.1,82.37823844180305,pure_effective_gradient_flow,False,False,82.37823844180305,0.0,0.0,7.488930767436642,41.291043413746564,39.23972171000688,-9474.741253440769,False,conditioning,,no_initial_region,conditioning,0.0,0.0,0,,,,,,,,,,,,,,,,,,,,,,
/workspace/junmiaoh/experiments/precision-mlps/mechanism-0365cd3-20260923/evidence/population_coverage_inputs/fresh_all.npz,65,29c27d8ffd39801dfba01a1ea8aca7e3a559dec8f8d00531d249e8aaae616f04,sine,21,600000,1.25,93.61163459295801,pure_effective_gradient_flow,False,False,93.61163459295801,0.0,0.0,18.722326918591605,41.291043413746564,39.23972171000688,-13903.531267667311,False,conditioning,,no_initial_region,conditioning,0.0,0.0,0,,,,,,,,,,,,,,,,,,,,,,
/workspace/junmiaoh/experiments/precision-mlps/mechanism-0365cd3-20260923/evidence/population_coverage_inputs/fresh_all.npz,65,29c27d8ffd39801dfba01a1ea8aca7e3a559dec8f8d00531d249e8aaae616f04,sine,21,600000,1.5,112.3339615115496,pure_effective_gradient_flow,False,False,112.3339615115496,0.0,0.0,37.444653837183196,41.291043413746564,39.23972171000688,-24025.59002029477,False,conditioning,,no_initial_region,conditioning,0.0,0.0,0,,,,,,,,,,,,,,,,,,,,,,
/workspace/junmiaoh/experiments/precision-mlps/mechanism-0365cd3-20260923/evidence/population_coverage_inputs/fresh_all.npz,65,29c27d8ffd39801dfba01a1ea8aca7e3a559dec8f8d00531d249e8aaae616f04,sine,21,600000,2.0,149.7786153487328,pure_effective_gradient_flow,False,False,149.7786153487328,0.0,0.0,74.8893076743664,41.291043413746564,39.23972171000688,-56950.08882005006,False,conditioning,,no_initial_region,conditioning,0.0,0.0,0,,,,,,,,,,,,,,,,,,,,,,
/workspace/junmiaoh/experiments/precision-mlps/mechanism-0365cd3-20260923/evidence/population_coverage_inputs/fresh_all.npz,66,61ea081bc3200edba6db2bbc605a47f898b6ff1b15005f30e409f725d3de1480,runge,21,600000,1.01,52.669046695678105,pure_effective_gradient_flow,False,False,52.669046695678105,0.0,0.0,0.5214757098582012,31.650146661242065,28.61647011249752,-2475.9781544958896,False,conditioning,,no_initial_region,conditioning,0.0,0.0,0,,,,,,,,,,,,,,,,,,,,,,
/workspace/junmiaoh/experiments/precision-mlps/mechanism-0365cd3-20260923/evidence/population_coverage_inputs/fresh_all.npz,66,61ea081bc3200edba6db2bbc605a47f898b6ff1b15005f30e409f725d3de1480,runge,21,600000,1.025,53.451260260465396,pure_effective_gradient_flow,False,False,53.451260260465396,0.0,0.0,1.3036892746454924,31.650146661242065,28.61647011249752,-2587.9578945656244,False,conditioning,,no_initial_region,conditioning,0.0,0.0,0,,,,,,,,,,,,,,,,,,,,,,
/workspace/junmiaoh/experiments/precision-mlps/mechanism-0365cd3-20260923/evidence/population_coverage_inputs/fresh_all.npz,66,61ea081bc3200edba6db2bbc605a47f898b6ff1b15005f30e409f725d3de1480,runge,21,600000,1.05,54.7549495351109,pure_effective_gradient_flow,False,False,54.7549495351109,0.0,0.0,2.607378549290999,31.650146661242065,28.61647011249752,-2782.005696564301,False,conditioning,,no_initial_region,conditioning,0.0,0.0,0,,,,,,,,,,,,,,,,,,,,,,
/workspace/junmiaoh/experiments/precision-mlps/mechanism-0365cd3-20260923/evidence/population_coverage_inputs/fresh_all.npz,66,61ea081bc3200edba6db2bbc605a47f898b6ff1b15005f30e409f725d3de1480,runge,21,600000,1.1,57.3623280844019,pure_effective_gradient_flow,False,False,57.3623280844019,0.0,0.0,5.214757098581998,31.650146661242065,28.61647011249752,-3198.7183752903143,False,conditioning,,no_initial_region,conditioning,0.0,0.0,0,,,,,,,,,,,,,,,,,,,,,,
/workspace/junmiaoh/experiments/precision-mlps/mechanism-0365cd3-20260923/evidence/population_coverage_inputs/fresh_all.npz,66,61ea081bc3200edba6db2bbc605a47f898b6ff1b15005f30e409f725d3de1480,runge,21,600000,1.25,65.18446373227488,pure_effective_gradient_flow,False,False,65.18446373227488,0.0,0.0,13.036892746454974,31.650146661242065,28.61647011249752,-4694.016862687114,False,conditioning,,no_initial_region,conditioning,0.0,0.0,0,,,,,,,,,,,,,,,,,,,,,,
/workspace/junmiaoh/experiments/precision-mlps/mechanism-0365cd3-20260923/evidence/population_coverage_inputs/fresh_all.npz,66,61ea081bc3200edba6db2bbc605a47f898b6ff1b15005f30e409f725d3de1480,runge,21,600000,1.5,78.22135647872986,pure_effective_gradient_flow,False,False,78.22135647872986,0.0,0.0,26.073785492909956,31.650146661242065,28.61647011249752,-8111.541535007514,False,conditioning,,no_initial_region,conditioning,0.0,0.0,0,,,,,,,,,,,,,,,,,,,,,,
/workspace/junmiaoh/experiments/precision-mlps/mechanism-0365cd3-20260923/evidence/population_coverage_inputs/fresh_all.npz,66,61ea081bc3200edba6db2bbc605a47f898b6ff1b15005f30e409f725d3de1480,runge,21,600000,2.0,104.29514197163981,pure_effective_gradient_flow,False,False,104.29514197163981,0.0,0.0,52.147570985819904,31.650146661242065,28.61647011249752,-19227.885524093646,False,conditioning,,no_initial_region,conditioning,0.0,0.0,0,,,,,,,,,,,,,,,,,,,,,,
/workspace/junmiaoh/experiments/precision-mlps/mechanism-0365cd3-20260923/evidence/population_coverage_inputs/fresh_all.npz,67,53a3f02c3a6e8aa6bec9b656bcc544c41805adc1bb75f7b13af2425f8cd4590c,moment3,21,600000,1.01,68.9340788062964,pure_effective_gradient_flow,False,False,68.9340788062964,0.0,0.0,0.6825156317455026,78.3187959978566,75.13355916532025,-5551.6072887026085,False,conditioning,,no_initial_region,conditioning,0.0,0.0,0,,,,,,,,,,,,,,,,,,,,,,
/workspace/junmiaoh/experiments/precision-mlps/mechanism-0365cd3-20260923/evidence/population_coverage_inputs/fresh_all.npz,67,53a3f02c3a6e8aa6bec9b656bcc544c41805adc1bb75f7b13af2425f8cd4590c,moment3,21,600000,1.025,69.95785225391467,pure_effective_gradient_flow,False,False,69.95785225391467,0.0,0.0,1.7062890793637706,78.3187959978566,75.13355916532025,-5802.665835561111,False,conditioning,,no_initial_region,conditioning,0.0,0.0,0,,,,,,,,,,,,,,,,,,,,,,
/workspace/junmiaoh/experiments/precision-mlps/mechanism-0365cd3-20260923/evidence/population_coverage_inputs/fresh_all.npz,67,53a3f02c3a6e8aa6bec9b656bcc544c41805adc1bb75f7b13af2425f8cd4590c,moment3,21,600000,1.05,71.66414133327844,pure_effective_gradient_flow,False,False,71.66414133327844,0.0,0.0,3.4125781587275412,78.3187959978566,75.13355916532025,-6237.720955000883,False,conditioning,,no_initial_region,conditioning,0.0,0.0,0,,,,,,,,,,,,,,,,,,,,,,
/workspace/junmiaoh/experiments/precision-mlps/mechanism-0365cd3-20260923/evidence/population_coverage_inputs/fresh_all.npz,67,53a3f02c3a6e8aa6bec9b656bcc544c41805adc1bb75f7b13af2425f8cd4590c,moment3,21,600000,1.1,75.07671949200599,pure_effective_gradient_flow,False,False,75.07671949200599,0.0,0.0,6.825156317455097,78.3187959978566,75.13355916532025,-7171.990667658856,False,conditioning,,no_initial_region,conditioning,0.0,0.0,0,,,,,,,,,,,,,,,,,,,,,,
/workspace/junmiaoh/experiments/precision-mlps/mechanism-0365cd3-20260923/evidence/population_coverage_inputs/fresh_all.npz,67,53a3f02c3a6e8aa6bec9b656bcc544c41805adc1bb75f7b13af2425f8cd4590c,moment3,21,600000,1.25,85.31445396818862,pure_effective_gradient_flow,False,False,85.31445396818862,0.0,0.0,17.06289079363772,78.3187959978566,75.13355916532025,-10524.449470758142,False,conditioning,,no_initial_region,conditioning,0.0,0.0,0,,,,,,,,,,,,,,,,,,,,,,
/workspace/junmiaoh/experiments/precision-mlps/mechanism-0365cd3-20260923/evidence/population_coverage_inputs/fresh_all.npz,67,53a3f02c3a6e8aa6bec9b656bcc544c41805adc1bb75f7b13af2425f8cd4590c,moment3,21,600000,1.5,102.37734476182635,pure_effective_gradient_flow,False,False,102.37734476182635,0.0,0.0,34.125781587275455,78.3187959978566,75.13355916532025,-18186.538858994918,False,conditioning,,no_initial_region,conditioning,0.0,0.0,0,,,,,,,,,,,,,,,,,,,,,,
/workspace/junmiaoh/experiments/precision-mlps/mechanism-0365cd3-20260923/evidence/population_coverage_inputs/fresh_all.npz,67,53a3f02c3a6e8aa6bec9b656bcc544c41805adc1bb75f7b13af2425f8cd4590c,moment3,21,600000,2.0,136.5031263491018,pure_effective_gradient_flow,False,False,136.5031263491018,0.0,0.0,68.2515631745509,78.3187959978566,75.13355916532025,-43109.379066885944,False,conditioning,,no_initial_region,conditioning,0.0,0.0,0,,,,,,,,,,,,,,,,,,,,,,
/workspace/junmiaoh/experiments/precision-mlps/mechanism-0365cd3-20260923/evidence/population_coverage_inputs/fresh_all.npz,68,7810e9b988e2fa5aaf800e135bd61403d0e0af120318dcfa36f1a523a499b94a,moment5,21,600000,1.01,4.350959144636623,pure_effective_gradient_flow,False,False,4.350959144636623,0.0,0.0,0.043078803412243794,6.360294599149125,4.241531595970246,-1.0750496845367365,False,conditioning,,no_initial_region,conditioning,0.0,0.0,0,,,,,,,,,,,,,,,,,,,,,,
/workspace/junmiaoh/experiments/precision-mlps/mechanism-0365cd3-20260923/evidence/population_coverage_inputs/fresh_all.npz,68,7810e9b988e2fa5aaf800e135bd61403d0e0af120318dcfa36f1a523a499b94a,moment5,21,600000,1.025,4.415577349754988,pure_effective_gradient_flow,False,False,4.415577349754988,0.0,0.0,0.10769700853060904,6.360294599149125,4.241531595970246,-1.1381785664802777,False,conditioning,,no_initial_region,conditioning,0.0,0.0,0,,,,,,,,,,,,,,,,,,,,,,
/workspace/junmiaoh/experiments/precision-mlps/mechanism-0365cd3-20260923/evidence/population_coverage_inputs/fresh_all.npz,68,7810e9b988e2fa5aaf800e135bd61403d0e0af120318dcfa36f1a523a499b94a,moment5,21,600000,1.05,4.523274358285598,pure_effective_gradient_flow,False,False,4.523274358285598,0.0,0.0,0.21539401706121897,6.360294599149125,4.241531595970246,-1.247573540751065,False,conditioning,,no_initial_region,conditioning,0.0,0.0,0,,,,,,,,,,,,,,,,,,,,,,
/workspace/junmiaoh/experiments/precision-mlps/mechanism-0365cd3-20260923/evidence/population_coverage_inputs/fresh_all.npz,68,7810e9b988e2fa5aaf800e135bd61403d0e0af120318dcfa36f1a523a499b94a,moment5,21,600000,1.1,4.738668375346817,pure_effective_gradient_flow,False,False,4.738668375346817,0.0,0.0,0.43078803412243794,6.360294599149125,4.241531595970246,-1.482496442726806,False,conditioning,,no_initial_region,conditioning,0.0,0.0,0,,,,,,,,,,,,,,,,,,,,,,
/workspace/junmiaoh/experiments/precision-mlps/mechanism-0365cd3-20260923/evidence/population_coverage_inputs/fresh_all.npz,68,7810e9b988e2fa5aaf800e135bd61403d0e0af120318dcfa36f1a523a499b94a,moment5,21,600000,1.25,5.384850426530474,pure_effective_gradient_flow,False,False,5.384850426530474,0.0,0.0,1.0769700853060948,6.360294599149125,4.241531595970246,-2.325475017444371,False,conditioning,,no_initial_region,conditioning,0.0,0.0,0,,,,,,,,,,,,,,,,,,,,,,
/workspace/junmiaoh/experiments/precision-mlps/mechanism-0365cd3-20260923/evidence/population_coverage_inputs/fresh_all.npz,68,7810e9b988e2fa5aaf800e135bd61403d0e0af120318dcfa36f1a523a499b94a,moment5,21,600000,1.5,6.461820511836569,pure_effective_gradient_flow,False,False,6.461820511836569,0.0,0.0,2.1539401706121897,6.360294599149125,4.241531595970246,-4.252113813388173,False,conditioning,,no_initial_region,conditioning,0.0,0.0,0,,,,,,,,,,,,,,,,,,,,,,
/workspace/junmiaoh/experiments/precision-mlps/mechanism-0365cd3-20260923/evidence/population_coverage_inputs/fresh_all.npz,68,7810e9b988e2fa5aaf800e135bd61403d0e0af120318dcfa36f1a523a499b94a,moment5,21,600000,2.0,8.615760682448759,pure_effective_gradient_flow,False,False,8.615760682448759,0.0,0.0,4.307880341224379,6.360294599149125,4.241531595970246,-10.51898286393065,False,conditioning,,no_initial_region,conditioning,0.0,0.0,0,,,,,,,,,,,,,,,,,,,,,,
/workspace/junmiaoh/experiments/precision-mlps/mechanism-0365cd3-20260923/evidence/population_coverage_inputs/fresh_all.npz,69,1e835a7665692ef5498c15aff38a60f29385b9a9d9e01d11eb12dbc60ae13fd3,moment9,21,600000,1.01,4.3202217945924755,pure_effective_gradient_flow,False,False,4.3202217945924755,0.0,0.0,0.04277447321378691,6.337666070061561,4.217643292467203,-1.0460468866250696,False,conditioning,,no_initial_region,conditioning,0.0,0.0,0,,,,,,,,,,,,,,,,,,,,,,
/workspace/junmiaoh/experiments/precision-mlps/mechanism-0365cd3-20260923/evidence/population_coverage_inputs/fresh_all.npz,69,1e835a7665692ef5498c15aff38a60f29385b9a9d9e01d11eb12dbc60ae13fd3,moment9,21,600000,1.025,4.384383504413155,pure_effective_gradient_flow,False,False,4.384383504413155,0.0,0.0,0.10693618303446684,6.337666070061561,4.217643292467203,-1.1078472761372817,False,conditioning,,no_initial_region,conditioning,0.0,0.0,0,,,,,,,,,,,,,,,,,,,,,,
/workspace/junmiaoh/experiments/precision-mlps/mechanism-0365cd3-20260923/evidence/population_coverage_inputs/fresh_all.npz,69,1e835a7665692ef5498c15aff38a60f29385b9a9d9e01d11eb12dbc60ae13fd3,moment9,21,600000,1.05,4.491319687447623,pure_effective_gradient_flow,False,False,4.491319687447623,0.0,0.0,0.21387236606893456,6.337666070061561,4.217643292467203,-1.2149401282910617,False,conditioning,,no_initial_region,conditioning,0.0,0.0,0,,,,,,,,,,,,,,,,,,,,,,
/workspace/junmiaoh/experiments/precision-mlps/mechanism-0365cd3-20260923/evidence/population_coverage_inputs/fresh_all.npz,69,1e835a7665692ef5498c15aff38a60f29385b9a9d9e01d11eb12dbc60ae13fd3,moment9,21,600000,1.1,4.705192053516558,pure_effective_gradient_flow,False,False,4.705192053516558,0.0,0.0,0.4277447321378691,6.337666070061561,4.217643292467203,-1.4449192820550134,False,conditioning,,no_initial_region,conditioning,0.0,0.0,0,,,,,,,,,,,,,,,,,,,,,,
/workspace/junmiaoh/experiments/precision-mlps/mechanism-0365cd3-20260923/evidence/population_coverage_inputs/fresh_all.npz,69,1e835a7665692ef5498c15aff38a60f29385b9a9d9e01d11eb12dbc60ae13fd3,moment9,21,600000,1.25,5.3468091517233605,pure_effective_gradient_flow,False,False,5.3468091517233605,0.0,0.0,1.069361830344672,6.337666070061561,4.217643292467203,-2.270158105618955,False,conditioning,,no_initial_region,conditioning,0.0,0.0,0,,,,,,,,,,,,,,,,,,,,,,
/workspace/junmiaoh/experiments/precision-mlps/mechanism-0365cd3-20260923/evidence/population_coverage_inputs/fresh_all.npz,69,1e835a7665692ef5498c15aff38a60f29385b9a9d9e01d11eb12dbc60ae13fd3,moment9,21,600000,1.5,6.416170982068033,pure_effective_gradient_flow,False,False,6.416170982068033,0.0,0.0,2.1387236606893447,6.337666070061561,4.217643292467203,-4.1562524632721285,False,conditioning,,no_initial_region,conditioning,0.0,0.0,0,,,,,,,,,,,,,,,,,,,,,,
/workspace/junmiaoh/experiments/precision-mlps/mechanism-0365cd3-20260923/evidence/population_coverage_inputs/fresh_all.npz,69,1e835a7665692ef5498c15aff38a60f29385b9a9d9e01d11eb12dbc60ae13fd3,moment9,21,600000,2.0,8.554894642757377,pure_effective_gradient_flow,False,False,8.554894642757377,0.0,0.0,4.2774473213786885,6.337666070061561,4.217643292467203,-10.29124070355058,False,conditioning,,no_initial_region,conditioning,0.0,0.0,0,,,,,,,,,,,,,,,,,,,,,,
/workspace/junmiaoh/experiments/precision-mlps/mechanism-0365cd3-20260923/evidence/population_coverage_inputs/fresh_all.npz,70,5616f6c6c765037623b615e40a9154c9fe17a7f6509fe6c751f1ed71dfbc2760,mixed_sine,21,600000,1.01,104.91155567978858,pure_effective_gradient_flow,False,False,104.91155567978858,0.0,0.0,1.0387282740573198,72.51712809693095,70.51073477102803,-19570.821997226347,False,conditioning,,no_initial_region,conditioning,0.0,0.0,0,,,,,,,,,,,,,,,,,,,,,,
/workspace/junmiaoh/experiments/precision-mlps/mechanism-0365cd3-20260923/evidence/population_coverage_inputs/fresh_all.npz,70,5616f6c6c765037623b615e40a9154c9fe17a7f6509fe6c751f1ed71dfbc2760,mixed_sine,21,600000,1.025,106.46964809087453,pure_effective_gradient_flow,False,False,106.46964809087453,0.0,0.0,2.596820685143271,72.51712809693095,70.51073477102803,-20455.821573690882,False,conditioning,,no_initial_region,conditioning,0.0,0.0,0,,,,,,,,,,,,,,,,,,,,,,
/workspace/junmiaoh/experiments/precision-mlps/mechanism-0365cd3-20260923/evidence/population_coverage_inputs/fresh_all.npz,70,5616f6c6c765037623b615e40a9154c9fe17a7f6509fe6c751f1ed71dfbc2760,mixed_sine,21,600000,1.05,109.06646877601783,pure_effective_gradient_flow,False,False,109.06646877601783,0.0,0.0,5.193641370286571,72.51712809693095,70.51073477102803,-21989.42240608931,False,conditioning,,no_initial_region,conditioning,0.0,0.0,0,,,,,,,,,,,,,,,,,,,,,,
/workspace/junmiaoh/experiments/precision-mlps/mechanism-0365cd3-20260923/evidence/population_coverage_inputs/fresh_all.npz,70,5616f6c6c765037623b615e40a9154c9fe17a7f6509fe6c751f1ed71dfbc2760,mixed_sine,21,600000,1.1,114.2601101463044,pure_effective_gradient_flow,False,False,114.2601101463044,0.0,0.0,10.387282740573141,72.51712809693095,70.51073477102803,-25282.79086676144,False,conditioning,,no_initial_region,conditioning,0.0,0.0,0,,,,,,,,,,,,,,,,,,,,,,
/workspace/junmiaoh/experiments/precision-mlps/mechanism-0365cd3-20260923/evidence/population_coverage_inputs/fresh_all.npz,70,5616f6c6c765037623b615e40a9154c9fe17a7f6509fe6c751f1ed71dfbc2760,mixed_sine,21,600000,1.25,129.84103425716407,pure_effective_gradient_flow,False,False,129.84103425716407,0.0,0.0,25.96820685143281,72.51712809693095,70.51073477102803,-37100.45116147314,False,conditioning,,no_initial_region,conditioning,0.0,0.0,0,,,,,,,,,,,,,,,,,,,,,,
/workspace/junmiaoh/experiments/precision-mlps/mechanism-0365cd3-20260923/evidence/population_coverage_inputs/fresh_all.npz,70,5616f6c6c765037623b615e40a9154c9fe17a7f6509fe6c751f1ed71dfbc2760,mixed_sine,21,600000,1.5,155.8092411085969,pure_effective_gradient_flow,False,False,155.8092411085969,0.0,0.0,51.936413702865636,72.51712809693095,70.51073477102803,-64109.87166626432,False,conditioning,,no_initial_region,conditioning,0.0,0.0,0,,,,,,,,,,,,,,,,,,,,,,
/workspace/junmiaoh/experiments/precision-mlps/mechanism-0365cd3-20260923/evidence/population_coverage_inputs/fresh_all.npz,70,5616f6c6c765037623b615e40a9154c9fe17a7f6509fe6c751f1ed71dfbc2760,mixed_sine,21,600000,2.0,207.74565481146251,pure_effective_gradient_flow,False,False,207.74565481146251,0.0,0.0,103.87282740573126,72.51712809693095,70.51073477102803,-151964.69001151915,False,conditioning,,no_initial_region,conditioning,0.0,0.0,0,,,,,,,,,,,,,,,,,,,,,,
/workspace/junmiaoh/experiments/precision-mlps/mechanism-0365cd3-20260923/evidence/population_coverage_inputs/fresh_all.npz,71,f5432db90e35b8af6c83d1d63d335bfaf1ac1de9c7784810988d265c9b09ef1a,localized_sine,21,600000,1.01,150.8372627045961,pure_effective_gradient_flow,False,False,150.8372627045961,0.0,0.0,1.4934382445999574,160.21023378045257,158.18998884984595,-58166.22671911306,False,conditioning,,no_initial_region,conditioning,0.0,0.0,0,,,,,,,,,,,,,,,,,,,,,,
/workspace/junmiaoh/experiments/precision-mlps/mechanism-0365cd3-20260923/evidence/population_coverage_inputs/fresh_all.npz,71,f5432db90e35b8af6c83d1d63d335bfaf1ac1de9c7784810988d265c9b09ef1a,localized_sine,21,600000,1.025,153.07742007149602,pure_effective_gradient_flow,False,False,153.07742007149602,0.0,0.0,3.7335956114998794,160.21023378045257,158.18998884984595,-60796.488711400285,False,conditioning,,no_initial_region,conditioning,0.0,0.0,0,,,,,,,,,,,,,,,,,,,,,,
/workspace/junmiaoh/experiments/precision-mlps/mechanism-0365cd3-20260923/evidence/population_coverage_inputs/fresh_all.npz,71,f5432db90e35b8af6c83d1d63d335bfaf1ac1de9c7784810988d265c9b09ef1a,localized_sine,21,600000,1.05,156.81101568299596,pure_effective_gradient_flow,False,False,156.81101568299596,0.0,0.0,7.467191222999816,160.21023378045257,158.18998884984595,-65354.425334276464,False,conditioning,,no_initial_region,conditioning,0.0,0.0,0,,,,,,,,,,,,,,,,,,,,,,
/workspace/junmiaoh/experiments/precision-mlps/mechanism-0365cd3-20260923/evidence/population_coverage_inputs/fresh_all.npz,71,f5432db90e35b8af6c83d1d63d335bfaf1ac1de9c7784810988d265c9b09ef1a,localized_sine,21,600000,1.1,164.27820690599577,pure_effective_gradient_flow,False,False,164.27820690599577,0.0,0.0,14.934382445999631,160.21023378045257,158.18998884984595,-75142.47735042388,False,conditioning,,no_initial_region,conditioning,0.0,0.0,0,,,,,,,,,,,,,,,,,,,,,,
/workspace/junmiaoh/experiments/precision-mlps/mechanism-0365cd3-20260923/evidence/population_coverage_inputs/fresh_all.npz,71,f5432db90e35b8af6c83d1d63d335bfaf1ac1de9c7784810988d265c9b09ef1a,localized_sine,21,600000,1.25,186.67978057499516,pure_effective_gradient_flow,False,False,186.67978057499516,0.0,0.0,37.33595611499902,160.21023378045257,158.18998884984595,-110265.14129012506,False,conditioning,,no_initial_region,conditioning,0.0,0.0,0,,,,,,,,,,,,,,,,,,,,,,
/workspace/junmiaoh/experiments/precision-mlps/mechanism-0365cd3-20260923/evidence/population_coverage_inputs/fresh_all.npz,71,f5432db90e35b8af6c83d1d63d335bfaf1ac1de9c7784810988d265c9b09ef1a,localized_sine,21,600000,1.5,224.0157366899942,pure_effective_gradient_flow,False,False,224.0157366899942,0.0,0.0,74.67191222999807,160.21023378045257,158.18998884984595,-190538.4590144775,False,conditioning,,no_initial_region,conditioning,0.0,0.0,0,,,,,,,,,,,,,,,,,,,,,,
/workspace/junmiaoh/experiments/precision-mlps/mechanism-0365cd3-20260923/evidence/population_coverage_inputs/fresh_all.npz,71,f5432db90e35b8af6c83d1d63d335bfaf1ac1de9c7784810988d265c9b09ef1a,localized_sine,21,600000,2.0,298.6876489199923,pure_effective_gradient_flow,False,False,298.6876489199923,0.0,0.0,149.34382445999614,160.21023378045257,158.18998884984595,-451647.2727112719,False,conditioning,,no_initial_region,conditioning,0.0,0.0,0,,,,,,,,,,,,,,,,,,,,,,
/workspace/junmiaoh/experiments/precision-mlps/mechanism-0365cd3-20260923/evidence/population_coverage_inputs/fresh_all.npz,72,2d7c56d7abce1f5b2724635048e438217933f71ce518f07ef2c604661b6fed74,chirp,21,600000,1.01,32.96165265399333,pure_effective_gradient_flow,False,False,32.96165265399333,0.0,0.0,0.3263529965741938,16.111291162320825,13.45299950945881,-606.6133642884788,False,conditioning,,no_initial_region,conditioning,0.0,0.0,0,,,,,,,,,,,,,,,,,,,,,,
/workspace/junmiaoh/experiments/precision-mlps/mechanism-0365cd3-20260923/evidence/population_coverage_inputs/fresh_all.npz,72,2d7c56d7abce1f5b2724635048e438217933f71ce518f07ef2c604661b6fed74,chirp,21,600000,1.025,33.45118214885461,pure_effective_gradient_flow,False,False,33.45118214885461,0.0,0.0,0.8158824914354739,16.111291162320825,13.45299950945881,-634.0606888237908,False,conditioning,,no_initial_region,conditioning,0.0,0.0,0,,,,,,,,,,,,,,,,,,,,,,
/workspace/junmiaoh/experiments/precision-mlps/mechanism-0365cd3-20260923/evidence/population_coverage_inputs/fresh_all.npz,72,2d7c56d7abce1f5b2724635048e438217933f71ce518f07ef2c604661b6fed74,chirp,21,600000,1.05,34.2670646402901,pure_effective_gradient_flow,False,False,34.2670646402901,0.0,0.0,1.631764982870962,16.111291162320825,13.45299950945881,-681.623694359479,False,conditioning,,no_initial_region,conditioning,0.0,0.0,0,,,,,,,,,,,,,,,,,,,,,,
/workspace/junmiaoh/experiments/precision-mlps/mechanism-0365cd3-20260923/evidence/population_coverage_inputs/fresh_all.npz,72,2d7c56d7abce1f5b2724635048e438217933f71ce518f07ef2c604661b6fed74,chirp,21,600000,1.1,35.898829623161056,pure_effective_gradient_flow,False,False,35.898829623161056,0.0,0.0,3.263529965741917,16.111291162320825,13.45299950945881,-783.7640290651088,False,conditioning,,no_initial_region,conditioning,0.0,0.0,0,,,,,,,,,,,,,,,,,,,,,,
/workspace/junmiaoh/experiments/precision-mlps/mechanism-0365cd3-20260923/evidence/population_coverage_inputs/fresh_all.npz,72,2d7c56d7abce1f5b2724635048e438217933f71ce518f07ef2c604661b6fed74,chirp,21,600000,1.25,40.79412457177392,pure_effective_gradient_flow,False,False,40.79412457177392,0.0,0.0,8.158824914354781,16.111291162320825,13.45299950945881,-1150.2762466786048,False,conditioning,,no_initial_region,conditioning,0.0,0.0,0,,,,,,,,,,,,,,,,,,,,,,
/workspace/junmiaoh/experiments/precision-mlps/mechanism-0365cd3-20260923/evidence/population_coverage_inputs/fresh_all.npz,72,2d7c56d7abce1f5b2724635048e438217933f71ce518f07ef2c604661b6fed74,chirp,21,600000,1.5,48.95294948612871,pure_effective_gradient_flow,False,False,48.95294948612871,0.0,0.0,16.31764982870957,16.111291162320825,13.45299950945881,-1987.944817173587,False,conditioning,,no_initial_region,conditioning,0.0,0.0,0,,,,,,,,,,,,,,,,,,,,,,
/workspace/junmiaoh/experiments/precision-mlps/mechanism-0365cd3-20260923/evidence/population_coverage_inputs/fresh_all.npz,72,2d7c56d7abce1f5b2724635048e438217933f71ce518f07ef2c604661b6fed74,chirp,21,600000,2.0,65.27059931483828,pure_effective_gradient_flow,False,False,65.27059931483828,0.0,0.0,32.63529965741914,16.111291162320825,13.45299950945881,-4712.668958563858,False,conditioning,,no_initial_region,conditioning,0.0,0.0,0,,,,,,,,,,,,,,,,,,,,,,
/workspace/junmiaoh/experiments/precision-mlps/mechanism-0365cd3-20260923/evidence/population_coverage_inputs/fresh_all.npz,73,1d4ce8cbb0d63405344839a25ba80bfe680a52f7323936d5340963a4b496348f,moment4,21,600000,1.01,5.220792011232217,pure_effective_gradient_flow,False,False,5.220792011232217,0.0,0.0,0.05169101001219989,6.398185915316795,4.26978417789846,-2.0906997623626804,False,conditioning,,no_initial_region,conditioning,0.0,0.0,0,,,,,,,,,,,,,,,,,,,,,,
/workspace/junmiaoh/experiments/precision-mlps/mechanism-0365cd3-20260923/evidence/population_coverage_inputs/fresh_all.npz,73,1d4ce8cbb0d63405344839a25ba80bfe680a52f7323936d5340963a4b496348f,moment4,21,600000,1.025,5.2983285262505175,pure_effective_gradient_flow,False,False,5.2983285262505175,0.0,0.0,0.12922752503050017,6.398185915316795,4.26978417789846,-2.199763972260329,False,conditioning,,no_initial_region,conditioning,0.0,0.0,0,,,,,,,,,,,,,,,,,,,,,,
/workspace/junmiaoh/experiments/precision-mlps/mechanism-0365cd3-20260923/evidence/population_coverage_inputs/fresh_all.npz,73,1d4ce8cbb0d63405344839a25ba80bfe680a52f7323936d5340963a4b496348f,moment4,21,600000,1.05,5.427556051281019,pure_effective_gradient_flow,False,False,5.427556051281019,0.0,0.0,0.2584550500610012,6.398185915316795,4.26978417789846,-2.388759501221026,False,conditioning,,no_initial_region,conditioning,0.0,0.0,0,,,,,,,,,,,,,,,,,,,,,,
/workspace/junmiaoh/experiments/precision-mlps/mechanism-0365cd3-20260923/evidence/population_coverage_inputs/fresh_all.npz,73,1d4ce8cbb0d63405344839a25ba80bfe680a52f7323936d5340963a4b496348f,moment4,21,600000,1.1,5.68601110134202,pure_effective_gradient_flow,False,False,5.68601110134202,0.0,0.0,0.5169101001220024,6.398185915316795,4.26978417789846,-2.7946225531559756,False,conditioning,,no_initial_region,conditioning,0.0,0.0,0,,,,,,,,,,,,,,,,,,,,,,
/workspace/junmiaoh/experiments/precision-mlps/mechanism-0365cd3-20260923/evidence/population_coverage_inputs/fresh_all.npz,73,1d4ce8cbb0d63405344839a25ba80bfe680a52f7323936d5340963a4b496348f,moment4,21,600000,1.25,6.461376251525022,pure_effective_gradient_flow,False,False,6.461376251525022,0.0,0.0,1.2922752503050043,6.398185915316795,4.26978417789846,-4.250989106494288,False,conditioning,,no_initial_region,conditioning,0.0,0.0,0,,,,,,,,,,,,,,,,,,,,,,
/workspace/junmiaoh/experiments/precision-mlps/mechanism-0365cd3-20260923/evidence/population_coverage_inputs/fresh_all.npz,73,1d4ce8cbb0d63405344839a25ba80bfe680a52f7323936d5340963a4b496348f,moment4,21,600000,1.5,7.753651501830026,pure_effective_gradient_flow,False,False,7.753651501830026,0.0,0.0,2.5845505006100087,6.398185915316795,4.26978417789846,-7.579534323336427,False,conditioning,,no_initial_region,conditioning,0.0,0.0,0,,,,,,,,,,,,,,,,,,,,,,
/workspace/junmiaoh/experiments/precision-mlps/mechanism-0365cd3-20260923/evidence/population_coverage_inputs/fresh_all.npz,73,1d4ce8cbb0d63405344839a25ba80bfe680a52f7323936d5340963a4b496348f,moment4,21,600000,2.0,10.338202002440035,pure_effective_gradient_flow,False,False,10.338202002440035,0.0,0.0,5.169101001220017,6.398185915316795,4.26978417789846,-18.4064506330647,False,conditioning,,no_initial_region,conditioning,0.0,0.0,0,,,,,,,,,,,,,,,,,,,,,,
/workspace/junmiaoh/experiments/precision-mlps/mechanism-0365cd3-20260923/evidence/population_coverage_inputs/fresh_all.npz,74,0e554cf38713b329fba0ba89fedc85b95f7ed367f914062fc4e0dceb3c2e6ef6,blend_m010,21,600000,1.01,6.756696715204849,pure_effective_gradient_flow,False,False,6.756696715204849,0.0,0.0,0.06689798727925567,7.230294279815604,5.138036736617888,-4.895356949935723,False,conditioning,,no_initial_region,conditioning,0.0,0.0,0,,,,,,,,,,,,,,,,,,,,,,
/workspace/junmiaoh/experiments/precision-mlps/mechanism-0365cd3-20260923/evidence/population_coverage_inputs/fresh_all.npz,74,0e554cf38713b329fba0ba89fedc85b95f7ed367f914062fc4e0dceb3c2e6ef6,blend_m010,21,600000,1.025,6.857043696123733,pure_effective_gradient_flow,False,False,6.857043696123733,0.0,0.0,0.1672449681981396,7.230294279815604,5.138036736617888,-5.131772673883181,False,conditioning,,no_initial_region,conditioning,0.0,0.0,0,,,,,,,,,,,,,,,,,,,,,,
/workspace/junmiaoh/experiments/precision-mlps/mechanism-0365cd3-20260923/evidence/population_coverage_inputs/fresh_all.npz,74,0e554cf38713b329fba0ba89fedc85b95f7ed367f914062fc4e0dceb3c2e6ef6,blend_m010,21,600000,1.05,7.024288664321873,pure_effective_gradient_flow,False,False,7.024288664321873,0.0,0.0,0.3344899363962801,7.230294279815604,5.138036736617888,-5.541453492586287,False,conditioning,,no_initial_region,conditioning,0.0,0.0,0,,,,,,,,,,,,,,,,,,,,,,
/workspace/junmiaoh/experiments/precision-mlps/mechanism-0365cd3-20260923/evidence/population_coverage_inputs/fresh_all.npz,74,0e554cf38713b329fba0ba89fedc85b95f7ed367f914062fc4e0dceb3c2e6ef6,blend_m010,21,600000,1.1,7.3587786007181535,pure_effective_gradient_flow,False,False,7.3587786007181535,0.0,0.0,0.6689798727925602,7.230294279815604,5.138036736617888,-6.421232545098315,False,conditioning,,no_initial_region,conditioning,0.0,0.0,0,,,,,,,,,,,,,,,,,,,,,,
/workspace/junmiaoh/experiments/precision-mlps/mechanism-0365cd3-20260923/evidence/population_coverage_inputs/fresh_all.npz,74,0e554cf38713b329fba0ba89fedc85b95f7ed367f914062fc4e0dceb3c2e6ef6,blend_m010,21,600000,1.25,8.362248409906991,pure_effective_gradient_flow,False,False,8.362248409906991,0.0,0.0,1.6724496819813979,7.230294279815604,5.138036736617888,-9.578161416296842,False,conditioning,,no_initial_region,conditioning,0.0,0.0,0,,,,,,,,,,,,,,,,,,,,,,
/workspace/junmiaoh/experiments/precision-mlps/mechanism-0365cd3-20260923/evidence/population_coverage_inputs/fresh_all.npz,74,0e554cf38713b329fba0ba89fedc85b95f7ed367f914062fc4e0dceb3c2e6ef6,blend_m010,21,600000,1.5,10.03469809188839,pure_effective_gradient_flow,False,False,10.03469809188839,0.0,0.0,3.3448993639627975,7.230294279815604,5.138036736617888,-16.793364532608535,False,conditioning,,no_initial_region,conditioning,0.0,0.0,0,,,,,,,,,,,,,,,,,,,,,,
/workspace/junmiaoh/experiments/precision-mlps/mechanism-0365cd3-20260923/evidence/population_coverage_inputs/fresh_all.npz,74,0e554cf38713b329fba0ba89fedc85b95f7ed367f914062fc4e0dceb3c2e6ef6,blend_m010,21,600000,2.0,13.379597455851187,pure_effective_gradient_flow,False,False,13.379597455851187,0.0,0.0,6.689798727925593,7.230294279815604,5.138036736617888,-40.26259664720479,False,conditioning,,no_initial_region,conditioning,0.0,0.0,0,,,,,,,,,,,,,,,,,,,,,,
/workspace/junmiaoh/experiments/precision-mlps/mechanism-0365cd3-20260923/evidence/population_coverage_inputs/fresh_all.npz,75,c96c24e1df83fc4cea57ac149de7e87b5888cfb416ceeca5c60f4ddb084bcd58,blend_p001,21,600000,1.01,4.272312029410903,pure_effective_gradient_flow,False,False,4.272312029410903,0.0,0.0,0.042300119103078515,6.305289189648344,4.183819993118963,-1.001610779058212,False,conditioning,,no_initial_region,conditioning,0.0,0.0,0,,,,,,,,,,,,,,,,,,,,,,
/workspace/junmiaoh/experiments/precision-mlps/mechanism-0365cd3-20260923/evidence/population_coverage_inputs/fresh_all.npz,75,c96c24e1df83fc4cea57ac149de7e87b5888cfb416ceeca5c60f4ddb084bcd58,blend_p001,21,600000,1.025,4.33576220806552,pure_effective_gradient_flow,False,False,4.33576220806552,0.0,0.0,0.1057502977576954,6.305289189648344,4.183819993118963,-1.0613778501792075,False,conditioning,,no_initial_region,conditioning,0.0,0.0,0,,,,,,,,,,,,,,,,,,,,,,
/workspace/junmiaoh/experiments/precision-mlps/mechanism-0365cd3-20260923/evidence/population_coverage_inputs/fresh_all.npz,75,c96c24e1df83fc4cea57ac149de7e87b5888cfb416ceeca5c60f4ddb084bcd58,blend_p001,21,600000,1.05,4.4415125058232166,pure_effective_gradient_flow,False,False,4.4415125058232166,0.0,0.0,0.2115005955153917,6.305289189648344,4.183819993118963,-1.1649471992034637,False,conditioning,,no_initial_region,conditioning,0.0,0.0,0,,,,,,,,,,,,,,,,,,,,,,
/workspace/junmiaoh/experiments/precision-mlps/mechanism-0365cd3-20260923/evidence/population_coverage_inputs/fresh_all.npz,75,c96c24e1df83fc4cea57ac149de7e87b5888cfb416ceeca5c60f4ddb084bcd58,blend_p001,21,600000,1.1,4.653013101338607,pure_effective_gradient_flow,False,False,4.653013101338607,0.0,0.0,0.4230011910307825,6.305289189648344,4.183819993118963,-1.387359720351738,False,conditioning,,no_initial_region,conditioning,0.0,0.0,0,,,,,,,,,,,,,,,,,,,,,,
/workspace/junmiaoh/experiments/precision-mlps/mechanism-0365cd3-20260923/evidence/population_coverage_inputs/fresh_all.npz,75,c96c24e1df83fc4cea57ac149de7e87b5888cfb416ceeca5c60f4ddb084bcd58,blend_p001,21,600000,1.25,5.287514887884781,pure_effective_gradient_flow,False,False,5.287514887884781,0.0,0.0,1.0575029775769558,6.305289189648344,4.183819993118963,-2.185447043895331,False,conditioning,,no_initial_region,conditioning,0.0,0.0,0,,,,,,,,,,,,,,,,,,,,,,
/workspace/junmiaoh/experiments/precision-mlps/mechanism-0365cd3-20260923/evidence/population_coverage_inputs/fresh_all.npz,75,c96c24e1df83fc4cea57ac149de7e87b5888cfb416ceeca5c60f4ddb084bcd58,blend_p001,21,600000,1.5,6.345017865461737,pure_effective_gradient_flow,False,False,6.345017865461737,0.0,0.0,2.1150059551539124,6.305289189648344,4.183819993118963,-4.009486285468243,False,conditioning,,no_initial_region,conditioning,0.0,0.0,0,,,,,,,,,,,,,,,,,,,,,,
/workspace/junmiaoh/experiments/precision-mlps/mechanism-0365cd3-20260923/evidence/population_coverage_inputs/fresh_all.npz,75,c96c24e1df83fc4cea57ac149de7e87b5888cfb416ceeca5c60f4ddb084bcd58,blend_p001,21,600000,2.0,8.46002382061565,pure_effective_gradient_flow,False,False,8.46002382061565,0.0,0.0,4.230011910307825,6.305289189648344,4.183819993118963,-9.94262491739771,False,conditioning,,no_initial_region,conditioning,0.0,0.0,0,,,,,,,,,,,,,,,,,,,,,,
/workspace/junmiaoh/experiments/precision-mlps/mechanism-0365cd3-20260923/evidence/population_coverage_inputs/fresh_all.npz,76,24bf0888205ca626853ff6a68b0ca7664c1938f0c991f5813f3bbd302e1c2fc1,blend_p010,21,600000,1.01,4.0517638210668165,pure_effective_gradient_flow,False,False,4.0517638210668165,0.0,0.0,0.04011647347590941,6.185207303152694,4.055171888691809,-0.8094467452657887,False,conditioning,,no_initial_region,conditioning,0.0,0.0,0,,,,,,,,,,,,,,,,,,,,,,
/workspace/junmiaoh/experiments/precision-mlps/mechanism-0365cd3-20260923/evidence/population_coverage_inputs/fresh_all.npz,76,24bf0888205ca626853ff6a68b0ca7664c1938f0c991f5813f3bbd302e1c2fc1,blend_p010,21,600000,1.025,4.111938531280679,pure_effective_gradient_flow,False,False,4.111938531280679,0.0,0.0,0.10029118368977219,6.185207303152694,4.055171888691809,-0.8604274046709559,False,conditioning,,no_initial_region,conditioning,0.0,0.0,0,,,,,,,,,,,,,,,,,,,,,,
/workspace/junmiaoh/experiments/precision-mlps/mechanism-0365cd3-20260923/evidence/population_coverage_inputs/fresh_all.npz,76,24bf0888205ca626853ff6a68b0ca7664c1938f0c991f5813f3bbd302e1c2fc1,blend_p010,21,600000,1.05,4.212229714970452,pure_effective_gradient_flow,False,False,4.212229714970452,0.0,0.0,0.20058236737954527,6.185207303152694,4.055171888691809,-0.9487709290964932,False,conditioning,,no_initial_region,conditioning,0.0,0.0,0,,,,,,,,,,,,,,,,,,,,,,
/workspace/junmiaoh/experiments/precision-mlps/mechanism-0365cd3-20260923/evidence/population_coverage_inputs/fresh_all.npz,76,24bf0888205ca626853ff6a68b0ca7664c1938f0c991f5813f3bbd302e1c2fc1,blend_p010,21,600000,1.1,4.4128120823499986,pure_effective_gradient_flow,False,False,4.4128120823499986,0.0,0.0,0.4011647347590914,6.185207303152694,4.055171888691809,-1.1384863823625584,False,conditioning,,no_initial_region,conditioning,0.0,0.0,0,,,,,,,,,,,,,,,,,,,,,,
/workspace/junmiaoh/experiments/precision-mlps/mechanism-0365cd3-20260923/evidence/population_coverage_inputs/fresh_all.npz,76,24bf0888205ca626853ff6a68b0ca7664c1938f0c991f5813f3bbd302e1c2fc1,blend_p010,21,600000,1.25,5.014559184488634,pure_effective_gradient_flow,False,False,5.014559184488634,0.0,0.0,1.0029118368977272,6.185207303152694,4.055171888691809,-1.8192461595112268,False,conditioning,,no_initial_region,conditioning,0.0,0.0,0,,,,,,,,,,,,,,,,,,,,,,
/workspace/junmiaoh/experiments/precision-mlps/mechanism-0365cd3-20260923/evidence/population_coverage_inputs/fresh_all.npz,76,24bf0888205ca626853ff6a68b0ca7664c1938f0c991f5813f3bbd302e1c2fc1,blend_p010,21,600000,1.5,6.017471021386361,pure_effective_gradient_flow,False,False,6.017471021386361,0.0,0.0,2.0058236737954536,6.185207303152694,4.055171888691809,-3.375131726130899,False,conditioning,,no_initial_region,conditioning,0.0,0.0,0,,,,,,,,,,,,,,,,,,,,,,
/workspace/junmiaoh/experiments/precision-mlps/mechanism-0365cd3-20260923/evidence/population_coverage_inputs/fresh_all.npz,76,24bf0888205ca626853ff6a68b0ca7664c1938f0c991f5813f3bbd302e1c2fc1,blend_p010,21,600000,2.0,8.023294695181814,pure_effective_gradient_flow,False,False,8.023294695181814,0.0,0.0,4.011647347590907,6.185207303152694,4.055171888691809,-8.43603422854214,False,conditioning,,no_initial_region,conditioning,0.0,0.0,0,,,,,,,,,,,,,,,,,,,,,,
/workspace/junmiaoh/experiments/precision-mlps/mechanism-0365cd3-20260923/evidence/population_coverage_inputs/fresh_all.npz,77,49c63856b98c928533b2a022d2cc942d8e82d5a396f0bce5bb1a45261b70615e,blend_p030,21,600000,1.01,9.63972881437871,pure_effective_gradient_flow,False,False,9.63972881437871,0.0,0.0,0.09544285954830478,8.034234873857047,5.914785446496077,-14.842601235988552,False,conditioning,,no_initial_region,conditioning,0.0,0.0,0,,,,,,,,,,,,,,,,,,,,,,
/workspace/junmiaoh/experiments/precision-mlps/mechanism-0365cd3-20260923/evidence/population_coverage_inputs/fresh_all.npz,77,49c63856b98c928533b2a022d2cc942d8e82d5a396f0bce5bb1a45261b70615e,blend_p030,21,600000,1.025,9.782893103701165,pure_effective_gradient_flow,False,False,9.782893103701165,0.0,0.0,0.2386071488707593,8.034234873857047,5.914785446496077,-15.529143900543428,False,conditioning,,no_initial_region,conditioning,0.0,0.0,0,,,,,,,,,,,,,,,,,,,,,,
/workspace/junmiaoh/experiments/precision-mlps/mechanism-0365cd3-20260923/evidence/population_coverage_inputs/fresh_all.npz,77,49c63856b98c928533b2a022d2cc942d8e82d5a396f0bce5bb1a45261b70615e,blend_p030,21,600000,1.05,10.021500252571926,pure_effective_gradient_flow,False,False,10.021500252571926,0.0,0.0,0.47721429774152035,8.034234873857047,5.914785446496077,-16.71884209909457,False,conditioning,,no_initial_region,conditioning,0.0,0.0,0,,,,,,,,,,,,,,,,,,,,,,
/workspace/junmiaoh/experiments/precision-mlps/mechanism-0365cd3-20260923/evidence/population_coverage_inputs/fresh_all.npz,77,49c63856b98c928533b2a022d2cc942d8e82d5a396f0bce5bb1a45261b70615e,blend_p030,21,600000,1.1,10.498714550313446,pure_effective_gradient_flow,False,False,10.498714550313446,0.0,0.0,0.9544285954830407,8.034234873857047,5.914785446496077,-19.273688472449216,False,conditioning,,no_initial_region,conditioning,0.0,0.0,0,,,,,,,,,,,,,,,,,,,,,,
/workspace/junmiaoh/experiments/precision-mlps/mechanism-0365cd3-20260923/evidence/population_coverage_inputs/fresh_all.npz,77,49c63856b98c928533b2a022d2cc942d8e82d5a396f0bce5bb1a45261b70615e,blend_p030,21,600000,1.25,11.930357443538007,pure_effective_gradient_flow,False,False,11.930357443538007,0.0,0.0,2.3860714887076018,8.034234873857047,5.914785446496077,-28.441295105604258,False,conditioning,,no_initial_region,conditioning,0.0,0.0,0,,,,,,,,,,,,,,,,,,,,,,
/workspace/junmiaoh/experiments/precision-mlps/mechanism-0365cd3-20260923/evidence/population_coverage_inputs/fresh_all.npz,77,49c63856b98c928533b2a022d2cc942d8e82d5a396f0bce5bb1a45261b70615e,blend_p030,21,600000,1.5,14.316428932245607,pure_effective_gradient_flow,False,False,14.316428932245607,0.0,0.0,4.772142977415202,8.034234873857047,5.914785446496077,-49.393982558314434,False,conditioning,,no_initial_region,conditioning,0.0,0.0,0,,,,,,,,,,,,,,,,,,,,,,
/workspace/junmiaoh/experiments/precision-mlps/mechanism-0365cd3-20260923/evidence/population_coverage_inputs/fresh_all.npz,77,49c63856b98c928533b2a022d2cc942d8e82d5a396f0bce5bb1a45261b70615e,blend_p030,21,600000,2.0,19.08857190966081,pure_effective_gradient_flow,False,False,19.08857190966081,0.0,0.0,9.544285954830405,8.034234873857047,5.914785446496077,-117.54777910778934,False,conditioning,,no_initial_region,conditioning,0.0,0.0,0,,,,,,,,,,,,,,,,,,,,,,
/workspace/junmiaoh/experiments/precision-mlps/mechanism-0365cd3-20260923/evidence/population_coverage_inputs/heldout_all.npz,0,e05e46ea619dadd35bf9d9318769b2433aedbdf498f6b56e4da370d33d1aeec7,exp_right,22,100000,1.01,19.355797323823356,pure_effective_gradient_flow,False,False,19.355797323823356,0.0,0.0,0.19164155766161883,10.626860535229682,7.224428829456285,-122.5793352646942,False,conditioning,,no_initial_region,conditioning,0.0,0.0,0,,,,,,,,,,,,,,,,,,,,,,
/workspace/junmiaoh/experiments/precision-mlps/mechanism-0365cd3-20260923/evidence/population_coverage_inputs/heldout_all.npz,0,e05e46ea619dadd35bf9d9318769b2433aedbdf498f6b56e4da370d33d1aeec7,exp_right,22,100000,1.025,19.643259660315778,pure_effective_gradient_flow,False,False,19.643259660315778,0.0,0.0,0.47910389415404,10.626860535229682,7.224428829456285,-128.13717833009483,False,conditioning,,no_initial_region,conditioning,0.0,0.0,0,,,,,,,,,,,,,,,,,,,,,,
/workspace/junmiaoh/experiments/precision-mlps/mechanism-0365cd3-20260923/evidence/population_coverage_inputs/heldout_all.npz,0,e05e46ea619dadd35bf9d9318769b2433aedbdf498f6b56e4da370d33d1aeec7,exp_right,22,100000,1.05,20.122363554469825,pure_effective_gradient_flow,False,False,20.122363554469825,0.0,0.0,0.9582077883080871,10.626860535229682,7.224428829456285,-137.7682707939903,False,conditioning,,no_initial_region,conditioning,0.0,0.0,0,,,,,,,,,,,,,,,,,,,,,,
/workspace/junmiaoh/experiments/precision-mlps/mechanism-0365cd3-20260923/evidence/population_coverage_inputs/heldout_all.npz,0,e05e46ea619dadd35bf9d9318769b2433aedbdf498f6b56e4da370d33d1aeec7,exp_right,22,100000,1.1,21.080571342777912,pure_effective_gradient_flow,False,False,21.080571342777912,0.0,0.0,1.9164155766161741,10.626860535229682,7.224428829456285,-158.4507948852199,False,conditioning,,no_initial_region,conditioning,0.0,0.0,0,,,,,,,,,,,,,,,,,,,,,,
/workspace/junmiaoh/experiments/precision-mlps/mechanism-0365cd3-20260923/evidence/population_coverage_inputs/heldout_all.npz,0,e05e46ea619dadd35bf9d9318769b2433aedbdf498f6b56e4da370d33d1aeec7,exp_right,22,100000,1.25,23.955194707702173,pure_effective_gradient_flow,False,False,23.955194707702173,0.0,0.0,4.791038941540435,10.626860535229682,7.224428829456285,-232.6663121181324,False,conditioning,,no_initial_region,conditioning,0.0,0.0,0,,,,,,,,,,,,,,,,,,,,,,
/workspace/junmiaoh/experiments/precision-mlps/mechanism-0365cd3-20260923/evidence/population_coverage_inputs/heldout_all.npz,0,e05e46ea619dadd35bf9d9318769b2433aedbdf498f6b56e4da370d33d1aeec7,exp_right,22,100000,1.5,28.746233649242605,pure_effective_gradient_flow,False,False,28.746233649242605,0.0,0.0,9.582077883080867,10.626860535229682,7.224428829456285,-402.28686838182125,False,conditioning,,no_initial_region,conditioning,0.0,0.0,0,,,,,,,,,,,,,,,,,,,,,,
/workspace/junmiaoh/experiments/precision-mlps/mechanism-0365cd3-20260923/evidence/population_coverage_inputs/heldout_all.npz,0,e05e46ea619dadd35bf9d9318769b2433aedbdf498f6b56e4da370d33d1aeec7,exp_right,22,100000,2.0,38.328311532323475,pure_effective_gradient_flow,False,False,38.328311532323475,0.0,0.0,19.164155766161738,10.626860535229682,7.224428829456285,-954.0196667779963,False,conditioning,,no_initial_region,conditioning,0.0,0.0,0,,,,,,,,,,,,,,,,,,,,,,
/workspace/junmiaoh/experiments/precision-mlps/mechanism-0365cd3-20260923/evidence/population_coverage_inputs/heldout_all.npz,1,a52e7cf6501ae40581a2ab68b75551e45b91161cb4fb240193d09a5a58b406e3,exp_left,22,100000,1.01,44.32212944740403,pure_effective_gradient_flow,False,False,44.32212944740403,0.0,0.0,0.43883296482578515,27.025588727326536,17.74388210443131,-1475.4121970421725,False,conditioning,,no_initial_region,conditioning,0.0,0.0,0,,,,,,,,,,,,,,,,,,,,,,
/workspace/junmiaoh/experiments/precision-mlps/mechanism-0365cd3-20260923/evidence/population_coverage_inputs/heldout_all.npz,1,a52e7cf6501ae40581a2ab68b75551e45b91161cb4fb240193d09a5a58b406e3,exp_left,22,100000,1.025,44.9803788946427,pure_effective_gradient_flow,False,False,44.9803788946427,0.0,0.0,1.0970824120644522,27.025588727326536,17.74388210443131,-1542.1443190662696,False,conditioning,,no_initial_region,conditioning,0.0,0.0,0,,,,,,,,,,,,,,,,,,,,,,
/workspace/junmiaoh/experiments/precision-mlps/mechanism-0365cd3-20260923/evidence/population_coverage_inputs/heldout_all.npz,1,a52e7cf6501ae40581a2ab68b75551e45b91161cb4fb240193d09a5a58b406e3,exp_left,22,100000,1.05,46.07746130670716,pure_effective_gradient_flow,False,False,46.07746130670716,0.0,0.0,2.1941648241289116,27.025588727326536,17.74388210443131,-1657.7832872708702,False,conditioning,,no_initial_region,conditioning,0.0,0.0,0,,,,,,,,,,,,,,,,,,,,,,
/workspace/junmiaoh/experiments/precision-mlps/mechanism-0365cd3-20260923/evidence/population_coverage_inputs/heldout_all.npz,1,a52e7cf6501ae40581a2ab68b75551e45b91161cb4fb240193d09a5a58b406e3,exp_left,22,100000,1.1,48.271626130836076,pure_effective_gradient_flow,False,False,48.271626130836076,0.0,0.0,4.38832964825783,27.025588727326536,17.74388210443131,-1906.1150061015744,False,conditioning,,no_initial_region,conditioning,0.0,0.0,0,,,,,,,,,,,,,,,,,,,,,,
/workspace/junmiaoh/experiments/precision-mlps/mechanism-0365cd3-20260923/evidence/population_coverage_inputs/heldout_all.npz,1,a52e7cf6501ae40581a2ab68b75551e45b91161cb4fb240193d09a5a58b406e3,exp_left,22,100000,1.25,54.85412060322281,pure_effective_gradient_flow,False,False,54.85412060322281,0.0,0.0,10.970824120644565,27.025588727326536,17.74388210443131,-2797.2087080629385,False,conditioning,,no_initial_region,conditioning,0.0,0.0,0,,,,,,,,,,,,,,,,,,,,,,
/workspace/junmiaoh/experiments/precision-mlps/mechanism-0365cd3-20260923/evidence/population_coverage_inputs/heldout_all.npz,1,a52e7cf6501ae40581a2ab68b75551e45b91161cb4fb240193d09a5a58b406e3,exp_left,22,100000,1.5,65.82494472386736,pure_effective_gradient_flow,False,False,65.82494472386736,0.0,0.0,21.941648241289116,27.025588727326536,17.74388210443131,-4833.815270210919,False,conditioning,,no_initial_region,conditioning,0.0,0.0,0,,,,,,,,,,,,,,,,,,,,,,
/workspace/junmiaoh/experiments/precision-mlps/mechanism-0365cd3-20260923/evidence/population_coverage_inputs/heldout_all.npz,1,a52e7cf6501ae40581a2ab68b75551e45b91161cb4fb240193d09a5a58b406e3,exp_left,22,100000,2.0,87.76659296515649,pure_effective_gradient_flow,False,False,87.76659296515649,0.0,0.0,43.883296482578245,27.025588727326536,17.74388210443131,-11458.381670164801,False,conditioning,,no_initial_region,conditioning,0.0,0.0,0,,,,,,,,,,,,,,,,,,,,,,
/workspace/junmiaoh/experiments/precision-mlps/mechanism-0365cd3-20260923/evidence/population_coverage_inputs/heldout_all.npz,2,7e6d4fabd310d2ff4c7e068cc91d0d238d882791c5150dd40eab99ca0d115747,gauss_left,22,100000,1.01,57.26451786872405,pure_effective_gradient_flow,False,False,57.26451786872405,0.0,0.0,0.5669754244428162,37.632394338562484,34.014199206386856,-3182.3811889013264,False,conditioning,,no_initial_region,conditioning,0.0,0.0,0,,,,,,,,,,,,,,,,,,,,,,
/workspace/junmiaoh/experiments/precision-mlps/mechanism-0365cd3-20260923/evidence/population_coverage_inputs/heldout_all.npz,2,7e6d4fabd310d2ff4c7e068cc91d0d238d882791c5150dd40eab99ca0d115747,gauss_left,22,100000,1.025,58.11498100538826,pure_effective_gradient_flow,False,False,58.11498100538826,0.0,0.0,1.4174385611070264,37.632394338562484,34.014199206386856,-3326.3040909778815,False,conditioning,,no_initial_region,conditioning,0.0,0.0,0,,,,,,,,,,,,,,,,,,,,,,
/workspace/junmiaoh/experiments/precision-mlps/mechanism-0365cd3-20260923/evidence/population_coverage_inputs/heldout_all.npz,2,7e6d4fabd310d2ff4c7e068cc91d0d238d882791c5150dd40eab99ca0d115747,gauss_left,22,100000,1.05,59.5324195664953,pure_effective_gradient_flow,False,False,59.5324195664953,0.0,0.0,2.834877122214067,37.632394338562484,34.014199206386856,-3575.7056594029773,False,conditioning,,no_initial_region,conditioning,0.0,0.0,0,,,,,,,,,,,,,,,,,,,,,,
/workspace/junmiaoh/experiments/precision-mlps/mechanism-0365cd3-20260923/evidence/population_coverage_inputs/heldout_all.npz,2,7e6d4fabd310d2ff4c7e068cc91d0d238d882791c5150dd40eab99ca0d115747,gauss_left,22,100000,1.1,62.36729668870936,pure_effective_gradient_flow,False,False,62.36729668870936,0.0,0.0,5.669754244428127,37.632394338562484,34.014199206386856,-4111.289132065033,False,conditioning,,no_initial_region,conditioning,0.0,0.0,0,,,,,,,,,,,,,,,,,,,,,,
/workspace/junmiaoh/experiments/precision-mlps/mechanism-0365cd3-20260923/evidence/population_coverage_inputs/heldout_all.npz,2,7e6d4fabd310d2ff4c7e068cc91d0d238d882791c5150dd40eab99ca0d115747,gauss_left,22,100000,1.25,70.87192805535155,pure_effective_gradient_flow,False,False,70.87192805535155,0.0,0.0,14.174385611070313,37.632394338562484,34.014199206386856,-6033.134080470986,False,conditioning,,no_initial_region,conditioning,0.0,0.0,0,,,,,,,,,,,,,,,,,,,,,,
/workspace/junmiaoh/experiments/precision-mlps/mechanism-0365cd3-20260923/evidence/population_coverage_inputs/heldout_all.npz,2,7e6d4fabd310d2ff4c7e068cc91d0d238d882791c5150dd40eab99ca0d115747,gauss_left,22,100000,1.5,85.04631366642185,pure_effective_gradient_flow,False,False,85.04631366642185,0.0,0.0,28.34877122214062,37.632394338562484,34.014199206386856,-10425.53638871244,False,conditioning,,no_initial_region,conditioning,0.0,0.0,0,,,,,,,,,,,,,,,,,,,,,,
/workspace/junmiaoh/experiments/precision-mlps/mechanism-0365cd3-20260923/evidence/population_coverage_inputs/heldout_all.npz,2,7e6d4fabd310d2ff4c7e068cc91d0d238d882791c5150dd40eab99ca0d115747,gauss_left,22,100000,2.0,113.39508488856247,pure_effective_gradient_flow,False,False,113.39508488856247,0.0,0.0,56.69754244428123,37.632394338562484,34.014199206386856,-24712.910929805523,False,conditioning,,no_initial_region,conditioning,0.0,0.0,0,,,,,,,,,,,,,,,,,,,,,,
/workspace/junmiaoh/experiments/precision-mlps/mechanism-0365cd3-20260923/evidence/population_coverage_inputs/heldout_all.npz,3,2536f71ce416807da2e91c36f140937d91bc901fb0daaf87ddb547f9e18226ff,gauss_right,22,100000,1.01,7.4048311176685795,pure_effective_gradient_flow,False,False,7.4048311176685795,0.0,0.0,0.07331515958087742,7.31764163546212,5.183929113678937,-6.549221905809904,False,conditioning,,no_initial_region,conditioning,0.0,0.0,0,,,,,,,,,,,,,,,,,,,,,,
/workspace/junmiaoh/experiments/precision-mlps/mechanism-0365cd3-20260923/evidence/population_coverage_inputs/heldout_all.npz,3,2536f71ce416807da2e91c36f140937d91bc901fb0daaf87ddb547f9e18226ff,gauss_right,22,100000,1.025,7.514803857039894,pure_effective_gradient_flow,False,False,7.514803857039894,0.0,0.0,0.18328789895219177,7.31764163546212,5.183929113678937,-6.860406835035118,False,conditioning,,no_initial_region,conditioning,0.0,0.0,0,,,,,,,,,,,,,,,,,,,,,,
/workspace/junmiaoh/experiments/precision-mlps/mechanism-0365cd3-20260923/evidence/population_coverage_inputs/heldout_all.npz,3,2536f71ce416807da2e91c36f140937d91bc901fb0daaf87ddb547f9e18226ff,gauss_right,22,100000,1.05,7.698091755992087,pure_effective_gradient_flow,False,False,7.698091755992087,0.0,0.0,0.3665757979043853,7.31764163546212,5.183929113678937,-7.399653947893765,False,conditioning,,no_initial_region,conditioning,0.0,0.0,0,,,,,,,,,,,,,,,,,,,,,,
/workspace/junmiaoh/experiments/precision-mlps/mechanism-0365cd3-20260923/evidence/population_coverage_inputs/heldout_all.npz,3,2536f71ce416807da2e91c36f140937d91bc901fb0daaf87ddb547f9e18226ff,gauss_right,22,100000,1.1,8.064667553896474,pure_effective_gradient_flow,False,False,8.064667553896474,0.0,0.0,0.7331515958087715,7.31764163546212,5.183929113678937,-8.55767329457067,False,conditioning,,no_initial_region,conditioning,0.0,0.0,0,,,,,,,,,,,,,,,,,,,,,,
/workspace/junmiaoh/experiments/precision-mlps/mechanism-0365cd3-20260923/evidence/population_coverage_inputs/heldout_all.npz,3,2536f71ce416807da2e91c36f140937d91bc901fb0daaf87ddb547f9e18226ff,gauss_right,22,100000,1.25,9.164394947609628,pure_effective_gradient_flow,False,False,9.164394947609628,0.0,0.0,1.8328789895219257,7.31764163546212,5.183929113678937,-12.713017410223824,False,conditioning,,no_initial_region,conditioning,0.0,0.0,0,,,,,,,,,,,,,,,,,,,,,,
/workspace/junmiaoh/experiments/precision-mlps/mechanism-0365cd3-20260923/evidence/population_coverage_inputs/heldout_all.npz,3,2536f71ce416807da2e91c36f140937d91bc901fb0daaf87ddb547f9e18226ff,gauss_right,22,100000,1.5,10.997273937131553,pure_effective_gradient_flow,False,False,10.997273937131553,0.0,0.0,3.6657579790438506,7.31764163546212,5.183929113678937,-22.210111908024633,False,conditioning,,no_initial_region,conditioning,0.0,0.0,0,,,,,,,,,,,,,,,,,,,,,,
/workspace/junmiaoh/experiments/precision-mlps/mechanism-0365cd3-20260923/evidence/population_coverage_inputs/heldout_all.npz,3,2536f71ce416807da2e91c36f140937d91bc901fb0daaf87ddb547f9e18226ff,gauss_right,22,100000,2.0,14.663031916175404,pure_effective_gradient_flow,False,False,14.663031916175404,0.0,0.0,7.331515958087702,7.31764163546212,5.183929113678937,-53.101759944827286,False,conditioning,,no_initial_region,conditioning,0.0,0.0,0,,,,,,,,,,,,,,,,,,,,,,
/workspace/junmiaoh/experiments/precision-mlps/mechanism-0365cd3-20260923/evidence/population_coverage_inputs/heldout_all.npz,4,7bbdcfe5c18805c1d28bc6f8503a92fae826c9840111e667c54e3ceeb42a7c1d,bump_left,22,100000,1.01,59.635511910902935,pure_effective_gradient_flow,False,False,59.635511910902935,0.0,0.0,0.5904506129792395,40.247846326452986,36.2992793457462,-3594.316265189246,False,conditioning,,no_initial_region,conditioning,0.0,0.0,0,,,,,,,,,,,,,,,,,,,,,,
/workspace/junmiaoh/experiments/precision-mlps/mechanism-0365cd3-20260923/evidence/population_coverage_inputs/heldout_all.npz,4,7bbdcfe5c18805c1d28bc6f8503a92fae826c9840111e667c54e3ceeb42a7c1d,bump_left,22,100000,1.025,60.52118783037178,pure_effective_gradient_flow,False,False,60.52118783037178,0.0,0.0,1.4761265324480846,40.247846326452986,36.2992793457462,-3756.866625538165,False,conditioning,,no_initial_region,conditioning,0.0,0.0,0,,,,,,,,,,,,,,,,,,,,,,
/workspace/junmiaoh/experiments/precision-mlps/mechanism-0365cd3-20260923/evidence/population_coverage_inputs/heldout_all.npz,4,7bbdcfe5c18805c1d28bc6f8503a92fae826c9840111e667c54e3ceeb42a7c1d,bump_left,22,100000,1.05,61.997314362819886,pure_effective_gradient_flow,False,False,61.997314362819886,0.0,0.0,2.9522530648961904,40.247846326452986,36.2992793457462,-4038.547402080046,False,conditioning,,no_initial_region,conditioning,0.0,0.0,0,,,,,,,,,,,,,,,,,,,,,,
/workspace/junmiaoh/experiments/precision-mlps/mechanism-0365cd3-20260923/evidence/population_coverage_inputs/heldout_all.npz,4,7bbdcfe5c18805c1d28bc6f8503a92fae826c9840111e667c54e3ceeb42a7c1d,bump_left,22,100000,1.1,64.94956742771608,pure_effective_gradient_flow,False,False,64.94956742771608,0.0,0.0,5.904506129792381,40.247846326452986,36.2992793457462,-4643.449646420801,False,conditioning,,no_initial_region,conditioning,0.0,0.0,0,,,,,,,,,,,,,,,,,,,,,,
/workspace/junmiaoh/experiments/precision-mlps/mechanism-0365cd3-20260923/evidence/population_coverage_inputs/heldout_all.npz,4,7bbdcfe5c18805c1d28bc6f8503a92fae826c9840111e667c54e3ceeb42a7c1d,bump_left,22,100000,1.25,73.80632662240461,pure_effective_gradient_flow,False,False,73.80632662240461,0.0,0.0,14.761265324480917,40.247846326452986,36.2992793457462,-6814.032537613253,False,conditioning,,no_initial_region,conditioning,0.0,0.0,0,,,,,,,,,,,,,,,,,,,,,,
/workspace/junmiaoh/experiments/precision-mlps/mechanism-0365cd3-20260923/evidence/population_coverage_inputs/heldout_all.npz,4,7bbdcfe5c18805c1d28bc6f8503a92fae826c9840111e667c54e3ceeb42a7c1d,bump_left,22,100000,1.5,88.56759194688554,pure_effective_gradient_flow,False,False,88.56759194688554,0.0,0.0,29.522530648961848,40.247846326452986,36.2992793457462,-11774.928737596016,False,conditioning,,no_initial_region,conditioning,0.0,0.0,0,,,,,,,,,,,,,,,,,,,,,,
/workspace/junmiaoh/experiments/precision-mlps/mechanism-0365cd3-20260923/evidence/population_coverage_inputs/heldout_all.npz,4,7bbdcfe5c18805c1d28bc6f8503a92fae826c9840111e667c54e3ceeb42a7c1d,bump_left,22,100000,2.0,118.09012259584739,pure_effective_gradient_flow,False,False,118.09012259584739,0.0,0.0,59.045061297923695,40.247846326452986,36.2992793457462,-27911.470223254222,False,conditioning,,no_initial_region,conditioning,0.0,0.0,0,,,,,,,,,,,,,,,,,,,,,,
/workspace/junmiaoh/experiments/precision-mlps/mechanism-0365cd3-20260923/evidence/population_coverage_inputs/heldout_all.npz,5,c178e2639384d960ae06f4b2f5de3e0c0d105374c28493cb6ce5e843b866e781,bump_right,22,100000,1.01,25.678676500251278,pure_effective_gradient_flow,False,False,25.678676500251278,0.0,0.0,0.2542443217846646,13.316132242450893,10.776600629564879,-286.6288712667881,False,conditioning,,no_initial_region,conditioning,0.0,0.0,0,,,,,,,,,,,,,,,,,,,,,,
/workspace/junmiaoh/experiments/precision-mlps/mechanism-0365cd3-20260923/evidence/population_coverage_inputs/heldout_all.npz,5,c178e2639384d960ae06f4b2f5de3e0c0d105374c28493cb6ce5e843b866e781,bump_right,22,100000,1.025,26.060042982928277,pure_effective_gradient_flow,False,False,26.060042982928277,0.0,0.0,0.6356108044616633,13.316132242450893,10.776600629564879,-299.6063698485604,False,conditioning,,no_initial_region,conditioning,0.0,0.0,0,,,,,,,,,,,,,,,,,,,,,,
/workspace/junmiaoh/experiments/precision-mlps/mechanism-0365cd3-20260923/evidence/population_coverage_inputs/heldout_all.npz,5,c178e2639384d960ae06f4b2f5de3e0c0d105374c28493cb6ce5e843b866e781,bump_right,22,100000,1.05,26.695653787389944,pure_effective_gradient_flow,False,False,26.695653787389944,0.0,0.0,1.2712216089233301,13.316132242450893,10.776600629564879,-322.094858156049,False,conditioning,,no_initial_region,conditioning,0.0,0.0,0,,,,,,,,,,,,,,,,,,,,,,
/workspace/junmiaoh/experiments/precision-mlps/mechanism-0365cd3-20260923/evidence/population_coverage_inputs/heldout_all.npz,5,c178e2639384d960ae06f4b2f5de3e0c0d105374c28493cb6ce5e843b866e781,bump_right,22,100000,1.1,27.966875396313277,pure_effective_gradient_flow,False,False,27.966875396313277,0.0,0.0,2.542443217846664,13.316132242450893,10.776600629564879,-370.3883101126762,False,conditioning,,no_initial_region,conditioning,0.0,0.0,0,,,,,,,,,,,,,,,,,,,,,,
/workspace/junmiaoh/experiments/precision-mlps/mechanism-0365cd3-20260923/evidence/population_coverage_inputs/heldout_all.npz,5,c178e2639384d960ae06f4b2f5de3e0c0d105374c28493cb6ce5e843b866e781,bump_right,22,100000,1.25,31.780540223083268,pure_effective_gradient_flow,False,False,31.780540223083268,0.0,0.0,6.356108044616654,13.316132242450893,10.776600629564879,-543.6806752086624,False,conditioning,,no_initial_region,conditioning,0.0,0.0,0,,,,,,,,,,,,,,,,,,,,,,
/workspace/junmiaoh/experiments/precision-mlps/mechanism-0365cd3-20260923/evidence/population_coverage_inputs/heldout_all.npz,5,c178e2639384d960ae06f4b2f5de3e0c0d105374c28493cb6ce5e843b866e781,bump_right,22,100000,1.5,38.13664826769992,pure_effective_gradient_flow,False,False,38.13664826769992,0.0,0.0,12.712216089233305,13.316132242450893,10.776600629564879,-939.7426910750164,False,conditioning,,no_initial_region,conditioning,0.0,0.0,0,,,,,,,,,,,,,,,,,,,,,,
/workspace/junmiaoh/experiments/precision-mlps/mechanism-0365cd3-20260923/evidence/population_coverage_inputs/heldout_all.npz,5,c178e2639384d960ae06f4b2f5de3e0c0d105374c28493cb6ce5e843b866e781,bump_right,22,100000,2.0,50.84886435693323,pure_effective_gradient_flow,False,False,50.84886435693323,0.0,0.0,25.424432178466613,13.316132242450893,10.776600629564879,-2228.0323251018385,False,conditioning,,no_initial_region,conditioning,0.0,0.0,0,,,,,,,,,,,,,,,,,,,,,,
/workspace/junmiaoh/experiments/precision-mlps/mechanism-0365cd3-20260923/evidence/population_coverage_inputs/heldout_all.npz,6,ccd773de690039b60c850cd3ffe8b5f260305d8417224ef15f0323c077c7f42c,step_left,22,100000,1.01,31.2527897261297,pure_effective_gradient_flow,False,False,31.2527897261297,0.0,0.0,0.30943356164484825,16.244811531139145,13.122883731390395,-517.0242162012969,False,conditioning,,no_initial_region,conditioning,0.0,0.0,0,,,,,,,,,,,,,,,,,,,,,,
/workspace/junmiaoh/experiments/precision-mlps/mechanism-0365cd3-20260923/evidence/population_coverage_inputs/heldout_all.npz,6,ccd773de690039b60c850cd3ffe8b5f260305d8417224ef15f0323c077c7f42c,step_left,22,100000,1.025,31.71694006859697,pure_effective_gradient_flow,False,False,31.71694006859697,0.0,0.0,0.7735839041121189,16.244811531139145,13.122883731390395,-540.4200997862021,False,conditioning,,no_initial_region,conditioning,0.0,0.0,0,,,,,,,,,,,,,,,,,,,,,,
/workspace/junmiaoh/experiments/precision-mlps/mechanism-0365cd3-20260923/evidence/population_coverage_inputs/heldout_all.npz,6,ccd773de690039b60c850cd3ffe8b5f260305d8417224ef15f0323c077c7f42c,step_left,22,100000,1.05,32.49052397270909,pure_effective_gradient_flow,False,False,32.49052397270909,0.0,0.0,1.5471678082242413,16.244811531139145,13.122883731390395,-580.962431663741,False,conditioning,,no_initial_region,conditioning,0.0,0.0,0,,,,,,,,,,,,,,,,,,,,,,
/workspace/junmiaoh/experiments/precision-mlps/mechanism-0365cd3-20260923/evidence/population_coverage_inputs/heldout_all.npz,6,ccd773de690039b60c850cd3ffe8b5f260305d8417224ef15f0323c077c7f42c,step_left,22,100000,1.1,34.037691780933336,pure_effective_gradient_flow,False,False,34.037691780933336,0.0,0.0,3.094335616448486,16.244811531139145,13.122883731390395,-668.0260497231897,False,conditioning,,no_initial_region,conditioning,0.0,0.0,0,,,,,,,,,,,,,,,,,,,,,,
/workspace/junmiaoh/experiments/precision-mlps/mechanism-0365cd3-20260923/evidence/population_coverage_inputs/heldout_all.npz,6,ccd773de690039b60c850cd3ffe8b5f260305d8417224ef15f0323c077c7f42c,step_left,22,100000,1.25,38.679195205606064,pure_effective_gradient_flow,False,False,38.679195205606064,0.0,0.0,7.7358390411212135,16.244811531139145,13.122883731390395,-980.4381817216582,False,conditioning,,no_initial_region,conditioning,0.0,0.0,0,,,,,,,,,,,,,,,,,,,,,,
/workspace/junmiaoh/experiments/precision-mlps/mechanism-0365cd3-20260923/evidence/population_coverage_inputs/heldout_all.npz,6,ccd773de690039b60c850cd3ffe8b5f260305d8417224ef15f0323c077c7f42c,step_left,22,100000,1.5,46.415034246727274,pure_effective_gradient_flow,False,False,46.415034246727274,0.0,0.0,15.471678082242423,16.244811531139145,13.122883731390395,-1694.4602836872155,False,conditioning,,no_initial_region,conditioning,0.0,0.0,0,,,,,,,,,,,,,,,,,,,,,,
/workspace/junmiaoh/experiments/precision-mlps/mechanism-0365cd3-20260923/evidence/population_coverage_inputs/heldout_all.npz,6,ccd773de690039b60c850cd3ffe8b5f260305d8417224ef15f0323c077c7f42c,step_left,22,100000,2.0,61.8867123289697,pure_effective_gradient_flow,False,False,61.8867123289697,0.0,0.0,30.94335616448485,16.244811531139145,13.122883731390395,-4016.993714256501,False,conditioning,,no_initial_region,conditioning,0.0,0.0,0,,,,,,,,,,,,,,,,,,,,,,
/workspace/junmiaoh/experiments/precision-mlps/mechanism-0365cd3-20260923/evidence/population_coverage_inputs/heldout_all.npz,7,fa54b10cda5b77897d43b2024abb276408820158be4c21106a379abc2876642c,step_right,22,100000,1.01,41.885790352805465,pure_effective_gradient_flow,False,False,41.885790352805465,0.0,0.0,0.4147107955723328,19.937505619164206,16.530822652951116,-1245.1454581244504,False,conditioning,,no_initial_region,conditioning,0.0,0.0,0,,,,,,,,,,,,,,,,,,,,,,
/workspace/junmiaoh/experiments/precision-mlps/mechanism-0365cd3-20260923/evidence/population_coverage_inputs/heldout_all.npz,7,fa54b10cda5b77897d43b2024abb276408820158be4c21106a379abc2876642c,step_right,22,100000,1.025,42.50785654616396,pure_effective_gradient_flow,False,False,42.50785654616396,0.0,0.0,1.036776988930825,19.937505619164206,16.530822652951116,-1301.4668301311044,False,conditioning,,no_initial_region,conditioning,0.0,0.0,0,,,,,,,,,,,,,,,,,,,,,,
/workspace/junmiaoh/experiments/precision-mlps/mechanism-0365cd3-20260923/evidence/population_coverage_inputs/heldout_all.npz,7,fa54b10cda5b77897d43b2024abb276408820158be4c21106a379abc2876642c,step_right,22,100000,1.05,43.54463353509479,pure_effective_gradient_flow,False,False,43.54463353509479,0.0,0.0,2.073553977861657,19.937505619164206,16.530822652951116,-1399.0651853035222,False,conditioning,,no_initial_region,conditioning,0.0,0.0,0,,,,,,,,,,,,,,,,,,,,,,
/workspace/junmiaoh/experiments/precision-mlps/mechanism-0365cd3-20260923/evidence/population_coverage_inputs/heldout_all.npz,7,fa54b10cda5b77897d43b2024abb276408820158be4c21106a379abc2876642c,step_right,22,100000,1.1,45.618187512956446,pure_effective_gradient_flow,False,False,45.618187512956446,0.0,0.0,4.147107955723314,19.937505619164206,16.530822652951116,-1608.655150272197,False,conditioning,,no_initial_region,conditioning,0.0,0.0,0,,,,,,,,,,,,,,,,,,,,,,
/workspace/junmiaoh/experiments/precision-mlps/mechanism-0365cd3-20260923/evidence/population_coverage_inputs/heldout_all.npz,7,fa54b10cda5b77897d43b2024abb276408820158be4c21106a379abc2876642c,step_right,22,100000,1.25,51.83884944654142,pure_effective_gradient_flow,False,False,51.83884944654142,0.0,0.0,10.367769889308285,19.937505619164206,16.530822652951116,-2360.731037546239,False,conditioning,,no_initial_region,conditioning,0.0,0.0,0,,,,,,,,,,,,,,,,,,,,,,
/workspace/junmiaoh/experiments/precision-mlps/mechanism-0365cd3-20260923/evidence/population_coverage_inputs/heldout_all.npz,7,fa54b10cda5b77897d43b2024abb276408820158be4c21106a379abc2876642c,step_right,22,100000,1.5,62.206619335849695,pure_effective_gradient_flow,False,False,62.206619335849695,0.0,0.0,20.735539778616563,19.937505619164206,16.530822652951116,-4079.6105267449966,False,conditioning,,no_initial_region,conditioning,0.0,0.0,0,,,,,,,,,,,,,,,,,,,,,,
/workspace/junmiaoh/experiments/precision-mlps/mechanism-0365cd3-20260923/evidence/population_coverage_inputs/heldout_all.npz,7,fa54b10cda5b77897d43b2024abb276408820158be4c21106a379abc2876642c,step_right,22,100000,2.0,82.94215911446626,pure_effective_gradient_flow,False,False,82.94215911446626,0.0,0.0,41.47107955723313,19.937505619164206,16.530822652951116,-9670.69106303986,False,conditioning,,no_initial_region,conditioning,0.0,0.0,0,,,,,,,,,,,,,,,,,,,,,,
/workspace/junmiaoh/experiments/precision-mlps/mechanism-0365cd3-20260923/evidence/population_coverage_inputs/heldout_all.npz,8,6622af01befd1c481937c6758206da4621f17ebefc6b4b3eba0050c864d92104,kink_abs,22,100000,1.01,35.01462008163446,pure_effective_gradient_flow,False,False,35.01462008163446,0.0,0.0,0.346679406748855,17.327410361043494,13.513359673995268,-727.2505169649263,False,conditioning,,no_initial_region,conditioning,0.0,0.0,0,,,,,,,,,,,,,,,,,,,,,,
/workspace/junmiaoh/experiments/precision-mlps/mechanism-0365cd3-20260923/evidence/population_coverage_inputs/heldout_all.npz,8,6622af01befd1c481937c6758206da4621f17ebefc6b4b3eba0050c864d92104,kink_abs,22,100000,1.025,35.53463919175774,pure_effective_gradient_flow,False,False,35.53463919175774,0.0,0.0,0.866698516872134,17.327410361043494,13.513359673995268,-760.1524441817983,False,conditioning,,no_initial_region,conditioning,0.0,0.0,0,,,,,,,,,,,,,,,,,,,,,,
/workspace/junmiaoh/experiments/precision-mlps/mechanism-0365cd3-20260923/evidence/population_coverage_inputs/heldout_all.npz,8,6622af01befd1c481937c6758206da4621f17ebefc6b4b3eba0050c864d92104,kink_abs,22,100000,1.05,36.40133770862989,pure_effective_gradient_flow,False,False,36.40133770862989,0.0,0.0,1.7333970337442821,17.327410361043494,13.513359673995268,-817.1676386623227,False,conditioning,,no_initial_region,conditioning,0.0,0.0,0,,,,,,,,,,,,,,,,,,,,,,
/workspace/junmiaoh/experiments/precision-mlps/mechanism-0365cd3-20260923/evidence/population_coverage_inputs/heldout_all.npz,8,6622af01befd1c481937c6758206da4621f17ebefc6b4b3eba0050c864d92104,kink_abs,22,100000,1.1,38.13473474237417,pure_effective_gradient_flow,False,False,38.13473474237417,0.0,0.0,3.4667940674885642,17.327410361043494,13.513359673995268,-939.6063067397171,False,conditioning,,no_initial_region,conditioning,0.0,0.0,0,,,,,,,,,,,,,,,,,,,,,,
/workspace/junmiaoh/experiments/precision-mlps/mechanism-0365cd3-20260923/evidence/population_coverage_inputs/heldout_all.npz,8,6622af01befd1c481937c6758206da4621f17ebefc6b4b3eba0050c864d92104,kink_abs,22,100000,1.25,43.33492584360701,pure_effective_gradient_flow,False,False,43.33492584360701,0.0,0.0,8.666985168721403,17.327410361043494,13.513359673995268,-1378.9554422993342,False,conditioning,,no_initial_region,conditioning,0.0,0.0,0,,,,,,,,,,,,,,,,,,,,,,
/workspace/junmiaoh/experiments/precision-mlps/mechanism-0365cd3-20260923/evidence/population_coverage_inputs/heldout_all.npz,8,6622af01befd1c481937c6758206da4621f17ebefc6b4b3eba0050c864d92104,kink_abs,22,100000,1.5,52.00191101232841,pure_effective_gradient_flow,False,False,52.00191101232841,0.0,0.0,17.3339703374428,17.327410361043494,13.513359673995268,-2383.0937619679394,False,conditioning,,no_initial_region,conditioning,0.0,0.0,0,,,,,,,,,,,,,,,,,,,,,,
/workspace/junmiaoh/experiments/precision-mlps/mechanism-0365cd3-20260923/evidence/population_coverage_inputs/heldout_all.npz,8,6622af01befd1c481937c6758206da4621f17ebefc6b4b3eba0050c864d92104,kink_abs,22,100000,2.0,69.33588134977121,pure_effective_gradient_flow,False,False,69.33588134977121,0.0,0.0,34.66794067488561,17.327410361043494,13.513359673995268,-5649.301922648238,False,conditioning,,no_initial_region,conditioning,0.0,0.0,0,,,,,,,,,,,,,,,,,,,,,,
/workspace/junmiaoh/experiments/precision-mlps/mechanism-0365cd3-20260923/evidence/population_coverage_inputs/heldout_all.npz,9,14bc99e91d87ecafde67a78cb01f95801182f729c076487b7763ca92e45a30b6,kink_relu,22,100000,1.01,50.56516935396182,pure_effective_gradient_flow,False,False,50.56516935396182,0.0,0.0,0.500645241128332,25.339719066349588,17.730099422999004,-2190.9645943358637,False,conditioning,,no_initial_region,conditioning,0.0,0.0,0,,,,,,,,,,,,,,,,,,,,,,
/workspace/junmiaoh/experiments/precision-mlps/mechanism-0365cd3-20260923/evidence/population_coverage_inputs/heldout_all.npz,9,14bc99e91d87ecafde67a78cb01f95801182f729c076487b7763ca92e45a30b6,kink_relu,22,100000,1.025,51.31613721565432,pure_effective_gradient_flow,False,False,51.31613721565432,0.0,0.0,1.2516131028208335,25.339719066349588,17.730099422999004,-2290.054058566094,False,conditioning,,no_initial_region,conditioning,0.0,0.0,0,,,,,,,,,,,,,,,,,,,,,,
/workspace/junmiaoh/experiments/precision-mlps/mechanism-0365cd3-20260923/evidence/population_coverage_inputs/heldout_all.npz,9,14bc99e91d87ecafde67a78cb01f95801182f729c076487b7763ca92e45a30b6,kink_relu,22,100000,1.05,52.56775031847516,pure_effective_gradient_flow,False,False,52.56775031847516,0.0,0.0,2.503226205641674,25.339719066349588,17.730099422999004,-2461.764519075543,False,conditioning,,no_initial_region,conditioning,0.0,0.0,0,,,,,,,,,,,,,,,,,,,,,,
/workspace/junmiaoh/experiments/precision-mlps/mechanism-0365cd3-20260923/evidence/population_coverage_inputs/heldout_all.npz,9,14bc99e91d87ecafde67a78cb01f95801182f729c076487b7763ca92e45a30b6,kink_relu,22,100000,1.1,55.070976524116844,pure_effective_gradient_flow,False,False,55.070976524116844,0.0,0.0,5.006452411283355,25.339719066349588,17.730099422999004,-2830.5083297612105,False,conditioning,,no_initial_region,conditioning,0.0,0.0,0,,,,,,,,,,,,,,,,,,,,,,
/workspace/junmiaoh/experiments/precision-mlps/mechanism-0365cd3-20260923/evidence/population_coverage_inputs/heldout_all.npz,9,14bc99e91d87ecafde67a78cb01f95801182f729c076487b7763ca92e45a30b6,kink_relu,22,100000,1.25,62.58065514104186,pure_effective_gradient_flow,False,False,62.58065514104186,0.0,0.0,12.51613102820837,25.339719066349588,17.730099422999004,-4153.679163057938,False,conditioning,,no_initial_region,conditioning,0.0,0.0,0,,,,,,,,,,,,,,,,,,,,,,
/workspace/junmiaoh/experiments/precision-mlps/mechanism-0365cd3-20260923/evidence/population_coverage_inputs/heldout_all.npz,9,14bc99e91d87ecafde67a78cb01f95801182f729c076487b7763ca92e45a30b6,kink_relu,22,100000,1.5,75.09678616925024,pure_effective_gradient_flow,False,False,75.09678616925024,0.0,0.0,25.032262056416748,25.339719066349588,17.730099422999004,-7177.803782055385,False,conditioning,,no_initial_region,conditioning,0.0,0.0,0,,,,,,,,,,,,,,,,,,,,,,
/workspace/junmiaoh/experiments/precision-mlps/mechanism-0365cd3-20260923/evidence/population_coverage_inputs/heldout_all.npz,9,14bc99e91d87ecafde67a78cb01f95801182f729c076487b7763ca92e45a30b6,kink_relu,22,100000,2.0,100.12904822566698,pure_effective_gradient_flow,False,False,100.12904822566698,0.0,0.0,50.06452411283349,25.339719066349588,17.730099422999004,-17014.516828464664,False,conditioning,,no_initial_region,conditioning,0.0,0.0,0,,,,,,,,,,,,,,,,,,,,,,
/workspace/junmiaoh/experiments/precision-mlps/mechanism-0365cd3-20260923/evidence/population_coverage_inputs/heldout_all.npz,10,680941a914dd43f9e3de3fc93a9edfe66751278fdf519c8e6fdb99f2c83711bc,exp_right,23,100000,1.01,27.159626879784483,pure_effective_gradient_flow,False,False,27.159626879784483,0.0,0.0,0.26890719682954867,13.118193027250785,9.267639247259112,-339.2254549697293,False,conditioning,,no_initial_region,conditioning,0.0,0.0,0,,,,,,,,,,,,,,,,,,,,,,
/workspace/junmiaoh/experiments/precision-mlps/mechanism-0365cd3-20260923/evidence/population_coverage_inputs/heldout_all.npz,10,680941a914dd43f9e3de3fc93a9edfe66751278fdf519c8e6fdb99f2c83711bc,exp_right,23,100000,1.025,27.562987675028804,pure_effective_gradient_flow,False,False,27.562987675028804,0.0,0.0,0.6722679920738699,13.118193027250785,9.267639247259112,-354.58026613101407,False,conditioning,,no_initial_region,conditioning,0.0,0.0,0,,,,,,,,,,,,,,,,,,,,,,
/workspace/junmiaoh/experiments/precision-mlps/mechanism-0365cd3-20260923/evidence/population_coverage_inputs/heldout_all.npz,10,680941a914dd43f9e3de3fc93a9edfe66751278fdf519c8e6fdb99f2c83711bc,exp_right,23,100000,1.05,28.23525566710268,pure_effective_gradient_flow,False,False,28.23525566710268,0.0,0.0,1.3445359841477469,13.118193027250785,9.267639247259112,-381.1883592922997,False,conditioning,,no_initial_region,conditioning,0.0,0.0,0,,,,,,,,,,,,,,,,,,,,,,
/workspace/junmiaoh/experiments/precision-mlps/mechanism-0365cd3-20260923/evidence/population_coverage_inputs/heldout_all.npz,10,680941a914dd43f9e3de3fc93a9edfe66751278fdf519c8e6fdb99f2c83711bc,exp_right,23,100000,1.1,29.57979165125043,pure_effective_gradient_flow,False,False,29.57979165125043,0.0,0.0,2.6890719682954973,13.118193027250785,9.267639247259112,-438.3285570313406,False,conditioning,,no_initial_region,conditioning,0.0,0.0,0,,,,,,,,,,,,,,,,,,,,,,
/workspace/junmiaoh/experiments/precision-mlps/mechanism-0365cd3-20260923/evidence/population_coverage_inputs/heldout_all.npz,10,680941a914dd43f9e3de3fc93a9edfe66751278fdf519c8e6fdb99f2c83711bc,exp_right,23,100000,1.25,33.613399603693665,pure_effective_gradient_flow,False,False,33.613399603693665,0.0,0.0,6.722679920738731,13.118193027250785,9.267639247259112,-643.3658779738103,False,conditioning,,no_initial_region,conditioning,0.0,0.0,0,,,,,,,,,,,,,,,,,,,,,,
/workspace/junmiaoh/experiments/precision-mlps/mechanism-0365cd3-20260923/evidence/population_coverage_inputs/heldout_all.npz,10,680941a914dd43f9e3de3fc93a9edfe66751278fdf519c8e6fdb99f2c83711bc,exp_right,23,100000,1.5,40.3360795244324,pure_effective_gradient_flow,False,False,40.3360795244324,0.0,0.0,13.445359841477465,13.118193027250785,9.267639247259112,-1111.9814145863472,False,conditioning,,no_initial_region,conditioning,0.0,0.0,0,,,,,,,,,,,,,,,,,,,,,,
/workspace/junmiaoh/experiments/precision-mlps/mechanism-0365cd3-20260923/evidence/population_coverage_inputs/heldout_all.npz,10,680941a914dd43f9e3de3fc93a9edfe66751278fdf519c8e6fdb99f2c83711bc,exp_right,23,100000,2.0,53.78143936590987,pure_effective_gradient_flow,False,False,53.78143936590987,0.0,0.0,26.890719682954934,13.118193027250785,9.267639247259112,-2636.2693138974564,False,conditioning,,no_initial_region,conditioning,0.0,0.0,0,,,,,,,,,,,,,,,,,,,,,,
/workspace/junmiaoh/experiments/precision-mlps/mechanism-0365cd3-20260923/evidence/population_coverage_inputs/heldout_all.npz,11,ec04c235d70cbd70b3c0a20748b92aa5c80f61b2a7aaf3a839fe3e61f2e254ad,exp_left,23,100000,1.01,60.12927816526384,pure_effective_gradient_flow,False,False,60.12927816526384,0.0,0.0,0.5953393877748923,28.193525565327707,19.469630141462936,-3684.3961639385766,False,conditioning,,no_initial_region,conditioning,0.0,0.0,0,,,,,,,,,,,,,,,,,,,,,,
/workspace/junmiaoh/experiments/precision-mlps/mechanism-0365cd3-20260923/evidence/population_coverage_inputs/heldout_all.npz,11,ec04c235d70cbd70b3c0a20748b92aa5c80f61b2a7aaf3a839fe3e61f2e254ad,exp_left,23,100000,1.025,61.02228724692617,pure_effective_gradient_flow,False,False,61.02228724692617,0.0,0.0,1.48834846943722,28.193525565327707,19.469630141462936,-3851.0176688731754,False,conditioning,,no_initial_region,conditioning,0.0,0.0,0,,,,,,,,,,,,,,,,,,,,,,
/workspace/junmiaoh/experiments/precision-mlps/mechanism-0365cd3-20260923/evidence/population_coverage_inputs/heldout_all.npz,11,ec04c235d70cbd70b3c0a20748b92aa5c80f61b2a7aaf3a839fe3e61f2e254ad,exp_left,23,100000,1.05,62.510635716363396,pure_effective_gradient_flow,False,False,62.510635716363396,0.0,0.0,2.976696938874447,28.193525565327707,19.469630141462936,-4139.753263170281,False,conditioning,,no_initial_region,conditioning,0.0,0.0,0,,,,,,,,,,,,,,,,,,,,,,
/workspace/junmiaoh/experiments/precision-mlps/mechanism-0365cd3-20260923/evidence/population_coverage_inputs/heldout_all.npz,11,ec04c235d70cbd70b3c0a20748b92aa5c80f61b2a7aaf3a839fe3e61f2e254ad,exp_left,23,100000,1.1,65.48733265523785,pure_effective_gradient_flow,False,False,65.48733265523785,0.0,0.0,5.953393877748901,28.193525565327707,19.469630141462936,-4759.805547730121,False,conditioning,,no_initial_region,conditioning,0.0,0.0,0,,,,,,,,,,,,,,,,,,,,,,
/workspace/junmiaoh/experiments/precision-mlps/mechanism-0365cd3-20260923/evidence/population_coverage_inputs/heldout_all.npz,11,ec04c235d70cbd70b3c0a20748b92aa5c80f61b2a7aaf3a839fe3e61f2e254ad,exp_left,23,100000,1.25,74.41742347186118,pure_effective_gradient_flow,False,False,74.41742347186118,0.0,0.0,14.883484694372235,28.193525565327707,19.469630141462936,-6984.751632989179,False,conditioning,,no_initial_region,conditioning,0.0,0.0,0,,,,,,,,,,,,,,,,,,,,,,
/workspace/junmiaoh/experiments/precision-mlps/mechanism-0365cd3-20260923/evidence/population_coverage_inputs/heldout_all.npz,11,ec04c235d70cbd70b3c0a20748b92aa5c80f61b2a7aaf3a839fe3e61f2e254ad,exp_left,23,100000,1.5,89.30090816623343,pure_effective_gradient_flow,False,False,89.30090816623343,0.0,0.0,29.766969388744478,28.193525565327707,19.469630141462936,-12069.89563938295,False,conditioning,,no_initial_region,conditioning,0.0,0.0,0,,,,,,,,,,,,,,,,,,,,,,
/workspace/junmiaoh/experiments/precision-mlps/mechanism-0365cd3-20260923/evidence/population_coverage_inputs/heldout_all.npz,11,ec04c235d70cbd70b3c0a20748b92aa5c80f61b2a7aaf3a839fe3e61f2e254ad,exp_left,23,100000,2.0,119.0678775549779,pure_effective_gradient_flow,False,False,119.0678775549779,0.0,0.0,59.53393877748895,28.193525565327707,19.469630141462936,-28610.583836004447,False,conditioning,,no_initial_region,conditioning,0.0,0.0,0,,,,,,,,,,,,,,,,,,,,,,
/workspace/junmiaoh/experiments/precision-mlps/mechanism-0365cd3-20260923/evidence/population_coverage_inputs/heldout_all.npz,12,ff08208cc1aefffd77457d00062736e2e8de8205f12bdfdff61c74eb2c22f487,gauss_left,23,100000,1.01,54.89054021311032,pure_effective_gradient_flow,False,False,54.89054021311032,0.0,0.0,0.5434706951793089,37.54025212733267,34.070333150500296,-2802.7259812053157,False,conditioning,,no_initial_region,conditioning,0.0,0.0,0,,,,,,,,,,,,,,,,,,,,,,
/workspace/junmiaoh/experiments/precision-mlps/mechanism-0365cd3-20260923/evidence/population_coverage_inputs/heldout_all.npz,12,ff08208cc1aefffd77457d00062736e2e8de8205f12bdfdff61c74eb2c22f487,gauss_left,23,100000,1.025,55.70574625587928,pure_effective_gradient_flow,False,False,55.70574625587928,0.0,0.0,1.3586767379482723,37.54025212733267,34.070333150500296,-2929.4811263077545,False,conditioning,,no_initial_region,conditioning,0.0,0.0,0,,,,,,,,,,,,,,,,,,,,,,
/workspace/junmiaoh/experiments/precision-mlps/mechanism-0365cd3-20260923/evidence/population_coverage_inputs/heldout_all.npz,12,ff08208cc1aefffd77457d00062736e2e8de8205f12bdfdff61c74eb2c22f487,gauss_left,23,100000,1.05,57.06442299382756,pure_effective_gradient_flow,False,False,57.06442299382756,0.0,0.0,2.7173534758965516,37.54025212733267,34.070333150500296,-3149.13297836451,False,conditioning,,no_initial_region,conditioning,0.0,0.0,0,,,,,,,,,,,,,,,,,,,,,,
/workspace/junmiaoh/experiments/precision-mlps/mechanism-0365cd3-20260923/evidence/population_coverage_inputs/heldout_all.npz,12,ff08208cc1aefffd77457d00062736e2e8de8205f12bdfdff61c74eb2c22f487,gauss_left,23,100000,1.1,59.781776469724115,pure_effective_gradient_flow,False,False,59.781776469724115,0.0,0.0,5.434706951793103,37.54025212733267,34.070333150500296,-3620.8296980126147,False,conditioning,,no_initial_region,conditioning,0.0,0.0,0,,,,,,,,,,,,,,,,,,,,,,
/workspace/junmiaoh/experiments/precision-mlps/mechanism-0365cd3-20260923/evidence/population_coverage_inputs/heldout_all.npz,12,ff08208cc1aefffd77457d00062736e2e8de8205f12bdfdff61c74eb2c22f487,gauss_left,23,100000,1.25,67.93383689741377,pure_effective_gradient_flow,False,False,67.93383689741377,0.0,0.0,13.586767379482758,37.54025212733267,34.070333150500296,-5313.428525473768,False,conditioning,,no_initial_region,conditioning,0.0,0.0,0,,,,,,,,,,,,,,,,,,,,,,
/workspace/junmiaoh/experiments/precision-mlps/mechanism-0365cd3-20260923/evidence/population_coverage_inputs/heldout_all.npz,12,ff08208cc1aefffd77457d00062736e2e8de8205f12bdfdff61c74eb2c22f487,gauss_left,23,100000,1.5,81.52060427689652,pure_effective_gradient_flow,False,False,81.52060427689652,0.0,0.0,27.17353475896551,37.54025212733267,34.070333150500296,-9181.885761232374,False,conditioning,,no_initial_region,conditioning,0.0,0.0,0,,,,,,,,,,,,,,,,,,,,,,
/workspace/junmiaoh/experiments/precision-mlps/mechanism-0365cd3-20260923/evidence/population_coverage_inputs/heldout_all.npz,12,ff08208cc1aefffd77457d00062736e2e8de8205f12bdfdff61c74eb2c22f487,gauss_left,23,100000,2.0,108.69413903586202,pure_effective_gradient_flow,False,False,108.69413903586202,0.0,0.0,54.34706951793101,37.54025212733267,34.070333150500296,-21764.999407216423,False,conditioning,,no_initial_region,conditioning,0.0,0.0,0,,,,,,,,,,,,,,,,,,,,,,
/workspace/junmiaoh/experiments/precision-mlps/mechanism-0365cd3-20260923/evidence/population_coverage_inputs/heldout_all.npz,13,c74193a30f20a0a5c3cd7b315e124bf8134972534306ebf756cb45f0167045dc,gauss_right,23,100000,1.01,13.874616461204198,pure_effective_gradient_flow,False,False,13.874616461204198,0.0,0.0,0.13737244020994233,8.087316953261027,6.020634355578714,-44.928212173184114,False,conditioning,,no_initial_region,conditioning,0.0,0.0,0,,,,,,,,,,,,,,,,,,,,,,
/workspace/junmiaoh/experiments/precision-mlps/mechanism-0365cd3-20260923/evidence/population_coverage_inputs/heldout_all.npz,13,c74193a30f20a0a5c3cd7b315e124bf8134972534306ebf756cb45f0167045dc,gauss_right,23,100000,1.025,14.08067512151911,pure_effective_gradient_flow,False,False,14.08067512151911,0.0,0.0,0.3434311005248549,8.087316953261027,6.020634355578714,-46.97529795487749,False,conditioning,,no_initial_region,conditioning,0.0,0.0,0,,,,,,,,,,,,,,,,,,,,,,
/workspace/junmiaoh/experiments/precision-mlps/mechanism-0365cd3-20260923/evidence/population_coverage_inputs/heldout_all.npz,13,c74193a30f20a0a5c3cd7b315e124bf8134972534306ebf756cb45f0167045dc,gauss_right,23,100000,1.05,14.424106222043969,pure_effective_gradient_flow,False,False,14.424106222043969,0.0,0.0,0.6868622010497134,8.087316953261027,6.020634355578714,-50.52265836304566,False,conditioning,,no_initial_region,conditioning,0.0,0.0,0,,,,,,,,,,,,,,,,,,,,,,
/workspace/junmiaoh/experiments/precision-mlps/mechanism-0365cd3-20260923/evidence/population_coverage_inputs/heldout_all.npz,13,c74193a30f20a0a5c3cd7b315e124bf8134972534306ebf756cb45f0167045dc,gauss_right,23,100000,1.1,15.110968423093682,pure_effective_gradient_flow,False,False,15.110968423093682,0.0,0.0,1.3737244020994268,8.087316953261027,6.020634355578714,-58.14052387282578,False,conditioning,,no_initial_region,conditioning,0.0,0.0,0,,,,,,,,,,,,,,,,,,,,,,
/workspace/junmiaoh/experiments/precision-mlps/mechanism-0365cd3-20260923/evidence/population_coverage_inputs/heldout_all.npz,13,c74193a30f20a0a5c3cd7b315e124bf8134972534306ebf756cb45f0167045dc,gauss_right,23,100000,1.25,17.17155502624282,pure_effective_gradient_flow,False,False,17.17155502624282,0.0,0.0,3.4343110052485653,8.087316953261027,6.020634355578714,-85.47586391765319,False,conditioning,,no_initial_region,conditioning,0.0,0.0,0,,,,,,,,,,,,,,,,,,,,,,
/workspace/junmiaoh/experiments/precision-mlps/mechanism-0365cd3-20260923/evidence/population_coverage_inputs/heldout_all.npz,13,c74193a30f20a0a5c3cd7b315e124bf8134972534306ebf756cb45f0167045dc,gauss_right,23,100000,1.5,20.605866031491384,pure_effective_gradient_flow,False,False,20.605866031491384,0.0,0.0,6.868622010497129,8.087316953261027,6.020634355578714,-147.95114883023342,False,conditioning,,no_initial_region,conditioning,0.0,0.0,0,,,,,,,,,,,,,,,,,,,,,,
/workspace/junmiaoh/experiments/precision-mlps/mechanism-0365cd3-20260923/evidence/population_coverage_inputs/heldout_all.npz,13,c74193a30f20a0a5c3cd7b315e124bf8134972534306ebf756cb45f0167045dc,gauss_right,23,100000,2.0,27.47448804198851,pure_effective_gradient_flow,False,False,27.47448804198851,0.0,0.0,13.737244020994256,8.087316953261027,6.020634355578714,-351.1674601942306,False,conditioning,,no_initial_region,conditioning,0.0,0.0,0,,,,,,,,,,,,,,,,,,,,,,
/workspace/junmiaoh/experiments/precision-mlps/mechanism-0365cd3-20260923/evidence/population_coverage_inputs/heldout_all.npz,14,50fc091404deae868e6f42c42121f7a82d87a8c74578355bb4b5cf11a5e0d0f6,bump_left,23,100000,1.01,59.15944965367235,pure_effective_gradient_flow,False,False,59.15944965367235,0.0,0.0,0.5857371252838846,41.804501529772544,37.83766577529336,-3508.91283585469,False,conditioning,,no_initial_region,conditioning,0.0,0.0,0,,,,,,,,,,,,,,,,,,,,,,
/workspace/junmiaoh/experiments/precision-mlps/mechanism-0365cd3-20260923/evidence/population_coverage_inputs/heldout_all.npz,14,50fc091404deae868e6f42c42121f7a82d87a8c74578355bb4b5cf11a5e0d0f6,bump_left,23,100000,1.025,60.03805534159817,pure_effective_gradient_flow,False,False,60.03805534159817,0.0,0.0,1.4643428132097043,41.804501529772544,37.83766577529336,-3667.601336750008,False,conditioning,,no_initial_region,conditioning,0.0,0.0,0,,,,,,,,,,,,,,,,,,,,,,
/workspace/junmiaoh/experiments/precision-mlps/mechanism-0365cd3-20260923/evidence/population_coverage_inputs/heldout_all.npz,14,50fc091404deae868e6f42c42121f7a82d87a8c74578355bb4b5cf11a5e0d0f6,bump_left,23,100000,1.05,61.502398154807885,pure_effective_gradient_flow,False,False,61.502398154807885,0.0,0.0,2.9286856264194228,41.804501529772544,37.83766577529336,-3942.5899622105176,False,conditioning,,no_initial_region,conditioning,0.0,0.0,0,,,,,,,,,,,,,,,,,,,,,,
/workspace/junmiaoh/experiments/precision-mlps/mechanism-0365cd3-20260923/evidence/population_coverage_inputs/heldout_all.npz,14,50fc091404deae868e6f42c42121f7a82d87a8c74578355bb4b5cf11a5e0d0f6,bump_left,23,100000,1.1,64.43108378122731,pure_effective_gradient_flow,False,False,64.43108378122731,0.0,0.0,5.857371252838853,41.804501529772544,37.83766577529336,-4533.120983714254,False,conditioning,,no_initial_region,conditioning,0.0,0.0,0,,,,,,,,,,,,,,,,,,,,,,
/workspace/junmiaoh/experiments/precision-mlps/mechanism-0365cd3-20260923/evidence/population_coverage_inputs/heldout_all.npz,14,50fc091404deae868e6f42c42121f7a82d87a8c74578355bb4b5cf11a5e0d0f6,bump_left,23,100000,1.25,73.21714066048558,pure_effective_gradient_flow,False,False,73.21714066048558,0.0,0.0,14.643428132097121,41.804501529772544,37.83766577529336,-6652.135326918355,False,conditioning,,no_initial_region,conditioning,0.0,0.0,0,,,,,,,,,,,,,,,,,,,,,,
/workspace/junmiaoh/experiments/precision-mlps/mechanism-0365cd3-20260923/evidence/population_coverage_inputs/heldout_all.npz,14,50fc091404deae868e6f42c42121f7a82d87a8c74578355bb4b5cf11a5e0d0f6,bump_left,23,100000,1.5,87.8605687925827,pure_effective_gradient_flow,False,False,87.8605687925827,0.0,0.0,29.286856264194235,41.804501529772544,37.83766577529336,-11495.170921442497,False,conditioning,,no_initial_region,conditioning,0.0,0.0,0,,,,,,,,,,,,,,,,,,,,,,
/workspace/junmiaoh/experiments/precision-mlps/mechanism-0365cd3-20260923/evidence/population_coverage_inputs/heldout_all.npz,14,50fc091404deae868e6f42c42121f7a82d87a8c74578355bb4b5cf11a5e0d0f6,bump_left,23,100000,2.0,117.14742505677692,pure_effective_gradient_flow,False,False,117.14742505677692,0.0,0.0,58.57371252838846,41.804501529772544,37.83766577529336,-27248.34164648805,False,conditioning,,no_initial_region,conditioning,0.0,0.0,0,,,,,,,,,,,,,,,,,,,,,,
/workspace/junmiaoh/experiments/precision-mlps/mechanism-0365cd3-20260923/evidence/population_coverage_inputs/heldout_all.npz,15,dad4bc8923b9017a838e08e8ec2418a8962f46ba37120cf910f6c3def8dcdf7a,bump_right,23,100000,1.01,48.1225847167301,pure_effective_gradient_flow,False,False,48.1225847167301,0.0,0.0,0.4764612348191122,23.968139004528787,21.571733129188654,-1888.4551721886885,False,conditioning,,no_initial_region,conditioning,0.0,0.0,0,,,,,,,,,,,,,,,,,,,,,,
/workspace/junmiaoh/experiments/precision-mlps/mechanism-0365cd3-20260923/evidence/population_coverage_inputs/heldout_all.npz,15,dad4bc8923b9017a838e08e8ec2418a8962f46ba37120cf910f6c3def8dcdf7a,bump_right,23,100000,1.025,48.837276568958764,pure_effective_gradient_flow,False,False,48.837276568958764,0.0,0.0,1.1911530870477733,23.968139004528787,21.571733129188654,-1973.8673742906585,False,conditioning,,no_initial_region,conditioning,0.0,0.0,0,,,,,,,,,,,,,,,,,,,,,,
/workspace/junmiaoh/experiments/precision-mlps/mechanism-0365cd3-20260923/evidence/population_coverage_inputs/heldout_all.npz,15,dad4bc8923b9017a838e08e8ec2418a8962f46ba37120cf910f6c3def8dcdf7a,bump_right,23,100000,1.05,50.028429656006544,pure_effective_gradient_flow,False,False,50.028429656006544,0.0,0.0,2.382306174095554,23.968139004528787,21.571733129188654,-2121.8767380508584,False,conditioning,,no_initial_region,conditioning,0.0,0.0,0,,,,,,,,,,,,,,,,,,,,,,
/workspace/junmiaoh/experiments/precision-mlps/mechanism-0365cd3-20260923/evidence/population_coverage_inputs/heldout_all.npz,15,dad4bc8923b9017a838e08e8ec2418a8962f46ba37120cf910f6c3def8dcdf7a,bump_right,23,100000,1.1,52.41073583010209,pure_effective_gradient_flow,False,False,52.41073583010209,0.0,0.0,4.7646123481911005,23.968139004528787,21.571733129188654,-2439.7230512467495,False,conditioning,,no_initial_region,conditioning,0.0,0.0,0,,,,,,,,,,,,,,,,,,,,,,
/workspace/junmiaoh/experiments/precision-mlps/mechanism-0365cd3-20260923/evidence/population_coverage_inputs/heldout_all.npz,15,dad4bc8923b9017a838e08e8ec2418a8962f46ba37120cf910f6c3def8dcdf7a,bump_right,23,100000,1.25,59.55765435238874,pure_effective_gradient_flow,False,False,59.55765435238874,0.0,0.0,11.911530870477748,23.968139004528787,21.571733129188654,-3580.257370479591,False,conditioning,,no_initial_region,conditioning,0.0,0.0,0,,,,,,,,,,,,,,,,,,,,,,
/workspace/junmiaoh/experiments/precision-mlps/mechanism-0365cd3-20260923/evidence/population_coverage_inputs/heldout_all.npz,15,dad4bc8923b9017a838e08e8ec2418a8962f46ba37120cf910f6c3def8dcdf7a,bump_right,23,100000,1.5,71.46918522286649,pure_effective_gradient_flow,False,False,71.46918522286649,0.0,0.0,23.823061740955495,23.968139004528787,21.571733129188654,-6186.963796293047,False,conditioning,,no_initial_region,conditioning,0.0,0.0,0,,,,,,,,,,,,,,,,,,,,,,
/workspace/junmiaoh/experiments/precision-mlps/mechanism-0365cd3-20260923/evidence/population_coverage_inputs/heldout_all.npz,15,dad4bc8923b9017a838e08e8ec2418a8962f46ba37120cf910f6c3def8dcdf7a,bump_right,23,100000,2.0,95.29224696382198,pure_effective_gradient_flow,False,False,95.29224696382198,0.0,0.0,47.64612348191099,23.968139004528787,21.571733129188654,-14665.920961576378,False,conditioning,,no_initial_region,conditioning,0.0,0.0,0,,,,,,,,,,,,,,,,,,,,,,
/workspace/junmiaoh/experiments/precision-mlps/mechanism-0365cd3-20260923/evidence/population_coverage_inputs/heldout_all.npz,16,060a73bd6b1e750fe09ccfaca9dc97b804000011846cc2ee82c5169a83d9ee75,step_left,23,100000,1.01,41.247963555814145,pure_effective_gradient_flow,False,False,41.247963555814145,0.0,0.0,0.4083956787704395,18.06052863050926,15.311528082774231,-1189.1047642844048,False,conditioning,,no_initial_region,conditioning,0.0,0.0,0,,,,,,,,,,,,,,,,,,,,,,
/workspace/junmiaoh/experiments/precision-mlps/mechanism-0365cd3-20260923/evidence/population_coverage_inputs/heldout_all.npz,16,060a73bd6b1e750fe09ccfaca9dc97b804000011846cc2ee82c5169a83d9ee75,step_left,23,100000,1.025,41.860557073969794,pure_effective_gradient_flow,False,False,41.860557073969794,0.0,0.0,1.020989196926088,18.06052863050926,15.311528082774231,-1242.8921724639004,False,conditioning,,no_initial_region,conditioning,0.0,0.0,0,,,,,,,,,,,,,,,,,,,,,,
/workspace/junmiaoh/experiments/precision-mlps/mechanism-0365cd3-20260923/evidence/population_coverage_inputs/heldout_all.npz,16,060a73bd6b1e750fe09ccfaca9dc97b804000011846cc2ee82c5169a83d9ee75,step_left,23,100000,1.05,42.881546270895896,pure_effective_gradient_flow,False,False,42.881546270895896,0.0,0.0,2.0419783938521903,18.06052863050926,15.311528082774231,-1336.09946447884,False,conditioning,,no_initial_region,conditioning,0.0,0.0,0,,,,,,,,,,,,,,,,,,,,,,
/workspace/junmiaoh/experiments/precision-mlps/mechanism-0365cd3-20260923/evidence/population_coverage_inputs/heldout_all.npz,16,060a73bd6b1e750fe09ccfaca9dc97b804000011846cc2ee82c5169a83d9ee75,step_left,23,100000,1.1,44.92352466474808,pure_effective_gradient_flow,False,False,44.92352466474808,0.0,0.0,4.083956787704373,18.06052863050926,15.311528082774231,-1536.259733919088,False,conditioning,,no_initial_region,conditioning,0.0,0.0,0,,,,,,,,,,,,,,,,,,,,,,
/workspace/junmiaoh/experiments/precision-mlps/mechanism-0365cd3-20260923/evidence/population_coverage_inputs/heldout_all.npz,16,060a73bd6b1e750fe09ccfaca9dc97b804000011846cc2ee82c5169a83d9ee75,step_left,23,100000,1.25,51.04945984630463,pure_effective_gradient_flow,False,False,51.04945984630463,0.0,0.0,10.209891969260923,18.06052863050926,15.311528082774231,-2254.4988550467833,False,conditioning,,no_initial_region,conditioning,0.0,0.0,0,,,,,,,,,,,,,,,,,,,,,,
/workspace/junmiaoh/experiments/precision-mlps/mechanism-0365cd3-20260923/evidence/population_coverage_inputs/heldout_all.npz,16,060a73bd6b1e750fe09ccfaca9dc97b804000011846cc2ee82c5169a83d9ee75,step_left,23,100000,1.5,61.25935181556556,pure_effective_gradient_flow,False,False,61.25935181556556,0.0,0.0,20.419783938521853,18.06052863050926,15.311528082774231,-3896.043963109381,False,conditioning,,no_initial_region,conditioning,0.0,0.0,0,,,,,,,,,,,,,,,,,,,,,,
/workspace/junmiaoh/experiments/precision-mlps/mechanism-0365cd3-20260923/evidence/population_coverage_inputs/heldout_all.npz,16,060a73bd6b1e750fe09ccfaca9dc97b804000011846cc2ee82c5169a83d9ee75,step_left,23,100000,2.0,81.67913575408741,pure_effective_gradient_flow,False,False,81.67913575408741,0.0,0.0,40.839567877043706,18.06052863050926,15.311528082774231,-9235.575303620684,False,conditioning,,no_initial_region,conditioning,0.0,0.0,0,,,,,,,,,,,,,,,,,,,,,,
/workspace/junmiaoh/experiments/precision-mlps/mechanism-0365cd3-20260923/evidence/population_coverage_inputs/heldout_all.npz,17,415c4294fd18b3c5084a0fda36c5d7730564e4a5a023467537250f6ed5c57cee,step_right,23,100000,1.01,44.732827648352995,pure_effective_gradient_flow,False,False,44.732827648352995,0.0,0.0,0.44289928364705844,20.09153843686959,16.962702290819855,-1516.7743027408035,False,conditioning,,no_initial_region,conditioning,0.0,0.0,0,,,,,,,,,,,,,,,,,,,,,,
/workspace/junmiaoh/experiments/precision-mlps/mechanism-0365cd3-20260923/evidence/population_coverage_inputs/heldout_all.npz,17,415c4294fd18b3c5084a0fda36c5d7730564e4a5a023467537250f6ed5c57cee,step_right,23,100000,1.025,45.39717657382358,pure_effective_gradient_flow,False,False,45.39717657382358,0.0,0.0,1.1072482091176425,20.09153843686959,16.962702290819855,-1585.37872901024,False,conditioning,,no_initial_region,conditioning,0.0,0.0,0,,,,,,,,,,,,,,,,,,,,,,
/workspace/junmiaoh/experiments/precision-mlps/mechanism-0365cd3-20260923/evidence/population_coverage_inputs/heldout_all.npz,17,415c4294fd18b3c5084a0fda36c5d7730564e4a5a023467537250f6ed5c57cee,step_right,23,100000,1.05,46.504424782941236,pure_effective_gradient_flow,False,False,46.504424782941236,0.0,0.0,2.2144964182352993,20.09153843686959,16.962702290819855,-1704.2621816479589,False,conditioning,,no_initial_region,conditioning,0.0,0.0,0,,,,,,,,,,,,,,,,,,,,,,
/workspace/junmiaoh/experiments/precision-mlps/mechanism-0365cd3-20260923/evidence/population_coverage_inputs/heldout_all.npz,17,415c4294fd18b3c5084a0fda36c5d7730564e4a5a023467537250f6ed5c57cee,step_right,23,100000,1.1,48.718921201176535,pure_effective_gradient_flow,False,False,48.718921201176535,0.0,0.0,4.428992836470599,20.09153843686959,16.962702290819855,-1959.561347598825,False,conditioning,,no_initial_region,conditioning,0.0,0.0,0,,,,,,,,,,,,,,,,,,,,,,
/workspace/junmiaoh/experiments/precision-mlps/mechanism-0365cd3-20260923/evidence/population_coverage_inputs/heldout_all.npz,17,415c4294fd18b3c5084a0fda36c5d7730564e4a5a023467537250f6ed5c57cee,step_right,23,100000,1.25,55.36241045588242,pure_effective_gradient_flow,False,False,55.36241045588242,0.0,0.0,11.072482091176482,20.09153843686959,16.962702290819855,-2875.656480214151,False,conditioning,,no_initial_region,conditioning,0.0,0.0,0,,,,,,,,,,,,,,,,,,,,,,
/workspace/junmiaoh/experiments/precision-mlps/mechanism-0365cd3-20260923/evidence/population_coverage_inputs/heldout_all.npz,17,415c4294fd18b3c5084a0fda36c5d7730564e4a5a023467537250f6ed5c57cee,step_right,23,100000,1.5,66.43489254705891,pure_effective_gradient_flow,False,False,66.43489254705891,0.0,0.0,22.14496418235297,20.09153843686959,16.962702290819855,-4969.404146177452,False,conditioning,,no_initial_region,conditioning,0.0,0.0,0,,,,,,,,,,,,,,,,,,,,,,
/workspace/junmiaoh/experiments/precision-mlps/mechanism-0365cd3-20260923/evidence/population_coverage_inputs/heldout_all.npz,17,415c4294fd18b3c5084a0fda36c5d7730564e4a5a023467537250f6ed5c57cee,step_right,23,100000,2.0,88.57985672941187,pure_effective_gradient_flow,False,False,88.57985672941187,0.0,0.0,44.289928364705936,20.09153843686959,16.962702290819855,-11779.83611458555,False,conditioning,,no_initial_region,conditioning,0.0,0.0,0,,,,,,,,,,,,,,,,,,,,,,
/workspace/junmiaoh/experiments/precision-mlps/mechanism-0365cd3-20260923/evidence/population_coverage_inputs/heldout_all.npz,18,0ee6eed4792fb477f011b6e09b220abcc9ce306666bc80fec6bfff3fe54ef17d,kink_abs,23,100000,1.01,36.187086942541455,pure_effective_gradient_flow,False,False,36.187086942541455,0.0,0.0,0.35828798953011187,18.193579337049183,14.508735145615223,-802.812894407111,False,conditioning,,no_initial_region,conditioning,0.0,0.0,0,,,,,,,,,,,,,,,,,,,,,,
/workspace/junmiaoh/experiments/precision-mlps/mechanism-0365cd3-20260923/evidence/population_coverage_inputs/heldout_all.npz,18,0ee6eed4792fb477f011b6e09b220abcc9ce306666bc80fec6bfff3fe54ef17d,kink_abs,23,100000,1.025,36.72451892683662,pure_effective_gradient_flow,False,False,36.72451892683662,0.0,0.0,0.8957199738252797,18.193579337049183,14.508735145615223,-839.1319003560127,False,conditioning,,no_initial_region,conditioning,0.0,0.0,0,,,,,,,,,,,,,,,,,,,,,,
/workspace/junmiaoh/experiments/precision-mlps/mechanism-0365cd3-20260923/evidence/population_coverage_inputs/heldout_all.npz,18,0ee6eed4792fb477f011b6e09b220abcc9ce306666bc80fec6bfff3fe54ef17d,kink_abs,23,100000,1.05,37.62023890066191,pure_effective_gradient_flow,False,False,37.62023890066191,0.0,0.0,1.7914399476505665,18.193579337049183,14.508735145615223,-902.0684929108116,False,conditioning,,no_initial_region,conditioning,0.0,0.0,0,,,,,,,,,,,,,,,,,,,,,,
/workspace/junmiaoh/experiments/precision-mlps/mechanism-0365cd3-20260923/evidence/population_coverage_inputs/heldout_all.npz,18,0ee6eed4792fb477f011b6e09b220abcc9ce306666bc80fec6bfff3fe54ef17d,kink_abs,23,100000,1.1,39.411678848312484,pure_effective_gradient_flow,False,False,39.411678848312484,0.0,0.0,3.58287989530114,18.193579337049183,14.508735145615223,-1037.2232115072989,False,conditioning,,no_initial_region,conditioning,0.0,0.0,0,,,,,,,,,,,,,,,,,,,,,,
/workspace/junmiaoh/experiments/precision-mlps/mechanism-0365cd3-20260923/evidence/population_coverage_inputs/heldout_all.npz,18,0ee6eed4792fb477f011b6e09b220abcc9ce306666bc80fec6bfff3fe54ef17d,kink_abs,23,100000,1.25,44.78599869126418,pure_effective_gradient_flow,False,False,44.78599869126418,0.0,0.0,8.95719973825284,18.193579337049183,14.508735145615223,-1522.2016069324716,False,conditioning,,no_initial_region,conditioning,0.0,0.0,0,,,,,,,,,,,,,,,,,,,,,,
/workspace/junmiaoh/experiments/precision-mlps/mechanism-0365cd3-20260923/evidence/population_coverage_inputs/heldout_all.npz,18,0ee6eed4792fb477f011b6e09b220abcc9ce306666bc80fec6bfff3fe54ef17d,kink_abs,23,100000,1.5,53.743198429517015,pure_effective_gradient_flow,False,False,53.743198429517015,0.0,0.0,17.91439947650567,18.193579337049183,14.508735145615223,-2630.6262096974583,False,conditioning,,no_initial_region,conditioning,0.0,0.0,0,,,,,,,,,,,,,,,,,,,,,,
/workspace/junmiaoh/experiments/precision-mlps/mechanism-0365cd3-20260923/evidence/population_coverage_inputs/heldout_all.npz,18,0ee6eed4792fb477f011b6e09b220abcc9ce306666bc80fec6bfff3fe54ef17d,kink_abs,23,100000,2.0,71.65759790602269,pure_effective_gradient_flow,False,False,71.65759790602269,0.0,0.0,35.82879895301134,18.193579337049183,14.508735145615223,-6236.051291218736,False,conditioning,,no_initial_region,conditioning,0.0,0.0,0,,,,,,,,,,,,,,,,,,,,,,
/workspace/junmiaoh/experiments/precision-mlps/mechanism-0365cd3-20260923/evidence/population_coverage_inputs/heldout_all.npz,19,2ffdafa17bea9efded7068d5c497eb0ca06ea558cd99eda181f923140c0cc108,kink_relu,23,100000,1.01,50.985084893654076,pure_effective_gradient_flow,False,False,50.985084893654076,0.0,0.0,0.5048028207292461,25.400281629865024,18.02721486772926,-2246.0094311841845,False,conditioning,,no_initial_region,conditioning,0.0,0.0,0,,,,,,,,,,,,,,,,,,,,,,
/workspace/junmiaoh/experiments/precision-mlps/mechanism-0365cd3-20260923/evidence/population_coverage_inputs/heldout_all.npz,19,2ffdafa17bea9efded7068d5c497eb0ca06ea558cd99eda181f923140c0cc108,kink_relu,23,100000,1.025,51.74228912474795,pure_effective_gradient_flow,False,False,51.74228912474795,0.0,0.0,1.2620070518231188,25.400281629865024,18.02721486772926,-2347.588101175098,False,conditioning,,no_initial_region,conditioning,0.0,0.0,0,,,,,,,,,,,,,,,,,,,,,,
/workspace/junmiaoh/experiments/precision-mlps/mechanism-0365cd3-20260923/evidence/population_coverage_inputs/heldout_all.npz,19,2ffdafa17bea9efded7068d5c497eb0ca06ea558cd99eda181f923140c0cc108,kink_relu,23,100000,1.05,53.004296176571074,pure_effective_gradient_flow,False,False,53.004296176571074,0.0,0.0,2.5240141036462447,25.400281629865024,18.02721486772926,-2523.6120643438862,False,conditioning,,no_initial_region,conditioning,0.0,0.0,0,,,,,,,,,,,,,,,,,,,,,,
/workspace/junmiaoh/experiments/precision-mlps/mechanism-0365cd3-20260923/evidence/population_coverage_inputs/heldout_all.npz,19,2ffdafa17bea9efded7068d5c497eb0ca06ea558cd99eda181f923140c0cc108,kink_relu,23,100000,1.1,55.52831028021732,pure_effective_gradient_flow,False,False,55.52831028021732,0.0,0.0,5.048028207292489,25.400281629865024,18.02721486772926,-2901.6190113771495,False,conditioning,,no_initial_region,conditioning,0.0,0.0,0,,,,,,,,,,,,,,,,,,,,,,
/workspace/junmiaoh/experiments/precision-mlps/mechanism-0365cd3-20260923/evidence/population_coverage_inputs/heldout_all.npz,19,2ffdafa17bea9efded7068d5c497eb0ca06ea558cd99eda181f923140c0cc108,kink_relu,23,100000,1.25,63.10035259115604,pure_effective_gradient_flow,False,False,63.10035259115604,0.0,0.0,12.62007051823121,25.400281629865024,18.02721486772926,-4258.028943161249,False,conditioning,,no_initial_region,conditioning,0.0,0.0,0,,,,,,,,,,,,,,,,,,,,,,
/workspace/junmiaoh/experiments/precision-mlps/mechanism-0365cd3-20260923/evidence/population_coverage_inputs/heldout_all.npz,19,2ffdafa17bea9efded7068d5c497eb0ca06ea558cd99eda181f923140c0cc108,kink_relu,23,100000,1.5,75.72042310938724,pure_effective_gradient_flow,False,False,75.72042310938724,0.0,0.0,25.24014103646241,25.400281629865024,18.02721486772926,-7358.121965874558,False,conditioning,,no_initial_region,conditioning,0.0,0.0,0,,,,,,,,,,,,,,,,,,,,,,
/workspace/junmiaoh/experiments/precision-mlps/mechanism-0365cd3-20260923/evidence/population_coverage_inputs/heldout_all.npz,19,2ffdafa17bea9efded7068d5c497eb0ca06ea558cd99eda181f923140c0cc108,kink_relu,23,100000,2.0,100.96056414584966,pure_effective_gradient_flow,False,False,100.96056414584966,0.0,0.0,50.48028207292483,25.400281629865024,18.02721486772926,-17441.941028766203,False,conditioning,,no_initial_region,conditioning,0.0,0.0,0,,,,,,,,,,,,,,,,,,,,,,
/workspace/junmiaoh/experiments/precision-mlps/mechanism-0365cd3-20260923/evidence/population_coverage_inputs/heldout_all.npz,20,4e3ed54006e78d12b3076e00455a5c00e789b08bf2b974635b308b92d5307862,exp_right,22,400000,1.01,44.49794776560889,pure_effective_gradient_flow,False,False,44.49794776560889,0.0,0.0,0.440573740253555,21.777910797270003,14.03459071121887,-1493.0477271838754,False,conditioning,,no_initial_region,conditioning,0.0,0.0,0,,,,,,,,,,,,,,,,,,,,,,
/workspace/junmiaoh/experiments/precision-mlps/mechanism-0365cd3-20260923/evidence/population_coverage_inputs/heldout_all.npz,20,4e3ed54006e78d12b3076e00455a5c00e789b08bf2b974635b308b92d5307862,exp_right,22,400000,1.025,45.15880837598922,pure_effective_gradient_flow,False,False,45.15880837598922,0.0,0.0,1.1014343506338804,21.777910797270003,14.03459071121887,-1560.5771484049985,False,conditioning,,no_initial_region,conditioning,0.0,0.0,0,,,,,,,,,,,,,,,,,,,,,,
/workspace/junmiaoh/experiments/precision-mlps/mechanism-0365cd3-20260923/evidence/population_coverage_inputs/heldout_all.npz,20,4e3ed54006e78d12b3076e00455a5c00e789b08bf2b974635b308b92d5307862,exp_right,22,400000,1.05,46.260242726623105,pure_effective_gradient_flow,False,False,46.260242726623105,0.0,0.0,2.202868701267768,21.777910797270003,14.03459071121887,-1677.5977429343418,False,conditioning,,no_initial_region,conditioning,0.0,0.0,0,,,,,,,,,,,,,,,,,,,,,,
/workspace/junmiaoh/experiments/precision-mlps/mechanism-0365cd3-20260923/evidence/population_coverage_inputs/heldout_all.npz,20,4e3ed54006e78d12b3076e00455a5c00e789b08bf2b974635b308b92d5307862,exp_right,22,400000,1.1,48.46311142789087,pure_effective_gradient_flow,False,False,48.46311142789087,0.0,0.0,4.405737402535536,21.777910797270003,14.03459071121887,-1928.896468867686,False,conditioning,,no_initial_region,conditioning,0.0,0.0,0,,,,,,,,,,,,,,,,,,,,,,
/workspace/junmiaoh/experiments/precision-mlps/mechanism-0365cd3-20260923/evidence/population_coverage_inputs/heldout_all.npz,20,4e3ed54006e78d12b3076e00455a5c00e789b08bf2b974635b308b92d5307862,exp_right,22,400000,1.25,55.07171753169417,pure_effective_gradient_flow,False,False,55.07171753169417,0.0,0.0,11.014343506338832,21.777910797270003,14.03459071121887,-2830.6367420978618,False,conditioning,,no_initial_region,conditioning,0.0,0.0,0,,,,,,,,,,,,,,,,,,,,,,
/workspace/junmiaoh/experiments/precision-mlps/mechanism-0365cd3-20260923/evidence/population_coverage_inputs/heldout_all.npz,20,4e3ed54006e78d12b3076e00455a5c00e789b08bf2b974635b308b92d5307862,exp_right,22,400000,1.5,66.08606103803301,pure_effective_gradient_flow,False,False,66.08606103803301,0.0,0.0,22.028687012677672,21.777910797270003,14.03459071121887,-4891.576185134481,False,conditioning,,no_initial_region,conditioning,0.0,0.0,0,,,,,,,,,,,,,,,,,,,,,,
/workspace/junmiaoh/experiments/precision-mlps/mechanism-0365cd3-20260923/evidence/population_coverage_inputs/heldout_all.npz,20,4e3ed54006e78d12b3076e00455a5c00e789b08bf2b974635b308b92d5307862,exp_right,22,400000,2.0,88.11474805071067,pure_effective_gradient_flow,False,False,88.11474805071067,0.0,0.0,44.05737402535534,21.777910797270003,14.03459071121887,-11595.291296550296,False,conditioning,,no_initial_region,conditioning,0.0,0.0,0,,,,,,,,,,,,,,,,,,,,,,
/workspace/junmiaoh/experiments/precision-mlps/mechanism-0365cd3-20260923/evidence/population_coverage_inputs/heldout_all.npz,21,548f711ee1c78cd6c67845663eceb6a53d0a3bf0d6642fdb19667da78acbbff5,exp_left,22,400000,1.01,67.86798556235598,pure_effective_gradient_flow,False,False,67.86798556235598,0.0,0.0,0.6719602530926352,49.29036088598419,29.875983680086957,-5298.0608594252835,False,conditioning,,no_initial_region,conditioning,0.0,0.0,0,,,,,,,,,,,,,,,,,,,,,,
/workspace/junmiaoh/experiments/precision-mlps/mechanism-0365cd3-20260923/evidence/population_coverage_inputs/heldout_all.npz,21,548f711ee1c78cd6c67845663eceb6a53d0a3bf0d6642fdb19667da78acbbff5,exp_left,22,400000,1.025,68.87592594199492,pure_effective_gradient_flow,False,False,68.87592594199492,0.0,0.0,1.6799006327315738,49.29036088598419,29.875983680086957,-5537.650457062107,False,conditioning,,no_initial_region,conditioning,0.0,0.0,0,,,,,,,,,,,,,,,,,,,,,,
/workspace/junmiaoh/experiments/precision-mlps/mechanism-0365cd3-20260923/evidence/population_coverage_inputs/heldout_all.npz,21,548f711ee1c78cd6c67845663eceb6a53d0a3bf0d6642fdb19667da78acbbff5,exp_left,22,400000,1.05,70.55582657472652,pure_effective_gradient_flow,False,False,70.55582657472652,0.0,0.0,3.359801265463176,49.29036088598419,29.875983680086957,-5952.831227924953,False,conditioning,,no_initial_region,conditioning,0.0,0.0,0,,,,,,,,,,,,,,,,,,,,,,
/workspace/junmiaoh/experiments/precision-mlps/mechanism-0365cd3-20260923/evidence/population_coverage_inputs/heldout_all.npz,21,548f711ee1c78cd6c67845663eceb6a53d0a3bf0d6642fdb19667da78acbbff5,exp_left,22,400000,1.1,73.91562784018969,pure_effective_gradient_flow,False,False,73.91562784018969,0.0,0.0,6.719602530926338,49.29036088598419,29.875983680086957,-6844.421286661953,False,conditioning,,no_initial_region,conditioning,0.0,0.0,0,,,,,,,,,,,,,,,,,,,,,,
/workspace/junmiaoh/experiments/precision-mlps/mechanism-0365cd3-20260923/evidence/population_coverage_inputs/heldout_all.npz,21,548f711ee1c78cd6c67845663eceb6a53d0a3bf0d6642fdb19667da78acbbff5,exp_left,22,400000,1.25,83.99503163657918,pure_effective_gradient_flow,False,False,83.99503163657918,0.0,0.0,16.799006327315837,49.29036088598419,29.875983680086957,-10043.731829080161,False,conditioning,,no_initial_region,conditioning,0.0,0.0,0,,,,,,,,,,,,,,,,,,,,,,
/workspace/junmiaoh/experiments/precision-mlps/mechanism-0365cd3-20260923/evidence/population_coverage_inputs/heldout_all.npz,21,548f711ee1c78cd6c67845663eceb6a53d0a3bf0d6642fdb19667da78acbbff5,exp_left,22,400000,1.5,100.79403796389502,pure_effective_gradient_flow,False,False,100.79403796389502,0.0,0.0,33.598012654631674,49.29036088598419,29.875983680086957,-17355.79882124555,False,conditioning,,no_initial_region,conditioning,0.0,0.0,0,,,,,,,,,,,,,,,,,,,,,,
/workspace/junmiaoh/experiments/precision-mlps/mechanism-0365cd3-20260923/evidence/population_coverage_inputs/heldout_all.npz,21,548f711ee1c78cd6c67845663eceb6a53d0a3bf0d6642fdb19667da78acbbff5,exp_left,22,400000,2.0,134.3920506185267,pure_effective_gradient_flow,False,False,134.3920506185267,0.0,0.0,67.19602530926335,49.29036088598419,29.875983680086957,-41140.10464191538,False,conditioning,,no_initial_region,conditioning,0.0,0.0,0,,,,,,,,,,,,,,,,,,,,,,
/workspace/junmiaoh/experiments/precision-mlps/mechanism-0365cd3-20260923/evidence/population_coverage_inputs/heldout_all.npz,22,a3c9cc4ac01b7654910c0ab114e3c941aeb74aa5f6df11194bb850dd0bf70e31,gauss_left,22,400000,1.01,92.69313597494045,pure_effective_gradient_flow,False,False,92.69313597494045,0.0,0.0,0.9177538215340633,81.97096458354764,77.36161826112891,-13498.266336174589,False,conditioning,,no_initial_region,conditioning,0.0,0.0,0,,,,,,,,,,,,,,,,,,,,,,
/workspace/junmiaoh/experiments/precision-mlps/mechanism-0365cd3-20260923/evidence/population_coverage_inputs/heldout_all.npz,22,a3c9cc4ac01b7654910c0ab114e3c941aeb74aa5f6df11194bb850dd0bf70e31,gauss_left,22,400000,1.025,94.06976670724154,pure_effective_gradient_flow,False,False,94.06976670724154,0.0,0.0,2.294384553835158,81.97096458354764,77.36161826112891,-14108.668139420166,False,conditioning,,no_initial_region,conditioning,0.0,0.0,0,,,,,,,,,,,,,,,,,,,,,,
/workspace/junmiaoh/experiments/precision-mlps/mechanism-0365cd3-20260923/evidence/population_coverage_inputs/heldout_all.npz,22,a3c9cc4ac01b7654910c0ab114e3c941aeb74aa5f6df11194bb850dd0bf70e31,gauss_left,22,400000,1.05,96.3641512610767,pure_effective_gradient_flow,False,False,96.3641512610767,0.0,0.0,4.588769107670316,81.97096458354764,77.36161826112891,-15166.423124224288,False,conditioning,,no_initial_region,conditioning,0.0,0.0,0,,,,,,,,,,,,,,,,,,,,,,
/workspace/junmiaoh/experiments/precision-mlps/mechanism-0365cd3-20260923/evidence/population_coverage_inputs/heldout_all.npz,22,a3c9cc4ac01b7654910c0ab114e3c941aeb74aa5f6df11194bb850dd0bf70e31,gauss_left,22,400000,1.1,100.95292036874703,pure_effective_gradient_flow,False,False,100.95292036874703,0.0,0.0,9.177538215340647,81.97096458354764,77.36161826112891,-17437.92482954393,False,conditioning,,no_initial_region,conditioning,0.0,0.0,0,,,,,,,,,,,,,,,,,,,,,,
/workspace/junmiaoh/experiments/precision-mlps/mechanism-0365cd3-20260923/evidence/population_coverage_inputs/heldout_all.npz,22,a3c9cc4ac01b7654910c0ab114e3c941aeb74aa5f6df11194bb850dd0bf70e31,gauss_left,22,400000,1.25,114.71922769175798,pure_effective_gradient_flow,False,False,114.71922769175798,0.0,0.0,22.943845538351596,81.97096458354764,77.36161826112891,-25588.800090809826,False,conditioning,,no_initial_region,conditioning,0.0,0.0,0,,,,,,,,,,,,,,,,,,,,,,
/workspace/junmiaoh/experiments/precision-mlps/mechanism-0365cd3-20260923/evidence/population_coverage_inputs/heldout_all.npz,22,a3c9cc4ac01b7654910c0ab114e3c941aeb74aa5f6df11194bb850dd0bf70e31,gauss_left,22,400000,1.5,137.66307323010957,pure_effective_gradient_flow,False,False,137.66307323010957,0.0,0.0,45.88769107670319,81.97096458354764,77.36161826112891,-44217.73440804905,False,conditioning,,no_initial_region,conditioning,0.0,0.0,0,,,,,,,,,,,,,,,,,,,,,,
/workspace/junmiaoh/experiments/precision-mlps/mechanism-0365cd3-20260923/evidence/population_coverage_inputs/heldout_all.npz,22,a3c9cc4ac01b7654910c0ab114e3c941aeb74aa5f6df11194bb850dd0bf70e31,gauss_left,22,400000,2.0,183.55076430681277,pure_effective_gradient_flow,False,False,183.55076430681277,0.0,0.0,91.77538215340638,81.97096458354764,77.36161826112891,-104812.94933005799,False,conditioning,,no_initial_region,conditioning,0.0,0.0,0,,,,,,,,,,,,,,,,,,,,,,
/workspace/junmiaoh/experiments/precision-mlps/mechanism-0365cd3-20260923/evidence/population_coverage_inputs/heldout_all.npz,23,d4e14b1a928ec37ab6d8f245ace9ebd204e8bce8ae7f16487df38678ffdc416e,gauss_right,22,400000,1.01,124.4652942400573,pure_effective_gradient_flow,False,False,124.4652942400573,0.0,0.0,1.2323296459411637,141.53091373140128,128.60059293763388,-32680.42053225424,False,conditioning,,no_initial_region,conditioning,0.0,0.0,0,,,,,,,,,,,,,,,,,,,,,,
/workspace/junmiaoh/experiments/precision-mlps/mechanism-0365cd3-20260923/evidence/population_coverage_inputs/heldout_all.npz,23,d4e14b1a928ec37ab6d8f245ace9ebd204e8bce8ae7f16487df38678ffdc416e,gauss_right,22,400000,1.025,126.31378870896903,pure_effective_gradient_flow,False,False,126.31378870896903,0.0,0.0,3.080824114852888,141.53091373140128,128.60059293763388,-34158.228120504384,False,conditioning,,no_initial_region,conditioning,0.0,0.0,0,,,,,,,,,,,,,,,,,,,,,,
/workspace/junmiaoh/experiments/precision-mlps/mechanism-0365cd3-20260923/evidence/population_coverage_inputs/heldout_all.npz,23,d4e14b1a928ec37ab6d8f245ace9ebd204e8bce8ae7f16487df38678ffdc416e,gauss_right,22,400000,1.05,129.39461282382194,pure_effective_gradient_flow,False,False,129.39461282382194,0.0,0.0,6.161648229705804,141.53091373140128,128.60059293763388,-36719.09595336705,False,conditioning,,no_initial_region,conditioning,0.0,0.0,0,,,,,,,,,,,,,,,,,,,,,,
/workspace/junmiaoh/experiments/precision-mlps/mechanism-0365cd3-20260923/evidence/population_coverage_inputs/heldout_all.npz,23,d4e14b1a928ec37ab6d8f245ace9ebd204e8bce8ae7f16487df38678ffdc416e,gauss_right,22,400000,1.1,135.55626105352778,pure_effective_gradient_flow,False,False,135.55626105352778,0.0,0.0,12.323296459411637,141.53091373140128,128.60059293763388,-42218.49395480778,False,conditioning,,no_initial_region,conditioning,0.0,0.0,0,,,,,,,,,,,,,,,,,,,,,,
/workspace/junmiaoh/experiments/precision-mlps/mechanism-0365cd3-20260923/evidence/population_coverage_inputs/heldout_all.npz,23,d4e14b1a928ec37ab6d8f245ace9ebd204e8bce8ae7f16487df38678ffdc416e,gauss_right,22,400000,1.25,154.04120574264516,pure_effective_gradient_flow,False,False,154.04120574264516,0.0,0.0,30.80824114852902,141.53091373140128,128.60059293763388,-61952.09442573085,False,conditioning,,no_initial_region,conditioning,0.0,0.0,0,,,,,,,,,,,,,,,,,,,,,,
/workspace/junmiaoh/experiments/precision-mlps/mechanism-0365cd3-20260923/evidence/population_coverage_inputs/heldout_all.npz,23,d4e14b1a928ec37ab6d8f245ace9ebd204e8bce8ae7f16487df38678ffdc416e,gauss_right,22,400000,1.5,184.8494468911742,pure_effective_gradient_flow,False,False,184.8494468911742,0.0,0.0,61.61648229705807,141.53091373140128,128.60059293763388,-107053.50197179284,False,conditioning,,no_initial_region,conditioning,0.0,0.0,0,,,,,,,,,,,,,,,,,,,,,,
/workspace/junmiaoh/experiments/precision-mlps/mechanism-0365cd3-20260923/evidence/population_coverage_inputs/heldout_all.npz,23,d4e14b1a928ec37ab6d8f245ace9ebd204e8bce8ae7f16487df38678ffdc416e,gauss_right,22,400000,2.0,246.46592918823228,pure_effective_gradient_flow,False,False,246.46592918823228,0.0,0.0,123.23296459411614,141.53091373140128,128.60059293763388,-253756.98146228015,False,conditioning,,no_initial_region,conditioning,0.0,0.0,0,,,,,,,,,,,,,,,,,,,,,,
/workspace/junmiaoh/experiments/precision-mlps/mechanism-0365cd3-20260923/evidence/population_coverage_inputs/heldout_all.npz,24,a97f4ac936b13838bd669846020f040b3cd6d4476b4dcc7a4643abf6fbca2a24,bump_left,22,400000,1.01,86.01050630921092,pure_effective_gradient_flow,False,False,86.01050630921092,0.0,0.0,0.8515891713783219,71.70119023509876,67.58430218876461,-10784.16675679629,False,conditioning,,no_initial_region,conditioning,0.0,0.0,0,,,,,,,,,,,,,,,,,,,,,,
/workspace/junmiaoh/experiments/precision-mlps/mechanism-0365cd3-20260923/evidence/population_coverage_inputs/heldout_all.npz,24,a97f4ac936b13838bd669846020f040b3cd6d4476b4dcc7a4643abf6fbca2a24,bump_left,22,400000,1.025,87.28789006627841,pure_effective_gradient_flow,False,False,87.28789006627841,0.0,0.0,2.1289729284458048,71.70119023509876,67.58430218876461,-11271.838502339411,False,conditioning,,no_initial_region,conditioning,0.0,0.0,0,,,,,,,,,,,,,,,,,,,,,,
/workspace/junmiaoh/experiments/precision-mlps/mechanism-0365cd3-20260923/evidence/population_coverage_inputs/heldout_all.npz,24,a97f4ac936b13838bd669846020f040b3cd6d4476b4dcc7a4643abf6fbca2a24,bump_left,22,400000,1.05,89.41686299472424,pure_effective_gradient_flow,False,False,89.41686299472424,0.0,0.0,4.257945856891638,71.70119023509876,67.58430218876461,-12116.916641122107,False,conditioning,,no_initial_region,conditioning,0.0,0.0,0,,,,,,,,,,,,,,,,,,,,,,
/workspace/junmiaoh/experiments/precision-mlps/mechanism-0365cd3-20260923/evidence/population_coverage_inputs/heldout_all.npz,24,a97f4ac936b13838bd669846020f040b3cd6d4476b4dcc7a4643abf6fbca2a24,bump_left,22,400000,1.1,93.67480885161586,pure_effective_gradient_flow,False,False,93.67480885161586,0.0,0.0,8.515891713783262,71.70119023509876,67.58430218876461,-13931.70027339086,False,conditioning,,no_initial_region,conditioning,0.0,0.0,0,,,,,,,,,,,,,,,,,,,,,,
/workspace/junmiaoh/experiments/precision-mlps/mechanism-0365cd3-20260923/evidence/population_coverage_inputs/heldout_all.npz,24,a97f4ac936b13838bd669846020f040b3cd6d4476b4dcc7a4643abf6fbca2a24,bump_left,22,400000,1.25,106.44864642229075,pure_effective_gradient_flow,False,False,106.44864642229075,0.0,0.0,21.289729284458147,71.70119023509876,67.58430218876461,-20443.724886081272,False,conditioning,,no_initial_region,conditioning,0.0,0.0,0,,,,,,,,,,,,,,,,,,,,,,
/workspace/junmiaoh/experiments/precision-mlps/mechanism-0365cd3-20260923/evidence/population_coverage_inputs/heldout_all.npz,24,a97f4ac936b13838bd669846020f040b3cd6d4476b4dcc7a4643abf6fbca2a24,bump_left,22,400000,1.5,127.73837570674891,pure_effective_gradient_flow,False,False,127.73837570674891,0.0,0.0,42.57945856891631,71.70119023509876,67.58430218876461,-35327.04414855939,False,conditioning,,no_initial_region,conditioning,0.0,0.0,0,,,,,,,,,,,,,,,,,,,,,,
/workspace/junmiaoh/experiments/precision-mlps/mechanism-0365cd3-20260923/evidence/population_coverage_inputs/heldout_all.npz,24,a97f4ac936b13838bd669846020f040b3cd6d4476b4dcc7a4643abf6fbca2a24,bump_left,22,400000,2.0,170.3178342756652,pure_effective_gradient_flow,False,False,170.3178342756652,0.0,0.0,85.1589171378326,71.70119023509876,67.58430218876461,-83738.71999134531,False,conditioning,,no_initial_region,conditioning,0.0,0.0,0,,,,,,,,,,,,,,,,,,,,,,
/workspace/junmiaoh/experiments/precision-mlps/mechanism-0365cd3-20260923/evidence/population_coverage_inputs/heldout_all.npz,25,f381c8168a589b7ce1cf07aa822a14462b26eb9e9495b42187647adb7429af94,bump_right,22,400000,1.01,124.84552889187965,pure_effective_gradient_flow,False,False,124.84552889187965,0.0,0.0,1.2360943454641529,155.80326728197147,143.06211202966486,-32980.848598123994,False,conditioning,,no_initial_region,conditioning,0.0,0.0,0,,,,,,,,,,,,,,,,,,,,,,
/workspace/junmiaoh/experiments/precision-mlps/mechanism-0365cd3-20260923/evidence/population_coverage_inputs/heldout_all.npz,25,f381c8168a589b7ce1cf07aa822a14462b26eb9e9495b42187647adb7429af94,bump_right,22,400000,1.025,126.69967041007588,pure_effective_gradient_flow,False,False,126.69967041007588,0.0,0.0,3.090235863660382,155.80326728197147,143.06211202966486,-34472.24146781397,False,conditioning,,no_initial_region,conditioning,0.0,0.0,0,,,,,,,,,,,,,,,,,,,,,,
/workspace/junmiaoh/experiments/precision-mlps/mechanism-0365cd3-20260923/evidence/population_coverage_inputs/heldout_all.npz,25,f381c8168a589b7ce1cf07aa822a14462b26eb9e9495b42187647adb7429af94,bump_right,22,400000,1.05,129.78990627373628,pure_effective_gradient_flow,False,False,129.78990627373628,0.0,0.0,6.1804717273207785,155.80326728197147,143.06211202966486,-37056.651005643,False,conditioning,,no_initial_region,conditioning,0.0,0.0,0,,,,,,,,,,,,,,,,,,,,,,
/workspace/junmiaoh/experiments/precision-mlps/mechanism-0365cd3-20260923/evidence/population_coverage_inputs/heldout_all.npz,25,f381c8168a589b7ce1cf07aa822a14462b26eb9e9495b42187647adb7429af94,bump_right,22,400000,1.1,135.97037800105707,pure_effective_gradient_flow,False,False,135.97037800105707,0.0,0.0,12.360943454641571,155.80326728197147,143.06211202966486,-42606.6042148071,False,conditioning,,no_initial_region,conditioning,0.0,0.0,0,,,,,,,,,,,,,,,,,,,,,,
/workspace/junmiaoh/experiments/precision-mlps/mechanism-0365cd3-20260923/evidence/population_coverage_inputs/heldout_all.npz,25,f381c8168a589b7ce1cf07aa822a14462b26eb9e9495b42187647adb7429af94,bump_right,22,400000,1.25,154.51179318301936,pure_effective_gradient_flow,False,False,154.51179318301936,0.0,0.0,30.902358636603864,155.80326728197147,143.06211202966486,-62521.61295454005,False,conditioning,,no_initial_region,conditioning,0.0,0.0,0,,,,,,,,,,,,,,,,,,,,,,
/workspace/junmiaoh/experiments/precision-mlps/mechanism-0365cd3-20260923/evidence/population_coverage_inputs/heldout_all.npz,25,f381c8168a589b7ce1cf07aa822a14462b26eb9e9495b42187647adb7429af94,bump_right,22,400000,1.5,185.41415181962324,pure_effective_gradient_flow,False,False,185.41415181962324,0.0,0.0,61.80471727320774,155.80326728197147,143.06211202966486,-108037.63152284679,False,conditioning,,no_initial_region,conditioning,0.0,0.0,0,,,,,,,,,,,,,,,,,,,,,,
/workspace/junmiaoh/experiments/precision-mlps/mechanism-0365cd3-20260923/evidence/population_coverage_inputs/heldout_all.npz,25,f381c8168a589b7ce1cf07aa822a14462b26eb9e9495b42187647adb7429af94,bump_right,22,400000,2.0,247.218869092831,pure_effective_gradient_flow,False,False,247.218869092831,0.0,0.0,123.6094345464155,155.80326728197147,143.06211202966486,-256089.73587689947,False,conditioning,,no_initial_region,conditioning,0.0,0.0,0,,,,,,,,,,,,,,,,,,,,,,
/workspace/junmiaoh/experiments/precision-mlps/mechanism-0365cd3-20260923/evidence/population_coverage_inputs/heldout_all.npz,26,e3298ec11eff1d9f99311966da37f5e32b047c34a2fd56abf1e430076b18e501,step_left,22,400000,1.01,60.497553527446215,pure_effective_gradient_flow,False,False,60.497553527446215,0.0,0.0,0.5989856784895693,28.42011415896408,24.95668738784831,-3752.4726548236513,False,conditioning,,no_initial_region,conditioning,0.0,0.0,0,,,,,,,,,,,,,,,,,,,,,,
/workspace/junmiaoh/experiments/precision-mlps/mechanism-0365cd3-20260923/evidence/population_coverage_inputs/heldout_all.npz,26,e3298ec11eff1d9f99311966da37f5e32b047c34a2fd56abf1e430076b18e501,step_left,22,400000,1.025,61.396032045180554,pure_effective_gradient_flow,False,False,61.396032045180554,0.0,0.0,1.497464196223909,28.42011415896408,24.95668738784831,-3922.174482356572,False,conditioning,,no_initial_region,conditioning,0.0,0.0,0,,,,,,,,,,,,,,,,,,,,,,
/workspace/junmiaoh/experiments/precision-mlps/mechanism-0365cd3-20260923/evidence/population_coverage_inputs/heldout_all.npz,26,e3298ec11eff1d9f99311966da37f5e32b047c34a2fd56abf1e430076b18e501,step_left,22,400000,1.05,62.89349624140448,pure_effective_gradient_flow,False,False,62.89349624140448,0.0,0.0,2.9949283924478323,28.42011415896408,24.95668738784831,-4216.247915706343,False,conditioning,,no_initial_region,conditioning,0.0,0.0,0,,,,,,,,,,,,,,,,,,,,,,
/workspace/junmiaoh/experiments/precision-mlps/mechanism-0365cd3-20260923/evidence/population_coverage_inputs/heldout_all.npz,26,e3298ec11eff1d9f99311966da37f5e32b047c34a2fd56abf1e430076b18e501,step_left,22,400000,1.1,65.88842463385231,pure_effective_gradient_flow,False,False,65.88842463385231,0.0,0.0,5.9898567848956645,28.42011415896408,24.95668738784831,-4847.763072750865,False,conditioning,,no_initial_region,conditioning,0.0,0.0,0,,,,,,,,,,,,,,,,,,,,,,
/workspace/junmiaoh/experiments/precision-mlps/mechanism-0365cd3-20260923/evidence/population_coverage_inputs/heldout_all.npz,26,e3298ec11eff1d9f99311966da37f5e32b047c34a2fd56abf1e430076b18e501,step_left,22,400000,1.25,74.8732098111958,pure_effective_gradient_flow,False,False,74.8732098111958,0.0,0.0,14.974641962239161,28.42011415896408,24.95668738784831,-7113.841613926485,False,conditioning,,no_initial_region,conditioning,0.0,0.0,0,,,,,,,,,,,,,,,,,,,,,,
/workspace/junmiaoh/experiments/precision-mlps/mechanism-0365cd3-20260923/evidence/population_coverage_inputs/heldout_all.npz,26,e3298ec11eff1d9f99311966da37f5e32b047c34a2fd56abf1e430076b18e501,step_left,22,400000,1.5,89.84785177343497,pure_effective_gradient_flow,False,False,89.84785177343497,0.0,0.0,29.949283924478323,28.42011415896408,24.95668738784831,-12292.994397907332,False,conditioning,,no_initial_region,conditioning,0.0,0.0,0,,,,,,,,,,,,,,,,,,,,,,
/workspace/junmiaoh/experiments/precision-mlps/mechanism-0365cd3-20260923/evidence/population_coverage_inputs/heldout_all.npz,26,e3298ec11eff1d9f99311966da37f5e32b047c34a2fd56abf1e430076b18e501,step_left,22,400000,2.0,119.79713569791329,pure_effective_gradient_flow,False,False,119.79713569791329,0.0,0.0,59.898567848956645,28.42011415896408,24.95668738784831,-29139.469387559322,False,conditioning,,no_initial_region,conditioning,0.0,0.0,0,,,,,,,,,,,,,,,,,,,,,,
/workspace/junmiaoh/experiments/precision-mlps/mechanism-0365cd3-20260923/evidence/population_coverage_inputs/heldout_all.npz,27,76b8f3c98f6e4eb1ca0d4d4f130aa3761c8bb01ef5e77c95eadd3611df9cf16b,step_right,22,400000,1.01,78.93344517389637,pure_effective_gradient_flow,False,False,78.93344517389637,0.0,0.0,0.7815192591474869,42.180824585528455,36.94838299650485,-8335.110723442278,False,conditioning,,no_initial_region,conditioning,0.0,0.0,0,,,,,,,,,,,,,,,,,,,,,,
/workspace/junmiaoh/experiments/precision-mlps/mechanism-0365cd3-20260923/evidence/population_coverage_inputs/heldout_all.npz,27,76b8f3c98f6e4eb1ca0d4d4f130aa3761c8bb01ef5e77c95eadd3611df9cf16b,step_right,22,400000,1.025,80.1057240626176,pure_effective_gradient_flow,False,False,80.1057240626176,0.0,0.0,1.95379814786871,42.180824585528455,36.94838299650485,-8712.036864194592,False,conditioning,,no_initial_region,conditioning,0.0,0.0,0,,,,,,,,,,,,,,,,,,,,,,
/workspace/junmiaoh/experiments/precision-mlps/mechanism-0365cd3-20260923/evidence/population_coverage_inputs/heldout_all.npz,27,76b8f3c98f6e4eb1ca0d4d4f130aa3761c8bb01ef5e77c95eadd3611df9cf16b,step_right,22,400000,1.05,82.05952221048634,pure_effective_gradient_flow,False,False,82.05952221048634,0.0,0.0,3.9075962957374486,42.180824585528455,36.94838299650485,-9365.205813178414,False,conditioning,,no_initial_region,conditioning,0.0,0.0,0,,,,,,,,,,,,,,,,,,,,,,
/workspace/junmiaoh/experiments/precision-mlps/mechanism-0365cd3-20260923/evidence/population_coverage_inputs/heldout_all.npz,27,76b8f3c98f6e4eb1ca0d4d4f130aa3761c8bb01ef5e77c95eadd3611df9cf16b,step_right,22,400000,1.1,85.96711850622378,pure_effective_gradient_flow,False,False,85.96711850622378,0.0,0.0,7.815192591474897,42.180824585528455,36.94838299650485,-10767.86938157874,False,conditioning,,no_initial_region,conditioning,0.0,0.0,0,,,,,,,,,,,,,,,,,,,,,,
/workspace/junmiaoh/experiments/precision-mlps/mechanism-0365cd3-20260923/evidence/population_coverage_inputs/heldout_all.npz,27,76b8f3c98f6e4eb1ca0d4d4f130aa3761c8bb01ef5e77c95eadd3611df9cf16b,step_right,22,400000,1.25,97.6899073934361,pure_effective_gradient_flow,False,False,97.6899073934361,0.0,0.0,19.537981478687215,42.180824585528455,36.94838299650485,-15801.075279147874,False,conditioning,,no_initial_region,conditioning,0.0,0.0,0,,,,,,,,,,,,,,,,,,,,,,
/workspace/junmiaoh/experiments/precision-mlps/mechanism-0365cd3-20260923/evidence/population_coverage_inputs/heldout_all.npz,27,76b8f3c98f6e4eb1ca0d4d4f130aa3761c8bb01ef5e77c95eadd3611df9cf16b,step_right,22,400000,1.5,117.22788887212333,pure_effective_gradient_flow,False,False,117.22788887212333,0.0,0.0,39.07596295737444,42.180824585528455,36.94838299650485,-27304.534609035156,False,conditioning,,no_initial_region,conditioning,0.0,0.0,0,,,,,,,,,,,,,,,,,,,,,,
/workspace/junmiaoh/experiments/precision-mlps/mechanism-0365cd3-20260923/evidence/population_coverage_inputs/heldout_all.npz,27,76b8f3c98f6e4eb1ca0d4d4f130aa3761c8bb01ef5e77c95eadd3611df9cf16b,step_right,22,400000,2.0,156.30385182949777,pure_effective_gradient_flow,False,False,156.30385182949777,0.0,0.0,78.15192591474889,42.180824585528455,36.94838299650485,-64722.380341415745,False,conditioning,,no_initial_region,conditioning,0.0,0.0,0,,,,,,,,,,,,,,,,,,,,,,
/workspace/junmiaoh/experiments/precision-mlps/mechanism-0365cd3-20260923/evidence/population_coverage_inputs/heldout_all.npz,28,8250af3d9e723a38115908a0f20682d48f713af780cd0dea2eacf2a7bb265c4c,kink_abs,22,400000,1.01,35.711962506900406,pure_effective_gradient_flow,False,False,35.711962506900406,0.0,0.0,0.35358378719703154,22.782123261476336,18.2776553932604,-771.588221987,False,conditioning,,no_initial_region,conditioning,0.0,0.0,0,,,,,,,,,,,,,,,,,,,,,,
/workspace/junmiaoh/experiments/precision-mlps/mechanism-0365cd3-20260923/evidence/population_coverage_inputs/heldout_all.npz,28,8250af3d9e723a38115908a0f20682d48f713af780cd0dea2eacf2a7bb265c4c,kink_abs,22,400000,1.025,36.24233818769596,pure_effective_gradient_flow,False,False,36.24233818769596,0.0,0.0,0.8839594679925824,22.782123261476336,18.2776553932604,-806.4953591683642,False,conditioning,,no_initial_region,conditioning,0.0,0.0,0,,,,,,,,,,,,,,,,,,,,,,
/workspace/junmiaoh/experiments/precision-mlps/mechanism-0365cd3-20260923/evidence/population_coverage_inputs/heldout_all.npz,28,8250af3d9e723a38115908a0f20682d48f713af780cd0dea2eacf2a7bb265c4c,kink_abs,22,400000,1.05,37.126297655688546,pure_effective_gradient_flow,False,False,37.126297655688546,0.0,0.0,1.767918935985172,22.782123261476336,18.2776553932604,-866.9853481600489,False,conditioning,,no_initial_region,conditioning,0.0,0.0,0,,,,,,,,,,,,,,,,,,,,,,
/workspace/junmiaoh/experiments/precision-mlps/mechanism-0365cd3-20260923/evidence/population_coverage_inputs/heldout_all.npz,28,8250af3d9e723a38115908a0f20682d48f713af780cd0dea2eacf2a7bb265c4c,kink_abs,22,400000,1.1,38.89421659167372,pure_effective_gradient_flow,False,False,38.89421659167372,0.0,0.0,3.535837871970344,22.782123261476336,18.2776553932604,-996.8860483442429,False,conditioning,,no_initial_region,conditioning,0.0,0.0,0,,,,,,,,,,,,,,,,,,,,,,
/workspace/junmiaoh/experiments/precision-mlps/mechanism-0365cd3-20260923/evidence/population_coverage_inputs/heldout_all.npz,28,8250af3d9e723a38115908a0f20682d48f713af780cd0dea2eacf2a7bb265c4c,kink_abs,22,400000,1.25,44.19797339962922,pure_effective_gradient_flow,False,False,44.19797339962922,0.0,0.0,8.839594679925845,22.782123261476336,18.2776553932604,-1463.0113438141286,False,conditioning,,no_initial_region,conditioning,0.0,0.0,0,,,,,,,,,,,,,,,,,,,,,,
/workspace/junmiaoh/experiments/precision-mlps/mechanism-0365cd3-20260923/evidence/population_coverage_inputs/heldout_all.npz,28,8250af3d9e723a38115908a0f20682d48f713af780cd0dea2eacf2a7bb265c4c,kink_abs,22,400000,1.5,53.03756807955506,pure_effective_gradient_flow,False,False,53.03756807955506,0.0,0.0,17.679189359851684,22.782123261476336,18.2776553932604,-2528.3469347263153,False,conditioning,,no_initial_region,conditioning,0.0,0.0,0,,,,,,,,,,,,,,,,,,,,,,
/workspace/junmiaoh/experiments/precision-mlps/mechanism-0365cd3-20260923/evidence/population_coverage_inputs/heldout_all.npz,28,8250af3d9e723a38115908a0f20682d48f713af780cd0dea2eacf2a7bb265c4c,kink_abs,22,400000,2.0,70.71675743940675,pure_effective_gradient_flow,False,False,70.71675743940675,0.0,0.0,35.358378719703374,22.782123261476336,18.2776553932604,-5993.614351319803,False,conditioning,,no_initial_region,conditioning,0.0,0.0,0,,,,,,,,,,,,,,,,,,,,,,
/workspace/junmiaoh/experiments/precision-mlps/mechanism-0365cd3-20260923/evidence/population_coverage_inputs/heldout_all.npz,29,66da24bc87383ab59267351d1ae5c275a768ff4ac6dbf7eaef5b81806a508195,kink_relu,22,400000,1.01,57.575121052148624,pure_effective_gradient_flow,False,False,57.575121052148624,0.0,0.0,0.570050703486622,27.544540248835283,18.709874154054265,-3234.5047802790723,False,conditioning,,no_initial_region,conditioning,0.0,0.0,0,,,,,,,,,,,,,,,,,,,,,,
/workspace/junmiaoh/experiments/precision-mlps/mechanism-0365cd3-20260923/evidence/population_coverage_inputs/heldout_all.npz,29,66da24bc87383ab59267351d1ae5c275a768ff4ac6dbf7eaef5b81806a508195,kink_relu,22,400000,1.025,58.43019710737855,pure_effective_gradient_flow,False,False,58.43019710737855,0.0,0.0,1.4251267587165444,27.544540248835283,18.709874154054265,-3380.7823246652733,False,conditioning,,no_initial_region,conditioning,0.0,0.0,0,,,,,,,,,,,,,,,,,,,,,,
/workspace/junmiaoh/experiments/precision-mlps/mechanism-0365cd3-20260923/evidence/population_coverage_inputs/heldout_all.npz,29,66da24bc87383ab59267351d1ae5c275a768ff4ac6dbf7eaef5b81806a508195,kink_relu,22,400000,1.05,59.855323866095105,pure_effective_gradient_flow,False,False,59.855323866095105,0.0,0.0,2.850253517433103,27.544540248835283,18.709874154054265,-3634.2642130160552,False,conditioning,,no_initial_region,conditioning,0.0,0.0,0,,,,,,,,,,,,,,,,,,,,,,
/workspace/junmiaoh/experiments/precision-mlps/mechanism-0365cd3-20260923/evidence/population_coverage_inputs/heldout_all.npz,29,66da24bc87383ab59267351d1ae5c275a768ff4ac6dbf7eaef5b81806a508195,kink_relu,22,400000,1.1,62.70557738352821,pure_effective_gradient_flow,False,False,62.70557738352821,0.0,0.0,5.700507034866206,27.544540248835283,18.709874154054265,-4178.610068084812,False,conditioning,,no_initial_region,conditioning,0.0,0.0,0,,,,,,,,,,,,,,,,,,,,,,
/workspace/junmiaoh/experiments/precision-mlps/mechanism-0365cd3-20260923/evidence/population_coverage_inputs/heldout_all.npz,29,66da24bc87383ab59267351d1ae5c275a768ff4ac6dbf7eaef5b81806a508195,kink_relu,22,400000,1.25,71.2563379358275,pure_effective_gradient_flow,False,False,71.2563379358275,0.0,0.0,14.2512675871655,27.544540248835283,18.709874154054265,-6131.897249539174,False,conditioning,,no_initial_region,conditioning,0.0,0.0,0,,,,,,,,,,,,,,,,,,,,,,
/workspace/junmiaoh/experiments/precision-mlps/mechanism-0365cd3-20260923/evidence/population_coverage_inputs/heldout_all.npz,29,66da24bc87383ab59267351d1ae5c275a768ff4ac6dbf7eaef5b81806a508195,kink_relu,22,400000,1.5,85.507605522993,pure_effective_gradient_flow,False,False,85.507605522993,0.0,0.0,28.502535174331,27.544540248835283,18.709874154054265,-10596.161201526991,False,conditioning,,no_initial_region,conditioning,0.0,0.0,0,,,,,,,,,,,,,,,,,,,,,,
/workspace/junmiaoh/experiments/precision-mlps/mechanism-0365cd3-20260923/evidence/population_coverage_inputs/heldout_all.npz,29,66da24bc87383ab59267351d1ae5c275a768ff4ac6dbf7eaef5b81806a508195,kink_relu,22,400000,2.0,114.010140697324,pure_effective_gradient_flow,False,False,114.010140697324,0.0,0.0,57.005070348662,27.544540248835283,18.709874154054265,-25117.283506893964,False,conditioning,,no_initial_region,conditioning,0.0,0.0,0,,,,,,,,,,,,,,,,,,,,,,
/workspace/junmiaoh/experiments/precision-mlps/mechanism-0365cd3-20260923/evidence/population_coverage_inputs/heldout_all.npz,30,77e8c4931b109ca608bc6b835408c73588e6efef32b3317fc704110510a52757,exp_right,23,400000,1.01,44.40562221459134,pure_effective_gradient_flow,False,False,44.40562221459134,0.0,0.0,0.439659625887046,21.47576120824858,14.135599857730062,-1483.7681435114569,False,conditioning,,no_initial_region,conditioning,0.0,0.0,0,,,,,,,,,,,,,,,,,,,,,,
/workspace/junmiaoh/experiments/precision-mlps/mechanism-0365cd3-20260923/evidence/population_coverage_inputs/heldout_all.npz,30,77e8c4931b109ca608bc6b835408c73588e6efef32b3317fc704110510a52757,exp_right,23,400000,1.025,45.065111653421894,pure_effective_gradient_flow,False,False,45.065111653421894,0.0,0.0,1.0991490647176008,21.47576120824858,14.135599857730062,-1550.8781006195038,False,conditioning,,no_initial_region,conditioning,0.0,0.0,0,,,,,,,,,,,,,,,,,,,,,,
/workspace/junmiaoh/experiments/precision-mlps/mechanism-0365cd3-20260923/evidence/population_coverage_inputs/heldout_all.npz,30,77e8c4931b109ca608bc6b835408c73588e6efef32b3317fc704110510a52757,exp_right,23,400000,1.05,46.16426071813951,pure_effective_gradient_flow,False,False,46.16426071813951,0.0,0.0,2.1982981294352157,21.47576120824858,14.135599857730062,-1667.1718128654188,False,conditioning,,no_initial_region,conditioning,0.0,0.0,0,,,,,,,,,,,,,,,,,,,,,,
/workspace/junmiaoh/experiments/precision-mlps/mechanism-0365cd3-20260923/evidence/population_coverage_inputs/heldout_all.npz,30,77e8c4931b109ca608bc6b835408c73588e6efef32b3317fc704110510a52757,exp_right,23,400000,1.1,48.362558847574725,pure_effective_gradient_flow,False,False,48.362558847574725,0.0,0.0,4.3965962588704315,21.47576120824858,14.135599857730062,-1916.9095777349105,False,conditioning,,no_initial_region,conditioning,0.0,0.0,0,,,,,,,,,,,,,,,,,,,,,,
/workspace/junmiaoh/experiments/precision-mlps/mechanism-0365cd3-20260923/evidence/population_coverage_inputs/heldout_all.npz,30,77e8c4931b109ca608bc6b835408c73588e6efef32b3317fc704110510a52757,exp_right,23,400000,1.25,54.957453235880365,pure_effective_gradient_flow,False,False,54.957453235880365,0.0,0.0,10.991490647176072,21.47576120824858,14.135599857730062,-2813.0486229803755,False,conditioning,,no_initial_region,conditioning,0.0,0.0,0,,,,,,,,,,,,,,,,,,,,,,
/workspace/junmiaoh/experiments/precision-mlps/mechanism-0365cd3-20260923/evidence/population_coverage_inputs/heldout_all.npz,30,77e8c4931b109ca608bc6b835408c73588e6efef32b3317fc704110510a52757,exp_right,23,400000,1.5,65.94894388305644,pure_effective_gradient_flow,False,False,65.94894388305644,0.0,0.0,21.98298129435215,21.47576120824858,14.135599857730062,-4861.186384617341,False,conditioning,,no_initial_region,conditioning,0.0,0.0,0,,,,,,,,,,,,,,,,,,,,,,
/workspace/junmiaoh/experiments/precision-mlps/mechanism-0365cd3-20260923/evidence/population_coverage_inputs/heldout_all.npz,30,77e8c4931b109ca608bc6b835408c73588e6efef32b3317fc704110510a52757,exp_right,23,400000,2.0,87.93192517740859,pure_effective_gradient_flow,False,False,87.93192517740859,0.0,0.0,43.96596258870429,21.47576120824858,14.135599857730062,-11523.260862029882,False,conditioning,,no_initial_region,conditioning,0.0,0.0,0,,,,,,,,,,,,,,,,,,,,,,
/workspace/junmiaoh/experiments/precision-mlps/mechanism-0365cd3-20260923/evidence/population_coverage_inputs/heldout_all.npz,31,8994cddd40776f011e05441dd672a42074f36b25e077d50051e2a197e67dc23f,exp_left,23,400000,1.01,73.15194108941064,pure_effective_gradient_flow,False,False,73.15194108941064,0.0,0.0,0.7242766444496169,38.96235300181706,26.46599668788655,-6634.430779925406,False,conditioning,,no_initial_region,conditioning,0.0,0.0,0,,,,,,,,,,,,,,,,,,,,,,
/workspace/junmiaoh/experiments/precision-mlps/mechanism-0365cd3-20260923/evidence/population_coverage_inputs/heldout_all.npz,31,8994cddd40776f011e05441dd672a42074f36b25e077d50051e2a197e67dc23f,exp_left,23,400000,1.025,74.23835605608504,pure_effective_gradient_flow,False,False,74.23835605608504,0.0,0.0,1.8106916111240139,38.96235300181706,26.46599668788655,-6934.451083207997,False,conditioning,,no_initial_region,conditioning,0.0,0.0,0,,,,,,,,,,,,,,,,,,,,,,
/workspace/junmiaoh/experiments/precision-mlps/mechanism-0365cd3-20260923/evidence/population_coverage_inputs/heldout_all.npz,31,8994cddd40776f011e05441dd672a42074f36b25e077d50051e2a197e67dc23f,exp_left,23,400000,1.05,76.04904766720908,pure_effective_gradient_flow,False,False,76.04904766720908,0.0,0.0,3.621383222248056,38.96235300181706,26.46599668788655,-7454.351204164776,False,conditioning,,no_initial_region,conditioning,0.0,0.0,0,,,,,,,,,,,,,,,,,,,,,,
/workspace/junmiaoh/experiments/precision-mlps/mechanism-0365cd3-20260923/evidence/population_coverage_inputs/heldout_all.npz,31,8994cddd40776f011e05441dd672a42074f36b25e077d50051e2a197e67dc23f,exp_left,23,400000,1.1,79.67043088945714,pure_effective_gradient_flow,False,False,79.67043088945714,0.0,0.0,7.242766444496112,38.96235300181706,26.46599668788655,-8570.82338185713,False,conditioning,,no_initial_region,conditioning,0.0,0.0,0,,,,,,,,,,,,,,,,,,,,,,
/workspace/junmiaoh/experiments/precision-mlps/mechanism-0365cd3-20260923/evidence/population_coverage_inputs/heldout_all.npz,31,8994cddd40776f011e05441dd672a42074f36b25e077d50051e2a197e67dc23f,exp_left,23,400000,1.25,90.53458055620128,pure_effective_gradient_flow,False,False,90.53458055620128,0.0,0.0,18.106916111240253,38.96235300181706,26.46599668788655,-12577.082955306896,False,conditioning,,no_initial_region,conditioning,0.0,0.0,0,,,,,,,,,,,,,,,,,,,,,,
/workspace/junmiaoh/experiments/precision-mlps/mechanism-0365cd3-20260923/evidence/population_coverage_inputs/heldout_all.npz,31,8994cddd40776f011e05441dd672a42074f36b25e077d50051e2a197e67dc23f,exp_left,23,400000,1.5,108.64149666744154,pure_effective_gradient_flow,False,False,108.64149666744154,0.0,0.0,36.21383222248052,38.96235300181706,26.46599668788655,-21733.442739914328,False,conditioning,,no_initial_region,conditioning,0.0,0.0,0,,,,,,,,,,,,,,,,,,,,,,
/workspace/junmiaoh/experiments/precision-mlps/mechanism-0365cd3-20260923/evidence/population_coverage_inputs/heldout_all.npz,31,8994cddd40776f011e05441dd672a42074f36b25e077d50051e2a197e67dc23f,exp_left,23,400000,2.0,144.85532888992205,pure_effective_gradient_flow,False,False,144.85532888992205,0.0,0.0,72.42766444496102,38.96235300181706,26.46599668788655,-51516.76687446155,False,conditioning,,no_initial_region,conditioning,0.0,0.0,0,,,,,,,,,,,,,,,,,,,,,,
/workspace/junmiaoh/experiments/precision-mlps/mechanism-0365cd3-20260923/evidence/population_coverage_inputs/heldout_all.npz,32,079ed938eb34ffdb0858608c491118c09041e4dc01c7bdf11198308cd3e06d29,gauss_left,23,400000,1.01,93.67468472596255,pure_effective_gradient_flow,False,False,93.67468472596255,0.0,0.0,0.9274721259996284,86.7176486350251,80.83576449895656,-13931.646842051627,False,conditioning,,no_initial_region,conditioning,0.0,0.0,0,,,,,,,,,,,,,,,,,,,,,,
/workspace/junmiaoh/experiments/precision-mlps/mechanism-0365cd3-20260923/evidence/population_coverage_inputs/heldout_all.npz,32,079ed938eb34ffdb0858608c491118c09041e4dc01c7bdf11198308cd3e06d29,gauss_left,23,400000,1.025,95.06589291496199,pure_effective_gradient_flow,False,False,95.06589291496199,0.0,0.0,2.318680314999071,86.7176486350251,80.83576449895656,-14561.645757949453,False,conditioning,,no_initial_region,conditioning,0.0,0.0,0,,,,,,,,,,,,,,,,,,,,,,
/workspace/junmiaoh/experiments/precision-mlps/mechanism-0365cd3-20260923/evidence/population_coverage_inputs/heldout_all.npz,32,079ed938eb34ffdb0858608c491118c09041e4dc01c7bdf11198308cd3e06d29,gauss_left,23,400000,1.05,97.38457322996108,pure_effective_gradient_flow,False,False,97.38457322996108,0.0,0.0,4.637360629998156,86.7176486350251,80.83576449895656,-15653.360248583127,False,conditioning,,no_initial_region,conditioning,0.0,0.0,0,,,,,,,,,,,,,,,,,,,,,,
/workspace/junmiaoh/experiments/precision-mlps/mechanism-0365cd3-20260923/evidence/population_coverage_inputs/heldout_all.npz,32,079ed938eb34ffdb0858608c491118c09041e4dc01c7bdf11198308cd3e06d29,gauss_left,23,400000,1.1,102.02193385995922,pure_effective_gradient_flow,False,False,102.02193385995922,0.0,0.0,9.274721259996298,86.7176486350251,80.83576449895656,-17997.78912183089,False,conditioning,,no_initial_region,conditioning,0.0,0.0,0,,,,,,,,,,,,,,,,,,,,,,
/workspace/junmiaoh/experiments/precision-mlps/mechanism-0365cd3-20260923/evidence/population_coverage_inputs/heldout_all.npz,32,079ed938eb34ffdb0858608c491118c09041e4dc01c7bdf11198308cd3e06d29,gauss_left,23,400000,1.25,115.93401574995366,pure_effective_gradient_flow,False,False,115.93401574995366,0.0,0.0,23.186803149990737,86.7176486350251,80.83576449895656,-26410.350406729314,False,conditioning,,no_initial_region,conditioning,0.0,0.0,0,,,,,,,,,,,,,,,,,,,,,,
/workspace/junmiaoh/experiments/precision-mlps/mechanism-0365cd3-20260923/evidence/population_coverage_inputs/heldout_all.npz,32,079ed938eb34ffdb0858608c491118c09041e4dc01c7bdf11198308cd3e06d29,gauss_left,23,400000,1.5,139.12081889994437,pure_effective_gradient_flow,False,False,139.12081889994437,0.0,0.0,46.37360629998145,86.7176486350251,80.83576449895656,-45637.37162748869,False,conditioning,,no_initial_region,conditioning,0.0,0.0,0,,,,,,,,,,,,,,,,,,,,,,
/workspace/junmiaoh/experiments/precision-mlps/mechanism-0365cd3-20260923/evidence/population_coverage_inputs/heldout_all.npz,32,079ed938eb34ffdb0858608c491118c09041e4dc01c7bdf11198308cd3e06d29,gauss_left,23,400000,2.0,185.49442519992584,pure_effective_gradient_flow,False,False,185.49442519992584,0.0,0.0,92.74721259996292,86.7176486350251,80.83576449895656,-108178.01208182698,False,conditioning,,no_initial_region,conditioning,0.0,0.0,0,,,,,,,,,,,,,,,,,,,,,,
/workspace/junmiaoh/experiments/precision-mlps/mechanism-0365cd3-20260923/evidence/population_coverage_inputs/heldout_all.npz,33,83b1ea60d71858071b018abe40c6a08032a4a9d71973d9067774c19f734e1e6f,gauss_right,23,400000,1.01,131.19466577957124,pure_effective_gradient_flow,False,False,131.19466577957124,0.0,0.0,1.2989570869264355,154.97435160505836,142.71154557997158,-38272.96273729155,False,conditioning,,no_initial_region,conditioning,0.0,0.0,0,,,,,,,,,,,,,,,,,,,,,,
/workspace/junmiaoh/experiments/precision-mlps/mechanism-0365cd3-20260923/evidence/population_coverage_inputs/heldout_all.npz,33,83b1ea60d71858071b018abe40c6a08032a4a9d71973d9067774c19f734e1e6f,gauss_right,23,400000,1.025,133.1431014099609,pure_effective_gradient_flow,False,False,133.1431014099609,0.0,0.0,3.247392717316103,154.97435160505836,142.71154557997158,-40003.66202255957,False,conditioning,,no_initial_region,conditioning,0.0,0.0,0,,,,,,,,,,,,,,,,,,,,,,
/workspace/junmiaoh/experiments/precision-mlps/mechanism-0365cd3-20260923/evidence/population_coverage_inputs/heldout_all.npz,33,83b1ea60d71858071b018abe40c6a08032a4a9d71973d9067774c19f734e1e6f,gauss_right,23,400000,1.05,136.39049412727704,pure_effective_gradient_flow,False,False,136.39049412727704,0.0,0.0,6.4947854346322345,154.97435160505836,142.71154557997158,-43002.761609840236,False,conditioning,,no_initial_region,conditioning,0.0,0.0,0,,,,,,,,,,,,,,,,,,,,,,
/workspace/junmiaoh/experiments/precision-mlps/mechanism-0365cd3-20260923/evidence/population_coverage_inputs/heldout_all.npz,33,83b1ea60d71858071b018abe40c6a08032a4a9d71973d9067774c19f734e1e6f,gauss_right,23,400000,1.1,142.8852795619093,pure_effective_gradient_flow,False,False,142.8852795619093,0.0,0.0,12.989570869264497,154.97435160505836,142.71154557997158,-49443.25106609459,False,conditioning,,no_initial_region,conditioning,0.0,0.0,0,,,,,,,,,,,,,,,,,,,,,,
/workspace/junmiaoh/experiments/precision-mlps/mechanism-0365cd3-20260923/evidence/population_coverage_inputs/heldout_all.npz,33,83b1ea60d71858071b018abe40c6a08032a4a9d71973d9067774c19f734e1e6f,gauss_right,23,400000,1.25,162.369635865806,pure_effective_gradient_flow,False,False,162.369635865806,0.0,0.0,32.4739271731612,154.97435160505836,142.71154557997158,-72553.78893471597,False,conditioning,,no_initial_region,conditioning,0.0,0.0,0,,,,,,,,,,,,,,,,,,,,,,
/workspace/junmiaoh/experiments/precision-mlps/mechanism-0365cd3-20260923/evidence/population_coverage_inputs/heldout_all.npz,33,83b1ea60d71858071b018abe40c6a08032a4a9d71973d9067774c19f734e1e6f,gauss_right,23,400000,1.5,194.8435630389672,pure_effective_gradient_flow,False,False,194.8435630389672,0.0,0.0,64.9478543463224,154.97435160505836,142.71154557997158,-125373.23202404048,False,conditioning,,no_initial_region,conditioning,0.0,0.0,0,,,,,,,,,,,,,,,,,,,,,,
/workspace/junmiaoh/experiments/precision-mlps/mechanism-0365cd3-20260923/evidence/population_coverage_inputs/heldout_all.npz,33,83b1ea60d71858071b018abe40c6a08032a4a9d71973d9067774c19f734e1e6f,gauss_right,23,400000,2.0,259.7914173852896,pure_effective_gradient_flow,False,False,259.7914173852896,0.0,0.0,129.8957086926448,154.97435160505836,142.71154557997158,-297181.5304244807,False,conditioning,,no_initial_region,conditioning,0.0,0.0,0,,,,,,,,,,,,,,,,,,,,,,
/workspace/junmiaoh/experiments/precision-mlps/mechanism-0365cd3-20260923/evidence/population_coverage_inputs/heldout_all.npz,34,a4b9f258925cc0021caea44122c146156a9a06b5393f716a006f1295f5eedda4,bump_left,23,400000,1.01,83.75990906370309,pure_effective_gradient_flow,False,False,83.75990906370309,0.0,0.0,0.8293060303336972,69.77675650819702,65.11089806702971,-9959.543778719493,False,conditioning,,no_initial_region,conditioning,0.0,0.0,0,,,,,,,,,,,,,,,,,,,,,,
/workspace/junmiaoh/experiments/precision-mlps/mechanism-0365cd3-20260923/evidence/population_coverage_inputs/heldout_all.npz,34,a4b9f258925cc0021caea44122c146156a9a06b5393f716a006f1295f5eedda4,bump_left,23,400000,1.025,85.00386810920362,pure_effective_gradient_flow,False,False,85.00386810920362,0.0,0.0,2.073265075834229,69.77675650819702,65.11089806702971,-10409.926450921854,False,conditioning,,no_initial_region,conditioning,0.0,0.0,0,,,,,,,,,,,,,,,,,,,,,,
/workspace/junmiaoh/experiments/precision-mlps/mechanism-0365cd3-20260923/evidence/population_coverage_inputs/heldout_all.npz,34,a4b9f258925cc0021caea44122c146156a9a06b5393f716a006f1295f5eedda4,bump_left,23,400000,1.05,87.07713318503787,pure_effective_gradient_flow,False,False,87.07713318503787,0.0,0.0,4.146530151668472,69.77675650819702,65.11089806702971,-11190.3869837355,False,conditioning,,no_initial_region,conditioning,0.0,0.0,0,,,,,,,,,,,,,,,,,,,,,,
/workspace/junmiaoh/experiments/precision-mlps/mechanism-0365cd3-20260923/evidence/population_coverage_inputs/heldout_all.npz,34,a4b9f258925cc0021caea44122c146156a9a06b5393f716a006f1295f5eedda4,bump_left,23,400000,1.1,91.22366333670634,pure_effective_gradient_flow,False,False,91.22366333670634,0.0,0.0,8.293060303336944,69.77675650819702,65.11089806702971,-12866.405964207763,False,conditioning,,no_initial_region,conditioning,0.0,0.0,0,,,,,,,,,,,,,,,,,,,,,,
/workspace/junmiaoh/experiments/precision-mlps/mechanism-0365cd3-20260923/evidence/population_coverage_inputs/heldout_all.npz,34,a4b9f258925cc0021caea44122c146156a9a06b5393f716a006f1295f5eedda4,bump_left,23,400000,1.25,103.66325379171174,pure_effective_gradient_flow,False,False,103.66325379171174,0.0,0.0,20.732650758342345,69.77675650819702,65.11089806702971,-18880.498585556303,False,conditioning,,no_initial_region,conditioning,0.0,0.0,0,,,,,,,,,,,,,,,,,,,,,,
/workspace/junmiaoh/experiments/precision-mlps/mechanism-0365cd3-20260923/evidence/population_coverage_inputs/heldout_all.npz,34,a4b9f258925cc0021caea44122c146156a9a06b5393f716a006f1295f5eedda4,bump_left,23,400000,1.5,124.3959045500541,pure_effective_gradient_flow,False,False,124.3959045500541,0.0,0.0,41.465301516684704,69.77675650819702,65.11089806702971,-32625.787628722825,False,conditioning,,no_initial_region,conditioning,0.0,0.0,0,,,,,,,,,,,,,,,,,,,,,,
/workspace/junmiaoh/experiments/precision-mlps/mechanism-0365cd3-20260923/evidence/population_coverage_inputs/heldout_all.npz,34,a4b9f258925cc0021caea44122c146156a9a06b5393f716a006f1295f5eedda4,bump_left,23,400000,2.0,165.8612060667388,pure_effective_gradient_flow,False,False,165.8612060667388,0.0,0.0,82.9306030333694,69.77675650819702,65.11089806702971,-77335.73880209961,False,conditioning,,no_initial_region,conditioning,0.0,0.0,0,,,,,,,,,,,,,,,,,,,,,,
/workspace/junmiaoh/experiments/precision-mlps/mechanism-0365cd3-20260923/evidence/population_coverage_inputs/heldout_all.npz,35,86e3f8bc3434babcd359478bfd63206b8cb1c99bfaea7e6fe4e2bf82bdaf7771,bump_right,23,400000,1.01,129.08211313118582,pure_effective_gradient_flow,False,False,129.08211313118582,0.0,0.0,1.278040724071161,166.10233150939223,155.07382665896742,-36453.68992267474,False,conditioning,,no_initial_region,conditioning,0.0,0.0,0,,,,,,,,,,,,,,,,,,,,,,
/workspace/junmiaoh/experiments/precision-mlps/mechanism-0365cd3-20260923/evidence/population_coverage_inputs/heldout_all.npz,35,86e3f8bc3434babcd359478bfd63206b8cb1c99bfaea7e6fe4e2bf82bdaf7771,bump_right,23,400000,1.025,130.9991742172925,pure_effective_gradient_flow,False,False,130.9991742172925,0.0,0.0,3.195101810177846,166.10233150939223,155.07382665896742,-38102.12285016384,False,conditioning,,no_initial_region,conditioning,0.0,0.0,0,,,,,,,,,,,,,,,,,,,,,,
/workspace/junmiaoh/experiments/precision-mlps/mechanism-0365cd3-20260923/evidence/population_coverage_inputs/heldout_all.npz,35,86e3f8bc3434babcd359478bfd63206b8cb1c99bfaea7e6fe4e2bf82bdaf7771,bump_right,23,400000,1.05,134.1942760274704,pure_effective_gradient_flow,False,False,134.1942760274704,0.0,0.0,6.390203620355749,166.10233150939223,155.07382665896742,-40958.66445422819,False,conditioning,,no_initial_region,conditioning,0.0,0.0,0,,,,,,,,,,,,,,,,,,,,,,
/workspace/junmiaoh/experiments/precision-mlps/mechanism-0365cd3-20260923/evidence/population_coverage_inputs/heldout_all.npz,35,86e3f8bc3434babcd359478bfd63206b8cb1c99bfaea7e6fe4e2bf82bdaf7771,bump_right,23,400000,1.1,140.58447964782613,pure_effective_gradient_flow,False,False,140.58447964782613,0.0,0.0,12.780407240711469,166.10233150939223,155.07382665896742,-47093.01429721206,False,conditioning,,no_initial_region,conditioning,0.0,0.0,0,,,,,,,,,,,,,,,,,,,,,,
/workspace/junmiaoh/experiments/precision-mlps/mechanism-0365cd3-20260923/evidence/population_coverage_inputs/heldout_all.npz,35,86e3f8bc3434babcd359478bfd63206b8cb1c99bfaea7e6fe4e2bf82bdaf7771,bump_right,23,400000,1.25,159.75509050889332,pure_effective_gradient_flow,False,False,159.75509050889332,0.0,0.0,31.951018101778658,166.10233150939223,155.07382665896742,-69105.02523342743,False,conditioning,,no_initial_region,conditioning,0.0,0.0,0,,,,,,,,,,,,,,,,,,,,,,
/workspace/junmiaoh/experiments/precision-mlps/mechanism-0365cd3-20260923/evidence/population_coverage_inputs/heldout_all.npz,35,86e3f8bc3434babcd359478bfd63206b8cb1c99bfaea7e6fe4e2bf82bdaf7771,bump_right,23,400000,1.5,191.706108610672,pure_effective_gradient_flow,False,False,191.706108610672,0.0,0.0,63.902036203557344,166.10233150939223,155.07382665896742,-119413.77034081143,False,conditioning,,no_initial_region,conditioning,0.0,0.0,0,,,,,,,,,,,,,,,,,,,,,,
/workspace/junmiaoh/experiments/precision-mlps/mechanism-0365cd3-20260923/evidence/population_coverage_inputs/heldout_all.npz,35,86e3f8bc3434babcd359478bfd63206b8cb1c99bfaea7e6fe4e2bf82bdaf7771,bump_right,23,400000,2.0,255.60814481422932,pure_effective_gradient_flow,False,False,255.60814481422932,0.0,0.0,127.80407240711466,166.10233150939223,155.07382665896742,-283055.4027780164,False,conditioning,,no_initial_region,conditioning,0.0,0.0,0,,,,,,,,,,,,,,,,,,,,,,
/workspace/junmiaoh/experiments/precision-mlps/mechanism-0365cd3-20260923/evidence/population_coverage_inputs/heldout_all.npz,36,96e9c5a40f1b31dee6dfaddccca7bc47b53a25181bad93cd71dfbcc0170c40b5,step_left,23,400000,1.01,61.48627365339365,pure_effective_gradient_flow,False,False,61.48627365339365,0.0,0.0,0.6087749866672638,27.74671212460699,24.466517413270147,-3939.495648918157,False,conditioning,,no_initial_region,conditioning,0.0,0.0,0,,,,,,,,,,,,,,,,,,,,,,
/workspace/junmiaoh/experiments/precision-mlps/mechanism-0365cd3-20260923/evidence/population_coverage_inputs/heldout_all.npz,36,96e9c5a40f1b31dee6dfaddccca7bc47b53a25181bad93cd71dfbcc0170c40b5,step_left,23,400000,1.025,62.399436133394545,pure_effective_gradient_flow,False,False,62.399436133394545,0.0,0.0,1.521937466668156,27.74671212460699,24.466517413270147,-4117.65458179336,False,conditioning,,no_initial_region,conditioning,0.0,0.0,0,,,,,,,,,,,,,,,,,,,,,,
/workspace/junmiaoh/experiments/precision-mlps/mechanism-0365cd3-20260923/evidence/population_coverage_inputs/heldout_all.npz,36,96e9c5a40f1b31dee6dfaddccca7bc47b53a25181bad93cd71dfbcc0170c40b5,step_left,23,400000,1.05,63.92137360006271,pure_effective_gradient_flow,False,False,63.92137360006271,0.0,0.0,3.043874933336319,27.74671212460699,24.466517413270147,-4426.38319028391,False,conditioning,,no_initial_region,conditioning,0.0,0.0,0,,,,,,,,,,,,,,,,,,,,,,
/workspace/junmiaoh/experiments/precision-mlps/mechanism-0365cd3-20260923/evidence/population_coverage_inputs/heldout_all.npz,36,96e9c5a40f1b31dee6dfaddccca7bc47b53a25181bad93cd71dfbcc0170c40b5,step_left,23,400000,1.1,66.96524853339903,pure_effective_gradient_flow,False,False,66.96524853339903,0.0,0.0,6.087749866672645,27.74671212460699,24.466517413270147,-5089.369960133175,False,conditioning,,no_initial_region,conditioning,0.0,0.0,0,,,,,,,,,,,,,,,,,,,,,,
/workspace/junmiaoh/experiments/precision-mlps/mechanism-0365cd3-20260923/evidence/population_coverage_inputs/heldout_all.npz,36,96e9c5a40f1b31dee6dfaddccca7bc47b53a25181bad93cd71dfbcc0170c40b5,step_left,23,400000,1.25,76.09687333340798,pure_effective_gradient_flow,False,False,76.09687333340798,0.0,0.0,15.219374666681595,27.74671212460699,24.466517413270147,-7468.378722598766,False,conditioning,,no_initial_region,conditioning,0.0,0.0,0,,,,,,,,,,,,,,,,,,,,,,
/workspace/junmiaoh/experiments/precision-mlps/mechanism-0365cd3-20260923/evidence/population_coverage_inputs/heldout_all.npz,36,96e9c5a40f1b31dee6dfaddccca7bc47b53a25181bad93cd71dfbcc0170c40b5,step_left,23,400000,1.5,91.31624800008959,pure_effective_gradient_flow,False,False,91.31624800008959,0.0,0.0,30.438749333363198,27.74671212460699,24.466517413270147,-12905.635036250796,False,conditioning,,no_initial_region,conditioning,0.0,0.0,0,,,,,,,,,,,,,,,,,,,,,,
/workspace/junmiaoh/experiments/precision-mlps/mechanism-0365cd3-20260923/evidence/population_coverage_inputs/heldout_all.npz,36,96e9c5a40f1b31dee6dfaddccca7bc47b53a25181bad93cd71dfbcc0170c40b5,step_left,23,400000,2.0,121.75499733345278,pure_effective_gradient_flow,False,False,121.75499733345278,0.0,0.0,60.87749866672639,27.74671212460699,24.466517413270147,-30591.655572965075,False,conditioning,,no_initial_region,conditioning,0.0,0.0,0,,,,,,,,,,,,,,,,,,,,,,
/workspace/junmiaoh/experiments/precision-mlps/mechanism-0365cd3-20260923/evidence/population_coverage_inputs/heldout_all.npz,37,4bd5e757dea15ce9fec4b53b45c941893eba2f0046814b95b9cbec671905bb7e,step_right,23,400000,1.01,79.80907396788233,pure_effective_gradient_flow,False,False,79.80907396788233,0.0,0.0,0.7901888511671586,42.21503667351758,37.198511811000884,-8615.601429597788,False,conditioning,,no_initial_region,conditioning,0.0,0.0,0,,,,,,,,,,,,,,,,,,,,,,
/workspace/junmiaoh/experiments/precision-mlps/mechanism-0365cd3-20260923/evidence/population_coverage_inputs/heldout_all.npz,37,4bd5e757dea15ce9fec4b53b45c941893eba2f0046814b95b9cbec671905bb7e,step_right,23,400000,1.025,80.99435724463304,pure_effective_gradient_flow,False,False,80.99435724463304,0.0,0.0,1.9754721279178682,42.21503667351758,37.198511811000884,-9005.21125162694,False,conditioning,,no_initial_region,conditioning,0.0,0.0,0,,,,,,,,,,,,,,,,,,,,,,
/workspace/junmiaoh/experiments/precision-mlps/mechanism-0365cd3-20260923/evidence/population_coverage_inputs/heldout_all.npz,37,4bd5e757dea15ce9fec4b53b45c941893eba2f0046814b95b9cbec671905bb7e,step_right,23,400000,1.05,82.96982937255093,pure_effective_gradient_flow,False,False,82.96982937255093,0.0,0.0,3.950944255835765,42.21503667351758,37.198511811000884,-9680.359537868479,False,conditioning,,no_initial_region,conditioning,0.0,0.0,0,,,,,,,,,,,,,,,,,,,,,,
/workspace/junmiaoh/experiments/precision-mlps/mechanism-0365cd3-20260923/evidence/population_coverage_inputs/heldout_all.npz,37,4bd5e757dea15ce9fec4b53b45c941893eba2f0046814b95b9cbec671905bb7e,step_right,23,400000,1.1,86.9207736283867,pure_effective_gradient_flow,False,False,86.9207736283867,0.0,0.0,7.90188851167153,42.21503667351758,37.198511811000884,-11130.22316940245,False,conditioning,,no_initial_region,conditioning,0.0,0.0,0,,,,,,,,,,,,,,,,,,,,,,
/workspace/junmiaoh/experiments/precision-mlps/mechanism-0365cd3-20260923/evidence/population_coverage_inputs/heldout_all.npz,37,4bd5e757dea15ce9fec4b53b45c941893eba2f0046814b95b9cbec671905bb7e,step_right,23,400000,1.25,98.77360639589396,pure_effective_gradient_flow,False,False,98.77360639589396,0.0,0.0,19.754721279178796,42.21503667351758,37.198511811000884,-16332.79800296017,False,conditioning,,no_initial_region,conditioning,0.0,0.0,0,,,,,,,,,,,,,,,,,,,,,,
/workspace/junmiaoh/experiments/precision-mlps/mechanism-0365cd3-20260923/evidence/population_coverage_inputs/heldout_all.npz,37,4bd5e757dea15ce9fec4b53b45c941893eba2f0046814b95b9cbec671905bb7e,step_right,23,400000,1.5,118.52832767507275,pure_effective_gradient_flow,False,False,118.52832767507275,0.0,0.0,39.50944255835758,42.21503667351758,37.198511811000884,-28223.352299066075,False,conditioning,,no_initial_region,conditioning,0.0,0.0,0,,,,,,,,,,,,,,,,,,,,,,
/workspace/junmiaoh/experiments/precision-mlps/mechanism-0365cd3-20260923/evidence/population_coverage_inputs/heldout_all.npz,37,4bd5e757dea15ce9fec4b53b45c941893eba2f0046814b95b9cbec671905bb7e,step_right,23,400000,2.0,158.03777023343034,pure_effective_gradient_flow,False,False,158.03777023343034,0.0,0.0,79.01888511671517,42.21503667351758,37.198511811000884,-66900.32011936662,False,conditioning,,no_initial_region,conditioning,0.0,0.0,0,,,,,,,,,,,,,,,,,,,,,,
/workspace/junmiaoh/experiments/precision-mlps/mechanism-0365cd3-20260923/evidence/population_coverage_inputs/heldout_all.npz,38,811ed4851301a529708c18f94a95215c103a0b3c97b7695765806663b2212807,kink_abs,23,400000,1.01,32.50688783053647,pure_effective_gradient_flow,False,False,32.50688783053647,0.0,0.0,0.32185037455976584,21.130806417221763,16.911304952417886,-581.8416600546457,False,conditioning,,no_initial_region,conditioning,0.0,0.0,0,,,,,,,,,,,,,,,,,,,,,,
/workspace/junmiaoh/experiments/precision-mlps/mechanism-0365cd3-20260923/evidence/population_coverage_inputs/heldout_all.npz,38,811ed4851301a529708c18f94a95215c103a0b3c97b7695765806663b2212807,kink_abs,23,400000,1.025,32.98966339237612,pure_effective_gradient_flow,False,False,32.98966339237612,0.0,0.0,0.8046259363994182,21.130806417221763,16.911304952417886,-608.1685319281032,False,conditioning,,no_initial_region,conditioning,0.0,0.0,0,,,,,,,,,,,,,,,,,,,,,,
/workspace/junmiaoh/experiments/precision-mlps/mechanism-0365cd3-20260923/evidence/population_coverage_inputs/heldout_all.npz,38,811ed4851301a529708c18f94a95215c103a0b3c97b7695765806663b2212807,kink_abs,23,400000,1.05,33.79428932877554,pure_effective_gradient_flow,False,False,33.79428932877554,0.0,0.0,1.6092518727988363,21.130806417221763,16.911304952417886,-653.7899239528011,False,conditioning,,no_initial_region,conditioning,0.0,0.0,0,,,,,,,,,,,,,,,,,,,,,,
/workspace/junmiaoh/experiments/precision-mlps/mechanism-0365cd3-20260923/evidence/population_coverage_inputs/heldout_all.npz,38,811ed4851301a529708c18f94a95215c103a0b3c97b7695765806663b2212807,kink_abs,23,400000,1.1,35.40354120157438,pure_effective_gradient_flow,False,False,35.40354120157438,0.0,0.0,3.2185037455976726,21.130806417221763,16.911304952417886,-751.7606934333598,False,conditioning,,no_initial_region,conditioning,0.0,0.0,0,,,,,,,,,,,,,,,,,,,,,,
/workspace/junmiaoh/experiments/precision-mlps/mechanism-0365cd3-20260923/evidence/population_coverage_inputs/heldout_all.npz,38,811ed4851301a529708c18f94a95215c103a0b3c97b7695765806663b2212807,kink_abs,23,400000,1.25,40.23129681997088,pure_effective_gradient_flow,False,False,40.23129681997088,0.0,0.0,8.046259363994174,21.130806417221763,16.911304952417886,-1103.3111762774413,False,conditioning,,no_initial_region,conditioning,0.0,0.0,0,,,,,,,,,,,,,,,,,,,,,,
/workspace/junmiaoh/experiments/precision-mlps/mechanism-0365cd3-20260923/evidence/population_coverage_inputs/heldout_all.npz,38,811ed4851301a529708c18f94a95215c103a0b3c97b7695765806663b2212807,kink_abs,23,400000,1.5,48.27755618396506,pure_effective_gradient_flow,False,False,48.27755618396506,0.0,0.0,16.092518727988356,21.130806417221763,16.911304952417886,-1906.7845020462635,False,conditioning,,no_initial_region,conditioning,0.0,0.0,0,,,,,,,,,,,,,,,,,,,,,,
/workspace/junmiaoh/experiments/precision-mlps/mechanism-0365cd3-20260923/evidence/population_coverage_inputs/heldout_all.npz,38,811ed4851301a529708c18f94a95215c103a0b3c97b7695765806663b2212807,kink_abs,23,400000,2.0,64.37007491195341,pure_effective_gradient_flow,False,False,64.37007491195341,0.0,0.0,32.185037455976705,21.130806417221763,16.911304952417886,-4520.280155096498,False,conditioning,,no_initial_region,conditioning,0.0,0.0,0,,,,,,,,,,,,,,,,,,,,,,
/workspace/junmiaoh/experiments/precision-mlps/mechanism-0365cd3-20260923/evidence/population_coverage_inputs/heldout_all.npz,39,3c425b7c57bb7cbe8b4ea05ee7e593f607bcc855ce6a28d8bc371adf123944dd,kink_relu,23,400000,1.01,56.231669245102566,pure_effective_gradient_flow,False,False,56.231669245102566,0.0,0.0,0.5567492004465606,28.341461704082406,20.482044729030118,-3013.292801819354,False,conditioning,,no_initial_region,conditioning,0.0,0.0,0,,,,,,,,,,,,,,,,,,,,,,
/workspace/junmiaoh/experiments/precision-mlps/mechanism-0365cd3-20260923/evidence/population_coverage_inputs/heldout_all.npz,39,3c425b7c57bb7cbe8b4ea05ee7e593f607bcc855ce6a28d8bc371adf123944dd,kink_relu,23,400000,1.025,57.0667930457724,pure_effective_gradient_flow,False,False,57.0667930457724,0.0,0.0,1.3918730011163944,28.341461704082406,20.482044729030118,-3149.5677448730535,False,conditioning,,no_initial_region,conditioning,0.0,0.0,0,,,,,,,,,,,,,,,,,,,,,,
/workspace/junmiaoh/experiments/precision-mlps/mechanism-0365cd3-20260923/evidence/population_coverage_inputs/heldout_all.npz,39,3c425b7c57bb7cbe8b4ea05ee7e593f607bcc855ce6a28d8bc371adf123944dd,kink_relu,23,400000,1.05,58.45866604688881,pure_effective_gradient_flow,False,False,58.45866604688881,0.0,0.0,2.783746002232803,28.341461704082406,20.482044729030118,-3385.716294160607,False,conditioning,,no_initial_region,conditioning,0.0,0.0,0,,,,,,,,,,,,,,,,,,,,,,
/workspace/junmiaoh/experiments/precision-mlps/mechanism-0365cd3-20260923/evidence/population_coverage_inputs/heldout_all.npz,39,3c425b7c57bb7cbe8b4ea05ee7e593f607bcc855ce6a28d8bc371adf123944dd,kink_relu,23,400000,1.1,61.24241204912161,pure_effective_gradient_flow,False,False,61.24241204912161,0.0,0.0,5.567492004465606,28.341461704082406,20.482044729030118,-3892.8392480786815,False,conditioning,,no_initial_region,conditioning,0.0,0.0,0,,,,,,,,,,,,,,,,,,,,,,
/workspace/junmiaoh/experiments/precision-mlps/mechanism-0365cd3-20260923/evidence/population_coverage_inputs/heldout_all.npz,39,3c425b7c57bb7cbe8b4ea05ee7e593f607bcc855ce6a28d8bc371adf123944dd,kink_relu,23,400000,1.25,69.59365005582,pure_effective_gradient_flow,False,False,69.59365005582,0.0,0.0,13.918730011164001,28.341461704082406,20.482044729030118,-5712.5587445821075,False,conditioning,,no_initial_region,conditioning,0.0,0.0,0,,,,,,,,,,,,,,,,,,,,,,
/workspace/junmiaoh/experiments/precision-mlps/mechanism-0365cd3-20260923/evidence/population_coverage_inputs/heldout_all.npz,39,3c425b7c57bb7cbe8b4ea05ee7e593f607bcc855ce6a28d8bc371adf123944dd,kink_relu,23,400000,1.5,83.51238006698401,pure_effective_gradient_flow,False,False,83.51238006698401,0.0,0.0,27.837460022328003,28.341461704082406,20.482044729030118,-9871.551967954918,False,conditioning,,no_initial_region,conditioning,0.0,0.0,0,,,,,,,,,,,,,,,,,,,,,,
/workspace/junmiaoh/experiments/precision-mlps/mechanism-0365cd3-20260923/evidence/population_coverage_inputs/heldout_all.npz,39,3c425b7c57bb7cbe8b4ea05ee7e593f607bcc855ce6a28d8bc371adf123944dd,kink_relu,23,400000,2.0,111.34984008931201,pure_effective_gradient_flow,False,False,111.34984008931201,0.0,0.0,55.674920044656005,28.341461704082406,20.482044729030118,-23399.705749475266,False,conditioning,,no_initial_region,conditioning,0.0,0.0,0,,,,,,,,,,,,,,,,,,,,,,
