target,kappa,seed,n,m,eta_geometry,eta_readout,bundle,degree,requested_end,trace_states,completed_updates,failed_update,complete,checkpoint_step,initial_mean_gamma,mean_gamma,median_gamma,mean_lambda,signed_mean_change,last_preupdate_mse,window_mean_mse,window_median_mse,heldout_mse,heldout_relative_l2,initial_coarse_norm,last_coarse_norm,normalized_slope_gradient,cumulative_coarse_motion,cumulative_remainder_motion,cumulative_crossing_remainder,recorded_signed_motion,loss_increases,max_preactivation,first_radius_exceedance,descent_ratio_floor,descent_ratio_count,descent_ratio_min,descent_ratio_median,coarse_10pct_step,coarse_10pct_persists20,coarse_10pct_mean_gamma,coarse_1pct_step,coarse_1pct_persists20,coarse_1pct_mean_gamma,fraction_gamma_1,fraction_gamma_1_population0.1_step,fraction_gamma_1_population0.5_step,fraction_gamma_4,fraction_gamma_4_population0.1_step,fraction_gamma_4_population0.5_step,fraction_gamma_16,fraction_gamma_16_population0.1_step,fraction_gamma_16_population0.5_step,fraction_lambda_005,fraction_lambda_005_population0.1_step,fraction_lambda_005_population0.5_step,fraction_lambda_01,fraction_lambda_01_population0.1_step,fraction_lambda_01_population0.5_step,fraction_lambda_025,fraction_lambda_025_population0.1_step,fraction_lambda_025_population0.5_step
sine,0.0001,0,128,2048,0.001,1.0000000000000001e-07,refine_N128_s0,0,200000,200000,200000,0,True,200000,0.08804407411763386,0.08177394472118525,0.07501958770005081,0.0012777178862685196,-0.006270129396448609,0.42437340128729245,0.42437985333899,0.4243798280564559,0.4243736392384693,0.9212748115936626,0.6225231050928665,0.0006563849377468639,0.0008640249299495614,-0.0023461811355861336,-0.003925396038565847,1.447777703380278e-06,-0.0062701293964486,0,0.406364732045598,,1e-24,199999,0.9992536340525894,0.9999993332585547,3059,True,0.08460644843715884,6538,True,0.08469429624330337,0.0,,,0.0,,,0.0,,,0.0,,,0.0,,,0.0,,
sine,0.001,0,128,2048,0.001,1e-06,refine_N128_s0,0,200000,200000,200000,0,True,200000,0.08804407411763386,0.08177959774152578,0.07509769962311859,0.0012778062147113403,-0.00626447637610808,0.42437329856679185,0.42437975081395796,0.4243797255266799,0.4243735365182141,0.9212747000957033,0.6225231050928665,0.0006564935222233687,0.0008639705028714126,-0.002341534013418952,-0.003924797184532324,1.8548218431834819e-06,-0.006264476376108094,0,0.4063243570008672,,1e-24,199999,0.9992525284193251,0.9999993333227992,3057,True,0.08461147437729896,6533,True,0.08469866792536702,0.0,,,0.0,,,0.0,,,0.0,,,0.0,,,0.0,,
sine,0.01,0,128,2048,0.001,1e-05,refine_N128_s0,0,200000,200000,200000,0,True,200000,0.08804407411763386,0.08183524564821387,0.07587441734212808,0.0012786757132533418,-0.0062088284694199886,0.424372261765156,0.4243787158640492,0.42437869053098387,0.4243724997191215,0.9212735746987661,0.6225231050928665,0.000657529813559564,0.0008634156034748259,-0.002291704021013134,-0.003918750897361851,1.6264489550009392e-06,-0.0062088284694199825,0,0.40592194672127074,,1e-24,199999,0.9992414794996008,0.9999993317903539,3036,True,0.08466095216555804,6487,True,0.08474156582374913,0.0,,,0.0,,,0.0,,,0.0,,,0.0,,,0.0,,
sine,0.1,0,128,2048,0.001,0.0001,refine_N128_s0,0,200000,200000,200000,0,True,200000,0.08804407411763386,0.0823269357209926,0.07699070324597151,0.0012863583706405094,-0.005717138396641258,0.42436113042796053,0.42436759533072616,0.4243675696884076,0.4243613684148649,0.9212614921018515,0.6225231050928665,0.0006635174211408687,0.0008571080622502651,-0.0018651569185229068,-0.0038538470285031973,1.8655503848299496e-06,-0.005717138396641274,0,0.40203788693123754,,1e-24,199999,0.9991316513807078,0.9999993168386833,2838,True,0.08508588111679771,6054,True,0.08518943748062581,0.0,,,0.0,,,0.0,,,0.0,,,0.0,,,0.0,,
sine,1.0,0,128,2048,0.001,0.001,refine_N128_s0,0,200000,200000,200000,0,True,200000,0.08804407411763386,0.08515212870287837,0.08912317087365511,0.0013305020109824746,-0.002891945414755487,0.4242568612216894,0.4242633037217813,0.4242632808557635,0.4242570996511271,0.9211483047274496,0.6225231050928665,0.000587405649090884,0.0008112845650204804,0.0003535675761487905,-0.003246880465328257,1.3674744239696989e-06,-0.002891945414755497,0,0.38255461540592206,,1e-24,199999,0.9980632314651484,0.999999306193582,1685,True,0.08668733896180655,3563,True,0.08695820692079018,0.0,,,0.0,,,0.0,,,0.0,,,0.0,,,0.0,,
sine,10.0,0,128,2048,0.001,0.01,refine_N128_s0,0,200000,200000,200000,0,True,200000,0.08804407411763386,0.08702100341255756,0.08812161799929914,0.0013597031783212118,-0.0010230707050763038,0.42404991517933,0.42406136360667795,0.4240614205456438,0.4240501539407908,0.9209236167465691,0.6225231050928665,0.0004498665159435875,0.0008779888045108648,0.0011858828963394212,-0.002209044849179964,9.12477642301195e-08,-0.0010230707050763125,0,0.36410468997721546,,1e-24,199999,0.987608611492353,0.9999999473511533,321,True,0.08784103412516614,677,True,0.08791283697850256,0.0,,,0.0,,,0.0,,,0.0,,,0.0,,,0.0,,
sine,100.0,0,128,2048,0.001,0.1,refine_N128_s0,0,200000,200000,200000,0,True,200000,0.08804407411763386,0.10515647279686997,0.09965510328534465,0.0016430698874510933,0.017112398679236113,0.3132450525724126,0.3664859843320866,0.37299185256235357,0.31324502578380076,0.7915112453829077,0.6225231050928665,0.00042052534841607663,0.037595606856782794,0.009726204505728166,0.007386191458609576,2.7148983521178947e-09,0.017112398679236092,0,1.2977932068698945,,1e-24,199999,0.8832723619359393,1.00000438081698,35,True,0.08802394427442388,73,True,0.08803219700804292,0.005649717514124294,,,0.0,,,0.0,,,0.0,,,0.0,,,0.0,,
runge,0.0001,0,128,2048,0.001,1.0000000000000001e-07,refine_N128_s0,0,200000,200000,200000,0,True,200000,0.08804407411763386,0.09324816594164177,0.07895308658423261,0.0014570025928381527,0.0052040918240079115,0.07732321153702604,0.07763137070859662,0.07763570720758725,0.07732317916389382,0.7027476498663765,0.6667640510156251,0.0008906940379499669,0.012918235696264864,-0.002860312844076288,0.008063731924625905,6.72743458289703e-07,0.005204091824007905,0,0.7054530145336841,,1e-24,199999,0.9989891221089011,1.0000016736487134,1874,True,0.08553195766528339,5158,True,0.08510647642025398,0.0,,,0.0,,,0.0,,,0.0,,,0.0,,,0.0,,
runge,0.001,0,128,2048,0.001,1e-06,refine_N128_s0,0,200000,200000,200000,0,True,200000,0.08804407411763386,0.09325310056070646,0.07895491141736154,0.0014570796962610384,0.005209026443072598,0.07731811979808154,0.0776271614412039,0.07763152380778808,0.07731808732412074,0.702724511026359,0.6667640510156251,0.0008923266411972413,0.012933261297417904,-0.0028565353594559306,0.008064981287269849,5.80515258664935e-07,0.005209026443072585,0,0.7057909053090117,,1e-24,199999,0.9989876683919449,1.0000016763907587,1873,True,0.08553348016336006,5154,True,0.08510887803493819,0.0,,,0.0,,,0.0,,,0.0,,,0.0,,,0.0,,
runge,0.01,0,128,2048,0.001,1e-05,refine_N128_s0,0,200000,200000,200000,0,True,200000,0.08804407411763386,0.09330211609924365,0.07897271377703285,0.001457845564050682,0.0052580419816097845,0.07726698434068308,0.07758494673670015,0.07758957325577848,0.07726695084623333,0.7024920893430314,0.6667640510156251,0.0009089100977751321,0.013084243292904986,-0.0028202202384872022,0.00807770700313768,5.552169592913728e-07,0.005258041981609767,0,0.7091591429683384,,1e-24,199999,0.9989731469987886,1.0000017039591944,1859,True,0.08555002350982158,5119,True,0.08513257162146472,0.0,,,0.0,,,0.0,,,0.0,,,0.0,,,0.0,,
runge,0.1,0,128,2048,0.001,0.0001,refine_N128_s0,0,200000,200000,200000,0,True,200000,0.08804407411763386,0.0937627369894329,0.08055599344769113,0.001465042765459889,0.005718662871799035,0.07673280210223363,0.07714989386911461,0.0771577443925836,0.07673275713183803,0.700059498703412,0.6667640510156251,0.0010942766197074676,0.014665853537077757,-0.002506384750448685,0.008224706964586593,3.4065766111831697e-07,0.005718662871799027,0,0.7419400795126112,,1e-24,199999,0.9988293132313083,1.0000019664428814,1734,True,0.08572165215365474,4785,True,0.08534767478723872,0.0,,,0.0,,,0.0,,,0.0,,,0.0,,,0.0,,
runge,1.0,0,128,2048,0.001,0.001,refine_N128_s0,0,200000,200000,200000,0,True,200000,0.08804407411763386,0.098249521442306,0.08217204180433371,0.0015351487725360313,0.010205447324672143,0.06776325169030997,0.07060885720747447,0.07074262005869633,0.06776290375721453,0.6578707160457833,0.6667640510156251,0.0032711216773591554,0.03795348880339854,-0.0004108635647937056,0.010616063328016404,2.475614494586596e-07,0.010205447324672158,0,1.0654548135428783,,1e-24,199999,0.9974478068071895,1.0000038502289395,1021,True,0.08668382079030133,2846,True,0.08648836067078797,0.0,,,0.0,,,0.0,,,0.0,,,0.0,,,0.0,,
runge,10.0,0,128,2048,0.001,0.01,refine_N128_s0,0,200000,200000,200000,0,True,200000,0.08804407411763386,0.1058326935146723,0.08924739389231984,0.0016536358361667546,0.017788619397038435,0.032899603649467674,0.0330238080310391,0.03302526012994038,0.032899608006561,0.4583950430985977,0.6667640510156251,0.00022930466457191578,0.011503312609083344,0.002002164978758665,0.01578645075103563,3.667244129928279e-09,0.01778861939703843,0,1.5412232735775502,,1e-24,199999,0.984009013773309,1.0000030769996986,193,True,0.08779989604653118,541,True,0.08776147215083581,0.0,,,0.0,,,0.0,,,0.0,,,0.0,,,0.0,,
runge,100.0,0,128,2048,0.001,0.1,refine_N128_s0,0,200000,200000,200000,0,True,200000,0.08804407411763386,0.09993747215434905,0.09071082698126434,0.0015615230024117039,0.011893398036715186,0.033236989938820766,0.033460494326041035,0.033463533682433405,0.03323698353423086,0.46073939951085885,0.6667640510156251,0.00012256895545252432,0.016026719104237076,-9.644406382159798e-05,0.011989841735431293,3.651054812903689e-10,0.011893398036715174,0,1.3690135857424828,,1e-24,199999,0.8499193850691261,1.000002040443157,21,True,0.0880176784359043,58,True,0.08801438941506663,0.0,,,0.0,,,0.0,,,0.0,,,0.0,,,0.0,,
moment3,0.0001,0,128,2048,0.001,1.0000000000000001e-07,refine_N128_s0,0,200000,200000,200000,0,True,200000,0.08804407411763386,0.08916903983489366,0.0935332359106686,0.0013932662474202134,0.0011249657172597988,0.7503910085611307,0.7504472868466661,0.7504477440954657,0.7503933558553812,0.8662510875214763,0.6661118349881163,0.0024047488692839967,0.001968322043751278,0.013103315490573801,-0.011978615387038679,2.6561372467313774e-07,0.0011249657172597955,0,0.4078586339452752,,1e-24,199999,0.9989672087586905,0.9999994283868252,1457,True,0.09006863818596328,5293,True,0.09117483701006374,0.0,,,0.0,,,0.0,,,0.0,,,0.0,,,0.0,,
moment3,0.001,0,128,2048,0.001,1e-06,refine_N128_s0,0,200000,200000,200000,0,True,200000,0.08804407411763386,0.08916949271215237,0.09352309308815025,0.0013932733236273807,0.001125418594518507,0.7503901298786153,0.7504464748474429,0.750446933745156,0.7503924771615208,0.8662505803409895,0.6661118349881163,0.0024041502818859238,0.0019692361368672823,0.013100738157916361,-0.011975562928810463,2.4336541259321595e-07,0.0011254185945184926,0,0.4078965444998248,,1e-24,199999,0.9989657736841915,0.9999994301887997,1455,True,0.09006651531537103,5288,True,0.09117248328880986,0.0,,,0.0,,,0.0,,,0.0,,,0.0,,,0.0,,
moment3,0.01,0,128,2048,0.001,1e-05,refine_N128_s0,0,200000,200000,200000,0,True,200000,0.08804407411763386,0.08917369423204076,0.09342177170339647,0.0013933389723756369,0.0011296201144068985,0.7503813906046839,0.7504384029891614,0.7504388784830063,0.7503837377743071,0.866245535966533,0.6661118349881163,0.0023982293997871986,0.0019783826195090455,0.01307474658438428,-0.011945292644731936,1.6617475453650376e-07,0.001129620114406881,0,0.40827665192955065,,1e-24,199999,0.9989514337347978,0.9999994419286257,1440,True,0.09004950447903966,5239,True,0.09114914674502697,0.0,,,0.0,,,0.0,,,0.0,,,0.0,,,0.0,,
moment3,0.1,0,128,2048,0.001,0.0001,refine_N128_s0,0,200000,200000,200000,0,True,200000,0.08804407411763386,0.08923349875979514,0.09242888895512191,0.001394273418121799,0.001189424642161277,0.7502981791907827,0.7503619619840675,0.7503626157233736,0.7503005252380806,0.8661975042176483,0.6661118349881163,0.002345468250091776,0.002070610327757349,0.01285473734844444,-0.011665452149039733,1.394427565806224e-07,0.0011894246421612874,0,0.4121420047956287,,1e-24,199999,0.9988089779812336,0.9999995557631312,1305,True,0.0898925425585447,4801,True,0.09093530383129253,0.0,,,0.0,,,0.0,,,0.0,,,0.0,,,0.0,,
moment3,1.0,0,128,2048,0.001,0.001,refine_N128_s0,0,200000,200000,200000,0,True,200000,0.08804407411763386,0.08947962027893794,0.09134268095601514,0.0013981190668584053,0.001435546161304077,0.7495599572501079,0.7497356887560254,0.7497412922916094,0.7495622872815447,0.8657712635139515,0.6661118349881163,0.0022859184383760864,0.0032989392474140075,0.01138956554631174,-0.009954102172364115,8.278735644825132e-08,0.0014355461613040725,0,0.44992977473864354,,1e-24,199999,0.9974231461973024,1.0000004782990464,707,True,0.08909274380749939,2683,True,0.08983137911821201,0.0,,,0.0,,,0.0,,,0.0,,,0.0,,,0.0,,
moment3,10.0,0,128,2048,0.001,0.01,refine_N128_s0,0,200000,200000,200000,0,True,200000,0.08804407411763386,0.14035766713036643,0.143502161204713,0.0021930885489119755,0.05231359301273257,0.03973997733898765,0.04270721858485497,0.042604579008437296,0.0397400647270795,0.19934878263255204,0.6661118349881163,0.001158948217981487,0.028591153166572316,0.053735266873736726,-0.0014216825864253044,8.725421137187485e-09,0.05231359301273256,0,2.2654286158852814,147423,1e-24,199999,0.9838198349841957,1.0000019141432057,136,True,0.0882562907143864,512,True,0.0884066146860228,0.005649717514124294,,,0.0,,,0.0,,,0.0,,,0.0,,,0.0,,
moment3,100.0,0,128,2048,0.001,0.1,refine_N128_s0,0,200000,200000,200000,0,True,200000,0.08804407411763386,0.11880164157498707,0.12261797021842588,0.001856275649609173,0.03075756745735321,0.01017918049378944,0.010486935572127834,0.010481726059527472,0.010179257583000974,0.10089214489412153,0.6661118349881163,0.00016392204208207648,0.012020932265189875,0.03187521031771049,-0.0011176447726665303,1.912309221862322e-09,0.030757567457353186,0,1.5872909747192074,60449,1e-24,199999,0.8479878545662187,0.9999969054085505,15,True,0.08806816447788378,55,True,0.08808507464828147,0.005649717514124294,,,0.0,,,0.0,,,0.0,,,0.0,,,0.0,,
moment5,0.0001,0,128,2048,0.001,1.0000000000000001e-07,refine_N128_s0,0,200000,200000,200000,0,True,200000,0.08804407411763386,0.09145921974630716,0.090766862127594,0.0014290503085360494,0.0034151456286733023,0.7499977233459724,0.7499977277707219,0.7499977277700532,0.7500069539821987,0.8660243835070239,0.6661118349881161,7.877854021747705e-06,1.583383119869472e-05,0.0033824952801837322,3.256243316724961e-05,8.791532228720312e-08,0.0034151456286732693,0,0.37121174716377725,,1e-24,199999,0.9989676114716938,0.9999843925962765,1435,True,0.09010611742229574,4565,True,0.09128372546237447,0.0,,,0.0,,,0.0,,,0.0,,,0.0,,,0.0,,
moment5,0.001,0,128,2048,0.001,1e-06,refine_N128_s0,0,200000,200000,200000,0,True,200000,0.08804407411763386,0.09145668002161023,0.09075510689594009,0.0014290106253376598,0.003412605903976365,0.7499977217776761,0.7499977261978762,0.7499977261972084,0.7500069524116497,0.8660243826002765,0.6661118349881161,7.872206630011541e-06,1.582482500250139e-05,0.0033798403525716384,3.259382273891158e-05,1.7172866580463394e-07,0.0034126059039763547,0,0.3711982911949043,,1e-24,199999,0.998966176877034,0.9999843465983188,1434,True,0.09010479484600535,4561,True,0.09128129918897361,0.0,,,0.0,,,0.0,,,0.0,,,0.0,,,0.0,,
moment5,0.01,0,128,2048,0.001,1e-05,refine_N128_s0,0,200000,200000,200000,0,True,200000,0.08804407411763386,0.09143148927707176,0.09063834488496647,0.0014286170199542462,0.003387415159437898,0.7499977065046929,0.7499977108801827,0.7499977108795259,0.7500069371163705,0.8660243737696351,0.6661118349881161,7.816520173426222e-06,1.5736104397179727e-05,0.0033543523553866248,3.290031285343947e-05,1.6249119781736548e-07,0.0033874151594378813,0,0.37106514480327935,,1e-24,199999,0.9989518416833101,0.9999842315810239,1418,True,0.09008619920832277,4522,True,0.0912577237461543,0.0,,,0.0,,,0.0,,,0.0,,,0.0,,,0.0,,
moment5,0.1,0,128,2048,0.001,0.0001,refine_N128_s0,0,200000,200000,200000,0,True,200000,0.08804407411763386,0.0912041796313819,0.0903543374285081,0.0014250653067403422,0.0031601055137480405,0.7499975879065814,0.7499975919030148,0.7499975919024552,0.7500068183159712,0.8660243051809059,0.6661118349881161,7.3267707206285785e-06,1.4967367163599841e-05,0.0031245375875223525,3.534152652852181e-05,2.263996971644429e-07,0.003160105513748039,0,0.3698631780318242,,1e-24,199999,0.9988094299467422,0.9999840326851278,1285,True,0.08992490392709056,4169,True,0.09104009183501763,0.0,,,0.0,,,0.0,,,0.0,,,0.0,,,0.0,,
moment5,1.0,0,128,2048,0.001,0.001,refine_N128_s0,0,200000,200000,200000,0,True,200000,0.08804407411763386,0.09001293896514588,0.09145896048423291,0.0014064521713304044,0.0019688648475120196,0.7499974340371225,0.7499974367766222,0.7499974367764322,0.7500066633960353,0.8660242157387612,0.6661118349881161,5.051068287783476e-06,1.2139224582896654e-05,0.001928429489983906,4.036327810233017e-05,7.207942577093048e-08,0.0019688648475120075,0,0.36424688763572666,,1e-24,199999,0.9974239040996841,0.9999864967715483,696,True,0.0891094814113009,2406,True,0.08989571175926864,0.0,,,0.0,,,0.0,,,0.0,,,0.0,,,0.0,,
moment5,10.0,0,128,2048,0.001,0.01,refine_N128_s0,0,200000,200000,200000,0,True,200000,0.08804407411763386,0.08846878976203644,0.08807195813890048,0.0013823248400318194,0.00042471564440257903,0.74999778192486,0.7499977846375614,0.7499977846370585,0.7500070101086664,0.866024415911316,0.6661118349881161,2.6742480247002357e-06,1.0823951203431948e-05,0.00038759174767039555,3.712389673198054e-05,1.9826016616255552e-16,0.00042471564440257437,0,0.3596160472302726,,1e-24,199999,0.9838228819919289,0.9999963743385264,134,True,0.08825974968470461,475,True,0.0884224874611543,0.0,,,0.0,,,0.0,,,0.0,,,0.0,,,0.0,,
moment5,100.0,0,128,2048,0.001,0.1,refine_N128_s0,0,200000,200000,200000,0,True,200000,0.08804407411763386,0.0881171282695948,0.08704195902850996,0.0013768301292124187,7.30541519609329e-05,0.7499977872091171,0.7499977942969784,0.749997794283688,0.7500070152887657,0.8660244189020163,0.6661118349881161,2.0832734824242214e-06,1.0595885505807102e-05,3.648366045416562e-05,3.657049150686935e-05,-1.1330302880983523e-16,7.305415196092165e-05,0,0.3588166470221178,,1e-24,199999,0.8480132695432366,0.999999366706468,15,True,0.08806879738937443,52,True,0.08808690521368634,0.0,,,0.0,,,0.0,,,0.0,,,0.0,,,0.0,,
moment9,0.0001,0,128,2048,0.001,1.0000000000000001e-07,refine_N128_s0,0,200000,200000,200000,0,True,200000,0.08804407411763386,0.09142255895091618,0.09090372825943267,0.0014284774836080653,0.003378484833282319,0.7500021550883644,0.7500021583981885,0.7500021583968309,0.7500499699234854,0.8660296666425502,0.6661118349881161,5.408964633603302e-06,1.3436627923430774e-05,0.0034166888877609626,-3.831102851926088e-05,1.0697404062870196e-07,0.0033784848332823305,0,0.37121282956951485,,1e-24,199999,0.9989676101907378,0.9999793483496263,1435,True,0.09010586724782026,4567,True,0.09128312709030105,0.0,,,0.0,,,0.0,,,0.0,,,0.0,,,0.0,,
moment9,0.001,0,128,2048,0.001,1e-06,refine_N128_s0,0,200000,200000,200000,0,True,200000,0.08804407411763386,0.09142003219649374,0.09089192972136956,0.0014284380030702146,0.0033759580788598753,0.7500021520001019,0.7500021553045358,0.7500021553031804,0.7500499668278912,0.8660296648554183,0.6661118349881161,5.401660391280569e-06,1.3424234260829131e-05,0.003414063052789197,-3.8259872875056456e-05,1.5489894574507446e-07,0.0033759580788598853,0,0.37119937284617543,,1e-24,199999,0.9989661755945701,0.9999791947713287,1434,True,0.09010454487489983,4563,True,0.09128067421218745,0.0,,,0.0,,,0.0,,,0.0,,,0.0,,,0.0,,
moment9,0.01,0,128,2048,0.001,1e-05,refine_N128_s0,0,200000,200000,200000,0,True,200000,0.08804407411763386,0.09139496878240064,0.09077473445881978,0.00142804638722501,0.0033508946647667764,0.7500021216857631,0.7500021249371835,0.7500021249358471,0.75004993644099,0.866029647312615,0.6661118349881161,5.329896867877138e-06,1.3301824303182265e-05,0.003388478702069137,-3.7757745157181196e-05,1.7370785481513732e-07,0.0033508946647667712,0,0.3710662174895467,,1e-24,199999,0.9989518403881442,0.9999782128060042,1418,True,0.09008595241665951,4524,True,0.09125710911185249,0.0,,,0.0,,,0.0,,,0.0,,,0.0,,,0.0,,
moment9,0.1,0,128,2048,0.001,0.0001,refine_N128_s0,0,200000,200000,200000,0,True,200000,0.08804407411763386,0.09116748560194934,0.09048909435918379,0.0014244919625304585,0.003123411484315483,0.7500018666584715,0.7500018694570636,0.7500018694558933,0.7500496807552306,0.8660294997014653,0.6661118349881161,4.720714931786862e-06,1.2214384333876365e-05,0.003156719515077539,-3.3538885110850427e-05,2.308543487705578e-07,0.0031234114843154584,0,0.36986416879069006,,1e-24,199999,0.9988094285345048,0.9999780830358636,1285,True,0.08992468320291519,4171,True,0.09103954740336107,0.0,,,0.0,,,0.0,,,0.0,,,0.0,,,0.0,,
moment9,1.0,0,128,2048,0.001,0.001,refine_N128_s0,0,200000,200000,200000,0,True,200000,0.08804407411763386,0.08997850328756987,0.09153294275078423,0.0014059141138682793,0.001934429169936011,0.7500010014564784,0.7500010026917058,0.7500010026911305,0.7500488121321437,0.866028998232393,0.6661118349881161,2.530294955727786e-06,7.492694562522832e-06,0.0019535505823935866,-1.9196223222313135e-05,7.481076472080135e-08,0.0019344291699359942,0,0.36424742393434006,,1e-24,199999,0.9974239019456551,0.9999709186742258,696,True,0.08910936653806378,2407,True,0.08989542908942566,0.0,,,0.0,,,0.0,,,0.0,,,0.0,,,0.0,,
moment9,10.0,0,128,2048,0.001,0.01,refine_N128_s0,0,200000,200000,200000,0,True,200000,0.08804407411763386,0.08843439595407458,0.08804163943004642,0.0013817874367824153,0.00039032183644072127,0.7500005502863336,0.750000551052746,0.7500005510519743,0.7500483570902384,0.8660287355297936,0.6661118349881161,1.2549507356349263e-06,4.0032815314344715e-06,0.00040210162831325026,-1.1779791872311501e-05,-2.3306320466519096e-16,0.00039032183644070577,0,0.3596161379020835,,1e-24,199999,0.9838228748294771,0.9999901530817147,134,True,0.08825972813025826,475,True,0.0884224078562909,0.0,,,0.0,,,0.0,,,0.0,,,0.0,,,0.0,,
moment9,100.0,0,128,2048,0.001,0.1,refine_N128_s0,0,200000,200000,200000,0,True,200000,0.08804407411763386,0.08808253634690108,0.08705980443246773,0.0013762896304203294,3.846222926721932e-05,0.750000448660161,0.7500004505552388,0.7500004505429592,0.7500482545203568,0.866028676314633,0.6661118349881161,1.0252464301936705e-06,2.7263063901737313e-06,4.891061086755873e-05,-1.044838160036303e-05,1.7617327019400463e-17,3.846222926721331e-05,0,0.35881665548401886,,1e-24,199999,0.8480132138966553,0.999998111378261,15,True,0.08806879499884496,52,True,0.08808689657475623,0.0,,,0.0,,,0.0,,,0.0,,,0.0,,,0.0,,
sine,0.0001,0,128,2048,0.001,1.0000000000000001e-07,refine_N128_s0,1,200000,200000,200000,0,True,200000,0.08804407411763386,0.08481527586961708,0.07719689254024142,0.001325238685462767,-0.0032287982480167787,0.42400885573151803,0.4240088557315182,0.42400885573151803,0.4240090962349491,0.920879032484668,0.6262276936583865,3.1611848536244405e-15,1.1898510584934599e-15,-0.0032309410153829442,5.219111158969864e-19,2.1427673661618295e-06,-0.0032287982480167805,407,0.4142476220086199,,1e-24,32450,-3711.5687539330424,0.9996328746144117,2939,True,0.08466977423751776,6138,True,0.08478737473915465,0.0,,,0.0,,,0.0,,,0.0,,,0.0,,,0.0,,
sine,0.001,0,128,2048,0.001,1e-06,refine_N128_s0,1,200000,200000,200000,0,True,200000,0.08804407411763386,0.08481993731588403,0.07722661370033661,0.001325311520560688,-0.0032241368017498356,0.42400885573151803,0.4240088557315182,0.42400885573151803,0.4240090962349492,0.9208790324846681,0.6262276936583865,3.157529493662133e-15,1.1898426766596603e-15,-0.00322601756080782,5.173266569127145e-19,1.8807590579713391e-06,-0.003224136801749849,410,0.41420333353904404,,1e-24,32426,-4226.913986954935,0.99963254924274,2937,True,0.08467452692287072,6134,True,0.08479191322869074,0.0,,,0.0,,,0.0,,,0.0,,,0.0,,,0.0,,
sine,0.01,0,128,2048,0.001,1e-05,refine_N128_s0,1,200000,200000,200000,0,True,200000,0.08804407411763386,0.08486571391513476,0.07752143343039196,0.0013260267799239805,-0.003178360202499106,0.42400885573151803,0.4240088557315182,0.42400885573151803,0.42400909623494915,0.9208790324846681,0.6262276936583865,3.188696900889937e-15,1.3776164706915302e-15,-0.00318042002377308,5.195506880741009e-19,2.0598212739619365e-06,-0.003178360202499118,421,0.4137618030016826,,1e-24,32188,-4406.085907275831,0.9996301182146919,2917,True,0.08472131438650131,6090,True,0.08483639565134601,0.0,,,0.0,,,0.0,,,0.0,,,0.0,,,0.0,,
sine,0.1,0,128,2048,0.001,0.0001,refine_N128_s0,1,200000,200000,200000,0,True,200000,0.08804407411763386,0.08531714647251985,0.0783285233451645,0.0013330804136331227,-0.002726927645114008,0.42400885573151803,0.4240088557315182,0.42400885573151803,0.42400909623494915,0.9208790324846681,0.6262276936583865,1.9431744531232908e-15,1.6896412827438836e-15,-0.0027290317039746666,4.466669869652727e-19,2.104058860650327e-06,-0.0027269276451140165,367,0.4094909867259333,,1e-24,29987,-3723.4589625976896,0.9996046225570941,2727,True,0.08513607788515713,5679,True,0.0852968783395814,0.0,,,0.0,,,0.0,,,0.0,,,0.0,,,0.0,,
sine,1.0,0,128,2048,0.001,0.001,refine_N128_s0,1,200000,200000,200000,0,True,200000,0.08804407411763386,0.08700022899281672,0.08713066063828756,0.0013593785780127612,-0.0010438451248171443,0.42400885573151803,0.4240088557315182,0.42400885573151803,0.42400909623494915,0.9208790324846681,0.6262276936583865,4.384738549454088e-16,4.991979967902845e-16,-0.0010454427402606672,1.831678524701422e-19,1.5976154435234058e-06,-0.0010438451248171439,195,0.3853174369903476,,1e-24,17798,-1977.3965017307241,0.9993330575569324,1621,True,0.0866827581479865,3357,True,0.0869633513303325,0.0,,,0.0,,,0.0,,,0.0,,,0.0,,,0.0,,
sine,10.0,0,128,2048,0.001,0.01,refine_N128_s0,1,200000,200000,200000,0,True,200000,0.08804407411763386,0.08792037113603189,0.08818067526165753,0.0013737557990004983,-0.00012370298160196969,0.42400885573151803,0.4240088557315182,0.42400885573151803,0.4240090962349491,0.920879032484668,0.6262276936583865,6.203714354171717e-17,6.229424557094056e-17,-0.00012380063990318383,1.876400121148829e-20,9.765830120604151e-08,-0.00012370298160197776,28,0.3647527255509997,,1e-24,3563,-275.5919417078293,0.9965725603917445,310,True,0.08783845079893408,645,True,0.08791101658134316,0.0,,,0.0,,,0.0,,,0.0,,,0.0,,,0.0,,
sine,100.0,0,128,2048,0.001,0.1,refine_N128_s0,1,200000,200000,200000,0,True,200000,0.08804407411763386,0.08803276100132225,0.08660363613713257,0.0013755118906456601,-1.1313116311612026e-05,0.42400885573151803,0.4240088557315182,0.42400885573151803,0.4240090962349491,0.920879032484668,0.6262276936583865,2.422514229147299e-18,0.0,-1.1313116311617713e-05,1.6788160359546997e-21,-3.0768878942256285e-18,-1.1313116311620793e-05,1,0.35938789443240454,,1e-24,400,-15.542561999887843,0.968971653961871,33,True,0.08802293709222384,69,True,0.08803164381813004,0.0,,,0.0,,,0.0,,,0.0,,,0.0,,,0.0,,
runge,0.0001,0,128,2048,0.001,1.0000000000000001e-07,refine_N128_s0,1,200000,200000,200000,0,True,200000,0.08804407411763386,0.0850148830368393,0.08621051412135992,0.001328357547450614,-0.003029191080794566,0.0811216578709316,0.08112165787093159,0.0811216578709316,0.08112165917268119,0.7198018579373807,0.6704882830185098,1.5660380263448758e-15,4.420193808958607e-15,-0.0030295649429793706,4.757216477758601e-19,3.738621848076302e-07,-0.0030291910807945625,696,0.40043221779255056,,1e-24,31398,-6617072.053489081,0.9996185719638067,1817,True,0.08553388206430508,4992,True,0.08506530037536301,0.0,,,0.0,,,0.0,,,0.0,,,0.0,,,0.0,,
runge,0.001,0,128,2048,0.001,1e-06,refine_N128_s0,1,200000,200000,200000,0,True,200000,0.08804407411763386,0.08501743865754634,0.08623961994860388,0.0013283974790241615,-0.0030266354600875234,0.0811216578709316,0.08112165787093159,0.0811216578709316,0.08112165917268119,0.7198018579373807,0.6704882830185098,1.5660380263448758e-15,4.4200975069036324e-15,-0.0030270888381135836,4.80296321598035e-19,4.533780260501558e-07,-0.003026635460087532,1784,0.4003787382319603,,1e-24,31378,-8130503.908419684,0.9996334430505197,1816,True,0.08553540793239041,4988,True,0.08506776900913296,0.0,,,0.0,,,0.0,,,0.0,,,0.0,,,0.0,,
runge,0.01,0,128,2048,0.001,1e-05,refine_N128_s0,1,200000,200000,200000,0,True,200000,0.08804407411763386,0.08504273729474576,0.0865284667267892,0.0013287927702304025,-0.0030013368228880982,0.0811216578709316,0.08112165787093159,0.0811216578709316,0.08112165917268119,0.7198018579373807,0.6704882830185098,1.8338801640838936e-15,4.466848209323467e-15,-0.0030018906838689663,4.695035376546046e-19,5.538609808684074e-07,-0.0030013368228880974,2662,0.3998477254263473,,1e-24,31167,-12859227.889627919,0.9996353050924552,1802,True,0.08555236087503054,4954,True,0.08509200084209703,0.0,,,0.0,,,0.0,,,0.0,,,0.0,,,0.0,,
runge,0.1,0,128,2048,0.001,0.0001,refine_N128_s0,1,200000,200000,200000,0,True,200000,0.08804407411763386,0.0852717428676222,0.08802102051592263,0.0013323709823065968,-0.002772331250011667,0.0811216578709316,0.08112165787093159,0.0811216578709316,0.08112165917268119,0.7198018579373807,0.6704882830185098,2.149646820358304e-15,6.123733561216552e-15,-0.002772849265634227,4.346472761830504e-19,5.180156225547602e-07,-0.002772331250011671,3269,0.39489647261973226,,1e-24,29203,-13132406.361737877,0.9996119521334459,1680,True,0.08572615556250693,4635,True,0.08531168746459382,0.0,,,0.0,,,0.0,,,0.0,,,0.0,,,0.0,,
runge,1.0,0,128,2048,0.001,0.001,refine_N128_s0,1,200000,200000,200000,0,True,200000,0.08804407411763386,0.08645590725502456,0.09107189541123009,0.0013508735508597587,-0.0015881668626093054,0.0811216578709316,0.08112165787093159,0.0811216578709316,0.08112165917268119,0.7198018579373807,0.6704882830185098,1.093014105290778e-15,3.1988681272771336e-15,-0.0015885102294982338,2.499347438354676e-19,3.433668889186629e-07,-0.0015881668626093145,2145,0.37762739495177206,,1e-24,17660,-9447650.960032469,0.9993521961432277,990,True,0.08668546847791149,2765,True,0.086475446602031,0.0,,,0.0,,,0.0,,,0.0,,,0.0,,,0.0,,
runge,10.0,0,128,2048,0.001,0.01,refine_N128_s0,1,200000,200000,200000,0,True,200000,0.08804407411763386,0.08775641396026196,0.08712178613349426,0.001371193968129093,-0.0002876601573719023,0.0811216578709316,0.08112165787093159,0.0811216578709316,0.08112165917268119,0.7198018579373807,0.6704882830185098,3.1411179632846436e-16,7.678001545965909e-16,-0.00028766015737218795,4.521147545721171e-20,2.799091767411114e-16,-0.00028766015737190795,491,0.3625370640055626,,1e-24,3485,-6791131.805371227,0.9966098413275555,188,True,0.08779948158758728,526,True,0.08775945140656008,0.0,,,0.0,,,0.0,,,0.0,,,0.0,,,0.0,,
runge,100.0,0,128,2048,0.001,0.1,refine_N128_s0,1,200000,200000,200000,0,True,200000,0.08804407411763386,0.08801391279559431,0.08678953592105138,0.0013752173874311611,-3.0161322039548577e-05,0.0811216578709316,0.08112165787093159,0.0811216578709316,0.08112165917268119,0.7198018579373807,0.6704882830185098,2.1955699737721475e-17,6.308530971110964e-17,-3.016132203957567e-05,5.504783551881621e-21,2.9319188718223905e-17,-3.0161322039546348e-05,48,0.35913100510087004,,1e-24,388,-7498380.053448128,0.9690111336973403,20,True,0.08801773903266544,56,True,0.08801413739444133,0.0,,,0.0,,,0.0,,,0.0,,,0.0,,,0.0,,
moment3,0.0001,0,128,2048,0.001,1.0000000000000001e-07,refine_N128_s0,1,200000,200000,200000,0,True,200000,0.08804407411763386,0.09132713662264162,0.09111383111247534,0.0014269865097287753,0.003283062505007761,0.7500000000000001,0.7500000000000001,0.7500000000000001,0.7500023469397121,0.8660253685498189,0.6685169296653882,2.3498994885061115e-15,2.260157286620977e-15,0.0032829171731774214,-5.275370007421054e-19,1.4533183033952803e-07,0.00328306250500776,4180,0.3715703696038373,,1e-24,30782,-104325817.60404843,0.9996082463815986,1377,True,0.09002879754773642,4380,True,0.09116965130074178,0.0,,,0.0,,,0.0,,,0.0,,,0.0,,,0.0,,
moment3,0.001,0,128,2048,0.001,1e-06,refine_N128_s0,1,200000,200000,200000,0,True,200000,0.08804407411763386,0.09132472914493046,0.09110131018442233,0.0014269488928895385,0.003280655027296603,0.7500000000000001,0.7500000000000001,0.7500000000000001,0.7500023469397121,0.8660253685498189,0.6685169296653882,2.3498994885061115e-15,2.2602158905280393e-15,0.0032805311384329025,-5.275486968675394e-19,1.23888863699123e-07,0.0032806550272966007,4152,0.3715567129809928,,1e-24,30756,-107486558.33019133,0.9996117128046571,1376,True,0.09002746556019009,4376,True,0.09116729662904492,0.0,,,0.0,,,0.0,,,0.0,,,0.0,,,0.0,,
moment3,0.01,0,128,2048,0.001,1e-05,refine_N128_s0,1,200000,200000,200000,0,True,200000,0.08804407411763386,0.09130085793667002,0.0909770272768884,0.001426575905260469,0.0032567838190361575,0.7500000000000001,0.7500000000000001,0.7500000000000001,0.7500023469397121,0.8660253685498189,0.6685169296653882,2.324187939378294e-15,2.260792493545545e-15,0.0032567303839335262,-5.223453745181386e-19,5.343510261402988e-08,0.00325678381903614,4264,0.3714215637343148,,1e-24,30495,-103935974.50449266,0.9996099977452703,1361,True,0.09000960316683507,4339,True,0.09114424214753312,0.0,,,0.0,,,0.0,,,0.0,,,0.0,,,0.0,,
moment3,0.1,0,128,2048,0.001,0.0001,refine_N128_s0,1,200000,200000,200000,0,True,200000,0.08804407411763386,0.09108145768445952,0.08984595892192729,0.00142314777631968,0.0030373835668256605,0.7500000000000002,0.75,0.7500000000000002,0.7500023469397121,0.8660253685498189,0.6685169296653882,1.705331314148598e-15,1.652122563941772e-15,0.003037311523577198,-4.817543250968934e-19,7.204324846742278e-08,0.0030373835668256652,4016,0.3702000924593717,,1e-24,28150,-99363836.72565897,0.9995821857896149,1234,True,0.08985274899136897,4003,True,0.0909369637370626,0.0,,,0.0,,,0.0,,,0.0,,,0.0,,,0.0,,
moment3,1.0,0,128,2048,0.001,0.001,refine_N128_s0,1,200000,200000,200000,0,True,200000,0.08804407411763386,0.08992289237462875,0.09163645850375422,0.0014050451933535742,0.001878818256994888,0.7500000000000001,0.7500000000000001,0.7500000000000002,0.7500023469397121,0.8660253685498189,0.6685169296653882,1.6105412067452129e-15,1.4773484944816487e-15,0.0018786861447767954,-3.0011648794863115e-19,1.3211221808557556e-07,0.0018788182569948802,2612,0.36445122123609164,,1e-24,16364,-104280086.27298167,0.999308026893295,667,True,0.08906378653595856,2318,True,0.08982933355030567,0.0,,,0.0,,,0.0,,,0.0,,,0.0,,,0.0,,
moment3,10.0,0,128,2048,0.001,0.01,refine_N128_s0,1,200000,200000,200000,0,True,200000,0.08804407411763386,0.08842896361616469,0.0881739933228354,0.0013817025565025733,0.0003848894985308271,0.7500000000000001,0.7500000000000001,0.7500000000000001,0.7500023469397121,0.8660253685498189,0.6685169296653882,6.181460833106646e-16,5.778803245866135e-16,0.00038488949853384877,-6.51661986933573e-20,-3.020899353755455e-15,0.0003848894985308277,523,0.35965404727777206,,1e-24,3352,-56054120.69898425,0.9965314774749257,128,True,0.08825029491073794,458,True,0.08840971353592592,0.0,,,0.0,,,0.0,,,0.0,,,0.0,,,0.0,,
moment3,100.0,0,128,2048,0.001,0.1,refine_N128_s0,1,200000,200000,200000,0,True,200000,0.08804407411763386,0.08808757070881443,0.08703697973980666,0.0013763682923252254,4.349659118056681e-05,0.7500000000000001,0.7500000000000001,0.7500000000000001,0.7500023469397121,0.8660253685498189,0.6685169296653882,0.0,0.0,4.349659118060158e-05,-7.073636277853166e-21,-3.7482220766384164e-17,4.34965911805641e-05,70,0.3588208526540522,,1e-24,381,-46028854.25175989,0.968924582409374,14,True,0.08806731022027083,50,True,0.0880854087746621,0.0,,,0.0,,,0.0,,,0.0,,,0.0,,,0.0,,
moment5,0.0001,0,128,2048,0.001,1.0000000000000001e-07,refine_N128_s0,1,200000,200000,200000,0,True,200000,0.08804407411763386,0.09132713662264162,0.0911138311124753,0.0014269865097287753,0.003283062505007761,0.7500000000000002,0.7500000000000001,0.7500000000000002,0.750009220215087,0.8660256919025308,0.6685169296653879,2.397124507624965e-15,2.3072438967589138e-15,0.0032829171731774947,-5.291433661582388e-19,1.4533183026317596e-07,0.003283062505007758,1582,0.3715703696038373,,1e-24,30782,-54543235.61200657,0.9994982478960022,1377,True,0.09002879754773642,4380,True,0.09116965130074176,0.0,,,0.0,,,0.0,,,0.0,,,0.0,,,0.0,,
moment5,0.001,0,128,2048,0.001,1e-06,refine_N128_s0,1,200000,200000,200000,0,True,200000,0.08804407411763386,0.09132472914493046,0.09110131018442232,0.0014269488928895385,0.003280655027296603,0.7500000000000002,0.7500000000000001,0.7500000000000002,0.7500092202150869,0.8660256919025306,0.6685169296653879,2.397124507624965e-15,2.3073037215807064e-15,0.003280531138432882,-5.25295356842912e-19,1.238888637110568e-07,0.0032806550272965924,1690,0.3715567129809928,,1e-24,30756,-55233984.76085651,0.9995174403908811,1376,True,0.09002746556019009,4376,True,0.09116729662904492,0.0,,,0.0,,,0.0,,,0.0,,,0.0,,,0.0,,
moment5,0.01,0,128,2048,0.001,1e-05,refine_N128_s0,1,200000,200000,200000,0,True,200000,0.08804407411763386,0.09130085793667,0.09097702727688838,0.0014265759052604688,0.0032567838190361437,0.7500000000000002,0.7500000000000001,0.7500000000000002,0.7500092202150868,0.8660256919025306,0.6685169296653879,2.3719249306262767e-15,2.3078923371610767e-15,0.003256730383933473,-5.236129048062054e-19,5.343510266189378e-08,0.0032567838190361346,1619,0.3714215637343148,,1e-24,30495,-55078990.05085849,0.9995000844421508,1361,True,0.09000960316683507,4339,True,0.09114424214753312,0.0,,,0.0,,,0.0,,,0.0,,,0.0,,,0.0,,
moment5,0.1,0,128,2048,0.001,0.0001,refine_N128_s0,1,200000,200000,200000,0,True,200000,0.08804407411763386,0.09108145768445952,0.08984595892192727,0.00142314777631968,0.0030373835668256605,0.7500000000000002,0.7500000000000001,0.7500000000000002,0.7500092202150868,0.8660256919025306,0.6685169296653879,1.6579167209484969e-15,1.6049190621148641e-15,0.003037311523577199,-4.843038209471831e-19,7.204324846165243e-08,0.0030373835668256605,1561,0.3702000924593717,,1e-24,28150,-54961550.97526225,0.9994864993436786,1234,True,0.08985274899136897,4003,True,0.0909369637370626,0.0,,,0.0,,,0.0,,,0.0,,,0.0,,,0.0,,
moment5,1.0,0,128,2048,0.001,0.001,refine_N128_s0,1,200000,200000,200000,0,True,200000,0.08804407411763386,0.08992289237462875,0.09163645850375425,0.0014050451933535742,0.001878818256994888,0.7500000000000002,0.7500000000000001,0.7500000000000002,0.7500092202150868,0.8660256919025306,0.6685169296653879,1.6105412067452129e-15,1.4773484944816485e-15,0.0018786861447768657,-2.999078554626276e-19,1.3211221801403532e-07,0.0018788182569948794,922,0.36445122123609164,,1e-24,16364,-54788330.44956952,0.9992504410736754,667,True,0.08906378653595856,2318,True,0.08982933355030567,0.0,,,0.0,,,0.0,,,0.0,,,0.0,,,0.0,,
moment5,10.0,0,128,2048,0.001,0.01,refine_N128_s0,1,200000,200000,200000,0,True,200000,0.08804407411763386,0.08842896361616469,0.08817399332283542,0.0013817025565025733,0.0003848894985308271,0.7500000000000002,0.7500000000000001,0.7500000000000002,0.750009220215087,0.8660256919025308,0.6685169296653879,5.735406708978239e-16,5.297236308710623e-16,0.0003848894985336854,-6.492649416359996e-20,-2.8574837684793134e-15,0.00038488949853082775,165,0.35965404727777206,,1e-24,3352,-53171718.08056039,0.9965193035979469,128,True,0.08825029491073794,458,True,0.08840971353592592,0.0,,,0.0,,,0.0,,,0.0,,,0.0,,,0.0,,
moment5,100.0,0,128,2048,0.001,0.1,refine_N128_s0,1,200000,200000,200000,0,True,200000,0.08804407411763386,0.08808757070881443,0.08703697973980666,0.0013763682923252254,4.349659118056681e-05,0.7500000000000001,0.7500000000000001,0.7500000000000001,0.7500092202150868,0.8660256919025306,0.6685169296653879,7.3434354326142e-17,4.827557553592389e-17,4.3496591180840154e-05,-7.356115171417358e-21,-2.758502390691606e-16,4.3496591180564305e-05,39125,0.3588208526540522,,1e-24,381,-1266099.2265585205,0.9689215716062114,14,True,0.08806731022027083,50,True,0.0880854087746621,0.0,,,0.0,,,0.0,,,0.0,,,0.0,,,0.0,,
moment9,0.0001,0,128,2048,0.001,1.0000000000000001e-07,refine_N128_s0,1,200000,200000,200000,0,True,200000,0.08804407411763386,0.09132713662264162,0.09111383111247529,0.0014269865097287753,0.003283062505007761,0.7500000000000001,0.75,0.7500000000000001,0.7500477815451927,0.8660284032587879,0.6685169296653881,2.3027096082821418e-15,2.2130706764830393e-15,0.003282917173177484,-5.28566957539298e-19,1.453318302781002e-07,0.003283062505007761,4479,0.37157036960383727,,1e-24,30782,-98063733.10675329,0.9996158717752543,1377,True,0.09002879754773642,4380,True,0.0911696513007418,0.0,,,0.0,,,0.0,,,0.0,,,0.0,,,0.0,,
moment9,0.001,0,128,2048,0.001,1e-06,refine_N128_s0,1,200000,200000,200000,0,True,200000,0.08804407411763386,0.09132472914493046,0.09110131018442233,0.0014269488928895385,0.003280655027296603,0.75,0.75,0.75,0.7500477815451927,0.8660284032587879,0.6685169296653881,2.397124507624965e-15,2.307303721580707e-15,0.0032805311384328972,-5.262150278746381e-19,1.238888637020119e-07,0.003280655027296598,4627,0.3715567129809928,,1e-24,30756,-105797855.97675177,0.9996189259355244,1376,True,0.09002746556019009,4376,True,0.09116729662904494,0.0,,,0.0,,,0.0,,,0.0,,,0.0,,,0.0,,
moment9,0.01,0,128,2048,0.001,1e-05,refine_N128_s0,1,200000,200000,200000,0,True,200000,0.08804407411763386,0.09130085793667002,0.09097702727688846,0.001426575905260469,0.0032567838190361575,0.7500000000000001,0.75,0.7500000000000001,0.7500477815451927,0.8660284032587879,0.6685169296653881,2.27646513514816e-15,2.2136926499300125e-15,0.0032567303839334543,-5.232234920646789e-19,5.3435102687518936e-08,0.003256783819036141,4596,0.3714215637343148,,1e-24,30495,-104846252.37296844,0.9996151826093111,1361,True,0.09000960316683507,4339,True,0.09114424214753312,0.0,,,0.0,,,0.0,,,0.0,,,0.0,,,0.0,,
moment9,0.1,0,128,2048,0.001,0.0001,refine_N128_s0,1,200000,200000,200000,0,True,200000,0.08804407411763386,0.09108145768445952,0.08984595892192729,0.00142314777631968,0.0030373835668256605,0.75,0.75,0.75,0.7500477815451927,0.8660284032587879,0.6685169296653881,1.6579167209484969e-15,1.6049190621148647e-15,0.0030373115235772736,-4.847269262174107e-19,7.204324839181231e-08,0.003037383566825665,4406,0.3702000924593717,,1e-24,28150,-104180958.1676345,0.999591425645739,1234,True,0.08985274899136897,4003,True,0.0909369637370626,0.0,,,0.0,,,0.0,,,0.0,,,0.0,,,0.0,,
moment9,1.0,0,128,2048,0.001,0.001,refine_N128_s0,1,200000,200000,200000,0,True,200000,0.08804407411763386,0.08992289237462875,0.09163645850375429,0.0014050451933535742,0.001878818256994888,0.7500000000000001,0.75,0.7500000000000001,0.7500477815451927,0.8660284032587879,0.6685169296653881,1.6105412067452129e-15,1.4773484944816487e-15,0.0018786861447768687,-3.0214030248254443e-19,1.3211221801342426e-07,0.001878818256994882,2775,0.36445122123609164,,1e-24,16364,-54637649.486728154,0.9993090179118187,667,True,0.08906378653595856,2318,True,0.08982933355030567,0.0,,,0.0,,,0.0,,,0.0,,,0.0,,,0.0,,
moment9,10.0,0,128,2048,0.001,0.01,refine_N128_s0,1,200000,200000,200000,0,True,200000,0.08804407411763386,0.08842896361616469,0.0881739933228354,0.0013817025565025733,0.0003848894985308271,0.7500000000000001,0.7500000000000001,0.7500000000000001,0.7500477815451927,0.8660284032587879,0.6685169296653881,5.735406708978239e-16,5.297236308710624e-16,0.0003848894985336906,-6.468031141200671e-20,-2.863137844882639e-15,0.0003848894985308274,629,0.35965404727777206,,1e-24,3352,-51711886.30175035,0.9965317684589258,128,True,0.08825029491073794,458,True,0.08840971353592592,0.0,,,0.0,,,0.0,,,0.0,,,0.0,,,0.0,,
moment9,100.0,0,128,2048,0.001,0.1,refine_N128_s0,1,200000,200000,200000,0,True,200000,0.08804407411763386,0.08808757070881443,0.08703697973980666,0.0013763682923252254,4.349659118056681e-05,0.7500000000000001,0.75,0.75,0.7500477815451928,0.866028403258788,0.6685169296653881,1.1102231238868493e-16,9.65511510718478e-17,4.349659118084064e-05,-7.037611954592963e-21,-2.7619755242553535e-16,4.349659118056444e-05,38210,0.3588208526540522,,1e-24,381,-40485360.36700136,0.9689246254617797,14,True,0.08806731022027083,50,True,0.0880854087746621,0.0,,,0.0,,,0.0,,,0.0,,,0.0,,,0.0,,
sine,0.0001,0,128,2048,0.001,1.0000000000000001e-07,refine_N128_s0,3,200000,200000,200000,0,True,200000,0.08804407411763386,0.08158212262403645,0.07419530988176051,0.0012747206660005696,-0.0064619514935974065,0.42438769632153395,0.4243947822691251,0.424394752695347,0.4243879341179101,0.9212903278748888,0.6224633503047887,0.0006855282112456355,0.0009060014835875951,-0.0022858707339658956,-0.004177951202545796,1.8704429142768819e-06,-0.006461951493597414,0,0.40537249660693964,,1e-24,199999,0.9992543621829671,0.9999992842178311,3063,True,0.08460050807535753,6555,True,0.0846848968184307,0.0,,,0.0,,,0.0,,,0.0,,,0.0,,,0.0,,
sine,0.001,0,128,2048,0.001,1e-06,refine_N128_s0,3,200000,200000,200000,0,True,200000,0.08804407411763386,0.08158726658107197,0.07427341349984172,0.0012748010403292496,-0.006456807536561887,0.42438759175087243,0.42439467790470753,0.424394648324966,0.42438782954749793,0.9212902143705836,0.6224633503047887,0.0006856458003374979,0.0009059441517516224,-0.0022810044942494063,-0.004177362224431384,1.559182118903684e-06,-0.006456807536561887,0,0.4053326945298757,,1e-24,199999,0.9992532567152165,0.9999992838213135,3061,True,0.0846055473658067,6551,True,0.08468929092545951,0.0,,,0.0,,,0.0,,,0.0,,,0.0,,,0.0,,
sine,0.01,0,128,2048,0.001,1e-05,refine_N128_s0,3,200000,200000,200000,0,True,200000,0.08804407411763386,0.08163785564669683,0.0750501469717768,0.001275591494479638,-0.006406218470937031,0.4243865356736061,0.4243936237622298,0.42439359412489247,0.42438677347282305,0.9212890680701937,0.6224633503047887,0.0006867694431620749,0.0009053587461224804,-0.002236939219211232,-0.004171402448511249,2.123196785445683e-06,-0.006406218470937035,0,0.40493601483144037,,1e-24,199999,0.9992422094655694,0.999999282014074,3040,True,0.08465516001277629,6504,True,0.08473238710053081,0.0,,,0.0,,,0.0,,,0.0,,,0.0,,,0.0,,
sine,0.1,0,128,2048,0.001,0.0001,refine_N128_s0,3,200000,200000,200000,0,True,200000,0.08804407411763386,0.08214072435653298,0.0766655399434426,0.0012834488180708278,-0.005903349761100879,0.4243751449535862,0.4243822427965649,0.42438221276588856,0.42437538278689535,0.9212767041306269,0.6224633503047887,0.0006933875617518969,0.0008986326970938023,-0.0017987080481519776,-0.004106312072676888,1.6703597279827925e-06,-0.0059033497611008815,0,0.40110875039877847,,1e-24,199999,0.999132399031293,0.9999992653414057,2842,True,0.08508132757483085,6070,True,0.08517915812741511,0.0,,,0.0,,,0.0,,,0.0,,,0.0,,,0.0,,
sine,1.0,0,128,2048,0.001,0.001,refine_N128_s0,3,200000,200000,200000,0,True,200000,0.08804407411763386,0.08500796977094674,0.08905902606282402,0.0013282495276710428,-0.0030361043466871213,0.4242669260981086,0.424273973554413,0.4242739467192325,0.424267164399071,0.9211592309683174,0.6224633503047887,0.0006147739344604252,0.0008486443132965259,0.00043391517666300697,-0.0034709601079921993,9.405846420713878e-07,-0.0030361043466871213,0,0.38220897693457545,,1e-24,199999,0.9980641916770401,0.9999992488725452,1687,True,0.08668573990456886,3572,True,0.08695528193324861,0.0,,,0.0,,,0.0,,,0.0,,,0.0,,,0.0,,
sine,10.0,0,128,2048,0.001,0.01,refine_N128_s0,3,200000,200000,200000,0,True,200000,0.08804407411763386,0.08695909395504077,0.08791829867732183,0.001358735843047512,-0.001084980162593091,0.42404749929869917,0.4240600576926144,0.4240601223441164,0.42404773793769734,0.9209209932862833,0.6224633503047887,0.00047225453703891266,0.0009189273072672129,0.001271669773996926,-0.0023567106481735046,6.071158347324973e-08,-0.0010849801625931051,0,0.3640291856535275,,1e-24,199999,0.9876118587568685,0.9999999009392002,321,True,0.08784067705896963,678,True,0.08791232862357004,0.0,,,0.0,,,0.0,,,0.0,,,0.0,,,0.0,,
sine,100.0,0,128,2048,0.001,0.1,refine_N128_s0,3,200000,200000,200000,0,True,200000,0.08804407411763386,0.10135511791689518,0.09587419881124361,0.0015836737174514872,0.013311043799261318,0.35583932185081985,0.36800772516409763,0.3561313155315047,0.35584027103439464,0.8436116061724076,0.6224633503047887,3.747842171124984e-07,1.361517734507951e-05,0.007741655801614327,0.005569387479132339,5.185146595252494e-10,0.013311043799261325,0,1.0109212448588214,,1e-24,199999,0.8832985271973178,1.0000040621117692,35,True,0.0880239135854636,73,True,0.08803214761671795,0.005649717514124294,,,0.0,,,0.0,,,0.0,,,0.0,,,0.0,,
runge,0.0001,0,128,2048,0.001,1.0000000000000001e-07,refine_N128_s0,3,200000,200000,200000,0,True,200000,0.08804407411763386,0.09491200722665033,0.07896105829218089,0.0014830001129164114,0.006867933109016469,0.07535251214904051,0.07603683581220798,0.07605520740369612,0.07535243513449809,0.6937343466727923,0.6667049743199063,0.001066128425422969,0.01925372791646504,-0.002792530902154581,0.009659912406814125,5.516043569253746e-07,0.006867933109016472,0,0.8440105941223401,,1e-24,199999,0.9989899147048438,1.0000024419860924,1876,True,0.08553167349111983,5161,True,0.08511107234203368,0.0,,,0.0,,,0.0,,,0.0,,,0.0,,,0.0,,
runge,0.001,0,128,2048,0.001,1e-06,refine_N128_s0,3,200000,200000,200000,0,True,200000,0.08804407411763386,0.09491994193023809,0.0789628822757221,0.0014831240926599701,0.006875867812604228,0.0753375100596393,0.07602564651505803,0.07604420869104059,0.07533743256764083,0.6936652824547971,0.6667049743199063,0.0010695215906789469,0.019302453333959527,-0.0027882997613294376,0.009663653671461122,5.139024725252887e-07,0.006875867812604212,0,0.844807605670408,,1e-24,199999,0.9989884612398885,1.0000024464264854,1874,True,0.08553355565153521,5158,True,0.0851134512893761,0.0,,,0.0,,,0.0,,,0.0,,,0.0,,,0.0,,
runge,0.01,0,128,2048,0.001,1e-05,refine_N128_s0,3,200000,200000,200000,0,True,200000,0.08804407411763386,0.09499915317337967,0.07936318015386927,0.0014843617683340574,0.006955079055745814,0.07518466413704392,0.0759121137716144,0.07593267244599029,0.07518458170313891,0.6929612421896603,0.6667049743199063,0.0011043795417238142,0.019799311621760653,-0.002747045972008524,0.00970151158401734,6.134437369771589e-07,0.006955079055745794,0,0.8528237329118833,,1e-24,199999,0.9989739423826793,1.0000024912415695,1861,True,0.08554974558140446,5122,True,0.0851371120714571,0.0,,,0.0,,,0.0,,,0.0,,,0.0,,,0.0,,
runge,0.1,0,128,2048,0.001,0.0001,refine_N128_s0,3,200000,200000,200000,0,True,200000,0.08804407411763386,0.09580183654795293,0.08069458041488274,0.0014969036960617646,0.007757762430319073,0.073326302449773,0.07459092073547023,0.07464318005132753,0.07332614969141707,0.6843432556019752,0.6667049743199063,0.0015302394277916611,0.025838009164254012,-0.002364806237514179,0.010122008693330081,5.599745031607083e-07,0.007757762430319063,0,0.9383248327995004,,1e-24,199999,0.9988301352966766,1.00000291751976,1735,True,0.08572154746715849,4788,True,0.08535175434224279,0.0,,,0.0,,,0.0,,,0.0,,,0.0,,,0.0,,
runge,1.0,0,128,2048,0.001,0.001,refine_N128_s0,3,200000,200000,200000,0,True,200000,0.08804407411763386,0.10001879575455537,0.08327213996445616,0.0015627936836649277,0.01197472163692151,0.0390636099424318,0.040319807290857955,0.03945041716367061,0.03906362147133911,0.49949460574932614,0.6667049743199063,0.0010086803583835254,0.0048761653830909635,-0.0005623997717944377,0.012537063461733076,5.794698287481307e-08,0.011974721636921513,0,1.76782030920945,181069,1e-24,199999,0.997448936169946,1.0000041701423426,1022,True,0.0866836930353089,2847,True,0.08648992877099226,0.005649717514124294,,,0.0,,,0.0,,,0.0,,,0.0,,,0.0,,
runge,10.0,0,128,2048,0.001,0.01,refine_N128_s0,3,200000,200000,200000,0,True,200000,0.08804407411763386,0.09938217553379487,0.0869581541726961,0.0015528464927155449,0.011338101416161012,0.03808957952678603,0.038141908068492776,0.038141014217787164,0.03808959872667506,0.4932280302624089,0.6667049743199063,0.0002706776450156953,0.00470026303708797,0.00034931634236015353,0.010988780639866476,4.433934371598643e-09,0.011338101416161001,0,1.2883268334882454,,1e-24,199999,0.9840133394132915,1.0000015806767037,193,True,0.08779994152842979,541,True,0.08776164392478115,0.0,,,0.0,,,0.0,,,0.0,,,0.0,,,0.0,,
runge,100.0,0,128,2048,0.001,0.1,refine_N128_s0,3,200000,200000,200000,0,True,200000,0.08804407411763386,0.09796248110990195,0.08998068870872857,0.001530663767342218,0.009918406992268092,0.03713751136571626,0.03714906288910186,0.03714846064523,0.03713753347392641,0.48702480273382426,0.6667049743199063,3.961188109647669e-05,0.0029993597747325785,-2.354147251820661e-05,0.009941948464786394,-9.353256882040928e-17,0.009918406992268095,0,0.9978712562096738,,1e-24,199999,0.8499556631250744,0.9999955066333852,21,True,0.08801768445982157,58,True,0.08801440693456457,0.0,,,0.0,,,0.0,,,0.0,,,0.0,,,0.0,,
moment3,0.0001,0,128,2048,0.001,1.0000000000000001e-07,refine_N128_s0,3,200000,200000,200000,0,True,200000,0.08804407411763386,0.08969109786952119,0.09293116189408338,0.0014014234042112686,0.0016470237518873276,0.7502440633340308,0.7503234787019234,0.7503245697145453,0.7502464079797005,0.8661662653487796,0.6660747815109223,0.002609234142104726,0.002370013900880953,0.013833538667683911,-0.012186592331899053,7.741610245625458e-08,0.0016470237518873129,0,0.45651219001196297,,1e-24,199999,0.9989679086326972,0.9999996778788763,1460,True,0.09006869125424949,5355,True,0.09117247502812431,0.0,,,0.0,,,0.0,,,0.0,,,0.0,,,0.0,,
moment3,0.001,0,128,2048,0.001,1e-06,refine_N128_s0,3,200000,200000,200000,0,True,200000,0.08804407411763386,0.08969201674536267,0.09291174629072643,0.0014014377616462918,0.0016479426277288128,0.7502428630214558,0.750322405303682,0.7503235003153736,0.7502452076479282,0.8661655724515573,0.6660747815109223,0.0026087871709508373,0.002371685428074774,0.01383079253792537,-0.012183063452833097,2.1354263652940258e-07,0.0016479426277288029,0,0.45658717159053075,,1e-24,199999,0.9989664738600915,0.9999996800084107,1458,True,0.09006657530510806,5350,True,0.09117013456220388,0.0,,,0.0,,,0.0,,,0.0,,,0.0,,,0.0,,
moment3,0.01,0,128,2048,0.001,1e-05,refine_N128_s0,3,200000,200000,200000,0,True,200000,0.08804407411763386,0.08970087142593665,0.09271943437906163,0.0014015761160302601,0.0016567973083027876,0.7502308976317695,0.7503117147040702,0.7503128501535568,0.7502332420657468,0.8661586652320516,0.6660747815109223,0.0026043914387990233,0.002388433004217266,0.013804680557052102,-0.012148047817287297,1.6456853796868957e-07,0.0016567973083027768,0,0.45733726028996896,,1e-24,199999,0.9989521369367155,0.9999996963677436,1443,True,0.09004961819375087,5300,True,0.09114688941466524,0.0,,,0.0,,,0.0,,,0.0,,,0.0,,,0.0,,
moment3,0.1,0,128,2048,0.001,0.0001,refine_N128_s0,3,200000,200000,200000,0,True,200000,0.08804407411763386,0.08979220347967293,0.09259423011606778,0.0014030031793698895,0.0017481293620390664,0.7501143113439864,0.7502085256753164,0.750210115597737,0.7501166537877327,0.8660913609157381,0.6660747815109223,0.002568005756613261,0.002559689830946946,0.013570375431209017,-0.01182244310047434,1.9703130437607697e-07,0.0017481293620390543,0,0.4648611362659725,,1e-24,199999,0.9988097119962391,0.9999998532744481,1307,True,0.08989223772113639,4854,True,0.09093307634912474,0.0,,,0.0,,,0.0,,,0.0,,,0.0,,,0.0,,
moment3,1.0,0,128,2048,0.001,0.001,refine_N128_s0,3,200000,200000,200000,0,True,200000,0.08804407411763386,0.09088270953986528,0.0916972126808093,0.001420042336560395,0.0028386354222314225,0.7486847347715275,0.7491194827672362,0.7491427374649617,0.7486870273510402,0.8652656375970105,0.6660747815109223,0.0029165194727658553,0.005495203264779701,0.012507139273682605,-0.009668581817563603,7.796611240340834e-08,0.002838635422231404,0,0.5532791489354075,,1e-24,199999,0.9974242019013668,1.000001141400196,708,True,0.08909281777621535,2705,True,0.08983045447255683,0.0,,,0.0,,,0.0,,,0.0,,,0.0,,,0.0,,
moment3,10.0,0,128,2048,0.001,0.01,refine_N128_s0,3,200000,200000,200000,0,True,200000,0.08804407411763386,0.10900543573569058,0.10263358665523174,0.0017032099333701652,0.020961361618056715,0.0,0.0,0.0,5.6946275704289316e-27,7.54626350399934e-14,0.6660747815109223,9.614814578093104e-17,,0.017098983838612823,0.003862372649705119,5.129738757291566e-09,0.0209613616180567,2007,1.791679982131703,133531,1e-24,142306,-435034411.0052498,1.0000058131818232,136,True,0.0882561164723467,515,True,0.08840629902298196,0.005649717514124294,,,0.0,,,0.0,,,0.0,,,0.0,,,0.0,,
moment3,100.0,0,128,2048,0.001,0.1,refine_N128_s0,3,200000,200000,200000,0,True,200000,0.08804407411763386,0.10894503485117095,0.10231047643649561,0.001702266169549546,0.02090096073353709,1.1102230246251565e-16,1.1102230246251565e-16,1.1102230246251565e-16,1.305275268053302e-27,3.612853549922212e-14,0.6660747815109223,3.8459258312372415e-16,6.337751360165032e-06,0.01326804926725616,0.007632908554970616,2.911310328787824e-09,0.020900960733537102,1525,1.3587000869446373,,1e-24,61150,-300189313.3330112,1.0000151907866757,15,True,0.08806814633563138,56,True,0.0880850916902383,0.005649717514124294,,,0.0,,,0.0,,,0.0,,,0.0,,,0.0,,
moment5,0.0001,0,128,2048,0.001,1.0000000000000001e-07,refine_N128_s0,3,200000,200000,200000,0,True,200000,0.08804407411763386,0.0914203523274234,0.09086058144884514,0.0014284430051159907,0.0033762782097895433,0.7500024082853914,0.7500024124744631,0.7500024124725184,0.7500116394163011,0.8660270886111707,0.666074781510922,6.033930533883998e-06,1.509090056576392e-05,0.0034195578174462922,-4.339730814422481e-05,1.1770048746838922e-07,0.003376278209789536,0,0.3711918437762328,,1e-24,199999,0.9989683415465378,0.9999779116489904,1436,True,0.09010628633913019,4572,True,0.09128470642045723,0.0,,,0.0,,,0.0,,,0.0,,,0.0,,,0.0,,
moment5,0.001,0,128,2048,0.001,1e-06,refine_N128_s0,3,200000,200000,200000,0,True,200000,0.08804407411763386,0.09141783321956959,0.09084886069341992,0.0014284036440557748,0.0033737591019357277,0.7500024047814243,0.7500024089635307,0.7500024089615889,0.7500116359098691,0.8660270865867588,0.666074781510922,6.0256632094265976e-06,1.507671565354474e-05,0.003416991295953397,-4.333820329689163e-05,1.0600927919775919e-07,0.0033737591019357025,0,0.37117841001860474,,1e-24,199999,0.9989669072704835,0.9999783813926257,1435,True,0.09010496597753716,4568,True,0.09128221681068287,0.0,,,0.0,,,0.0,,,0.0,,,0.0,,,0.0,,
moment5,0.01,0,128,2048,0.001,1e-05,refine_N128_s0,3,200000,200000,200000,0,True,200000,0.08804407411763386,0.09139284460576431,0.09073243040406653,0.0014280131969650674,0.0033487704881304536,0.7500023703848282,0.7500023744984387,0.7500023744965258,0.7500116014888778,0.8660270667140596,0.666074781510922,5.9444342959069645e-06,1.4936625195507116e-05,0.003391331009448107,-4.275799773510963e-05,1.9747641745415463e-07,0.0033487704881304506,0,0.3710454847463134,,1e-24,199999,0.9989525752699848,0.9999792812820417,1420,True,0.0900872949535979,4528,True,0.09125844503325922,0.0,,,0.0,,,0.0,,,0.0,,,0.0,,,0.0,,
moment5,0.1,0,128,2048,0.001,0.0001,refine_N128_s0,3,200000,200000,200000,0,True,200000,0.08804407411763386,0.09116578671754016,0.09052422581578531,0.001424465417461565,0.003121712599906304,0.7500020809249941,0.7500020844543173,0.7500020844526534,0.7500113118076865,0.8660268994687956,0.666074781510922,5.254795641883078e-06,1.3693084419448666e-05,0.003159473068903834,-3.78795856142979e-05,1.1911661674450837e-07,0.0031217125999062813,0,0.36984548677921836,,1e-24,199999,0.9988101959521155,0.9999766935024336,1286,True,0.08992531188432704,4175,True,0.09104088660303786,0.0,,,0.0,,,0.0,,,0.0,,,0.0,,,0.0,,
moment5,1.0,0,128,2048,0.001,0.001,refine_N128_s0,3,200000,200000,200000,0,True,200000,0.08804407411763386,0.08997821918776061,0.09151144630889546,0.0014059096748087595,0.0019341450701267499,0.7500011004615311,0.7500011019884903,0.7500011019876994,0.7500103301973049,0.8660263327431609,0.666074781510922,2.783781924560029e-06,8.318648369961807e-06,0.0019553814036311324,-2.1309951745018986e-05,7.361824062456542e-08,0.001934145070126738,0,0.3642381042426409,,1e-24,199999,0.9973534032670001,0.9999695634043286,696,True,0.08910940346616177,2409,True,0.08989653652427021,0.0,,,0.0,,,0.0,,,0.0,,,0.0,,,0.0,,
moment5,10.0,0,128,2048,0.001,0.01,refine_N128_s0,3,200000,200000,200000,0,True,200000,0.08804407411763386,0.08843394303334004,0.08803414102101709,0.0013817803598959381,0.0003898689157061791,0.750000594715897,0.7500005956294188,0.7500005956284121,0.7500098231646055,0.866026040011364,0.666074781510922,1.3673273701871053e-06,4.37459816928726e-06,0.0004027137618352575,-1.2844846128992074e-05,-9.726507236358761e-17,0.0003898689157061682,0,0.3596145902898211,,1e-24,199999,0.9838273189030472,0.9999857204142696,134,True,0.08825975467430895,475,True,0.08842258643743416,0.0,,,0.0,,,0.0,,,0.0,,,0.0,,,0.0,,
moment5,100.0,0,128,2048,0.001,0.1,refine_N128_s0,3,200000,200000,200000,0,True,200000,0.08804407411763386,0.08808204386115959,0.0870614302979165,0.0013762819353306185,3.796974352572591e-05,0.7500004806634171,0.7500004827831567,0.7500004827683925,0.7500097088001973,0.8660259739838558,0.666074781510922,1.1165540258838778e-06,2.9141278151925225e-06,4.930031882886967e-05,-1.1330575303359649e-05,2.0908771232746313e-16,3.7969743525719104e-05,0,0.35881647361658314,,1e-24,199999,0.8480509805208043,0.999998913154059,15,True,0.0880687992221641,52,True,0.088086918356291,0.0,,,0.0,,,0.0,,,0.0,,,0.0,,,0.0,,
moment9,0.0001,0,128,2048,0.001,1.0000000000000001e-07,refine_N128_s0,3,200000,200000,200000,0,True,200000,0.08804407411763386,0.09142035232742342,0.09086058144884529,0.001428443005115991,0.003376278209789557,0.7500024082853913,0.750002412474463,0.7500024124725183,0.7500502246775029,0.8660298137157634,0.6660747815109221,6.033930533927523e-06,1.5090900565759396e-05,0.003419557817446292,-4.339730814420939e-05,1.1770048747139339e-07,0.003376278209789554,0,0.37119184377623277,,1e-24,199999,0.9989683415466619,0.9999780107257157,1436,True,0.09010628633913018,4572,True,0.09128470642045726,0.0,,,0.0,,,0.0,,,0.0,,,0.0,,,0.0,,
moment9,0.001,0,128,2048,0.001,1e-06,refine_N128_s0,3,200000,200000,200000,0,True,200000,0.08804407411763386,0.09141783321956956,0.09084886069342003,0.0014284036440557744,0.0033737591019357,0.7500024047814242,0.7500024089635307,0.7500024089615889,0.7500502211656632,0.8660298116883272,0.6660747815109221,6.0256632094265976e-06,1.5076715653540742e-05,0.0034169912959533945,-4.3338203296876164e-05,1.0600927919212385e-07,0.0033737591019357104,0,0.37117841001860474,,1e-24,199999,0.9989669072706076,0.9999781235247711,1435,True,0.09010496597753716,4568,True,0.09128221681068291,0.0,,,0.0,,,0.0,,,0.0,,,0.0,,,0.0,,
moment9,0.01,0,128,2048,0.001,1e-05,refine_N128_s0,3,200000,200000,200000,0,True,200000,0.08804407411763386,0.09139284460576436,0.09073243040406681,0.001428013196965068,0.0033487704881304953,0.7500023703848281,0.7500023744984387,0.7500023744965256,0.7500501866911518,0.8660297917856898,0.6660747815109221,5.944434295950393e-06,1.493662519550245e-05,0.0033913310094480995,-4.2757997735094295e-05,1.9747641746769559e-07,0.0033487704881304727,0,0.3710454847463134,,1e-24,199999,0.9989525752701073,0.9999790006214102,1420,True,0.0900872949535979,4528,True,0.09125844503325922,0.0,,,0.0,,,0.0,,,0.0,,,0.0,,,0.0,,
moment9,0.1,0,128,2048,0.001,0.0001,refine_N128_s0,3,200000,200000,200000,0,True,200000,0.08804407411763386,0.09116578671754016,0.09052422581578516,0.001424465417461565,0.003121712599906304,0.7500020809249939,0.750002084454317,0.7500020844526533,0.7500498965243357,0.866029624268145,0.6660747815109221,5.2547956418522446e-06,1.3693084419445126e-05,0.003159473068903834,-3.78795856142833e-05,1.191166167329648e-07,0.0031217125999062835,0,0.3698454867792183,,1e-24,199999,0.9988101959522241,0.9999771869085337,1286,True,0.08992531188432704,4175,True,0.09104088660303783,0.0,,,0.0,,,0.0,,,0.0,,,0.0,,,0.0,,
moment9,1.0,0,128,2048,0.001,0.001,refine_N128_s0,3,200000,200000,200000,0,True,200000,0.08804407411763386,0.08997821918776061,0.09151144630889559,0.0014059096748087595,0.0019341450701267499,0.750001100461531,0.7500011019884901,0.7500011019876993,0.7500489123980989,0.8660290561174402,0.6660747815109221,2.783781924593614e-06,8.318648369949747e-06,0.0019553814036311298,-2.1309951745007632e-05,7.361824062159414e-08,0.0019341450701267436,0,0.3642381042426409,,1e-24,199999,0.9974039233720982,0.9999696948739332,696,True,0.08910940346616177,2409,True,0.08989653652427021,0.0,,,0.0,,,0.0,,,0.0,,,0.0,,,0.0,,
moment9,10.0,0,128,2048,0.001,0.01,refine_N128_s0,3,200000,200000,200000,0,True,200000,0.08804407411763386,0.08843394303334005,0.08803414102101718,0.0013817803598959383,0.000389868915706193,0.750000594715897,0.7500005956294186,0.750000595628412,0.7500484025429289,0.8660287617703254,0.6660747815109221,1.367327370216634e-06,4.374598169283844e-06,0.0004027137618352556,-1.2844846128983418e-05,-9.668923316315448e-17,0.0003898689157061754,0,0.3596145902898211,,1e-24,199999,0.9838273189030472,0.9999881731197701,134,True,0.08825975467430895,475,True,0.08842258643743416,0.0,,,0.0,,,0.0,,,0.0,,,0.0,,,0.0,,
moment9,100.0,0,128,2048,0.001,0.1,refine_N128_s0,3,200000,200000,200000,0,True,200000,0.08804407411763386,0.08808204386115959,0.08706143029791649,0.0013762819353306185,3.796974352572591e-05,0.7500004806634171,0.7500004827831565,0.7500004827683924,0.7500482874950979,0.8660286953514555,0.6660747815109221,1.116554025864581e-06,2.914127815189385e-06,4.930031882886759e-05,-1.1330575303352124e-05,2.0461267543845076e-16,3.796974352572009e-05,0,0.35881647361658314,,1e-24,199999,0.8480509805208051,0.9999979956777523,15,True,0.0880687992221641,52,True,0.088086918356291,0.0,,,0.0,,,0.0,,,0.0,,,0.0,,,0.0,,
sine,0.0001,0,128,2048,0.001,1.0000000000000001e-07,refine_N128_s0,5,200000,200000,200000,0,True,200000,0.08804407411763386,0.08178553557083505,0.07505813066069697,0.0012778989932942977,-0.006258538546798809,0.42437272291309813,0.42437914471982296,0.4243791196511586,0.4243729608731004,0.9212740752600177,0.6225243424758102,0.0006551287955586699,0.0008616936291527537,-0.002348447038548332,-0.003911549203640842,1.4576953903580445e-06,-0.0062585385467988155,0,0.40644621118584623,,1e-24,199999,0.9992536104984953,0.9999993362942542,3059,True,0.08460682011771659,6537,True,0.08469489457234489,0.0,,,0.0,,,0.0,,,0.0,,,0.0,,,0.0,,
sine,0.001,0,128,2048,0.001,1e-06,refine_N128_s0,5,200000,200000,200000,0,True,200000,0.08804407411763386,0.08179118120579369,0.07513624444295001,0.0012779872063405264,-0.006252892911840169,0.4243726203324547,0.4243790423369818,0.4243790172636365,0.42437285829270127,0.9212739639137766,0.6225243424758102,0.0006552370421184027,0.0008616395097709268,-0.0023437838287490996,-0.003910950439295596,1.841356204520601e-06,-0.006252892911840175,0,0.40640577577846526,,1e-24,199999,0.9992525048643838,0.999999336311117,3057,True,0.08461184552688891,6533,True,0.08469926851821867,0.0,,,0.0,,,0.0,,,0.0,,,0.0,,,0.0,,
sine,0.01,0,128,2048,0.001,1e-05,refine_N128_s0,5,200000,200000,200000,0,True,200000,0.08804407411763386,0.08184675507738408,0.07591297580730938,0.0012788555480841262,-0.006197319040249782,0.42437158495538935,0.4243780088364925,0.4243779837179705,0.42437182291816866,0.9212728400622355,0.6225243424758102,0.0006562700903713823,0.0008610877999948623,-0.0022940133557846,-0.0039049057834944253,1.600099029232863e-06,-0.006197319040249793,0,0.40600276318700845,,1e-24,199999,0.9992414559368199,0.9999993343154419,3036,True,0.0846613179168619,6486,True,0.08474215217375951,0.0,,,0.0,,,0.0,,,0.0,,,0.0,,,0.0,,
sine,0.1,0,128,2048,0.001,0.0001,refine_N128_s0,5,200000,200000,200000,0,True,200000,0.08804407411763386,0.08233783530343293,0.07700622256917448,0.0012865286766161395,-0.005706238814200931,0.42436047002908583,0.4243669050775224,0.4243668796539548,0.42436070802465975,0.9212607752690437,0.6225243424758102,0.000662237294243815,0.0008548210461918097,-0.001868493328160107,-0.0038400794784712675,2.333992430434252e-06,-0.00570623881420094,0,0.402112850562949,,1e-24,199999,0.9991316276767688,0.999999320191196,2838,True,0.08508619738678173,6053,True,0.08519005184480533,0.0,,,0.0,,,0.0,,,0.0,,,0.0,,,0.0,,
sine,1.0,0,128,2048,0.001,0.001,refine_N128_s0,5,200000,200000,200000,0,True,200000,0.08804407411763386,0.08516050884510108,0.08912373750304795,0.0013306329507047044,-0.0028835652725327787,0.424256385719718,0.4242628025249118,0.42426277985853855,0.42425662415585874,0.9211477885289187,0.6225243424758102,0.0005863079551521422,0.0008094310859230982,0.0003502630522641536,-0.0032351725272307843,1.3442024338389673e-06,-0.0028835652725327917,0,0.38258195239408144,,1e-24,199999,0.9980632039231446,0.9999993099483394,1685,True,0.0866874797117288,3562,True,0.0869583905002773,0.0,,,0.0,,,0.0,,,0.0,,,0.0,,,0.0,,
sine,10.0,0,128,2048,0.001,0.01,refine_N128_s0,5,200000,200000,200000,0,True,200000,0.08804407411763386,0.08702531748296655,0.08813167614604267,0.0013597705856713523,-0.0010187566346673144,0.4240498510834884,0.42406126951399475,0.42406132644526545,0.4240500898490487,0.920923547151498,0.6225243424758102,0.0004490940931917558,0.0008767597895883242,0.001182690180913542,-0.002201538421901286,9.160632042036148e-08,-0.0010187566346673228,0,0.36411026852166906,,1e-24,199999,0.9876085312474415,0.9999999515140936,321,True,0.08784105466216166,677,True,0.08791287087179826,0.0,,,0.0,,,0.0,,,0.0,,,0.0,,,0.0,,
sine,100.0,0,128,2048,0.001,0.1,refine_N128_s0,5,200000,200000,200000,0,True,200000,0.08804407411763386,0.11562686833046779,0.11251649799606014,0.0018066698176635592,0.027582794212833925,0.12987320350016685,0.3242360769130559,0.37261596261732033,0.12986133645471876,0.5096299372186033,0.6225243424758102,0.004404296176454882,0.05190759273854707,0.019474216297693744,0.008108571955251578,5.959888605302117e-09,0.027582794212833925,0,1.442054318754033,,1e-24,199999,0.8832717454130011,1.000004651120347,35,True,0.08802394620189584,73,True,0.08803220024528224,0.005649717514124294,,,0.0,,,0.0,,,0.0,,,0.0,,,0.0,,
runge,0.0001,0,128,2048,0.001,1.0000000000000001e-07,refine_N128_s0,5,200000,200000,200000,0,True,200000,0.08804407411763386,0.09310891677129138,0.07895201963115843,0.0014548268245514278,0.005064842653657517,0.07747039870546714,0.07775055005660979,0.07775392756896182,0.07747036962142387,0.703416198228284,0.6667652778233245,0.0008674318689360271,0.012329902859084906,-0.002868598760504669,0.007932779480807268,6.619333549219871e-07,0.005064842653657521,0,0.6899559244352782,,1e-24,199999,0.9989890991839097,1.0000015837940324,1874,True,0.08553195396017116,5158,True,0.08510620189828205,0.0,,,0.0,,,0.0,,,0.0,,,0.0,,,0.0,,
runge,0.001,0,128,2048,0.001,1e-06,refine_N128_s0,5,200000,200000,200000,0,True,200000,0.08804407411763386,0.09311358748936414,0.07895384805125208,0.0014548998045213148,0.005069513371730283,0.07746592166272129,0.07774678945247039,0.07775018485166502,0.07746589249840585,0.7033958722225518,0.6667652778233245,0.0008688691685309871,0.012342353566801318,-0.002864862283400802,0.007933806401521016,5.692536100676924e-07,0.005069513371730281,0,0.6902511564644371,,1e-24,199999,0.9989876454624164,1.0000015864400738,1873,True,0.08553347640832608,5154,True,0.08510860385963646,0.0,,,0.0,,,0.0,,,0.0,,,0.0,,,0.0,,
runge,0.01,0,128,2048,0.001,1e-05,refine_N128_s0,5,200000,200000,200000,0,True,200000,0.08804407411763386,0.09315995668117787,0.07897169155274374,0.0014556243231434042,0.005115882563544005,0.07742103070333631,0.07770912112532681,0.07771269832628358,0.07742100072916938,0.7031920324410272,0.6667652778233245,0.0008834473309100691,0.012467165358296305,-0.0028290391895773453,0.007944298096216416,6.23656904908608e-07,0.005115882563543979,0,0.693189977123209,,1e-24,199999,0.9989731240229555,1.0000016121179314,1859,True,0.08555001945181848,5119,True,0.08513230040031904,0.0,,,0.0,,,0.0,,,0.0,,,0.0,,,0.0,,
runge,0.1,0,128,2048,0.001,0.0001,refine_N128_s0,5,200000,200000,200000,0,True,200000,0.08804407411763386,0.09359332567829448,0.0806707504638391,0.0014623957137233513,0.00554925156066062,0.07695961136492367,0.07732575373007426,0.0773314454641765,0.07695957257780625,0.701093393145874,0.6667652778233245,0.0010439810467173397,0.013743725211385647,-0.002519004779384908,0.00806792773200091,3.286080446020364e-07,0.0055492515606606055,0,0.7213846964979074,,1e-24,199999,0.9988292897391426,1.0000018576012197,1733,True,0.08572210184127192,4785,True,0.08534743155440272,0.0,,,0.0,,,0.0,,,0.0,,,0.0,,,0.0,,
runge,1.0,0,128,2048,0.001,0.001,refine_N128_s0,5,200000,200000,200000,0,True,200000,0.08804407411763386,0.09755716388094758,0.08235578012894318,0.001524330685639806,0.00951308976331372,0.07064720430996409,0.07237253571105262,0.07242272911795858,0.07064701114268257,0.6717249001354051,0.6667652778233245,0.0026351338348263005,0.02793235850189939,-0.0005744190920665347,0.010087264173103816,2.4468227643383433e-07,0.009513089763313715,0,0.9544537599277647,,1e-24,199999,0.997447776346745,1.0000036350331096,1021,True,0.08668381643270463,2846,True,0.08648826720000895,0.0,,,0.0,,,0.0,,,0.0,,,0.0,,,0.0,,
runge,10.0,0,128,2048,0.001,0.01,refine_N128_s0,5,200000,200000,200000,0,True,200000,0.08804407411763386,0.11602671482354221,0.09648154520667387,0.001812917419117847,0.02798264070590835,0.020074263931942754,0.021133778033975457,0.021046871995917024,0.0200742095407955,0.3580665712162692,0.6667652778233245,0.0008584207953767605,0.028979389935088255,0.0066797029162911905,0.021302930220330224,7.569286925486433e-09,0.027982640705908342,0,1.4126002325298692,,1e-24,199999,0.9840089059781167,1.0000031524440707,193,True,0.08779989526259022,541,True,0.0877614632261843,0.005649717514124294,,,0.0,,,0.0,,,0.0,,,0.0,,,0.0,,
runge,100.0,0,128,2048,0.001,0.1,refine_N128_s0,5,200000,200000,200000,0,True,200000,0.08804407411763386,0.10368689650661154,0.09380609174415731,0.0016201077579158054,0.015642822388977684,0.01846013206483557,0.01846637070094346,0.018466340199109366,0.018460178085219783,0.34337011518070243,0.6667652778233245,3.4328485002007015e-05,0.00258821932825537,0.0024227606847345966,0.013220058636447657,3.0677954317314344e-09,0.015642822388977688,0,1.4080660892885821,,1e-24,199999,0.8499185010670056,0.9999991319221132,21,True,0.08801767830828594,58,True,0.0880143885622708,0.005649717514124294,,,0.0,,,0.0,,,0.0,,,0.0,,,0.0,,
moment3,0.0001,0,128,2048,0.001,1.0000000000000001e-07,refine_N128_s0,5,200000,200000,200000,0,True,200000,0.08804407411763386,0.08913212770773071,0.09360656086722276,0.0013926894954332924,0.0010880535900968519,0.7503986110845455,0.750453917225443,0.750454351599913,0.75040095848916,0.8662554757353687,0.666112608001899,0.002393760212959922,0.001949188959906079,0.0130657148643715,-0.01197791188857385,2.5061429919455597e-07,0.0010880535900968452,0,0.4036024706110095,,1e-24,199999,0.9989671905700582,0.9999994151475168,1457,True,0.09006872052017288,5290,True,0.09117479397356718,0.0,,,0.0,,,0.0,,,0.0,,,0.0,,,0.0,,
moment3,0.001,0,128,2048,0.001,1e-06,refine_N128_s0,5,200000,200000,200000,0,True,200000,0.08804407411763386,0.08913253357571987,0.09359628062615663,0.001392695837120623,0.0010884594580860135,0.7503977469462944,0.7504531173358735,0.7504535532785865,0.7504000943398819,0.8662549769525173,0.666112608001899,0.0023931556483060973,0.0019500670926594162,0.013063103520021855,-0.01197488806475966,2.440028238196459e-07,0.0010884594580860144,0,0.4036386347197993,,1e-24,199999,0.9989657554888157,0.9999994166439836,1455,True,0.09006659747991334,5285,True,0.09117243980073689,0.0,,,0.0,,,0.0,,,0.0,,,0.0,,,0.0,,
moment3,0.01,0,128,2048,0.001,1e-05,refine_N128_s0,5,200000,200000,200000,0,True,200000,0.08804407411763386,0.0891362686557236,0.0934935961920274,0.0013927541977456813,0.001092194538089744,0.7503891532713264,0.7504451665857436,0.7504456183087973,0.7503915005548343,0.8662500166450503,0.666112608001899,0.002387174597676003,0.001958853238527358,0.013036917136742602,-0.011944902095138293,1.7949648543417415e-07,0.0010921945380897447,0,0.40400128386651374,,1e-24,199999,0.998951415471542,0.9999994288114478,1440,True,0.09004958511904258,5236,True,0.09114909890998835,0.0,,,0.0,,,0.0,,,0.0,,,0.0,,,0.0,,
moment3,0.1,0,128,2048,0.001,0.0001,refine_N128_s0,5,200000,200000,200000,0,True,200000,0.08804407411763386,0.089194521993924,0.09242085993232879,0.0013936644061550625,0.0011504478762901366,0.7503074175852248,0.7503699411071891,0.7503705619404353,0.7503097637804064,0.8662028369992489,0.666112608001899,0.0023337648323873764,0.0020474025179547956,0.012818050924373055,-0.011667728833930734,1.2578584781737974e-07,0.0011504478762901363,0,0.40769149905049307,,1e-24,199999,0.9988089590235149,0.999999538531721,1305,True,0.08989261057662837,4799,True,0.0909352957544385,0.0,,,0.0,,,0.0,,,0.0,,,0.0,,,0.0,,
moment3,1.0,0,128,2048,0.001,0.001,refine_N128_s0,5,200000,200000,200000,0,True,200000,0.08804407411763386,0.08940301828027765,0.09134402986093891,0.0013969221606293383,0.0013589441626437881,0.7495913524578228,0.7497599867722311,0.7497652309473901,0.7495936834359822,0.8657893951650023,0.666112608001899,0.0022606835459219824,0.003221526974696789,0.011336834776030327,-0.009977969630958722,7.901757217987643e-08,0.001358944162643784,0,0.44317249595090735,,1e-24,199999,0.99742311993355,1.0000004409092096,707,True,0.08909277392361992,2682,True,0.08983136931435665,0.0,,,0.0,,,0.0,,,0.0,,,0.0,,,0.0,,
moment3,10.0,0,128,2048,0.001,0.01,refine_N128_s0,5,200000,200000,200000,0,True,200000,0.08804407411763386,0.1572502424862913,0.16767452565598162,0.0024570350388483015,0.06920616836865744,0.2377023326276526,0.30298497569668303,0.2979013982206733,0.2376987753552911,0.48754283114033165,0.666112608001899,0.006517286038067728,0.021478317871531146,0.08967660618396636,-0.020470451170365053,1.3355056128105674e-08,0.06920616836865744,0,1.1383205431251004,,1e-24,199999,0.9838197356160642,1.0000026657641397,136,True,0.08825629658488382,512,True,0.08840663121521586,0.011299435028248588,,,0.0,,,0.0,,,0.0,,,0.0,,,0.0,,
moment3,100.0,0,128,2048,0.001,0.1,refine_N128_s0,5,200000,200000,200000,0,True,200000,0.08804407411763386,0.13166491401270883,0.1447221315395671,0.0020572642814485754,0.04362083989507497,0.013573239946466198,0.014145293767480407,0.014131615424968436,0.013573399440755585,0.11650474609136076,0.666112608001899,0.00021575165179528734,0.00687347285702937,0.07375589719777274,-0.030135059976564207,2.6738664314551013e-09,0.04362083989507497,0,1.122988281811645,,1e-24,199999,0.8479870258537507,0.999995142571371,15,True,0.08806816509542585,55,True,0.08808507645775679,0.0,,,0.0,,,0.0,,,0.0,,,0.0,,,0.0,,
moment5,0.0001,0,128,2048,0.001,1.0000000000000001e-07,refine_N128_s0,5,200000,200000,200000,0,True,200000,0.08804407411763386,0.09146224686225098,0.09075922411809977,0.0014290976072226715,0.003418172744617115,0.749997303064886,0.749997307899726,0.7499973078992233,0.7500065336808083,0.8660241408484048,0.6661126080018989,8.838774504682194e-06,1.6805604647808126e-05,0.00337850500381382,3.957606775127982e-05,9.167305202278632e-08,0.003418172744617123,0,0.37121207451898885,,1e-24,199999,0.998962331790434,0.9999777585352538,1435,True,0.09010617718499979,4564,True,0.09128367530910554,0.0,,,0.0,,,0.0,,,0.0,,,0.0,,,0.0,,
moment5,0.001,0,128,2048,0.001,1e-06,refine_N128_s0,5,200000,200000,200000,0,True,200000,0.08804407411763386,0.09145970452331123,0.09074746256986459,0.001429057883176738,0.0034156304056773695,0.7499973017384649,0.749997306569139,0.7499973065686374,0.7500065323521486,0.8660241400813107,0.6661126080018989,8.832918864446865e-06,1.679754295251124e-05,0.0033758613500573754,3.960401902800492e-05,1.6503659199001136e-07,0.0034156304056773713,0,0.37119861820365896,,1e-24,199999,0.998966157177387,0.9999781971206003,1433,True,0.09010395953492358,4560,True,0.09128125849101713,0.0,,,0.0,,,0.0,,,0.0,,,0.0,,,0.0,,
moment5,0.01,0,128,2048,0.001,1e-05,refine_N128_s0,5,200000,200000,200000,0,True,200000,0.08804407411763386,0.09143448812401406,0.09063063923028428,0.0014286638769377196,0.0033904140063801963,0.7499972888570616,0.7499972936467648,0.7499972936462718,0.7500065194485925,0.8660241326315148,0.6661126080018989,8.775098449028262e-06,1.67180786894695e-05,0.0033503792425939685,3.9876517149199483e-05,1.58246637020596e-07,0.0033904140063801885,0,0.37106546588032985,,1e-24,199999,0.9989373589863582,0.9999782997864503,1418,True,0.09008625747364904,4521,True,0.0912576806828463,0.0,,,0.0,,,0.0,,,0.0,,,0.0,,,0.0,,
moment5,0.1,0,128,2048,0.001,0.0001,refine_N128_s0,5,200000,200000,200000,0,True,200000,0.08804407411763386,0.09120711077517869,0.09033431620420158,0.001425111105862167,0.003163036657544832,0.7499971917451087,0.7499971961848967,0.74999719618448,0.7500064221356114,0.866024076448408,0.6661126080018989,8.260374924991392e-06,1.6025736913377772e-05,0.0031207923657390357,4.201260189691001e-05,2.3168990887811833e-07,0.0031630366575448243,0,0.3698634497118899,,1e-24,199999,0.9988094094460672,0.9999777547569029,1285,True,0.08992495096189516,4169,True,0.091040147876007,0.0,,,0.0,,,0.0,,,0.0,,,0.0,,,0.0,,
moment5,1.0,0,128,2048,0.001,0.001,refine_N128_s0,5,200000,200000,200000,0,True,200000,0.08804407411763386,0.09001529730427525,0.09145662336286291,0.0014064890203793008,0.001971223186641391,0.7499971398260235,0.7499971430661829,0.749997143066063,0.7500063691716694,0.86602404586997,0.6661126080018989,5.759492120620004e-06,1.3400893630211427e-05,0.0019255676625174474,4.5584801149006886e-05,7.072297494117988e-08,0.0019712231866413957,0,0.36424699252780146,,1e-24,199999,0.9974238758300962,0.9999791063020748,696,True,0.08910949469719331,2406,True,0.08989572295161811,0.0,,,0.0,,,0.0,,,0.0,,,0.0,,,0.0,,
moment5,10.0,0,128,2048,0.001,0.01,refine_N128_s0,5,200000,200000,200000,0,True,200000,0.08804407411763386,0.08847096262682776,0.0880709466427208,0.0013823587910441837,0.00042688850919389565,0.7499975785952375,0.7499975819230251,0.7499975819224691,0.7500068067725073,0.866024298516353,0.6661126080018989,3.0968448351276833e-06,1.2100568522987386e-05,0.00038587232289612216,4.10161862979657e-05,-1.8514118558787835e-16,0.0004268885091939027,0,0.3596160637855072,,1e-24,199999,0.9838227754727108,0.9999968127461979,134,True,0.08825975086420203,475,True,0.08842248842246274,0.0,,,0.0,,,0.0,,,0.0,,,0.0,,,0.0,,
moment5,100.0,0,128,2048,0.001,0.1,refine_N128_s0,5,200000,200000,200000,0,True,200000,0.08804407411763386,0.08811946909796042,0.0870352174739678,0.0013768667046556316,7.539498032656244e-05,0.7499975738023663,0.7499975827447596,0.7499975827295009,0.750006801897444,0.8660242957017629,0.6661126080018989,2.446790369743653e-06,1.183227727708007e-05,3.4976287313755556e-05,4.041869301275391e-05,3.4659569683817976e-17,7.539498032654412e-05,0,0.3588166506293218,,1e-24,199999,0.8480123819821006,0.9999993720907517,15,True,0.08806879746579607,52,True,0.08808690523094476,0.0,,,0.0,,,0.0,,,0.0,,,0.0,,,0.0,,
moment9,0.0001,0,128,2048,0.001,1.0000000000000001e-07,refine_N128_s0,5,200000,200000,200000,0,True,200000,0.08804407411763386,0.09142272997418698,0.09090546829384198,0.0014284801558466715,0.0033786558565531144,0.7500021442663691,0.7500021475373484,0.7500021475360162,0.7500499590400812,0.8660296603594015,0.6661126080018989,5.381050742532997e-06,1.3358936637512951e-05,0.003416627264833382,-3.8071563149793774e-05,1.0015486951292341e-07,0.0033786558565531014,0,0.37121392102360495,,1e-24,199999,0.9985444082416916,0.9999712042151669,1435,True,0.09010591027673953,4567,True,0.09128313180317423,0.0,,,0.0,,,0.0,,,0.0,,,0.0,,,0.0,,
moment9,0.001,0,128,2048,0.001,1e-06,refine_N128_s0,5,200000,200000,200000,0,True,200000,0.08804407411763386,0.09142020277447827,0.0908936662804489,0.001428440668351223,0.0033761286568444043,0.750002141198286,0.7500021444639523,0.7500021444626219,0.7500499559646993,0.8660296585839385,0.6661126080018989,5.373797201134888e-06,1.3346643315200824e-05,0.003413975332473666,-3.802083602763298e-05,1.7416039837179175e-07,0.0033761286568444048,0,0.37120046271205137,,1e-24,199999,0.9986892702004949,0.9999705742373391,1434,True,0.09010458779334164,4563,True,0.09128068198123229,0.0,,,0.0,,,0.0,,,0.0,,,0.0,,,0.0,,
moment9,0.01,0,128,2048,0.001,1e-05,refine_N128_s0,5,200000,200000,200000,0,True,200000,0.08804407411763386,0.09139513500032569,0.09077643689305298,0.0014280489843800888,0.0033510608826918253,0.7500021110818698,0.7500021142952804,0.7500021142939688,0.7500499257760459,0.8660296411555864,0.6661126080018989,5.302531042146413e-06,1.3225221729263044e-05,0.003388413485929648,-3.752291253016202e-05,1.703092923321537e-07,0.003351060882691819,0,0.37106729341140615,,1e-24,199999,0.9985560670372826,0.9999712867321047,1418,True,0.09008599422297382,4523,True,0.09125700497733996,0.0,,,0.0,,,0.0,,,0.0,,,0.0,,,0.0,,
moment9,0.1,0,128,2048,0.001,0.0001,refine_N128_s0,5,200000,200000,200000,0,True,200000,0.08804407411763386,0.09116762132855627,0.09048796202147713,0.0014244940832586917,0.003123547210922409,0.7500018577059437,0.7500018604728761,0.7500018604717267,0.7500496717444685,0.8660294944994192,0.6661126080018989,4.697504499186764e-06,1.2146352628348107e-05,0.0031566570731789904,-3.333920584539221e-05,2.2934358880597814e-07,0.003123547210922406,0,0.3698651195258468,,1e-24,199999,0.9983692092522053,0.9999696901767778,1285,True,0.08992471585540149,4171,True,0.09103954840882869,0.0,,,0.0,,,0.0,,,0.0,,,0.0,,,0.0,,
moment9,1.0,0,128,2048,0.001,0.001,refine_N128_s0,5,200000,200000,200000,0,True,200000,0.08804407411763386,0.08997854199216226,0.09153377620825862,0.0014059147186275354,0.0019344678745284033,0.7500009977377814,0.7500009989613994,0.7500009989608325,0.7500488083667987,0.8660289960586025,0.6661126080018989,2.5204053609733594e-06,7.4578420664517065e-06,0.001953503280135088,-1.9109170169674514e-05,7.376456299445978e-08,0.0019344678745284074,0,0.36424785862149756,,1e-24,199999,0.9964694338396269,0.9999555962173409,696,True,0.08910937294667745,2407,True,0.08989541459016685,0.0,,,0.0,,,0.0,,,0.0,,,0.0,,,0.0,,
moment9,10.0,0,128,2048,0.001,0.01,refine_N128_s0,5,200000,200000,200000,0,True,200000,0.08804407411763386,0.08843441619789284,0.08804188296795189,0.0013817877530920757,0.00039034208025898187,0.7500005487782364,0.750000549539452,0.7500005495386886,0.7500483555448839,0.8660287346376369,0.6661126080018989,1.250797162088243e-06,3.989170833824296e-06,0.00040208238681021846,-1.1740306550959579e-05,-2.8607156130853885e-16,0.00039034208025897276,0,0.359616205819794,,1e-24,199999,0.9838227674242959,0.9999827349977535,134,True,0.0882597280834096,475,True,0.08842240413863174,0.0,,,0.0,,,0.0,,,0.0,,,0.0,,,0.0,,
moment9,100.0,0,128,2048,0.001,0.1,refine_N128_s0,5,200000,200000,200000,0,True,200000,0.08804407411763386,0.0880825542288728,0.08705973429457434,0.0013762899098261375,3.848011123894213e-05,0.7500004475924313,0.7500004494797415,0.7500004494675462,0.7500482534168338,0.8660286756775523,0.6661126080018989,1.0217862961603486e-06,2.7192187002686465e-06,4.8896291709030325e-05,-1.0416180470338546e-05,2.422289697071892e-16,3.8480111238933996e-05,0,0.35881666381109606,,1e-24,199999,0.8480123194159044,0.9999984943234335,15,True,0.08806879494107678,52,True,0.0880868960940253,0.0,,,0.0,,,0.0,,,0.0,,,0.0,,,0.0,,
sine,0.0001,0,128,2048,0.001,1.0000000000000001e-07,refine_N128_s0,7,200000,200000,200000,0,True,200000,0.08804407411763386,0.08177337407599572,0.07501795847222005,0.0012777089699374331,-0.006270700041638141,0.4243734250655685,0.42437987850678793,0.4243798532127554,0.4243736630162771,0.9212748374033419,0.6225230757493063,0.0006564338954037671,0.0008641346167164418,-0.0023460965903570902,-0.003926055968220843,1.4525169397779765e-06,-0.006270700041638155,0,0.4063593829712327,,1e-24,199999,0.9992536349183971,0.9999993327952535,3059,True,0.08460642761556554,6538,True,0.08469426276734646,0.0,,,0.0,,,0.0,,,0.0,,,0.0,,,0.0,,
sine,0.001,0,128,2048,0.001,1e-06,refine_N128_s0,7,200000,200000,200000,0,True,200000,0.08804407411763386,0.08177902749407996,0.07509607053527848,0.0012777973045949994,-0.006265046623553899,0.4243733223346403,0.42437977597099164,0.42437975067221334,0.42437356028559425,0.9212747258940671,0.6225230757493063,0.0006565424845259107,0.0008640801580957021,-0.002341449996885075,-0.003925457016421257,1.8603897524328854e-06,-0.006265046623553898,0,0.40631901285878746,,1e-24,199999,0.9992525292850138,0.9999993326986408,3057,True,0.08461145358540391,6533,True,0.08469863450434141,0.0,,,0.0,,,0.0,,,0.0,,,0.0,,,0.0,,
sine,0.01,0,128,2048,0.001,1e-05,refine_N128_s0,7,200000,200000,200000,0,True,200000,0.08804407411763386,0.08183467937818378,0.07587278986193124,0.0012786668652841216,-0.006209394739450078,0.42437228542870475,0.42437874091336,0.4243787155687805,0.42437252338220344,0.9212736003839505,0.6225230757493063,0.0006575788172563764,0.0008635249394741449,-0.002291617699416532,-0.0039194097236322,1.632683598655661e-06,-0.006209394739450076,0,0.40591665164854007,,1e-24,199999,0.9992414803645517,0.9999993308936349,3036,True,0.08466093167504912,6487,True,0.08474153293253325,0.0,,,0.0,,,0.0,,,0.0,,,0.0,,,0.0,,
sine,0.1,0,128,2048,0.001,0.0001,refine_N128_s0,7,200000,200000,200000,0,True,200000,0.08804407411763386,0.08232640306131121,0.07699005529782152,0.0012863500478329877,-0.0057176710563226485,0.4243611530521035,0.42436761930268696,0.42436759364881016,0.4243613910385564,0.9212615166591476,0.6225230757493063,0.0006635664040191059,0.0008572139310231851,-0.0018650460952121498,-0.003854493581192671,1.86862008216862e-06,-0.005717671056322651,0,0.4020330589833213,,1e-24,199999,0.9991316522409373,0.9999993165043245,2839,True,0.08508597644344992,6054,True,0.08518940485750999,0.0,,,0.0,,,0.0,,,0.0,,,0.0,,,0.0,,
sine,1.0,0,128,2048,0.001,0.001,refine_N128_s0,7,200000,200000,200000,0,True,200000,0.08804407411763386,0.08515174357089678,0.08912288615129609,0.0013304959932952621,-0.0028923305467370847,0.42425687607800916,0.4242633196202238,0.4242632967445301,0.42425711450713244,0.9211483208551513,0.6225230757493063,0.0005874435982034481,0.0008113623667567076,0.0003536886235916318,-0.003247388954123422,1.3697837946882955e-06,-0.002892330546737102,0,0.3825528982280364,,1e-24,199999,0.9980632324030435,0.999999305723243,1685,True,0.08668733141508213,3563,True,0.0869581950992187,0.0,,,0.0,,,0.0,,,0.0,,,0.0,,,0.0,,
sine,10.0,0,128,2048,0.001,0.01,refine_N128_s0,7,200000,200000,200000,0,True,200000,0.08804407411763386,0.08702081772691721,0.08812126628849345,0.0013597002769830814,-0.0010232563907166536,0.4240499163835555,0.42406136579070736,0.4240614227265296,0.4240501551448715,0.9209236180540398,0.6225230757493063,0.0004498909248576966,0.0008780289836530207,0.0011859897888755015,-0.0022093374548217463,9.127522959097217e-08,-0.0010232563907166534,0,0.364104361803806,,1e-24,199999,0.9876086139912745,0.9999999477818667,321,True,0.08784103312948213,677,True,0.08791283534965556,0.0,,,0.0,,,0.0,,,0.0,,,0.0,,,0.0,,
sine,100.0,0,128,2048,0.001,0.1,refine_N128_s0,7,200000,200000,200000,0,True,200000,0.08804407411763386,0.1033008881425876,0.09858999112986512,0.0016140763772279313,0.015256814024953741,0.34178471820573286,0.3747558535782562,0.3739487377538635,0.34178552497478404,0.8267835568935609,0.6225230757493063,0.0003768258563817703,0.005068844842105669,0.009308620397793926,0.005948192199474688,1.4276851341169888e-09,0.01525681402495375,0,1.073538548233177,,1e-24,199999,0.8832723806072779,1.0000043118675932,35,True,0.08802394417950402,73,True,0.08803219685152788,0.005649717514124294,,,0.0,,,0.0,,,0.0,,,0.0,,,0.0,,
runge,0.0001,0,128,2048,0.001,1.0000000000000001e-07,refine_N128_s0,7,200000,200000,200000,0,True,200000,0.08804407411763386,0.09326563476565915,0.07895323453897651,0.0014572755432134242,0.005221560648025286,0.07730049539828943,0.07761431193575381,0.07761891502986834,0.07730046232002927,0.7026444118624702,0.6667640213934891,0.0008950144237888656,0.01303609154307468,-0.0028591543419013276,0.008080046356610523,6.686333160789165e-07,0.005221560648025274,0,0.7080183440058889,,1e-24,199999,0.9989891228747522,1.0000016860420942,1874,True,0.08553195726766046,5158,True,0.08510649188047709,0.0,,,0.0,,,0.0,,,0.0,,,0.0,,,0.0,,
runge,0.001,0,128,2048,0.001,1e-06,refine_N128_s0,7,200000,200000,200000,0,True,200000,0.08804407411763386,0.0932706200494611,0.07895505892001428,0.0014573534382728297,0.0052265459318272395,0.0772952807451886,0.07761002016337888,0.07761465161249959,0.0772952475607495,0.702620710948171,0.6667640213934891,0.0008966874005853676,0.013051792266781957,-0.002855375745797147,0.008081340170673884,5.815069504962582e-07,0.005226545931827234,0,0.7083655235091485,,1e-24,199999,0.9989876691579388,1.0000016887692147,1873,True,0.08553347976937074,5154,True,0.08510889347427181,0.0,,,0.0,,,0.0,,,0.0,,,0.0,,,0.0,,
runge,0.01,0,128,2048,0.001,1e-05,refine_N128_s0,7,200000,200000,200000,0,True,200000,0.08804407411763386,0.0933201469337818,0.07897285605151728,0.0014581272958403405,0.005276072816147934,0.07724288824368808,0.07756696463311061,0.07757188608689941,0.0772428539835033,0.7023825394302424,0.6667640213934891,0.000913687289940902,0.013209684620179647,-0.002818998400358372,0.008094514933198545,5.562833077501752e-07,0.0052760728161479215,0,0.7118278776415433,,1e-24,199999,0.9989731477655726,1.0000017165212907,1859,True,0.08555002314123726,5119,True,0.08513258688240434,0.0,,,0.0,,,0.0,,,0.0,,,0.0,,,0.0,,
runge,0.1,0,128,2048,0.001,0.0001,refine_N128_s0,7,200000,200000,200000,0,True,200000,0.08804407411763386,0.0937863810617409,0.08053963853894519,0.0014654122040897017,0.005742306944107045,0.07669301516340837,0.07712178182510947,0.07713030356310172,0.0766929686684946,0.6998779732081595,0.6667640213934891,0.001104493587769584,0.014877971969355416,-0.0025045258102589962,0.008246491332274324,3.4142209171754264e-07,0.005742306944107046,0,0.7456829288967759,,1e-24,199999,0.9988293140092733,1.000001981314624,1734,True,0.08572165163996927,4785,True,0.08534768836021453,0.0,,,0.0,,,0.0,,,0.0,,,0.0,,,0.0,,
runge,1.0,0,128,2048,0.001,0.001,refine_N128_s0,7,200000,200000,200000,0,True,200000,0.08804407411763386,0.09847650273985467,0.08192066158388887,0.0015386953553102292,0.01043242862222081,0.06617698333236224,0.06989867480857055,0.07013173584506821,0.06617647398625498,0.6501242453523031,0.6667640213934891,0.0034812428879696087,0.04614465162738496,-0.0003679903950538843,0.010800171669468124,2.4734780656165774e-07,0.0104324286222208,0,1.1203365493517692,,1e-24,199999,0.997447807775025,1.000003879027451,1021,True,0.08668382083760337,2846,True,0.08648836573063937,0.0,,,0.0,,,0.0,,,0.0,,,0.0,,,0.0,,
runge,10.0,0,128,2048,0.001,0.01,refine_N128_s0,7,200000,200000,200000,0,True,200000,0.08804407411763386,0.1047902523035138,0.08746695920355331,0.001637347692242403,0.016746178185879937,0.037290054622801785,0.0374893706268816,0.037486830507579914,0.03729005922864656,0.488023895875153,0.6667640213934891,0.0001477124671454516,0.011006045203444352,0.0017310362726198317,0.015015140523709686,1.3895504260273775e-09,0.016746178185879944,0,1.26627088931204,,1e-24,199999,0.9840090170079674,1.0000030252786332,193,True,0.0877998960533894,541,True,0.08776147259692005,0.0,,,0.0,,,0.0,,,0.0,,,0.0,,,0.0,,
runge,100.0,0,128,2048,0.001,0.1,refine_N128_s0,7,200000,200000,200000,0,True,200000,0.08804407411763386,0.10100560595584815,0.09028121896842001,0.0015782125930601273,0.012961531838214288,0.03498998291000932,0.03509113417245919,0.03509093314190259,0.03498999310662347,0.472733608860035,0.6667640213934891,5.876941457247453e-05,0.009382496706686578,-1.2060157028974867e-05,0.012973591637804587,3.5743867504622027e-10,0.012961531838214288,0,1.0099731951292328,,1e-24,199999,0.8499194111546066,0.999999875802899,21,True,0.08801767843839405,58,True,0.08801438945598826,0.0,,,0.0,,,0.0,,,0.0,,,0.0,,,0.0,,
moment3,0.0001,0,128,2048,0.001,1.0000000000000001e-07,refine_N128_s0,7,200000,200000,200000,0,True,200000,0.08804407411763386,0.08917204370279921,0.09353100587325651,0.0013933131828562377,0.0011279695851653532,0.7503904279408145,0.7504467808487995,0.7504472400186127,0.7503927752261028,0.8662507523833536,0.6661118157882115,0.002405459874953921,0.0019698068690762135,0.013105414887996932,-0.011977713727962722,2.6842513113690355e-07,0.0011279695851653493,0,0.4082282182416081,,1e-24,199999,0.9989672093126959,0.999999429656626,1457,True,0.09006863688348175,5293,True,0.09117484330793273,0.0,,,0.0,,,0.0,,,0.0,,,0.0,,,0.0,,
moment3,0.001,0,128,2048,0.001,1e-06,refine_N128_s0,7,200000,200000,200000,0,True,200000,0.08804407411763386,0.08917249930860288,0.09352087204284083,0.00139332030169692,0.0011284251909690207,0.7503895482389122,0.7504459680216174,0.7504464288471727,0.7503918955128304,0.8662502446142674,0.6661118157882115,0.002404861732694733,0.0019707239029789344,0.013102836884345367,-0.011974659428301518,2.477349251517844e-07,0.0011284251909690001,0,0.4082662425845941,,1e-24,199999,0.9989657742386149,0.9999994312195093,1455,True,0.09006651401608806,5288,True,0.09117248958470295,0.0,,,0.0,,,0.0,,,0.0,,,0.0,,,0.0,,
moment3,0.01,0,128,2048,0.001,1e-05,refine_N128_s0,7,200000,200000,200000,0,True,200000,0.08804407411763386,0.08917672795552405,0.0934196396931005,0.0013933863743050632,0.0011326538378901851,0.7503807987514919,0.7504378878764575,0.7504383653672322,0.7503831459118744,0.8662451943424642,0.6661118157882115,0.002398945348871726,0.001979899871224364,0.013076856346723455,-0.011944370866587405,1.6835775413552767e-07,0.0011326538378901843,0,0.4086474967028527,,1e-24,199999,0.9989514342909841,0.9999994433985032,1440,True,0.09004950321397621,5239,True,0.09114915301932715,0.0,,,0.0,,,0.0,,,0.0,,,0.0,,,0.0,,
moment3,0.1,0,128,2048,0.001,0.0001,refine_N128_s0,7,200000,200000,200000,0,True,200000,0.08804407411763386,0.0892366317546375,0.09242756897301062,0.001394322371166211,0.0011925576370036411,0.7502974828702733,0.7503613629868134,0.7503620195007306,0.7502998289056253,0.866197102270992,0.6661118157882115,0.0023462341241854215,0.0020724306272808554,0.012856775686484252,-0.01166435884178027,1.4079229966872834e-07,0.0011925576370036487,0,0.41252518913741953,,1e-24,199999,0.9988089785562954,0.9999995569273148,1305,True,0.08989254155218152,4801,True,0.09093530881963693,0.0,,,0.0,,,0.0,,,0.0,,,0.0,,,0.0,,
moment3,1.0,0,128,2048,0.001,0.001,refine_N128_s0,7,200000,200000,200000,0,True,200000,0.08804407411763386,0.08948542738972645,0.09134400408381815,0.0013982098029644758,0.001441353272092591,0.7495575427095562,0.7497338623199423,0.7497394978287535,0.749559872660754,0.8657698690261204,0.6661118157882115,0.002287797643885323,0.003305570812648168,0.011392730589852159,-0.009951459968561562,8.265080198411273e-08,0.0014413532720925796,0,0.45052539919062473,,1e-24,199999,0.9974231469714738,1.0000004820708375,707,True,0.08909274328669091,2683,True,0.08983138007693611,0.0,,,0.0,,,0.0,,,0.0,,,0.0,,,0.0,,
moment3,10.0,0,128,2048,0.001,0.01,refine_N128_s0,7,200000,200000,200000,0,True,200000,0.08804407411763386,0.1192671386718435,0.12171815009471765,0.0018635490417475548,0.031223064554209645,0.021043579523918998,0.023569292530312234,0.023486601599785717,0.021043792608155126,0.14506455474947977,0.6661118157882115,0.0015561319636087343,0.02227088968010091,0.03237230195960171,-0.001149243677484582,6.272092532214544e-09,0.031223064554209656,0,1.7132784647069013,144859,1e-24,199999,0.9838198377556922,1.000001589582608,136,True,0.08825629055873321,512,True,0.08840661428316046,0.005649717514124294,,,0.0,,,0.0,,,0.0,,,0.0,,,0.0,,
moment3,100.0,0,128,2048,0.001,0.1,refine_N128_s0,7,200000,200000,200000,0,True,200000,0.08804407411763386,0.11218063087535607,0.11155261687675182,0.0017528223574274386,0.024136556757722208,0.0010508590133018192,0.0010941080108188292,0.001092655870642667,0.0010508935151207037,0.032417435757744834,0.6661118157882115,6.604758500874212e-05,0.01340539031383823,0.02072003949972634,0.0034165143812935673,2.8767022881390375e-09,0.024136556757722194,0,1.4334039509410383,,1e-24,199999,0.8479878772729186,0.9999943555157937,15,True,0.08806816446076514,55,True,0.0880850745983322,0.005649717514124294,,,0.0,,,0.0,,,0.0,,,0.0,,,0.0,,
moment5,0.0001,0,128,2048,0.001,1.0000000000000001e-07,refine_N128_s0,7,200000,200000,200000,0,True,200000,0.08804407411763386,0.09145909655970001,0.09076749841090168,0.0014290483837453127,0.0034150224420661512,0.749997746733511,0.7499977511374218,0.7499977511367424,0.7500069773705266,0.8660243970101401,0.6661118157882114,7.807019967345802e-06,1.576873306259418e-05,0.003382799471856149,3.21345802416359e-05,8.838996835607365e-08,0.0034150224420661404,0,0.3712118125998782,,1e-24,199999,0.998644726997831,0.999972559636677,1435,True,0.09010611467799517,4565,True,0.09128372233408735,0.0,,,0.0,,,0.0,,,0.0,,,0.0,,,0.0,,
moment5,0.001,0,128,2048,0.001,1e-06,refine_N128_s0,7,200000,200000,200000,0,True,200000,0.08804407411763386,0.09145655701993896,0.09075574379333111,0.0014290087034365463,0.0034124829023051,0.7499977451461248,0.7499977495454332,0.749997749544755,0.7500069757808865,0.8660243960923706,0.6661118157882114,7.801388589649057e-06,1.5759628127444534e-05,0.0033801444242306205,3.2166272437816606e-05,1.7220563665507326e-07,0.003412482902305092,0,0.3711983565912351,,1e-24,199999,0.9987544494545475,0.9999732666360981,1434,True,0.09010479210778542,4561,True,0.09128129582040136,0.0,,,0.0,,,0.0,,,0.0,,,0.0,,,0.0,,
moment5,0.01,0,128,2048,0.001,1e-05,refine_N128_s0,7,200000,200000,200000,0,True,200000,0.08804407411763386,0.09143136808020355,0.09063898774055681,0.0014286151262531805,0.00338729396256969,0.7499977296852767,0.74999773403936,0.7499977340386927,0.7500069602977335,0.8660243871532615,0.6661118157882114,7.745867174260193e-06,1.566994191850813e-05,0.0033546552298443374,3.24757407163563e-05,1.6299200899538138e-07,0.0033872939625696893,0,0.3710652094997463,,1e-24,199999,0.9987085073236188,0.9999716809276761,1418,True,0.09008619653490872,4522,True,0.09125772047795815,0.0,,,0.0,,,0.0,,,0.0,,,0.0,,,0.0,,
moment5,0.1,0,128,2048,0.001,0.0001,refine_N128_s0,7,200000,200000,200000,0,True,200000,0.08804407411763386,0.09120406184470173,0.09035592859756458,0.0014250634663234645,0.0031599877270678672,0.7499976094678573,0.7499976134388918,0.7499976134383244,0.7500068398779488,0.8660243176295904,0.6661118157882114,7.258106973972404e-06,1.48933941403319e-05,0.0031248183415720754,3.4942630891897886e-05,2.2675460388837044e-07,0.0031599877270678625,0,0.36986323675603855,,1e-24,199999,0.998455344711108,0.999970929837596,1285,True,0.08992490178040903,4169,True,0.09104008918981146,0.0,,,0.0,,,0.0,,,0.0,,,0.0,,,0.0,,
moment5,1.0,0,128,2048,0.001,0.001,refine_N128_s0,7,200000,200000,200000,0,True,200000,0.08804407411763386,0.09001284759930764,0.09145916756377073,0.0014064507437391818,0.0019687734816737773,0.7499974491387266,0.749997451845129,0.7499974518449383,0.7500066784980409,0.8660242244578188,0.6661118157882114,5.000042928009481e-06,1.204732054557143e-05,0.0019286343475805384,4.006701444640684e-05,7.211964682549229e-08,0.0019687734816737704,0,0.3642469163594868,,1e-24,199999,0.9974239049535047,0.9999770484661017,696,True,0.08910948080130664,2406,True,0.0898957111477053,0.0,,,0.0,,,0.0,,,0.0,,,0.0,,,0.0,,
moment5,10.0,0,128,2048,0.001,0.01,refine_N128_s0,7,200000,200000,200000,0,True,200000,0.08804407411763386,0.0884686957370154,0.08807206178058621,0.0013823233708908655,0.0004246216193815322,0.7499977922134733,0.7499977948846536,0.7499977948841634,0.7500070203973022,0.8660244218514003,0.6661118157882114,2.643723807569819e-06,1.0734237147337335e-05,0.000387715230002378,3.690638937920142e-05,-6.240574297006855e-17,0.000424621619381517,0,0.3596160515312021,,1e-24,199999,0.9838228850410957,0.9999944979143178,134,True,0.08825974962433161,475,True,0.0884224873666154,0.0,,,0.0,,,0.0,,,0.0,,,0.0,,,0.0,,
moment5,100.0,0,128,2048,0.001,0.1,refine_N128_s0,7,200000,200000,200000,0,True,200000,0.08804407411763386,0.08811701851305677,0.08704252480283155,0.001376828414266512,7.294439542290809e-05,0.749997798568124,0.7499978055336103,0.7499978055205696,0.7500070266460737,0.8660244254590923,0.6661118157882114,2.0570742027565702e-06,1.0514180513801174e-05,3.659290743160585e-05,3.6351487991045845e-05,2.5105276212522155e-16,7.294439542290274e-05,0,0.3588166473039182,,1e-24,199999,0.8480132945308491,0.9999997524835682,15,True,0.08806879738471657,52,True,0.08808690520604597,0.0,,,0.0,,,0.0,,,0.0,,,0.0,,,0.0,,
moment9,0.0001,0,128,2048,0.001,1.0000000000000001e-07,refine_N128_s0,7,200000,200000,200000,0,True,200000,0.08804407411763386,0.09142254907031046,0.0909036663515017,0.001428477329223601,0.0033784749526765967,0.7500021555821987,0.7500021588938846,0.7500021588925257,0.7500499704196495,0.866029666928993,0.6661118157882114,5.410287433511907e-06,1.3440340441908581e-05,0.0034166912046959424,-3.832338428218742e-05,1.0713226283815177e-07,0.003378474952676593,0,0.3712127746725833,,1e-24,199999,0.9985619358957292,0.9999695108345492,1435,True,0.09010586498830103,4567,True,0.09128312603441774,0.0,,,0.0,,,0.0,,,0.0,,,0.0,,,0.0,,
moment9,0.001,0,128,2048,0.001,1e-06,refine_N128_s0,7,200000,200000,200000,0,True,200000,0.08804407411763386,0.09142002233940616,0.0908918679521741,0.0014284378490532212,0.0033759482217722986,0.7500021524929676,0.7500021557992593,0.7500021557979025,0.7500499673230847,0.8660296651413008,0.6661118157882114,5.402980510203866e-06,1.3427941209312232e-05,0.003414065369485312,-3.827220549691503e-05,1.550577838795147e-07,0.003375948221772277,0,0.3711993180382224,,1e-24,199999,0.9985393658350346,0.9999695269149934,1434,True,0.09010454262081496,4563,True,0.0912806730754731,0.0,,,0.0,,,0.0,,,0.0,,,0.0,,,0.0,,
moment9,0.01,0,128,2048,0.001,1e-05,refine_N128_s0,7,200000,200000,200000,0,True,200000,0.08804407411763386,0.09139495915549736,0.09077467404951604,0.0014280462368046463,0.003350885037863502,0.7500021221691422,0.7500021254223802,0.7500021254210424,0.7500499369266787,0.8660296475930102,0.6661118157882114,5.331190785663363e-06,1.330547651873171e-05,0.0033884810153569974,-3.7769851027520675e-05,1.738735340240054e-07,0.003350885037863501,0,0.37106616345321897,,1e-24,199999,0.9986125563358439,0.9999702636839667,1418,True,0.09008595021809772,4524,True,0.09125710802707107,0.0,,,0.0,,,0.0,,,0.0,,,0.0,,,0.0,,
moment9,0.1,0,128,2048,0.001,0.0001,refine_N128_s0,7,200000,200000,200000,0,True,200000,0.08804407411763386,0.09116747766875176,0.0904891377756415,0.0014244918385742462,0.003123403551117898,0.7500018670636195,0.7500018698636967,0.7500018698625253,0.7500496811625338,0.8660294999366075,0.6661118157882114,4.721793886287395e-06,1.221757182759547e-05,0.0031567216946171445,-3.354911527166337e-05,2.3097177242319124e-07,0.003123403551117905,0,0.36986412162764204,,1e-24,199999,0.9983854607974202,0.9999664669457219,1285,True,0.08992468146023716,4171,True,0.09103954667183978,0.0,,,0.0,,,0.0,,,0.0,,,0.0,,,0.0,,
moment9,1.0,0,128,2048,0.001,0.001,refine_N128_s0,7,200000,200000,200000,0,True,200000,0.08804407411763386,0.08997850057459732,0.09153291478976631,0.001405914071478083,0.0019344264569634562,0.7500010016243621,0.7500010028600949,0.7500010028595192,0.7500488123016733,0.8660289983302649,0.6661118157882114,2.5307320527060392e-06,7.494238006289029e-06,0.001953552311966513,-1.9200683491120156e-05,7.482848804665701e-08,0.0019344264569634388,0,0.36424740353845475,,1e-24,199999,0.9962836172255429,0.9999557085095695,696,True,0.08910936613365958,2407,True,0.08989542931626467,0.0,,,0.0,,,0.0,,,0.0,,,0.0,,,0.0,,
moment9,10.0,0,128,2048,0.001,0.01,refine_N128_s0,7,200000,200000,200000,0,True,200000,0.08804407411763386,0.08843439464068373,0.08804163032175602,0.0013817874162606832,0.00039032052304986686,0.7500005503570719,0.7500005511236907,0.7500005511229186,0.750048357162299,0.8660287355713954,0.6661118157882114,1.2551267526881007e-06,4.003916724614893e-06,0.00040210239148130716,-1.1781868431446917e-05,3.063998298992408e-18,0.0003903205230498634,0,0.3596161348257778,,1e-24,199999,0.9838228779436384,0.9999858885642989,134,True,0.08825972811431247,475,True,0.08842240794366998,0.0,,,0.0,,,0.0,,,0.0,,,0.0,,,0.0,,
moment9,100.0,0,128,2048,0.001,0.1,refine_N128_s0,7,200000,200000,200000,0,True,200000,0.08804407411763386,0.08808253523547856,0.0870598076409836,0.0013762896130543524,3.846111784469586e-05,0.7500004487127492,0.7500004506081237,0.7500004505958411,0.7500482545742346,0.8660286763457375,0.6661118157882114,1.0253941301834396e-06,2.7266932381033045e-06,4.891122095064021e-05,-1.0450103106018076e-05,7.429771481468086e-17,3.846111784469643e-05,0,0.35881665509208815,,1e-24,199999,0.8480132393947399,0.9999990735803275,15,True,0.08806879499918288,52,True,0.08808689658687195,0.0,,,0.0,,,0.0,,,0.0,,,0.0,,,0.0,,
