bundle,target,seed,n,degree,kappa,count,last_step,last_gradient_absolute_error,last_gradient_relative_error,last_signed_change_actual,last_signed_change_reference,last_signed_change_absolute_error,last_slope_parameter_l2_error,last_signed_force_actual,last_signed_force_reference,last_residual_moment_l2_error,last_median_gamma_error,max_abs_gradient_absolute_error,max_abs_gradient_relative_error,max_abs_signed_change_actual,max_abs_signed_change_reference,max_abs_signed_change_absolute_error,max_abs_slope_parameter_l2_error,max_abs_signed_force_actual,max_abs_signed_force_reference,max_abs_residual_moment_l2_error,max_abs_median_gamma_error,first_gradient_error_above_5pct
core_N128_s0,sine,0,128,1,0.0001,73,99980,0.0005628856487022636,1.0000000000000027,-0.0062695803818842155,-0.0032287985000152147,0.0030407818818690008,0.13090622597229407,-1.2629957568242288e-05,1.2333577823893233e-18,0.0006690296554845408,0.0021760088470033356,0.012725960046008932,1.0000061304956795,0.0062695803818842155,0.003392730539834146,0.0030407818818690008,0.13090622597229407,0.006613108593731057,0.006814621404901296,0.005097918702786472,0.0021760088470033356,1620
core_N128_s0,sine,0,128,1,0.001,73,99980,0.000562850092577524,1.000000000000003,-0.006263930196682629,-0.0032241393196794227,0.0030397908770032067,0.13089901833187922,-1.2612986759730313e-05,1.395192320775243e-18,0.0006690262087389892,0.0021276231317656907,0.012725960046008932,1.0000064037445557,0.006263930196682629,0.0033882146908737337,0.0030397908770032067,0.13089901833187922,0.006613108593731057,0.006814621404901296,0.005097175738454522,0.0021276231317656907,1620
core_N128_s0,sine,0,128,1,0.01,73,99980,0.0005624876030370439,1.0000000000000056,-0.006208310443936826,-0.003178385177399448,0.0030299252665373783,0.1308246314314175,-1.2444004783629527e-05,1.7982234627908766e-18,0.0006689529854072753,0.0016457756649083805,0.012725960046008932,1.000008855393716,0.006208310443936826,0.0033434787879065286,0.0030299252665373783,0.1308246314314175,0.006613108593731057,0.006814621404901296,0.0050899293899116255,0.0020707943877585205,1620
core_N128_s0,sine,0,128,1,0.1,73,99980,0.0005583682442070533,1.000000000000031,-0.0057168743407808725,-0.002727167463721994,0.0029897068770588786,0.12990364838829999,-1.1100471998096575e-05,1.5857026639667434e-18,0.0006649018813838993,0.001337230752561272,0.012725960046008932,1.0002568638087388,0.0057168743407808725,0.003082729765628303,0.0029897068770588786,0.12990364838829999,0.006613108593731057,0.006814621404901296,0.005031018061932126,0.001337230752561272,1420
core_N128_s0,sine,0,128,1,1.0,73,99980,0.0005284296323814834,1.0000000000000788,-0.0028930357104369475,-0.0010452708188499193,0.0018477648915870282,0.12107340972303376,-6.881156568297069e-06,1.5218650466980458e-18,0.0005503699004857622,-0.001990788418483297,0.012725960046008932,1.015633911461067,0.0028930357104369475,0.001657030149112143,0.0018477648915870282,0.12107340972303376,0.006613108593731057,0.006814621404901296,0.00469902615160214,0.001990788418483297,920
core_N128_s0,sine,0,128,1,10.0,73,99980,0.0005716245666368118,1.0,-0.0010260326472150277,-0.00012659282507272718,0.0008994398221423006,0.11126355519906606,7.879966490635963e-07,-0.0,0.0003632328701068984,6.007502387740671e-05,0.012725960046008932,1.0647918481414906,0.001028504998589988,0.00030103472485200344,0.0009019121735172608,0.11126355519906606,0.006613108593731057,0.006814621404901296,0.004163569542478252,0.0005590707899495451,200
core_N128_s0,sine,0,128,1,100.0,73,99980,0.02114155686875999,1.0,0.017105264152815797,-1.4792224729748282e-05,0.017120056377545545,1.163304696078131,7.302821122791545e-05,-0.0,0.10538075549121242,-0.013057197421704053,0.02114155686875999,1.0848551844332992,0.017105264152815797,3.5040325303131725e-05,0.017120056377545545,1.163304696078131,0.006613108593731057,0.006814621404901296,0.10538075549121242,0.013057197421704053,19
core_N128_s0,runge,0,128,1,0.0001,73,99980,0.003591599308639482,0.9999999999999957,0.005201273619977215,-0.003029191135319187,0.008230464755296402,0.5065901284922273,7.11121074294209e-05,-4.044031140693754e-18,0.004346049053479876,0.007257433672634039,0.008172119595279376,0.9999999999999957,0.005201273619977215,0.003029191135319187,0.008230464755296402,0.5065901284922273,0.003061020049382076,0.0031971951853914517,0.00595962839408406,0.007440705493124006,1220
core_N128_s0,runge,0,128,1,0.001,73,99980,0.0035956562811871157,0.9999999999999959,0.005206204429828776,-0.0030266360049026053,0.008232840434731381,0.5068424508570906,7.117152098094647e-05,-3.994771944362883e-18,0.004352001450852343,0.007284714254651353,0.008172119595279376,0.9999999999999959,0.005206204429828776,0.0030266360049026053,0.008232840434731381,0.5068424508570906,0.003061020049382076,0.0031971951853914517,0.005955531801727517,0.007453292242083673,1220
core_N128_s0,runge,0,128,1,0.01,73,99980,0.003636406941116167,0.9999999999999964,0.0052551819828671464,-0.003001342227885992,0.008256524210753138,0.5093552857450799,7.176475798025742e-05,-4.0216288859105116e-18,0.004411842894659827,0.0075557546285098115,0.008172119595279376,0.9999999999999964,0.0052551819828671464,0.003001342227885992,0.008256524210753138,0.5093552857450799,0.003061020049382076,0.0031971951853914517,0.005914538928591058,0.007580056737569951,1220
core_N128_s0,runge,0,128,1,0.1,73,99980,0.0040616082605684075,1.0000000000000009,0.005715432206522791,-0.002772381415081987,0.008487813621604778,0.5335853715563876,7.763113985882938e-05,-4.783510164559976e-18,0.005042663433144887,0.0074657065078687496,0.008172119595279376,1.0000000000000009,0.005715432206522791,0.002772381415081987,0.008487813621604778,0.5335853715563876,0.003061020049382076,0.0031971951853914517,0.005503945108548169,0.008370331067142564,1060
core_N128_s0,runge,0,128,1,1.0,73,99980,0.009873060565468644,1.0000000000000033,0.010197713568125516,-0.0015884643291401018,0.011786177897265618,0.7594945777360924,0.00016097876472570595,-2.023688363326252e-18,0.016326267225948113,0.008900776968642943,0.009873060565468644,1.0000000000000033,0.010197713568125516,0.0015884643291401018,0.011786177897265618,0.7594945777360924,0.003061020049382076,0.0031971951853914517,0.016326267225948113,0.008900776968642943,600
core_N128_s0,runge,0,128,1,10.0,73,99980,0.0020859888773754574,0.9999999999999931,0.017788136134056914,-0.00028827521847671345,0.018076411352533628,1.1125999625751422,3.6890239777869794e-06,-3.933560245115628e-19,0.11060681537756611,-0.0021253423703111035,0.015994436044964727,0.9999999999999998,0.017788136134056914,0.00028827521847671345,0.018076411352533628,1.1125999625751422,0.003061020049382076,0.0031971951853914517,0.11060681537756611,0.0023417000622853734,120
core_N128_s0,runge,0,128,1,100.0,73,99980,0.0029212439164888315,0.9999999999999999,0.011892983969032517,-3.090852550328982e-05,0.011923892494535807,0.8059955876318368,7.638368705805747e-06,-1.1420259769670693e-20,0.10940183915573228,-0.0039226453478255485,0.022545947943180104,1.0000000000000002,0.011892983969032517,3.090852550328982e-05,0.011923892494535807,0.8059955876318368,0.003061020049382076,0.0031971951853914517,0.10940183915573228,0.004511633171029664,12
core_N128_s0,moment3,0,128,1,0.0001,73,99980,0.001704863986486396,1.0000000000000029,0.0011245568772450115,0.003283062528466829,0.0021585056512218176,0.3263371091021484,1.0879663814051431e-05,1.9569575115078002e-17,0.0019865470914292565,-0.002417827605549927,0.006925933495954563,1.0000002515483986,0.003152621781687251,0.0032830625284668707,0.0022824153278898363,0.3263371091021484,0.0020805995578162015,0.0020518242562539805,0.007215937619814556,0.002417827605549927,0
core_N128_s0,moment3,0,128,1,0.001,73,99980,0.001705654072678038,1.000000000000003,0.0011250074734701354,0.0032806552611066436,0.0021556477876365082,0.326352964566033,1.0922443072846038e-05,2.0392748508153133e-17,0.001985912996637604,-0.002420204054158062,0.006925933495954563,1.0000006694262558,0.0031502937658497016,0.0032806552611066714,0.002280061526000604,0.326352964566033,0.0020805995578162015,0.0020518242562539805,0.007210864104401831,0.002420204054158062,0
core_N128_s0,moment3,0,128,1,0.01,73,99980,0.0017135597497870607,1.000000000000005,0.0011291863833003124,0.0032567860807651144,0.002127599697464802,0.32651622315523265,1.1346156249909312e-05,1.9650834522147276e-17,0.001979650473003007,-0.0024431492186808013,0.006925933495954563,1.0000098465026175,0.0031271699220900145,0.0032567860807651283,0.00225694626711008,0.32651622315523265,0.0020805995578162015,0.0020518242562539805,0.007160184425398095,0.0024431492186808013,0
core_N128_s0,moment3,0,128,1,0.1,73,99980,0.0017932769700304198,1.000000000000016,0.001188951114888856,0.0030373985377063484,0.0018484474228174924,0.32855237240819146,1.099048132679661e-05,1.3940231512418885e-17,0.001924429345375553,-0.002581451611554597,0.006925933495954563,1.0006184819931467,0.0029119409223817977,0.0030373985377064594,0.0021250136039338563,0.32855237240819146,0.0020805995578162015,0.0020518242562539805,0.006749077574371627,0.002794790098074415,0
core_N128_s0,moment3,0,128,1,1.0,73,99980,0.002854577875928136,1.0000000000000233,0.0014335045491987025,0.0018787815781704659,0.00044527702897176336,0.36474729852310955,4.0121067708687816e-05,1.4864340104426135e-17,0.001829084295362798,0.00029462930779158847,0.006925933495954563,1.0238046814720245,0.0018047833769689187,0.0018787815781704659,0.0017676375841505637,0.36474729852310955,0.0020805995578162015,0.0020518242562539805,0.004891810609432034,0.0007399825620389572,0
core_N128_s0,moment3,0,128,1,10.0,73,99980,0.005703713933092779,0.9999999999999897,0.05230920042567834,0.0003846412043478631,0.05192455922133048,1.9123404983784922,9.803465352469433e-05,4.8375745183759444e-18,0.23360301534432587,-0.05532085828783426,0.1122003693966535,1.082183331758114,0.05230920042567834,0.0003846412043478631,0.05192455922133048,2.066617193628442,0.003185304749236117,0.0020518242562539805,0.23360301534432587,0.05532085828783426,0
core_N128_s0,moment3,0,128,1,100.0,73,99980,0.0012132007632720623,1.0,0.03075644647627271,4.3167740152560974e-05,0.030713278736120148,1.0955555155978367,2.6238849235186254e-05,-0.0,0.25748116335935073,-0.03557880337912424,0.13861227912534319,1.1073184034726269,0.03075644647627271,4.3167740152560974e-05,0.030713278736120148,1.4265244666804928,0.0020805995578162015,0.0020518242562539805,0.25748116335935073,0.03557880337912424,0
core_N128_s0,moment5,0,128,1,0.0001,73,99980,1.3712548185193194e-05,0.9999999999998695,0.0034151783246157974,0.003283062528466857,0.00013211579614894053,0.008061924483054067,5.1466010195910114e-08,1.875417615194975e-17,0.0006581341809457151,0.00034678015657800543,0.006455370267654214,0.9999999999998695,0.0034151783246157974,0.0032830625284668707,0.00013211579614894053,0.008061924483054067,0.0021208317718772814,0.002051824256253979,0.006977893725941676,0.0008869771194530696,1220
core_N128_s0,moment5,0,128,1,0.001,73,99980,1.3704747511667599e-05,0.9999999999998405,0.0034126387916004197,0.0032806552611066436,0.0001319835304937761,0.00805358684830881,5.162073102748575e-08,2.0392748508153133e-17,0.0006575684759937304,0.00034601458967188636,0.006455370267654214,0.9999999999998405,0.0034126387916004197,0.0032806552611066714,0.0001319835304937761,0.00805358684830881,0.0021208317718772814,0.002051824256253979,0.006972541216056494,0.0008862858270696217,1220
core_N128_s0,moment5,0,128,1,0.01,73,99980,1.3627902628050083e-05,0.9999999999996626,0.003387449889714955,0.0032567860807651144,0.00013066380894984075,0.007971397505347935,5.313649723044311e-08,2.046961929390341e-17,0.0006519924790811452,0.00033849497488828983,0.006455370267654214,0.9999999999996626,0.003387449889714955,0.0032567860807651283,0.00013066380894984075,0.007971397505347935,0.0021208317718772814,0.002051824256253979,0.0069251303198023025,0.000879426206668879,1220
core_N128_s0,moment5,0,128,1,0.1,73,99980,1.2962068371725969e-05,0.9999999999985232,0.003160151065042194,0.0030373985377063484,0.0001227525273358454,0.007252537122879098,6.987029037911991e-08,1.3940231512418885e-17,0.0006033062446793215,-0.000508750765459906,0.006455370267654214,0.9999999999985232,0.003160151065042194,0.0030373985377064594,0.0001227525273358454,0.007252537122879098,0.0021208317718772814,0.002051824256253979,0.006518480715854723,0.000508750765459906,1060
core_N128_s0,moment5,0,128,1,1.0,73,99980,1.0512569316414289e-05,0.9999999999889987,0.0019688464704116643,0.0018787815781704659,9.00648922411984e-05,0.004250914468771486,1.1341874097757323e-07,1.39353188478995e-17,0.00040498578516781446,0.0001773798837647611,0.006455370267654214,0.9999999999889987,0.0019688464704116643,0.0018787815781704659,9.00648922411984e-05,0.004250914468771486,0.0021208317718772814,0.002051824256253979,0.004696234250231226,0.0002568677673365355,700
core_N128_s0,moment5,0,128,1,10.0,73,99980,9.373402161725648e-06,0.999999999989414,0.0004244793653917639,0.00038464120434783533,3.9838161043928566e-05,0.0021392111747576123,1.36044086820469e-07,5.805089422051133e-18,0.00026703997777911115,0.0001019750640345457,0.006455370267654214,0.9999999999894521,0.0004244793653917639,0.0003846412043478492,3.9838161043928566e-05,0.0021392111747576123,0.0021208317718772814,0.002051824256253979,0.004031089949379793,0.0001019750640345457,140
core_N128_s0,moment5,0,128,1,100.0,73,99980,9.175817985047534e-06,1.0000000000020315,7.275038347694107e-05,4.3167740152560974e-05,2.9582643324380098e-05,0.0018611004649641326,1.462447332028325e-07,-1.0030434648740701e-18,0.00022772839776542258,-4.96572767985648e-06,0.006455370267654214,1.0000000000020315,7.275038347694107e-05,4.3167740152560974e-05,2.9582643324380098e-05,0.0018611004649641326,0.0021208317718772814,0.002051824256253979,0.00499262289747555,1.0459430426559835e-05,14
core_N128_s0,moment9,0,128,1,0.0001,73,99980,1.1636596640314343e-05,1.0000000000001257,0.0033785248413894797,0.003283062528466857,9.546231292262286e-05,0.008161291159570731,-1.323278193780534e-07,1.875417615194975e-17,0.0006580447156593288,0.00020994160763203318,0.006455365104758748,1.0000004334302408,0.0034031794958891692,0.0032830625284668707,0.00012034130090453343,0.008161291159570731,0.0021206845365959754,0.0020518242562539814,0.006978562888074,0.0008883781894349768,1220
core_N128_s0,moment9,0,128,1,0.001,73,99980,1.162586189255207e-05,1.0000000000001334,0.0033759982737591454,0.0032806552611066436,9.534301265250178e-05,0.008152140256913654,-1.3210860982621695e-07,1.8761328627500884e-17,0.0006574791982416413,0.0002092193415770549,0.006455365104758748,1.000000467224233,0.0034006144910190272,0.0032806552611066714,0.00012018156204605945,0.008152140256913654,0.0021206845365959754,0.0020518242562539814,0.006973211086473297,0.0008876870003778625,1220
core_N128_s0,moment9,0,128,1,0.01,73,99980,1.151983678848571e-05,1.00000000000023,0.003350936654505615,0.0032567860807651144,9.415057374050073e-05,0.008061867514408771,-1.2995984197555263e-07,2.0469619293903408e-17,0.0006519050672851947,0.00020213292307937059,0.006455365104758748,1.0000007491937435,0.0033751752470500412,0.003256786080765142,0.00011859839788408433,0.008061867514408771,0.0021206845365959754,0.0020518242562539814,0.006925721828699237,0.0008808283649182902,1220
core_N128_s0,moment9,0,128,1,0.1,73,99980,1.0577957520876562e-05,1.0000000000008142,0.003123464159097436,0.0030373985377063484,8.606562139108764e-05,0.007266795428312766,-1.1418582946192868e-07,1.476024513079647e-17,0.0006032361674100669,-0.0006434801293076636,0.006455365104758748,1.0000125733194436,0.003144903145367639,0.0030373985377064594,0.00010768214721580682,0.007266795428312766,0.0021206845365959754,0.0020518242562539814,0.00651912662819347,0.0006434801293076636,1060
core_N128_s0,moment9,0,128,1,1.0,73,99980,6.4884096893541295e-06,1.0000000000074627,0.0019344172611504284,0.0018787815781704659,5.5635682979962575e-05,0.0037911439285117686,-5.96065895055621e-08,1.3935318847899506e-17,0.00040494140460820726,0.00010341427035288897,0.006455365104758748,1.0010227273735748,0.0019459260116380384,0.0018787815781704659,6.720600620380157e-05,0.0037911439285117686,0.0021206845365959754,0.0020518242562539814,0.0046967549667972465,0.0002570646817431216,700
core_N128_s0,moment9,0,128,1,10.0,73,99980,3.4663791615396354e-06,1.0000000000157527,0.0003900926419190681,0.0003846412043478631,5.451437571205031e-06,0.0009666624408214901,-3.7199073163849605e-08,5.805089422051135e-18,0.00026653270906359055,0.00013228548626864622,0.006455365104758748,1.0115900046349282,0.00039757280426362673,0.0003846412043478631,1.2938507547702316e-05,0.0009666624408214901,0.0021206845365959754,0.0020518242562539814,0.00403108994937987,0.00013228548626864622,140
core_N128_s0,moment9,0,128,1,100.0,73,99980,2.3607699896779103e-06,0.9999999999941597,3.8165910135806724e-05,4.3167740152560974e-05,5.0018300167542495e-06,0.0005515855911387332,-3.071755393183406e-08,-1.0030434648740701e-18,0.00022384370117220568,-2.2806614250983626e-05,0.006455365104758748,1.0134786006425365,4.469836959818119e-05,4.3167740152560974e-05,5.0018300167542495e-06,0.0005515855911387332,0.0021206845365959754,0.0020518242562539814,0.0049926981157158625,2.2806614250983626e-05,14
core_N128_s0,sine,0,128,3,0.0001,73,99980,3.929546979717601e-05,0.06981075088301161,-0.0062695803818842155,-0.0064614009266086014,0.00019182054472438592,0.01089663010540952,-1.2629957568242288e-05,-1.2651274300725044e-05,2.9455184069629146e-05,-0.0008241341458285756,0.0004910447810061517,0.0952191103229902,0.0062695803818842155,0.0064614009266086014,0.00019182054472438592,0.01089663010540952,0.006613108593731057,0.006608344937555624,0.00017010096812869924,0.0008241341458285756,4400
core_N128_s0,sine,0,128,3,0.001,73,99980,3.929230177639764e-05,0.06980953240402256,-0.006263930196682629,-0.006456259799476116,0.00019232960279348676,0.010896526406499001,-1.2612986759730313e-05,-1.2633593307413132e-05,2.946157451000567e-05,-0.0008241423261324543,0.0004910447810061517,0.09523285615752299,0.006263930196682629,0.006456259799476116,0.00019232960279348676,0.010896526406499001,0.006613108593731057,0.006608344937555624,0.00017008191166399206,0.0008241423261324543,4400
core_N128_s0,sine,0,128,3,0.01,73,99980,3.925995772471079e-05,0.06979701865913915,-0.006208310443936826,-0.006405698838455917,0.00019738839451909074,0.010895137125595152,-1.2444004783629527e-05,-1.2457576613480895e-05,2.95241314988705e-05,-0.0008241253560492406,0.0004910447810061517,0.0953659505260119,0.006208310443936826,0.006405698838455917,0.00019738839451909074,0.010895137125595152,0.006613108593731057,0.006608344937555624,0.00016989215548005344,0.0008241253560492406,4400
core_N128_s0,sine,0,128,3,0.1,73,99980,3.888548764322417e-05,0.06964129505331597,-0.0057168743407808725,-0.005903054269518704,0.0001861799287378313,0.01085220220974858,-1.1100471998096575e-05,-1.1819982717948219e-05,3.0018949752655566e-05,-0.00032510969037274906,0.0004910447810061517,0.09654703694137455,0.0057168743407808725,0.005903054269518704,0.0001861799287378313,0.01085220220974858,0.006613108593731057,0.006608344937555624,0.00016803840324970852,0.00032510969037274906,4400
core_N128_s0,sine,0,128,3,1.0,73,99980,3.5631587064994204e-05,0.0674291994270183,-0.0028930357104369475,-0.003037170864798794,0.00014413515436184632,0.00989816292129094,-6.881156568297069e-06,-7.346141747378637e-06,2.8844326669086977e-05,-6.280591812973801e-05,0.0004910447810061517,0.1001555306498087,0.0028930357104369475,0.003037170864798794,0.00014413515436184632,0.00989816292129094,0.006613108593731057,0.006608344937555624,0.0001495467052044474,9.187016205640386e-05,2500
core_N128_s0,sine,0,128,3,10.0,73,99980,5.0751996037884674e-05,0.0887855403704693,-0.0010260326472150277,-0.001087954734620214,6.192208740518623e-05,0.008487959871095758,7.879966490635963e-07,9.850737418152047e-07,2.480101245651261e-05,-0.0002032590749092289,0.0004910447810061517,0.10166694744844801,0.001028504998589988,0.0010936782417501067,6.517324316011874e-05,0.008487959871095758,0.006613108593731057,0.006608344937555624,0.00011754652270269161,0.0002032590749092289,460
core_N128_s0,sine,0,128,3,100.0,73,99980,0.021133226871494,0.9996059894113901,0.017105264152815797,0.01330784507665106,0.0037974190761647375,0.30144512760681613,7.302821122791545e-05,1.11930940075181e-07,0.023464873515607644,-0.0037854848113698797,0.021133226871494,0.9996059894113901,0.017105264152815797,0.01330784507665106,0.0037974190761647375,0.30144512760681613,0.006613108593731057,0.006608344937555624,0.023464873515607644,0.0037854848113698797,60
core_N128_s0,runge,0,128,3,0.0001,73,99980,0.0019387295915832283,0.539795624450552,0.005201273619977215,0.006864175154553925,0.0016629015345767106,0.11509015161594155,7.11121074294209e-05,9.449674204078469e-05,0.002547147642006368,7.968960338153308e-06,0.0019387295915832283,0.539795624450552,0.005201273619977215,0.006864175154553925,0.0016629015345767106,0.11509015161594155,0.003061020049382076,0.0030577209449262686,0.002547147642006368,0.00038967932531355776,3820
core_N128_s0,runge,0,128,3,0.001,73,99980,0.0019485855300358662,0.5419276420360534,0.005206204429828776,0.006872102105650674,0.001665897675821898,0.1154039332328488,7.117152098094647e-05,9.464255586804079e-05,0.002559981638623184,7.968066421656927e-06,0.0019485855300358662,0.5419276420360534,0.005206204429828776,0.006872102105650674,0.001665897675821898,0.1154039332328488,0.003061020049382076,0.0030577209449262686,0.002559981638623184,0.00038983622257986184,3820
core_N128_s0,runge,0,128,3,0.01,73,99980,0.0020493547806824043,0.563565853290711,0.0052551819828671464,0.006951235278582948,0.001696053295715802,0.11857901887970258,7.176475798025742e-05,9.611352093507277e-05,0.002691903743290302,0.0003804784958845314,0.0020493547806824043,0.563565853290711,0.0052551819828671464,0.006951235278582948,0.001696053295715802,0.11857901887970258,0.003061020049382076,0.0030577209449262686,0.002691903743290302,0.00039138032509315746,3820
core_N128_s0,runge,0,128,3,0.1,73,99980,0.0032971127751862186,0.8117751795996205,0.005715432206522791,0.007753039863190772,0.0020376076566679807,0.1542467108741361,7.763113985882938e-05,0.0001131128947162291,0.004441081927733407,0.00014840151340833607,0.0032971127751862186,0.8117751795996205,0.005715432206522791,0.007753039863190772,0.0020376076566679807,0.1542467108741361,0.003061020049382076,0.0030577209449262686,0.004441081927733407,0.0005469706548154735,3820
core_N128_s0,runge,0,128,3,1.0,73,99980,0.01043351580955393,1.0567661102014843,0.010197713568125516,0.011975080109458608,0.001777366541333092,0.37963503627642503,0.00016097876472570595,-9.918483673670767e-06,0.08492393964759368,0.0010994729824798932,0.013530757281523156,2.035881135486543,0.010197713568125516,0.011975080109458608,0.003417841087435425,0.37963503627642503,0.003061020049382076,0.0030577209449262686,0.08492393964759368,0.0010994729824798932,2500
core_N128_s0,runge,0,128,3,10.0,73,99980,0.0026864907864514362,1.2878739745877734,0.017788136134056914,0.011338114099569252,0.006450022034487662,0.3986466835441891,3.6890239777869794e-06,-3.4084864735088784e-06,0.007624683252489398,-0.002290519859140472,0.016443655837470754,1.3919980900163405,0.017788136134056914,0.011743401638100226,0.006450022034487662,0.3986466835441891,0.003061020049382076,0.0030577209449262686,0.06625223226625537,0.0032276263943452205,920
core_N128_s0,runge,0,128,3,100.0,73,99980,0.0030550399960613283,1.045801063997871,0.011892983969032517,0.009918222286093598,0.001974761682938919,0.43403149580704087,7.638368705805747e-06,1.8017726796681234e-06,0.006316033469487921,-0.0007312027703967189,0.02088782781924927,1.6639077250604817,0.011892983969032517,0.009918222286093598,0.0023287698915568367,0.43403149580704087,0.003061020049382076,0.0030577209449262686,0.03681676568936318,0.000933633126412467,260
core_N128_s0,moment3,0,128,3,0.0001,73,99980,0.0005617812109722356,0.32951673296239214,0.0011245568772450115,0.0016462520593520796,0.0005216951821070681,0.05120887008164333,1.0879663814051431e-05,1.9883568886494352e-05,0.00023544564138253498,-0.000602614047950964,0.0005617812109722356,0.32951673296239214,0.003152621781687251,0.0031468767538379433,0.0005216951821070681,0.05120887008164333,0.0020805995578162015,0.0020811640090563055,0.00023544564138253498,0.0013695751495148012,2880
core_N128_s0,moment3,0,128,3,0.001,73,99980,0.0005625147607628494,0.32979416504992115,0.0011250074734701354,0.0016471679642133669,0.0005221604907432315,0.051239869604467116,1.0922443072846038e-05,1.9939791780710478e-05,0.00023566120042069392,-0.0006118876303135568,0.0005625147607628494,0.32979416504992115,0.0031502937658497016,0.003144555955842898,0.0005221604907432315,0.051239869604467116,0.0020805995578162015,0.0020811640090563055,0.00023566120042069392,0.0014124034985338596,2880
core_N128_s0,moment3,0,128,3,0.01,73,99980,0.0005698757161442996,0.3325683368876512,0.0011291863833003124,0.001655993122493718,0.0005268067391934056,0.05154976232219909,1.1346156249909312e-05,2.0498212973109328e-05,0.00023782848294557406,-0.0007028862748652137,0.0005698757161442996,0.3325683368876512,0.0031271699220900145,0.0031215027255043076,0.0005268067391934056,0.05154976232219909,0.0020805995578162015,0.0020811640090563055,0.00023782848294557406,0.0014131383286093008,2880
core_N128_s0,moment3,0,128,3,0.1,73,99980,0.0006465928211219295,0.36056495004838635,0.001188951114888856,0.0017471188602077303,0.0005581677453188744,0.0546574023743085,1.099048132679661e-05,2.392570943757035e-05,0.00026088513653467086,0.00016543876061142493,0.0006465928211219295,0.36056495004838635,0.0029119409223817977,0.0029074705377022947,0.0005581677453188744,0.0546574023743085,0.0020805995578162015,0.0020811640090563055,0.00026088513653467086,0.001383151832568888,2500
core_N128_s0,moment3,0,128,3,1.0,73,99980,0.002371211316021952,0.8306696888593494,0.0014335045491987025,0.002834909000294747,0.0014014044510960444,0.10017899401924661,4.0121067708687816e-05,7.649706898728543e-05,0.0007867423632865317,0.0003506618243004356,0.002371211316021952,0.8306696888593494,0.0018047833769689187,0.002834909000294747,0.0014014044510960444,0.10017899401924661,0.0020805995578162015,0.0020811640090563055,0.0007867423632865317,0.0003506618243004356,1420
core_N128_s0,moment3,0,128,3,10.0,73,99980,0.00570371393309316,1.0000000000000564,0.05230920042567834,0.020961349813347477,0.03134785061233086,2.0383075198554406,9.803465352469433e-05,2.969270697103661e-16,0.03981417930410541,-0.040861327759462315,0.11220036939665305,6.219432589237749,0.05230920042567834,0.020961349813347477,0.03134785061233086,2.1601980907723703,0.003185304749236117,0.0020811640090563055,0.13865499596772743,0.040861327759462315,300
core_N128_s0,moment3,0,128,3,100.0,73,99980,0.0012132007632751048,1.0000000000025078,0.03075644647627271,0.020899722034263782,0.009856724442008927,1.2103471126025573,2.6238849235186254e-05,2.2724194871478807e-16,0.015606904122392422,-0.020306754608571606,0.4411287774215045,3.182465364577147,0.03075644647627271,0.020899722034263782,0.010850228874206336,1.4004456080142835,0.0020805995578162015,0.006742007610562903,0.12328019571990666,0.020306754608571606,40
core_N128_s0,moment5,0,128,3,0.0001,73,99980,1.2121075781553426e-05,0.8839404330874242,0.0034151783246157974,0.00337632087876584,3.885744584995743e-05,0.002485367651381709,5.1466010195910114e-08,-1.5145354163855485e-07,4.181479455920286e-05,9.370487023407925e-05,0.00026831749778530024,0.8839404330874242,0.0034151783246157974,0.003404634283307742,3.885744584995743e-05,0.002485367651381709,0.0021208317718772814,0.002122760287917812,0.000163720415330614,9.370487023407925e-05,5080
core_N128_s0,moment5,0,128,3,0.001,73,99980,1.2118912918775689e-05,0.8842857490410724,0.0034126387916004197,0.003373801955197528,3.883683640289182e-05,0.002484802901879869,5.162073102748575e-08,-1.5120003959693264e-07,4.177410240657623e-05,9.373934128037442e-05,0.00026831749778530024,0.8842857490410724,0.0034126387916004197,0.0034020703902157418,3.883683640289182e-05,0.002484802901879869,0.0021208317718772814,0.002122760287917812,0.00016358151419623365,9.373934128037442e-05,5080
core_N128_s0,moment5,0,128,3,0.01,73,99980,1.20976282788138e-05,0.8877102081658094,0.003387449889714955,0.0033488151115380754,3.863477817687977e-05,0.0024792456931752803,5.313649723044311e-08,-1.4871472001697841e-07,4.1372389144497194e-05,9.407101184624733e-05,0.00026831749778530024,0.8877102081658094,0.003387449889714955,0.0033766418031338646,3.863477817687977e-05,0.0024792456931752803,0.0021208317718772814,0.002122760287917812,0.000162195419528068,9.407101184624733e-05,5080
core_N128_s0,moment5,0,128,3,0.1,73,99980,1.1914131720736872e-05,0.9191535933190612,0.003160151065042194,0.003121767707608414,3.838335743377996e-05,0.0024314063423124073,6.987029037911991e-08,-1.303225582314201e-07,3.781973768764814e-05,0.00016985859362997346,0.00026831749778530024,0.9191535933190612,0.003160151065042194,0.0031462950293239256,3.838335743377996e-05,0.0024314063423124073,0.0021208317718772814,0.002122760287917812,0.0001503296092496343,0.00016985859362997346,4400
core_N128_s0,moment5,0,128,3,1.0,73,99980,1.1195740836416698e-05,1.0649861607868345,0.0019688464704116643,0.001934134759779188,3.4711710632476245e-05,0.0022484867918005132,1.1341874097757323e-07,-6.673750497794877e-08,2.2731360993593897e-05,5.247811584545292e-05,0.00026831749778530024,1.0649861607868345,0.0019688464704116643,0.001947050619350424,3.4711710632476245e-05,0.0022484867918005132,0.0021208317718772814,0.002122760287917812,9.887618902681285e-05,5.247811584545292e-05,2500
core_N128_s0,moment5,0,128,3,10.0,73,99980,1.0766867088230157e-05,1.1486615961150646,0.0004244793653917639,0.000389640846216302,3.483851917546188e-05,0.002147772340412847,1.36044086820469e-07,-4.051813818633772e-08,1.1566311043898777e-05,-3.78038708152284e-05,0.00026831749778530024,1.1486615961150646,0.0004244793653917639,0.0003978041869093507,3.483851917546188e-05,0.002147772340412847,0.0021208317718772814,0.002122760287917812,6.795741378871248e-05,3.78038708152284e-05,520
core_N128_s0,moment5,0,128,3,100.0,73,99980,1.0751800410416883e-05,1.171753889185611,7.275038347694107e-05,3.767501384691063e-05,3.507536963003044e-05,0.0021394363157881528,1.462447332028325e-07,-3.2974574256911266e-08,5.9721485656879736e-06,1.9465895477216444e-05,0.00026831749778530024,1.171753889185611,7.275038347694107e-05,4.472749576617252e-05,3.507536963003044e-05,0.0021394363157881528,0.0021208317718772814,0.002122760287917812,9.031091975464938e-05,1.9465895477216444e-05,60
core_N128_s0,moment9,0,128,3,0.0001,73,99980,1.4524688083190604e-06,0.12481903886633358,0.0033785248413894797,0.003376320878765854,2.203962623625877e-06,0.00045348791256760506,-1.323278193780534e-07,-1.514535416384654e-07,4.1784794241729194e-05,-4.313367871167095e-05,0.0002683132882734397,0.12809273626591153,0.0034031794958891692,0.003404634283307742,2.203962623625877e-06,0.00045348791256760506,0.0021206845365959754,0.002122760287917814,0.00016324491763282348,4.313367871167095e-05,6740
core_N128_s0,moment9,0,128,3,0.001,73,99980,1.4508903975598966e-06,0.12479852341008635,0.0033759982737591454,0.003373801955197528,2.196318561617505e-06,0.0004529365107883203,-1.3210860982621695e-07,-1.5120003959603002e-07,4.174409932666149e-05,-4.305590681431826e-05,0.0002683132882734397,0.12807174665444865,0.0034006144910190272,0.0034020703902157418,2.196318561617505e-06,0.0004529365107883203,0.0021206845365959754,0.002122760287917814,0.0001631053477911638,4.305590681431826e-05,6740
core_N128_s0,moment9,0,128,3,0.01,73,99980,1.4353130903795346e-06,0.12459491542575385,0.003350936654505615,0.0033488151115380754,2.121542967539747e-06,0.0004475011453641272,-1.2995984197555263e-07,-1.487147200169066e-07,4.1342321745217794e-05,-4.2291039962560895e-05,0.0002683132882734397,0.12786330898862638,0.0033751752470500412,0.0033766418031338785,2.121542967539747e-06,0.0004475011453641272,0.0021206845365959754,0.002122760287917814,0.0001617125288998995,4.2291039962560895e-05,6740
core_N128_s0,moment9,0,128,3,0.1,73,99980,1.2979639021818417e-06,0.12270458636473522,0.003123464159097436,0.003121767707608414,1.6964514890221993e-06,0.00040003611083734645,-1.1418582946192868e-07,-1.3032255823133947e-07,3.77864911959926e-05,3.5129229782160376e-05,0.0002683132882734397,0.12597640751929168,0.003144903145367639,0.0031462950293239256,1.6964514890221993e-06,0.00040003611083734645,0.0021206845365959754,0.002122760287917814,0.00014986568459366266,3.5129229782160376e-05,5840
core_N128_s0,moment9,0,128,3,1.0,73,99980,7.269249974070252e-07,0.11203438626958984,0.0019344172611504284,0.001934134759779188,2.8250137124041785e-07,0.00020804406337737692,-5.96065895055621e-08,-6.673750497696887e-08,2.2686472784397595e-05,-2.1487497566322067e-05,0.0002683132882734397,0.11547923489902186,0.0019459260116380384,0.0019470506193504378,1.131790477712502e-06,0.00020804406337737692,0.0021206845365959754,0.002122760287917814,9.846796648587988e-05,2.1487497566322067e-05,3820
core_N128_s0,moment9,0,128,3,10.0,73,99980,3.330339914268943e-07,0.09607546546760895,0.0003900926419190681,0.000389640846216302,4.5179570276610015e-07,7.803990718205307e-05,-3.7199073163849605e-08,-4.051813818436462e-08,1.1819399697383142e-05,-7.493448581169515e-06,0.0002683132882734397,0.10339253386982127,0.00039757280426362673,0.0003978041869093646,4.5179570276610015e-07,7.803990718205307e-05,0.0021206845365959754,0.002122760287917814,6.795741378872015e-05,7.493448581169515e-06,800
core_N128_s0,moment9,0,128,3,100.0,73,99980,1.8574518705294881e-07,0.07867991708807091,3.8165910135806724e-05,3.767501384691063e-05,4.908962888960922e-07,4.757063055765358e-05,-3.071755393183406e-08,-3.297457425686807e-08,7.823791216833389e-06,1.6250089060615425e-06,0.0002683132882734397,0.10017555118054321,4.469836959818119e-05,4.472749576615864e-05,4.908962888960922e-07,4.757063055765358e-05,0.0021206845365959754,0.002122760287917814,9.024811952896732e-05,1.6250089060615425e-06,80
core_N128_s0,sine,0,128,5,0.0001,73,99980,2.67934869175228e-06,0.004760023102258057,-0.0062695803818842155,-0.006257991407099553,1.1588974784662587e-05,0.0007622799936655556,-1.2629957568242288e-05,-1.2583834872643887e-05,1.5727609818288052e-06,3.853657629845908e-05,2.1721223804253868e-05,0.00676346403046569,0.0062695803818842155,0.006257991407099553,1.1588974784662587e-05,0.0007622799936655556,0.006613108593731057,0.006613234617216208,7.025240380311949e-06,3.853657629845908e-05,
core_N128_s0,sine,0,128,5,0.001,73,99980,2.678667036527346e-06,0.004759112722644544,-0.006263930196682629,-0.006252348607713815,1.1581588968814782e-05,0.0007621661502487469,-1.2612986759730313e-05,-1.256689585337292e-05,1.5733717037009011e-06,3.853842747905678e-05,2.1721223804253868e-05,0.006763554544323547,0.006263930196682629,0.006252348607713815,1.1581588968814782e-05,0.0007621661502487469,0.006613108593731057,0.006613234617216208,7.024312473988066e-06,3.853842747905678e-05,
core_N128_s0,sine,0,128,5,0.01,73,99980,2.671847117663104e-06,0.004750055118080813,-0.006208310443936826,-0.0061968028940228015,1.1507549914024917e-05,0.0007610092349846776,-1.2444004783629527e-05,-1.2398233079859797e-05,1.5793605744787466e-06,3.855199443464352e-05,2.1721223804253868e-05,0.006764165592025628,0.006208310443936826,0.0061968028940228015,1.1507549914024917e-05,0.0007610092349846776,0.006613108593731057,0.006613234617216208,7.014859493419183e-06,3.855199443464352e-05,
core_N128_s0,sine,0,128,5,0.1,73,99980,2.6039597900718356e-06,0.004663516983795948,-0.0057168743407808725,-0.005705976666153398,1.0897674627474707e-05,0.0007480324471183716,-1.1100471998096575e-05,-1.1057451458017021e-05,1.628099843955307e-06,1.551674923500057e-05,2.1721223804253868e-05,0.0067626260549941974,0.0057168743407808725,0.005705976666153398,1.0897674627474707e-05,0.0007480324471183716,0.006613108593731057,0.006613234617216208,6.905371207635539e-06,1.551674923500057e-05,
core_N128_s0,sine,0,128,5,1.0,73,99980,2.13707435672371e-06,0.004044198556944444,-0.0028930357104369475,-0.002884657362667728,8.37834776921953e-06,0.0006249768306220976,-6.881156568297069e-06,-6.8515199509659175e-06,1.6238602397189102e-06,5.677227362388404e-07,2.1721223804253868e-05,0.006447378610905908,0.0028930357104369475,0.002884657362667728,8.37834776921953e-06,0.0006249768306220976,0.006613108593731057,0.006613234617216208,5.700939143687237e-06,2.0879589925359987e-06,
core_N128_s0,sine,0,128,5,10.0,73,99980,2.306677109720383e-06,0.004035300867651402,-0.0010260326472150277,-0.001021719007886418,4.313639328609731e-06,0.00045273256527271824,7.879966490635963e-07,7.915587880156386e-07,1.627029305866481e-06,1.0054683489066352e-05,2.1721223804253868e-05,0.005854331451696303,0.001028504998589988,0.0010243464511563855,4.313639328609731e-06,0.00045273256527271824,0.006613108593731057,0.006613234617216208,3.878944503218669e-06,1.0054683489066352e-05,
core_N128_s0,sine,0,128,5,100.0,73,99980,0.030088581095311855,1.4231960910964185,0.017105264152815797,0.027505477761471428,0.010400213608655631,0.19989625751826876,7.302821122791545e-05,0.001263843494047264,0.100229437803015,0.01276635365635255,0.030088581095311855,1.4231960910964185,0.017105264152815797,0.027505477761471428,0.010400213608655631,0.19989625751826876,0.006613108593731057,0.006613234617216208,0.100229437803015,0.01276635365635255,99980
core_N128_s0,runge,0,128,5,0.0001,73,99980,0.00021376884480071398,0.05951912405331481,0.005201273619977215,0.00506211623366358,0.00013915738631363472,0.011612611348045018,7.11121074294209e-05,6.882666312796211e-05,0.00019592283393920706,-1.0663219063289375e-06,0.00021376884480071398,0.05951912405331481,0.005201273619977215,0.00506211623366358,0.00013915738631363472,0.011612611348045018,0.003061020049382076,0.003061109391197586,0.00019592283393920706,2.8342458945923577e-05,99980
core_N128_s0,runge,0,128,5,0.001,73,99980,0.00021463989526424994,0.05969421949124267,0.005206204429828776,0.005066783504861561,0.00013942092496721514,0.011641408532773796,7.117152098094647e-05,6.887829021269616e-05,0.0001967233758177017,-1.062733338441646e-06,0.00021463989526424994,0.05969421949124267,0.005206204429828776,0.005066783504861561,0.00013942092496721514,0.011641408532773796,0.003061020049382076,0.003061109391197586,0.0001967233758177017,2.8433582353507014e-05,99980
core_N128_s0,runge,0,128,5,0.01,73,99980,0.0002234631225633937,0.061451626889371905,0.0052551819828671464,0.005113118372971501,0.0001420636098956457,0.011931059505877155,7.176475798025742e-05,6.939290402140772e-05,0.00020486087502447973,-1.0215804296942466e-06,0.0002234631225633937,0.061451626889371905,0.0052551819828671464,0.005113118372971501,0.0001420636098956457,0.011931059505877155,0.003061020049382076,0.003061109391197586,0.00020486087502447973,2.9331912165198037e-05,99980
core_N128_s0,runge,0,128,5,0.1,73,99980,0.0003231427355817697,0.07956029110905623,0.005715432206522791,0.0055461572187774505,0.0001692749877453409,0.014996281628462673,7.763113985882938e-05,7.43959836921428e-05,0.0003002455284537292,0.00011465705908809964,0.0003231427355817697,0.07956029110905623,0.005715432206522791,0.0055461572187774505,0.0001692749877453409,0.014996281628462673,0.003061020049382076,0.003061109391197586,0.0003002455284537292,0.00011465705908809964,86740
core_N128_s0,runge,0,128,5,1.0,73,99980,0.0028428030354700484,0.2879353384514682,0.010197713568125516,0.009506578505353844,0.0006911350627716722,0.06960835731419195,0.00016097876472570595,0.00013523358392512075,0.004097643436155555,0.0001846165872013833,0.0028428030354700484,0.2879353384514682,0.010197713568125516,0.009506578505353844,0.0006911350627716722,0.06960835731419195,0.003061020049382076,0.003061109391197586,0.004097643436155555,0.0002983681384156611,75260
core_N128_s0,runge,0,128,5,10.0,73,99980,0.0038517198139633715,1.846471884744414,0.017788136134056914,0.027977184252260423,0.010189048118203509,0.40264400522292493,3.6890239777869794e-06,0.00010456983621686064,0.030844280148951374,0.007227542695674535,0.008448834984962284,3.416023505338503,0.017788136134056914,0.027977184252260423,0.010189048118203509,0.40264400522292493,0.003061020049382076,0.003061109391197586,0.03439191870593249,0.007227542695674535,49160
core_N128_s0,runge,0,128,5,100.0,73,99980,0.0031035726560238335,1.0624147605428822,0.011892983969032517,0.015642580929092598,0.003749596960060081,0.2355854053816845,7.638368705805747e-06,-4.006674420988375e-06,0.02885117554010095,0.0030955709773919093,0.013197001503409578,8.513355077587967,0.011892983969032517,0.015929379066141378,0.004317850009491239,0.3672348738113852,0.003061020049382076,0.003061109391197586,0.028866585605842474,0.0030955709773919093,20980
core_N128_s0,moment3,0,128,5,0.0001,73,99980,3.805132593399525e-05,0.022319273699021848,0.0011245568772450115,0.0010876619274607091,3.689494978430241e-05,0.003884589116473504,1.0879663814051431e-05,1.0452583688313522e-05,1.359560808870074e-05,7.331643719625525e-05,3.805132593399525e-05,0.022319273699021848,0.003152621781687251,0.0031527009713486764,3.689494978430241e-05,0.003884589116473504,0.0020805995578162015,0.002080587251278946,1.359560808870074e-05,0.0001040063597764207,
core_N128_s0,moment3,0,128,5,0.001,73,99980,3.808935185298757e-05,0.022331229094527828,0.0011250074734701354,0.0010880655535822903,3.694191988784512e-05,0.0038859380603848276,1.0922443072846038e-05,1.0494627822122428e-05,1.3606692008985239e-05,7.317905412494718e-05,3.808935185298757e-05,0.022331229094527828,0.0031502937658497016,0.003150372633552112,3.694191988784512e-05,0.0038859380603848276,0.0020805995578162015,0.002080587251278946,1.3606692008985239e-05,0.00010397348491504588,
core_N128_s0,moment3,0,128,5,0.01,73,99980,3.847037356999257e-05,0.02245055859579648,0.0011291863833003124,0.0010917784146532994,3.740796864701301e-05,0.0038994752785182717,1.1346156249909312e-05,1.0910995920508841e-05,1.3717813506333782e-05,7.181636214351195e-05,3.847037356999257e-05,0.02245055859579648,0.0031271699220900145,0.0031272456610479255,3.740796864701301e-05,0.0038994752785182717,0.0020805995578162015,0.002080587251278946,1.3717813506333782e-05,7.181636214351195e-05,
core_N128_s0,moment3,0,128,5,0.1,73,99980,4.237775312130173e-05,0.023631460075341035,0.001188951114888856,0.0011499949364958684,3.8956178392987595e-05,0.004039687056547087,1.099048132679661e-05,1.050330726469616e-05,1.4866394526546091e-05,-7.73512550884814e-06,4.237775312130173e-05,0.023631460075341035,0.0029119409223817977,0.002911993785003328,3.8956178392987595e-05,0.004039687056547087,0.0020805995578162015,0.002080587251278946,1.4866394526546091e-05,9.31913276543822e-05,
core_N128_s0,moment3,0,128,5,1.0,73,99980,0.00010722758231171917,0.03756337608300763,0.0014335045491987025,0.0013569715264818427,7.65330227168598e-05,0.0060835757331041,4.0121067708687816e-05,3.864490614648485e-05,3.4177365958318386e-05,1.3760194460393782e-06,0.00010722758231171917,0.03756337608300763,0.0018047833769689187,0.0018048363992601985,7.65330227168598e-05,0.0060835757331041,0.0020805995578162015,0.002080587251278946,3.4177365958318386e-05,1.148767661986183e-05,
core_N128_s0,moment3,0,128,5,10.0,73,99980,0.009849780687208263,1.7269065038588323,0.05230920042567834,0.06917556282516764,0.0168663623994893,1.1161990955930579,9.803465352469433e-05,0.0007276985470918976,0.12343251343785798,0.024147972245883664,0.10237965451718103,2.573133201265028,0.05230920042567834,0.06917556282516764,0.016935596559624247,1.1161990955930579,0.003185304749236117,0.002080587251278946,0.1726147619623965,0.024147972245883664,75260
core_N128_s0,moment3,0,128,5,100.0,73,99980,0.00607938645153531,5.011030849617095,0.03075644647627271,0.05695951911130072,0.02620307263502801,0.47474804581600183,2.6238849235186254e-05,-0.00019612650613170474,0.020097119504316995,0.03794882336328413,0.02038553101201806,5.011030849617095,0.03075644647627271,0.05695951911130072,0.02620307263502801,0.47474804581600183,0.0020805995578162015,0.002080587251278946,0.1329595525124131,0.03794882336328413,27860
core_N128_s0,moment5,0,128,5,0.0001,73,99980,1.9448545954807606e-06,0.14183028341738557,0.0034151783246157974,0.0034182047576462593,3.026433030461906e-06,0.0003914556623046296,5.1466010195910114e-08,6.693200231428914e-08,1.9693048441974456e-06,-7.636577896777408e-06,1.0579662320278098e-05,0.14183028341738557,0.0034151783246157974,0.0034182047576462593,3.026433030461906e-06,0.0003914556623046296,0.0021208317718772814,0.0021207767344679405,4.782848404131473e-06,7.636577896777408e-06,6740
core_N128_s0,moment5,0,128,5,0.001,73,99980,1.944140817698402e-06,0.14185892998341915,0.0034126387916004197,0.003415662610985845,3.023819385425397e-06,0.00039130480799082695,5.162073102748575e-08,6.707420725137853e-08,1.967610062975001e-06,-7.642892457859762e-06,1.0579662320278098e-05,0.14185892998341915,0.0034126387916004197,0.003415662610985845,3.023819385425397e-06,0.00039130480799082695,0.0021208317718772814,0.0021207767344679405,4.778573093267778e-06,7.642892457859762e-06,6740
core_N128_s0,moment5,0,128,5,0.01,73,99980,1.9371032584704317e-06,0.14214243463133286,0.003387449889714955,0.0033904480602250653,2.9981705101100875e-06,0.0003898181860531963,5.313649723044311e-08,6.846711393050196e-08,1.9508898506000683e-06,-7.704201231403807e-06,1.0579662320278098e-05,0.14214243463133286,0.003387449889714955,0.0033904480602250653,2.9981705101100875e-06,0.0003898181860531963,0.0021208317718772814,0.0021207767344679405,4.735945507245304e-06,7.704201231403807e-06,6740
core_N128_s0,moment5,0,128,5,0.1,73,99980,1.8756311330038473e-06,0.14470153059000776,0.003160151065042194,0.0031630815518814137,2.9304868392199257e-06,0.0003768885671339538,6.987029037911991e-08,8.489418496998352e-08,1.8038115390873969e-06,-2.001720017212605e-05,1.0579662320278098e-05,0.14470153059000776,0.003160151065042194,0.0031630815518814137,2.9304868392199257e-06,0.0003768885671339538,0.0021208317718772814,0.0021207767344679405,4.328465119203273e-06,2.001720017212605e-05,5840
core_N128_s0,moment5,0,128,5,1.0,73,99980,1.6380581513512078e-06,0.1558190107508284,0.0019688464704116643,0.0019712042647861694,2.3577943745051178e-06,0.000327758964626447,1.1341874097757323e-07,1.2564826395328885e-07,1.1982175577820501e-06,-2.336692467394541e-06,1.0579662320278098e-05,0.1558190107508284,0.0019688464704116643,0.0019712042647861694,2.3577943745051178e-06,0.000327758964626447,0.0021208317718772814,0.0021207767344679405,2.648321927455393e-06,2.336692467394541e-06,3320
core_N128_s0,moment5,0,128,5,10.0,73,99980,1.507399884883694e-06,0.16081673002604036,0.0004244793653917639,0.0004266516544192134,2.172289027449481e-06,0.000301293652500642,1.36044086820469e-07,1.4738663574468847e-07,1.0740162408587487e-06,-1.0114979333702978e-06,1.0579662320278098e-05,0.16081673002604036,0.0004244793653917639,0.0004266516544192134,2.172289027449481e-06,0.000301293652500642,0.0021208317718772814,0.0021207767344679405,1.5742201344050508e-06,1.0114979333702978e-06,700
core_N128_s0,moment5,0,128,5,100.0,73,99980,1.4811373975129933e-06,0.16141747797630593,7.275038347694107e-05,7.509047640959221e-05,2.340092932651139e-06,0.00029559260338740223,1.462447332028325e-07,1.5954476867928405e-07,4.191588535093231e-06,-6.739093929578055e-06,1.0579662320278098e-05,0.16141747797630593,7.275038347694107e-05,7.509047640959221e-05,2.340092932651139e-06,0.00029559260338740223,0.0021208317718772814,0.0021207767344679405,4.191588535093231e-06,6.739093929578055e-06,80
core_N128_s0,moment9,0,128,5,0.0001,73,99980,7.062402520576858e-08,0.006069130639202913,0.0033785248413894797,0.00337869574434288,1.7090295340027595e-07,2.053793478642237e-05,-1.323278193780534e-07,-1.313939398090557e-07,2.0242516364691497e-06,1.739538235040472e-06,1.0871696177104969e-05,0.006223498187006659,0.0034031794958891692,0.0034031718173780645,1.7090295340027595e-07,2.053793478642237e-05,0.0021206845365959754,0.002120620343933546,4.755895526705199e-06,1.739538235040472e-06,
core_N128_s0,moment9,0,128,5,0.001,73,99980,7.053091928919494e-08,0.006066726057909643,0.0033759982737591454,0.0033761687315366634,1.7045777751800717e-07,2.0508802313061532e-05,-1.3210860982621695e-07,-1.311765661673185e-07,2.0219823254537492e-06,1.7360633667029557e-06,1.0871696177104969e-05,0.0062210155094856575,0.0034006144910190272,0.003400606717322341,1.7045777751800717e-07,2.0508802313061532e-05,0.0021206845365959754,0.002120620343933546,4.751558351010513e-06,1.7360633667029557e-06,
core_N128_s0,moment9,0,128,5,0.01,73,99980,6.961431878778966e-08,0.006042995232136142,0.003350936654505615,0.003351102753292659,1.6609878704387793e-07,2.0222288643925544e-05,-1.2995984197555263e-07,-1.2904580158092163e-07,1.999600005000733e-06,1.701942999671191e-06,1.0871696177104969e-05,0.006196508572537268,0.0033751752470500412,0.003375166546922076,1.6609878704387793e-07,2.0222288643925544e-05,0.0021206845365959754,0.002120620343933546,4.708307747201991e-06,1.701942999671191e-06,
core_N128_s0,moment9,0,128,5,0.1,73,99980,6.170472109813784e-08,0.00583333039260256,0.003123464159097436,0.003123599775475938,1.356163785021236e-07,1.7770584694852533e-05,-1.1418582946192868e-07,-1.1341352241421172e-07,1.8032639921817392e-06,-1.1322125139934247e-06,1.0871696177104969e-05,0.0059822787010691495,0.003144903145367639,0.003144891020613008,1.356163785021236e-07,1.7770584694852533e-05,0.0021206845365959754,0.002120620343933546,4.304606346022122e-06,1.1322125139934247e-06,
core_N128_s0,moment9,0,128,5,1.0,73,99980,3.175602089246499e-08,0.00489426876740008,0.0019344172611504284,0.0019344558951552987,3.86340048702527e-08,8.732299276167811e-06,-5.96065895055621e-08,-5.929945888756881e-08,1.0033272916487364e-06,8.330984088422699e-07,1.0871696177104969e-05,0.005031473896404085,0.0019459260116380384,0.0019459040183022608,3.86340048702527e-08,8.732299276167811e-06,0.0021206845365959754,0.002120620343933546,2.6317438655582704e-06,8.330984088422699e-07,
core_N128_s0,moment9,0,128,5,10.0,73,99980,1.3774179874985252e-08,0.0039736506692719265,0.0003900926419190681,0.0003901128394924319,2.019757336380046e-08,3.2478898298734533e-06,-3.7199073163849605e-08,-3.7076314528446453e-08,4.658128130251465e-07,2.4335583900803037e-07,1.0871696177104969e-05,0.004216105726113267,0.00039757280426362673,0.0003975676851094151,2.019757336380046e-08,3.2478898298734533e-06,0.0021206845365959754,0.002120620343933546,1.5602817528784456e-06,2.4335583900803037e-07,
core_N128_s0,moment9,0,128,5,100.0,73,99980,8.695382640936167e-09,0.0036832824370457754,3.8165910135806724e-05,3.818372956079785e-05,1.7819424991127875e-08,2.067558235226522e-06,-3.071755393183406e-08,-3.063838680307898e-08,2.8674129884566026e-07,-7.01007049214164e-08,1.0871696177104969e-05,0.004055864848303927,4.469836959818119e-05,4.469767990197826e-05,1.7819424991127875e-08,2.067558235226522e-06,0.0021206845365959754,0.002120620343933546,2.1635177129743073e-06,7.01007049214164e-08,
core_N128_s0,sine,0,128,7,0.0001,73,99980,1.3875910474685625e-07,0.0002465138435608842,-0.0062695803818842155,-0.006270150941401598,5.705595173821632e-07,4.289771004407989e-05,-1.2629957568242288e-05,-1.2632115397292084e-05,8.302374782675604e-08,-1.6289802978880497e-06,9.893879084801472e-07,0.0004014952727716369,0.0062695803818842155,0.006270150941401598,5.705595173821632e-07,4.289771004407989e-05,0.006613108593731057,0.006613104984361879,3.2739675253284387e-07,1.6289802978880497e-06,
core_N128_s0,sine,0,128,7,0.001,73,99980,1.386935798173943e-07,0.0002464129999202084,-0.006263930196682629,-0.0062645003583948755,5.701617122461089e-07,4.2882902317724364e-05,-1.2612986759730313e-05,-1.2615142960246257e-05,8.30488855537878e-08,-1.6288399172087464e-06,9.893879084801472e-07,0.0004014265277911288,0.006263930196682629,0.0062645003583948755,5.701617122461089e-07,4.2882902317724364e-05,0.006613108593731057,0.006613104984361879,3.273278443659839e-07,1.6288399172087464e-06,
core_N128_s0,sine,0,128,7,0.01,73,99980,1.3804265514990705e-07,0.00024541457341383703,-0.006208310443936826,-0.0062088766276414825,5.661837046561091e-07,4.273467179063292e-05,-1.2444004783629527e-05,-1.2446144687393877e-05,8.329308151868394e-08,-1.6272284601576148e-06,9.893879084801472e-07,0.000400726533027692,0.006208310443936826,0.0062088766276414825,5.661837046561091e-07,4.273467179063292e-05,0.006613108593731057,0.006613104984361879,3.266257388287729e-07,1.6272284601576148e-06,
core_N128_s0,sine,0,128,7,0.1,73,99980,1.3195051859749168e-07,0.00023631451101751067,-0.0057168743407808725,-0.005717406909544739,5.325687638668697e-07,4.125703286477124e-05,-1.1100471998096575e-05,-1.1102469488174149e-05,8.508695217167145e-08,-6.478459183001384e-07,9.893879084801472e-07,0.0003943160740477999,0.0057168743407808725,0.005717406909544739,5.325687638668697e-07,4.125703286477124e-05,0.006613108593731057,0.006613104984361879,3.185389057824288e-07,6.541641932866771e-07,
core_N128_s0,sine,0,128,7,1.0,73,99980,9.824341298753229e-08,0.0001859157908022392,-0.0028930357104369475,-0.0028934207500501685,3.8503961322100544e-07,3.1240635125031824e-05,-6.881156568297069e-06,-6.882461773906359e-06,7.955989395198899e-08,-2.846781684551214e-07,9.893879084801472e-07,0.00034096177452646985,0.0028930357104369475,0.0028934207500501685,3.8503961322100544e-07,3.1240635125031824e-05,0.006613108593731057,0.006613104984361879,2.393482180092305e-07,2.846781684551214e-07,
core_N128_s0,sine,0,128,7,10.0,73,99980,9.4089956472937e-08,0.00016460096707620708,-0.0010260326472150277,-0.0010262183025259997,1.8565531097192167e-07,1.993582494769368e-05,7.879966490635963e-07,7.878021972426918e-07,7.856496602024567e-08,-3.5157531422247423e-07,9.893879084801472e-07,0.00027799582209876115,0.001028504998589988,0.0010286832026272091,1.8565531097192167e-07,1.993582494769368e-05,0.006613108593731057,0.006613104984361879,1.406803089737697e-07,3.5157531422247423e-07,
core_N128_s0,sine,0,128,7,100.0,73,99980,0.02385367506249548,1.1282837498946483,0.017105264152815797,0.015249891488904321,0.0018553726639114754,0.22779839195797663,7.302821122791545e-05,6.56517032840047e-05,0.022854260737981674,-0.0010778222216841354,0.02385367506249548,1.1282837498946483,0.017105264152815797,0.015249891488904321,0.0018553726639114754,0.22779839195797663,0.006613108593731057,0.006613104984361879,0.022854260737981674,0.0010778222216841354,99980
core_N128_s0,runge,0,128,7,0.0001,73,99980,4.576109944995356e-05,0.0127411483067937,0.005201273619977215,0.005218725861373563,1.745224139634849e-05,0.0017895231325479836,7.11121074294209e-05,7.152364670638964e-05,3.2607739091737195e-05,1.4783409003904513e-07,4.576109944995356e-05,0.0127411483067937,0.005201273619977215,0.005218725861373563,1.745224139634849e-05,0.0017895231325479836,0.003061020049382076,0.0030610174275460013,3.2607739091737195e-05,3.4373297960327287e-06,
core_N128_s0,runge,0,128,7,0.001,73,99980,4.5994624228710186e-05,0.01279171884959058,0.005206204429828776,0.0052237072484981745,1.7502818669398734e-05,0.0017954658191507017,7.117152098094647e-05,7.158500551677936e-05,3.27817175123045e-05,1.4738175685424793e-07,4.5994624228710186e-05,0.01279171884959058,0.005206204429828776,0.0052237072484981745,1.7502818669398734e-05,0.0017954658191507017,0.003061020049382076,0.0030610174275460013,3.27817175123045e-05,3.44646446218122e-06,
core_N128_s0,runge,0,128,7,0.01,73,99980,4.837589876780091e-05,0.013303213735741063,0.0052551819828671464,0.005273195256067953,1.801327320080648e-05,0.0018555643821700357,7.176475798025742e-05,7.21980409096634e-05,3.4562152511326924e-05,1.4215193253064307e-07,4.837589876780091e-05,0.013303213735741063,0.0052551819828671464,0.005273195256067953,1.801327320080648e-05,0.0018555643821700357,0.003061020049382076,0.0030610174275460013,3.4562152511326924e-05,3.5367101706429427e-06,
core_N128_s0,runge,0,128,7,0.1,73,99980,7.723951297091601e-05,0.019016977516218336,0.005715432206522791,0.005739048001023123,2.3615794500331244e-05,0.0025281201299723922,7.763113985882938e-05,7.829991736446479e-05,5.694130829412054e-05,-1.633576672625814e-05,7.723951297091601e-05,0.019016977516218336,0.005715432206522791,0.005739048001023123,2.3615794500331244e-05,0.0025281201299723922,0.003061020049382076,0.0030610174275460013,5.694130829412054e-05,1.633576672625814e-05,
core_N128_s0,runge,0,128,7,1.0,73,99980,0.0023545488429964102,0.23848216339637687,0.010197713568125516,0.010423970001417704,0.00022625643329218792,0.02957788848434496,0.00016097876472570595,0.00017618771905301734,0.0027386856420318975,-0.00023475240076462067,0.0023545488429964102,0.23848216339637687,0.010197713568125516,0.010423970001417704,0.00022625643329218792,0.02957788848434496,0.003061020049382076,0.0030610174275460013,0.0027386856420318975,0.00023475240076462067,99980
core_N128_s0,runge,0,128,7,10.0,73,99980,0.00342612150235962,1.642444760621285,0.017788136134056914,0.016744861612691356,0.0010432745213655586,0.29314856532011335,3.6890239777869794e-06,2.121556187069695e-05,0.011224072677543065,-0.0017804960637321926,0.006123366029837406,1.7613345413493187,0.017788136134056914,0.016744861612691356,0.0018002259837866241,0.29314856532011335,0.003061020049382076,0.0030610174275460013,0.012798270111040561,0.0019290205652678777,65300
core_N128_s0,runge,0,128,7,100.0,73,99980,0.002152208450647913,0.7367438365895664,0.011892983969032517,0.012960925901653791,0.0010679419326212747,0.3454799720625826,7.638368705805747e-06,7.438422524348664e-06,0.005629255313979634,-0.00043078086136334737,0.003404561143990797,1.5048052514553287,0.011892983969032517,0.012960925901653791,0.0010679419326212747,0.3454799720625826,0.003061020049382076,0.0030610174275460013,0.005629255313979634,0.0006557893405237242,27860
core_N128_s0,moment3,0,128,7,0.0001,73,99980,3.2343476637007087e-06,0.0018971294421946698,0.0011245568772450115,0.0011275593503078246,3.0024730628130936e-06,0.000299431595591784,1.0879663814051431e-05,1.0914385146175372e-05,9.793801440931699e-07,-2.230108924985985e-06,3.2343476637007087e-06,0.0018971294421946698,0.003152621781687251,0.0031526307423714317,3.0024730628130936e-06,0.000299431595591784,0.0020805995578162015,0.002080599845868987,9.793801440931699e-07,4.266124805196725e-06,
core_N128_s0,moment3,0,128,7,0.001,73,99980,3.2376206233989187e-06,0.0018981695498874272,0.0011250074734701354,0.0011280126721201489,3.005198650013474e-06,0.0002995189820316559,1.0922443072846038e-05,1.0957217541469146e-05,9.802629174844853e-07,-2.2211197110849623e-06,3.2376206233989187e-06,0.0018981695498874272,0.0031502937658497016,0.003150302734736418,3.005198650013474e-06,0.0002995189820316559,0.0020805995578162015,0.002080599845868987,9.802629174844853e-07,4.262694774437303e-06,
core_N128_s0,moment3,0,128,7,0.01,73,99980,3.2704706564189384e-06,0.0019085827948662818,0.0011291863833003124,0.001132218679414973,3.0322961146606042e-06,0.0003004016460555446,1.1346156249909312e-05,1.1381462516579562e-05,9.891168939816813e-07,-2.13211378270739e-06,3.2704706564189384e-06,0.0019085827948662818,0.0031271699220900145,0.0031271789685134305,3.0322961146606042e-06,0.0003004016460555446,0.0020805995578162015,0.002080599845868987,9.891168939816813e-07,2.9733230802880817e-06,
core_N128_s0,moment3,0,128,7,0.1,73,99980,3.612550861791961e-06,0.0020144968803847063,0.001188951114888856,0.0011920824454923068,3.1313306034508326e-06,0.00031005977232096587,1.099048132679661e-05,1.1029789642192988e-05,1.0809482482923348e-06,-1.320393279449772e-06,3.612550861791961e-06,0.0020144968803847063,0.0029119409223817977,0.0029119486661236677,3.1313306034508326e-06,0.00031005977232096587,0.0020805995578162015,0.002080599845868987,1.0809482482923348e-06,4.803650007295657e-06,
core_N128_s0,moment3,0,128,7,1.0,73,99980,9.803759053901521e-06,0.003434398877877578,0.0014335045491987025,0.0014393059641894246,5.801414990722065e-06,0.00048241776569723046,4.0121067708687816e-05,4.0241834464395406e-05,2.688117746971772e-06,1.3204815837719597e-06,9.803759053901521e-06,0.003434398877877578,0.0018047833769689187,0.0018047847059558947,5.801414990722065e-06,0.00048241776569723046,0.0020805995578162015,0.002080599845868987,2.688117746971772e-06,1.813924838209302e-06,
core_N128_s0,moment3,0,128,7,10.0,73,99980,0.0037268355693519813,0.6534050643264125,0.05230920042567834,0.031215948818169484,0.021093251607508856,0.4871553299294537,9.803465352469433e-05,0.00016611260320151098,0.040085203113472155,-0.021785466727288663,0.11472488453109018,1.022500060810958,0.05230920042567834,0.031215948818169484,0.023254283067417128,0.6060872809900921,0.003185304749236117,0.002080599845868987,0.1334705780835221,0.023895287986288066,75260
core_N128_s0,moment3,0,128,7,100.0,73,99980,0.0008006326993444853,0.6599342199432346,0.03075644647627271,0.024135986682321475,0.006620459793951233,0.11720374904522383,2.6238849235186254e-05,1.5471923861363728e-05,0.01599635296848035,-0.011063996010706637,0.004624309107342306,0.6599342199432346,0.03075644647627271,0.024135986682321475,0.006620459793951233,0.18303024479039387,0.0020805995578162015,0.002080599845868987,0.027337680148509798,0.011063996010706637,32120
core_N128_s0,moment5,0,128,7,0.0001,73,99980,1.996245287443414e-07,0.014557799618882643,0.0034151783246157974,0.0034150551651179473,1.231594978501338e-07,4.015002159137968e-05,5.1466010195910114e-08,5.08319142944549e-08,9.212277378405246e-08,6.361579511504623e-07,4.199189120570518e-07,0.014557799618882643,0.0034151783246157974,0.0034150551651179473,1.231594978501338e-07,4.015002159137968e-05,0.0021208317718772814,0.0021208334018865396,1.623318930150483e-07,6.361579511504623e-07,
core_N128_s0,moment5,0,128,7,0.001,73,99980,1.9949690172070324e-07,0.014556773231380498,0.0034126387916004197,0.0034125158170001113,1.22974600308412e-07,4.0123828834403103e-05,5.162073102748575e-08,5.0987518781795454e-08,9.206721351151121e-08,6.367718326655281e-07,4.199189120570518e-07,0.014556773231380498,0.0034126387916004197,0.0034125158170001113,1.22974600308412e-07,4.0123828834403103e-05,0.0021208317718772814,0.0021208334018865396,1.621561767897121e-07,6.367718326655281e-07,
core_N128_s0,moment5,0,128,7,0.01,73,99980,1.9824370638508657e-07,0.014546897772587396,0.003387449889714955,0.0033873287195380908,1.2117017686441578e-07,3.98666812749113e-05,5.313649723044311e-08,5.2511908917341246e-08,9.152094279225652e-08,6.427279962417654e-07,4.199189120570518e-07,0.014546897772587396,0.003387449889714955,0.0033873287195380908,1.2117017686441578e-07,3.98666812749113e-05,0.0021208317718772814,0.0021208334018865396,1.6040824203630957e-07,6.427279962417654e-07,
core_N128_s0,moment5,0,128,7,0.1,73,99980,1.8770159276516586e-07,0.01448083649784785,0.003160151065042194,0.0031600333042662576,1.1776077593617096e-07,3.770685934133042e-05,6.987029037911991e-08,6.925975153007842e-08,8.685715250483502e-08,1.5908418265903057e-06,4.199189120570518e-07,0.01448083649784785,0.003160151065042194,0.0031600333042662576,1.1776077593617096e-07,3.770685934133042e-05,0.0021208317718772814,0.0021208334018865396,1.4485626295275905e-07,1.5908418265903057e-06,
core_N128_s0,moment5,0,128,7,1.0,73,99980,1.543106989517986e-07,0.0146786855149826,0.0019688464704116643,0.0019687551269149395,9.134349672479392e-08,3.091596017923315e-05,1.1341874097757323e-07,1.1293414166104062e-07,7.080929438109643e-08,2.0703716950565276e-07,4.199189120570518e-07,0.0146786855149826,0.0019688464704116643,0.0019687551269149395,9.134349672479392e-08,3.091596017923315e-05,0.0021208317718772814,0.0021208334018865396,8.317119805110188e-08,2.0703716950565276e-07,
core_N128_s0,moment5,0,128,7,10.0,73,99980,1.4074385274071234e-07,0.01501523676365033,0.0004244793653917639,0.00042438536999503396,9.399539672994006e-08,2.8223382729685117e-05,1.36044086820469e-07,1.3553969378735567e-07,1.0337923922823707e-07,1.0362317755252537e-07,4.199189120570518e-07,0.015092938930950926,0.0004244793653917639,0.00042438536999503396,9.399539672994006e-08,2.8223382729685117e-05,0.0021208317718772814,0.0021208334018865396,1.0337923922823707e-07,1.0362317755252537e-07,
core_N128_s0,moment5,0,128,7,100.0,73,99980,1.3583073514559166e-07,0.014803120045233105,7.275038347694107e-05,7.264066871189023e-05,1.0971476505083899e-07,2.7432585304060513e-05,1.462447332028325e-07,1.455801375033332e-07,4.966998527600149e-07,5.655291335782131e-07,4.199189120570518e-07,0.01510661779558349,7.275038347694107e-05,7.264066871189023e-05,1.0971476505083899e-07,2.7432585304060513e-05,0.0021208317718772814,0.0021208334018865396,4.966998527600149e-07,5.655291335782131e-07,
core_N128_s0,moment9,0,128,7,0.0001,73,99980,3.527341189223793e-09,0.00030312481374528,0.0033785248413894797,0.0033785149662707015,9.87511877825753e-09,9.783181562317614e-07,-1.323278193780534e-07,-1.323758501545861e-07,9.167774745801523e-08,-6.189160231540036e-08,4.5554374590718694e-07,0.0003119083645120435,0.0034031794958891692,0.003403178809130547,9.87511877825753e-09,9.783181562317614e-07,0.0021206845365959754,0.002120686606566576,1.6428663348170905e-07,6.189160231540036e-08,
core_N128_s0,moment9,0,128,7,0.001,73,99980,3.5217864665550453e-09,0.0003029269140735014,0.0033759982737591454,0.0033759884221544745,9.851604670929603e-09,9.766875682988156e-07,-1.3210860982621695e-07,-1.3215654346072834e-07,9.156083731544878e-08,-6.175287890763936e-08,4.5554374590718694e-07,0.0003117018365706744,0.0034006144910190272,0.003400613809199246,9.851604670929603e-09,9.766875682988156e-07,0.0021206845365959754,0.002120686606566576,1.6410497494641237e-07,6.175287890763936e-08,
core_N128_s0,moment9,0,128,7,0.01,73,99980,3.4672575966501306e-09,0.00030098148613672346,0.003350936654505615,0.0033509270330382146,9.621467400577899e-09,9.606945796634526e-07,-1.2995984197555263e-07,-1.3000682391513818e-07,9.040958556757453e-08,-6.03931392950674e-08,4.5554374590718694e-07,0.00030967127480129513,0.0033751752470500412,0.0033751746134005195,9.621467400577899e-09,9.606945796634526e-07,0.0021206845365959754,0.002120686606566576,1.6229694807753373e-07,6.03931392950674e-08,
core_N128_s0,moment9,0,128,7,0.1,73,99980,3.008362510249532e-09,0.00028439918616752845,0.003123464159097436,0.0031234562309360447,7.928161391279609e-09,8.271112877395941e-07,-1.1418582946192868e-07,-1.1422538005624436e-07,8.044974818446128e-08,4.341008001673696e-08,4.5554374590718694e-07,0.00029248438177872097,0.003144903145367639,0.0031449027825941472,7.928161391279609e-09,8.271112877395941e-07,0.0021206845365959754,0.002120686606566576,1.469334598032851e-07,4.341008001673696e-08,
core_N128_s0,moment9,0,128,7,1.0,73,99980,1.4521832688997242e-09,0.000223811895123274,0.0019344172611504284,0.0019344145513538469,2.7097965815681135e-09,3.8573753230455605e-07,-5.96065895055621e-08,-5.962264462974393e-08,4.2096337773190647e-08,-2.7948308917169484e-08,4.5554374590718694e-07,0.00022980535261268251,0.0019459260116380384,0.0019459264639487134,2.7097965815681135e-09,3.8573753230455605e-07,0.0021206845365959754,0.002120686606566576,8.496774599827047e-08,2.7948308917169484e-08,
core_N128_s0,moment9,0,128,7,10.0,73,99980,6.667805998364594e-10,0.0001923565105759533,0.0003900926419190681,0.00039009133051698397,1.3114020841475948e-09,1.5371924966764381e-07,-3.7199073163849605e-08,-3.7206115005451705e-08,1.7959718639954967e-08,-9.101665962574224e-09,4.5554374590718694e-07,0.0001988685322261989,0.00039757280426362673,0.0003975729317665794,1.3114020841475948e-09,1.5371924966764381e-07,0.0021206845365959754,0.002120686606566576,4.558241347584843e-08,9.101665962574224e-09,
core_N128_s0,moment9,0,128,7,100.0,73,99980,5.113293670719477e-10,0.00021659431850822714,3.8165910135806724e-05,3.816480128789046e-05,1.1088479162646436e-09,1.1096213682226282e-07,-3.071755393183406e-08,-3.07226289461241e-08,1.0416023806282379e-08,3.206833409929999e-09,4.5554374590718694e-07,0.00021659431850822714,4.469836959818119e-05,4.469838811629878e-05,1.1088479162646436e-09,1.1096213682226282e-07,0.0021206845365959754,0.002120686606566576,6.306140577352105e-08,3.206833409929999e-09,
core_N128_s1,sine,1,128,1,0.0001,73,99980,0.0005646736433912505,1.0000000000000004,0.0008102640907442921,0.0016855945786007076,0.0008753304878564155,0.1245211718414676,-2.7816383132169626e-06,5.397020075023118e-19,0.0008520125467458052,-0.0015261740610715835,0.003779753343164852,1.0000089882848855,0.0016960378964868406,0.0016855945786007076,0.0008753304878564155,0.1245211718414676,0.0006665084035940067,0.000682668861998825,0.003755448519263007,0.0015261740610715835,1220
core_N128_s1,sine,1,128,1,0.001,73,99980,0.000564683211894879,1.0000000000000004,0.000808642200005899,0.001683792821645852,0.0008751506216399529,0.12451429562703771,-2.7738723772183506e-06,4.834403406205786e-19,0.0008517572919043362,-0.0015712165400530859,0.003779753343164852,1.0000094295389428,0.001693876726625368,0.0016837928216459908,0.0008751506216399529,0.12451429562703771,0.0006667022845206836,0.000682848042221752,0.0037543857378793603,0.0015712165400530859,1220
core_N128_s1,sine,1,128,1,0.01,73,99980,0.0005647798003281064,1.0000000000000013,0.0007923953118388616,0.0016681497905899068,0.0008757544787510452,0.12444652260153993,-2.697286086670935e-06,9.751341917509429e-19,0.000849221005928108,-0.0015729053388759545,0.003779753343164852,1.0000249756604742,0.0016723363871518765,0.0016681497905900317,0.0008757544787510452,0.12444652260153993,0.0006686210191879783,0.0006846196558279806,0.0037438594868642286,0.0015729053388759545,1220
core_N128_s1,sine,1,128,1,0.1,73,99980,0.0005658260355659444,1.0000000000000315,0.0006288832414574619,0.001549370066108502,0.00092048682465104,0.12385995436675389,-2.0262662212895275e-06,4.958011846997622e-18,0.0008254480763702816,-0.0014806640933431037,0.003779753343164852,1.0003487710393022,0.0015157969687672468,0.001549370066108835,0.00092048682465104,0.12385995436675389,0.0006858764256793913,0.0007003961071857972,0.0036479284022795607,0.0014806640933431037,1220
core_N128_s1,sine,1,128,1,1.0,73,99980,0.0005777417435565799,1.000000000000226,-0.00027495087121205686,0.0010457760804274824,0.0013207269516395392,0.1220944661447665,-2.692461108211369e-06,7.816064050911177e-18,0.0006907054808176185,5.809950993428126e-05,0.003779753343164852,1.0121971483936778,0.001029377973240736,0.0010457760804278016,0.0013207269516395392,0.1220944661447665,0.0007782611114897168,0.0007536466433463324,0.0032701456060390704,0.0005631970466538488,700
core_N128_s1,sine,1,128,1,10.0,73,99980,0.000745786786796693,1.0000000000000566,-0.0002885842868679128,0.00023556282219273916,0.000524147109060652,0.12752601701153665,4.033460312025212e-06,2.3453595021449213e-18,0.0004808062930164489,0.0002167028729177095,0.003779753343164852,1.04114500305734,0.0003960964874964168,0.00023556282219275304,0.000631659309689156,0.12752601701153665,0.0008609011145063601,0.0008798196260323839,0.002987035037801591,0.0002167028729177095,140
core_N128_s1,sine,1,128,1,100.0,73,99980,0.02472733992072613,1.0,0.0165030982382727,2.6309732258644747e-05,0.016476788506014056,1.4234640805508005,3.3433786340239155e-05,-0.0,0.11126322202264247,-0.011552454275813626,0.04286459555427939,1.0260657332368919,0.0165030982382727,2.6309732258644747e-05,0.016476788506014056,1.4234640805508005,0.000916622384158875,0.0009290743623614769,0.11126322202264247,0.011552454275813626,14
core_N128_s1,runge,1,128,1,0.0001,73,99980,0.0029392472920989356,1.0000000000000018,0.005353622446185494,-0.00018856093660220286,0.0055421833827876965,0.44181558136630766,5.283270604717975e-05,-2.7226400672718695e-18,0.0028693278916944722,-0.008722769060401994,0.0029392472920989356,1.0000000000000018,0.005353622446185494,0.0001885609366022445,0.0055421833827876965,0.44181558136630766,0.00017062207190972627,0.00018267245791833646,0.0028693278916944722,0.008722769060401994,0
core_N128_s1,runge,1,128,1,0.001,73,99980,0.0029410682837703347,1.0000000000000016,0.005355047768512672,-0.0001883032571971116,0.0055433510257097834,0.44190336913104694,5.285943881813787e-05,-2.705230922947165e-18,0.0028716569184105865,-0.008718370259118313,0.0029410682837703347,1.0000000000000016,0.005355047768512672,0.00018830325719716712,0.0055433510257097834,0.44190336913104694,0.00017062207190972627,0.00018267245791833646,0.0028716569184105865,0.008718370259118313,0
core_N128_s1,runge,1,128,1,0.01,73,99980,0.002959393787584769,1.000000000000001,0.005369415204145092,-0.00018576771468516162,0.005555182918830254,0.44278294025146636,5.312803506360066e-05,-2.6513424432145106e-18,0.0028950852562866065,-0.00866182358134615,0.002959393787584769,1.000000000000001,0.005369415204145092,0.00018576771468521713,0.005555182918830254,0.44278294025146636,0.00017062207190972627,0.00018267245791833646,0.0028950852562866065,0.00866182358134615,0
core_N128_s1,runge,1,128,1,0.1,73,99980,0.003154701689261271,0.9999999999999978,0.0055234360120128695,-0.00016398371892885344,0.005687419730941723,0.45177517230517483,5.5937868007138954e-05,-2.2758907239440805e-18,0.003143793528100155,-0.008039795759700027,0.003154701689261271,0.9999999999999978,0.0055234360120128695,0.00016398371892895058,0.005687419730941723,0.45177517230517483,0.00017062207190972627,0.00018267245791833646,0.003143793528100155,0.008039795759700027,0
core_N128_s1,runge,1,128,1,1.0,73,99980,0.006882638088939639,0.999999999999997,0.007730769114745975,-7.734421247448942e-05,0.0078081133272204645,0.578863207617736,9.700832328459688e-05,-4.37295035757378e-19,0.00817565235239903,-0.006776230952217688,0.006882638088939639,0.999999999999997,0.007730769114745975,7.734421247458656e-05,0.0078081133272204645,0.578863207617736,0.00017062207190972627,0.00018267245791833646,0.00817565235239903,0.006996432083367685,0
core_N128_s1,runge,1,128,1,10.0,73,99980,0.0040444217203066185,1.0,0.014562024356694278,-1.4496989666878957e-05,0.014576521346361157,1.1930542283749028,2.5671170029004926e-05,-1.80850986039177e-20,0.11104519483185823,-0.0023548381208580438,0.018673196817062407,1.0000000000000002,0.014562024356694278,1.4496989666878957e-05,0.014576521346361157,1.1930542283749028,0.00021773556220404231,0.00018267245791833646,0.1111904249580594,0.0026923995360732395,0
core_N128_s1,runge,1,128,1,100.0,73,99980,0.003736494394410823,0.9999999999999999,0.012822790279559224,-1.5565905562148208e-06,0.012824346870115438,0.9201729924390495,1.2304769355708725e-05,-2.21615822203425e-21,0.11016481257922217,7.497277207269004e-05,0.022247088906391523,1.0000000000000002,0.012822790279559224,1.5565905562148208e-06,0.012824346870115438,0.9201729924390495,0.0003920544010807192,0.00018267245791833646,0.11016481257922217,0.0011177481050747562,0
core_N128_s1,moment3,1,128,1,0.0001,73,99980,0.0013814869227713397,1.0000000000000024,-0.00019567107947369988,0.0034962803005539195,0.0036919513800276194,0.36031700487274937,4.044775709500357e-06,2.7361116822838673e-17,0.001768353124526259,-0.001570542808579392,0.012332492050170443,1.000001045665435,0.0032685438547645773,0.0034962803005540583,0.0037257482693945493,0.36031700487274937,0.0015636731871140955,0.001589763559989224,0.005983864925615375,0.0030315034420225206,1420
core_N128_s1,moment3,1,128,1,0.001,73,99980,0.0013819593696740972,1.0000000000000029,-0.00019637510173400874,0.0034941116842249764,0.003690486785958985,0.360314746007713,4.1161465395960645e-06,2.7399458418148617e-17,0.0017679290520733252,-0.0017526660076970235,0.012332492050170443,1.0000013155309075,0.003267010157173081,0.003494111684225115,0.003724565970976104,0.360314746007713,0.0015644248703936506,0.0015904605962056533,0.00598171183345517,0.0031173528227846775,1420
core_N128_s1,moment3,1,128,1,0.01,73,99980,0.0013867423873687027,1.0000000000000078,-0.00020330778248368875,0.0034720627925942243,0.003675370575077913,0.3602945449955097,3.0318196880800478e-06,2.7778693053967426e-17,0.0017636482159833502,-0.0027990554136625295,0.012332492050170443,1.0000056335712453,0.0032511750024486336,0.0034720627925943492,0.0037111867871894993,0.3602945449955097,0.0014950202212287752,0.0014767072993233667,0.005960468555634821,0.0037429094486142456,1220
core_N128_s1,moment3,1,128,1,0.1,73,99980,0.001438919766242379,1.0000000000000278,-0.00023659143196080867,0.003226173670282731,0.0034627651022435396,0.3603071581396845,5.724010570342838e-06,1.544921168577861e-17,0.0017187108571018257,-0.006554597340366314,0.012332492050170443,1.000295247795958,0.003056851038197264,0.0032261736702829252,0.003582221899008614,0.3603071581396845,0.001413477304392809,0.0014372277110336297,0.0057856901907621045,0.006554597340366314,1220
core_N128_s1,moment3,1,128,1,1.0,73,99980,0.0019430276783325658,1.0000000000000109,-0.0003655998773117314,0.0017092758229766414,0.0020748757002883728,0.3652721212644772,1.864243902553064e-05,2.946863045973106e-18,0.0015048723206893715,-0.007289339152734456,0.012332492050170443,1.0137158810237372,0.0016035461258257777,0.0017092758229766414,0.002614543035523012,0.3652721212644772,0.00136253843809631,0.0014372277110336297,0.005079945236996562,0.007289339152734456,700
core_N128_s1,moment3,1,128,1,10.0,73,99980,0.007225956278806083,1.0,0.05081956529895047,0.0004677702317518878,0.050351795067198585,1.9873857507836052,0.00010416272388645376,-0.0,0.23103640920998392,-0.056532128062043385,0.0318039963927514,1.05481198644719,0.05081956529895047,0.0004677702317518878,0.050351795067198585,2.1784279430979794,0.0017271434558877494,0.001764331301049365,0.23103640920998392,0.056532128062043385,140
core_N128_s1,moment3,1,128,1,100.0,73,99980,0.001266091430890691,1.0,0.0350666102645418,4.780532269250959e-05,0.035018804941849294,1.147153666231635,2.9346228689927448e-05,-0.0,0.2574195383435789,-0.03387890732485059,0.04025649249587832,1.0189714388872173,0.0350666102645418,4.780532269250959e-05,0.035018804941849294,1.4473845543584154,0.0016849153328402308,0.0017260371260683614,0.2574195383435789,0.03387890732485059,15
core_N128_s1,moment5,1,128,1,0.0001,73,99980,2.3058088436487038e-05,0.9999999999997677,0.0037034877252002663,0.0034962803005539195,0.00020720742464634678,0.011264718578411772,2.7592541248610945e-07,2.7361116822838673e-17,0.00068999973082738,-0.0005961869428775801,0.01004652132019163,0.9999999999997762,0.0037034877252002663,0.0034962803005540583,0.00020720742464634678,0.011264718578411772,0.001533058198223155,0.001589763559989224,0.004899176160539781,0.0006557866354284653,1620
core_N128_s1,moment5,1,128,1,0.001,73,99980,2.3046602694577817e-05,0.9999999999997596,0.0037013766960087013,0.0034941116842249764,0.00020726501178372492,0.011250655258380529,2.7580285603230457e-07,2.7399458418148617e-17,0.0006894027851708798,-0.0005931853456293407,0.01004652132019163,0.9999999999997683,0.0037013766960087013,0.0034941116842251013,0.00020726501178372492,0.011250655258380529,0.001533191351684206,0.0015904605962056527,0.004896632213097822,0.000652880371726075,1620
core_N128_s1,moment5,1,128,1,0.01,73,99980,2.2932354280042623e-05,0.9999999999996787,0.0036798582096281146,0.003472062792594252,0.0002077954170338625,0.011112425500081213,2.7457139422388974e-07,2.777869305396742e-17,0.0006835026295933691,-0.00043585160111626886,0.01004652132019163,0.999999999999687,0.0036798582096281146,0.0034720627925943492,0.0002077954170338625,0.011112425500081213,0.0014864488199735626,0.001476707299323366,0.0048716710335349935,0.0006229870629859968,1620
core_N128_s1,moment5,1,128,1,0.1,73,99980,2.185436338726441e-05,0.9999999999993288,0.0034335707736391913,0.003226173670282703,0.0002073971033564881,0.009932565292914529,2.620747638080863e-07,1.4777506829875192e-17,0.0006308137942411275,-0.0006128736089327513,0.01004652132019163,0.9999999999993288,0.0034335707736391913,0.0032261736702829114,0.0002073971033564881,0.009932565292914529,0.001453128420210988,0.0014372277110336297,0.004661741859098321,0.0009563423966085643,1420
core_N128_s1,moment5,1,128,1,1.0,73,99980,1.6031392552283234e-05,0.9999999999988395,0.0018261166684572089,0.0017092758229766414,0.0001168408454805675,0.005382872246792385,2.3075910683789348e-07,2.2101472844798297e-18,0.0004029908228530002,-2.3087991093295734e-05,0.01004652132019163,0.9999999999988395,0.0018261166684572089,0.0017092758229766414,0.0001168408454805675,0.005382872246792385,0.0013717712557371428,0.0014372277110336297,0.004008125729773865,0.0005490850649740447,920
core_N128_s1,moment5,1,128,1,10.0,73,99980,1.0984012549222812e-05,0.9999999999986253,0.0005163752456237014,0.0004677702317518878,4.8605013871813596e-05,0.0023074437947276246,1.7285558996258535e-07,8.24356962840971e-19,0.00025403809689597204,-3.44782309205649e-06,0.01004652132019163,0.9999999999986253,0.0005163752456237014,0.0004677702317518878,4.8605013871813596e-05,0.0023074437947276246,0.0017598069726548029,0.001764331301049365,0.0036963524947727,0.00010338780673462,160
core_N128_s1,moment5,1,128,1,100.0,73,99980,1.0198750241623292e-05,0.9999999999983569,8.191512788828514e-05,4.780532269250959e-05,3.4109805195775555e-05,0.002014702663410279,1.6741338706417073e-07,8.563821095321887e-19,0.0002343428765223798,-9.282515026243221e-06,0.01004652132019163,0.9999999999983569,8.191512788828514e-05,4.780532269250959e-05,3.4109805195775555e-05,0.002014702663410279,0.0017175204768702,0.00172603712606836,0.003889739448718515,9.731373655091913e-06,16
core_N128_s1,moment9,1,128,1,0.0001,73,99980,1.1177536119727924e-05,1.0000000000009661,0.0036249933027994036,0.0034962803005539195,0.0001287130022454841,0.011602380065555225,-1.2195135967085487e-07,2.7361116822838673e-17,0.000690813076886354,-0.000762712022582851,0.010054774015253946,1.0000049182157678,0.0036473150422557665,0.0034962803005540444,0.0001512833496975785,0.011602380065555225,0.0015327714364823848,0.001589763559989224,0.004902773107312126,0.000762712022582851,1620
core_N128_s1,moment9,1,128,1,0.001,73,99980,1.1168186800022254e-05,1.0000000000010123,0.00362296023610216,0.0034941116842249764,0.0001288485518771837,0.01158729378055393,-1.2167460065813223e-07,2.7399458418148617e-17,0.0006902143196486601,-0.0007597232097326378,0.010054774015253946,1.0000063594018223,0.0036452321955480066,0.003494111684225115,0.00015136870410724368,0.01158729378055393,0.0015329046343926615,0.0015904605962056536,0.004900232208205306,0.0007597232097326378,1620
core_N128_s1,moment9,1,128,1,0.01,73,99980,1.1075478210762462e-05,1.000000000001473,0.003602211443369946,0.003472062792594252,0.00013014865077569382,0.011438901266459018,-1.1896437783795058e-07,2.7778693053967426e-17,0.0006842959452544374,-0.0006024953782209908,0.010054774015253946,1.0000180600703539,0.003623995439273997,0.0034720627925943492,0.00015217683330377707,0.011438901266459018,0.001486160245262615,0.0014767072993233667,0.004875301113297696,0.0006255958862887157,1620
core_N128_s1,moment9,1,128,1,0.1,73,99980,1.0223471640796061e-05,1.0000000000032534,0.0033627182922704585,0.003226173670282731,0.00013654462198772754,0.01016426754885643,-9.67139487055387e-08,1.544921168577861e-17,0.000631420671361757,-0.000769188444357069,0.010054774015253946,1.0002072286257868,0.003380590004484818,0.0032261736702829252,0.00015453621780635307,0.01016426754885643,0.0014528550567882552,0.00143722771103363,0.004665635417589102,0.0009588870082772594,1420
core_N128_s1,moment9,1,128,1,1.0,73,99980,6.026984866248228e-06,1.0000000000057425,0.0017679439606501368,0.0017092758229766414,5.8668137673495435e-05,0.005094528627314892,-6.302154055617858e-08,3.683578807466384e-18,0.0004024728638992745,-1.5302023818566934e-05,0.010054774015253946,1.006409971436433,0.0017800317784363306,0.0017092758229766414,7.081126306335284e-05,0.005094528627314892,0.0013717359897209161,0.00143722771103363,0.004011307050884713,0.0005500412755339162,920
core_N128_s1,moment9,1,128,1,10.0,73,99980,2.8177473587167286e-06,0.9999999999952599,0.000474198438741108,0.0004677702317518878,6.428206989220198e-06,0.0011034156364590224,-3.975874294576911e-08,-8.243569628409714e-19,0.00025225748608654084,-5.728416395511804e-06,0.010054774015253946,1.01277655444786,0.0004821303518504627,0.0004677702317518878,1.4367497487552394e-05,0.0011034156364590224,0.001759674736561945,0.0017643313010493663,0.0036984560153519946,0.00010338550089827869,160
core_N128_s1,moment9,1,128,1,100.0,73,99980,2.0900057546285715e-06,1.000000000007618,4.2497160033280745e-05,4.780532269250959e-05,5.308162659228843e-06,0.000472610847806887,-3.424193750217335e-08,8.563821095321892e-19,0.0002246498351961108,2.6456355945891907e-05,0.010054774015253946,1.0300762217828194,4.953728256983092e-05,4.780532269250959e-05,5.308162659228843e-06,0.000472610847806887,0.0017173979701777407,0.001726037126068362,0.003891566150778344,2.6456355945891907e-05,16
core_N128_s1,sine,1,128,3,0.0001,73,99980,4.6841552878596753e-05,0.08295331901322911,0.0008102640907442921,0.0007266922803944309,8.357181034986116e-05,0.010815850362097883,-2.7816383132169626e-06,-2.976151938095916e-06,3.4565004243462724e-05,-0.0008339223202075141,0.00021349144257710244,0.0954345318612335,0.0016960378964868406,0.0016913043131336347,8.357181034986116e-05,0.010815850362097883,0.0006665084035940067,0.0006649736001276495,0.0001354818647300739,0.0008339223202075141,4400
core_N128_s1,sine,1,128,3,0.001,73,99980,4.683952822967606e-05,0.08294832791734508,0.000808642200005899,0.0007251752488529467,8.346695115295233e-05,0.010814372425441171,-2.7738723772183506e-06,-2.9677745390734156e-06,3.454691440562165e-05,-0.0008333623652571204,0.00021349144257710244,0.09542715599628454,0.001693876726625368,0.0016891475963910635,8.346695115295233e-05,0.010814372425441171,0.0006667022845206836,0.0006651681745764635,0.00013542456360835756,0.0008333623652571204,4400
core_N128_s1,sine,1,128,3,0.01,73,99980,4.681961278671596e-05,0.08289887981035507,0.0007923953118388616,0.0007099616675191184,8.24336443197432e-05,0.01079974859652285,-2.697286086670935e-06,-2.88515041854606e-06,3.436791711618489e-05,-0.00038361794836698493,0.00021349144257710244,0.09535204775527507,0.0016723363871518765,0.0016676508193782108,8.24336443197432e-05,0.01079974859652285,0.0006686210191879783,0.0006670938301045497,0.00013485758339649073,0.00038361794836698493,4400
core_N128_s1,sine,1,128,3,0.1,73,99980,4.665230424132444e-05,0.08244990740778453,0.0006288832414574619,0.0005554406410474277,7.344260041003414e-05,0.010667785902952323,-2.0262662212895275e-06,-2.1605436744564565e-06,3.2752904635286264e-05,-1.0870585371913766e-05,0.00021349144257710244,0.09477607114765019,0.0015157969687672468,0.0015096402079163435,7.344260041003414e-05,0.010667785902952323,0.0006858764256793913,0.0006844169977584331,0.00012977954040586386,7.158930101146266e-05,3820
core_N128_s1,sine,1,128,3,1.0,73,99980,4.712722083239781e-05,0.08157143110742379,-0.00027495087121205686,-0.00035352224911548713,7.857137790343027e-05,0.010074553322458515,-2.692461108211369e-06,-2.7590011731300417e-06,2.5434648290973104e-05,-1.1870321771564885e-05,0.00021349144257710244,0.09246403297266964,0.001029377973240736,0.0010261600965952994,9.185440226712471e-05,0.010074553322458515,0.0007782611114897168,0.0007769360541144304,0.00010842042496060992,0.0003153936435197624,2160
core_N128_s1,sine,1,128,3,10.0,73,99980,0.00010553832285784208,0.14151272820366897,-0.0002885842868679128,-0.0002805150744005086,8.069212467404219e-06,0.012223145981184267,4.033460312025212e-06,5.056437248692192e-06,2.695386754152782e-05,0.00028053269781000423,0.00021349144257710244,0.14151272820366897,0.0003960964874964168,0.00042484222139575756,3.917482893678326e-05,0.012223145981184267,0.0008609011145063601,0.0008595297131790467,9.1518036983043e-05,0.00028053269781000423,400
core_N128_s1,sine,1,128,3,100.0,73,99980,0.0247273376130474,0.9999999066750107,0.0165030982382727,0.013947511480322028,0.002555586757950673,0.5890587048176802,3.3433786340239155e-05,3.112727166793287e-11,0.029405154547921225,-0.0006008541141054313,0.0247273376130474,0.9999999066750107,0.0165030982382727,0.013947511480322028,0.002555586757950673,0.5890587048176802,0.000916622384158875,0.000915453834281687,0.029405154547921225,0.0010895959292924473,40
core_N128_s1,runge,1,128,3,0.0001,73,99980,0.0011793473975815515,0.4012412976450763,0.005353622446185494,0.006290405124185591,0.0009367826780000976,0.0712898360714179,5.283270604717975e-05,6.618153845409213e-05,0.0011738033468857614,-0.001046150537670737,0.0011793473975815515,0.4012412976450763,0.005353622446185494,0.006290405124185591,0.0009367826780000976,0.0712898360714179,0.00017062207190972627,0.00017023027824397208,0.0011738033468857614,0.0011486976210212108,3820
core_N128_s1,runge,1,128,3,0.001,73,99980,0.001182808597152148,0.40216971624876235,0.005355047768512672,0.006292655222599586,0.0009376074540869139,0.07139268398774642,5.285943881813787e-05,6.623319764971909e-05,0.0011769777904086988,-0.0010473769558804469,0.001182808597152148,0.40216971624876235,0.005355047768512672,0.006292655222599586,0.0009376074540869139,0.07139268398774642,0.00017062207190972627,0.00017023027824397208,0.0011769777904086988,0.0011485302852499019,3820
core_N128_s1,runge,1,128,3,0.01,73,99980,0.0012179133614726144,0.4115415010270004,0.005369415204145092,0.006315341959854268,0.0009459267557091755,0.07243063418843193,5.312803506360066e-05,6.675414218930627e-05,0.0012092618278013983,-0.0010596308724502845,0.0012179133614726144,0.4115415010270004,0.005369415204145092,0.006315341959854268,0.0009459267557091755,0.07243063418843193,0.00017062207190972627,0.00017023027824397208,0.0012092618278013983,0.001146892640156813,3820
core_N128_s1,runge,1,128,3,0.1,73,99980,0.0016233047618207398,0.5145668027333709,0.0055234360120128695,0.006560048047006814,0.0010366120349939445,0.08382901170388277,5.5937868007138954e-05,7.242621787365002e-05,0.001593313818376766,-0.0007053011543278476,0.0016233047618207398,0.5145668027333709,0.0055234360120128695,0.006560048047006814,0.0010366120349939445,0.08382901170388277,0.00017062207190972627,0.00017023027824397208,0.001593313818376766,0.0009753111882991883,3320
core_N128_s1,runge,1,128,3,1.0,73,99980,0.013722918064508895,1.9938456573158347,0.007730769114745975,0.010918698459834827,0.0031879293450888524,0.4090851055406292,9.700832328459688e-05,0.00016901891191510002,0.04801489891139652,-0.0008779182944129715,0.013722918064508895,1.9938456573158347,0.007730769114745975,0.010918698459834827,0.0031879293450888524,0.4090851055406292,0.00017062207190972627,0.00017023027824397208,0.04801489891139652,0.0008779182944129715,2160
core_N128_s1,runge,1,128,3,10.0,73,99980,0.0040459700587246895,1.0003828330785332,0.014562024356694278,0.010137228173135004,0.004424796183559274,0.41719608730898683,2.5671170029004926e-05,3.43830158356628e-08,0.0060511380563929296,0.00030008405407883076,0.015010485268658811,1.2278840441113221,0.014562024356694278,0.010137228173135004,0.004424796183559274,0.41719608730898683,0.00021773556220404231,0.00024284768023677763,0.07309921105946769,0.0006781984505656313,400
core_N128_s1,runge,1,128,3,100.0,73,99980,0.00373634262014031,0.9999593805705315,0.012822790279559224,0.009858093547184268,0.002964696732374955,0.428813030587432,1.2304769355708725e-05,1.383315908757906e-09,0.004479720386153459,-0.0008143300733499392,0.017509180317865948,1.0091369997116202,0.012822790279559224,0.009858093547184268,0.002964696732374955,0.428813030587432,0.0003920544010807192,0.0003918369615827788,0.033960647297910734,0.0008143300733499392,40
core_N128_s1,moment3,1,128,3,0.0001,73,99980,0.0001344654786600765,0.09733387731990367,-0.00019567107947369988,-0.00013334081439461687,6.233026507908301e-05,0.024980081943833485,4.044775709500357e-06,5.949705918394423e-06,9.212744677637357e-05,0.00018269005328783172,0.0006011215291827132,0.09733387731990367,0.0032685438547645773,0.0032508655183283858,0.00011571768328920429,0.024980081943833485,0.0015636731871140955,0.0015613163382140768,0.0002276984163017914,0.0007509213050238411,3820
core_N128_s1,moment3,1,128,3,0.001,73,99980,0.00013474558754823484,0.09750329170676834,-0.00019637510173400874,-0.00013283457679916233,6.354052493484641e-05,0.024993212705824875,4.1161465395960645e-06,6.031631942203861e-06,9.21471912318045e-05,1.7487120035381e-05,0.0006011215291827132,0.09750329170676834,0.003267010157173081,0.0032493581427450874,0.00011546908577682313,0.024993212705824875,0.0015644248703936506,0.0015620702172948722,0.00022761847157889498,0.0007550281099044098,3820
core_N128_s1,moment3,1,128,3,0.01,73,99980,0.00013756867653707668,0.09920276310159502,-0.00020330778248368875,-0.0001290363858724719,7.427139661121684e-05,0.025125946451517993,3.0318196880800478e-06,6.841159259737284e-06,9.233890447219195e-05,-0.0008099411189634725,0.0006011215291827132,0.09920276310159502,0.0032511750024486336,0.0032337824175148744,0.00011550027358658843,0.025125946451517993,0.0014950202212287752,0.001492883313970014,0.0002268260599387929,0.0011007228156212912,3820
core_N128_s1,moment3,1,128,3,0.1,73,99980,0.00016734618593898098,0.11629987290813056,-0.00023659143196080867,-0.00011572544386478922,0.00012086598809601945,0.0265606366193574,5.724010570342838e-06,1.0334454130574711e-05,9.390690105144162e-05,0.0002118419044897235,0.0006011215291827132,0.11629987290813056,0.003056851038197264,0.003044717278686798,0.00013161742684482391,0.0265606366193574,0.001413477304392809,0.0014111960197235485,0.00021945468147629337,0.00038096193605755,3320
core_N128_s1,moment3,1,128,3,1.0,73,99980,0.0005116542575862077,0.2633283423040561,-0.0003655998773117314,0.00013221308368090157,0.000497812960992633,0.04128623538557496,1.864243902553064e-05,2.848521515185333e-05,0.00014259066762707537,0.0017512729537923627,0.0006011215291827132,0.2633283423040561,0.0016035461258257777,0.0015972672159899476,0.000497812960992633,0.04128623538557496,0.00136253843809631,0.0013583269536582886,0.0001819299879535618,0.0017512729537923627,1880
core_N128_s1,moment3,1,128,3,10.0,73,99980,0.007225956278858768,1.000000000007291,0.05081956529895047,0.021862622347707,0.028956942951243472,0.5412897912870875,0.00010416272388645376,2.925816969590984e-16,0.042418647476271984,-0.0422163644225796,0.03178902079272457,1.1066158903204097,0.05081956529895047,0.02186263046707662,0.028956942951243472,1.2156561553077516,0.0017271434558877494,0.0017254242099306483,0.27208639937702045,0.0422163644225796,340
core_N128_s1,moment3,1,128,3,100.0,73,99980,0.0012660914309194722,1.0000000000227323,0.0350666102645418,0.021073529202298907,0.013993081062242896,0.31691684291416355,2.9346228689927448e-05,1.99268628496916e-16,0.015668907624107258,-0.021176668438163793,0.21213186425692934,5.269506882117177,0.0350666102645418,0.021073529202298907,0.013993081062242896,0.3903028197803467,0.0016849153328402308,0.0036420126725624728,0.038470356677023795,0.021176668438163793,40
core_N128_s1,moment5,1,128,3,0.0001,73,99980,2.4960721931207538e-05,1.0825147973543194,0.0037034877252002663,0.003625705532085549,7.778219311471712e-05,0.005082774294342741,2.7592541248610945e-07,-1.3972150472661285e-07,4.172471432911267e-05,0.00022793034982138138,0.00039755323472464405,1.0832137752742736,0.0037034877252002663,0.0036513313153934135,7.778219311471712e-05,0.005082774294342741,0.001533058198223155,0.0015331799990121373,0.00015236416201349972,0.00022793034982138138,5840
core_N128_s1,moment5,1,128,3,0.001,73,99980,2.4951139066239632e-05,1.0826384867607362,0.0037013766960087013,0.0036236853092792426,7.769138672945874e-05,0.005080731261174062,2.7580285603230457e-07,-1.394057813983861e-07,4.1688297834846275e-05,0.00022787419690314947,0.00039755323472464405,1.0833405378089533,0.0037013766960087013,0.003649256602950443,7.769138672945874e-05,0.005080731261174062,0.001533191351684206,0.0015333159113825694,0.00015227495935851625,0.00022787419690314947,5840
core_N128_s1,moment5,1,128,3,0.01,73,99980,2.4855720491776404e-05,1.0838712932932335,0.0036798582096281146,0.0036030613653584287,7.679684426968592e-05,0.005060407149956161,2.7457139422388974e-07,-1.3631346239030446e-07,4.1327877693369256e-05,0.0002272988130251341,0.00039755323472464405,1.0846045772522344,0.0036798582096281146,0.0036280974518183434,7.679684426968592e-05,0.005060407149956161,0.0014864488199735626,0.0015344681977636013,0.00015139517562737042,0.0002272988130251341,5840
core_N128_s1,moment5,1,128,3,0.1,73,99980,2.3946807796146032e-05,1.095744926163574,0.0034335707736391913,0.0033645205880195594,6.905018561963183e-05,0.0048682439632573085,2.620747638080863e-07,-1.1088733198277689e-07,3.807011132117755e-05,0.00020856587318589248,0.00039755323472464405,1.0968231387679768,0.0034335707736391913,0.0033850595953422297,6.905018561963183e-05,0.0048682439632573085,0.001453128420210988,0.0014530731328934398,0.0001437593681629484,0.00020856587318589248,5080
core_N128_s1,moment5,1,128,3,1.0,73,99980,1.8700597509171515e-05,1.1664986337376178,0.0018261166684572089,0.0017682766248459658,5.7840043611243064e-05,0.0037807496081710993,2.3075910683789348e-07,-7.103169641189531e-08,2.314046468591333e-05,-7.068579293778576e-06,0.00039755323472464405,1.1702973543604274,0.0018261166684572089,0.0017819211538531582,5.7840043611243064e-05,0.0037807496081710993,0.0013717712557371428,0.0013689314530040846,0.00011471644351900599,2.0731529075709854e-05,2880
core_N128_s1,moment5,1,128,3,10.0,73,99980,1.327407171924493e-05,1.2084902179182149,0.0005163752456237014,0.00047366911373405984,4.270613188964156e-05,0.0026543543097927538,1.7285558996258535e-07,-4.410766192911775e-08,1.2133449716623225e-05,2.4095262904783032e-06,0.00039755323472464405,1.2141217981393255,0.0005163752456237014,0.00048247732785383635,4.270613188964156e-05,0.0026543543097927538,0.0017598069726548029,0.001759421647394827,9.513166757028408e-05,3.166638510840314e-06,600
core_N128_s1,moment5,1,128,3,100.0,73,99980,1.2241000964933742e-05,1.2002451942548287,8.191512788828514e-05,4.180260612141051e-05,4.011252176687463e-05,0.0024330889029234256,1.6741338706417073e-07,-3.7721715225724973e-08,1.1744093391260193e-05,-3.652159853585746e-05,0.00039755323472464405,1.214473914942698,8.191512788828514e-05,4.957898812320283e-05,4.011252176687463e-05,0.0024330889029234256,0.0017175204768702,0.0017170294282540257,9.847895468682245e-05,3.652159853585746e-05,60
core_N128_s1,moment9,1,128,3,0.0001,73,99980,1.4318601985880107e-06,0.1281015944168783,0.0036249933027994036,0.003625705532085563,7.122292861594381e-07,0.0006589452332113223,-1.2195135967085487e-07,-1.397215047265354e-07,3.976615526513462e-05,6.140527011606889e-05,0.0003891356092725286,0.13147835852644132,0.0036473150422557665,0.0036513313153934135,4.087597659768738e-06,0.0006589452332113223,0.0015327714364823848,0.001533179999012137,0.00014838025019222958,6.140527011606889e-05,7760
core_N128_s1,moment9,1,128,3,0.001,73,99980,1.4306538511462984e-06,0.1281008167901432,0.00362296023610216,0.0036236853092792565,7.250731770963581e-07,0.0006582862186413226,-1.2167460065813223e-07,-1.3940578139890344e-07,3.973175577288745e-05,6.133633279988004e-05,0.0003891356092725286,0.13147853770975823,0.0036452321955480066,0.003649256602950443,4.09322503307219e-06,0.0006582862186413226,0.0015329046343926615,0.0015333159113825711,0.00014828805963293116,6.133633279988004e-05,7760
core_N128_s1,moment9,1,128,3,0.01,73,99980,1.4186973460533522e-06,0.12809355217518645,0.003602211443369946,0.0036030613653584564,8.499219885105269e-07,0.0006517815948043892,-1.1896437783795058e-07,-1.3631346239021118e-07,3.9391706461763874e-05,6.065503592030119e-05,0.0003891356092725286,0.1314801186786881,0.003623995439273997,0.0036280974518183434,4.147266004936312e-06,0.0006517815948043892,0.001486160245262615,0.001534468197763602,0.00014737878543725791,6.065503592030119e-05,7760
core_N128_s1,moment9,1,128,3,0.1,73,99980,1.309254418347236e-06,0.1280635839128272,0.0033627182922704585,0.0033645205880195594,1.8022957491009572e-06,0.0005941990202793911,-9.67139487055387e-08,-1.1088733198268365e-07,3.6349395976825115e-05,5.2251037761574803e-05,0.0003891356092725286,0.1315987255647483,0.003380590004484818,0.0033850595953422297,4.5078678863191834e-06,0.0005941990202793911,0.0014528550567882552,0.00145307313289344,0.00013998023595563928,5.2251037761574803e-05,6740
core_N128_s1,moment9,1,128,3,1.0,73,99980,7.772295977416496e-07,0.1289582793045795,0.0017679439606501368,0.0017682766248459658,3.326641958290022e-07,0.00033401008998910437,-6.302154055617858e-08,-7.103169641183862e-08,2.2885082200119682e-05,7.173879809085904e-07,0.0003891356092725286,0.13390835926371367,0.0017800317784363306,0.0017819211538531582,1.9009871246450372e-06,0.00033401008998910437,0.0013717359897209161,0.0013689314530040844,0.00011121353649183489,1.9775318515852236e-05,3820
core_N128_s1,moment9,1,128,3,10.0,73,99980,3.6641141819787216e-07,0.13003700174277089,0.000474198438741108,0.0004736691137340737,5.29325007034287e-07,0.00010622937680241281,-3.975874294576911e-08,-4.4107661929886085e-08,1.3374938219894817e-05,1.2893298705074496e-07,0.0003891356092725286,0.13939924254399408,0.0004821303518504627,0.00048247732785383635,5.29325007034287e-07,0.00010622937680241281,0.001759674736561945,0.0017594216473948284,9.303330659455488e-05,3.188258996256188e-06,800
core_N128_s1,moment9,1,128,3,100.0,73,99980,2.611532115476487e-07,0.12495334568877747,4.2497160033280745e-05,4.180260612141051e-05,6.945539118702326e-07,6.065100188492779e-05,-3.424193750217335e-08,-3.772171522567534e-08,1.1329447629757816e-05,-7.827275635419184e-07,0.0003891356092725286,0.14169264432764964,4.953728256983092e-05,4.957898812320283e-05,6.945539118702326e-07,6.065100188492779e-05,0.0017173979701777407,0.001717029428254027,9.653272079990725e-05,8.036637602210073e-07,100
core_N128_s1,sine,1,128,5,0.0001,73,99980,2.683127610985218e-06,0.004751643081605876,0.0008102640907442921,0.0008155219272588388,5.257836514546699e-06,0.0006305107738287955,-2.7816383132169626e-06,-2.766011061521016e-06,1.5860404806620065e-06,4.216284864337616e-05,1.0785572109451077e-05,0.005591517653517124,0.0016960378964868406,0.0016963587352460952,5.257836514546699e-06,0.0006305107738287955,0.0006665084035940067,0.0006665887551510003,5.337875455841376e-06,4.216284864337616e-05,
core_N128_s1,sine,1,128,5,0.001,73,99980,2.682848589666316e-06,0.004751068445374208,0.000808642200005899,0.0008138943298912071,5.252129885308099e-06,0.0006303803800664262,-2.7738723772183506e-06,-2.7582763478298324e-06,1.5850141177062363e-06,4.213462223585929e-05,1.0785572109451077e-05,0.005590600206640351,0.001693876726625368,0.0016941973024056367,5.252129885308099e-06,0.0006303803800664262,0.0006667022845206836,0.00066678260312197,5.334740446336183e-06,4.213462223585929e-05,
core_N128_s1,sine,1,128,5,0.01,73,99980,2.6801043358885856e-06,0.004745396939358657,0.0007923953118388616,0.0007975912440600502,5.195932221188637e-06,0.0006290930928022091,-2.697286086670935e-06,-2.6819979930211823e-06,1.5748821473207372e-06,-3.2673079406048133e-06,1.0785572109451077e-05,0.00558142020610275,0.0016723363871518765,0.0016726543850331121,5.195932221188637e-06,0.0006290930928022091,0.0006686210191879783,0.0006687010093516981,5.303716331164197e-06,3.2673079406048133e-06,
core_N128_s1,sine,1,128,5,0.1,73,99980,2.6567183604373447e-06,0.004695291827248907,0.0006288832414574619,0.0006335929477152002,4.709706257738366e-06,0.0006176896816370905,-2.0262662212895275e-06,-2.0136814328799134e-06,1.4853048981808273e-06,-2.675554414660608e-06,1.0785572109451077e-05,0.005505742911381461,0.0015157969687672468,0.0015161545845022717,4.709706257738366e-06,0.0006176896816370905,0.0006858764256793913,0.0006859532403302198,5.039588274636375e-06,3.7417354728092045e-06,
core_N128_s1,sine,1,128,5,1.0,73,99980,2.619121141169031e-06,0.004533377015561149,-0.00027495087121205686,-0.0002704592729052546,4.491598306802236e-06,0.0005683084821881929,-2.692461108211369e-06,-2.6844178715492346e-06,1.1152870546763003e-06,-1.24621383271184e-06,1.0785572109451077e-05,0.00519243568401007,0.001029377973240736,0.0010295653054304271,4.891308260507321e-06,0.0005683084821881929,0.0007782611114897168,0.0007783284329654167,3.890273621752946e-06,1.808450242633819e-05,
core_N128_s1,sine,1,128,5,10.0,73,99980,5.374417478360333e-06,0.007206372616823718,-0.0002885842868679128,-0.0002877136265106439,8.706603572689042e-07,0.0006657862905922337,4.033460312025212e-06,4.001062105494938e-06,1.3619460455944476e-06,-1.7546119151112816e-05,1.0785572109451077e-05,0.007206372616823718,0.0003960964874964168,0.0003940497140210719,2.1944988129324328e-06,0.0006657862905922337,0.0008609011145063601,0.0008609660089808543,2.9821458956085436e-06,1.7546119151112816e-05,
core_N128_s1,sine,1,128,5,100.0,73,99980,0.026514105328820866,1.072258698825792,0.0165030982382727,0.03760692872646533,0.02110383048819263,0.3641162090013342,3.3433786340239155e-05,0.00047872324040083473,0.09107195056949996,0.029355350018493792,0.026514105328820866,1.072258698825792,0.0165030982382727,0.03760692872646533,0.02110383048819263,0.3641162090013342,0.000916622384158875,0.0009166801405094455,0.09107195056949996,0.029355350018493792,99980
core_N128_s1,runge,1,128,5,0.0001,73,99980,0.00011651511982784439,0.0396411421866584,0.005353622446185494,0.005288637504572591,6.49849416129028e-05,0.006175900211083474,5.283270604717975e-05,5.175152700754247e-05,8.22638909673588e-05,4.3346325977966504e-05,0.00011651511982784439,0.0396411421866584,0.005353622446185494,0.005288637504572591,6.49849416129028e-05,0.006175900211083474,0.00017062207190972627,0.0001706350718479798,8.22638909673588e-05,4.3346325977966504e-05,
core_N128_s1,runge,1,128,5,0.001,73,99980,0.00011678802307437816,0.039709388496298584,0.005355047768512672,0.005290001248932058,6.50465195806138e-05,0.006184134064265328,5.285943881813787e-05,5.177632642529468e-05,8.245642203937315e-05,4.342210941184199e-05,0.00011678802307437816,0.039709388496298584,0.005355047768512672,0.005290001248932058,6.50465195806138e-05,0.006184134064265328,0.00017062207190972627,0.0001706350718479798,8.245642203937315e-05,4.342210941184199e-05,
core_N128_s1,runge,1,128,5,0.01,73,99980,0.00011954540904912123,0.04039523552108461,0.005369415204145092,0.005303748316084336,6.566688806075582e-05,0.006267057693711058,5.312803506360066e-05,5.2025398301301186e-05,8.440633687600152e-05,4.4180547647709734e-05,0.00011954540904912123,0.04039523552108461,0.005369415204145092,0.005303748316084336,6.566688806075582e-05,0.006267057693711058,0.00017062207190972627,0.0001706350718479798,8.440633687600152e-05,4.4180547647709734e-05,
core_N128_s1,runge,1,128,5,0.1,73,99980,0.00015016851361445593,0.04760149402576958,0.0055234360120128695,0.005451090506665104,7.234550534776507e-05,0.007158330655099942,5.5937868007138954e-05,5.461959478721069e-05,0.000106579076020569,-6.432782909210344e-06,0.00015016851361445593,0.04760149402576958,0.0055234360120128695,0.005451090506665104,7.234550534776507e-05,0.007158330655099942,0.00017062207190972627,0.0001706350718479798,0.000106579076020569,1.354071836014159e-05,
core_N128_s1,runge,1,128,5,1.0,73,99980,0.001132441160160686,0.16453591566589987,0.007730769114745975,0.007514431243613284,0.00021633787113269076,0.027743961227803347,9.700832328459688e-05,8.938265390717619e-05,0.0010895804486282252,0.00019146459859178955,0.001132441160160686,0.16453591566589987,0.007730769114745975,0.007514431243613284,0.00021633787113269076,0.027743961227803347,0.00017062207190972627,0.0001706350718479798,0.0010895804486282252,0.00019146459859178955,86740
core_N128_s1,runge,1,128,5,10.0,73,99980,0.003757027554638108,0.9289406037393345,0.014562024356694278,0.017276887865305443,0.002714863508611165,0.19422686812050996,2.5671170029004926e-05,2.1026419952788275e-05,0.0367286526396559,-0.002606149739422886,0.006465248785817569,1.7511164350021646,0.014562024356694278,0.017276887865305443,0.002714863508611165,0.19422686812050996,0.00021773556220404231,0.00019918206394799241,0.043338550748029614,0.002613119241059045,49160
core_N128_s1,runge,1,128,5,100.0,73,99980,0.003738622507903993,1.0005695481562487,0.012822790279559224,0.01508308565283728,0.0022602953732780567,0.16800864274655963,1.2304769355708725e-05,-2.6691237122218496e-08,0.030849913262904562,-0.00035807554577108047,0.015679693530087344,7.446912541867653,0.012822790279559224,0.015084628417658716,0.0029074304743581803,0.40569205676809417,0.0003920544010807192,0.0003880420663542581,0.03086226027811886,0.0005117070481668595,27860
core_N128_s1,moment3,1,128,5,0.0001,73,99980,7.265455673183013e-06,0.005259156314421074,-0.00019567107947369988,-0.00019002849148337664,5.6425879903232445e-06,0.0018630606330809205,4.044775709500357e-06,3.9939885230146005e-06,4.095064869257532e-06,1.1555822967412865e-06,3.13237880365792e-05,0.006874394569676613,0.0032685438547645773,0.003269925872385046,9.861875679056942e-06,0.0018630606330809205,0.0015636731871140955,0.0015638460867267463,9.929198069457423e-06,4.738474389419378e-05,
core_N128_s1,moment3,1,128,5,0.001,73,99980,7.277904552207562e-06,0.005266366516928718,-0.00019637510173400874,-0.0001907991672181475,5.575934515861247e-06,0.0018631671125977688,4.1161465395960645e-06,4.064826183638269e-06,4.095974010155326e-06,-4.743302266164984e-05,3.13237880365792e-05,0.006874620596200412,0.003267010157173081,0.003268390577391825,9.83051526187717e-06,0.0018631671125977688,0.0015644248703936506,0.0015645976579514726,9.925742317615223e-06,4.743302266164984e-05,
core_N128_s1,moment3,1,128,5,0.01,73,99980,7.404381838668868e-06,0.005339406876224856,-0.00020330778248368875,-0.00019733717760997416,5.970604873714591e-06,0.0018643694018355592,3.0318196880800478e-06,2.979552258993659e-06,4.104964359730344e-06,5.5495450543702196e-05,3.13237880365792e-05,0.006876461787732675,0.0032511750024486336,0.0032525396401433815,9.759739910353282e-06,0.0018643694018355592,0.0014950202212287752,0.001495196729332371,9.891152285234728e-06,5.5495450543702196e-05,
core_N128_s1,moment3,1,128,5,0.1,73,99980,8.831791218454006e-06,0.006137792687022258,-0.00023659143196080867,-0.0002345812263774144,2.0102055833942645e-06,0.0018888096708487823,5.724010570342838e-06,5.629454612434147e-06,4.187922464476263e-06,-6.451765082475525e-05,3.13237880365792e-05,0.006915972602825822,0.003056851038197264,0.0030578627220988613,1.0634957131147593e-05,0.0018888096708487823,0.001413477304392809,0.0014136512242688374,9.556679841583102e-06,6.451765082475525e-05,
core_N128_s1,moment3,1,128,5,1.0,73,99980,2.7066853422737303e-05,0.013930245937600522,-0.0003655998773117314,-0.0003873821596338811,2.1782282322149737e-05,0.0025498366125947004,1.864243902553064e-05,1.818165466010805e-05,6.25136237738527e-06,-0.0001276220147139323,3.13237880365792e-05,0.013930245937600522,0.0016035461258257777,0.001603997642447244,2.1782282322149737e-05,0.0025498366125947004,0.00136253843809631,0.0013627387171455117,7.5682135419279616e-06,0.0001276220147139323,
core_N128_s1,moment3,1,128,5,10.0,73,99980,0.011260100101509418,1.558285113699841,0.05081956529895047,0.04810232400295224,0.002717241295998235,0.9234741336535051,0.00010416272388645376,0.0006598321723979752,0.16079417874746393,0.004528355408304985,0.011260100101509418,1.558285113699841,0.05081956529895047,0.04810232400295224,0.019753601037484705,1.1446161142701794,0.0017271434558877494,0.0017272268847622065,0.18856617572457268,0.020355002165816455,75260
core_N128_s1,moment3,1,128,5,100.0,73,99980,0.0017165392469592256,1.355778267728774,0.0350666102645418,0.06708419583755877,0.03201758557301697,0.7687650852986264,2.9346228689927448e-05,3.6457009866669636e-05,0.00870792510113055,0.04222384898813421,0.03094092671508975,2.8705445783735,0.0350666102645418,0.06708419583755877,0.03201758557301697,0.7687650852986264,0.0016849153328402308,0.0021541418635467155,0.15895968888524062,0.04222384898813421,27860
core_N128_s1,moment5,1,128,5,0.0001,73,99980,3.6771162242836873e-06,0.1594718588408299,0.0037034877252002663,0.0037142835514220734,1.0795826221807192e-05,0.0007328966994273248,2.7592541248610945e-07,3.316868625635517e-07,2.123882177267827e-06,-2.6507060590152953e-05,1.906439999246207e-05,0.1594718588408299,0.0037034877252002663,0.0037142835514220734,1.0795826221807192e-05,0.0007328966994273248,0.001533058198223155,0.0015330989797180154,5.998086295619036e-06,2.6507060590152953e-05,6740
core_N128_s1,moment5,1,128,5,0.001,73,99980,3.676163155671169e-06,0.15950998090209528,0.0037013766960087013,0.003712161164516184,1.0784468507482603e-05,0.0007327076307750906,2.7580285603230457e-07,3.3150746655896954e-07,2.1222698517597716e-06,-2.649898355946978e-05,1.906439999246207e-05,0.15950998090209528,0.0037013766960087013,0.003712161164516184,1.0784468507482603e-05,0.0007327076307750906,0.001533191351684206,0.001533232000790223,5.994926801046104e-06,2.649898355946978e-05,6740
core_N128_s1,moment5,1,128,5,0.01,73,99980,3.6666307801867445e-06,0.15988898197759535,0.0036798582096281146,0.0036905305146764794,1.0672305048364805e-05,0.0007308167135366676,2.7457139422388974e-07,3.297144424944362e-07,2.1062745334491196e-06,-2.6417093509173428e-05,1.906439999246207e-05,0.15988898197759535,0.0036798582096281146,0.0036905305146764794,1.0672305048364805e-05,0.0007308167135366676,0.0014864488199735626,0.0014864904243596087,5.963569775784582e-06,2.6417093509173428e-05,6740
core_N128_s1,moment5,1,128,5,0.1,73,99980,3.572501539493559e-06,0.16346857038045912,0.0034335707736391913,0.0034432497688330344,9.678995193843076e-06,0.0007121481990658861,2.620747638080863e-07,3.1222618669142015e-07,1.9587330366861246e-06,-2.2632966319699466e-05,1.906439999246207e-05,0.16346857038045912,0.0034335707736391913,0.0034432497688330344,9.678995193843076e-06,0.0007121481990658861,0.001453128420210988,0.0014531719733788782,5.678637995585327e-06,2.2632966319699466e-05,6740
core_N128_s1,moment5,1,128,5,1.0,73,99980,2.9638992528194543e-06,0.18488096047488328,0.0018261166684572089,0.0018335826912550535,7.466022797844585e-06,0.0005908461831161044,2.3075910683789348e-07,2.691799755264648e-07,1.2299732117327654e-06,8.901763048907441e-07,1.906439999246207e-05,0.18488096047488328,0.0018261166684572089,0.0018335826912550535,7.466022797844585e-06,0.0005908461831161044,0.0013717712557371428,0.001371894901614298,4.336934964825994e-06,8.901763048907441e-07,3820
core_N128_s1,moment5,1,128,5,10.0,73,99980,2.2675425550156657e-06,0.20644027352035313,0.0005163752456237014,0.0005212959591914118,4.9207135677104e-06,0.00044895010560412727,1.7285558996258535e-07,1.9813325572947728e-07,7.32862301827629e-07,-2.397755117233835e-07,1.906439999246207e-05,0.20644027352035313,0.0005163752456237014,0.0005212959591914118,4.9207135677104e-06,0.00044895010560412727,0.0017598069726548029,0.0017598325072816763,3.1860698388089604e-06,2.397755117233835e-07,700
core_N128_s1,moment5,1,128,5,100.0,73,99980,2.1919496879593386e-06,0.2149233617870079,8.191512788828514e-05,8.65981802066762e-05,4.683052318391057e-06,0.00042520795021658715,1.6741338706417073e-07,1.9276361624209644e-07,2.2081909555013425e-06,5.354927511691532e-07,1.906439999246207e-05,0.2149233617870079,8.191512788828514e-05,8.65981802066762e-05,4.683052318391057e-06,0.00042520795021658715,0.0017175204768702,0.0017175472459249855,3.1760866184048016e-06,5.354927511691532e-07,80
core_N128_s1,moment9,1,128,5,0.0001,73,99980,8.427510476581895e-08,0.007539685299442516,0.0036249933027994036,0.003625090880514506,9.757771510243707e-08,3.816864241031368e-05,-1.2195135967085487e-07,-1.2094047845000826e-07,2.009723682651715e-06,-2.3590352966479378e-06,1.7271711191618205e-05,0.0077158201912798,0.0036473150422557665,0.0036472250400827327,9.757771510243707e-08,3.816864241031368e-05,0.0015327714364823848,0.0015327754332562088,5.44667545901774e-06,2.3590352966479378e-06,
core_N128_s1,moment9,1,128,5,0.001,73,99980,8.420364105888963e-08,0.007539598196800136,0.00362296023610216,0.0036230570871034207,9.685100126055612e-08,3.8132591603723936e-05,-1.2167460065813223e-07,-1.20665792471839e-07,2.008081757865252e-06,-2.356408332682136e-06,1.7271711191618205e-05,0.007715748610668577,0.0036452321955480066,0.0036451418513668704,9.685100126055612e-08,3.8132591603723936e-05,0.0015329046343926615,0.0015329085053778335,5.443608282983435e-06,2.356408332682136e-06,
core_N128_s1,moment9,1,128,5,0.01,73,99980,8.349493591294652e-08,0.007538720615416346,0.003602211443369946,0.0036023012046902253,8.976132027938011e-08,3.7776008523138405e-05,-1.1896437783795058e-07,-1.1797592153324476e-07,1.9918387392395983e-06,-2.330413264292619e-06,1.7271711191618205e-05,0.007714982807082274,0.003623995439273997,0.003623901782568023,9.874971730605697e-08,3.7776008523138405e-05,0.001486160245262615,0.001486164860045497,5.4132195673355145e-06,2.330413264292619e-06,
core_N128_s1,moment9,1,128,5,0.1,73,99980,7.698237285541712e-08,0.007529963945757399,0.0033627182922704585,0.0033627520005794775,3.370830901905375e-08,3.456547490940783e-05,-9.67139487055387e-08,-9.58964033128077e-08,1.8454519934002616e-06,-2.1257125995682857e-06,1.7271711191618205e-05,0.007710686834765037,0.003380590004484818,0.0033804700428209516,1.2276717112347235e-07,3.456547490940783e-05,0.0014528550567882552,0.00145286406409938,5.133856732661848e-06,2.1257125995682857e-06,
core_N128_s1,moment9,1,128,5,1.0,73,99980,4.53737542311407e-08,0.007528433410460216,0.0017679439606501368,0.0017679755787351897,3.1618085052920186e-08,1.9447686495867428e-05,-6.302154055617858e-08,-6.258411755397199e-08,1.1653205684273442e-06,-9.095749417542542e-09,1.7271711191618205e-05,0.007767937190753329,0.0017800317784363306,0.0017799784437922128,5.410065430366817e-08,1.9447686495867428e-05,0.0013717359897209161,0.0013718489244676604,3.892651934005594e-06,7.503959171262231e-07,
core_N128_s1,moment9,1,128,5,10.0,73,99980,2.1497158527353837e-08,0.007629200134195946,0.000474198438741108,0.0004742317760282888,3.333728718080131e-08,6.252691472576317e-06,-3.975874294576911e-08,-3.954701284766153e-08,6.337228773096667e-07,-4.570235981327109e-09,1.7271711191618205e-05,0.008094061501084654,0.0004821303518504627,0.00048212104581048243,3.333728718080131e-08,6.252691472576317e-06,0.001759674736561945,0.0017596874464381206,2.897324772813723e-06,1.027178425233588e-07,
core_N128_s1,moment9,1,128,5,100.0,73,99980,1.5792666471082258e-08,0.007556278941446829,4.2497160033280745e-05,4.253090763797762e-05,3.374760469687654e-08,3.6290268319107628e-06,-3.424193750217335e-08,-3.407682374416124e-08,5.111896847466367e-07,3.1015686158264444e-08,1.7271711191618205e-05,0.008209862161973062,4.953728256983092e-05,4.953614055729083e-05,3.374760469687654e-08,3.6290268319107628e-06,0.0017173979701777407,0.0017174134212090586,2.919952094482377e-06,3.2327342427973527e-08,
core_N128_s1,sine,1,128,7,0.0001,73,99980,1.2306310454176733e-07,0.0002179366895941689,0.0008102640907442921,0.0008100326797255836,2.314110187084939e-07,2.943001225447481e-05,-2.7816383132169626e-06,-2.7822715715245475e-06,6.397452477649614e-08,-1.6833569943669469e-06,5.208500341592282e-07,0.0002673595518707388,0.0016960378964868406,0.0016960226061950856,2.314110187084939e-07,2.943001225447481e-05,0.0006665084035940067,0.0006665048530732787,2.1831978126948031e-07,1.6833569943669469e-06,
core_N128_s1,sine,1,128,7,0.001,73,99980,1.2305008706279514e-07,0.00021790994396642715,0.000808642200005899,0.0008084110718442894,2.3112816160963945e-07,2.9421895802517656e-05,-2.7738723772183506e-06,-2.7745041565878884e-06,6.392315493006131e-08,-1.6820238332854176e-06,5.208500341592282e-07,0.0002672892619370271,0.001693876726625368,0.0016938614502559624,2.3112816160963945e-07,2.9421895802517656e-05,0.0006667022845206836,0.000666698735518813,2.1815774242107808e-07,1.6820238332854176e-06,
core_N128_s1,sine,1,128,7,0.01,73,99980,1.2292336184359355e-07,0.00021764829721633444,0.0007923953118388616,0.0007921669676667353,2.2834417212624913e-07,2.9342015439217624e-05,-2.697286086670935e-06,-2.697903291595367e-06,6.341733848405118e-08,2.955427334250249e-07,5.208500341592282e-07,0.0002665911001013404,0.0016723363871518765,0.0016723212473187532,2.2834417212624913e-07,2.9342015439217624e-05,0.0006686210191879783,0.0006686174853118025,2.165548675044488e-07,2.955427334250249e-07,
core_N128_s1,sine,1,128,7,0.1,73,99980,1.219438832189022e-07,0.00021551479704700515,0.0006288832414574619,0.0006286788762390333,2.0436521842859268e-07,2.8653492212204526e-05,-2.0262662212895275e-06,-2.026756379889894e-06,5.904595580914946e-08,2.628367559848188e-07,5.208500341592282e-07,0.0002609824414692791,0.0015157969687672468,0.001515780807442857,2.0436521842859268e-07,2.8653492212204526e-05,0.0006858764256793913,0.0006858730370149806,2.0264761462491622e-07,2.628367559848188e-07,
core_N128_s1,sine,1,128,7,1.0,73,99980,1.227378425526324e-07,0.00021244413082753137,-0.00027495087121205686,-0.0002751232325372416,1.7236132518472225e-07,2.6021772716035594e-05,-2.692461108211369e-06,-2.6926670109999614e-06,4.313394601869202e-08,1.1319255364961034e-07,5.208500341592282e-07,0.00023876547466512987,0.001029377973240736,0.0010293699958852376,1.8863388273615556e-07,2.6021772716035594e-05,0.0007782611114897168,0.0007782582706465787,1.4447866391946374e-07,6.829102436878287e-07,
core_N128_s1,sine,1,128,7,10.0,73,99980,2.6884699631425487e-07,0.0003604877440495064,-0.0002885842868679128,-0.00028859163906833074,7.352200417920507e-09,3.1950429517780755e-05,4.033460312025212e-06,4.03501272405491e-06,7.080552815474392e-08,6.156818009722675e-07,5.208500341592282e-07,0.0003604877440495064,0.0003960964874964168,0.00039616110984722064,7.686536088180596e-08,3.1950429517780755e-05,0.0008609011145063601,0.0008608985327980405,1.0061083634783948e-07,6.156818009722675e-07,
core_N128_s1,sine,1,128,7,100.0,73,99980,0.026819152200280437,1.0845951196635177,0.0165030982382727,0.015007369347152175,0.0014957288911205263,0.5523803252933104,3.3433786340239155e-05,4.018471070797551e-05,0.026381077313792616,0.0022896103903989884,0.026819152200280437,1.0845951196635177,0.0165030982382727,0.015007369347152175,0.0014957288911205263,0.5523803252933104,0.000916622384158875,0.0009166200526109988,0.026381077313792616,0.0022896103903989884,99980
core_N128_s1,runge,1,128,7,0.0001,73,99980,1.9499276387885676e-05,0.006634105418860878,0.005353622446185494,0.005359978811947622,6.356365762127947e-06,0.0007459176749010703,5.283270604717975e-05,5.29806444113194e-05,1.0469335192222539e-05,-3.496751670162279e-06,1.9499276387885676e-05,0.006634105418860878,0.005353622446185494,0.005359978811947622,6.356365762127947e-06,0.0007459176749010703,0.00017062207190972627,0.0001706216360159313,1.0469335192222539e-05,3.496751670162279e-06,
core_N128_s1,runge,1,128,7,0.001,73,99980,1.9552023936174672e-05,0.006647932672651099,0.005355047768512672,0.005361413024564998,6.365256052326407e-06,0.0007471675529615055,5.285943881813787e-05,5.300773211336118e-05,1.0499420737839312e-05,-3.5063870087725935e-06,1.9552023936174672e-05,0.006647932672651099,0.005355047768512672,0.005361413024564998,6.365256052326407e-06,0.0007471675529615055,0.00017062207190972627,0.0001706216360159313,1.0499420737839312e-05,3.5063870087725935e-06,
core_N128_s1,runge,1,128,7,0.01,73,99980,2.00866350319603e-05,0.006787415421437882,0.005369415204145092,0.005375870215879,6.455011733907945e-06,0.0007597865296164011,5.312803506360066e-05,5.3279924680615466e-05,1.080501680126893e-05,-3.6033356086706547e-06,2.00866350319603e-05,0.006787415421437882,0.005369415204145092,0.005375870215879,6.455011733907945e-06,0.0007597865296164011,0.00017062207190972627,0.0001706216360159313,1.080501680126893e-05,3.6033356086706547e-06,
core_N128_s1,runge,1,128,7,0.1,73,99980,2.622210794289562e-05,0.008312072115140602,0.0055234360120128695,0.005530880070206523,7.444058193653569e-06,0.0008990020262375214,5.5937868007138954e-05,5.613089820657077e-05,1.4390102942669496e-05,2.695725336954169e-06,2.622210794289562e-05,0.008312072115140602,0.0055234360120128695,0.005530880070206523,7.444058193653569e-06,0.0008990020262375214,0.00017062207190972627,0.0001706216360159313,1.4390102942669496e-05,2.695725336954169e-06,
core_N128_s1,runge,1,128,7,1.0,73,99980,0.0003745611674019131,0.05442116272303053,0.007730769114745975,0.007770839235333227,4.007012058725168e-05,0.0058224590061336364,9.700832328459688e-05,9.936671166269456e-05,0.00029128169888230436,-3.772195413431767e-05,0.0003745611674019131,0.05442116272303053,0.007730769114745975,0.007770839235333227,4.007012058725168e-05,0.0058224590061336364,0.00017062207190972627,0.0001706216360159313,0.00029128169888230436,3.772195413431767e-05,99980
core_N128_s1,runge,1,128,7,10.0,73,99980,0.002917634375658176,0.7213971681066391,0.014562024356694278,0.013140258203700184,0.0014217661529940945,0.24488455287794533,2.5671170029004926e-05,1.3391825862639702e-05,0.008068107029613053,-0.0008872401016724457,0.0086343415549622,0.7213971681066391,0.014562024356694278,0.013140258203700184,0.0014217661529940945,0.24488455287794533,0.00021773556220404231,0.000224147109501971,0.011346939899749301,0.0008872401016724457,56660
core_N128_s1,runge,1,128,7,100.0,73,99980,0.0018774183051382238,0.5024544685378173,0.012822790279559224,0.012736395350089594,8.639492946962979e-05,0.15663458112600465,1.2304769355708725e-05,6.840522130083157e-06,0.002148389081410312,-0.0005473218699899446,0.0018774183051382238,0.5024544685378173,0.012822790279559224,0.012736395350089594,0.00012138250130794281,0.15663458112600465,0.0003920544010807192,0.0003926239829173655,0.002148389081410312,0.0005473218699899446,27860
core_N128_s1,moment3,1,128,7,0.0001,73,99980,3.6190647904160523e-07,0.0002619688055501832,-0.00019567107947369988,-0.0001963116372577095,6.40557784009621e-07,0.00012322795732620115,4.044775709500357e-06,4.046042885400133e-06,1.7586561063459844e-07,-5.2671666417314356e-08,1.6435889586278367e-06,0.0005499833915946238,0.0032685438547645773,0.003268446200480224,7.7896438212266e-07,0.00012322795732620115,0.0015636731871140955,0.0015636612595031308,4.802731208517149e-07,1.3380162638965132e-06,
core_N128_s1,moment3,1,128,7,0.001,73,99980,3.625742598034179e-07,0.0002623624599679248,-0.00019637510173400874,-0.00019701220647883044,6.371047448217038e-07,0.0001231894135001157,4.1161465395960645e-06,4.117440184917353e-06,1.758645860172142e-07,-1.6819720453919995e-07,1.6435889586278367e-06,0.0005499145351727786,0.003267010157173081,0.003266912596030583,7.765953264488035e-07,0.0001231894135001157,0.0015644248703936506,0.001564412948602188,4.800921401544011e-07,1.3301881632149515e-06,
core_N128_s1,moment3,1,128,7,0.01,73,99980,3.694078984499471e-07,0.0002663853804533148,-0.00020330778248368875,-0.0002039592285566355,6.514460729467597e-07,0.00012281718061573737,3.0318196880800478e-06,3.0332074716579923e-06,1.7587016441726935e-07,-1.6782013512323113e-06,1.6435889586278367e-06,0.0005491941693910864,0.0032511750024486336,0.0032510783630329276,7.531176660496852e-07,0.00012281718061573737,0.0014950202212287752,0.0014950076382067839,4.782695622989388e-07,1.6782013512323113e-06,
core_N128_s1,moment3,1,128,7,0.1,73,99980,4.514244700084474e-07,0.000313724559630811,-0.00023659143196080867,-0.00023701735607067898,4.259241098703015e-07,0.00012033243843396354,5.724010570342838e-06,5.7276824201447965e-06,1.7723369471727545e-07,2.8864308977277764e-06,1.6435889586278367e-06,0.0005457629142225216,0.003056851038197264,0.0030567769101590564,7.025059599596872e-07,0.00012033243843396354,0.001413477304392809,0.00141346518940221,4.6029147692596764e-07,2.8864308977277764e-06,
core_N128_s1,moment3,1,128,7,1.0,73,99980,1.7535847510464143e-06,0.0009025011689752638,-0.0003655998773117314,-0.0003644826968013243,1.1171805104071009e-06,0.00015410950371390193,1.864243902553064e-05,1.8669259108535365e-05,2.9544709149258656e-07,5.181792359199022e-06,1.7535847510464143e-06,0.0009025011689752638,0.0016035461258257777,0.0016035145500664372,1.1171805104071009e-06,0.00015410950371390193,0.00136253843809631,0.0013625301302903916,3.4386534916553463e-07,5.181792359199022e-06,
core_N128_s1,moment3,1,128,7,10.0,73,99980,0.004840862006099598,0.6699268331166037,0.05081956529895047,0.02923314687652369,0.021586418422426784,0.5398232858762791,0.00010416272388645376,0.0001833014071752169,0.04232773070579148,-0.029093133411089434,0.004840862006099598,0.6699268331166037,0.05081956529895047,0.02923314687652369,0.023729665216927237,0.6807952861087013,0.0017271434558877494,0.001727138652741079,0.051369842406936185,0.031849564772914826,86740
core_N128_s1,moment3,1,128,7,100.0,73,99980,0.0008464977344671156,0.668591314824402,0.0350666102645418,0.028188817014083226,0.006877793250458578,0.12162089316144788,2.9346228689927448e-05,1.5177610415507548e-05,0.016066913333364134,-0.010602305992543151,0.034997058945824645,1.1086945620206166,0.0350666102645418,0.028188817014083226,0.006877793250458578,0.1630590072116845,0.0016849153328402308,0.0016849109622766732,0.039744559078271936,0.010602305992543151,32120
core_N128_s1,moment5,1,128,7,0.0001,73,99980,4.263977301483359e-07,0.01849232781471627,0.0037034877252002663,0.0037024845512229204,1.0031739773458392e-06,8.51358652702186e-05,2.7592541248610945e-07,2.7081099643952687e-07,1.2798663280671273e-07,2.1073237148477864e-06,9.891644056972796e-07,0.01854453061123537,0.0037034877252002663,0.0037024845512229204,1.0031739773458392e-06,8.51358652702186e-05,0.001533058198223155,0.001533053750147953,2.7721350990498377e-07,2.1073237148477864e-06,
core_N128_s1,moment5,1,128,7,0.001,73,99980,4.2629220343896713e-07,0.01849696500123025,0.0037013766960087013,0.0037003745175168967,1.0021784918046173e-06,8.51145103760716e-05,2.7580285603230457e-07,2.7069344440050544e-07,1.2792300047789284e-07,2.106585194477928e-06,9.891644056972796e-07,0.018549133021592265,0.0037013766960087013,0.0037003745175168967,1.0021784918046173e-06,8.51145103760716e-05,0.001533191351684206,0.0015331869105183668,2.7708429159947406e-07,2.106585194477928e-06,
core_N128_s1,moment5,1,128,7,0.01,73,99980,4.2523011181562384e-07,0.0185428023055423,0.0036798582096281146,0.0036788658687919584,9.923408361561803e-07,8.489963440693962e-05,2.7457139422388974e-07,2.6951144597143973e-07,1.2729006113072355e-07,2.0991236804879243e-06,9.891644056972796e-07,0.018594610077774305,0.0036798582096281146,0.0036788658687919584,9.923408361561803e-07,8.489963440693962e-05,0.0014864488199735626,0.0014864443454331178,2.7579405149090725e-07,2.0991236804879243e-06,
core_N128_s1,moment5,1,128,7,0.1,73,99980,4.1423268467045545e-07,0.01895423249489714,0.0034335707736391913,0.003432666129927764,9.046437114273997e-07,8.267892242635067e-05,2.620747638080863e-07,2.5745639551801933e-07,1.2131330424643578e-07,1.8604557977391911e-06,9.891644056972796e-07,0.01900152716335566,0.0034335707736391913,0.003432666129927764,9.046437114273997e-07,8.267892242635067e-05,0.001453128420210988,0.0014531240492167436,2.6310463395261957e-07,1.8604557977391911e-06,
core_N128_s1,moment5,1,128,7,1.0,73,99980,3.345294743604943e-07,0.02086715007876602,0.0018261166684572089,0.001825445312944346,6.713555128629034e-07,6.665491268444159e-05,2.3075910683789348e-07,2.273385442230505e-07,8.799540971909218e-08,-7.693033508837654e-08,9.891644056972796e-07,0.02086715007876602,0.0018261166684572089,0.001825445312944346,6.713555128629034e-07,6.665491268444159e-05,0.0013717712557371428,0.0013717661876945756,1.9351667327455589e-07,7.693033508837654e-08,
core_N128_s1,moment5,1,128,7,10.0,73,99980,2.41318876910613e-07,0.021970011034570067,0.0005163752456237014,0.0005159698618553005,4.053837684009354e-07,4.786285079323577e-05,1.7285558996258535e-07,1.7078658932979852e-07,6.61990766223042e-08,2.1574553504821736e-08,9.891644056972796e-07,0.021970011034570067,0.0005163752456237014,0.0005159698618553005,4.053837684009354e-07,4.786285079323577e-05,0.0017598069726548029,0.0017598051671134352,1.265211294807369e-07,2.1574553504821736e-08,
core_N128_s1,moment5,1,128,7,100.0,73,99980,2.287762311774222e-07,0.022431790734845268,8.191512788828514e-05,8.154624243141007e-05,3.688854568750788e-07,4.467857392749672e-05,1.6741338706417073e-07,1.6545508253579625e-07,2.004374234708672e-07,3.701052261884108e-08,9.891644056972796e-07,0.022431790734845268,8.191512788828514e-05,8.154624243141007e-05,3.688854568750788e-07,4.467857392749672e-05,0.0017175204768702,0.0017175187945084312,2.004374234708672e-07,3.701052261884108e-08,
core_N128_s1,moment9,1,128,7,0.0001,73,99980,6.162453454472852e-09,0.0005513248526750283,0.0036249933027994036,0.003624979418112101,1.3884687302678778e-08,2.553509320538897e-06,-1.2195135967085487e-07,-1.2202650988634206e-07,1.0351650864435456e-07,1.1045902910400418e-07,8.110700345208292e-07,0.0005630521667944416,0.0036473150422557665,0.0036473150743195765,1.3884687302678778e-08,2.553509320538897e-06,0.0015327714364823848,0.001532770362969781,2.2890666636724776e-07,1.1045902910400418e-07,
core_N128_s1,moment9,1,128,7,0.001,73,99980,6.156703734800128e-09,0.0005512715577782144,0.00362296023610216,0.0036229463973517506,1.3838750409500555e-08,2.5508796970343365e-06,-1.2167460065813223e-07,-1.217496137824607e-07,1.034343654385768e-07,1.1033544389249528e-07,8.110700345208292e-07,0.0005629959400366343,0.0036452321955480066,0.0036452322480932386,1.3838750409500555e-08,2.5508796970343365e-06,0.0015329046343926615,0.0015329035672175496,2.2877564940861455e-07,1.1033544389249528e-07,
core_N128_s1,moment9,1,128,7,0.01,73,99980,6.0996989071449926e-09,0.000550739100477546,0.003602211443369946,0.0036021980540313497,1.338933859618141e-08,2.524862900637448e-06,-1.1896437783795058e-07,-1.1903804344412261e-07,1.0262145620304129e-07,1.091111962031599e-07,8.110700345208292e-07,0.0005624311126622637,0.003623995439273997,0.003623995691099696,1.338933859618141e-08,2.524862900637448e-06,0.001486160245262615,0.00148615916048603,2.2747114624744422e-07,1.091111962031599e-07,
core_N128_s1,moment9,1,128,7,0.1,73,99980,5.577714552242466e-09,0.0005455793049792525,0.0033627182922704585,0.003362708554987409,9.73728304931587e-09,2.290450902529393e-06,-9.67139487055387e-08,-9.677620772521729e-08,9.526866301532391e-08,1.0114032682195795e-07,8.110700345208292e-07,0.0005571903623120283,0.003380590004484818,0.003380591942947195,9.73728304931587e-09,2.290450902529393e-06,0.0014528550567882552,0.0014528538343374221,2.1597939744459898e-07,1.0114032682195795e-07,
core_N128_s1,moment9,1,128,7,1.0,73,99980,3.1343846734986175e-09,0.0005200584941020032,0.0017679439606501368,0.0017679384615403582,5.499109778650535e-09,1.2217581316982831e-06,-6.302154055617858e-08,-6.3055244838724e-08,6.02208602940858e-08,-5.061070451617411e-10,8.110700345208292e-07,0.000533703512101766,0.0017800317784363306,0.0017800328109239677,5.499109778650535e-09,1.2217581316982831e-06,0.0013717359897209161,0.0013717318175180083,1.5752910867296204e-07,3.042973348299505e-08,
core_N128_s1,moment9,1,128,7,10.0,73,99980,1.4253584979951783e-09,0.000505850353680241,0.000474198438741108,0.0004741956906688244,2.7480722836203952e-09,3.90626951681465e-07,-3.975874294576911e-08,-3.9773438867459764e-08,3.0947110717554645e-08,1.7812951114137832e-10,8.110700345208292e-07,0.0005316394020041185,0.0004821303518504627,0.0004821305580434282,2.7480722836203952e-09,3.90626951681465e-07,0.001759674736561945,0.0017596739538723002,1.0461411662963942e-07,2.736000384584436e-09,
core_N128_s1,moment9,1,128,7,100.0,73,99980,1.068769107150013e-09,0.0005113713705291173,4.2497160033280745e-05,4.249485475360526e-05,2.3052796754852167e-09,2.3921919766007413e-07,-3.424193750217335e-08,-3.4253054698470965e-08,2.3478495434588074e-08,-3.0800563211030862e-09,8.110700345208292e-07,0.0005336921900465247,4.953728256983092e-05,4.953731071563605e-05,2.3052796754852167e-09,2.3921919766007413e-07,0.0017173979701777407,0.0017173971558368008,1.0151452794097194e-07,3.0800563211030862e-09,
core_N128_s2,sine,2,128,1,0.0001,73,99980,0.0005611319573145215,1.000000000000002,-0.0008635536824096735,0.0011416170887838806,0.002005170771193554,0.12867995675997648,-7.987831627435915e-06,3.839170501556503e-18,0.0007603013428021664,0.001812673177584323,0.005716621012702186,1.0000043307406505,0.001102092460732354,0.0011416170887838806,0.002005170771193554,0.12867995675997648,0.0006976201721592518,0.0007205798342060066,0.0033488382763180017,0.001812673177584323,1620
core_N128_s2,sine,2,128,1,0.001,73,99980,0.0005610729954005602,1.0000000000000022,-0.0008625553593495094,0.0011408774571663866,0.002003432816515896,0.12866125804890938,-7.974516860574145e-06,3.844281914621041e-18,0.0007600471829128225,0.0017422152828472787,0.005716621012702186,1.0000051026881511,0.001101532095730759,0.0011408774571663866,0.002003432816515896,0.12866125804890938,0.0006976201721592518,0.0007205798342060066,0.003348315589481355,0.0017422152828472787,1620
core_N128_s2,sine,2,128,1,0.01,73,99980,0.0005604921500375735,1.0000000000000044,-0.0008529927448269331,0.0011365058497974367,0.00198949859462437,0.12847642491320402,-7.842954272871053e-06,3.5123559424358504e-18,0.0007575109614589832,0.0010446082035623083,0.005716621012702186,1.0000118942504903,0.0010957221810879852,0.0011365058497974367,0.00198949859462437,0.12847642491320402,0.0006976201721592518,0.0007205798342060066,0.003343076099257674,0.0015197558897182967,1620
core_N128_s2,sine,2,128,1,0.1,73,99980,0.0005554982033778454,1.0000000000000613,-0.0007934814621552294,0.0011084376941030566,0.001901919156258286,0.12683032626654564,-6.671858793654211e-06,7.896421596655109e-18,0.0007328562189985599,0.0007726026807065994,0.005716621012702186,1.0004521690119106,0.0010632145972779422,0.0011084376941030566,0.001901919156258286,0.12683032626654564,0.0006976201721592518,0.0007205798342060066,0.0032886000672253373,0.001344412690268526,1420
core_N128_s2,sine,2,128,1,1.0,73,99980,0.000542157360790941,1.0000000000002707,-0.0007109687259967828,0.0009187396579733859,0.0016297083839701687,0.1204196285056784,-5.072835433681141e-06,7.25357904278951e-18,0.0005762329287404842,-0.00013596157861374414,0.005716621012702186,1.0175699439838484,0.000899921369584944,0.0009187396579733859,0.0016297083839701687,0.1204196285056784,0.0007124237320404364,0.00072440006750062,0.0030015400959415637,0.001250653648264502,920
core_N128_s2,sine,2,128,1,10.0,73,99980,0.0006383107021529001,1.000000000000043,-0.0005523545828392262,0.00018538331065405533,0.0007377378934932816,0.11971930998486728,2.323897977260141e-06,1.0202703239103272e-18,0.00041519007606471926,-7.566431934107054e-05,0.005716621012702186,1.0746610570563646,0.0005920824353350812,0.00018538331065405533,0.0007774657459891365,0.11971930998486728,0.0006976201721592518,0.0007205798342060066,0.002709274319343389,7.566431934107054e-05,200
core_N128_s2,sine,2,128,1,100.0,73,99980,0.01999009882601379,1.0,0.0172808458429079,2.167787991115555e-05,0.017259167962996744,1.1678816733761315,4.2892230596236755e-05,-0.0,0.10702308651862398,-0.011420775505848427,0.01999009882601379,1.065395224981473,0.0172808458429079,2.167787991115555e-05,0.017259167962996744,1.1678816733761315,0.0007438466670197554,0.0007492240578103562,0.10702308651862398,0.011420775505848427,19
core_N128_s2,runge,2,128,1,0.0001,73,99980,0.0031806868105757505,0.9999999999999982,0.008087575695898755,-8.77227263249708e-05,0.008175298422223726,0.45126877818840083,6.811726412317166e-05,-1.2940354176662944e-18,0.0037407361915763214,-0.0006745924780980628,0.0031806868105757505,0.9999999999999982,0.008087575695898755,8.77227263249708e-05,0.008175298422223726,0.45126877818840083,6.811726412317166e-05,5.838493728837103e-05,0.0037407361915763214,0.0011765849752616159,0
core_N128_s2,runge,2,128,1,0.001,73,99980,0.003182006982054058,0.9999999999999983,0.008087795364985828,-8.753626178724383e-05,0.008175331626773072,0.4513202598798305,6.813848630515153e-05,-1.2927780529117528e-18,0.003742568304430272,-0.00066417730076751,0.003182006982054058,0.9999999999999983,0.008087795364985828,8.753626178724383e-05,0.008175331626773072,0.4513202598798305,6.813848630515153e-05,5.838493728837103e-05,0.003742568304430272,0.0011765787973637282,0
core_N128_s2,runge,2,128,1,0.01,73,99980,0.0031952484009815634,0.9999999999999982,0.008090231165629874,-8.570893469765639e-05,0.00817594010032753,0.4518369021858819,6.835208993361539e-05,-1.280393012112909e-18,0.0037609734600624984,-0.0005621860508325527,0.0031952484009815634,0.9999999999999982,0.008090231165629874,8.570893469765639e-05,0.00817594010032753,0.4518369021858819,6.835208993361539e-05,5.838493728837103e-05,0.0037609734600624984,0.0011790561991474463,0
core_N128_s2,runge,2,128,1,0.1,73,99980,0.003331889214591409,0.999999999999998,0.00813586941058514,-7.056410088518428e-05,0.008206433511470324,0.4571966486254263,7.06172998777872e-05,-1.1903646770276337e-18,0.003953507595497277,0.00027691742767757543,0.003331889214591409,0.999999999999998,0.00813586941058514,7.056410088518428e-05,0.008206433511470324,0.4571966486254263,7.06172998777872e-05,5.838493728837103e-05,0.003953507595497277,0.0012521855304448298,0
core_N128_s2,runge,2,128,1,1.0,73,99980,0.005257296748615816,0.999999999999998,0.009609044236759234,-2.313024687498888e-05,0.009632174483634223,0.5310176276114981,0.00010262936483622537,-9.700099862897812e-19,0.0068824631973796,0.0014753990398240074,0.005257296748615816,0.999999999999998,0.009609044236759234,2.313024687504439e-05,0.009632174483634223,0.5310176276114981,0.00010262936483622537,5.838493728837103e-05,0.0068824631973796,0.0015250145524135644,0
core_N128_s2,runge,2,128,1,10.0,73,99980,0.0026817774937653383,0.9999999999999997,0.018249923987275873,-2.6356530777316145e-06,0.018252559640353605,1.150219543000553,1.0857376558185867e-05,-2.236731847034831e-20,0.11136937808431335,0.0017736725400342573,0.017610175809446328,1.0000000000000002,0.018249923987275873,2.6356530777316145e-06,0.018252559640353605,1.150219543000553,0.0002536939056328889,5.838493728837103e-05,0.11136937808431335,0.0021769541109880053,0
core_N128_s2,runge,2,128,1,100.0,73,99980,0.0030144862265527547,1.0,0.01208045335558755,-2.818373321111789e-07,0.012080735192919662,0.8542625266067743,1.6037444495679815e-05,-1.5023371710579506e-21,0.10945721292128113,-0.0015865186344452414,0.024142404034445307,1.0,0.01208045335558755,2.818373321111789e-07,0.012080735192919662,0.8542625266067743,0.0003650918523298218,5.838493728837103e-05,0.10945721292128113,0.0015865186344452414,0
core_N128_s2,moment3,2,128,1,0.0001,73,99980,0.0013287952866971487,1.0000000000000007,-0.0008378397846491581,0.004102739920214218,0.0049405797048633765,0.33483180220425957,-1.0807693218664263e-05,7.031793294240972e-18,0.0017403057101267752,-0.001984208282558783,0.008427347804900667,1.000000663513789,0.003830006105292799,0.00410273992021426,0.0049405797048633765,0.33483180220425957,0.0016111130807438389,0.0016466584399104903,0.005300723947819674,0.001984208282558783,1220
core_N128_s2,moment3,2,128,1,0.001,73,99980,0.0013292176153716175,1.0000000000000009,-0.0008338384192859427,0.00410024486538392,0.004934083284669863,0.33482037842849416,-1.0742172812603811e-05,7.039372724814576e-18,0.001740201471061885,-0.001948004020882979,0.008427347804900667,1.0000009628446394,0.0038275274321129538,0.004100244865383962,0.004934083284669863,0.33482037842849416,0.0016112452297461146,0.0016468009233225637,0.005298453396133425,0.001948004020882979,1220
core_N128_s2,moment3,2,128,1,0.01,73,99980,0.001333555437003655,1.0000000000000024,-0.0007946353155922764,0.004075221708777929,0.0048698570243702055,0.3347131358081798,-1.0091207382819537e-05,7.761205877087538e-18,0.0017391055734143344,-0.0015896641846725734,0.008427347804900667,1.0000070436231823,0.003802608789954587,0.004075221708777929,0.0048698570243702055,0.3347131358081798,0.00161256634700407,0.0016482251874880105,0.005276075226586282,0.0015896641846725734,1220
core_N128_s2,moment3,2,128,1,0.1,73,99980,0.001387192661390588,1.0000000000000377,-0.0004758337073060004,0.0038787372739061687,0.004354570981212169,0.33430411932955284,-3.995115517539664e-06,1.8292511341452757e-17,0.0017239000641601908,-0.0030336171165509795,0.008427347804900667,1.0004213534235415,0.003611062324231626,0.003878737273906363,0.004354570981212169,0.33430411932955284,0.0016257395027925207,0.001662410318331691,0.00510536733729771,0.0030336171165509795,1220
core_N128_s2,moment3,2,128,1,1.0,73,99980,0.002320484073140645,1.0000000000000278,0.0005827769975142033,0.002564580743049147,0.0019818037455349435,0.35922794030169775,2.753519753921189e-05,7.5328541988608e-18,0.0016255972002810362,-0.003183074522055185,0.008427347804900667,1.0189615763686215,0.00243423024272571,0.00256458074304948,0.0026995855486023346,0.35922794030169775,0.0017772884205987647,0.0018305207020592844,0.004707980126298065,0.003183074522055185,700
core_N128_s2,moment3,2,128,1,10.0,73,99980,0.005604895338260537,1.0,0.05317443482023103,0.0006738575923509321,0.052500577227880096,1.9150575937419954,9.802466557990493e-05,-0.0,0.23378287329807163,-0.059129305495902576,0.08388003035653765,1.078887245196855,0.05317443482023103,0.0006738575923509321,0.052500577227880096,2.064544818129273,0.002541272457136851,0.0024272465590507108,0.23378287329807163,0.059129305495902576,160
core_N128_s2,moment3,2,128,1,100.0,73,99980,0.0012748197710938153,1.0,0.033818069863203695,6.772699060077214e-05,0.03375034287260292,1.1325098282136885,3.0633485561666913e-05,-0.0,0.2575446617952347,-0.03695671595705534,0.17505982474568227,1.029798621949347,0.033818069863203695,6.772699060077214e-05,0.03375034287260292,1.4391865408040647,0.00265941689656001,0.0021838437467229742,0.2575446617952347,0.03695671595705534,16
core_N128_s2,moment5,2,128,1,0.0001,73,99980,1.5960373599278195e-05,0.999999999999949,0.004222885597804718,0.004102739920214232,0.00012014567759048578,0.009918912452548391,1.937287746376433e-07,7.031793294240972e-18,0.0006599349117243217,5.051798939170737e-07,0.006373652960985748,0.9999999999999496,0.004222885597804718,0.00410273992021426,0.00012014567759048578,0.009918912452548391,0.0016164341343002614,0.0016466584399104903,0.00485204388149791,0.00019623455643240362,1620
core_N128_s2,moment5,2,128,1,0.001,73,99980,1.5956670416351134e-05,0.9999999999999412,0.004220467259318766,0.00410024486538392,0.00012022239393484624,0.009910094498506121,1.936226178587982e-07,7.039372724814576e-18,0.0006598061880441684,4.573606064012248e-07,0.006373652960985748,0.9999999999999417,0.004220467259318766,0.004100244865383962,0.00012022239393484624,0.009910094498506121,0.00161656885694352,0.001646800923322563,0.004849440017544366,0.0001962058205486894,1620
core_N128_s2,moment5,2,128,1,0.01,73,99980,1.591976352539009e-05,0.9999999999998257,0.004196185145026357,0.004075221708777929,0.00012096343624842798,0.009822929786242357,1.9257254302927446e-07,9.054740189935458e-18,0.0006585193000092006,1.3071337567893693e-08,0.006373652960985748,0.9999999999998257,0.004196185145026357,0.004075221708777929,0.00012096343624842798,0.009822929786242357,0.0016179157016097323,0.0016482251874880098,0.004823609752316248,0.00019592620040864706,1620
core_N128_s2,moment5,2,128,1,0.1,73,99980,1.55644382443369e-05,0.9999999999978268,0.003979159419141606,0.003878737273906155,0.00010042214523545145,0.00904194928504282,1.9662519470530328e-07,1.7030958835145674e-17,0.0006457923224707317,-1.0108068572517448e-05,0.006373652960985748,0.9999999999978268,0.003979159419141606,0.003878737273906363,0.00010042214523545145,0.00904194928504282,0.0016313452303075473,0.0016624103183316905,0.004604942153749205,0.0004158498944020622,1420
core_N128_s2,moment5,2,128,1,1.0,73,99980,1.3329631961227325e-05,0.9999999999937308,0.0026444870739132514,0.002564580743049133,7.990633086411847e-05,0.005411692317318332,1.7342545151692007e-07,7.532854198860795e-18,0.0005550400514954916,-0.00012347901373530035,0.006373652960985748,0.9999999999937308,0.0026444870739132514,0.002564580743049466,7.990633086411847e-05,0.005411692317318332,0.0017933272122356853,0.0018305207020592842,0.0037295705852314403,0.00012347901373530035,920
core_N128_s2,moment5,2,128,1,10.0,73,99980,1.0683876144196064e-05,0.9999999999985655,0.0007089558713718885,0.0006738575923509321,3.509827902095641e-05,0.0024327017214126113,1.1087925573846918e-07,9.79266555699232e-19,0.00041831311358158903,0.00014050315795925694,0.006373652960985748,0.9999999999985901,0.0007089558713718885,0.0006738575923509321,3.509827902095641e-05,0.0024327017214126113,0.0024026518503876956,0.002427246559050709,0.003392456975314599,0.00014050315795925694,200
core_N128_s2,moment5,2,128,1,100.0,73,99980,9.677351887882721e-06,1.0000000000018459,9.145123034570712e-05,6.772699060077214e-05,2.3724239744934983e-05,0.001993335514932483,1.244890787066481e-07,-9.777920242243102e-19,0.00030982619842316806,4.1580901521579006e-05,0.006373652960985748,1.0000000000018459,9.145123034570712e-05,6.772699060077214e-05,2.3724239744934983e-05,0.001993335514932483,0.002167657105489239,0.002183843746722974,0.0035051521255704612,4.1580901521579006e-05,18
core_N128_s2,moment9,2,128,1,0.0001,73,99980,1.0782293863200686e-05,1.000000000000228,0.004158101030965575,0.0041027399202142045,5.536111075137018e-05,0.010449060499114636,-1.4058910287833956e-07,6.392539358400882e-18,0.0006579301793648811,2.359981784716414e-07,0.006380197356880668,1.0000069906171967,0.004183908526740457,0.00410273992021426,8.141237440977e-05,0.010449060499114636,0.001616413073790369,0.0016466584399104913,0.004853286720109084,0.0001973413061846785,1620
core_N128_s2,moment9,2,128,1,0.001,73,99980,1.0781549106837515e-05,1.0000000000002298,0.0041551670255117745,0.00410024486538392,5.4922160127854336e-05,0.010439220410319677,-1.404366120023369e-07,6.399429749831432e-18,0.0006577993996779522,1.2741795205051254e-07,0.006380197356880668,1.0000072755500002,0.004180950122854327,0.004100244865383962,8.094650550000138e-05,0.010439220410319677,0.0016165477880793033,0.0016468009233225642,0.004850684552348824,0.00019731315969416519,1620
core_N128_s2,moment9,2,128,1,0.01,73,99980,1.0773796864910715e-05,1.000000000000321,0.00412976396801977,0.004075221708777929,5.4542259241840974e-05,0.010341877450672755,-1.4274081541525707e-07,8.407973033511496e-18,0.0006564922612620405,-9.135190373321667e-07,0.006380197356880668,1.0000094448731038,0.004156035989973689,0.004075221708777929,8.109865908847991e-05,0.010341877450672755,0.0016178945492261309,0.0016482251874880107,0.004824871253217298,0.00019703935436080067,1620
core_N128_s2,moment9,2,128,1,0.1,73,99980,1.06723479296026e-05,1.0000000000013285,0.003913473701478876,0.003878737273906155,3.4736427572720774e-05,0.009463830262619849,-1.3490307794575203e-07,1.829251134145276e-17,0.0006435897956119775,-6.773992745605362e-05,0.006380197356880668,1.000029834967109,0.003938505218559457,0.003878737273906363,6.002092610160603e-05,0.009463830262619849,0.0016313232451193162,0.0016624103183316915,0.004606140923151147,0.00041580809689444054,1420
core_N128_s2,moment9,2,128,1,1.0,73,99980,9.402043953985185e-06,1.00000000000331,0.002591406843538993,0.002564580743049133,2.6826100489860116e-05,0.005267625405564936,-9.397506613637679e-08,7.532854198860797e-18,0.0005521857493559002,-0.0002288434010064011,0.006380197356880668,1.0011118440812719,0.00260956118767168,0.002564580743049494,4.507787268738517e-05,0.005267625405564936,0.0017932581160759757,0.0018305207020592855,0.0037321464767439833,0.0002288434010064011,920
core_N128_s2,moment9,2,128,1,10.0,73,99980,6.967189801938645e-06,0.9999999999990608,0.000675058698440742,0.0006738575923509321,1.2011060898098336e-06,0.0017289650238199782,-6.003955680630407e-08,-9.792665556992324e-19,0.0004153464906801974,9.279273003511002e-05,0.006380197356880668,1.0031702086797465,0.0006873511914175789,0.0006738575923509321,1.3506399709511951e-05,0.0017289650238199782,0.0024025636249313076,0.002427246559050711,0.0033943063957474454,9.279273003511002e-05,200
core_N128_s2,moment9,2,128,1,100.0,73,99980,4.649629156396879e-06,0.999999999998131,5.930979289747729e-05,6.772699060077214e-05,8.417197703294854e-06,0.0011443612642339713,-4.118390319615185e-08,-9.777920242243108e-19,0.0003051138727478965,3.0892383064362594e-05,0.006380197356880668,1.0059935156147155,6.924978388023195e-05,6.772699060077214e-05,8.417197703294854e-06,0.0011443612642339713,0.002167563558623152,0.002183843746722975,0.0035066995952787684,3.0892383064362594e-05,18
core_N128_s2,sine,2,128,3,0.0001,73,99980,3.0356361828167206e-05,0.054098436976299576,-0.0008635536824096735,-0.0009667967100493863,0.00010324302763971283,0.007634935584332119,-7.987831627435915e-06,-8.363130663647968e-06,2.8460924399578797e-05,0.00025218864673209884,0.00018854320942658938,0.0648653206089026,0.001102092460732354,0.0010971508948005443,0.00010324302763971283,0.007634935584332119,0.0006976201721592518,0.0006975427835679869,0.00010039523096166551,0.0003165303851299234,5080
core_N128_s2,sine,2,128,3,0.001,73,99980,3.0351947451827444e-05,0.05409625432098849,-0.0008625553593495094,-0.000965682907976842,0.00010312754862733253,0.007633595569154959,-7.974516860574145e-06,-8.349219367775692e-06,2.8453845718106023e-05,0.00019829724925225778,0.00018854320942658938,0.06486564798152775,0.001101532095730759,0.0010965966219061707,0.00010312754862733253,0.007633595569154959,0.0006976201721592518,0.0006975427835679869,0.00010037068956499055,0.0003291016361434834,5080
core_N128_s2,sine,2,128,3,0.01,73,99980,3.030831431971717e-05,0.054074467086979786,-0.0008529927448269331,-0.0009549782833811055,0.00010198553855417236,0.007620329365686508,-7.842954272871053e-06,-8.211744298182435e-06,2.838301030541091e-05,-0.00023286524789513374,0.00018854320942658938,0.0648669332096852,0.0010957221810879852,0.0010911173540622682,0.00010198553855417236,0.007620329365686508,0.0006976201721592518,0.0006975427835679869,0.00010012525422764952,0.00023286524789513374,5080
core_N128_s2,sine,2,128,3,0.1,73,99980,2.991960452584362e-05,0.053860848413031466,-0.0007934814621552294,-0.0008852180385178071,9.17365763625777e-05,0.007499985794109303,-6.671858793654211e-06,-6.986509203893091e-06,2.7677050789547382e-05,-0.0001414720904912986,0.00018854320942658938,0.06486419501712862,0.0010632145972779422,0.0010586118652503862,9.381058897732497e-05,0.007499985794109303,0.0006976201721592518,0.0006975427835679869,9.781519735738157e-05,0.00030877229604395207,4400
core_N128_s2,sine,2,128,3,1.0,73,99980,2.853495383531817e-05,0.052632235396927754,-0.0007109687259967828,-0.0007864299253346613,7.546119933787843e-05,0.0069207612344675835,-5.072835433681141e-06,-4.865874862246668e-06,2.2832825008706463e-05,0.00046822492926919257,0.00018854320942658938,0.06573862999156813,0.000899921369584944,0.0008977735410081455,7.879866139795522e-05,0.0069207612344675835,0.0007124237320404364,0.0007115512169806207,8.61704054584216e-05,0.00046822492926919257,2500
core_N128_s2,sine,2,128,3,10.0,73,99980,5.216695188876363e-05,0.08172658191820491,-0.0005523545828392262,-0.0005564590928184149,4.104509979188653e-06,0.007034195831765169,2.323897977260141e-06,2.8795021897846595e-06,3.1669818952479024e-05,2.4593397808442274e-05,0.00018854320942658938,0.08172658191820491,0.0005920824353350812,0.0006151344123857955,2.8578735936812816e-05,0.007034195831765169,0.0006976201721592518,0.0006975427835679869,7.358187765615325e-05,2.4593397808442274e-05,460
core_N128_s2,sine,2,128,3,100.0,73,99980,0.019989346979931575,0.9999623890762743,0.0172808458429079,0.013521822246808202,0.0037590235960996976,0.31683548768166564,4.2892230596236755e-05,1.0265641612145178e-08,0.025107729982862606,-0.003292056837954499,0.019989346979931575,0.9999623890762743,0.0172808458429079,0.013521822246808202,0.0037590235960996976,0.31683548768166564,0.0007438466670197554,0.0007431885086764932,0.025107729982862606,0.003292056837954499,60
core_N128_s2,runge,2,128,3,0.0001,73,99980,0.0011442178517042394,0.35973923867628993,0.008087575695898755,0.009213386028118303,0.0011258103322195484,0.06768955386354662,6.811726412317166e-05,8.334122627354649e-05,0.0012503831970173715,-0.0013850908813404506,0.0011442178517042394,0.35973923867628993,0.008087575695898755,0.009213386028118303,0.0011258103322195484,0.06768955386354662,6.811726412317166e-05,8.334122627354649e-05,0.0012503831970173715,0.0013850908813404506,8960
core_N128_s2,runge,2,128,3,0.001,73,99980,0.001146322996473869,0.3602515654236213,0.008087795364985828,0.009214046212473945,0.0011262508474881167,0.06774072658404318,6.813848630515153e-05,8.337976031919579e-05,0.001252267687708443,-0.001385909101881161,0.001146322996473869,0.3602515654236213,0.008087795364985828,0.009214046212473945,0.0011262508474881167,0.06774072658404318,6.813848630515153e-05,8.337976031919579e-05,0.001252267687708443,0.001385909101881161,8960
core_N128_s2,runge,2,128,3,0.01,73,99980,0.001167528849120683,0.3653953316311878,0.008090231165629874,0.009220930685352832,0.001130699519722958,0.06825519530915279,6.835208993361539e-05,8.376754116211466e-05,0.0012712898108111273,-0.0013940542127880845,0.001167528849120683,0.3653953316311878,0.008090231165629874,0.009220930685352832,0.001130699519722958,0.06825519530915279,6.835208993361539e-05,8.376754116211466e-05,0.0012712898108111273,0.0013940542127880845,8960
core_N128_s2,runge,2,128,3,0.1,73,99980,0.0013961681530713134,0.41903198550451304,0.00813586941058514,0.009315269566622708,0.0011794001560375689,0.0736899394875082,7.06172998777872e-05,8.78878217187696e-05,0.0014804583872164623,-0.0013619289925804329,0.0013961681530713134,0.41903198550451304,0.00813586941058514,0.009315269566622708,0.0011794001560375689,0.0736899394875082,7.06172998777872e-05,8.78878217187696e-05,0.0014804583872164623,0.0013619289925804329,10320
core_N128_s2,runge,2,128,3,1.0,73,99980,0.007318781299023098,1.392118734965842,0.009609044236759234,0.011712634118352508,0.0021035898815932735,0.1782546606091702,0.00010262936483622537,0.00015980500905248552,0.00858134457933562,3.840113317070404e-05,0.007318781299023098,1.392118734965842,0.009609044236759234,0.011712634118352508,0.0021035898815932735,0.1782546606091702,0.00010262936483622537,0.00015980500905248552,0.00858134457933562,0.0012709157825621098,11900
core_N128_s2,runge,2,128,3,10.0,73,99980,0.003322604366822449,1.2389560187401525,0.018249923987275873,0.01382121763180938,0.004428706355466494,0.36634558184461696,1.0857376558185867e-05,8.881652401737781e-06,0.006883888971029797,0.000393328550852029,0.01675566130065787,1.2614235190821161,0.018249923987275873,0.01382121763180938,0.004428706355466494,0.36634558184461696,0.0002536939056328889,0.0002666368216984124,0.06792037237304512,0.0011080147044930932,5080
core_N128_s2,runge,2,128,3,100.0,73,99980,0.0030813290401666034,1.022173865989193,0.01208045335558755,0.009688128957313871,0.002392324398273679,0.43718276889850166,1.6037444495679815e-05,1.5276232200568731e-06,0.006710975176172772,0.0002029961643362499,0.022569612910094978,1.7586652105072138,0.01208045335558755,0.009688128957313871,0.002392324398273679,0.43718276889850166,0.0003650918523298218,0.0003600379724469742,0.03736283775760516,0.0005654020259785592,700
core_N128_s2,moment3,2,128,3,0.0001,73,99980,0.00013575885246752494,0.10216686785890625,-0.0008378397846491581,-0.0009548576789034369,0.00011701789425427878,0.021997345912956004,-1.0807693218664263e-05,-1.0045698812476377e-05,7.781624545007489e-05,0.0003827852353709138,0.0003619263236403473,0.10216686785890625,0.003830006105292799,0.0038126622715243946,0.00015969282503701387,0.021997345912956004,0.0016111130807438389,0.0016103252261170235,0.00017828340524079367,0.0011747655344952895,3820
core_N128_s2,moment3,2,128,3,0.001,73,99980,0.00013586163061607223,0.1022117289486031,-0.0008338384192859427,-0.000950212480088683,0.00011637406080274026,0.02200081219977635,-1.0742172812603811e-05,-9.975015457682652e-06,7.785483539368678e-05,0.0003830830680428693,0.0003619263236403473,0.1022117289486031,0.0038275274321129538,0.0038101980433580818,0.00015926519844683407,0.02200081219977635,0.0016112452297461146,0.0016104569951388645,0.00017825944215347424,0.0011432973154269083,3820
core_N128_s2,moment3,2,128,3,0.01,73,99980,0.0001369000415435346,0.10265793063026575,-0.0007946353155922764,-0.0009045962583970196,0.00010996094280474322,0.02203591101284567,-1.0091207382819537e-05,-9.272206340169503e-06,7.823997685250338e-05,0.00038606229157710226,0.0003619263236403473,0.10265793063026575,0.003802608789954587,0.0037854222479353633,0.00015501610188656256,0.02203591101284567,0.00161256634700407,0.0016117743187580393,0.00017801383105662443,0.0012814241319717978,3820
core_N128_s2,moment3,2,128,3,0.1,73,99980,0.0001484224746075224,0.10699485279769447,-0.0004758337073060004,-0.0005242388700760631,4.840516277006268e-05,0.02243228238681852,-3.995115517539664e-06,-2.6394627069142064e-06,8.204864610918963e-05,-0.001392871513989008,0.0003619263236403473,0.10699485279769447,0.003611062324231626,0.0035945703832373915,0.00012955368617885432,0.02243228238681852,0.0016257395027925207,0.0016249101469509033,0.000175024439479218,0.001392871513989008,3820
core_N128_s2,moment3,2,128,3,1.0,73,99980,0.00040475743069699624,0.17442801499136815,0.0005827769975142033,0.0009095292424470824,0.00032675224493287913,0.03040224725724921,2.753519753921189e-05,3.762060514513329e-05,0.00014955652996642585,-0.0005858109986871946,0.00040475743069699624,0.17442801499136815,0.00243423024272571,0.0024260556342671075,0.00032675224493287913,0.03040224725724921,0.0017772884205987647,0.0017754806876048915,0.00015207132517322256,0.0005858109986871946,1880
core_N128_s2,moment3,2,128,3,10.0,73,99980,0.005604895338312368,1.0000000000092475,0.05317443482023103,0.01955352727486233,0.0336209075453687,0.5279683679160281,9.802466557990493e-05,3.2320502543436544e-16,0.03963185343997882,-0.043982774916870415,0.08388003035648726,2.012964427581291,0.05317443482023103,0.01955352727486233,0.0336209075453687,0.5603753045010071,0.002541272457136851,0.0023761672640474755,0.11406798751684478,0.043982774916870415,400
core_N128_s2,moment3,2,128,3,100.0,73,99980,0.0012748197711218844,1.0000000000220182,0.033818069863203695,0.018854695443878827,0.014963374419324868,0.3217345018508874,3.0633485561666913e-05,1.6373360299426843e-16,0.015538521077563821,-0.02356985525844954,0.1575767358709363,1.0000000000220182,0.033818069863203695,0.018854695443878827,0.014963374419324868,0.5976973132684482,0.00265941689656001,0.0021380377975141153,0.25057628664725723,0.02356985525844954,40
core_N128_s2,moment5,2,128,3,0.0001,73,99980,1.9146244280469905e-05,1.1996112848721043,0.004222885597804718,0.0041560484570497686,6.683714075494951e-05,0.00392856635163966,1.937287746376433e-07,-1.5917898954784493e-07,3.7007389021457205e-05,5.135698443398118e-05,0.00023102311806944275,1.2032256884720816,0.004222885597804718,0.004185354554609763,6.683714075494951e-05,0.00392856635163966,0.0016164341343002614,0.0016157219531207367,0.00011654178068118785,5.135698443398118e-05,5840
core_N128_s2,moment5,2,128,3,0.001,73,99980,1.9141839988109565e-05,1.1996136718154806,0.004220467259318766,0.004153122169463924,6.734508985484222e-05,0.0039275409822042045,1.936226178587982e-07,-1.590058107563603e-07,3.698980057064518e-05,2.7560899065748323e-07,0.00023102311806944275,1.2032257977284553,0.004220467259318766,0.004182400040698073,6.734508985484222e-05,0.0039275409822042045,0.00161656885694352,0.0016158564365780182,0.00011648530073623066,9.429526736964844e-06,5840
core_N128_s2,moment5,2,128,3,0.01,73,99980,1.9097847996174545e-05,1.1996313868426793,0.004196185145026357,0.004127156044291341,6.902910073501578e-05,0.003917315709841655,1.9257254302927446e-07,-1.6157933730152033e-07,3.681530151697018e-05,8.241434224648403e-07,0.00023102311806944275,1.2032225942757047,0.004196185145026357,0.004156973668259567,6.902910073501578e-05,0.003917315709841655,0.0016179157016097323,0.0016172008951208972,0.00011593103696945798,2.041804846153461e-05,5840
core_N128_s2,moment5,2,128,3,0.1,73,99980,1.8666832822377797e-05,1.1993258304153145,0.003979159419141606,0.003910666840755195,6.849257838641154e-05,0.0038184903920456753,1.9662519470530328e-07,-1.526027001214549e-07,3.5199859922959635e-05,6.106577519274237e-05,0.00023102311806944275,1.2027868516573539,0.003979159419141606,0.00393903315252192,6.849257838641154e-05,0.0038184903920456753,0.0016313452303075473,0.0016306071283515796,0.00011150628829349202,6.106577519274237e-05,5080
core_N128_s2,moment5,2,128,3,1.0,73,99980,1.5837785267652577e-05,1.188163732773836,0.0026444870739132514,0.00258973387168758,5.475320222567137e-05,0.003201079723074135,1.7342545151692007e-07,-1.0574450105714053e-07,2.642656990464742e-05,0.00013260185731242546,0.00023102311806944275,1.190330081652069,0.0026444870739132514,0.002610198437571834,5.475320222567137e-05,0.003201079723074135,0.0017933272122356853,0.0017921873251551402,9.588348192971628e-05,0.00013260185731242546,2880
core_N128_s2,moment5,2,128,3,10.0,73,99980,1.2463563266697918e-05,1.166576914451669,0.0007089558713718885,0.000673906543716421,3.504932765546753e-05,0.0024984333074488433,1.1087925573846918e-07,-6.65932825008641e-08,1.6357357718516165e-05,3.768860649565331e-05,0.00023102311806944275,1.166576914451669,0.0007089558713718885,0.0006875829104000114,3.504932765546753e-05,0.0024984333074488433,0.0024026518503876956,0.0024018137305490926,8.027432411223501e-05,3.768860649565331e-05,600
core_N128_s2,moment5,2,128,3,100.0,73,99980,1.1534224991674902e-05,1.1918782250895013,9.145123034570712e-05,5.837747546016958e-05,3.307375488553754e-05,0.0023257095009005793,1.244890787066481e-07,-4.4612761082723246e-08,4.386792352323272e-06,9.063645498880168e-06,0.00023102311806944275,1.1918782250895013,9.145123034570712e-05,6.927576975675198e-05,3.307375488553754e-05,0.0023257095009005793,0.002167657105489239,0.0021669752196815757,8.107824059356975e-05,9.063645498880168e-06,60
core_N128_s2,moment9,2,128,3,0.0001,73,99980,1.2852709105631007e-06,0.11920199234691102,0.004158101030965575,0.0041560484570497686,2.052573915806155e-06,0.0005051175528478622,-1.4058910287833956e-07,-1.5917898954776145e-07,3.8185073963031264e-05,5.108780271864677e-05,0.00022472450173481405,0.12215077334379842,0.004183908526740457,0.004185354554609763,2.052573915806155e-06,0.0005051175528478622,0.001616413073790369,0.0016157219531207374,0.00011456990269038027,5.108780271864677e-05,7760
core_N128_s2,moment9,2,128,3,0.001,73,99980,1.2849010544473907e-06,0.11917592191207653,0.0041551670255117745,0.004153122169463924,2.0448560478503186e-06,0.0005047476401292972,-1.404366120023369e-07,-1.5900581075492713e-07,3.8169418494414795e-05,-5.4333663693229006e-08,0.00022472450173481405,0.12212522653525011,0.004180950122854327,0.004182400040698073,2.0448560478503186e-06,0.0005047476401292972,0.0016165477880793033,0.0016158564365780195,0.00011450923629690951,8.322187591475183e-06,7760
core_N128_s2,moment9,2,128,3,0.01,73,99980,1.281206833274975e-06,0.11891878502444775,0.00412976396801977,0.004127156044291341,2.6079237284287737e-06,0.0005010879822251635,-1.4274081541525707e-07,-1.6157933730144087e-07,3.801405257915826e-05,-1.0244695244909785e-07,0.00022472450173481405,0.12187311675097774,0.004156035989973689,0.004156973668259567,2.6079237284287737e-06,0.0005010879822251635,0.0016178945492261309,0.001617200895120898,0.00011391212317254317,2.0461191039850002e-05,7760
core_N128_s2,moment9,2,128,3,0.1,73,99980,1.2450227532428342e-06,0.11665874852065926,0.003913473701478876,0.003910666840755195,2.8068607236808596e-06,0.000468046794064048,-1.3490307794575203e-07,-1.5260270012138967e-07,3.657229008330719e-05,3.4339163092061975e-06,0.00022472450173481405,0.11970941272284047,0.003938505218559457,0.003939033152521948,2.8068607236808596e-06,0.000468046794064048,0.0016313232451193162,0.0016306071283515807,0.00010883099924390345,1.2491107093309806e-05,6740
core_N128_s2,moment9,2,128,3,1.0,73,99980,1.0042178660038384e-06,0.10680846323649773,0.002591406843538993,0.002589733871687594,1.672971851399141e-06,0.0003078198362753774,-9.397506613637679e-08,-1.057445010584445e-07,2.864367411873498e-05,2.7237470041227563e-05,0.00022472450173481405,0.11044123486822952,0.00260956118767168,0.002610198437571834,1.672971851399141e-06,0.0003078198362753774,0.0017932581160759757,0.001792187325155141,9.273879250519734e-05,2.7237470041227563e-05,3820
core_N128_s2,moment9,2,128,3,10.0,73,99980,6.671225130298344e-07,0.0957520222634926,0.000675058698440742,0.0006739065437164071,1.1521547243348307e-06,0.00015654230963907067,-6.003955680630407e-08,-6.659328250082281e-08,1.9058944569130868e-05,-1.002182142853525e-05,0.00022472450173481405,0.10267924137397776,0.0006873511914175789,0.0006875829104000114,1.1521547243348307e-06,0.00015654230963907067,0.0024025636249313076,0.002401813730549094,7.847288413918376e-05,1.002182142853525e-05,800
core_N128_s2,moment9,2,128,3,100.0,73,99980,3.157579427227029e-07,0.06791034985826741,5.930979289747729e-05,5.837747546016958e-05,9.323174373077059e-07,9.64797291326785e-05,-4.118390319615185e-08,-4.461276108267778e-08,1.0157570334869463e-05,-1.6248729583084875e-06,0.00022472450173481405,0.10177093203820473,6.924978388023195e-05,6.927576975675198e-05,9.323174373077059e-07,9.64797291326785e-05,0.002167563558623152,0.0021669752196815774,7.945943058128277e-05,1.6248729583084875e-06,100
core_N128_s2,sine,2,128,5,0.0001,73,99980,1.5510501112554347e-06,0.0027641450304817603,-0.0008635536824096735,-0.0008584453734601094,5.108308949564044e-06,0.000396421865461283,-7.987831627435915e-06,-7.967956935469296e-06,1.0513630327087258e-06,1.170246797677077e-05,7.13056348155586e-06,0.0033861551725016454,0.001102092460732354,0.0011023709339967047,5.108308949564044e-06,0.000396421865461283,0.0006976201721592518,0.0006976028229550048,3.267743928340039e-06,1.387281223291792e-05,
core_N128_s2,sine,2,128,5,0.001,73,99980,1.5506540754109427e-06,0.0027637296539355025,-0.0008625553593495094,-0.0008574512476065832,5.104111742926243e-06,0.00039631904101374254,-7.974516860574145e-06,-7.954662462660497e-06,1.0510749901064419e-06,1.1691028331636821e-05,7.13056348155586e-06,0.003385878438610475,0.001101532095730759,0.0011018103116104544,5.104111742926243e-06,0.00039631904101374254,0.0006976201721592518,0.0006976028229550048,3.266676501060855e-06,1.3871195325920738e-05,
core_N128_s2,sine,2,128,5,0.01,73,99980,1.546737081580836e-06,0.002759605253128264,-0.0008529927448269331,-0.0008479301326549532,5.062612171979897e-06,0.00039530259932022067,-7.842954272871053e-06,-7.823300993331148e-06,1.0482072398528786e-06,1.1577720906916222e-05,7.13056348155586e-06,0.0033830479517810265,0.0010957221810879852,0.0010959978632757023,5.062612171979897e-06,0.00039530259932022067,0.0006976201721592518,0.0006976028229550048,3.2560093234147928e-06,1.694934125566483e-05,
core_N128_s2,sine,2,128,5,0.1,73,99980,1.5114575189357644e-06,0.002720904423713817,-0.0007934814621552294,-0.0007887909406867621,4.690521468467268e-06,0.00038618214237205354,-6.671858793654211e-06,-6.654046340446021e-06,1.0207435533139017e-06,7.398850955062097e-06,7.13056348155586e-06,0.003357725772578208,0.0010632145972779422,0.0010634660180205008,4.690521468467268e-06,0.00038618214237205354,0.0006976201721592518,0.0006976028229550048,3.174595954150396e-06,1.126653216315665e-05,
core_N128_s2,sine,2,128,5,1.0,73,99980,1.3478493330632549e-06,0.00248608509362904,-0.0007109687259967828,-0.0007069253138002329,4.0434121965499115e-06,0.00034195817786743336,-5.072835433681141e-06,-5.0597244923505305e-06,8.478309479122802e-07,-1.7214271858939645e-05,7.13056348155586e-06,0.0032880004613370113,0.000899921369584944,0.0009000425348220653,4.0434121965499115e-06,0.00034195817786743336,0.0007124237320404364,0.0007124675835007013,2.7279467220662067e-06,1.7214271858939645e-05,
core_N128_s2,sine,2,128,5,10.0,73,99980,2.1770210828296757e-06,0.0034105978099491256,-0.0005523545828392262,-0.0005508691311803676,1.4854516588586053e-06,0.0003157733451787242,2.323897977260141e-06,2.3137892358550156e-06,1.3110199082984754e-06,-3.347136861286959e-06,7.13056348155586e-06,0.0034105978099491256,0.0005920824353350812,0.000590336837220512,1.7602018270723718e-06,0.0003157733451787242,0.0006976201721592518,0.0006976028229550048,2.2617501967355963e-06,3.347136861286959e-06,
core_N128_s2,sine,2,128,5,100.0,73,99980,0.02884024406206533,1.4427264373768152,0.0172808458429079,0.028735011770501875,0.011454165927593976,0.19608521719867258,4.2892230596236755e-05,0.0012293164409705546,0.100727054466891,0.01623138824853855,0.02884024406206533,1.4427264373768152,0.0172808458429079,0.028735011770501875,0.011454165927593976,0.19608521719867258,0.0007438466670197554,0.0012293164409705546,0.100727054466891,0.01623138824853855,99980
core_N128_s2,runge,2,128,5,0.0001,73,99980,0.0001027468009561382,0.032303337950315,0.008087575695898755,0.008017307181010583,7.02685148881721e-05,0.0052237747752024236,6.811726412317166e-05,6.697461748381942e-05,7.897157607775836e-05,6.677794741080656e-05,0.0001027468009561382,0.032303337950315,0.008087575695898755,0.008017307181010583,7.02685148881721e-05,0.0052237747752024236,6.811726412317166e-05,6.697461748381942e-05,7.897157607775836e-05,6.677794741080656e-05,
core_N128_s2,runge,2,128,5,0.001,73,99980,0.00010289152242459832,0.032335416925508856,0.008087795364985828,0.00801750246902043,7.029289596539867e-05,0.005226971462697071,6.813848630515153e-05,6.699470299343866e-05,7.90700028865449e-05,6.68136817627979e-05,0.00010289152242459832,0.032335416925508856,0.008087795364985828,0.00801750246902043,7.029289596539867e-05,0.005226971462697071,6.813848630515153e-05,6.699470299343866e-05,7.90700028865449e-05,6.68136817627979e-05,
core_N128_s2,runge,2,128,5,0.01,73,99980,0.0001043456660789352,0.032656511477129786,0.008090231165629874,0.008019691269971777,7.05398956580977e-05,0.005259118903213603,6.835208993361539e-05,6.71968752216801e-05,8.006175617255717e-05,6.717110136539306e-05,0.0001043456660789352,0.032656511477129786,0.008090231165629874,0.008019691269971777,7.05398956580977e-05,0.005259118903213603,6.835208993361539e-05,6.71968752216801e-05,8.006175617255717e-05,6.717110136539306e-05,
core_N128_s2,runge,2,128,5,0.1,73,99980,0.00011964291603105303,0.035908431621044956,0.00813586941058514,0.008062557363602577,7.331204698256266e-05,0.005599309215096802,7.06172998777872e-05,6.934097339149237e-05,9.076269471553913e-05,7.077412040146225e-05,0.00011964291603105303,0.035908431621044956,0.00813586941058514,0.008062557363602577,7.331204698256266e-05,0.005599309215096802,7.06172998777872e-05,6.934097339149237e-05,9.076269471553913e-05,7.077412040146225e-05,
core_N128_s2,runge,2,128,5,1.0,73,99980,0.0004131652885784643,0.07858892285036888,0.009609044236759234,0.00948162977959087,0.00012741445716836497,0.011550908469342543,0.00010262936483622537,9.910028140282591e-05,0.0003354349978253359,-3.2576698156538964e-06,0.0004131652885784643,0.07858892285036888,0.009609044236759234,0.00948162977959087,0.00012741445716836497,0.011550908469342543,0.00010262936483622537,9.910028140282591e-05,0.0003354349978253359,1.0735023522001619e-05,99980
core_N128_s2,runge,2,128,5,10.0,73,99980,0.004858268980975131,1.8115854101504512,0.018249923987275873,0.023531604426106315,0.005281680438830441,0.3604476538006041,1.0857376558185867e-05,6.810644421133482e-05,0.03320842073559042,-0.00029275344055457175,0.008751139479682018,2.8151391475317746,0.018249923987275873,0.023531604426106315,0.005281680438830441,0.3604476538006041,0.0002536939056328889,0.00024237787747068815,0.03320842073559042,0.0003128890825749714,56660
core_N128_s2,runge,2,128,5,100.0,73,99980,0.0032405287912684578,1.0749854362327593,0.01208045335558755,0.013606086880104784,0.0015256335245172337,0.18567232679683046,1.6037444495679815e-05,-4.6635884543386586e-06,0.028530759751003217,0.0003884306386743308,0.01360404797203399,8.577946404272222,0.01208045335558755,0.01399366613166883,0.0028887343302907015,0.3527940470014568,0.0003650918523298218,0.0003601189259276856,0.02857953980919479,0.0003884306386743308,20980
core_N128_s2,moment3,2,128,5,0.0001,73,99980,7.6243062775237245e-06,0.005737758369443568,-0.0008378397846491581,-0.0008297049657164657,8.134818932692411e-06,0.0013699511958973414,-1.0807693218664263e-05,-1.0830195305372553e-05,3.005439588300369e-06,-3.3368996452357025e-05,1.6394526398916067e-05,0.005737758369443568,0.003830006105292799,0.003830992797078242,9.511207492401974e-06,0.0013699511958973414,0.0016111130807438389,0.0016111232379568785,7.090258104746011e-06,0.00011468736428955906,
core_N128_s2,moment3,2,128,5,0.001,73,99980,7.6278884576271155e-06,0.005738630281012749,-0.0008338384192859427,-0.0008257336438672325,8.104775418710242e-06,0.0013700612594296886,-1.0742172812603811e-05,-1.0764895728922111e-05,3.0065649159320285e-06,-3.337135805334124e-05,1.6394526398916067e-05,0.005738630281012749,0.0038275274321129538,0.003828513419932289,9.49063094551894e-06,0.0013700612594296886,0.0016112452297461146,0.0016112554010692486,7.088009870363893e-06,0.00011482150700484195,
core_N128_s2,moment3,2,128,5,0.01,73,99980,7.66415123220774e-06,0.005747156075812057,-0.0007946353155922764,-0.000786829553018828,7.80576257344845e-06,0.0013711945925709364,-1.0091207382819537e-05,-1.0116146304712748e-05,3.0178048145630533e-06,-3.339579222283451e-05,1.6394526398916067e-05,0.005747156075812057,0.003802608789954587,0.003803587805737932,9.286322715712503e-06,0.0013711945925709364,0.00161256634700407,0.001612576659231611,7.0687252952254265e-06,0.00013533073270294294,
core_N128_s2,moment3,2,128,5,0.1,73,99980,8.074840118642184e-06,0.005820993971052214,-0.0004758337073060004,-0.00047087705345162656,4.956653854373827e-06,0.0013853561967153718,-3.995115517539664e-06,-4.042847689231566e-06,3.129280126916639e-06,-9.468431731468607e-06,1.6394526398916067e-05,0.005820993971052214,0.003611062324231626,0.003611957284830894,7.78270616845489e-06,0.0013853561967153718,0.0016257395027925207,0.0016257512046662125,6.87600598670513e-06,9.246963966928756e-05,
core_N128_s2,moment3,2,128,5,1.0,73,99980,1.7821907611666756e-05,0.007680254227104562,0.0005827769975142033,0.0005715603329206065,1.1216664593596826e-05,0.001687672499705157,2.753519753921189e-05,2.7231847223470223e-05,5.49031223956932e-06,-2.6580085570687695e-05,1.7821907611666756e-05,0.007680254227104562,0.00243423024272571,0.0024346562723049775,1.1216664593596826e-05,0.001687672499705157,0.0017772884205987647,0.0017773455670109725,5.58606745157922e-06,2.6580085570687695e-05,
core_N128_s2,moment3,2,128,5,10.0,73,99980,0.008736481318336391,1.5587233643238256,0.05317443482023103,0.07356509830504114,0.020390663484810112,1.1258661312772569,9.802466557990493e-05,0.0006236217547900868,0.11523458855237748,0.03241593679360802,0.07664710903271127,4.234275844941274,0.05317443482023103,0.07356509830504114,0.020390663484810112,1.1450400838107169,0.002541272457136851,0.0023782370199572542,0.16393331862390753,0.03241593679360802,65300
core_N128_s2,moment3,2,128,5,100.0,73,99980,0.001827069906996657,1.4331985967153635,0.033818069863203695,0.061260952621260675,0.02744288275805698,0.670269463617096,3.0633485561666913e-05,-2.8361198974147775e-05,0.007591544731700625,0.03788445014313911,0.03796602853776724,4.684931005052275,0.033818069863203695,0.061260952621260675,0.02744288275805698,0.7658984942536481,0.00265941689656001,0.002171563941441449,0.12784004606578447,0.03788445014313911,27860
core_N128_s2,moment5,2,128,5,0.0001,73,99980,2.527528055823538e-06,0.1583627125080403,0.004222885597804718,0.004230632448132557,7.746850327838839e-06,0.0005061243564148203,1.937287746376433e-07,2.3313770465787362e-07,1.4761361831094813e-06,-2.1028246199872314e-08,9.86072392532107e-06,0.1583627125080403,0.004222885597804718,0.004230632448132557,7.746850327838839e-06,0.0005061243564148203,0.0016164341343002614,0.0016164529279877138,4.016534581934651e-06,4.731231637855604e-07,7760
core_N128_s2,moment5,2,128,5,0.001,73,99980,2.5266429872068042e-06,0.1583439979193624,0.004220467259318766,0.0042282078435941645,7.740584275398033e-06,0.0005059461522649929,1.936226178587982e-07,2.3300040179719542e-07,1.4751874074574156e-06,-2.59675715652552e-08,9.86072392532107e-06,0.1583439979193624,0.004220467259318766,0.0042282078435941645,7.740584275398033e-06,0.0005059461522649929,0.00161656885694352,0.0016165876584397292,4.015066715417513e-06,4.7296592461942843e-07,7760
core_N128_s2,moment5,2,128,5,0.01,73,99980,2.517842632693792e-06,0.15815829353731917,0.004196185145026357,0.004203863756742282,7.678611715924988e-06,0.0005041749358690345,1.9257254302927446e-07,2.3164221004432034e-07,1.465777932615371e-06,-7.417450621771682e-08,9.86072392532107e-06,0.15815829353731917,0.004196185145026357,0.004203863756742282,7.678611715924988e-06,0.0005041749358690345,0.0016179157016097323,0.0016179345810157506,4.000420852427778e-06,4.7140297095016326e-07,7760
core_N128_s2,moment5,2,128,5,0.1,73,99980,2.4350535980181488e-06,0.1564498223312909,0.003979159419141606,0.0039867193902621,7.55997112049378e-06,0.0004875634471697364,1.9662519470530328e-07,2.350421519841546e-07,1.3789934622312868e-06,-6.2055081152812e-06,9.86072392532107e-06,0.1564498223312909,0.003979159419141606,0.0039867193902621,7.55997112049378e-06,0.0004875634471697364,0.0016313452303075473,0.0016313648712960149,3.8802642011031085e-06,6.2055081152812e-06,6740
core_N128_s2,moment5,2,128,5,1.0,73,99980,1.9834716644595957e-06,0.14880168261333845,0.0026444870739132514,0.0026504179066370592,5.9308327238077885e-06,0.00039746387772968274,1.7342545151692007e-07,2.035550286517926e-07,9.22454470856856e-07,-1.3289410421751802e-05,9.86072392532107e-06,0.14880168261333845,0.0026444870739132514,0.0026504179066370592,5.9308327238077885e-06,0.00039746387772968274,0.0017933272122356853,0.001793366138358216,3.1869059453154704e-06,1.3289410421751802e-05,3820
core_N128_s2,moment5,2,128,5,10.0,73,99980,1.5439815379812462e-06,0.1445151101660597,0.0007089558713718885,0.0007126603244375918,3.704453065703217e-06,0.0003088897729840634,1.1087925573846918e-07,1.2977606599456577e-07,4.631360289705959e-07,-3.8744177564692395e-06,9.86072392532107e-06,0.1445151101660597,0.0007089558713718885,0.0007126603244375918,3.704453065703217e-06,0.0003088897729840634,0.0024026518503876956,0.0024026826298813534,2.4535698089877864e-06,3.8744177564692395e-06,800
core_N128_s2,moment5,2,128,5,100.0,73,99980,1.44782754773034e-06,0.1496098896172079,9.145123034570712e-05,9.507540616801591e-05,3.624175822308784e-06,0.0002884001886507033,1.244890787066481e-07,1.4397226795774717e-07,8.082401927678671e-07,-1.4521142937262699e-06,9.86072392532107e-06,0.1496098896172079,9.145123034570712e-05,9.507540616801591e-05,3.624175822308784e-06,0.0002884001886507033,0.002167657105489239,0.002167684705891261,2.4200597049968225e-06,1.4521142937262699e-06,80
core_N128_s2,moment9,2,128,5,0.0001,73,99980,6.335732260269837e-08,0.00587605229523075,0.004158101030965575,0.0041582553006159345,1.5426965035980622e-07,2.3635741965484955e-05,-1.4058910287833956e-07,-1.3967913999365559e-07,1.8071957426043536e-06,1.6341742820058514e-09,8.896021147233386e-06,0.006013423728091105,0.004183908526740457,0.004183891548910329,1.5426965035980622e-07,2.3635741965484955e-05,0.001616413073790369,0.001616432191790985,3.5937541332114505e-06,3.859718112342314e-07,
core_N128_s2,moment9,2,128,5,0.001,73,99980,6.333166886248283e-08,0.005874078783570469,0.0041551670255117745,0.0041553209414815495,1.53915969774987e-07,2.3619135668969076e-05,-1.404366120023369e-07,-1.3952767677862e-07,1.8062899557143038e-06,1.7942858865360733e-09,8.896021147233386e-06,0.006011441495700116,0.004180950122854327,0.004180932982334448,1.53915969774987e-07,2.3619135668969076e-05,0.0016165477880793033,0.001616566912853461,3.592377673310272e-06,3.857524439182525e-07,
core_N128_s2,moment9,2,128,5,0.01,73,99980,6.307701085833002e-08,0.005854668660385311,0.00412976396801977,0.00412993523154237,1.7126352259977384e-07,2.3455030980414463e-05,-1.4274081541525707e-07,-1.4181976346418964e-07,1.797320417564036e-06,3.415640714710122e-09,8.896021147233386e-06,0.005991937552520065,0.004156035989973689,0.004156033912869422,1.7126352259977384e-07,2.3455030980414463e-05,0.0016178945492261309,0.0016179137415609482,3.5787801100302653e-06,3.835745164687543e-07,
core_N128_s2,moment9,2,128,5,0.1,73,99980,6.070868096689072e-08,0.005688409089304489,0.003913473701478876,0.0039136424617323,1.6876025342449363e-07,2.198638918115441e-05,-1.3490307794575203e-07,-1.3404061621542985e-07,1.7156412806904322e-06,-1.653492356229469e-07,8.896021147233386e-06,0.005827220162289892,0.003938505218559457,0.003938511530478264,1.6876025342449363e-07,2.198638918115441e-05,0.0016313232451193162,0.0016313430958466036,3.4559386856305443e-06,3.019013962296535e-07,
core_N128_s2,moment9,2,128,5,1.0,73,99980,4.7509648789153763e-08,0.005053119196403395,0.002591406843538993,0.0025915106261618914,1.0378262289834073e-07,1.4885974364514276e-05,-9.397506613637679e-08,-9.341438601405953e-08,1.3000925899897258e-06,-9.493606025201551e-07,8.896021147233386e-06,0.005205020060254444,0.00260956118767168,0.002609555003375022,1.0378262289834073e-07,1.4885974364514276e-05,0.0017932581160759757,0.001793291837520075,2.8497603783955304e-06,9.493606025201551e-07,
core_N128_s2,moment9,2,128,5,10.0,73,99980,3.118949582352116e-08,0.004476624967905033,0.000675058698440742,0.0006751171025189268,5.8404078184803865e-08,7.4984664889571056e-06,-6.003955680630407e-08,-5.973885161169218e-08,8.443613099928132e-07,3.230083460148414e-07,8.896021147233386e-06,0.004743904037741943,0.0006873511914175789,0.000687346361014099,5.8404078184803865e-08,7.4984664889571056e-06,0.0024025636249313076,0.002402586434376297,2.2503650450394355e-06,3.230083460148414e-07,
core_N128_s2,moment9,2,128,5,100.0,73,99980,1.6207010214781076e-08,0.0034856565264895297,5.930979289747729e-05,5.935325470285413e-05,4.346180537684319e-08,4.671703325767096e-06,-4.118390319615185e-08,-4.1024222623841395e-08,4.3691009729022636e-07,4.9320358283533317e-08,8.896021147233386e-06,0.0046751553874594615,6.924978388023195e-05,6.924923854399745e-05,4.346180537684319e-08,4.671703325767096e-06,0.002167563558623152,0.0021675824249183426,2.2437537922506486e-06,4.9320358283533317e-08,
core_N128_s2,sine,2,128,7,0.0001,73,99980,6.50390102811439e-08,0.00011590680130286866,-0.0008635536824096735,-0.0008637494692209646,1.9578681129117648e-07,1.7016168914311677e-05,-7.987831627435915e-06,-7.988567392309455e-06,3.613964453923801e-08,-4.2950734149838077e-07,2.877465643648918e-07,0.00014931362308579424,0.001102092460732354,0.001102080542959738,1.9578681129117648e-07,1.7016168914311677e-05,0.0006976201721592518,0.000697621272430802,1.1411587755336325e-07,4.763299561172385e-07,
core_N128_s2,sine,2,128,7,0.001,73,99980,6.501765560881631e-08,0.00011588092127370908,-0.0008625553593495094,-0.0008627510053652448,1.9564601573540674e-07,1.7010235430649678e-05,-7.974516860574145e-06,-7.975252000005838e-06,3.612766374387509e-08,-4.291280357449079e-07,2.877465643648918e-07,0.00014928429858737736,0.001101532095730759,0.0011015201882399184,1.9564601573540674e-07,1.7010235430649678e-05,0.0006976201721592518,0.000697621272430802,1.140764550742129e-07,4.7619502575868555e-07,
core_N128_s2,sine,2,128,7,0.01,73,99980,6.480658954274774e-08,0.0001156244374491304,-0.0008529927448269331,-0.000853187000213862,1.9425538692885436e-07,1.695169127104495e-05,-7.842954272871053e-06,-7.843683220178704e-06,3.600905115409346e-08,-4.253773578100084e-07,2.877465643648918e-07,0.0001489912214764196,0.0010957221810879852,0.0010957103747838426,1.9425538692885436e-07,1.695169127104495e-05,0.0006976201721592518,0.000697621272430802,1.1368298607232216e-07,5.77223869979715e-07,
core_N128_s2,sine,2,128,7,0.1,73,99980,6.291345968085952e-08,0.00011325591927805059,-0.0007934814621552294,-0.0007936633545808924,1.8189242566302166e-07,1.6434532044213616e-05,-6.671858793654211e-06,-6.67253149026202e-06,3.492525319577066e-08,-2.7693552444307823e-07,2.877465643648918e-07,0.00014657237143566142,0.0010632145972779422,0.0010632039394546794,1.8189242566302166e-07,1.6434532044213616e-05,0.0006976201721592518,0.000697621272430802,1.0980981210129574e-07,3.701330981015216e-07,
core_N128_s2,sine,2,128,7,1.0,73,99980,5.39736874418557e-08,9.955354541922908e-05,-0.0007109687259967828,-0.0007111283299849891,1.5960398820624722e-07,1.4048272313615096e-05,-5.072835433681141e-06,-5.073364568640757e-06,2.910731527060356e-08,5.418039036725331e-07,2.877465643648918e-07,0.00013820856895274084,0.000899921369584944,0.0008999161684930951,1.5960398820624722e-07,1.4048272313615096e-05,0.0007124237320404364,0.000712421844048379,9.21080591950406e-08,5.418039036725331e-07,
core_N128_s2,sine,2,128,7,10.0,73,99980,9.589820888928499e-08,0.00015023750748004505,-0.0005523545828392262,-0.0005524226680743288,6.808523510259956e-08,1.2978585909183955e-05,2.323897977260141e-06,2.3241590689898663e-06,5.598729370158141e-08,1.5397373652470403e-07,2.877465643648918e-07,0.00015023750748004505,0.0005920824353350812,0.0005921557205787048,7.328524362359978e-08,1.2978585909183955e-05,0.0006976201721592518,0.000697621272430802,7.511703888962114e-08,1.5397373652470403e-07,
core_N128_s2,sine,2,128,7,100.0,73,99980,0.02301462361189406,1.1513011422406954,0.0172808458429079,0.01531723687882941,0.0019636089640784893,0.25207379876595665,4.2892230596236755e-05,6.20241684336601e-05,0.024374145261894225,-0.0008994838245473952,0.02301462361189406,1.1513011422406954,0.0172808458429079,0.01531723687882941,0.0019636089640784893,0.25207379876595665,0.0007438466670197554,0.0007438451518732554,0.024374145261894225,0.0008994838245473952,99980
core_N128_s2,runge,2,128,7,0.0001,73,99980,1.551545885977551e-05,0.004878021566973128,0.008087575695898755,0.008093281500558436,5.7058046596808465e-06,0.0005675009580670422,6.811726412317166e-05,6.824859061620948e-05,8.393015624999403e-06,-5.339014417168886e-06,1.551545885977551e-05,0.004878021566973128,0.008087575695898755,0.008093281500558436,5.7058046596808465e-06,0.0005675009580670422,6.811726412317166e-05,6.824859061620948e-05,8.393015624999403e-06,5.339014417168886e-06,
core_N128_s2,runge,2,128,7,0.001,73,99980,1.5540416334714398e-05,0.004883841054516694,0.008087795364985828,0.008093504164481749,5.708799495920958e-06,0.0005679390160287389,6.813848630515153e-05,6.826998130525227e-05,8.405772054035332e-06,-5.3438266776340004e-06,1.5540416334714398e-05,0.004883841054516694,0.008087795364985828,0.008093504164481749,5.708799495920958e-06,0.0005679390160287389,6.813848630515153e-05,6.826998130525227e-05,8.405772054035332e-06,5.3438266776340004e-06,
core_N128_s2,runge,2,128,7,0.01,73,99980,1.5791606980394625e-05,0.0049422157524727965,0.008090231165629874,0.00809597025729461,5.7390916647359624e-06,0.0005723497738224741,6.835208993361539e-05,6.848528210231619e-05,8.53447698187185e-06,-5.3920007539176584e-06,1.5791606980394625e-05,0.0049422157524727965,0.008090231165629874,0.00809597025729461,5.7390916647359624e-06,0.0005723497738224741,6.835208993361539e-05,6.848528210231619e-05,8.53447698187185e-06,5.3920007539176584e-06,
core_N128_s2,runge,2,128,7,0.1,73,99980,1.8481998333884895e-05,0.005547002659316004,0.00813586941058514,0.008141945253350671,6.075842765532191e-06,0.0006196578225726857,7.06172998777872e-05,7.076876360957772e-05,9.943630690886802e-06,-5.882851691382807e-06,1.8481998333884895e-05,0.005547002659316004,0.00813586941058514,0.008141945253350671,6.075842765532191e-06,0.0006196578225726857,7.06172998777872e-05,7.076876360957772e-05,9.943630690886802e-06,5.882851691382807e-06,
core_N128_s2,runge,2,128,7,1.0,73,99980,8.586238670634708e-05,0.016332041125309022,0.009609044236759234,0.009622606867072087,1.3562630312852209e-05,0.0016330991972717235,0.00010262936483622537,0.0001032213778969469,5.123986410300028e-05,9.030404406473735e-07,8.586238670634708e-05,0.016332041125309022,0.009609044236759234,0.009622606867072087,1.3562630312852209e-05,0.0016330991972717235,0.00010262936483622537,0.0001032213778969469,5.123986410300028e-05,9.030404406473735e-07,
core_N128_s2,runge,2,128,7,10.0,73,99980,0.0035242438891753686,1.3141447779946753,0.018249923987275873,0.018123852263122353,0.0001260717241535203,0.2713134042915374,1.0857376558185867e-05,2.8799362471893426e-05,0.008450019779077333,-0.00011967763125604602,0.009311495960397913,1.4980641207980858,0.018249923987275873,0.018123852263122353,0.0007321066752738192,0.2713134042915374,0.0002536939056328889,0.00025731681700183695,0.010590404071075763,0.0001857504916616265,65300
core_N128_s2,runge,2,128,7,100.0,73,99980,0.0021028615557488702,0.6975853919072698,0.01208045335558755,0.012739441686229341,0.000658988330641791,0.31098456089707993,1.6037444495679815e-05,1.1998192353617136e-05,0.0050661743732833735,0.0001273063149751369,0.003541153033226084,1.5059145029189993,0.01208045335558755,0.012739441686229341,0.0007168840358513368,0.31098456089707993,0.0003650918523298218,0.00036585227923586295,0.0050661743732833735,0.0001649472202085167,27860
core_N128_s2,moment3,2,128,7,0.0001,73,99980,4.2899059048454043e-07,0.00032284174603812676,-0.0008378397846491581,-0.0008382251331779805,3.8534852882243786e-07,7.807790377983513e-05,-1.0807693218664263e-05,-1.080616684474334e-05,1.1313000096437706e-07,1.7409195591511217e-06,7.659204221405481e-07,0.00032284174603812676,0.003830006105292799,0.0038299538350251017,4.6276906601194767e-07,7.807790377983513e-05,0.0016111130807438389,0.001611113168997597,3.0749211497977905e-07,5.5155389609012895e-06,
core_N128_s2,moment3,2,128,7,0.001,73,99980,4.2909192524247587e-07,0.0003228154068079457,-0.0008338384192859427,-0.0008342223949431987,3.8397565725600824e-07,7.808443706397177e-05,-1.0742172812603811e-05,-1.0740636558774373e-05,1.1316897446677059e-07,1.740885286996563e-06,7.659204221405481e-07,0.0003228154068079457,0.0038275274321129538,0.0038274751972619536,4.618183344212712e-07,7.808443706397177e-05,0.0016112452297461146,0.001611245317429531,3.073418823213347e-07,5.5215068965885905e-06,
core_N128_s2,moment3,2,128,7,0.01,73,99980,4.3013026471778017e-07,0.0003225439698886716,-0.0007946353155922764,-0.0007950056258468619,3.7031025458544864e-07,7.815047452884931e-05,-1.0091207382819537e-05,-1.0089571926497148e-05,1.1356108358386774e-07,1.7405971330514136e-06,7.659204221405481e-07,0.0003225439698886716,0.003802608789954587,0.0038025569058986602,4.5237926565855346e-07,7.815047452884931e-05,0.00161256634700407,0.0016125664289910974,3.058412788962277e-07,6.494005142562709e-06,
core_N128_s2,moment3,2,128,7,0.1,73,99980,4.4337309231324107e-07,0.00031961897193775486,-0.0004758337073060004,-0.0004760735329978061,2.3982569180569513e-07,7.886377864764938e-05,-3.995115517539664e-06,-3.992452960893678e-06,1.1764029602259058e-07,6.487283713413339e-07,7.659204221405481e-07,0.00031961897193775486,0.003611062324231626,0.0036110162321460887,3.879375116006001e-07,7.886377864764938e-05,0.0016257395027925207,0.0016257395285105645,2.9294285503608515e-07,4.227604959217146e-06,
core_N128_s2,moment3,2,128,7,1.0,73,99980,9.274094799381366e-07,0.00039966207511304557,0.0005827769975142033,0.0005833282431810249,5.512456668216315e-07,9.239718775500173e-05,2.753519753921189e-05,2.7550321008879135e-05,2.2649867723484376e-07,1.6291361417952732e-06,9.274094799381366e-07,0.00039966207511304557,0.00243423024272571,0.0024342090758431717,5.512456668216315e-07,9.239718775500173e-05,0.0017772884205987647,0.001777286390460324,2.2649867723484376e-07,1.6291361417952732e-06,
core_N128_s2,moment3,2,128,7,10.0,73,99980,0.0036533250459216543,0.6518096816158306,0.05317443482023103,0.03200609677462027,0.02116833804561076,0.484050868423639,9.802466557990493e-05,0.00016591965129327655,0.03992975899015703,-0.025191713997061133,0.08619094447379262,1.027550229863202,0.05317443482023103,0.03200609677462027,0.02327696853542513,0.6001727876128095,0.002541272457136851,0.002378162954069419,0.10937812717621784,0.02673218903956219,75260
core_N128_s2,moment3,2,128,7,100.0,73,99980,0.0008716295389867829,0.6837276599804466,0.033818069863203695,0.0266187678212067,0.007199302041996994,0.13069070261434046,3.0633485561666913e-05,1.55565157561961e-05,0.015919936511150756,-0.010999530669320579,0.012781915838426748,0.6837276599804466,0.033818069863203695,0.0266187678212067,0.007199302041996994,0.18064219661163866,0.00265941689656001,0.0028041962504589605,0.027074161791202127,0.010999530669320579,27860
core_N128_s2,moment5,2,128,7,0.0001,73,99980,2.2866105979622226e-07,0.014326798703919548,0.004222885597804718,0.004222303823514836,5.817742898817091e-07,4.566155766789434e-05,1.937287746376433e-07,1.907874339661655e-07,9.557679830703215e-08,1.576849387174839e-09,4.6114496993702446e-07,0.014336274287706804,0.004222885597804718,0.004222303823514836,5.817742898817091e-07,4.566155766789434e-05,0.0016164341343002614,0.0016164335441021841,1.6629723653095348e-07,2.3418477795855708e-08,
core_N128_s2,moment5,2,128,7,0.001,73,99980,2.285436571300984e-07,0.014322766038702629,0.004220467259318766,0.004219885981337504,5.812779812625068e-07,4.563853166413286e-05,1.936226178587982e-07,1.906837684217215e-07,9.553479097724251e-08,1.937558335995959e-09,4.6114496993702446e-07,0.0143322686424436,0.004220467259318766,0.004219885981337504,5.812779812625068e-07,4.563853166413286e-05,0.00161656885694352,0.001616568266453464,1.6623437338122108e-07,2.341319592369384e-08,
core_N128_s2,moment5,2,128,7,0.01,73,99980,2.2738447547549025e-07,0.014283156600460804,0.004196185145026357,0.004195608771742659,5.763732836977509e-07,4.541122410801302e-05,1.9257254302927446e-07,1.8965831450504008e-07,9.511656730610416e-08,5.452278045714465e-09,4.6114496993702446e-07,0.014292970445801127,0.004196185145026357,0.004195608771742659,5.763732836977509e-07,4.541122410801302e-05,0.0016179157016097323,0.0016179151082060291,1.6560557046181007e-07,2.3360367293334683e-08,
core_N128_s2,moment5,2,128,7,0.1,73,99980,2.1714194237605963e-07,0.013951158337153258,0.003979159419141606,0.003978597404408132,5.620147334739478e-07,4.3405650189610324e-05,1.9662519470530328e-07,1.9378489881069998e-07,9.114096268367756e-08,4.7358552632270623e-07,4.6114496993702446e-07,0.013966431327160645,0.003979159419141606,0.003978597404408132,5.620147334739478e-07,4.3405650189610324e-05,0.0016313452303075473,0.001631344608373964,1.5930728725910136e-07,4.7358552632270623e-07,
core_N128_s2,moment5,2,128,7,1.0,73,99980,1.7555849034237362e-07,0.013170542956619522,0.0026444870739132514,0.0026440620239989027,4.2504991434877404e-07,3.526865199156749e-05,1.7342545151692007e-07,1.712799189034665e-07,6.89899985378806e-08,9.378224058026463e-07,4.6114496993702446e-07,0.013239417373319032,0.0026444870739132514,0.0026440620239989027,4.2504991434877404e-07,3.526865199156749e-05,0.0017933272122356853,0.0017933256833327714,1.2507063596633152e-07,9.378224058026463e-07,
core_N128_s2,moment5,2,128,7,10.0,73,99980,1.4348206535503088e-07,0.013429776180321092,0.0007089558713718885,0.0007086987866151417,2.570847567467949e-07,2.8888908509461057e-05,1.1087925573846918e-07,1.0957864904018024e-07,5.393488927882293e-08,3.761449876710232e-07,4.6114496993702446e-07,0.01350862050294648,0.0007089558713718885,0.0007086987866151417,2.570847567467949e-07,2.8888908509461057e-05,0.0024026518503876956,0.0024026505391290657,9.072079835055646e-08,3.761449876710232e-07,
core_N128_s2,moment5,2,128,7,100.0,73,99980,1.3152569185278936e-07,0.013591082909542543,9.145123034570712e-05,9.120570030891895e-05,2.455300367881774e-07,2.675295137026811e-05,1.244890787066481e-07,1.2319461025416537e-07,1.3153466811668547e-07,1.4053762938115444e-07,4.6114496993702446e-07,0.013591082909542543,9.145123034570712e-05,9.120570030891895e-05,2.455300367881774e-07,2.675295137026811e-05,0.002167657105489239,0.002167655870497007,1.3153466811668547e-07,1.4053762938115444e-07,
core_N128_s2,moment9,2,128,7,0.0001,73,99980,3.6332553341292285e-09,0.0003369649705551188,0.004158101030965575,0.0041580902101617245,1.0820803850175587e-08,1.248159320326648e-06,-1.4058910287833956e-07,-1.4064327465492345e-07,8.098682832397515e-08,-3.321350139362522e-11,3.797859474882348e-07,0.0003446653898084224,0.004183908526740457,0.004183907890832256,1.0820803850175587e-08,1.248159320326648e-06,0.001616413073790369,0.0016164123269108046,1.3198828526794154e-07,1.7215517927882118e-08,
core_N128_s2,moment9,2,128,7,0.001,73,99980,3.6313283074117236e-09,0.00033680951331099704,0.0041551670255117745,0.004155156223090178,1.0802421596123324e-08,1.2472861712162996e-06,-1.404366120023369e-07,-1.4049072421933893e-07,8.094270121806519e-08,-3.4331107401364136e-11,3.797859474882348e-07,0.0003445069614207342,0.004180950122854327,0.004180949494221112,1.0802421596123324e-08,1.2472861712162996e-06,0.0016165477880793033,0.0016165470409878506,1.3192748988127909e-07,1.720735547106056e-08,
core_N128_s2,moment9,2,128,7,0.01,73,99980,3.6122678148295783e-09,0.00033528271046167284,0.00412976396801977,0.0041297525140845115,1.14539352585874e-08,1.2386701387792898e-06,-1.4274081541525707e-07,-1.427957315086917e-07,8.050645203573552e-08,-4.737384096120678e-11,3.797859474882348e-07,0.00034295041341997313,0.004156035989973689,0.004156034860789817,1.14539352585874e-08,1.2386701387792898e-06,0.0016178945492261309,0.0016178938000216971,1.3141257986053073e-07,1.712597780256786e-08,
core_N128_s2,moment9,2,128,7,0.1,73,99980,3.440536326448533e-09,0.00032237857584363976,0.003913473701478876,0.003913462727230227,1.0974248648709661e-08,1.1624625553579626e-06,-1.3490307794575203e-07,-1.3495467974626e-07,7.658880852972083e-08,9.3086125058095e-09,3.797859474882348e-07,0.0003299175469905004,0.003938505218559457,0.003938503950572658,1.0974248648709661e-08,1.1624625553579626e-06,0.0016313232451193162,0.001631322475366797,1.2658390487890527e-07,1.1978405267676351e-08,
core_N128_s2,moment9,2,128,7,1.0,73,99980,2.601729485299635e-09,0.0002767195620485765,0.002591406843538993,0.002591399984259113,6.8592798802002974e-09,8.008517780277515e-07,-9.397506613637679e-08,-9.400845632808311e-08,5.754184153838984e-08,3.857838588861018e-08,3.797859474882348e-07,0.00028415036379991727,0.00260956118767168,0.0026095608607968473,6.8592798802002974e-09,8.008517780277515e-07,0.0017932581160759757,0.0017932568380380073,1.0174657841021153e-07,3.857838588861018e-08,
core_N128_s2,moment9,2,128,7,10.0,73,99980,1.6725656000966463e-09,0.00024006315998879174,0.000675058698440742,0.0006750552569911444,3.4414495975187975e-09,4.029851657560332e-07,-6.003955680630407e-08,-6.00564848000925e-08,3.708844328099774e-08,-1.0382696813415748e-08,3.797859474882348e-07,0.0002516555280699882,0.0006873511914175789,0.0006873512808098642,3.4414495975187975e-09,4.029851657560332e-07,0.0024025636249313076,0.0024025627922068544,7.69068048892245e-08,1.0382696813415748e-08,
core_N128_s2,moment9,2,128,7,100.0,73,99980,9.537731608627723e-10,0.00020512886700841618,5.930979289747729e-05,5.930731039423265e-05,2.482503244638501e-09,2.575779572042142e-07,-4.118390319615185e-08,-4.119349833768837e-08,1.8737615928801652e-08,-1.5988230184227348e-09,3.797859474882348e-07,0.0002457461932064314,6.924978388023195e-05,6.924979475032844e-05,2.482503244638501e-09,2.575779572042142e-07,0.002167563558623152,0.0021675628630880763,7.538098418347443e-08,1.5988230184227348e-09,
core_N128_s3,sine,3,128,1,0.0001,73,99980,0.0005208524034609628,1.0000000000000049,-0.0013799189252987204,0.0007698466525445924,0.002149765577843313,0.12030803627848248,-9.172170035313838e-06,6.2784742199095294e-18,0.0006752267641072723,0.0017662025017831234,0.006434236484008626,1.000004843191076,0.0013799189252987204,0.0007698466525445924,0.002149765577843313,0.12030803627848248,0.0016407478432267576,0.0016605480284506637,0.0037556227243915213,0.0017662025017831234,1620
core_N128_s3,sine,3,128,1,0.001,73,99980,0.0005207665636758288,1.0000000000000053,-0.0013777771634453373,0.0007694735866888014,0.0021472507501341387,0.12028070522788258,-9.15662020605976e-06,6.289414726056211e-18,0.0006750356616219665,0.001866493280438919,0.006434236484008626,1.0000051730246722,0.0013777771634453373,0.0007694735866888014,0.0021472507501341387,0.12028070522788258,0.0016407478432267576,0.0016605480284506637,0.0037551180195535255,0.001866493280438919,1620
core_N128_s3,sine,3,128,1,0.01,73,99980,0.0005199187302876159,1.0000000000000095,-0.0013570859819937858,0.0007653580864318416,0.0021224440684256274,0.12001006649614399,-9.002908009568642e-06,6.397688580447494e-18,0.0006731166374200549,0.0013812636120851263,0.006434236484008626,1.0000251868452452,0.0013570859819937858,0.0007653580864318416,0.0021224440684256274,0.12001006649614399,0.0016407478432267576,0.0016605480284506637,0.003749940988416349,0.0013812636120851263,1620
core_N128_s3,sine,3,128,1,0.1,73,99980,0.0005124593154050479,1.0000000000000517,-0.0011769012743384627,0.0007489101566845041,0.0019258114310229668,0.11756513386664111,-8.36166841397609e-06,6.3900409635146954e-18,0.0006535195999752825,0.0015196312086667996,0.006434236484008626,1.0005163512746766,0.0011769012743384627,0.0007489101566845041,0.0019258114310229668,0.11756513386664111,0.0016407478432267576,0.0016605480284506637,0.0037164065365174865,0.0028293578508491735,1620
core_N128_s3,sine,3,128,1,1.0,73,99980,0.0004893731974720503,1.000000000000104,-0.0009555049185191733,0.0005217573570776707,0.001477262275596844,0.1076932222396832,-5.2983962326646564e-06,2.4586765074822758e-18,0.0005145607233001979,-0.0004246911840169315,0.006434236484008626,1.017371530482153,0.0009555049185191733,0.0005217573570776707,0.001477262275596844,0.1076932222396832,0.0016407478432267576,0.0016605480284506637,0.003461415335921,0.0004246911840169315,920
core_N128_s3,sine,3,128,1,10.0,73,99980,0.0005873854044946853,1.0000000000000686,-0.0005703856829171045,0.0001917369655173723,0.0007621226484344767,0.10644878458004457,1.8009746174559959e-06,1.7005479643622077e-18,0.000355573312869968,0.00023356926898998598,0.006434236484008626,1.081737716589472,0.0005871288010469017,0.0001917369655173723,0.000778865766564274,0.10644878458004457,0.0016407478432267576,0.0016605480284506637,0.0031669263002036697,0.00023356926898998598,200
core_N128_s3,sine,3,128,1,100.0,73,99980,0.04450822656885299,1.0,0.01583851095134664,1.6724199358914005e-05,0.015821786751987726,0.8093408637533256,0.0008704589970163191,-0.0,0.027014654045383845,-0.006597753568249987,0.04450822656885299,1.0539930920516107,0.01583851095134664,1.6724199358914005e-05,0.015821786751987726,0.8093408637533256,0.0016407478432267576,0.0016605480284506637,0.027014654045383845,0.006597753568249987,17
core_N128_s3,runge,3,128,1,0.0001,73,99980,0.0032417380777381047,0.9999999999999967,0.007273444745226995,-0.0004405456722621215,0.007713990417489117,0.46244654412661346,6.423444936322528e-05,-2.1165814917888826e-18,0.003487448972630526,0.0008831638133654646,0.0032417380777381047,0.9999999999999967,0.007273444745226995,0.0004405456722621215,0.007713990417489117,0.46244654412661346,0.00036059987361436083,0.0003632572318842,0.003487448972630526,0.0025737109615611015,520
core_N128_s3,runge,3,128,1,0.001,73,99980,0.003243701678233497,0.9999999999999967,0.007275620124175097,-0.0004400081926899668,0.007715628316865064,0.4625318839246576,6.426665709691565e-05,-2.114174500075588e-18,0.003489908341545089,0.000868977418127373,0.003243701678233497,0.9999999999999967,0.007275620124175097,0.0004400081926899668,0.007715628316865064,0.4625318839246576,0.00036059987361436083,0.0003632572318842,0.003489908341545089,0.0025607563412768375,520
core_N128_s3,runge,3,128,1,0.01,73,99980,0.003263393630435256,0.9999999999999973,0.007297301964573025,-0.0004347077256366544,0.007732009690209679,0.46338443369445326,6.458815349752345e-05,-1.997685491397946e-18,0.0035145829838355673,0.0007286857436000771,0.003263393630435256,0.9999999999999973,0.007297301964573025,0.0004347077256366544,0.007732009690209679,0.46338443369445326,0.00036059987361436083,0.0003632572318842,0.0035145829838355673,0.0024326026256300814,520
core_N128_s3,runge,3,128,1,0.1,73,99980,0.0034663224616596966,1.0000000000000002,0.007511348548926336,-0.00038826929877101846,0.007899617847697354,0.47186386078525333,6.789869973235444e-05,-2.4549748822721006e-18,0.003769799137472444,-0.0005338393340141301,0.0034663224616596966,1.0000010205664756,0.007511348548926336,0.00038826929877103233,0.007899617847697354,0.47186386078525333,0.00036059987361436083,0.0003632572318842,0.003769799137472444,0.0015781825274827632,520
core_N128_s3,runge,3,128,1,1.0,73,99980,0.006499453956835095,1.0000000000000033,0.009666866627189685,-0.00017283178838593816,0.009839698415575623,0.5703360384228859,0.00010673158085627639,-1.0577280621585675e-18,0.007802922501437895,-0.00045030035776631727,0.006499453956835095,1.0000781738917643,0.009666866627189685,0.00017283178838595203,0.009839698415575623,0.5703360384228859,0.00036059987361436083,0.0003632572318842,0.007802922501437895,0.0025242181315967283,260
core_N128_s3,runge,3,128,1,10.0,73,99980,0.0026824297493677654,0.9999999999999999,0.01743812660008877,-3.352155223347586e-05,0.017471648152322244,1.1075738298360727,4.203124096763834e-06,-2.6114914609120935e-21,0.11158374386658583,-0.0025604212727888404,0.019274433565336573,1.000237041343614,0.01743812660008877,3.352155223347586e-05,0.017471648152322244,1.1075738298360727,0.00036059987361436083,0.0003632572318842,0.11158374386658583,0.0030128146945425233,40
core_N128_s3,runge,3,128,1,100.0,73,99980,0.0029652694092395875,0.9999999999999999,0.015342264321681814,-3.6047173903180907e-06,0.015345869039072133,0.8200289659619342,3.935932772779521e-06,-2.0453019627493653e-21,0.10962932395831484,-0.0022469228522280643,0.021886259390960984,1.0001820653599165,0.015342264321681814,3.6047173903180907e-06,0.015345869039072133,0.8200289659619342,0.0004098856321184281,0.0003632572318842,0.10962932395831484,0.0022469228522280643,4
core_N128_s3,moment3,3,128,1,0.0001,73,99980,0.0012380849878951244,1.0000000000000009,-0.0020429818750675593,0.0042797181149241,0.006322699989991659,0.31985365689514533,-1.8900802098065266e-05,7.919678555707929e-18,0.0018089820165299493,0.0012686103622401995,0.007679253346672297,1.0000008535412628,0.004000230528474064,0.0042797181149241414,0.006322699989991659,0.31985365689514533,0.0016278083900099708,0.00166985157123274,0.004870931865934042,0.002691727555079057,1220
core_N128_s3,moment3,3,128,1,0.001,73,99980,0.0012380333483966042,1.000000000000001,-0.002040589265560902,0.004276613520736078,0.00631720278629698,0.3197838589766168,-1.8843016792585344e-05,7.928593420540918e-18,0.0018086267767867305,0.0013282130579506252,0.007679253346672297,1.0000016004516812,0.003997132839573758,0.004276613520736106,0.00631720278629698,0.3197838589766168,0.0016279975012414892,0.0016700486481420714,0.004869208969865618,0.002652250058197747,1220
core_N128_s3,moment3,3,128,1,0.01,73,99980,0.0012376122108362175,1.0000000000000029,-0.002017457846330728,0.0042455957912684444,0.0062630536375991724,0.31909987393760564,-1.8270634550089814e-05,7.400044621682862e-18,0.001805053929388941,0.0018040042719724564,0.007679253346672297,1.000008894935277,0.003966107548472458,0.004245595791268472,0.0062630536375991724,0.31909987393760564,0.0016298857001208835,0.0016733811178144915,0.004852236649774928,0.0027460219604305836,1220
core_N128_s3,moment3,3,128,1,0.1,73,99980,0.0012420588262947454,1.0000000000000215,-0.0017908591268226831,0.003976714083984756,0.005767573210807439,0.3135399283678736,-1.6265986030683587e-05,7.719300620430853e-18,0.001768076318332624,0.0006264345494540469,0.007679253346672297,1.000746884554758,0.003699143509728761,0.0039767140839850335,0.005767573210807439,0.3135399283678736,0.0016669429917539704,0.0017123820422293387,0.004708010328323497,0.001327861818475204,1220
core_N128_s3,moment3,3,128,1,1.0,73,99980,0.0016345272486574737,1.0000000000001175,-0.001160818730153848,0.0025391557847045526,0.0036999745148584007,0.3118741254996312,5.754382402639565e-06,1.5963660545468447e-17,0.001532586565040285,0.0002650064781342526,0.007679253346672297,1.0272256041635044,0.0024223686017021406,0.0025391557847045526,0.003765933381402839,0.3118741254996312,0.0018070909908786737,0.0018552866472766301,0.004094883084235308,0.0002650064781342526,700
core_N128_s3,moment3,3,128,1,10.0,73,99980,0.010420691632700568,1.0,0.05735265601421881,0.0005506020899022079,0.0568020539243166,2.2269201964262013,0.00017920708557340046,-0.0,0.23136689368165853,-0.05667785069931927,0.15764861562984087,1.097407070506651,0.05735265601421881,0.0005506020899022079,0.0568020539243166,2.2269201964262013,0.0041132582146995115,0.0019851003112664875,0.23136689368165853,0.05667785069931927,140
core_N128_s3,moment3,3,128,1,100.0,73,99980,0.0021875185553907944,1.0,0.03686045766102379,5.907774840947788e-05,0.03680137991261431,1.2281140619526132,4.768199858675225e-05,-0.0,0.2580479655402329,-0.035628295568632326,0.28326878511828907,1.1001121294448344,0.03686045766102379,5.907774840947788e-05,0.03680137991261431,1.4429991723274025,0.005435313343936254,0.002107894794479502,0.2580479655402329,0.035628295568632326,14
core_N128_s3,moment5,3,128,1,0.0001,73,99980,1.8074891821056663e-05,0.9999999999999477,0.004428194645073727,0.0042797181149241414,0.0001484765301495855,0.009783335613230493,1.51561594485656e-07,8.528884598454694e-18,0.0007096938708657599,0.0006055883422085712,0.005757210517614869,0.9999999999999477,0.004428194645073727,0.004279718114924155,0.0001484765301495855,0.009783335613230493,0.0016496983658983218,0.0016698515712327395,0.003997771788018972,0.0006818369404267138,1620
core_N128_s3,moment5,3,128,1,0.001,73,99980,1.8067244728848957e-05,0.9999999999999417,0.004424510354275976,0.004276613520736064,0.00014789683353991223,0.009771341513168233,1.5148385731108915e-07,8.538485222120985e-18,0.0007093277523025245,0.0006043261670946737,0.005757210517614869,0.9999999999999417,0.004424510354275976,0.004276613520736078,0.00014789683353991223,0.009771341513168233,0.0016501218354668511,0.0016700486481420703,0.0039953894687548746,0.000680500516266877,1620
core_N128_s3,moment5,3,128,1,0.01,73,99980,1.799156509323646e-05,0.9999999999999083,0.004387749886284431,0.0042455957912684444,0.00014215409501598664,0.00965346757742215,1.5071554304025685e-07,6.783374236542624e-18,0.0007057104231429548,0.0004778296906660373,0.005757210517614869,0.9999999999999089,0.004387749886284431,0.004245595791268472,0.00014215409501598664,0.00965346757742215,0.0016543309447297702,0.0016733811178144906,0.003971910985919847,0.0006325014991965389,1620
core_N128_s3,moment5,3,128,1,0.1,73,99980,1.730677311706331e-05,0.999999999999453,0.004090290843100586,0.003976714083984756,0.00011357675911582987,0.00864870838303868,1.6184195707684246e-07,6.531715909595336e-18,0.000673430848910087,-8.822610034091294e-05,0.005757210517614869,0.999999999999453,0.004090290843100586,0.0039767140839850335,0.00011357675911582987,0.00864870838303868,0.0016939202449317934,0.001712382042229339,0.003770578079112038,0.0008630052543492084,1420
core_N128_s3,moment5,3,128,1,1.0,73,99980,1.4015567018261603e-05,0.999999999992118,0.002628479455224625,0.002539155784704525,8.932367052010004e-05,0.0048314154514567135,1.3845724241377987e-07,1.596366054546845e-17,0.0005247096887548856,-2.485586261796735e-05,0.005757210517614869,0.9999999999921979,0.002628479455224625,0.002539155784704525,8.932367052010004e-05,0.0048314154514567135,0.0018289110278647885,0.0018552866472766297,0.0031322948160886393,0.00011985991664111018,920
core_N128_s3,moment5,3,128,1,10.0,73,99980,1.109177365548224e-05,0.999999999998987,0.0005856141908722468,0.0005506020899022079,3.501210097003882e-05,0.0023957024656998988,1.1677927904701776e-07,9.412378827860653e-19,0.00038646147214589204,2.9156760069717902e-05,0.005757210517614869,0.9999999999990195,0.0005856141908722468,0.0005506020899022079,3.501210097003882e-05,0.0023957024656998988,0.00196552233132565,0.001985100311266486,0.00280771949661046,2.9156760069717902e-05,160
core_N128_s3,moment5,3,128,1,100.0,73,99980,9.960028855028868e-06,1.0000000000014366,8.509592583520742e-05,5.9077748409464004e-05,2.6018177425743416e-05,0.002061994617418855,1.378654457918e-07,-9.590587282746234e-19,0.0002960795403446792,3.555302777348557e-05,0.005757210517614869,1.0000000000014366,8.509592583520742e-05,5.907774840947788e-05,2.6018177425743416e-05,0.002061994617418855,0.0020924050557520548,0.002107894794479502,0.0029354686917613883,3.555302777348557e-05,16
core_N128_s3,moment9,3,128,1,0.0001,73,99980,1.2096432530945165e-05,1.0000000000002187,0.004363423639525896,0.0042797181149241414,8.370552460175429e-05,0.010000279546005799,-1.7525353740328425e-07,9.138090641201458e-18,0.0007113384672708774,0.0006944287330766935,0.005762705146116281,1.0000027703369396,0.00439551994025629,0.004279718114924155,0.00011615458688495062,0.010000279546005799,0.0016495641381787153,0.00166985157123274,0.003999634062911867,0.0006944287330766935,1620
core_N128_s3,moment9,3,128,1,0.001,73,99980,1.208971973512338e-05,1.000000000000228,0.004359792380587743,0.004276613520736078,8.317885985166529e-05,0.009986999444903916,-1.7506153897227127e-07,9.148377023701058e-18,0.0007109720254908995,0.000693007055388245,0.005762705146116281,1.0000028690217402,0.004391855263084776,0.004276613520736106,0.0001155945429412164,0.009986999444903916,0.001649987583795165,0.0016700486481420716,0.003997253821466789,0.000693007055388245,1620
core_N128_s3,moment9,3,128,1,0.01,73,99980,1.2023312071908566e-05,1.0000000000002347,0.004323553878561204,0.0042455957912684306,7.79580872927732e-05,0.009856415370705614,-1.7317526800048798e-07,6.783374236542624e-18,0.0007073514128165844,0.000564937222595846,0.005762705146116281,1.000003598438557,0.004355289498822412,0.004245595791268472,0.00011004490004029588,0.009856415370705614,0.0016541964541477553,0.001673381117814492,0.003973796025208985,0.0006313851508715079,1620
core_N128_s3,moment9,3,128,1,0.1,73,99980,1.1424793274022213e-05,1.0000000000008993,0.004024280279952913,0.003976714083984756,4.7566195968157254e-05,0.00873799654242133,-1.7120353314559668e-07,6.5317159095953365e-18,0.0006750351011283373,-8.982621913583566e-05,0.005762705146116281,1.0001294901122875,0.004056040499497857,0.0039767140839850335,7.965790579671228e-05,0.00873799654242133,0.0016937834253694308,0.0017123820422293397,0.003772323394172167,0.0008634834461575813,1420
core_N128_s3,moment9,3,128,1,1.0,73,99980,8.605390609569866e-06,1.0000000000114029,0.0025780426400477535,0.002539155784704525,3.8886855343228666e-05,0.0043900742407895045,-1.1553970289369015e-07,1.5963660545468447e-17,0.0005259731697228595,-4.364285783656219e-05,0.005762705146116281,1.0029751445586055,0.0026003523396545963,0.0025391557847045526,6.132123030265502e-05,0.0043900742407895045,0.0018288124707652568,0.0018552866472766301,0.0031346550697076902,0.00011988393931314234,920
core_N128_s3,moment9,3,128,1,10.0,73,99980,5.997834351351969e-06,0.9999999999985312,0.0005472068950519576,0.0005506020899022079,3.395194850250305e-06,0.00142120605010299,-7.682229773847017e-08,-9.412378827860657e-19,0.00038742674228385516,2.1982519105095966e-05,0.005762705146116281,1.0110107679205727,0.0005628599680872759,0.0005506020899022218,1.227295949025875e-05,0.00142120605010299,0.0019653852585906698,0.001985100311266488,0.002809489031553134,2.1982519105095966e-05,160
core_N128_s3,moment9,3,128,1,100.0,73,99980,4.04879792678095e-06,0.9999999999971768,4.770045149690705e-05,5.9077748409464004e-05,1.1377296912556956e-05,0.000984059501747529,-5.441880943911541e-08,-9.590587282746238e-19,0.00029655472912704605,3.2191518678309494e-05,0.005762705146116281,1.0086145629448693,6.0485556519551675e-05,5.9077748409464004e-05,1.1377296912556956e-05,0.000984059501747529,0.0020922854140915767,0.002107894794479504,0.002936867500970837,3.2191518678309494e-05,16
core_N128_s3,sine,3,128,3,0.0001,73,99980,3.6350357777293797e-05,0.06979013159150832,-0.0013799189252987204,-0.001525311375938962,0.00014539245064024153,0.009723359326612944,-9.172170035313838e-06,-9.42843669879343e-06,3.10380868050712e-05,0.0006766936242101201,0.0002636956262697474,0.09260292575860384,0.0013799189252987204,0.001525311375938962,0.00014539245064024153,0.009723359326612944,0.0016407478432267576,0.001641036680761648,0.00012736927972459923,0.0006766936242101201,5080
core_N128_s3,sine,3,128,3,0.001,73,99980,3.634834760057564e-05,0.06979777531032555,-0.0013777771634453373,-0.001523246392910682,0.0001454692294653448,0.009721910988865372,-9.15662020605976e-06,-9.412130353962781e-06,3.103176495705255e-05,0.0006767024594141052,0.0002636956262697474,0.09261248133531635,0.0013777771634453373,0.001523246392910682,0.0001454692294653448,0.009721910988865372,0.0016407478432267576,0.001641036680761648,0.00012734641082064933,0.0006767024594141052,5080
core_N128_s3,sine,3,128,3,0.01,73,99980,3.632849002350756e-05,0.069873401182164,-0.0013570859819937858,-0.0015031905411884705,0.00014610455919468468,0.009707485148214004,-9.002908009568642e-06,-9.562871028143024e-06,3.0967772867674675e-05,3.061297354078896e-05,0.0002636956262697474,0.09270445617688113,0.0013570859819937858,0.0015031905411884705,0.00014610455919468468,0.009707485148214004,0.0016407478432267576,0.001641036680761648,0.00012711440011595608,0.0001710994179262293,5080
core_N128_s3,sine,3,128,3,0.1,73,99980,3.6155605539666284e-05,0.07055312383401746,-0.0011769012743384627,-0.001316232401671641,0.0001393311273331782,0.00957001906546544,-8.36166841397609e-06,-8.879932681943853e-06,3.0270480201419918e-05,-0.00012829084731895424,0.0002636956262697474,0.09381261546430758,0.0011769012743384627,0.001316232401671641,0.0001393311273331782,0.00957001906546544,0.0016407478432267576,0.001641036680761648,0.0001244854540668559,0.00040443617120487774,4400
core_N128_s3,sine,3,128,3,1.0,73,99980,3.6259057361393616e-05,0.0740928550004381,-0.0009555049185191733,-0.0010606870094645032,0.00010518209094532993,0.008825355644138612,-5.2983962326646564e-06,-5.592282627878987e-06,2.4340219249097387e-05,-0.00020593439446374429,0.0002636956262697474,0.09830989053483864,0.0009555049185191733,0.0010606870094645032,0.00010518209094532993,0.008825355644138612,0.0016407478432267576,0.001641036680761648,0.00010741005399269348,0.00020593439446374429,2500
core_N128_s3,sine,3,128,3,10.0,73,99980,7.552299565643362e-05,0.12857485916152372,-0.0005703856829171045,-0.0006090807016726624,3.869501875555792e-05,0.009562880623126881,1.8009746174559959e-06,2.1805877866279566e-06,3.511736284042062e-05,-2.5011774551983446e-05,0.0002636956262697474,0.12857485916152372,0.0005871288010469017,0.0006372585336900799,5.329223582242748e-05,0.009562880623126881,0.0016407478432267576,0.001641036680761648,8.679474279166748e-05,2.5011774551983446e-05,400
core_N128_s3,sine,3,128,3,100.0,73,99980,0.04450820784140586,0.9999995792362767,0.01583851095134664,0.013307505149261545,0.0025310058020850956,0.5755792498070271,0.0008704589970163191,4.719815626977853e-10,0.055242560974327094,-0.0015336278414097848,0.04450820784140586,3.357028673234624,0.01583851095134664,0.013307505149261545,0.0025310058020850956,0.5755792498070271,0.0016407478432267576,0.001641036680761648,0.055242560974327094,0.0018302587855293373,60
core_N128_s3,runge,3,128,3,0.0001,73,99980,0.0016463049867821169,0.5078463920597825,0.007273444745226995,0.008388782835188846,0.001115338089961851,0.0864802602141652,6.423444936322528e-05,8.079881694355296e-05,0.001633908554144025,0.00013671979809062873,0.0016463049867821169,0.5078463920597825,0.007273444745226995,0.008388782835188846,0.001115338089961851,0.0864802602141652,0.00036059987361436083,0.0003607124907310757,0.001633908554144025,0.0005098861366357732,4400
core_N128_s3,runge,3,128,3,0.001,73,99980,0.001651278440014807,0.5090722279103297,0.007275620124175097,0.008391904283290702,0.0011162841591156047,0.08660070544650611,6.426665709691565e-05,8.08643813533119e-05,0.001638304595658387,0.00013754858901013356,0.001651278440014807,0.5090722279103297,0.007275620124175097,0.008391904283290702,0.0011162841591156047,0.08660070544650611,0.00036059987361436083,0.0003607124907310757,0.001638304595658387,0.0005333389145070477,4400
core_N128_s3,runge,3,128,3,0.01,73,99980,0.0017016505994473905,0.5214359014423975,0.007297301964573025,0.00842307590071116,0.0011257739361381358,0.08781393112688911,6.458815349752345e-05,8.152198135606998e-05,0.0016829484620983575,0.00014578955664093507,0.0017016505994473905,0.5214359014423975,0.007297301964573025,0.00842307590071116,0.0011257739361381358,0.08781393112688911,0.00036059987361436083,0.0003607124907310757,0.0016829484620983575,0.0007647951200493164,4400
core_N128_s3,runge,3,128,3,0.1,73,99980,0.0022751299387181356,0.656352651515517,0.007511348548926336,0.008741300295905322,0.0012299517469789856,0.10090223849363317,6.789869973235444e-05,8.85989366581372e-05,0.002206426338427272,0.0002246850037719711,0.0022751299387181356,0.656352651515517,0.007511348548926336,0.008741300295905322,0.0012299517469789856,0.10090223849363317,0.00036059987361436083,0.0003607124907310757,0.002206426338427272,0.00042605049475372136,4400
core_N128_s3,runge,3,128,3,1.0,73,99980,0.013734674433433576,2.1132043591123018,0.009666866627189685,0.012603633207050782,0.002936766579861097,0.42062780403374384,0.00010673158085627639,0.0001290241241584077,0.055595054025621676,0.0015218090864244777,0.013734674433433576,2.1132043591123018,0.009666866627189685,0.012603633207050782,0.002936766579861097,0.42062780403374384,0.00036059987361436083,0.0003607124907310757,0.055595054025621676,0.0015218090864244777,6740
core_N128_s3,runge,3,128,3,10.0,73,99980,0.0034647295515485717,1.2916385051146968,0.01743812660008877,0.011522283860048735,0.005915842740040034,0.46914906127164974,4.203124096763834e-06,-7.093138521117697e-07,0.008561730868005954,-0.0002795788456548959,0.020573887825877327,1.6611282292484428,0.01743812660008877,0.011694725083437454,0.005915842740040034,0.46914906127164974,0.00036059987361436083,0.0003607124907310757,0.06920396639737836,0.0006999277039461127,5080
core_N128_s3,runge,3,128,3,100.0,73,99980,0.002961811267938993,0.9988337851225862,0.015342264321681814,0.013408850391819854,0.0019334139298619601,0.3477287491771929,3.935932772779521e-06,4.845890673824311e-07,0.004922544553888503,-0.000281279483621763,0.01263847696796047,1.41615587432634,0.015342264321681814,0.013408850391819854,0.002280554153045483,0.3477287491771929,0.0004098856321184281,0.0004377814726123931,0.03714196170486849,0.000281279483621763,1220
core_N128_s3,moment3,3,128,3,0.0001,73,99980,0.00016269744486172865,0.13141056264508277,-0.0020429818750675593,-0.0020927122044911567,4.973032942359734e-05,0.024966512839667297,-1.8900802098065266e-05,-1.764638515425543e-05,9.573733339152193e-05,-2.8448774879119565e-05,0.0004043149034068292,0.13141056264508277,0.004000230528474064,0.003986129458579346,0.00014032885733833433,0.024966512839667297,0.0016278083900099708,0.001627233911471967,0.00019250019882456826,0.001314352743990027,3820
core_N128_s3,moment3,3,128,3,0.001,73,99980,0.0001630550182336091,0.13170486759890943,-0.002040589265560902,-0.0020893534949366077,4.876422937570568e-05,0.02498200066494011,-1.8843016792585344e-05,-1.758011678122011e-05,9.576751700922496e-05,-1.5140863556389883e-05,0.0004043149034068292,0.13170486759890943,0.003997132839573758,0.003983049106444481,0.000139891496318309,0.02498200066494011,0.0016279975012414892,0.0016274226248662988,0.00019239782417100019,0.0013197142718977123,3820
core_N128_s3,moment3,3,128,3,0.01,73,99980,0.00016664668607734349,0.13465177914230966,-0.002017457846330728,-0.0020566503764706534,3.919253013992541e-05,0.025138736461116872,-1.8270634550089814e-05,-1.692303873932345e-05,9.606568447013672e-05,0.000450693296636856,0.0004043149034068292,0.13465177914230966,0.003966107548472458,0.003952194107575205,0.00013557714431937373,0.025138736461116872,0.0016298857001208835,0.0016293068543149244,0.00019137925115097167,0.001627989086231102,3820
core_N128_s3,moment3,3,128,3,0.1,73,99980,0.00020362093622222022,0.16393823860151416,-0.0017908591268226831,-0.0017815886140934434,9.270512729239733e-06,0.026843131249961686,-1.6265986030683587e-05,-1.2941926411208375e-05,9.884004785167273e-05,0.00019040261153856208,0.0004043149034068292,0.16393823860151416,0.003699143509728761,0.003687562566029118,9.828664834694856e-05,0.026843131249961686,0.0016669429917539704,0.0016655604377541619,0.0001822436298197227,0.0005647384447582254,3320
core_N128_s3,moment3,3,128,3,1.0,73,99980,0.0006829687677960673,0.4178387165812666,-0.001160818730153848,-0.000678546081006412,0.00048227264914743606,0.04662794210056324,5.754382402639565e-06,1.6182982563994375e-05,0.00017454589416977134,0.00014045015700155095,0.0006829687677960673,0.4178387165812666,0.0024223686017021406,0.00241693347945747,0.00048227264914743606,0.04662794210056324,0.0018070909908786737,0.0018061610535457056,0.00017454589416977134,0.00022500830519597836,1880
core_N128_s3,moment3,3,128,3,10.0,73,99980,0.010420691632746722,1.0000000000044291,0.05735265601421881,0.01954857571778254,0.03780408029643627,0.8161400385082987,0.00017920708557340046,2.85237194881652e-16,0.042088443309277294,-0.04150811249361949,0.15764861562978982,1.8310303086173465,0.05735265601421881,0.019548590213165726,0.03780408029643627,1.3964209239653358,0.0041132582146995115,0.0019337802766023326,0.2726980379102567,0.04150811249361949,340
core_N128_s3,moment3,3,128,3,100.0,73,99980,0.002187518555366176,0.999999999988746,0.03686045766102379,0.018916235761066505,0.017944221899957286,1.071180216137951,4.768199858675225e-05,2.1536217310503116e-16,0.01501927665988983,-0.0250844136641451,0.2832687851176889,2.2158415498529007,0.03686045766102379,0.018916235761066505,0.017944221899957286,1.4295397851386695,0.005435313343936254,0.00206039170233503,0.19284926292859586,0.0250844136641451,40
core_N128_s3,moment5,3,128,3,0.0001,73,99980,1.6821430471903234e-05,0.9306517924663833,0.004428194645073727,0.004363020869644629,6.517377542909764e-05,0.0034414011829778696,1.51561594485656e-07,-1.9351963002556505e-07,3.6206581657423695e-05,-0.00011591141178728115,0.00023901429606890297,0.9306517924663833,0.004428194645073727,0.004398523490015127,6.517377542909764e-05,0.0034414011829778696,0.0016496983658983218,0.0016490103930310582,0.0001142073998964647,0.00011591141178728115,5840
core_N128_s3,moment5,3,128,3,0.001,73,99980,1.6813355309636998e-05,0.9305987471786008,0.004424510354275976,0.004359395634597127,6.51147196788493e-05,0.0034395955032919135,1.5148385731108915e-07,-1.9329999176424046e-07,3.617468659471833e-05,-0.00011569209154208004,0.00023901429606890297,0.9305987471786008,0.004424510354275976,0.004394861044299911,6.51147196788493e-05,0.0034395955032919135,0.0016501218354668511,0.001649433994904473,0.000114126791975748,0.00011569209154208004,5840
core_N128_s3,moment5,3,128,3,0.01,73,99980,1.6733590331813117e-05,0.9300797482094658,0.004387749886284431,0.004323215466789418,6.453441949501315e-05,0.003421778110431444,1.5071554304025685e-07,-1.911426273371664e-07,3.586019567864096e-05,-0.00011353247655031262,0.00023901429606890297,0.9300797482094658,0.004387749886284431,0.00435834303500976,6.453441949501315e-05,0.003421778110431444,0.0016543309447297702,0.0016536444453197077,0.00011333368512483125,0.00011353247655031262,5840
core_N128_s3,moment5,3,128,3,0.1,73,99980,1.602413416165785e-05,0.9258880354680544,0.004090290843100586,0.004022786610810014,6.750423229057168e-05,0.0032647196296194825,1.6184195707684246e-07,-1.8842367179274874e-07,3.310394676424202e-05,-2.0684888517072397e-05,0.00023901429606890297,0.9258880354680544,0.004090290843100586,0.004057800547950657,6.750423229057168e-05,0.0032647196296194825,0.0016939202449317934,0.0016932488551072383,0.00010671802964999079,6.610262724714155e-05,5080
core_N128_s3,moment5,3,128,3,1.0,73,99980,1.2913688248449366e-05,0.9213817915123713,0.002628479455224625,0.0025774956834679202,5.0983771756704654e-05,0.002598794378085323,1.3845724241377987e-07,-1.2521133589023382e-07,2.1492730173520832e-05,1.8930755773569063e-05,0.00023901429606890297,0.9213817915123713,0.002628479455224625,0.0026017069339792226,5.0983771756704654e-05,0.002598794378085323,0.0018289110278647885,0.0018283521271717322,8.135097083306203e-05,1.8930755773569063e-05,2880
core_N128_s3,moment5,3,128,3,10.0,73,99980,1.0625819658722987e-05,0.9579910290957196,0.0005856141908722468,0.0005463769031765625,3.923728769568424e-05,0.0021189160531678115,1.1677927904701776e-07,-8.192085605901959e-08,1.2237980962699092e-05,5.471116488131589e-06,0.00023901429606890297,0.9579910290957196,0.0005856141908722468,0.000563106630962637,3.923728769568424e-05,0.0021189160531678115,0.00196552233132565,0.00196512278916904,6.390346498813506e-05,5.471116488131589e-06,520
core_N128_s3,moment5,3,128,3,100.0,73,99980,1.0449054481536327e-05,1.0490988162424406,8.509592583520742e-05,4.6997346279414876e-05,3.8098579555792544e-05,0.0020592418458260904,1.378654457918e-07,-5.70429460695978e-08,6.270962602927354e-06,2.0286997011037533e-06,0.00023901429606890297,1.0490988162424406,8.509592583520742e-05,6.051331090421719e-05,3.8098579555792544e-05,0.0020592418458260904,0.0020924050557520548,0.002091884362350743,6.444832687774132e-05,2.0286997011037533e-06,60
core_N128_s3,moment9,3,128,3,0.0001,73,99980,1.326475916133483e-06,0.10965843960526168,0.004363423639525896,0.004363020869644657,4.0276988123866264e-07,0.0005256529560749507,-1.7525353740328425e-07,-1.9351963002548792e-07,3.337289654499109e-05,-2.707102091918656e-05,0.00023361541677192275,0.11285857118465788,0.00439551994025629,0.004398523490015127,3.0741010787482814e-06,0.0005256529560749507,0.0016495641381787153,0.0016490103930310593,0.00011102911548546282,2.707102091918656e-05,7760
core_N128_s3,moment9,3,128,3,0.001,73,99980,1.3252665411673291e-06,0.10961929392932337,0.004359792380587743,0.004359395634597127,3.9674599061623184e-07,0.000524983273821792,-1.7506153897227127e-07,-1.9329999176350836e-07,3.334222269848119e-05,-2.7011203248591964e-05,0.00023361541677192275,0.11281898327890538,0.004391855263084776,0.0043948610442999525,3.0751911610921168e-06,0.000524983273821792,0.001649987583795165,0.0016494339949044744,0.00011094897989293486,2.7011203248591964e-05,7760
core_N128_s3,moment9,3,128,3,0.01,73,99980,1.313345103187355e-06,0.10923322087398704,0.004323553878561204,0.004323215466789432,3.384117717719626e-07,0.000518400093242846,-1.7317526800048798e-07,-1.9114262733706954e-07,3.3039954060657415e-05,-2.6424944620531687e-05,0.00023361541677192275,0.11242785231968626,0.004355289498822412,0.00435834303500976,3.085053744827926e-06,0.000518400093242846,0.0016541964541477553,0.0016536444453197085,0.00011016114956423234,2.6424944620531687e-05,7760
core_N128_s3,moment9,3,128,3,0.1,73,99980,1.2091968436271103e-06,0.10583971321193875,0.004024280279952913,0.004022786610810014,1.4936691428990567e-06,0.0004622038905096194,-1.7120353314559668e-07,-1.8842367179325005e-07,3.0405439924310675e-05,-2.2285007312036753e-05,0.00023361541677192275,0.10903793120987372,0.004056040499497857,0.004057800547950657,1.815541201113935e-06,0.0004622038905096194,0.0016937834253694308,0.0016932488551072399,0.00010342839118502434,2.9700630981441267e-05,7760
core_N128_s3,moment9,3,128,3,1.0,73,99980,7.826130810248502e-07,0.09094451565783052,0.0025780426400477535,0.002577495683467934,5.46956579819402e-07,0.0002499490139482721,-1.1553970289369015e-07,-1.252113358901691e-07,1.963628124821419e-05,1.4376055504361496e-07,0.00023361541677192275,0.09439861368352889,0.0026003523396545963,0.0026017069339792226,1.371791163370939e-06,0.0002499490139482721,0.0018288124707652568,0.001828352127171734,7.856599637033645e-05,4.5438734976033235e-06,3820
core_N128_s3,moment9,3,128,3,10.0,73,99980,4.55463839116175e-07,0.07593804904145779,0.0005472068950519576,0.0005463769031766041,8.299918753534863e-07,0.00010742725644195838,-7.682229773847017e-08,-8.192085605894806e-08,1.1415236374876063e-05,-1.7031244764209585e-06,0.00023361541677192275,0.08217238672962494,0.0005628599680872759,0.000563106630962637,8.299918753534863e-07,0.00010742725644195838,0.0019653852585906698,0.0019651227891690423,6.214323983634479e-05,1.7031244764209585e-06,800
core_N128_s3,moment9,3,128,3,100.0,73,99980,2.3071037768972614e-07,0.056982438210371265,4.770045149690705e-05,4.6997346279414876e-05,7.031052174921726e-07,6.593465726483647e-05,-5.441880943911541e-08,-5.704294607051588e-08,8.5053810473554e-06,-1.3328093941278318e-06,0.00023361541677192275,0.07934593764466252,6.0485556519551675e-05,6.051331090421719e-05,7.031052174921726e-07,6.593465726483647e-05,0.0020922854140915767,0.002091884362350745,6.293970605548589e-05,1.3328093941278318e-06,80
core_N128_s3,sine,3,128,5,0.0001,73,99980,2.0728162929105038e-06,0.003979661568492443,-0.0013799189252987204,-0.0013717670474578947,8.151877840825716e-06,0.0005758453052583142,-9.172170035313838e-06,-9.140131296455101e-06,1.3785119420868731e-06,-3.104247876375976e-05,1.1483699277958445e-05,0.005590802422442452,0.0013799189252987204,0.0013717670474578947,8.151877840825716e-06,0.0005758453052583142,0.0016407478432267576,0.0016407160699501734,4.929994495765779e-06,3.104247876375976e-05,
core_N128_s3,sine,3,128,5,0.001,73,99980,2.072362001374565e-06,0.003979445198529678,-0.0013777771634453373,-0.0013696336364667633,8.143526978574012e-06,0.0005756835679764261,-9.15662020605976e-06,-9.124620131093272e-06,1.377976447052975e-06,-3.103589651823335e-05,1.1483699277958445e-05,0.005590672727631892,0.0013777771634453373,0.0013696336364667633,8.143526978574012e-06,0.0005756835679764261,0.0016407478432267576,0.0016407160699501734,4.928314196897035e-06,3.103589651823335e-05,
core_N128_s3,sine,3,128,5,0.01,73,99980,2.067869206822943e-06,0.00397729315441094,-0.0013570859819937858,-0.0013490250166207918,8.060965372994056e-06,0.0005740771322931876,-9.002908009568642e-06,-8.971291002539973e-06,1.3726231877174017e-06,1.1205949655632153e-05,1.1483699277958445e-05,0.005589205346961361,0.0013570859819937858,0.0013490250166207918,8.060965372994056e-06,0.0005740771322931876,0.0016407478432267576,0.0016407160699501734,4.9114135766549515e-06,1.1205949655632153e-05,
core_N128_s3,sine,3,128,5,0.1,73,99980,2.027680636548784e-06,0.003956764128575182,-0.0011769012743384627,-0.0011692268909038045,7.674383434658205e-06,0.0005591039442428678,-8.36166841397609e-06,-8.332165349410778e-06,1.3197994941266536e-06,-2.4291442905929883e-05,1.1483699277958445e-05,0.005591685138796128,0.0011769012743384627,0.0011692268909038045,7.674383434658205e-06,0.0005591039442428678,0.0016407478432267576,0.0016407160699501734,4.745422380182797e-06,2.4291442905929883e-05,
core_N128_s3,sine,3,128,5,1.0,73,99980,1.8871950113120485e-06,0.0038563513920682763,-0.0009555049185191733,-0.0009497790311806253,5.7258873385479525e-06,0.0004817455252597708,-5.2983962326646564e-06,-5.280021796834422e-06,9.77816132015476e-07,4.955196194131317e-06,1.1483699277958445e-05,0.005492835182598871,0.0009555049185191733,0.0009497790311806253,5.7258873385479525e-06,0.0004817455252597708,0.0016407478432267576,0.0016407160699501734,3.749629268305859e-06,4.955196194131317e-06,
core_N128_s3,sine,3,128,5,10.0,73,99980,3.404444015554751e-06,0.0057959288560868365,-0.0005703856829171045,-0.000567483413109679,2.9022698074254727e-06,0.0004718832236170223,1.8009746174559959e-06,1.7957687560094668e-06,1.4389710367860253e-06,2.0396327321536845e-08,1.1483699277958445e-05,0.0057959288560868365,0.0005871288010469017,0.0005840338799535938,3.0949210933078897e-06,0.0004718832236170223,0.0016407478432267576,0.0016407160699501734,2.648110657053924e-06,1.3211267424484419e-07,
core_N128_s3,sine,3,128,5,100.0,73,99980,0.007175638451597816,0.16122049797911636,0.01583851095134664,0.015629854740730365,0.00020865621061627593,0.053217917765490355,0.0008704589970163191,0.000880646461669184,0.0019113050852166582,-9.250034260277484e-05,0.007175638451597816,0.16122049797911636,0.01583851095134664,0.015629854740730365,0.00020865621061627593,0.053217917765490355,0.0016407478432267576,0.0016407160699501734,0.0019113050852166582,9.250034260277484e-05,99980
core_N128_s3,runge,3,128,5,0.0001,73,99980,0.00016278539921671395,0.05021546939112846,0.007273444745226995,0.007196389252578164,7.705549264883094e-05,0.007548397805085453,6.423444936322528e-05,6.284864389285415e-05,0.00011115545272020643,-1.4005380199591522e-05,0.00016278539921671395,0.05021546939112846,0.007273444745226995,0.007196389252578164,7.705549264883094e-05,0.007548397805085453,0.00036059987361436083,0.00036059222970897837,0.00011115545272020643,2.421935988128343e-05,99980
core_N128_s3,runge,3,128,5,0.001,73,99980,0.0001631443836477662,0.05029574228188988,0.007275620124175097,0.007198503920506402,7.71162036686951e-05,0.007557181218999499,6.426665709691565e-05,6.287849307213999e-05,0.00011138765326962013,-1.4062051368821105e-05,0.0001631443836477662,0.05029574228188988,0.007275620124175097,0.007198503920506402,7.71162036686951e-05,0.007557181218999499,0.00036059987361436083,0.00036059222970897837,0.00011138765326962013,2.4272931349378357e-05,99980
core_N128_s3,runge,3,128,5,0.01,73,99980,0.0001667595355744021,0.05110003709609498,0.007297301964573025,0.0072195771922838325,7.772477228919217e-05,0.007645399998709632,6.458815349752345e-05,6.317630340439626e-05,0.00011373163789230937,-1.4625368390072668e-05,0.0001667595355744021,0.05110003709609498,0.007297301964573025,0.0072195771922838325,7.772477228919217e-05,0.007645399998709632,0.00036059987361436083,0.00036059222970897837,0.00011373163789230937,2.480336731691679e-05,99980
core_N128_s3,runge,3,128,5,0.1,73,99980,0.0002056351964426761,0.05932373537579557,0.007511348548926336,0.007426766827290862,8.458172163547384e-05,0.008569784443416396,6.789869973235444e-05,6.622438088133546e-05,0.00013951669134831072,-2.000002656295241e-05,0.0002056351964426761,0.05932373537579557,0.007511348548926336,0.007426766827290862,8.458172163547384e-05,0.008569784443416396,0.00036059987361436083,0.00036059222970897837,0.00013951669134831072,4.5498831986359733e-05,99980
core_N128_s3,runge,3,128,5,1.0,73,99980,0.00114306453676461,0.1758708568990661,0.009666866627189685,0.009466457785205246,0.00020040884198443965,0.026054410349574248,0.00010673158085627639,9.932634703309496e-05,0.000935716200242943,-0.00022454805740439177,0.00114306453676461,0.1758708568990661,0.009666866627189685,0.009466457785205246,0.00020040884198443965,0.026054410349574248,0.00036059987361436083,0.00036059222970897837,0.000935716200242943,0.00022454805740439177,86740
core_N128_s3,runge,3,128,5,10.0,73,99980,0.006108552730046154,2.2772461166917446,0.01743812660008877,0.025670174749526056,0.008232048149437288,0.46869409778319304,4.203124096763834e-06,0.0001223046896769952,0.037114623323173834,0.0034216761410463675,0.008764839531162538,3.0046767346554586,0.01743812660008877,0.025670174749526056,0.008232048149437288,0.46869409778319304,0.00036059987361436083,0.00036059222970897837,0.04915862674044371,0.0034216761410463675,56660
core_N128_s3,runge,3,128,5,100.0,73,99980,0.0032161787494207994,1.0846160350217737,0.015342264321681814,0.01848145479786137,0.003139190476179554,0.3384783709328347,3.935932772779521e-06,-5.619168427858427e-06,0.02809963445261558,0.00031910503314004635,0.014946637270651339,9.641339156772636,0.015342264321681814,0.01882132415356169,0.003569153905377667,0.41551342225479215,0.0004098856321184281,0.000416339616891704,0.028172387590522513,0.0003811190768083089,27860
core_N128_s3,moment3,3,128,5,0.0001,73,99980,8.401401749380828e-06,0.006785803746529637,-0.0020429818750675593,-0.0020370972780466567,5.884597020902604e-06,0.0016246284586799572,-1.8900802098065266e-05,-1.8946840489598107e-05,4.342090519176635e-06,9.146071370737252e-05,2.0343454351372536e-05,0.006785803746529637,0.004000230528474064,0.0040011250163752565,9.124443010544159e-06,0.0016246284586799572,0.0016278083900099708,0.0016278006681553665,8.59701386036907e-06,9.146071370737252e-05,
core_N128_s3,moment3,3,128,5,0.001,73,99980,8.419293251127737e-06,0.0068005383393199385,-0.002040589265560902,-0.002034760577012823,5.828688548079053e-06,0.0016247820598319798,-1.8843016792585344e-05,-1.8889513630084992e-05,4.34312171707772e-06,9.12336145207776e-05,2.0343454351372536e-05,0.0068005383393199385,0.003997132839573758,0.003998026185069892,9.097806922028773e-06,0.0016247820598319798,0.0016279975012414892,0.0016279897961829274,8.590333212470636e-06,9.12336145207776e-05,
core_N128_s3,moment3,3,128,5,0.01,73,99980,8.599989456476232e-06,0.006948856338986426,-0.002017457846330728,-0.0020121831862894846,5.27466004124344e-06,0.001626591437390551,-1.8270634550089814e-05,-1.832171107215818e-05,4.353498637148688e-06,8.89991924802741e-05,2.0343454351372536e-05,0.006948856338986426,0.003966107548472458,0.003966989657706574,8.835071464652344e-06,0.001626591437390551,0.0016298857001208835,0.0016298781627295694,8.524081346731929e-06,8.89991924802741e-05,
core_N128_s3,moment3,3,128,5,0.1,73,99980,1.0543810836829942e-05,0.00848897863258538,-0.0017908591268226831,-0.001788634175281606,2.224951541077158e-06,0.0016675517588387201,-1.6265986030683587e-05,-1.6352849207228733e-05,4.463470497729917e-06,-4.4720806348430564e-05,2.0343454351372536e-05,0.00848897863258538,0.003699143509728761,0.0036998536438242885,6.528920081169676e-06,0.0016675517588387201,0.0016669429917539704,0.0016669890907662845,7.928542574891722e-06,4.4720806348430564e-05,
core_N128_s3,moment3,3,128,5,1.0,73,99980,3.554377763525352e-05,0.021745601160489517,-0.001160818730153848,-0.0011860113427930724,2.5192612639224343e-05,0.002699903692585502,5.754382402639565e-06,5.2439258515664005e-06,7.706654672338781e-06,-3.065493360708549e-05,3.554377763525352e-05,0.021745601160489517,0.0024223686017021406,0.0024226532093890862,2.5192612639224343e-05,0.002699903692585502,0.0018070909908786737,0.0018070990650213782,7.706654672338781e-06,3.065493360708549e-05,
core_N128_s3,moment3,3,128,5,10.0,73,99980,0.015289871090245785,1.4672606799212373,0.05735265601421881,0.05742190571083246,6.92496966136491e-05,0.9912033200422232,0.00017920708557340046,0.0010172634046947487,0.14945789306596374,0.006952348024216348,0.10791971759784796,1.4672606799212373,0.05735265601421881,0.05742190571083246,0.011083636432228136,0.9912033200422232,0.0041132582146995115,0.001935052418272174,0.14945789306596374,0.01008953818316069,65300
core_N128_s3,moment3,3,128,5,100.0,73,99980,0.007044088361003633,3.2201273647003306,0.03686045766102379,0.057744335240459924,0.020883877579436133,0.4774039077419669,4.768199858675225e-05,4.414331109571237e-05,0.051104891877932074,0.03063019792371291,0.1452492869452071,7.463015944778038,0.03686045766102379,0.057744335240459924,0.020883877579436133,0.7050931822006621,0.005435313343936254,0.003351408488955998,0.08752017572430436,0.03063618950440261,32120
core_N128_s3,moment5,3,128,5,0.0001,73,99980,2.370643970971664e-06,0.13115674464008778,0.004428194645073727,0.004435326468411355,7.131823337627741e-06,0.000475603530102606,1.51561594485656e-07,1.8831826918508673e-07,1.8806262980001744e-06,1.43478157222654e-05,1.1001854764670097e-05,0.13115674464008778,0.004428194645073727,0.004435326468411355,7.131823337627741e-06,0.000475603530102606,0.0016496983658983218,0.0016497246108456507,4.343689167698986e-06,1.43478157222654e-05,7760
core_N128_s3,moment5,3,128,5,0.001,73,99980,2.369262579500725e-06,0.13113579934617567,0.004424510354275976,0.004431634067805362,7.123713529386122e-06,0.0004753182580722067,1.5148385731108915e-07,1.8819952684665287e-07,1.8787893415537835e-06,1.4325849476762298e-05,1.1001854764670097e-05,0.13113579934617567,0.004424510354275976,0.004431634067805362,7.123713529386122e-06,0.0004753182580722067,0.0016501218354668511,0.0016501480755616704,4.3400002965680366e-06,1.4325849476762298e-05,7760
core_N128_s3,moment5,3,128,5,0.01,73,99980,2.3556555881223463e-06,0.1309311099904081,0.004387749886284431,0.004394793867952648,7.043981668217181e-06,0.000472509067168785,1.5071554304025685e-07,1.8702793993942136e-07,1.860691842164768e-06,1.4109716909266323e-05,1.1001854764670097e-05,0.1309311099904081,0.004387749886284431,0.004394793867952648,7.043981668217181e-06,0.000472509067168785,0.0016543309447297702,0.0016543571360863132,4.303518812466204e-06,1.4109716909266323e-05,7760
core_N128_s3,moment5,3,128,5,0.1,73,99980,2.237686774909717e-06,0.12929543594133588,0.004090290843100586,0.004097450275555983,7.159432455397519e-06,0.0004482121197505937,1.6184195707684246e-07,1.9853383910011556e-07,1.7031659400908843e-06,-1.1774028102415346e-05,1.1001854764670097e-05,0.12929543594133588,0.004090290843100586,0.004097450275555983,7.159432455397519e-06,0.0004482121197505937,0.0016939202449317934,0.0016939459290495936,3.994482450513582e-06,1.1774028102415346e-05,6740
core_N128_s3,moment5,3,128,5,1.0,73,99980,1.7858664973634036e-06,0.1274202103291597,0.002628479455224625,0.002633234633505066,4.755178280441141e-06,0.0003558545907598589,1.3845724241377987e-07,1.6285947556095283e-07,1.0573036463301903e-06,-1.9619298426698517e-06,1.1001854764670097e-05,0.1274202103291597,0.002628479455224625,0.002633234633505066,4.755178280441141e-06,0.0003558545907598589,0.0018289110278647885,0.0018289195924153453,2.7421631434454745e-06,1.9619298426698517e-06,3820
core_N128_s3,moment5,3,128,5,10.0,73,99980,1.519043512629533e-06,0.13695226388587448,0.0005856141908722468,0.0005886412818708192,3.027090998572457e-06,0.00030034135306647723,1.1677927904701776e-07,1.3237652579464062e-07,6.605800085661315e-07,-5.807064494683933e-07,1.1001854764670097e-05,0.13695226388587448,0.0005856141908722468,0.0005886412818708192,3.027090998572457e-06,0.00030034135306647723,0.00196552233132565,0.001965537179623224,1.824041048981313e-06,5.807064494683933e-07,700
core_N128_s3,moment5,3,128,5,100.0,73,99980,1.5583072812960236e-06,0.15645610107961336,8.509592583520742e-05,8.806643437313244e-05,2.9705085379250207e-06,0.0002991403717076395,1.378654457918e-07,1.5414577818168613e-07,1.6053452145676042e-06,-1.6504857133781137e-07,1.1001854764670097e-05,0.15645610107961336,8.509592583520742e-05,8.806643437313244e-05,2.9705085379250207e-06,0.0002991403717076395,0.0020924050557520548,0.0020924190203659007,1.7777710867321106e-06,1.6504857133781137e-07,80
core_N128_s3,moment9,3,128,5,0.0001,73,99980,6.82016860712123e-08,0.00563816529350726,0.004363423639525896,0.004363497460873986,7.38213480899752e-08,2.6424961506815847e-05,-1.7525353740328425e-07,-1.7440291388345188e-07,1.4607113795886842e-06,1.0431890234835484e-06,9.79937640813971e-06,0.005797035845990529,0.00439551994025629,0.00439543511141656,8.864854783574572e-08,2.6424961506815847e-05,0.0016495641381787153,0.001649582479796107,3.848891368233172e-06,1.0431890234835484e-06,
core_N128_s3,moment9,3,128,5,0.001,73,99980,6.811604574043961e-08,0.0056342121432776116,0.004359792380587743,0.004359865841598573,7.346101082994494e-08,2.6386055307831907e-05,-1.7506153897227127e-07,-1.7421245317020344e-07,1.458885878462979e-06,1.0407090209746395e-06,9.79937640813971e-06,0.005792997205634418,0.004391855263084776,0.004391770359039537,8.872691126260435e-08,2.6386055307831907e-05,0.001649987583795165,0.0016500059179237268,3.84541263480092e-06,1.0407090209746395e-06,
core_N128_s3,moment9,3,128,5,0.01,73,99980,6.727395162156026e-08,0.005595292812764616,0.004323553878561204,0.004323623839461527,6.996090032296287e-08,2.600412514501147e-05,-1.7317526800048798e-07,-1.7234125008773586e-07,1.4409319561932837e-06,1.0164369105281068e-06,9.79937640813971e-06,0.005753199693440802,0.004355289498822412,0.004355201943803469,8.946115259700349e-08,2.600412514501147e-05,0.0016541964541477553,0.0016542147132374589,3.8110720301862636e-06,1.0164369105281068e-06,
core_N128_s3,moment9,3,128,5,0.1,73,99980,6.00796997399096e-08,0.005258712197145251,0.004024280279952913,0.00402438122019573,1.0094024281703806e-07,2.278510683371122e-05,-1.7120353314559668e-07,-1.7042419341242665e-07,1.2871243858806495e-06,8.814219156910719e-07,9.79937640813971e-06,0.0054114287097299174,0.004056040499497857,0.004055994152210252,1.0094024281703806e-07,2.278510683371122e-05,0.0016937834253694308,0.0016938009203923401,3.5232773578748e-06,1.0502665571399117e-06,
core_N128_s3,moment9,3,128,5,1.0,73,99980,3.374802095990934e-08,0.003921730284127223,0.0025780426400477535,0.0025780788451913866,3.6205143633116776e-08,1.1412670303405709e-05,-1.1553970289369015e-07,-1.1516736935809198e-07,7.090410224242942e-07,-4.439984860327151e-08,9.79937640813971e-06,0.00406018959036173,0.0026003523396545963,0.0026003152667172236,3.783442290017369e-08,1.1412670303405709e-05,0.0018288124707652568,0.001828817738905626,2.403505334966601e-06,1.67193523539777e-07,
core_N128_s3,moment9,3,128,5,10.0,73,99980,1.7642237971529985e-08,0.0029414346809240144,0.0005472068950519576,0.0005472328158813433,2.5920829385683852e-08,4.362978817491446e-06,-7.682229773847017e-08,-7.666963551950015e-08,3.4932286777501077e-07,2.3944460789127042e-08,9.79937640813971e-06,0.0031281043585332244,0.0005628599680872759,0.0005628535090142356,2.5920829385683852e-08,4.362978817491446e-06,0.0019653852585906698,0.0019653923746451646,1.6318338189156486e-06,2.3944460789127042e-08,
core_N128_s3,moment9,3,128,5,100.0,73,99980,1.0622564152126148e-08,0.0026236340623059366,4.770045149690705e-05,4.77202173878033e-05,1.9765890896250582e-08,2.7035948813966454e-06,-5.441880943911541e-08,-5.4345575145005935e-08,3.3471134414051405e-07,1.5545317089138422e-08,9.79937640813971e-06,0.0029550305616585343,6.0485556519551675e-05,6.048484115142583e-05,1.9765890896250582e-08,2.7035948813966454e-06,0.0020922854140915767,0.0020922937721469933,1.6013022007647926e-06,1.5545317089138422e-08,
core_N128_s3,sine,3,128,7,0.0001,73,99980,8.998330909740671e-08,0.0001727616278613396,-0.0013799189252987204,-0.0013802793796223456,3.6045432362519225e-07,2.7075290795252574e-05,-9.172170035313838e-06,-9.173518145187002e-06,5.467011890033831e-08,1.1989536524981137e-06,4.839764103142102e-07,0.0002761632650124014,0.0013799189252987204,0.0013802793796223456,3.6045432362519225e-07,2.7075290795252574e-05,0.0016407478432267576,0.0016407494718706055,2.032314431271092e-07,1.1989536524981137e-06,
core_N128_s3,sine,3,128,7,0.001,73,99980,8.99485795247696e-08,0.00017272341543947905,-0.0013777771634453373,-0.0013781372347649035,3.6007131956616867e-07,2.7063329172702816e-05,-9.15662020605976e-06,-9.157966650230468e-06,5.463546918875775e-08,1.1984725317160105e-06,4.839764103142102e-07,0.00027614408014254866,0.0013777771634453373,0.0013781372347649035,3.6007131956616867e-07,2.7063329172702816e-05,0.0016407478432267576,0.0016407494718706055,2.031238417825819e-07,1.1984725317160105e-06,
core_N128_s3,sine,3,128,7,0.01,73,99980,8.960566747668779e-08,0.00017234552682323894,-0.0013570859819937858,-0.001357442269570061,3.562875762752604e-07,2.6944776767603982e-05,-9.002908009568642e-06,-9.00423796567603e-06,5.429094404610455e-08,-4.6770602848966725e-07,4.839764103142102e-07,0.0002759681943825502,0.0013570859819937858,0.001357442269570061,3.562875762752604e-07,2.6944776767603982e-05,0.0016407478432267576,0.0016407494718706055,2.0204626521656776e-07,4.6770602848966725e-07,
core_N128_s3,sine,3,128,7,0.1,73,99980,8.657834566608818e-08,0.00016894676916480897,-0.0011769012743384627,-0.0011772372373810291,3.3596304256644505e-07,2.5859887713227783e-05,-8.36166841397609e-06,-8.362898002870571e-06,5.104515155238169e-08,9.417101366898661e-07,4.839764103142102e-07,0.00027225226781723395,0.0011769012743384627,0.0011772372373810291,3.3596304256644505e-07,2.5859887713227783e-05,0.0016407478432267576,0.0016407494718706055,1.9257072495706122e-07,9.417101366898661e-07,
core_N128_s3,sine,3,128,7,1.0,73,99980,7.594318964546537e-08,0.00015518461173961336,-0.0009555049185191733,-0.000955740493114754,2.3557459558065652e-07,2.064443063764061e-05,-5.2983962326646564e-06,-5.299112507210417e-06,3.3549304296959616e-08,1.2123106268857597e-09,4.839764103142102e-07,0.00024879393632397975,0.0009555049185191733,0.000955740493114754,2.3557459558065652e-07,2.064443063764061e-05,0.0016407478432267576,0.0016407494718706055,1.3854807446562204e-07,3.7724449772347235e-08,
core_N128_s3,sine,3,128,7,10.0,73,99980,1.373858194897107e-07,0.00023389382582277496,-0.0005703856829171045,-0.0005704951134205133,1.0943050340883609e-07,1.8978763916715276e-05,1.8009746174559959e-06,1.801209993160176e-06,5.6796194845715265e-08,2.0182339688368245e-08,4.839764103142102e-07,0.00023389382582277496,0.0005871288010469017,0.000587245411002163,1.1660995526130424e-07,1.8978763916715276e-05,0.0016407478432267576,0.0016407494718706055,8.567200178422515e-08,2.0182339688368245e-08,
core_N128_s3,sine,3,128,7,100.0,73,99980,0.0007736957036505167,0.017383206730414904,0.01583851095134664,0.01583199708164512,6.513869701518793e-06,0.002689835887893728,0.0008704589970163191,0.0008615016863552526,0.0002225567408397908,-8.34330986736187e-06,0.0007736957036505167,0.017383206730414904,0.01583851095134664,0.01583199708164512,6.513869701518793e-06,0.002689835887893728,0.0016407478432267576,0.0016407494718706055,0.0002225567408397908,8.34330986736187e-06,
core_N128_s3,runge,3,128,7,0.0001,73,99980,3.228566687698183e-05,0.009959369357659141,0.007273444745226995,0.007281464774308341,8.020029081345914e-06,0.0010469356989618289,6.423444936322528e-05,6.44505615774837e-05,1.624433368120377e-05,1.947752066813746e-06,3.228566687698183e-05,0.009959369357659141,0.007273444745226995,0.007281464774308341,8.020029081345914e-06,0.0010469356989618289,0.00036059987361436083,0.0003606002352364997,1.624433368120377e-05,2.605584888668022e-06,
core_N128_s3,runge,3,128,7,0.001,73,99980,3.2370091845593885e-05,0.009979367727559446,0.007275620124175097,0.007283649876056092,8.02975188099464e-06,0.0010485438868400485,6.426665709691565e-05,6.448326897775946e-05,1.6287574013756935e-05,1.9548783104922363e-06,3.2370091845593885e-05,0.009979367727559446,0.007275620124175097,0.007283649876056092,8.02975188099464e-06,0.0010485438868400485,0.00036059987361436083,0.0003606002352364997,1.6287574013756935e-05,2.6106749100446303e-06,
core_N128_s3,runge,3,128,7,0.01,73,99980,3.322303824277684e-05,0.010180518198273748,0.007297301964573025,0.007305429498659227,8.127534086202481e-06,0.0010647377774506126,6.458815349752345e-05,6.480980550554102e-05,1.672544722459785e-05,2.0260491901957778e-06,3.322303824277684e-05,0.010180518198273748,0.007297301964573025,0.007305429498659227,8.127534086202481e-06,0.0010647377774506126,0.00036059987361436083,0.0003606002352364997,1.672544722459785e-05,2.6612227602973437e-06,
core_N128_s3,runge,3,128,7,0.1,73,99980,4.2710540262414554e-05,0.012321571560299813,0.007511348548926336,0.00752059642231119,9.247873384854444e-06,0.0012390233341881655,6.789869973235444e-05,6.817813050969035e-05,2.1705030616568132e-05,2.7373147688247723e-06,4.2710540262414554e-05,0.012321571560299813,0.007511348548926336,0.00752059642231119,9.247873384854444e-06,0.0012390233341881655,0.00036059987361436083,0.0003606002352364997,2.1705030616568132e-05,5.131279647976883e-06,
core_N128_s3,runge,3,128,7,1.0,73,99980,0.0004282429731905624,0.06588906945639729,0.009666866627189685,0.009704966862412248,3.8100235222562895e-05,0.006118072091330789,0.00010673158085627639,0.00010920655889038735,0.0002837661232821184,4.375962835463654e-05,0.0004282429731905624,0.06588906945639729,0.009666866627189685,0.009704966862412248,3.8100235222562895e-05,0.006118072091330789,0.00036059987361436083,0.0003606002352364997,0.0002837661232821184,4.375962835463654e-05,99980
core_N128_s3,runge,3,128,7,10.0,73,99980,0.004485413920701061,1.672145904942431,0.01743812660008877,0.01665238242938541,0.0007857441707033591,0.3902444920290614,4.203124096763834e-06,3.8677652554823703e-05,0.018153173271564564,-0.0002599362693474633,0.010517788401805698,1.672145904942431,0.01743812660008877,0.01665238242938541,0.0017799753029394821,0.3902444920290614,0.00036059987361436083,0.0003606002352364997,0.0205045899077364,0.0006595003352868195,65300
core_N128_s3,runge,3,128,7,100.0,73,99980,0.0015297410137807023,0.5158860132621097,0.015342264321681814,0.016045542300895055,0.0007032779792132404,0.20723086365593568,3.935932772779521e-06,4.527791854636272e-06,0.0037319866201101946,1.9781160026863254e-05,0.001757709617979986,1.07251934705145,0.015342264321681814,0.016045542300895055,0.0007032779792132404,0.20723086365593568,0.0004098856321184281,0.0004102631407438029,0.0037319866201101946,2.3679480087870908e-05,32120
core_N128_s3,moment3,3,128,7,0.0001,73,99980,4.116174199376621e-07,0.0003324629762593727,-0.0020429818750675593,-0.0020433997464545245,4.178713869651407e-07,9.08507686627096e-05,-1.8900802098065266e-05,-1.889870484646033e-05,1.8025254333640652e-07,-3.911568710046609e-06,9.736508863569698e-07,0.0004253614010493668,0.004000230528474064,0.004000175680840212,5.565693859260756e-07,9.08507686627096e-05,0.0016278083900099708,0.001627809427655435,4.075561242873952e-07,3.911568710046609e-06,
core_N128_s3,moment3,3,128,7,0.001,73,99980,4.126090200453467e-07,0.00033327779140983826,-0.002040589265560902,-0.002041004068710092,4.1480314919017935e-07,9.081711835481593e-05,-1.8843016792585344e-05,-1.8840894630664857e-05,1.80285534445985e-07,-3.898932538937139e-06,9.73417757035137e-07,0.00042509145974406,0.003997132839573758,0.003997078063600057,5.544688320702207e-07,9.081711835481593e-05,0.0016279975012414892,0.001627998538200994,4.070725182973284e-07,3.898932538937139e-06,
core_N128_s3,moment3,3,128,7,0.01,73,99980,4.226746224155963e-07,0.0003415242825779885,-0.002017457846330728,-0.0020178422154505937,3.84369119865724e-07,9.050618107127358e-05,-1.8270634550089814e-05,-1.826826284091934e-05,1.806512528995126e-07,-3.774847395748848e-06,9.73417757035137e-07,0.0004224040457640464,0.003966107548472458,0.0039660534774105805,5.337103893277018e-07,9.050618107127358e-05,0.0016298857001208835,0.0016298867302307735,4.0230664473101215e-07,3.774847395748848e-06,
core_N128_s3,moment3,3,128,7,0.1,73,99980,5.36161687061496e-07,0.00043167173382677946,-0.0017908591268226831,-0.0017910510184989958,1.9189167631272763e-07,8.962531611237413e-05,-1.6265986030683587e-05,-1.626148219551053e-05,1.8708438801481406e-07,2.2262574919801326e-06,9.73417757035137e-07,0.00043167173382677946,0.003699143509728761,0.0036991008177521406,3.996155361202236e-07,8.962531611237413e-05,0.0016669429917539704,0.0016669410788020408,3.63123044165864e-07,2.2262574919801326e-06,
core_N128_s3,moment3,3,128,7,1.0,73,99980,2.328507478634196e-06,0.0014245755037409133,-0.001160818730153848,-0.0011592816100617909,1.5371200920571981e-06,0.00015635630369774533,5.754382402639565e-06,5.786877471444547e-06,4.245674753389967e-07,1.964874207616152e-06,2.328507478634196e-06,0.0014245755037409133,0.0024223686017021406,0.0024223533934693148,1.5371200920571981e-06,0.00015635630369774533,0.0018070909908786737,0.0018070913649515792,4.245674753389967e-07,1.964874207616152e-06,
core_N128_s3,moment3,3,128,7,10.0,73,99980,0.0064446588502014325,0.618448283219304,0.05735265601421881,0.031579001483295344,0.025773654530923465,0.6341025627786263,0.00017920708557340046,0.00025180468414179124,0.04171042395523607,-0.027781914202393634,0.16013914756248304,1.0157979943096358,0.05735265601421881,0.031579001483295344,0.025773654530923465,0.6341025627786263,0.0041132582146995115,0.0019350301106563713,0.2045706273042541,0.027781914202393634,86740
core_N128_s3,moment3,3,128,7,100.0,73,99980,0.001788755444999118,0.8177098386621738,0.03686045766102379,0.028163784899101874,0.008696672761921917,0.21874751269243928,4.768199858675225e-05,1.7027167273680175e-05,0.015425803307234538,-0.012071796391204759,0.2045912243203849,0.8177098386621738,0.03686045766102379,0.028163784899101874,0.008696672761921917,0.21874751269243928,0.005435313343936254,0.006789452768681907,0.061891541328964246,0.012071796391204759,32120
core_N128_s3,moment5,3,128,7,0.0001,73,99980,2.414797419117181e-07,0.013359955030568391,0.004428194645073727,0.0044276227976786375,5.718473950894198e-07,4.8204624894479364e-05,1.51561594485656e-07,1.4864644809917216e-07,1.0723919736328406e-07,-1.1100925119966742e-06,5.261518060025956e-07,0.013359955030568391,0.004428194645073727,0.0044276227976786375,5.718473950894198e-07,4.8204624894479364e-05,0.0016496983658983218,0.0016496972182502123,1.9065195904953662e-07,1.1100925119966742e-06,
core_N128_s3,moment5,3,128,7,0.001,73,99980,2.41280900143198e-07,0.013354604078502216,0.004424510354275976,0.00442393924534909,5.711089268861658e-07,4.816406836531358e-05,1.5148385731108915e-07,1.4857242751388012e-07,1.0710985516886027e-07,-1.1082029524600578e-06,5.261518060025956e-07,0.013354604078502216,0.004424510354275976,0.00442393924534909,5.711089268861658e-07,4.816406836531358e-05,0.0016501218354668511,0.0016501206880086398,1.9043972252244376e-07,1.1082029524600578e-06,
core_N128_s3,moment5,3,128,7,0.01,73,99980,2.3932735034565825e-07,0.013302197396690422,0.004387749886284431,0.004387186031859364,5.63854425067456e-07,4.776566501531205e-05,1.5071554304025685e-07,1.4784062948987564e-07,1.0583988386069573e-07,-1.0896554845513107e-06,5.261518060025956e-07,0.013302197396690422,0.004387749886284431,0.004387186031859364,5.63854425067456e-07,4.776566501531205e-05,0.0016543309447297702,0.0016543297991673273,1.8851144584078305e-07,1.0896554845513107e-06,
core_N128_s3,moment5,3,128,7,0.1,73,99980,2.2276471831068478e-07,0.012871533982896671,0.004090290843100586,0.004089729559744057,5.6128335652883e-07,4.439196151423565e-05,1.6184195707684246e-07,1.5898578692780859e-07,9.512048158408424e-08,1.0252173742869575e-06,5.261518060025956e-07,0.012871533982896671,0.004090290843100586,0.004089729559744057,5.6128335652883e-07,4.439196151423565e-05,0.0016939202449317934,0.0016939191180189584,1.7181353828148673e-07,1.0252173742869575e-06,
core_N128_s3,moment5,3,128,7,1.0,73,99980,1.6471379508492948e-07,0.011752203451277934,0.002628479455224625,0.0026281399463324723,3.395088921526179e-07,3.265379723802878e-05,1.3845724241377987e-07,1.367235403004032e-07,5.7488039684447164e-08,1.780364568271242e-07,5.261518060025956e-07,0.011752203451277934,0.002628479455224625,0.0026281399463324723,3.395088921526179e-07,3.265379723802878e-05,0.0018289110278647885,0.0018289110677767496,1.0705419192393188e-07,1.780364568271242e-07,
core_N128_s3,moment5,3,128,7,10.0,73,99980,1.3408371271449425e-07,0.012088572745810221,0.0005856141908722468,0.0005854329746206727,1.8121625157407895e-07,2.64720200065501e-05,1.1677927904701776e-07,1.1584316993093364e-07,4.364611101188754e-08,8.06952600990174e-08,5.261518060025956e-07,0.012088572745810221,0.0005856141908722468,0.0005854329746206727,1.8121625157407895e-07,2.64720200065501e-05,0.00196552233132565,0.0019655218067534943,6.21995111607638e-08,8.06952600990174e-08,
core_N128_s3,moment5,3,128,7,100.0,73,99980,1.3665141053909465e-07,0.013719981390444965,8.509592583520742e-05,8.492754704887695e-05,1.6837878633046977e-07,2.6264925349237212e-05,1.378654457918e-07,1.3693856833085578e-07,1.2490325430682181e-07,5.0738836965269485e-08,5.261518060025956e-07,0.013719981390444965,8.509592583520742e-05,8.492754704887695e-05,1.6837878633046977e-07,2.6264925349237212e-05,0.0020924050557520548,0.0020924047447886058,1.2490325430682181e-07,5.0738836965269485e-08,
core_N128_s3,moment9,3,128,7,0.0001,73,99980,3.889505359563001e-09,0.0003215415247110002,0.004363423639525896,0.00436341636726896,7.2722569355310185e-09,1.4236578706888503e-06,-1.7525353740328425e-07,-1.7530354681323378e-07,6.453447309604513e-08,-4.536987280312488e-08,4.1306491128562766e-07,0.0003310164499677428,0.00439551994025629,0.004395521974874042,7.2722569355310185e-09,1.4236578706888503e-06,0.0016495641381787153,0.0016495634007134012,1.4810462747593456e-07,4.536987280312488e-08,
core_N128_s3,moment9,3,128,7,0.001,73,99980,3.883193686949501e-09,0.0003211979906919452,0.004359792380587743,0.004359785131381119,7.249206623871629e-09,1.42115262719866e-06,-1.7506153897227127e-07,-1.7511145210539002e-07,6.443429911790419e-08,-4.525260621779381e-08,4.1306491128562766e-07,0.0003306623407815666,0.004391855263084776,0.004391857302871963,7.249206623871629e-09,1.42115262719866e-06,0.001649987583795165,0.0016499868466961216,1.4793600811720303e-07,4.525260621779381e-08,
core_N128_s3,moment9,3,128,7,0.01,73,99980,3.821272104310905e-09,0.0003178219180752927,0.004323553878561204,0.004323546853742477,7.024818726719673e-09,1.3966028640452012e-06,-1.7317526800048798e-07,-1.7322423905161923e-07,6.34511919019465e-08,-4.4106809690691584e-08,4.1306491128562766e-07,0.0003271802546122685,0.004355289498822412,0.004355291704569983,7.024818726719673e-09,1.3966028640452012e-06,0.0016541964541477553,0.001654195720703982,1.4627084692492726e-07,4.4106809690691584e-08,
core_N128_s3,moment9,3,128,7,0.1,73,99980,3.30284183386477e-09,0.0002890942316985086,0.004024280279952913,0.0040242725713347804,7.708618132706846e-09,1.1930122904573895e-06,-1.7120353314559668e-07,-1.7124877340518612e-07,5.518703902232566e-08,-3.904288288503199e-08,4.1306491128562766e-07,0.00029769585085800764,0.004056040499497857,0.004056041319003306,7.708618132706846e-09,1.1930122904573895e-06,0.0016937834253694308,0.0016937827277583146,1.327643939651577e-07,3.933415237966642e-08,
core_N128_s3,moment9,3,128,7,1.0,73,99980,1.5937015946231377e-09,0.00018519805398130215,0.0025780426400477535,0.002578039663138035,2.9769097187326565e-09,5.3658745605488e-07,-1.1553970289369015e-07,-1.155600779252564e-07,2.6779095475755757e-08,3.351010330332471e-09,4.1306491128562766e-07,0.0001911303405011552,0.0026003523396545963,0.002600353351240106,2.9769097187326565e-09,5.3658745605488e-07,0.0018288124707652568,0.0018288125361159773,8.18527128174879e-08,5.8627140503419994e-09,
core_N128_s3,moment9,3,128,7,10.0,73,99980,7.746913356234184e-10,0.00012916184246529878,0.0005472068950519576,0.0005472055086717664,1.386380191203962e-09,1.9363785953558483e-07,-7.682229773847017e-08,-7.68298685278575e-08,1.2324488771055124e-08,3.83792012059736e-10,4.1306491128562766e-07,0.00013365818257941582,0.0005628599680872759,0.0005628601561987884,1.386380191203962e-09,1.9363785953558483e-07,0.0019653852585906698,0.0019653850640711785,4.810420615274026e-08,5.068589992163197e-10,
core_N128_s3,moment9,3,128,7,100.0,73,99980,5.676715694564294e-10,0.0001402074343350006,4.770045149690705e-05,4.769939951089486e-05,1.0519860121904756e-09,1.2850167523096437e-07,-5.441880943911541e-08,-5.4423360653723246e-08,1.372282988277041e-08,4.872937053868043e-10,4.1306491128562766e-07,0.0001402074343350006,6.0485556519551675e-05,6.048557764337659e-05,1.0519860121904756e-09,1.2850167523096437e-07,0.0020922854140915767,0.002092285268257997,4.57080217261433e-08,4.872937053868043e-10,
core_N128_s4,sine,4,128,1,0.0001,73,99980,0.0006019888900610209,1.0000000000000067,-0.0037075092423099476,-0.0005924199937183128,0.003115089248591635,0.14128843770231364,-1.2623619742862255e-05,4.07431657852639e-18,0.000819248835822658,0.000867469149910205,0.009301234372801908,1.0000064649138607,0.0037075092423099476,0.0010125919189139104,0.003115089248591635,0.14128843770231364,0.00201192832100836,0.0021022928944123224,0.003903231834777756,0.000867469149910205,1620
core_N128_s4,sine,4,128,1,0.001,73,99980,0.0006018484134812046,1.0000000000000073,-0.0037033491551995007,-0.000589478711294264,0.0031138704439052367,0.14125327412131874,-1.2602855542312624e-05,4.094475437574214e-18,0.0008189862318787313,0.0008581367090041425,0.009301234372801908,1.0000085310206457,0.0037033491551995007,0.001010858481885743,0.0031138704439052367,0.14125327412131874,0.00201192832100836,0.0021022928944123224,0.0039023452585655073,0.0008581367090041425,1620
core_N128_s4,sine,4,128,1,0.01,73,99980,0.0006004563302885921,1.0000000000000184,-0.0036628636751067367,-0.0005610025990741146,0.003101861076032622,0.14090433670313804,-1.2397560894027016e-05,5.546068288355684e-18,0.0008163392363552539,0.0005864491699709845,0.009301234372801908,1.0000263241992484,0.0036628636751067367,0.0009933896864514902,0.003101861076032622,0.14090433670313804,0.00201192832100836,0.0021022928944123224,0.0038934836744701183,0.0006494896813765416,1620
core_N128_s4,sine,4,128,1,0.1,73,99980,0.0005878977531269437,1.000000000000021,-0.003343086655509253,-0.000343442567611027,0.002999644087898226,0.1377089027760461,-1.1901904664748516e-05,1.2194755205899506e-18,0.0007886081821383776,-0.0001923605142678808,0.009301234372801908,1.0007558058605601,0.003343086655509253,0.0008367640563408524,0.002999644087898226,0.1377089027760461,0.00201192832100836,0.0021022928944123224,0.0038022862261164856,0.0007547654075407834,1620
core_N128_s4,sine,4,128,1,1.0,73,99980,0.0005471950106729504,1.0000000000004374,-0.0017728640119162448,0.000274566741715887,0.002047430753632132,0.12522193513286678,-7.00298100379073e-06,7.039327184221835e-18,0.0005911644742506918,0.0004074191095755353,0.009301234372801908,1.0283620304916743,0.0017728640119162448,0.0003450721629810888,0.002047430753632132,0.12522193513286678,0.00201192832100836,0.0021022928944123224,0.0033690196774800317,0.0004074191095755353,920
core_N128_s4,sine,4,128,1,10.0,73,99980,0.0005884115533733687,1.0000000000000309,-0.0009557301291369252,9.77703212908243e-05,0.0010535004504277495,0.12037274444530782,-1.157018023806717e-07,4.745627677650778e-19,0.0004047982484160367,0.0007833252383755984,0.009301234372801908,1.0972386680137087,0.0009557301291369252,9.77703212908243e-05,0.0010535004504277495,0.12037274444530782,0.00201192832100836,0.0021022928944123224,0.0030382040384287494,0.001675914235685208,160
core_N128_s4,sine,4,128,1,100.0,73,99980,0.006525679988376388,1.0,0.006087753968639462,1.0430681419537624e-05,0.006077323287219924,0.3127183517682168,0.00013980931408279747,-0.0,0.00249741251749007,0.0015684482644318515,0.009301234372801908,1.054035218192485,0.006087753968639462,1.0430681419537624e-05,0.006077323287219924,0.3127183517682168,0.00201192832100836,0.0021022928944123224,0.003224949477572309,0.0015684482644318515,15
core_N128_s4,runge,4,128,1,0.0001,73,99980,0.0031381322698663815,0.9999999999999998,0.00668491168210722,-0.0007369115038452778,0.0074218231859524975,0.47738195258874433,6.342607257177801e-05,-1.9467989014143417e-18,0.003610078371864991,0.004929534698450644,0.0036568938409782545,1.0000002770302145,0.00668491168210722,0.000736911503845486,0.0074218231859524975,0.47738195258874433,0.0005237149134114306,0.0005574572525227358,0.003610078371864991,0.004929534698450644,400
core_N128_s4,runge,4,128,1,0.001,73,99980,0.0031395851380767482,0.9999999999999999,0.006688455883885364,-0.0007360855533487809,0.0074245414372341445,0.4774615258224684,6.346349230517323e-05,-1.9323082655957985e-18,0.0036123812271357907,0.004923583330774944,0.0036568938409782545,1.00000032892491,0.006688455883885364,0.0007360855533489336,0.0074245414372341445,0.4774615258224684,0.0005237149134114306,0.0005574572525227358,0.0036123812271357907,0.004923583330774944,400
core_N128_s4,runge,4,128,1,0.01,73,99980,0.0031541325020701524,0.9999999999999999,0.00672366647523534,-0.0007263760641954692,0.0074500425394308095,0.47825626478020944,6.38366733383267e-05,-2.675618467300562e-18,0.0036354613102955037,0.004865084896555988,0.0036568938409782545,1.0000011710674241,0.00672366647523534,0.0007263760641954692,0.0074500425394308095,0.47825626478020944,0.0005237149134114306,0.0005574572525227358,0.0036354613102955037,0.004865084896555988,400
core_N128_s4,runge,4,128,1,0.1,73,99980,0.003301737615386353,1.0000000000000024,0.0070563324558786805,-0.0006393355710071769,0.007695668026885857,0.4861329806023047,6.749513130983165e-05,-3.6072646880137806e-18,0.0038716028606508145,0.00324845849988388,0.0036568938409782545,1.0000431512458228,0.0070563324558786805,0.0006393355710071769,0.007695668026885857,0.4861329806023047,0.0005237149134114306,0.0005574572525227358,0.0038716028606508145,0.005074741426790583,340
core_N128_s4,runge,4,128,1,1.0,73,99980,0.005177963044081651,1.0000000000000009,0.009852444626776563,-0.0003126707418914798,0.010165115368668043,0.5711235996770003,0.00010587481841507556,-5.333649987510759e-19,0.007042366327495919,0.0015723975912376176,0.005177963044081651,1.0012103748943961,0.009852444626776563,0.0003126707418916602,0.010165115368668043,0.5711235996770003,0.0005237149134114306,0.0005574572525227358,0.007042366327495919,0.0029794903209872103,140
core_N128_s4,runge,4,128,1,10.0,73,99980,0.002245378183516217,0.9999999999999994,0.021854179114800046,-4.4973260202474385e-05,0.02189915237500252,1.1725321736899958,1.0418100986606067e-05,-2.0741960685649512e-19,0.11057529765774232,-0.0021706180281976656,0.01563731025967195,1.0035102204138504,0.021854179114800046,4.4973260202474385e-05,0.02189915237500252,1.1725321736899958,0.0005237149134114306,0.0005574572525227358,0.11057529765774232,0.0022853388288394533,20
core_N128_s4,runge,4,128,1,100.0,73,99980,0.002335874491031143,1.0,0.015183418011985306,-4.84810395812163e-06,0.015188266115943427,0.7596888707991164,-1.315091155797409e-06,-1.3357539429552139e-20,0.10931832663712063,0.0007051388571899658,0.020567133460246682,1.0039103850690094,0.01562829551613082,4.84810395812163e-06,0.01563314362008894,0.7596888707991164,0.0005237149134114306,0.0005574572525227358,0.10931832663712063,0.0007867337608092051,2
core_N128_s4,moment3,4,128,1,0.0001,73,99980,0.0014286150122586043,1.0000000000000022,-0.0002531050054172951,0.004270175910432314,0.004523280915849609,0.33708094870918814,-5.813330298088578e-06,1.2448443126869251e-17,0.0022532982660374633,0.0006730946646272551,0.006633385857471331,1.0000035030685206,0.003998867424035574,0.004270175910432494,0.004523280915849609,0.33708094870918814,0.0017745389980991877,0.0018342158638290362,0.005745794588420384,0.0015609965940892728,1220
core_N128_s4,moment3,4,128,1,0.001,73,99980,0.0014295631328667666,1.0000000000000029,-0.0002473326652765312,0.004266775395960529,0.00451410806123706,0.3370594340524416,-5.708764779840569e-06,1.2463108600606453e-17,0.0022526256921309353,0.0007242778192948357,0.006633385857471331,1.0000043905325398,0.003996256873652598,0.004266775395960709,0.00451410806123706,0.3370594340524416,0.0017746452632221546,0.001834322686015314,0.00574406252483339,0.001560679214900551,1220
core_N128_s4,moment3,4,128,1,0.01,73,99980,0.0014392775834289858,1.000000000000014,-0.00019131716284877254,0.004232843625799482,0.004424160788648254,0.3368716010385318,-4.676228034112964e-06,2.4615348394617064e-17,0.0022458153729679707,0.0008325058304019528,0.006633385857471331,1.0000338548890044,0.003970019412544837,0.0042328436257996205,0.004424160788648254,0.3368716010385318,0.0017757064473547025,0.0018353893497525104,0.005726918546339709,0.0015574403974705914,1220
core_N128_s4,moment3,4,128,1,0.1,73,99980,0.001553597516682754,1.000000000000037,0.00030988958407363043,0.0039035471664852633,0.003593657582411633,0.33726056285551503,5.734877289990819e-07,1.2566198811908126e-17,0.0021732078960500323,-0.0032489544076206023,0.006633385857471331,1.0012859027689422,0.0037002682381839652,0.0039035471664852633,0.003593657582411633,0.33726056285551503,0.0017861722928448004,0.0018459009917519648,0.005569090807361202,0.0032489544076206023,1060
core_N128_s4,moment3,4,128,1,1.0,73,99980,0.0028857778787779623,1.0000000000000462,0.0015753104073232549,0.0022728447827645715,0.0006975343754413166,0.3897964324767565,4.7791386568118584e-05,1.3995315189407046e-17,0.0018676869165035078,0.0016263486191012005,0.006633385857471331,1.0452051157791957,0.002180850759490663,0.0022728447827646964,0.00232009152773599,0.3897964324767565,0.0019130850655406369,0.0019679059206746765,0.0048810235497056525,0.0016263486191012005,600
core_N128_s4,moment3,4,128,1,10.0,73,99980,0.005616636964760402,1.0,0.05285746865256678,0.0004533276301798561,0.05240414102238693,1.9434654611023148,0.00010419468413341036,-0.0,0.23413332329922742,-0.04421979761630561,0.09178825176731088,1.1281360372314948,0.05285746865256678,0.0004533276301798561,0.05240414102238693,2.0842702206173467,0.0025519394378807647,0.001978030721630827,0.23413332329922742,0.04421979761630561,120
core_N128_s4,moment3,4,128,1,100.0,73,99980,0.0012848148445097382,1.0,0.030545756657605297,4.719664383004418e-05,0.030498560013775253,1.1308296089435355,2.8905398642557714e-05,-0.0,0.2576785716762482,-0.02845831168272897,0.2702841789285038,1.0839326555747326,0.030545756657605297,4.719664383004418e-05,0.030498560013775253,1.4239100609880826,0.004322167936582311,0.0020395601486004607,0.2576785716762482,0.02845831168272897,11
core_N128_s4,moment5,4,128,1,0.0001,73,99980,1.7943459673121728e-05,0.9999999999999915,0.004417679237235003,0.004270175910432342,0.00014750332680266154,0.012264525769632701,1.6875497617864875e-07,1.3041226132910642e-17,0.0008016311846844881,0.0006214941334748703,0.004274434085724681,1.0000000007907683,0.004417679237235003,0.004270175910432494,0.00014750332680266154,0.012264525769632701,0.0017912200859422644,0.0018342158638290362,0.004796991902522927,0.0014731274397629807,1420
core_N128_s4,moment5,4,128,1,0.001,73,99980,1.7934298300872432e-05,0.9999999999999806,0.004414324526455196,0.004266775395960529,0.00014754913049466745,0.012248302453822744,1.686181818480635e-07,1.3056589962540088e-17,0.0008012079611447276,0.0006937946759425634,0.004274434085724681,0.9999999999999843,0.004414324526455196,0.004266775395960709,0.00014754913049466745,0.012248302453822744,0.0017913291351692286,0.0018343226860153136,0.004795186504693908,0.001472282791389043,1420
core_N128_s4,moment5,4,128,1,0.01,73,99980,1.784373300979538e-05,0.9999999999997556,0.004380813879573134,0.004232843625799482,0.00014797025377365214,0.012088822758261977,1.672689318884023e-07,2.521572274570528e-17,0.000797022463677938,0.0005547469740218719,0.004274434085724681,0.9999999999997734,0.004380813879573134,0.004232843625799648,0.00014797025377365214,0.012088822758261977,0.0017924181422246627,0.0018353893497525104,0.0047773273555437555,0.0014638382782687642,1420
core_N128_s4,moment5,4,128,1,0.1,73,99980,1.7033270156750938e-05,0.9999999999990128,0.004052877661010909,0.0039035471664852772,0.00014933049452563185,0.010727135215671769,1.5541891998816989e-07,1.1904819927070855e-17,0.0007593938183441426,0.00022538974708495585,0.004274434085724681,0.9999999999990128,0.004052877661010909,0.0039035471664852772,0.00014933049452563185,0.010727135215671769,0.0018031604124343192,0.0018459009917519648,0.004627955467974624,0.0008096634516857049,1220
core_N128_s4,moment5,4,128,1,1.0,73,99980,1.344540058239199e-05,0.9999999999913763,0.002360283172942859,0.0022728447827645715,8.74383901782877e-05,0.005580990108464012,1.2197050903572422e-07,1.3995315189407046e-17,0.0005829107446369099,0.0004610772877722408,0.004274434085724681,0.9999999999913763,0.002360283172942859,0.0022728447827646825,8.74383901782877e-05,0.005580990108464012,0.0019370663339293144,0.001967905920674676,0.004034613288895434,0.00047030519977364627,700
core_N128_s4,moment5,4,128,1,10.0,73,99980,1.076917250053543e-05,1.0000000000011826,0.00048349195727116767,0.0004533276301798561,3.016432709131156e-05,0.002423355166017509,9.37707324585185e-08,-9.021043542423887e-19,0.0004174283295605985,5.721518699310091e-05,0.004274434085724681,1.0000000000011826,0.00048349195727116767,0.0004533276301798561,3.016432709131156e-05,0.002423355166017509,0.00195446180652113,0.0019780307216308263,0.003657141094408471,6.39833764370934e-05,120
core_N128_s4,moment5,4,128,1,100.0,73,99980,9.355010336023002e-06,1.0000000000018443,6.86373042114996e-05,4.719664383004418e-05,2.1440660381455423e-05,0.0019894120559018013,1.1671218236923601e-07,-9.11703932542813e-19,0.00029670529925336425,-2.072103297326433e-05,0.004274434085724681,1.0000000000018443,6.86373042114996e-05,4.719664383004418e-05,2.1440660381455423e-05,0.0019894120559018013,0.0020171207751201,0.0020395601486004594,0.003758415999186692,2.072103297326433e-05,11
core_N128_s4,moment9,4,128,1,0.0001,73,99980,1.583052483714119e-05,1.0000000000003246,0.004347600828515943,0.004270175910432342,7.742491808360175e-05,0.012777335815010938,-1.8459611862875526e-07,1.3041226132910642e-17,0.0008018620105071921,0.0004440015428558708,0.004282168222230327,1.0000030959701234,0.004381634580072999,0.004270175910432494,0.00011185220725223877,0.012777335815010938,0.0017911686559650571,0.0018342158638290369,0.004799380935052337,0.0014753234750891492,1420
core_N128_s4,moment9,4,128,1,0.001,73,99980,1.582284877544951e-05,1.0000000000003388,0.004344320506679822,0.004266775395960529,7.754511071929315e-05,0.012759481983116001,-1.8435446100397956e-07,1.3056589962540092e-17,0.0008014356812065895,0.0005163730775273739,0.004282168222230327,1.0000045927789774,0.004378315162707785,0.004266775395960709,0.00011193150790250739,0.012759481983116001,0.0017912776958641313,0.0018343226860153149,0.004797577272099376,0.0014744801512230482,1420
core_N128_s4,moment9,4,128,1,0.01,73,99980,1.574676470193922e-05,1.0000000000009155,0.004311540925102844,0.0042328436257995095,7.869729930333469e-05,0.012583916148497097,-1.819849266572126e-07,2.5215722745705285e-17,0.0007972195410857706,0.0007072009259345008,0.004282168222230327,1.0000162628982148,0.0043451495421473335,0.0042328436257996205,0.00011268129523464565,0.012583916148497097,0.001792366609689662,0.0018353893497525106,0.004779735361747282,0.0014660485821162972,1420
core_N128_s4,moment9,4,128,1,0.1,73,99980,1.5050098453677902e-05,1.0000000000014952,0.003989818073026105,0.0039035471664852772,8.627090654082792e-05,0.011080809235041003,-1.6226472266035658e-07,1.190481992707086e-17,0.0007593211579655224,3.7753926668215865e-05,0.004282168222230327,1.000141767303457,0.0040200530883952035,0.0039035471664852772,0.00011680960462544243,0.011080809235041003,0.0018031079524808559,0.0018459009917519656,0.004630123538926566,0.00081072482066262,1220
core_N128_s4,moment9,4,128,1,1.0,73,99980,1.1577100562762937e-05,1.0000000000087723,0.0023141575608972703,0.0022728447827645715,4.1312778132698846e-05,0.005348338802980291,-1.0990353457814144e-07,1.3258719653122468e-17,0.0005817212896116811,0.0004991868203343963,0.004282168222230327,1.0049493562011012,0.002335586888504354,0.0022728447827646825,6.282773942098419e-05,0.005348338802980291,0.0019369816572643876,0.0019679059206746774,0.00403649449227392,0.0004991868203343963,700
core_N128_s4,moment9,4,128,1,10.0,73,99980,8.077566689895963e-06,1.0000000000012004,0.0004499768032834861,0.00045332763017987,3.350826896383885e-06,0.0018148079708551314,-7.480023679419251e-08,9.021043542423889e-19,0.0004151241235337737,5.6636147218694366e-05,0.004282168222230327,1.009822845076067,0.00046545774889948655,0.00045332763017987,1.2142086499203342e-05,0.0018148079708551314,0.001954375479886485,0.001978030721630827,0.003658510364223353,6.393163581440431e-05,120
core_N128_s4,moment9,4,128,1,100.0,73,99980,4.855635143105889e-06,0.9999999999974528,3.659260972516121e-05,4.719664383005806e-05,1.0604034104896853e-05,0.001263061611082993,-4.702605639601424e-08,-9.117039325428133e-19,0.00028874333783917487,-2.7493590483734787e-05,0.004282168222230327,1.0127472338078614,4.8479291376121725e-05,4.719664383005806e-05,1.0604034104896853e-05,0.001263061611082993,0.0020170378033317043,0.002039560148600462,0.003759846297288914,2.7493590483734787e-05,11
core_N128_s4,sine,4,128,3,0.0001,73,99980,3.9801874297633166e-05,0.06611729045962775,-0.0037075092423099476,-0.0038106083976192084,0.00010309915530926084,0.010388806793162491,-1.2623619742862255e-05,-1.294526887294701e-05,3.222927092292932e-05,-9.264535848058086e-05,0.00039121167308675764,0.08152568969753056,0.0037075092423099476,0.0038106083976192084,0.00010309915530926084,0.010388806793162491,0.00201192832100836,0.002008379360125974,0.00013561574756689747,9.264535848058086e-05,5080
core_N128_s4,sine,4,128,3,0.001,73,99980,3.980642361544016e-05,0.06614028171178953,-0.0037033491551995007,-0.0038062015563424256,0.00010285240114292493,0.010387742400537614,-1.2602855542312624e-05,-1.2923271001271536e-05,3.222097597870326e-05,-7.721725196588314e-05,0.00039121167308675764,0.08153207605624972,0.0037033491551995007,0.0038062015563424256,0.00010285240114292493,0.010387742400537614,0.00201192832100836,0.002008379360125974,0.00013556020933998798,8.047113622797197e-05,5080
core_N128_s4,sine,4,128,3,0.01,73,99980,3.985201334739184e-05,0.06636954485639088,-0.0036628636751067367,-0.0037632774353270476,0.0001004137602203109,0.01037717039873137,-1.2397560894027016e-05,-1.2705748075029864e-05,3.213699994742133e-05,5.857878889826973e-05,0.00039121167308675764,0.08164767999142364,0.0036628636751067367,0.0037632774353270476,0.0001004137602203109,0.01037717039873137,0.00201192832100836,0.002008379360125974,0.0001350043747003317,8.676541796517889e-05,5080
core_N128_s4,sine,4,128,3,0.1,73,99980,4.031491717534813e-05,0.06857470871579237,-0.003343086655509253,-0.00343017210393759,8.708544842833676e-05,0.010279600472000446,-1.1901904664748516e-05,-1.1215761958350604e-05,3.122755183916915e-05,9.389597257926374e-05,0.00039121167308675764,0.08243515992822659,0.003343086655509253,0.00343017210393759,8.708544842833676e-05,0.010279600472000446,0.00201192832100836,0.002008379360125974,0.0001298337803073972,0.00014944519485152186,4400
core_N128_s4,sine,4,128,3,1.0,73,99980,4.429490462010382e-05,0.08094902869389932,-0.0017728640119162448,-0.0018052228982040758,3.235888628783101e-05,0.00987621421751697,-7.00298100379073e-06,-6.883518471159611e-06,2.474952862685297e-05,-2.3133265087918464e-05,0.00039121167308675764,0.08653453337901137,0.0017728640119162448,0.0018052228982040758,3.972040693955847e-05,0.00987621421751697,0.00201192832100836,0.002008379360125974,0.00010428991144284686,9.245920990789969e-05,2160
core_N128_s4,sine,4,128,3,10.0,73,99980,9.216027390042227e-05,0.15662553424056588,-0.0009557301291369252,-0.0008949128185855443,6.0817310551380954e-05,0.011826891168671055,-1.157018023806717e-07,1.0002812868268196e-06,3.0283389638731227e-05,0.00014437842250934751,0.00039121167308675764,0.15662553424056588,0.0009557301291369252,0.0008990590206468946,6.0817310551380954e-05,0.011826891168671055,0.00201192832100836,0.002008379360125974,8.351743255273057e-05,0.00014437842250934751,400
core_N128_s4,sine,4,128,3,100.0,73,99980,0.030904415840968015,4.735815408664736,0.006087753968639462,0.011471900463273219,0.005384146494633757,0.39039045182329385,0.00013980931408279747,0.0005826029326065174,0.014385022447854365,0.00234140891699533,0.030904415840968015,4.735815408664736,0.006087753968639462,0.011471900463273219,0.005384146494633757,0.39039045182329385,0.00201192832100836,0.002008379360125974,0.014385022447854365,0.00234140891699533,40
core_N128_s4,runge,4,128,3,0.0001,73,99980,0.0007900937650955351,0.25177197681638075,0.00668491168210722,0.007772439312358589,0.0010875276302513698,0.0594883323024872,6.342607257177801e-05,7.745324136997886e-05,0.001053155661186891,-0.00031347662923048025,0.0007900937650955351,0.25177197681638075,0.00668491168210722,0.007772439312358589,0.0010875276302513698,0.0594883323024872,0.0005237149134114306,0.0005225805956608896,0.001053155661186891,0.0012114778662745962,3820
core_N128_s4,runge,4,128,3,0.001,73,99980,0.0007913263211287928,0.2520480529518446,0.006688455883885364,0.007776704270859122,0.0010882483869737586,0.059531815284580396,6.346349230517323e-05,7.750787777673356e-05,0.0010547099336972,-0.0003125171410472416,0.0007913263211287928,0.2520480529518446,0.006688455883885364,0.007776704270859122,0.0010882483869737586,0.059531815284580396,0.0005237149134114306,0.0005225805956608896,0.0010547099336972,0.0012111344928876222,3820
core_N128_s4,runge,4,128,3,0.01,73,99980,0.0008037327068668744,0.25481894192439924,0.00672366647523534,0.007819119512922301,0.001095453037686961,0.05996813026046966,6.38366733383267e-05,7.805354296557603e-05,0.0010703622112131126,-0.00030312649743143016,0.0008037327068668744,0.25481894192439924,0.00672366647523534,0.007819119512922301,0.001095453037686961,0.05996813026046966,0.0005237149134114306,0.0005225805956608896,0.0010703622112131126,0.0012077937476931838,3820
core_N128_s4,runge,4,128,3,0.1,73,99980,0.0009364212820203156,0.28361468750772995,0.0070563324558786805,0.008224016333640546,0.0011676838777618659,0.06449180683126159,6.749513130983165e-05,8.348011515933202e-05,0.0012385383199835808,-0.00025207399637391936,0.0009364212820203156,0.28361468750772995,0.0070563324558786805,0.008224016333640546,0.0011676838777618659,0.06449180683126159,0.0005237149134114306,0.0005225805956608896,0.0012385383199835808,0.0006057119740725259,3820
core_N128_s4,runge,4,128,3,1.0,73,99980,0.004010504300820839,0.77453320285953,0.009852444626776563,0.011962057829580944,0.0021096132028043807,0.1390208770666164,0.00010587481841507556,0.00015091293921137345,0.00550123877570351,-0.0007392129429364125,0.004010504300820839,0.77453320285953,0.009852444626776563,0.011962057829580944,0.0021096132028043807,0.1390208770666164,0.0005237149134114306,0.0005225805956608896,0.00550123877570351,0.0014119045268205926,1880
core_N128_s4,runge,4,128,3,10.0,73,99980,0.0021581385857811046,0.9611470359979635,0.021854179114800046,0.01678027642287873,0.005073902691921317,0.27843809354797777,1.0418100986606067e-05,-1.10371340199874e-06,0.004790216725316096,-0.0014887565853453633,0.013924821375691556,1.0043252349142124,0.021854179114800046,0.016842510005439626,0.005073902691921317,0.27843809354797777,0.0005237149134114306,0.0005225805956608896,0.05914578526416694,0.0015393576005751503,300
core_N128_s4,runge,4,128,3,100.0,73,99980,0.002609792948611297,1.1172659141712857,0.015183418011985306,0.013835748102010409,0.0013476699099748968,0.36225467048103166,-1.315091155797409e-06,3.864205166746904e-06,0.005494528450796248,0.0003035979131720823,0.016811425708905432,1.684058958772012,0.01562829551613082,0.013835748102010409,0.0026701743575159725,0.36225467048103166,0.0005237149134114306,0.0005225805956608896,0.03309204249087569,0.0003035979131720823,40
core_N128_s4,moment3,4,128,3,0.0001,73,99980,0.00013910898361359797,0.09737331780776298,-0.0002531050054172951,-0.00054362576785702,0.0002905207624397249,0.028287614006763148,-5.813330298088578e-06,-5.966616504147761e-06,0.00010346315766916209,0.0031125021607704556,0.000436871315256263,0.10755794884379331,0.003998867424035574,0.003973053999510506,0.00031063224218666474,0.028287614006763148,0.0017745389980991877,0.0017708068939145329,0.0002500585305371646,0.003458667648550004,3320
core_N128_s4,moment3,4,128,3,0.001,73,99980,0.0001394165127992688,0.09752385857887301,-0.0002473326652765312,-0.000536476077523107,0.0002891434122465758,0.028293499481091233,-5.708764779840569e-06,-5.849739924539526e-06,0.00010352574650567013,0.003177115667560404,0.000436871315256263,0.10756556008573748,0.003996256873652598,0.00397046621467613,0.0003099392388641875,0.028293499481091233,0.0017746452632221546,0.0017709130694566427,0.00024994457476128744,0.0034485724723614664,3320
core_N128_s4,moment3,4,128,3,0.01,73,99980,0.0001425414614018992,0.09903681057986423,-0.00019131716284877254,-0.0004668236633002948,0.00027550650045152225,0.028355613494670397,-4.676228034112964e-06,-4.694138889636198e-06,0.00010413169660380179,0.003535801354752538,0.000436871315256263,0.10762812898055694,0.003970019412544837,0.003944452354922287,0.0003031026029792355,0.028355613494670397,0.0017757064473547025,0.0017719733607961417,0.0002488070026285178,0.003535801354752538,3320
core_N128_s4,moment3,4,128,3,0.1,73,99980,0.00017751104997166408,0.11425806752748473,0.00030988958407363043,0.00012152199423429155,0.00018836758983933888,0.029257682732751228,5.734877289990819e-07,2.972275758494732e-06,0.00010862888022830237,-0.0002533438071668226,0.000436871315256263,0.11425806752748473,0.0037002682381839652,0.0036765824008218873,0.00022917781919483404,0.029257682732751228,0.0017861722928448004,0.00178243057652445,0.0002383277485568582,0.0010452254438908792,2880
core_N128_s4,moment3,4,128,3,1.0,73,99980,0.0006565513957413642,0.22751279666036656,0.0015753104073232549,0.0020516439841251205,0.0004763335768018656,0.04603367371521064,4.7791386568118584e-05,6.086879713940191e-05,0.00017912557288903954,-0.00012609999437503128,0.0006565513957413642,0.22751279666036656,0.002180850759490663,0.0021707680244260202,0.0004763335768018656,0.04603367371521064,0.0019130850655406369,0.0019091958363151563,0.00018799281495750813,0.0005578936924575117,1420
core_N128_s4,moment3,4,128,3,10.0,73,99980,0.005616636964810556,1.0000000000089295,0.05285746865256678,0.023697153576426475,0.02916031507614031,0.4898899322966044,0.00010419468413341036,3.427711878862085e-16,0.039273646916139104,-0.03401343005818669,0.09178825176726071,1.0000000000089295,0.05285746865256678,0.023697153576426475,0.02916031507614031,0.5301633746373184,0.0025519394378807647,0.001923054952445097,0.11901273823363734,0.03401343005818669,260
core_N128_s4,moment3,4,128,3,100.0,73,99980,0.0012848148445368988,1.0000000000211398,0.030545756657605297,0.017698322428293223,0.012847434229312074,0.27824541253101326,2.8905398642557714e-05,1.9779188171671073e-16,0.01539935145208157,-0.020078273225001816,0.26861193198618366,1.0000000000211398,0.030545756657605297,0.017698322428293223,0.012847434229312074,0.34824114649344573,0.004322167936582311,0.001985838940452694,0.21772089840411718,0.020078273225001816,40
core_N128_s4,moment5,4,128,3,0.0001,73,99980,1.5553698627407825e-05,0.8668171529209744,0.004417679237235003,0.00434419544339236,7.348379384264359e-05,0.0033151824775136227,1.6875497617864875e-07,-2.1105917442024103e-07,4.8521577839764236e-05,0.00022961088278515562,0.00022669701392414644,0.8668171529209744,0.004417679237235003,0.004383247448595154,7.348379384264359e-05,0.0033151824775136227,0.0017912200859422644,0.0017893106233388477,0.00015909817764138152,0.00022961088278515562,5840
core_N128_s4,moment5,4,128,3,0.001,73,99980,1.5544923891538817e-05,0.8667706776563606,0.004414324526455196,0.004340927744176992,7.33967822782039e-05,0.0033129808111181484,1.686181818480635e-07,-2.1077975472583417e-07,4.8485338120970866e-05,0.00022947811144272134,0.00022669701392414644,0.8667706776563606,0.004414324526455196,0.004379933604290537,7.33967822782039e-05,0.0033129808111181484,0.0017913291351692286,0.0017894197461660701,0.00015902398633457377,0.00022947811144272134,5840
core_N128_s4,moment5,4,128,3,0.01,73,99980,1.5458625993450568e-05,0.8663336301300139,0.004380813879573134,0.004308270886339935,7.25429932331989e-05,0.0032913397169523446,1.672689318884023e-07,-2.0803997477991836e-07,4.812760546776954e-05,-0.00021782184784881198,0.00022669701392414644,0.8663336301300139,0.004380813879573134,0.004346821557657893,7.25429932331989e-05,0.0032913397169523446,0.0017924181422246627,0.0017905094912415516,0.0001582890081866453,0.00021782184784881198,5840
core_N128_s4,moment5,4,128,3,0.1,73,99980,1.4721944146543919e-05,0.8643052103940543,0.004052877661010909,0.003987491626839965,6.538603417094446e-05,0.0031074395684898915,1.5541891998816989e-07,-1.8523915844358893e-07,4.496326526573742e-05,0.00027677055268640616,0.00022669701392414644,0.8643052103940543,0.004052877661010909,0.004022091359112481,6.538603417094446e-05,0.0031074395684898915,0.0018031604124343192,0.0018012593403937576,0.0001515415172091759,0.00027677055268640616,5080
core_N128_s4,moment5,4,128,3,1.0,73,99980,1.2202264200539883e-05,0.9075418858412193,0.002360283172942859,0.0023123664046357795,4.7916768307079693e-05,0.002489314503344722,1.2197050903572422e-07,-1.2443798849732595e-07,3.1204248581292555e-05,-5.8318649373806375e-05,0.00022669701392414644,0.9075418858412193,0.002360283172942859,0.0023366893358406915,4.7916768307079693e-05,0.002489314503344722,0.0019370663339293144,0.0019354623899956803,0.0001236751843948561,5.8318649373806375e-05,2500
core_N128_s4,moment5,4,128,3,10.0,73,99980,1.1031115819494545e-05,1.024323439796246,0.00048349195727116767,0.0004482572865064788,3.523467076468889e-05,0.002216068675006999,9.37707324585185e-08,-8.370945331360093e-08,1.9027643562418864e-05,-3.002153614553582e-06,0.00022669701392414644,1.024323439796246,0.00048349195727116767,0.0004656424917161145,3.523467076468889e-05,0.002216068675006999,0.00195446180652113,0.0019531357341920712,0.00010231891612791263,3.002153614553582e-06,460
core_N128_s4,moment5,4,128,3,100.0,73,99980,1.0682855652114573e-05,1.1419394814560695,6.86373042114996e-05,3.53027707972603e-05,3.333453341423931e-05,0.0021549072246706234,1.1671218236923601e-07,-5.177065970050898e-08,1.0879748104741478e-05,7.78537671468349e-06,0.00022669701392414644,1.1419394814560695,6.86373042114996e-05,4.849767084787182e-05,3.333453341423931e-05,0.0021549072246706234,0.0020171207751201,0.002015862606121809,0.00010341190703144038,7.78537671468349e-06,60
core_N128_s4,moment9,4,128,3,0.0001,73,99980,1.995370976337136e-06,0.12604578792336013,0.004347600828515943,0.00434419544339236,3.405385123583793e-06,0.000736857804754586,-1.8459611862875526e-07,-2.110591744201842e-07,4.634686645732149e-05,5.2118292166100644e-05,0.000219828430785064,0.13063398359392878,0.004381634580072999,0.004383247448595154,3.405385123583793e-06,0.000736857804754586,0.0017911686559650571,0.0017893106233388494,0.0001555176653262598,5.621368054788134e-05,7760
core_N128_s4,moment9,4,128,3,0.001,73,99980,1.9939740072249945e-06,0.126018647812617,0.004344320506679822,0.004340927744176992,3.392762502829605e-06,0.0007359609077140503,-1.8435446100397956e-07,-2.1077975472576196e-07,4.6315207648614205e-05,5.205651302753189e-05,0.000219828430785064,0.13060698311924396,0.004378315162707785,0.004379933604290537,3.392762502829605e-06,0.0007359609077140503,0.0017912776958641313,0.0017894197461660714,0.00015544172105735326,5.7001667482556306e-05,7760
core_N128_s4,moment9,4,128,3,0.01,73,99980,1.9801743568540128e-06,0.12575118726527781,0.004311540925102844,0.004308270886339935,3.270038762909211e-06,0.0007271412396089315,-1.819849266572126e-07,-2.080399747804117e-07,4.6002744445822794e-05,-6.536789593605818e-05,0.000219828430785064,0.13034028720522448,0.0043451495421473335,0.004346821557657893,3.270038762909211e-06,0.0007271412396089315,0.001792366609689662,0.0017905094912415525,0.00015468944739214168,6.536789593605818e-05,7760
core_N128_s4,moment9,4,128,3,0.1,73,99980,1.8574372030047615e-06,0.12341694698705598,0.003989818073026105,0.003987491626839965,2.3264461861405294e-06,0.0006516884449461516,-1.6226472266035658e-07,-1.8523915844414797e-07,4.324238685465026e-05,8.913473226955515e-05,0.000219828430785064,0.12811176512359054,0.0040200530883952035,0.004022091359112481,2.3264461861405294e-06,0.0006516884449461516,0.0018031079524808559,0.001801259340393759,0.00014816255384966594,8.913473226955515e-05,6740
core_N128_s4,moment9,4,128,3,1.0,73,99980,1.3145313074733468e-06,0.1135458140281679,0.0023141575608972703,0.0023123664046357795,1.791156261490845e-06,0.00036889755503248636,-1.0990353457814144e-07,-1.2443798849648148e-07,3.1253842481294634e-05,-2.0209116811595318e-05,0.000219828430785064,0.11939110056938158,0.002335586888504354,0.0023366893358407193,1.791156261490845e-06,0.00036889755503248636,0.0019369816572643876,0.0019354623899956822,0.00012111938779806516,2.0209116811595318e-05,3320
core_N128_s4,moment9,4,128,3,10.0,73,99980,8.263834606008136e-07,0.10230599044579962,0.0004499768032834861,0.00044825728650649266,1.719516776993446e-06,0.00018880401046850225,-7.480023679419251e-08,-8.370945331265942e-08,2.067114613677495e-05,-3.5811933890017578e-06,0.000219828430785064,0.11243010680593644,0.00046545774889948655,0.00046564249171612837,1.719516776993446e-06,0.00018880401046850225,0.001954375479886485,0.001953135734192074,0.00010095873609041107,3.5811933890017578e-06,600
core_N128_s4,moment9,4,128,3,100.0,73,99980,3.5430465398168756e-07,0.0729677258563862,3.659260972516121e-05,3.5302770797274174e-05,1.2898389278870326e-06,0.0001138049412999803,-4.702605639601424e-08,-5.177065969954834e-08,1.477507778206464e-05,1.0128192040603778e-06,0.000219828430785064,0.11159511203925086,4.8479291376121725e-05,4.849767084787182e-05,1.2898389278870326e-06,0.0001138049412999803,0.0020170378033317043,0.002015862606121811,0.0001019971304997969,1.0128192040603778e-06,80
core_N128_s4,sine,4,128,5,0.0001,73,99980,2.4732795175162135e-06,0.004108513559553441,-0.0037075092423099476,-0.0037016721680869363,5.837074223011274e-06,0.0006758909817610038,-1.2623619742862255e-05,-1.2603686678865023e-05,1.4754965358893096e-06,2.184061636023582e-05,1.7638128970949127e-05,0.005412257790813398,0.0037075092423099476,0.0037016721680869363,5.837074223011274e-06,0.0006758909817610038,0.00201192832100836,0.0020120643799065446,5.601869121069132e-06,2.184061636023582e-05,
core_N128_s4,sine,4,128,5,0.001,73,99980,2.4729739933051604e-06,0.00410896487871594,-0.0037033491551995007,-0.003697524063729668,5.825091469832677e-06,0.0006756938809744959,-1.2602855542312624e-05,-1.2582979576790452e-05,1.4750223645855286e-06,2.181455967119328e-05,1.7638128970949127e-05,0.005411749236003063,0.0037033491551995007,0.003697524063729668,5.825091469832677e-06,0.0006756938809744959,0.00201192832100836,0.0020120643799065446,5.598966474429752e-06,2.181455967119328e-05,
core_N128_s4,sine,4,128,5,0.01,73,99980,2.4699830732733858e-06,0.004113509923504853,-0.0036628636751067367,-0.0036571570354535093,5.7066396532273744e-06,0.0006737410194412506,-1.2397560894027016e-05,-1.237825106048697e-05,1.4702385336123902e-06,-9.389869581752364e-06,1.7638128970949127e-05,0.00541071020240349,0.0036628636751067367,0.0036571570354535093,5.7066396532273744e-06,0.0006737410194412506,0.00201192832100836,0.0020120643799065446,5.569948149418773e-06,1.4919891848486078e-05,
core_N128_s4,sine,4,128,5,0.1,73,99980,2.4458892322720484e-06,0.004160399013710746,-0.003343086655509253,-0.0033378139637721405,5.272691737112645e-06,0.0006559747645389298,-1.1901904664748516e-05,-1.1885243093691275e-05,1.4196823947490457e-06,-1.9141003523223676e-05,1.7638128970949127e-05,0.005378676182931609,0.003343086655509253,0.0033378139637721405,5.272691737112645e-06,0.0006559747645389298,0.00201192832100836,0.0020120643799065446,5.2808554426093975e-06,1.9141003523223676e-05,
core_N128_s4,sine,4,128,5,1.0,73,99980,2.444603109182472e-06,0.004467517176695607,-0.0017728640119162448,-0.0017708355528501252,2.0284590661195923e-06,0.0005774761904758081,-7.00298100379073e-06,-7.004799979193006e-06,1.0678331850895555e-06,-2.6936875289901296e-06,1.7638128970949127e-05,0.005206030881545939,0.0017728640119162448,0.0017708355528501252,2.2400673034134178e-06,0.0005774761904758081,0.00201192832100836,0.0020120643799065446,3.842735967271677e-06,7.118405447356646e-06,
core_N128_s4,sine,4,128,5,10.0,73,99980,4.4564494965468786e-06,0.007573694756668444,-0.0009557301291369252,-0.0009577743111080228,2.0441819710975695e-06,0.0006200976329729331,-1.157018023806717e-07,-1.5655406633347265e-07,1.3277216714899812e-06,-7.417660989522679e-06,1.7638128970949127e-05,0.007573694756668444,0.0009557301291369252,0.0009577743111080228,2.0441819710975695e-06,0.0006200976329729331,0.00201192832100836,0.0020120643799065446,2.663438248790055e-06,9.460189090107485e-06,
core_N128_s4,sine,4,128,5,100.0,73,99980,0.0003455456614496547,0.05295167125343939,0.006087753968639462,0.005993668785876677,9.408518276278477e-05,0.008503422724347466,0.00013980931408279747,0.00013571857298006983,0.00012026211207191992,-1.713041944853555e-05,0.0003455456614496547,0.05295167125343939,0.006087753968639462,0.005993668785876677,9.408518276278477e-05,0.008503422724347466,0.00201192832100836,0.0020120643799065446,0.00012026211207191992,1.713041944853555e-05,99980
core_N128_s4,runge,4,128,5,0.0001,73,99980,6.644476655598228e-05,0.021173347979628474,0.00668491168210722,0.006615066184350135,6.984549775708448e-05,0.004254646877463731,6.342607257177801e-05,6.238041928263274e-05,6.656013976547322e-05,1.4929443398217779e-05,6.644476655598228e-05,0.021173347979628474,0.00668491168210722,0.006615066184350135,6.984549775708448e-05,0.004254646877463731,0.0005237149134114306,0.0005237551820905241,6.656013976547322e-05,3.5125609306602135e-05,
core_N128_s4,runge,4,128,5,0.001,73,99980,6.653889867049607e-05,0.021193532184719335,0.006688455883885364,0.006618566885588206,6.988899829715733e-05,0.004257713729228316,6.346349230517323e-05,6.241663678117445e-05,6.665176205664986e-05,1.4878080654534553e-05,6.653889867049607e-05,0.021193532184719335,0.006688455883885364,0.006618566885588206,6.988899829715733e-05,0.004257713729228316,0.0005237149134114306,0.0005237551820905241,6.665176205664986e-05,3.511271786463266e-05,
core_N128_s4,runge,4,128,5,0.01,73,99980,6.748501068943897e-05,0.021395743725143603,0.00672366647523534,0.006653342289937109,7.03241852982317e-05,0.004288480633462063,6.38366733383267e-05,6.277777419923442e-05,6.757331418734229e-05,1.4376327709689218e-05,6.748501068943897e-05,0.021395743725143603,0.00672366647523534,0.006653342289937109,7.03241852982317e-05,0.004288480633462063,0.0005237149134114306,0.0005237551820905241,6.757331418734229e-05,3.498908941705625e-05,
core_N128_s4,runge,4,128,5,0.1,73,99980,7.745899809072307e-05,0.023460070760849782,0.0070563324558786805,0.006981611894114045,7.472056176463515e-05,0.004606776611542104,6.749513130983165e-05,6.631290217371045e-05,7.735436850437394e-05,5.3958108148496886e-05,7.745899809072307e-05,0.023460070760849782,0.0070563324558786805,0.006981611894114045,7.472056176463515e-05,0.004606776611542104,0.0005237149134114306,0.0005237551820905241,7.735436850437394e-05,5.3958108148496886e-05,
core_N128_s4,runge,4,128,5,1.0,73,99980,0.0002679756838077517,0.051753108611704915,0.009852444626776563,0.009718171104061452,0.0001342735227151115,0.009544766894074165,0.00010587481841507556,0.00010272824780243139,0.0002791620750214023,2.836853491092195e-05,0.0002679756838077517,0.051753108611704915,0.009852444626776563,0.009718171104061452,0.0001342735227151115,0.009544766894074165,0.0005237149134114306,0.0005237551820905241,0.0002791620750214023,9.348333967997002e-05,99980
core_N128_s4,runge,4,128,5,10.0,73,99980,0.003625288439909326,1.6145558314066253,0.021854179114800046,0.027124195637130435,0.00527001652233039,0.3208073304533035,1.0418100986606067e-05,7.816908157935482e-05,0.032873785111697446,0.0006153376847904679,0.009418909027147933,3.0018013206275405,0.021854179114800046,0.027124195637130435,0.00527001652233039,0.3208073304533035,0.0005237149134114306,0.0005237551820905241,0.032873785111697446,0.0006153376847904679,56660
core_N128_s4,runge,4,128,5,100.0,73,99980,0.002489503434307056,1.0657693484242363,0.015183418011985306,0.018960780334630126,0.00377736232264482,0.28716125395908343,-1.315091155797409e-06,-6.370658330823045e-06,0.02884855831750138,0.0022304953136190048,0.012819876035896832,9.4610309567338,0.01562829551613082,0.019383993168131095,0.003990900745929768,0.4025451860301311,0.0005237149134114306,0.0005237551820905241,0.02884855831750138,0.002259648455640556,24180
core_N128_s4,moment3,4,128,5,0.0001,73,99980,7.992377602481478e-06,0.005594493641674497,-0.0002531050054172951,-0.00022409903036538226,2.9005975051912825e-05,0.0020967617108000186,-5.813330298088578e-06,-5.724557788830334e-06,4.964136756218341e-06,-3.955088319437805e-05,2.4923764939093067e-05,0.008742689417489513,0.003998867424035574,0.004000801445295979,2.9005975051912825e-05,0.0020967617108000186,0.0017745389980991877,0.0017747338384580204,1.2650384876104837e-05,0.00023150405969633858,
core_N128_s4,moment3,4,128,5,0.001,73,99980,8.00324086462014e-06,0.0055983822474289105,-0.0002473326652765312,-0.00021840610477526223,2.892656050126896e-05,0.0020963380044199133,-5.708764779840569e-06,-5.6205928860700385e-06,4.9660101410660896e-06,-3.95841671297914e-05,2.4923764939093067e-05,0.008741761834136937,0.003996256873652598,0.0039981893365897275,2.892656050126896e-05,0.0020963380044199133,0.0017746452632221546,0.0017748401098804498,1.2641293403556504e-05,0.00023197214590614523,
core_N128_s4,moment3,4,128,5,0.01,73,99980,8.115332000640065e-06,0.00563847592297375,-0.00019131716284877254,-0.00016317639242761917,2.814077042115337e-05,0.0020923628767522233,-4.676228034112964e-06,-4.594063157956763e-06,4.984255028433444e-06,4.7756765764378484e-05,2.4923764939093067e-05,0.00873153493237161,0.003970019412544837,0.003971936543971946,2.814077042115337e-05,0.0020923628767522233,0.0017757064473547025,0.001775901356886565,1.255084700824766e-05,0.0002812077068966301,
core_N128_s4,moment3,4,128,5,0.1,73,99980,9.54015494890148e-06,0.006140686275858629,0.00030988958407363043,0.0003332825820915458,2.339299801791539e-05,0.0020763628877403066,5.734877289990819e-07,6.055378795018627e-07,5.123002895761305e-06,-7.810749073064449e-05,2.4923764939093067e-05,0.008658892713708923,0.0037002682381839652,0.0037020541866540496,2.339299801791539e-05,0.0020763628877403066,0.0017861722928448004,0.0017863678191336644,1.176271708282159e-05,0.00011719245544769552,
core_N128_s4,moment3,4,128,5,1.0,73,99980,3.2306770671229394e-05,0.011195168868960837,0.0015753104073232549,0.00156372256827432,1.15878390489349e-05,0.0027600329491363376,4.7791386568118584e-05,4.730300842661901e-05,7.427967161689995e-06,-7.322345913958472e-05,3.2306770671229394e-05,0.011195168868960837,0.002180850759490663,0.002181685994734048,1.15878390489349e-05,0.0027600329491363376,0.0019130850655406369,0.0019133001292439625,8.221027736356334e-06,7.322345913958472e-05,
core_N128_s4,moment3,4,128,5,10.0,73,99980,0.007986185988583888,1.4218803954555692,0.05285746865256678,0.08588594487696032,0.03302847622439353,1.229925093446544,0.00010419468413341036,0.0005378654500474776,0.0854685160853142,0.04073697591955841,0.08725960513985805,2.201757696681046,0.05285746865256678,0.08588594487696032,0.03302847622439353,1.2988552029765161,0.0025519394378807647,0.0019270494966076967,0.1387684312597405,0.04073697591955841,75260
core_N128_s4,moment3,4,128,5,100.0,73,99980,0.0009904299942525509,0.7708737165396629,0.030545756657605297,0.05859968078648657,0.028053924128881275,0.7838055080040036,2.8905398642557714e-05,1.711269808448835e-05,0.003585998356980442,0.03356654549207749,0.11226768784400074,4.9316014286124,0.030545756657605297,0.05859968078648657,0.028053924128881275,0.8438302281047283,0.004322167936582311,0.0028570790308192163,0.11597028766952384,0.03356654549207749,27860
core_N128_s4,moment5,4,128,5,0.0001,73,99980,3.3452904723822157e-06,0.18643508739806963,0.004417679237235003,0.004430156059165982,1.2476821930978987e-05,0.0006763642282619217,1.6875497617864875e-07,2.318783050096846e-07,2.755522457587658e-06,-3.443892577072172e-05,1.2435928270347135e-05,0.18643508739806963,0.004417679237235003,0.004430156059165982,1.2476821930978987e-05,0.0006763642282619217,0.0017912200859422644,0.0017913134384411721,6.7901369691745694e-06,3.443892577072172e-05,7760
core_N128_s4,moment5,4,128,5,0.001,73,99980,3.3433843981893305e-06,0.18642404303192744,0.004414324526455196,0.004426788776840357,1.2464250385160747e-05,0.0006759697391142425,1.686181818480635e-07,2.316790205567331e-07,2.752729827988839e-06,-3.441394981494594e-05,1.2435928270347135e-05,0.18642404303192744,0.004414324526455196,0.004426788776840357,1.2464250385160747e-05,0.0006759697391142425,0.0017913291351692286,0.0017914224862415626,6.785470264459672e-06,3.441394981494594e-05,7760
core_N128_s4,moment5,4,128,5,0.01,73,99980,3.3245988061609905e-06,0.18631744850335563,0.004380813879573134,0.0043931546944591116,1.2340814885977713e-05,0.0006720821806708275,1.672689318884023e-07,2.2971603251589974e-07,2.7252030457763016e-06,3.5148496732057e-05,1.2435928270347135e-05,0.18631744850335563,0.004380813879573134,0.0043931546944591116,1.2340814885977713e-05,0.0006720821806708275,0.0017924181422246627,0.0017925114789552694,6.739121509799374e-06,3.5148496732057e-05,6740
core_N128_s4,moment5,4,128,5,0.1,73,99980,3.1608880225957658e-06,0.1855714136806469,0.004052877661010909,0.004064177399166577,1.1299738155667871e-05,0.0006382297517351113,1.5541891998816989e-07,2.126769343651715e-07,2.4848407406627435e-06,-3.915409256251279e-05,1.2435928270347135e-05,0.1855714136806469,0.004052877661010909,0.004064177399166577,1.1299738155667871e-05,0.0006382297517351113,0.0018031604124343192,0.0018032535982585001,6.350742135783025e-06,3.915409256251279e-05,6740
core_N128_s4,moment5,4,128,5,1.0,73,99980,2.5113021476203515e-06,0.186777785623396,0.002360283172942859,0.002368745187182622,8.462014239762894e-06,0.0005040853205409708,1.2197050903572422e-07,1.6476767255036483e-07,1.5057866085535337e-06,1.3558634293434069e-05,1.2435928270347135e-05,0.186777785623396,0.002360283172942859,0.002368745187182622,8.462014239762894e-06,0.0005040853205409708,0.0019370663339293144,0.001937155356345041,4.678389825455917e-06,1.3558634293434069e-05,3320
core_N128_s4,moment5,4,128,5,10.0,73,99980,2.0904556966211923e-06,0.19411479354794714,0.00048349195727116767,0.0004898619325949954,6.36997532382777e-06,0.00041647484413826716,9.37707324585185e-08,1.2599462207048613e-07,8.536413777635534e-07,-2.2439419104236524e-06,1.2435928270347135e-05,0.19411479354794714,0.00048349195727116767,0.0004898619325949954,6.36997532382777e-06,0.00041647484413826716,0.00195446180652113,0.001954538355224074,3.411384127501354e-06,2.2439419104236524e-06,600
core_N128_s4,moment5,4,128,5,100.0,73,99980,2.0667436220429807e-06,0.22092371336977118,6.86373042114996e-05,7.479863864939817e-05,6.161334437898569e-06,0.00040570647182356804,1.1671218236923601e-07,1.4862901842653653e-07,2.342716330293132e-06,1.9686173578364885e-06,1.2435928270347135e-05,0.22092371336977118,6.86373042114996e-05,7.479863864939817e-05,6.161334437898569e-06,0.00040570647182356804,0.0020171207751201,0.002017193927815813,3.336520088509912e-06,1.9686173578364885e-06,60
core_N128_s4,moment9,4,128,5,0.0001,73,99980,1.1144287588925418e-07,0.0070397461256512354,0.004347600828515943,0.004347883631306448,2.828027905049657e-07,3.922808721339696e-05,-1.8459611862875526e-07,-1.8311834543738425e-07,2.4126259129353806e-06,-2.4754774850394012e-06,1.0725127757379235e-05,0.0072802388947643265,0.004381634580072999,0.004381637358967391,2.828027905049657e-07,3.922808721339696e-05,0.0017911686559650571,0.0017912462662065354,6.1220171546289255e-06,2.4754774850394012e-06,
core_N128_s4,moment9,4,128,5,0.001,73,99980,1.1133968897899656e-07,0.007036639897095347,0.004344320506679822,0.004344602557040028,2.820503602063429e-07,3.917710682932968e-05,-1.8435446100397956e-07,-1.8287903038189196e-07,2.4105230472713156e-06,-2.4719084714408535e-06,1.0725127757379235e-05,0.007277074274381657,0.004378315162707785,0.004378317628245282,2.820503602063429e-07,3.917710682932968e-05,0.0017912776958641313,0.001791355303481435,6.117779269021463e-06,2.4719084714408535e-06,
core_N128_s4,moment9,4,128,5,0.01,73,99980,1.103228682886775e-07,0.007006065714260161,0.004311540925102844,0.004311815647772166,2.747226693217142e-07,3.8676169617945896e-05,-1.819849266572126e-07,-1.805324480811552e-07,2.389804871055794e-06,2.8196331293001142e-06,1.0725127757379235e-05,0.007245889810306695,0.0043451495421473335,0.004345148983261354,2.747226693217142e-07,3.8676169617945896e-05,0.001792366609689662,0.0017924441909955423,6.075730300957402e-06,2.8196331293001142e-06,
core_N128_s4,moment9,4,128,5,0.1,73,99980,1.0146914292326399e-07,0.006742091637189187,0.003989818073026105,0.003990035447761775,2.1737473566985077e-07,3.44189881183669e-05,-1.6226472266035658e-07,-1.6100210602615597e-07,2.2095659096980702e-06,-3.7511260416733805e-06,1.0725127757379235e-05,0.006982171612340004,0.0040200530883952035,0.00402003086374618,2.1737473566985077e-07,3.44189881183669e-05,0.0018031079524808559,0.001803185263815635,5.731666503415572e-06,3.7511260416733805e-06,
core_N128_s4,moment9,4,128,5,1.0,73,99980,6.58533338848267e-08,0.005688240637488955,0.0023141575608972703,0.0023142906596243518,1.3309872708144876e-07,1.887623535701334e-05,-1.0990353457814144e-07,-1.0916566603946102e-07,1.4795798648645174e-06,7.620647526074276e-07,1.0725127757379235e-05,0.005958300580888007,0.002335586888504354,0.0023355733615910423,1.3309872708144876e-07,1.887623535701334e-05,0.0019369816572643876,0.0019370503456052433,4.284528796505007e-06,7.620647526074276e-07,
core_N128_s4,moment9,4,128,5,10.0,73,99980,3.891968001804216e-08,0.00481824310615381,0.0004499768032834861,0.0004500640950226287,8.729173914256982e-08,9.035426750218819e-06,-7.480023679419251e-08,-7.438195339939962e-08,9.254741279254571e-07,1.1660582155403887e-07,1.0725127757379235e-05,0.005195233294942052,0.00046545774889948655,0.00046545645130094404,8.729173914256982e-08,9.035426750218819e-06,0.001954375479886485,0.001954431964863656,3.1970207578788025e-06,1.1660582155403887e-07,
core_N128_s4,moment9,4,128,5,100.0,73,99980,1.9686535985290833e-08,0.00405436887349165,3.659260972516121e-05,3.6655696675033655e-05,6.308694987244845e-08,5.65563547788514e-06,-4.702605639601424e-08,-4.6781400252300426e-08,7.153786080693509e-07,-1.8123071640618882e-08,1.0725127757379235e-05,0.005083117019404106,4.8479291376121725e-05,4.8479212005403394e-05,6.308694987244845e-08,5.65563547788514e-06,0.0020170378033317043,0.0020170914501210775,3.165275564834687e-06,1.8654904149206786e-08,
core_N128_s4,sine,4,128,7,0.0001,73,99980,1.186334632725009e-07,0.00019706919053020456,-0.0037075092423099476,-0.0037078164550195525,3.07212709604876e-07,3.5523454740695896e-05,-1.2623619742862255e-05,-1.2624654546697455e-05,6.403150683297835e-08,-9.844508398887397e-07,7.90608568495446e-07,0.00030187817627977897,0.0037075092423099476,0.0037078164550195525,3.07212709604876e-07,3.5523454740695896e-05,0.00201192832100836,0.0020119231131393127,2.49950779486115e-07,9.844508398887397e-07,
core_N128_s4,sine,4,128,7,0.001,73,99980,1.1859121924479519e-07,0.00019704499769109985,-0.0037033491551995007,-0.0037036558076898457,3.066524903450052e-07,3.5504348059540314e-05,-1.2602855542312624e-05,-1.2603887852248223e-05,6.400025266856098e-08,-9.833776071915823e-07,7.90608568495446e-07,0.000301807441530519,0.0037033491551995007,0.0037036558076898457,3.066524903450052e-07,3.5504348059540314e-05,0.00201192832100836,0.0020119231131393127,2.4976090413922557e-07,9.833776071915823e-07,
core_N128_s4,sine,4,128,7,0.01,73,99980,1.1817621473919292e-07,0.00019681067344630554,-0.0036628636751067367,-0.003663164790941087,3.011158343502185e-07,3.53155486786002e-05,-1.2397560894027016e-05,-1.2398568475112075e-05,6.368727238169834e-08,5.36604120776607e-07,7.90608568495446e-07,0.0003010741558542453,0.0036628636751067367,0.003663164790941087,3.011158343502185e-07,3.53155486786002e-05,0.00201192832100836,0.0020119231131393127,2.478665737754449e-07,5.36604120776607e-07,
core_N128_s4,sine,4,128,7,0.1,73,99980,1.1468562395412767e-07,0.0001950775000314829,-0.003343086655509253,-0.0033433631569115274,2.7650140227430953e-07,3.3635962108503115e-05,-1.1901904664748516e-05,-1.190278022840613e-05,6.056349899960675e-08,8.141651338527955e-07,7.90608568495446e-07,0.00029320289584016095,0.003343086655509253,0.0033433631569115274,2.7650140227430953e-07,3.3635962108503115e-05,0.00201192832100836,0.0020119231131393127,2.3183376459982419e-07,8.141651338527955e-07,
core_N128_s4,sine,4,128,7,1.0,73,99980,1.0666281757371666e-07,0.0001949265170429596,-0.0017728640119162448,-0.0017729759979364518,1.119860202070111e-07,2.6789180959450777e-05,-7.00298100379073e-06,-7.0029885174074934e-06,4.13697946433327e-08,1.8610268735785862e-07,7.90608568495446e-07,0.00025603455739185065,0.0017728640119162448,0.0017729759979364518,1.1750928614884248e-07,2.6789180959450777e-05,0.00201192832100836,0.0020119231131393127,1.5214404497786708e-07,3.1027012314943647e-07,
core_N128_s4,sine,4,128,7,10.0,73,99980,1.946134275583652e-07,0.00033074372255719776,-0.0009557301291369252,-0.0009556510798974099,7.904923951529419e-08,2.706850115480115e-05,-1.157018023806717e-07,-1.1401269340348654e-07,5.565952358051288e-08,4.415858926715144e-07,7.90608568495446e-07,0.00033074372255719776,0.0009557301291369252,0.0009556510798974099,7.904923951529419e-08,2.706850115480115e-05,0.00201192832100836,0.0020119231131393127,9.092325841461804e-08,4.415858926715144e-07,
core_N128_s4,sine,4,128,7,100.0,73,99980,1.6249444241825136e-05,0.002490076784452934,0.006087753968639462,0.006091723719057016,3.9697504175539855e-06,0.00038413801391296227,0.00013980931408279747,0.0001399894951593371,6.0045880172331e-06,8.020845135292554e-07,1.6249444241825136e-05,0.002490076784452934,0.006087753968639462,0.006091723719057016,3.9697504175539855e-06,0.00038413801391296227,0.00201192832100836,0.0020119231131393127,6.0045880172331e-06,8.020845135292554e-07,
core_N128_s4,runge,4,128,7,0.0001,73,99980,7.525643754199452e-06,0.0023981282836493963,0.00668491168210722,0.00669020123829403,5.2895561868104846e-06,0.0003679351516119854,6.342607257177801e-05,6.352748513344077e-05,5.768495415321252e-06,-1.0574147557562696e-07,7.525643754199452e-06,0.0023981282836493963,0.00668491168210722,0.00669020123829403,5.2895561868104846e-06,0.0003679351516119854,0.0005237149134114306,0.0005237134231496594,5.768495415321252e-06,7.048259229452958e-07,
core_N128_s4,runge,4,128,7,0.001,73,99980,7.538322717875375e-06,0.0024010569506304935,0.006688455883885364,0.006693749318155889,5.293434270525754e-06,0.00036827062850741486,6.346349230517323e-05,6.356504095189073e-05,5.777713156907689e-06,-1.019235101734628e-07,7.538322717875375e-06,0.0024010569506304935,0.006688455883885364,0.006693749318155889,5.293434270525754e-06,0.00036827062850741486,0.0005237149134114306,0.0005237134231496594,5.777713156907689e-06,7.039315830792425e-07,
core_N128_s4,runge,4,128,7,0.01,73,99980,7.665977274993808e-06,0.0024304550522092506,0.00672366647523534,0.006728998783992163,5.332308756822446e-06,0.0003716406154068084,6.38366733383267e-05,6.393958817395416e-05,5.8705592907668245e-06,-6.449389655660553e-08,7.665977274993808e-06,0.0024304550522092506,0.00672366647523534,0.006728998783992163,5.332308756822446e-06,0.0003716406154068084,0.0005237149134114306,0.0005237134231496594,5.8705592907668245e-06,6.953336611215111e-07,
core_N128_s4,runge,4,128,7,0.1,73,99980,9.03577626796804e-06,0.0027366730250946185,0.0070563324558786805,0.007062065096817061,5.732640938380107e-06,0.00040698378684085514,6.749513130983165e-05,6.761233405500812e-05,6.870893541196107e-06,-8.63353945931844e-07,9.03577626796804e-06,0.0027366730250946185,0.0070563324558786805,0.007062065096817061,5.732640938380107e-06,0.00040698378684085514,0.0005237149134114306,0.0005237134231496594,6.870893541196107e-06,1.7538469114786182e-06,
core_N128_s4,runge,4,128,7,1.0,73,99980,4.202113078217225e-05,0.008115378658447926,0.009852444626776563,0.0098647481385397,1.2303511763137043e-05,0.001061009447819042,0.00010587481841507556,0.00010628181275653955,3.2424257965009685e-05,-2.167068897662716e-06,4.202113078217225e-05,0.008115378658447926,0.009852444626776563,0.0098647481385397,1.2303511763137043e-05,0.001061009447819042,0.0005237149134114306,0.0005237134231496594,3.2424257965009685e-05,4.3531473427615985e-06,
core_N128_s4,runge,4,128,7,10.0,73,99980,0.0014059397058455668,0.6261482881444465,0.021854179114800046,0.020978879307065615,0.0008752998077344309,0.10672776583331725,1.0418100986606067e-05,1.3505397862037653e-05,0.005444516677394056,-6.045951376973391e-05,0.002284130917002361,0.6909368269794192,0.021854179114800046,0.020978879307065615,0.0008752998077344309,0.10672776583331725,0.0005237149134114306,0.0005237134231496594,0.005874069790504678,0.00014148789667148276,75260
core_N128_s4,runge,4,128,7,100.0,73,99980,0.0024182790511258464,1.0352778201102435,0.015183418011985306,0.016987550780430447,0.0018041327684451408,0.28953616228247625,-1.315091155797409e-06,7.899038127439643e-06,0.0034792045503153784,0.0001281368236039082,0.0024182790511258464,1.3458514926136182,0.01562829551613082,0.016987550780430447,0.0018041327684451408,0.28953616228247625,0.0005237149134114306,0.0005237134231496594,0.0034792045503153784,0.0001281368236039082,32120
core_N128_s4,moment3,4,128,7,0.0001,73,99980,4.0113263317780827e-07,0.0002807842768946048,-0.0002531050054172951,-0.0002549473448860001,1.8423394687050454e-06,0.00012343496897953144,-5.813330298088578e-06,-5.819040312406743e-06,2.3418508873301205e-07,2.7038333707957163e-06,1.3673378737696451e-06,0.0005930442049546894,0.003998867424035574,0.003998743330419635,1.8423394687050454e-06,0.00012343496897953144,0.0017745389980991877,0.0017745294913341571,6.726400793132173e-07,1.4808534962579278e-05,
core_N128_s4,moment3,4,128,7,0.001,73,99980,4.0160925756664504e-07,0.00028093145964199655,-0.0002473326652765312,-0.00024917045711242425,1.8377918358930545e-06,0.00012337637631539656,-5.708764779840569e-06,-5.714444011015681e-06,2.3418730361854646e-07,2.704321346122529e-06,1.3666481012193704e-06,0.0005928621299036772,0.003996256873652598,0.0039961328846445515,1.8377918358930545e-06,0.00012337637631539656,0.0017746452632221546,0.0017746357561050175,6.719795336014176e-07,1.4844861902493789e-05,
core_N128_s4,moment3,4,128,7,0.01,73,99980,4.066158793975478e-07,0.00028251386951279924,-0.00019131716284877254,-0.0001931099579067369,1.7927950579643692e-06,0.0001228112153679539,-4.676228034112964e-06,-4.6815988077297415e-06,2.3423450963422606e-07,-2.451194425420744e-06,1.3598293248018903e-06,0.0005909935906233839,0.003970019412544837,0.003969896453442742,1.7927950579643692e-06,0.0001228112153679539,0.0017757064473547025,0.001775696936721657,6.65435115491928e-07,1.8183687762629575e-05,
core_N128_s4,moment3,4,128,7,0.1,73,99980,4.800085894631318e-07,0.0003089658578291663,0.00030988958407363043,0.0003083883352693051,1.5012488043253391e-06,0.00011907537090385564,5.734877289990819e-07,5.708576207976661e-07,2.3644514587275326e-07,3.846060535370177e-06,1.3145030666156161e-06,0.0005776258499989198,0.0037002682381839652,0.0037001541558457918,1.5012488043253391e-06,0.00011907537090385564,0.0017861722928448004,0.0017861627475623527,6.074582052978114e-07,5.912155752491044e-06,
core_N128_s4,moment3,4,128,7,1.0,73,99980,2.0381090299155944e-06,0.0007062598424168268,0.0015753104073232549,0.0015759072937614332,5.968864381783456e-07,0.00016154814508430735,4.7791386568118584e-05,4.781888310043081e-05,3.886209159995301e-07,3.5250800966557527e-06,2.0381090299155944e-06,0.0007062598424168268,0.002180850759490663,0.002180800929604154,6.131787282093182e-07,0.00016154814508430735,0.0019130850655406369,0.00191307413743529,3.886209159995301e-07,3.5250800966557527e-06,
core_N128_s4,moment3,4,128,7,10.0,73,99980,0.0035652456450512337,0.6347651926624605,0.05285746865256678,0.032915829772230495,0.019941638880336288,0.4696592823599508,0.00010419468413341036,0.0001542166842653591,0.039627487186315744,-0.018803167514552105,0.09463802896468837,1.0310472979113041,0.05285746865256678,0.032915829772230495,0.02158418163922693,0.5808157795115311,0.0025519394378807647,0.0019268316963431786,0.11438934659679682,0.018803167514552105,75260
core_N128_s4,moment3,4,128,7,100.0,73,99980,0.0009153430846050586,0.7124319029442229,0.030545756657605297,0.023947223368510642,0.006598533289094655,0.12982495734611507,2.8905398642557714e-05,1.3125744380736535e-05,0.01575508436947839,-0.009054401153961833,0.11595412073466162,0.7124319029442229,0.030545756657605297,0.023947223368510642,0.006598533289094655,0.1679641798865892,0.004322167936582311,0.005494514655288341,0.0265432831087183,0.009054401153961833,27860
core_N128_s4,moment5,4,128,7,0.0001,73,99980,3.711516188100428e-07,0.020684507089009343,0.004417679237235003,0.004416469125269731,1.2101119652718761e-06,7.44261127178267e-05,1.6875497617864875e-07,1.6267041831469455e-07,1.9167270921221077e-07,3.340802522483477e-06,6.775982384012333e-07,0.020684507089009343,0.004417679237235003,0.004416469125269731,1.2101119652718761e-06,7.44261127178267e-05,0.0017912200859422644,0.0017912153482212037,3.3150401467722865e-07,3.340802522483477e-06,
core_N128_s4,moment5,4,128,7,0.001,73,99980,3.7089024515812845e-07,0.020680499394842726,0.004414324526455196,0.004413115717362068,1.2088090931283713e-06,7.437359104734946e-05,1.686181818480635e-07,1.6254013935868648e-07,1.9145412320766012e-07,3.3373990018237265e-06,6.775982384012333e-07,0.020680499394842726,0.004414324526455196,0.004413115717362068,1.2088090931283713e-06,7.437359104734946e-05,0.0017913291351692286,0.0017913243974371543,3.31209935120996e-07,3.3373990018237265e-06,
core_N128_s4,moment5,4,128,7,0.01,73,99980,3.6831631395696197e-07,0.020641214131296597,0.004380813879573134,0.00437961785797536,1.1960215977740996e-06,7.385635491087359e-05,1.672689318884023e-07,1.6125484083521734e-07,1.8930323908449792e-07,-3.117209723124681e-06,6.775982384012333e-07,0.020641214131296597,0.004380813879573134,0.00437961785797536,1.1960215977740996e-06,7.385635491087359e-05,0.0017924181422246627,0.0017924134043857017,3.282909934878048e-07,3.117209723124681e-06,
core_N128_s4,moment5,4,128,7,0.1,73,99980,3.460290622981793e-07,0.02031489309530461,0.004052877661010909,0.004051789183307064,1.0884777038450144e-06,6.937626331515693e-05,1.5541891998816989e-07,1.4994299634941585e-07,1.7080723506369651e-07,3.5930890097957136e-06,6.775982384012333e-07,0.02031489309530461,0.004052877661010909,0.004051789183307064,1.0884777038450144e-06,6.937626331515693e-05,0.0018031604124343192,0.0018031556738458496,3.0329186968701896e-07,3.5930890097957136e-06,
core_N128_s4,moment5,4,128,7,1.0,73,99980,2.590933192465937e-07,0.019270033470305547,0.002360283172942859,0.0023595057781505835,7.773947922756763e-07,5.186689793750434e-05,1.2197050903572422e-07,1.1806126728166088e-07,1.0122760058936951e-07,-1.1299645684414994e-06,6.775982384012333e-07,0.019270033470305547,0.002360283172942859,0.0023595057781505835,7.773947922756763e-07,5.186689793750434e-05,0.0019370663339293144,0.0019370613985049635,2.008246762898845e-07,1.1299645684414994e-06,
core_N128_s4,moment5,4,128,7,10.0,73,99980,2.0346488979192596e-07,0.018893270562993635,0.00048349195727116767,0.0004829398009535829,5.521563175847621e-07,4.0597205420194755e-05,9.37707324585185e-08,9.09926678629151e-08,7.666463263439902e-08,1.932327073767004e-07,6.775982384012333e-07,0.018893270562993635,0.00048349195727116767,0.0004829398009535829,5.521563175847621e-07,4.0597205420194755e-05,0.00195446180652113,0.001954457523011291,1.2728834937068607e-07,1.932327073767004e-07,
core_N128_s4,moment5,4,128,7,100.0,73,99980,1.9716441295564376e-07,0.02107580920534032,6.86373042114996e-05,6.811948948169666e-05,5.178147298029456e-07,3.898284244198092e-05,1.1671218236923601e-07,1.1408388885284584e-07,2.568954281006456e-07,-2.197339490500605e-07,6.775982384012333e-07,0.02107580920534032,6.86373042114996e-05,6.811948948169666e-05,5.178147298029456e-07,3.898284244198092e-05,0.0020171207751201,0.0020171166786100824,2.568954281006456e-07,2.197339490500605e-07,
core_N128_s4,moment9,4,128,7,0.0001,73,99980,6.547522140686728e-09,0.000413601078173177,0.004347600828515943,0.004347580607147392,2.0221368551842644e-08,2.1956468920001623e-06,-1.8459611862875526e-07,-1.8468778490748278e-07,1.2184071976294034e-07,1.2120423219241783e-07,5.100226143756063e-07,0.000428465296977735,0.004381634580072999,0.004381631721770821,2.0221368551842644e-08,2.1956468920001623e-06,0.0017911686559650571,0.0017911653650311287,2.623806477127718e-07,1.2120423219241783e-07,
core_N128_s4,moment9,4,128,7,0.001,73,99980,6.540032486683608e-09,0.0004133283822337503,0.004344320506679822,0.004344300332799714,2.017388010810972e-08,2.1925408038105073e-06,-1.8435446100397956e-07,-1.8444596967051412e-07,1.2171128295196078e-07,1.2100087208588572e-07,5.100226143756063e-07,0.00042818403850957093,0.004378315162707785,0.004378312322247974,2.017388010810972e-08,2.1925408038105073e-06,0.0017912776958641313,0.0017912744050131793,2.621533031532529e-07,1.2100087208588572e-07,
core_N128_s4,moment9,4,128,7,0.01,73,99980,6.466369325118371e-09,0.00041064748521503947,0.004311540925102844,0.0043115212142178505,1.9710884993640043e-08,2.1620478515673713e-06,-1.819849266572126e-07,-1.8207489225100223e-07,1.2043802156409428e-07,-1.3097229603631355e-07,5.100226143756063e-07,0.00042542040732627533,0.0043451495421473335,0.004345146874359218,1.9710884993640043e-08,2.1620478515673713e-06,0.001792366609689662,0.0017923633196712037,2.5989850184829514e-07,1.3097229603631355e-07,
core_N128_s4,moment9,4,128,7,0.1,73,99980,5.835601500899797e-09,0.00038774507149369735,0.003989818073026105,0.003989802028349199,1.604467690652367e-08,1.904964468176618e-06,-1.6226472266035658e-07,-1.6234199394332772e-07,1.0951081350485387e-07,1.7129510729296804e-07,5.100226143756063e-07,0.00040213849237183565,0.0040200530883952035,0.004020051694611351,1.604467690652367e-08,1.904964468176618e-06,0.0018031079524808559,0.001803104671057109,2.4115820133113436e-07,1.7129510729296804e-07,
core_N128_s4,moment9,4,128,7,1.0,73,99980,3.487650579985346e-09,0.0003012542355582332,0.0023141575608972703,0.002314148872153615,8.688743655116404e-09,1.0001963502208923e-06,-1.0990353457814144e-07,-1.0994524610430826e-07,6.779160703207454e-08,-3.1570916533829596e-08,5.100226143756063e-07,0.0003153143025339871,0.002335586888504354,0.0023355864748036276,8.688743655116404e-09,1.0001963502208923e-06,0.0019369816572643876,0.0019369785636000351,1.65240628627873e-07,3.1570916533829596e-08,
core_N128_s4,moment9,4,128,7,10.0,73,99980,1.9569043942304834e-09,0.00024226409627551302,0.0004499768032834861,0.00044997224123630164,4.562047184464291e-09,4.561805226173883e-07,-7.480023679419251e-08,-7.482140967361046e-08,3.9220659858323464e-08,-4.1244517523519875e-09,5.100226143756063e-07,0.0002573403742503497,0.00046545774889948655,0.00046545764187092,4.562047184464291e-09,4.561805226173883e-07,0.001954375479886485,0.001954372966680136,1.1079347704310515e-07,4.1244517523519875e-09,
core_N128_s4,moment9,4,128,7,100.0,73,99980,1.125207805127658e-09,0.0002317323629067107,3.659260972516121e-05,3.658938166800629e-05,3.2280571549136994e-09,2.970361976438873e-07,-4.702605639601424e-08,-4.7039131967809536e-08,3.080480034776665e-08,1.6687876081000752e-10,5.100226143756063e-07,0.0002492008337564172,4.8479291376121725e-05,4.847927794279783e-05,3.2280571549136994e-09,2.970361976438873e-07,0.0020170378033317043,0.002017035420408414,1.0660582707934294e-07,3.3945093957932215e-10,
